rate_total,seed,gap_next,cens_1.25_base,cens_1.25_b2,cens_1.25,censW_1.25,d_frac_1.25,cens_1.5_base,cens_1.5_b2,cens_1.5,censW_1.5,d_frac_1.5
6.0,0,3.499999999999801,False,False,False,True,0.0,False,False,False,True,0.0
6.0,0,3.1999999999998465,False,False,False,True,0.0,False,False,False,True,0.0
6.0,0,1.3000000000003524,True,True,True,True,0.0,True,True,True,True,0.0
6.0,0,1.3000000000004093,True,True,True,True,0.07692307692307687,True,True,True,True,0.0
6.0,0,2.6999999999998323,True,False,True,True,0.0,False,False,False,True,0.0
6.0,0,1.3999999999999204,True,True,True,True,0.1785714285714286,True,True,True,True,0.0
6.0,0,1.1999999999999602,True,True,True,True,0.0,True,True,True,True,-0.08333333333333337
6.0,0,2.700000000000287,True,False,True,True,0.0,False,False,False,True,0.0
6.0,0,1.299999999999912,True,False,True,True,0.4230769230769231,False,False,False,False,0.0
6.0,0,7.999999999999986,False,False,False,True,0.0,False,False,False,True,0.033333333333333326
6.0,0,1.899999999999892,True,True,True,True,0.0,False,False,False,True,-0.06666666666666665
6.0,0,6.100000000000108,False,False,False,True,0.0,False,False,False,True,0.033333333333333326
6.0,0,0.9999999999999432,True,True,True,True,0.0,True,True,True,True,0.0
6.0,1,8.0,False,False,False,True,0.0,False,False,False,True,0.0
6.0,1,2.10000000000003,True,True,True,True,0.0,False,False,False,True,0.0
6.0,1,4.4000000000000625,False,False,False,True,0.0,False,False,False,True,0.0
6.0,1,1.4999999999999076,True,True,True,True,0.0,True,True,True,True,0.0
6.0,1,1.8999999999999133,True,True,True,True,0.0,False,False,False,True,0.0
6.0,1,3.2000000000000313,True,False,True,True,0.0,False,False,False,True,0.0
6.0,1,4.799999999999969,False,False,False,True,0.06666666666666665,False,False,False,True,0.0
6.0,1,4.799999999999486,False,False,False,True,0.0,False,False,False,True,0.0
6.0,1,3.2000000000005144,True,False,True,True,0.0,False,False,False,True,0.0
6.0,1,0.20000000000011653,True,False,True,True,0.41666666666666663,False,False,False,True,0.0
6.0,1,3.5000000000002416,True,False,True,True,0.033333333333333326,False,False,False,True,0.0
6.0,1,8.0,False,False,False,True,0.0,False,False,False,True,0.0
6.0,1,7.9999999999995595,False,False,False,True,0.0,False,False,False,True,0.0
6.0,1,8.0,False,False,False,True,0.0,False,False,False,True,0.0
6.0,1,8.000000000000028,False,False,False,True,0.0,False,False,False,True,0.0
6.0,1,1.7999999999998977,True,True,True,True,0.0,False,False,False,True,0.0
6.0,1,inf,False,False,False,True,0.0,False,False,False,True,0.0
6.0,2,1.6000000000000227,True,True,True,True,0.0,True,True,True,True,0.0
6.0,2,6.399999999999977,False,False,False,True,0.0,False,False,False,True,0.06666666666666665
6.0,2,1.2999999999998124,True,True,True,True,0.0,True,True,True,True,0.0
6.0,2,3.3999999999999204,True,False,True,True,0.0,False,False,False,True,0.0
6.0,2,3.300000000000267,False,False,False,True,0.16666666666666663,False,False,False,True,-0.033333333333333326
6.0,2,6.199999999999633,False,False,False,True,0.0,False,False,False,True,0.0
6.0,2,1.8000000000003666,True,True,True,True,0.0,False,False,False,True,0.0
6.0,2,2.5000000000003126,True,False,True,True,0.0,True,False,True,True,0.0
6.0,2,3.8999999999997783,True,False,True,True,0.16666666666666663,False,False,False,True,0.0
6.0,2,3.5000000000006963,False,False,False,True,0.16666666666666663,False,False,False,True,0.0
6.0,2,8.0,False,False,False,True,0.0,False,False,False,True,0.0
6.0,2,inf,False,False,False,True,0.0,False,False,False,True,0.0
6.0,3,1.8000000000000256,True,True,True,True,0.0,False,False,False,True,0.033333333333333326
6.0,3,6.199999999999974,False,False,False,True,0.0,False,False,False,True,0.0
6.0,3,0.8999999999998991,True,True,True,True,0.0,True,True,True,True,0.0
6.0,3,3.200000000000159,False,False,False,True,0.0,False,False,False,True,0.0
6.0,3,4.799999999999841,False,False,False,True,0.0,False,False,False,True,0.0
6.0,3,3.199999999999932,True,False,True,True,0.0,False,False,False,True,0.0
6.0,3,3.499999999999801,True,False,True,True,0.0,False,False,False,True,0.0
6.0,3,4.500000000000199,False,False,False,True,0.16666666666666663,False,False,False,True,-0.033333333333333326
6.0,3,8.0,False,False,False,True,0.0,False,False,False,True,0.0
6.0,3,1.2000000000000455,True,True,True,True,0.0,True,True,True,True,0.0
6.0,3,6.599999999999639,False,False,False,True,0.0,False,False,False,True,0.0
6.0,3,0.20000000000031548,False,False,False,True,0.0,False,False,False,True,0.0
6.0,3,2.399999999999878,False,False,False,True,0.0,False,False,False,True,0.0
6.0,3,3.9000000000002473,False,False,False,True,0.0,False,False,False,True,0.0
6.0,3,1.100000000000378,True,True,True,True,0.0,True,True,True,True,0.0
6.0,3,8.000000000000014,False,False,False,True,0.0,False,False,False,True,0.0
6.0,3,7.899999999999977,False,False,False,True,0.0,False,False,False,True,0.0
6.0,3,1.6999999999997897,True,True,True,True,0.0,True,False,True,True,0.0
6.0,3,inf,False,False,False,True,0.0,False,False,False,True,-0.06666666666666665
6.0,4,8.0,False,False,False,True,0.0,False,False,False,True,0.0
6.0,4,8.0,False,False,False,True,0.0,False,False,False,True,0.0
6.0,4,5.499999999999744,False,False,False,True,0.0,False,False,False,True,0.0
6.0,4,2.2999999999998693,True,True,True,True,0.0,False,False,False,True,0.0
6.0,4,0.20000000000038654,True,False,True,True,0.25,False,False,False,True,0.0
6.0,4,4.800000000000182,True,False,True,True,0.0,True,False,True,True,0.0
6.0,4,8.000000000000014,False,False,False,True,0.0,False,False,False,False,-0.20000000000000007
6.0,4,8.0,False,False,False,True,0.0,False,False,False,True,0.0
6.0,4,1.199999999999946,True,True,True,True,0.0,True,True,True,True,0.0
6.0,4,6.599999999999625,False,False,False,True,0.0,False,False,False,True,0.0
6.0,4,0.20000000000042917,False,False,False,True,0.0,False,False,False,True,0.0
6.0,4,3.099999999999824,True,False,True,True,0.0,False,False,False,True,0.0
6.0,4,0.49999999999954525,True,True,True,True,0.33333333333333326,True,True,True,True,0.0
6.0,4,4.400000000000631,True,False,True,True,0.0,False,False,False,True,0.0
6.0,4,0.3000000000004377,True,True,True,True,0.0,True,True,True,True,0.0
6.0,4,inf,True,True,True,True,0.0,False,False,False,True,0.0
6.0,5,8.000000000000004,False,False,False,True,0.0,False,False,False,True,0.0
6.0,5,5.299999999999699,False,False,False,True,0.0,False,False,False,True,0.0
6.0,5,2.7000000000003013,True,False,True,True,0.0,False,False,False,True,0.0
6.0,5,2.000000000000341,True,True,True,True,0.0,False,False,False,True,0.0
6.0,5,0.9000000000004036,True,True,True,True,0.0,True,True,True,True,0.0
6.0,5,8.0,False,False,False,True,0.0,False,False,False,True,0.0
6.0,5,2.199999999999875,True,True,True,True,0.0,False,False,False,True,0.0
6.0,5,1.6999999999999034,True,True,True,True,0.09999999999999998,True,False,True,True,0.0
6.0,5,4.100000000000222,False,False,False,True,0.0,False,False,False,True,0.033333333333333326
6.0,5,inf,False,False,False,True,0.0,False,False,False,True,0.0
6.0,6,8.0,False,False,False,True,0.0,False,False,False,True,0.0
6.0,6,8.0,False,False,False,True,0.0,False,False,False,True,0.0
6.0,6,3.799999999999784,False,False,False,True,0.0,False,False,False,True,0.0
6.0,6,4.200000000000216,True,False,True,True,0.0,False,False,False,True,0.0
6.0,6,1.1999999999999034,True,True,True,True,0.0,True,True,True,True,0.0
6.0,6,6.800000000000097,False,False,False,True,0.0,False,False,False,True,0.0
6.0,6,8.0,False,False,False,True,0.0,False,False,False,True,0.0
6.0,6,4.899999999999267,False,False,False,True,0.0,False,False,False,True,0.0
6.0,6,2.8999999999997215,False,False,False,True,0.0,False,False,False,True,0.0
6.0,6,0.2000000000010118,False,False,False,True,0.0,False,False,False,True,0.0
6.0,7,3.9000000000000554,False,False,False,True,0.0,False,False,False,True,0.0
6.0,7,4.099999999999945,False,False,False,True,0.0,False,False,False,True,0.0
6.0,7,4.4000000000000625,False,False,False,True,0.0,False,False,False,True,0.0
6.0,7,3.5999999999999375,True,False,True,True,0.0,False,False,False,True,0.0
6.0,7,0.7999999999998408,True,True,True,True,0.0,True,True,True,True,0.0
6.0,7,7.200000000000159,False,False,False,True,0.0,False,False,False,True,0.0
6.0,7,1.7999999999998977,True,True,True,True,0.0,True,True,True,True,0.0
6.0,7,2.6999999999998465,False,False,False,True,0.0,False,False,False,True,0.033333333333333326
6.0,7,3.500000000000256,True,False,True,True,0.0,False,False,False,True,0.0
6.0,7,8.0,False,False,False,True,0.0,False,False,False,True,0.0
6.0,7,inf,False,False,False,True,0.0,False,False,False,True,0.0
12.0,0,8.0,False,False,False,True,0.0,False,False,False,True,0.0
12.0,0,5.09999999999971,False,False,False,True,0.0,False,False,False,True,0.0
12.0,0,2.90000000000029,False,False,False,True,0.0,False,False,False,True,0.0
12.0,0,3.099999999999824,False,False,False,True,0.0,False,False,False,False,-0.06666666666666676
12.0,0,1.3000000000003524,True,True,True,True,0.0,True,True,True,True,0.0
12.0,0,1.2000000000003865,True,True,True,True,0.0,True,True,True,True,0.0
12.0,0,2.6999999999998323,True,False,True,True,0.0,False,False,False,True,0.0
12.0,0,1.3999999999999204,True,True,True,True,0.1785714285714286,True,True,True,True,0.0
12.0,0,3.9000000000002473,True,False,True,True,0.0,False,False,False,True,-0.06666666666666665
12.0,0,1.299999999999912,False,False,False,False,0.0,False,False,False,False,0.0
12.0,0,5.500000000000682,False,False,False,True,0.0,False,False,False,True,0.13333333333333341
12.0,0,1.6000000000002785,True,False,True,True,0.06666666666666665,False,False,False,True,0.6333333333333333
12.0,0,6.100000000000108,False,False,False,True,0.0,False,False,False,True,0.0
12.0,0,0.8999999999999488,True,True,True,True,0.0,True,True,True,True,0.0
12.0,0,0.9999999999999432,True,True,True,True,0.0,True,True,True,True,0.0
12.0,0,5.500000000000568,False,False,False,False,-0.033333333333333326,False,False,False,False,0.19999999999999998
12.0,1,0.40000000000000924,True,True,True,True,0.0,True,True,True,True,0.0
12.0,1,0.40000000000000213,True,True,True,True,0.0,True,True,True,True,0.0
12.0,1,3.2000000000000455,False,False,False,True,0.0,False,False,False,False,0.0
12.0,1,3.999999999999943,True,False,True,True,0.0,False,False,False,True,0.0
12.0,1,1.799999999999912,True,True,True,True,0.0,True,True,True,True,0.0
12.0,1,1.900000000000027,True,True,True,True,0.033333333333333326,False,False,False,True,0.0
12.0,1,1.4999999999999076,True,True,True,True,0.0,True,True,True,True,0.0
12.0,1,0.20000000000011653,True,True,True,True,0.0,True,True,True,True,0.0
12.0,1,0.30000000000000426,True,True,True,True,0.0,True,True,True,True,0.0
12.0,1,1.599999999999909,True,True,True,True,0.0,True,False,True,True,0.033333333333333326
12.0,1,5.10000000000008,False,False,False,True,0.0,False,False,False,True,0.0
12.0,1,2.8999999999999204,False,False,False,True,0.0,False,False,False,True,0.0
12.0,1,1.499999999999801,True,True,True,True,0.16666666666666663,True,True,True,True,0.0
12.0,1,3.3000000000001677,False,False,False,True,0.0,False,False,False,False,-0.033333333333333326
12.0,1,0.8999999999999488,True,True,True,True,0.0,True,True,True,True,0.0
12.0,1,2.000000000000341,True,True,True,True,0.0,False,False,False,True,0.0
12.0,1,0.6000000000005343,True,True,True,True,0.0,True,True,True,True,0.0
12.0,1,1.7000000000000028,True,True,True,True,0.0,False,False,False,True,-0.033333333333333326
12.0,1,1.3000000000001677,True,True,True,True,0.0,True,True,True,True,0.0
12.0,1,2.4999999999998863,False,False,False,True,0.0,False,False,False,True,0.0
12.0,1,1.0000000000008384,True,True,True,True,0.0,True,True,True,True,0.0
12.0,1,0.20000000000067075,True,False,True,True,0.41666666666666663,False,False,False,True,0.0
12.0,1,1.8999999999998778,True,True,True,True,0.033333333333333326,True,True,True,True,0.0
12.0,1,0.8999999999995225,True,True,True,True,0.0,False,True,True,True,-0.11111111111111116
12.0,1,1.5000000000002416,True,True,True,True,0.0,True,True,True,True,0.0
12.0,1,0.6999999999997186,True,True,True,True,0.1428571428571428,True,True,True,True,0.0
12.0,1,7.300000000000281,False,False,False,True,0.0,False,False,False,True,0.0
12.0,1,8.0,False,False,False,True,0.0,False,False,False,True,0.0
12.0,2,1.6000000000000227,True,True,True,True,0.0,True,True,True,True,0.0
12.0,2,6.399999999999977,False,False,False,True,0.0,False,False,False,True,0.033333333333333326
12.0,2,0.9000000000000128,True,True,True,True,0.0,True,True,True,True,0.0
12.0,2,4.300000000000054,False,False,False,True,0.0,False,False,False,True,0.0
12.0,2,2.799999999999933,True,False,True,True,0.0,False,False,False,True,0.0
12.0,2,3.0999999999999304,True,False,True,True,0.0,False,False,False,True,0.0
12.0,2,0.3999999999999986,True,True,True,True,0.41666666666666663,True,True,True,True,0.0
12.0,2,0.7999999999999972,True,True,True,True,0.0,True,True,True,True,0.0
12.0,2,0.29999999999998295,True,True,True,True,0.41666666666666663,True,True,True,True,0.41666666666666663
12.0,2,0.4000000000001904,True,True,True,True,0.0,True,True,True,True,0.0
12.0,2,2.8000000000000824,False,False,False,True,0.20000000000000007,False,False,False,False,0.0
12.0,2,0.50000000000054,True,True,True,True,0.0,True,True,True,True,0.0
12.0,2,5.600000000000236,False,False,False,True,0.1333333333333333,False,False,False,True,0.0
12.0,2,1.0000000000003837,True,True,True,True,0.0,True,True,True,True,0.0
12.0,2,5.19999999999925,False,False,False,True,0.0,False,False,False,True,-0.033333333333333326
12.0,2,1.8000000000003666,True,True,True,True,0.0,True,False,True,True,0.0
12.0,2,1.3999999999997925,True,True,True,True,0.0,True,True,True,True,0.0
12.0,2,1.1999999999999176,True,True,True,True,0.0,True,True,True,True,0.0
12.0,2,0.20000000000013074,True,True,True,True,0.0,False,True,True,True,-0.25
12.0,2,0.999999999999929,True,True,True,True,0.0,True,True,True,True,-0.050000000000000044
12.0,2,2.5000000000004263,False,False,False,True,0.0,False,False,False,False,-0.06666666666666665
12.0,2,1.699999999999804,True,True,True,True,0.0,True,False,True,True,0.0
12.0,2,0.39999999999994884,True,True,True,True,0.33333333333333337,True,False,True,True,0.41666666666666663
12.0,2,2.0000000000009237,True,True,True,True,0.0,False,False,False,True,-0.033333333333333326
12.0,2,1.7000000000002444,True,True,True,True,0.0,True,True,True,True,0.0
12.0,2,2.400000000000773,True,False,True,True,0.0,False,False,False,True,0.0
12.0,2,inf,False,False,False,True,0.0,False,False,False,True,0.0
12.0,3,2.300000000000008,True,True,True,True,0.0,False,False,False,True,0.0
12.0,3,1.8000000000000256,True,True,True,True,0.0,False,False,False,True,0.09999999999999998
12.0,3,3.89999999999997,True,False,True,True,0.0,False,False,False,True,0.0
12.0,3,0.8999999999998991,True,True,True,True,0.0,True,True,True,True,0.0
12.0,3,3.1999999999999034,False,False,False,True,0.06666666666666665,False,False,False,False,0.0
12.0,3,1.0000000000000142,True,True,True,True,0.0,True,True,True,True,0.0
12.0,3,1.6999999999999105,True,True,True,True,0.0,False,False,False,False,-0.16666666666666674
12.0,3,1.4000000000000483,True,True,True,True,0.0,True,True,True,True,0.0
12.0,3,2.099999999999916,True,True,True,True,0.16666666666666663,True,False,True,True,0.0
12.0,3,1.0000000000000568,True,True,True,True,0.0,True,True,True,True,0.0
12.0,3,3.399999999999693,True,False,True,True,0.0,False,False,False,True,0.0
12.0,3,3.500000000000142,True,False,True,True,0.09999999999999998,False,False,False,True,0.06666666666666665
12.0,3,3.500000000000142,True,False,True,True,0.09999999999999998,False,False,False,True,0.06666666666666665
12.0,3,0.6000000000004206,True,True,True,True,0.0,True,True,True,True,0.0
12.0,3,6.000000000000227,False,False,False,True,0.09999999999999998,False,False,False,True,-0.2333333333333334
12.0,3,0.200000000000216,False,False,False,True,0.0,False,False,False,True,0.0
12.0,3,3.6999999999997897,False,False,False,True,0.16666666666666663,False,False,False,True,0.0
12.0,3,1.000000000000398,True,True,True,True,0.0,True,True,True,True,0.0
12.0,3,1.000000000000398,True,True,True,True,0.25,False,True,True,True,-0.050000000000000044
12.0,3,1.2000000000000455,True,True,True,True,0.0,True,True,True,True,0.0
12.0,3,0.20000000000031548,False,False,False,True,0.0,False,False,False,True,0.0
12.0,3,1.100000000000378,True,True,True,True,0.0,True,True,True,True,0.0
12.0,3,2.3999999999993236,False,True,True,True,0.0,False,False,False,True,0.0
12.0,3,2.0999999999998806,True,True,True,True,-0.09999999999999998,True,False,True,True,0.033333333333333326
12.0,3,1.8000000000009209,True,True,True,True,0.09999999999999998,True,False,True,True,0.0
12.0,3,2.299999999999528,True,True,True,True,0.0,False,False,False,True,0.0
12.0,3,0.4000000000003183,True,True,True,True,0.25,True,True,True,True,0.0
12.0,3,0.3999999999996646,True,True,True,True,0.0,True,True,True,True,0.0
12.0,3,4.900000000000489,True,False,True,True,0.0,False,False,False,True,0.0
12.0,3,7.900000000000546,False,False,False,True,0.1333333333333333,False,False,False,True,0.033333333333333326
12.0,3,inf,False,False,False,True,0.0,False,False,False,True,0.0
12.0,4,8.0,False,False,False,True,0.0,False,False,False,True,0.0
12.0,4,8.0,False,False,False,True,0.0,False,False,False,True,0.0
12.0,4,7.0000000000000995,False,False,False,True,0.0,False,False,False,True,0.0
12.0,4,0.9999999999999005,True,True,True,True,0.0,True,True,True,True,0.0
12.0,4,3.3999999999998636,True,False,True,True,0.0,False,False,False,True,0.1333333333333333
12.0,4,2.800000000000111,False,False,False,True,0.16666666666666663,False,False,False,True,0.0
12.0,4,0.20000000000038654,False,False,False,True,0.0,False,False,False,True,0.0
12.0,4,1.9999999999998863,True,True,True,True,0.0,False,False,False,True,0.0
12.0,4,2.300000000000324,True,True,True,True,0.0,False,False,False,True,0.0
12.0,4,2.8000000000000256,False,False,False,True,0.16666666666666663,False,False,False,True,0.16666666666666674
12.0,4,8.0,False,False,False,True,0.0,False,False,False,True,-0.06666666666666665
12.0,4,0.29999999999998295,True,True,True,True,0.0,True,True,True,True,0.0
12.0,4,7.700000000000017,False,False,False,True,0.0,False,False,False,True,0.0
12.0,4,1.199999999999946,True,True,True,True,0.0,True,True,True,True,0.0
12.0,4,6.599999999999625,False,False,False,True,0.0,False,False,False,True,-0.06666666666666665
12.0,4,0.20000000000042917,False,False,False,True,0.0,False,False,False,True,0.0
12.0,4,0.6999999999995623,True,True,True,True,0.0,True,True,True,True,0.0
12.0,4,1.0000000000003695,True,True,True,True,0.0,True,True,True,True,0.0
12.0,4,1.1000000000003354,True,True,True,True,0.0,True,True,True,True,0.0
12.0,4,0.29999999999958504,True,True,True,True,0.0,False,False,False,False,0.25000000000000006
12.0,4,0.49999999999954525,True,True,True,True,0.41666666666666663,True,True,True,True,0.0
12.0,4,4.300000000000665,True,False,True,True,0.0,True,False,True,True,0.0
12.0,4,0.3000000000009493,True,True,True,True,0.41666666666666663,True,True,True,True,0.41666666666666663
12.0,4,1.3000000000008356,True,True,True,True,0.0,True,True,True,True,0.0
12.0,4,1.8999999999988688,False,True,True,True,0.1333333333333333,False,True,True,True,-0.2333333333333334
12.0,4,0.3000000000004377,True,True,True,True,-0.25,True,True,True,True,-0.16666666666666663
12.0,4,1.6000000000002501,True,True,True,True,0.0,False,True,True,True,0.0
12.0,5,0.9000000000000092,True,True,True,True,0.0,True,True,True,True,0.0
12.0,5,4.300000000000065,False,False,False,True,0.0,False,False,False,True,0.0
12.0,5,2.799999999999926,False,False,False,True,0.0,False,False,False,True,0.0
12.0,5,3.999999999999943,False,False,False,True,0.0,False,False,False,True,0.0
12.0,5,4.000000000000057,False,False,False,True,0.0,False,False,False,True,0.0
12.0,5,0.3999999999997783,True,True,True,True,0.0,True,True,True,True,0.0
12.0,5,1.6999999999996902,True,True,True,True,0.0,False,False,False,True,0.0
12.0,5,0.7000000000001876,True,True,True,True,0.0,True,True,True,True,0.0
12.0,5,5.299999999999699,True,False,True,True,0.0,False,False,False,True,0.0
12.0,5,0.3000000000004235,True,True,True,True,0.41666666666666663,True,True,True,True,0.0
12.0,5,2.000000000000341,True,True,True,True,0.0,True,False,True,True,0.0
12.0,5,0.9000000000004036,True,True,True,True,0.0,True,True,True,True,0.0
12.0,5,6.500000000000085,False,False,False,True,0.0,False,False,False,False,-0.06666666666666665
12.0,5,3.1999999999997897,False,False,False,True,0.0,False,False,False,True,-0.033333333333333326
12.0,5,1.8999999999999062,True,True,True,True,0.0,False,False,False,True,0.0
12.0,5,2.900000000000304,False,False,False,True,0.0,False,False,False,True,0.0
12.0,5,1.8000000000004661,True,True,True,True,0.0,True,True,True,True,0.0
12.0,5,2.600000000000165,False,False,False,True,0.1333333333333333,False,False,False,True,0.0
12.0,5,8.0,False,False,False,True,0.0,False,False,False,True,0.0
12.0,5,0.2999999999995566,True,True,True,True,0.0,True,True,True,True,0.0
12.0,5,inf,False,False,False,True,0.0,False,False,False,True,0.0
12.0,6,0.9999999999999112,True,True,True,True,0.0,True,True,True,True,0.0
12.0,6,2.299999999999919,True,True,True,True,0.0,False,False,False,True,0.0
12.0,6,0.8000000000000114,True,True,True,True,0.0,True,True,True,True,0.0
12.0,6,3.2000000000000455,True,False,True,True,0.0,False,False,False,True,0.0
12.0,6,3.999999999999943,True,False,True,True,0.16666666666666663,False,False,False,True,0.0
12.0,6,3.799999999999784,False,False,False,True,0.0,False,False,False,True,0.0
12.0,6,3.799999999999784,True,False,True,True,0.0,False,False,False,True,0.0
12.0,6,0.400000000000432,True,True,True,True,0.41666666666666663,True,True,True,True,0.0
12.0,6,2.0000000000004547,False,True,True,True,0.0,False,False,False,True,-0.8333333333333334
12.0,6,5.299999999999699,False,False,False,True,0.0,False,False,False,False,0.0
12.0,6,1.1999999999999034,True,True,True,True,0.0,True,True,True,True,0.0
12.0,6,1.500000000000398,True,True,True,True,0.0,False,True,True,True,-0.09999999999999998
12.0,6,0.2000000000004576,False,False,False,True,0.0,False,False,False,True,0.0
12.0,6,3.7999999999997556,True,False,True,True,0.0,False,False,False,True,0.0
12.0,6,5.899999999999679,False,False,False,True,0.0,False,False,False,True,0.0
12.0,6,1.6999999999999034,True,True,True,True,0.0,True,False,True,True,0.0
12.0,6,0.400000000000432,True,True,True,True,0.0,True,True,True,True,0.0
12.0,6,1.40000000000083,True,True,True,True,0.0,True,True,True,True,0.0
12.0,6,0.2000000000010118,True,False,True,True,0.41666666666666663,False,False,False,True,0.0
12.0,6,2.9999999999998295,False,False,False,True,0.0,False,False,False,True,0.033333333333333326
12.0,6,3.49999999999946,False,False,False,True,0.0,False,False,False,True,0.0
12.0,7,1.7000000000000242,True,True,True,True,0.0,True,False,True,True,0.0
12.0,7,3.600000000000051,True,False,True,True,0.0,False,False,False,True,0.033333333333333326
12.0,7,0.30000000000000426,True,True,True,True,0.33333333333333337,True,True,True,True,0.0
12.0,7,2.3999999999999204,True,False,True,True,0.0,False,False,False,True,0.033333333333333326
12.0,7,6.600000000000094,False,False,False,True,0.0,False,False,False,True,-0.2333333333333334
12.0,7,1.3999999999999062,True,True,True,True,0.0,True,True,True,True,0.0
12.0,7,3.5000000000000497,True,False,True,True,0.0,True,False,True,True,0.0
12.0,7,2.900000000000034,True,False,True,True,0.16666666666666663,True,False,True,True,0.30000000000000004
12.0,7,1.1999999999999105,True,True,True,True,0.20833333333333337,True,True,True,True,0.20833333333333337
12.0,7,7.999999999999432,False,False,False,True,0.0,False,False,False,True,0.0
12.0,7,0.7999999999998408,True,True,True,True,0.0,True,True,True,True,0.0
12.0,7,5.199999999999932,False,False,False,True,0.0,False,False,False,True,0.0
12.0,7,2.0000000000002274,True,True,True,True,0.0,False,False,False,True,-0.10000000000000009
12.0,7,1.1000000000004064,True,True,True,True,0.0,True,True,True,True,0.0
12.0,7,3.500000000000256,True,False,True,True,0.16666666666666663,False,False,False,True,0.0
12.0,7,2.700000000000415,False,False,False,True,0.06666666666666665,False,False,False,True,0.0
12.0,7,7.999999999999986,False,False,False,True,0.0,False,False,False,True,0.0
12.0,7,0.49999999999940314,True,True,True,True,0.0,True,True,True,True,0.0
12.0,7,7.500000000000597,False,False,False,True,0.0,False,False,False,True,0.0
12.0,7,8.0,False,False,False,True,-0.06896551724137923,False,False,False,False,0.0
12.0,7,3.1999999999997044,False,False,False,True,0.0,False,False,False,True,0.0
12.0,7,0.20000000000010232,False,False,False,True,0.0,False,False,False,True,0.0
24.0,0,1.200000000000017,True,True,True,True,0.0,True,True,True,True,0.0
24.0,0,3.2000000000000455,False,False,False,True,0.0,False,False,False,True,-0.032258064516129004
24.0,0,1.1999999999999034,True,True,True,True,0.0,True,True,True,True,0.0
24.0,0,2.400000000000034,True,False,True,True,0.0,False,False,False,True,0.1333333333333333
24.0,0,1.6000000000000512,True,True,True,True,0.0,True,True,True,True,0.0
24.0,0,0.19999999999997442,True,True,True,True,0.0,True,True,True,True,0.0
24.0,0,3.7000000000000526,True,False,True,True,0.0,False,False,False,True,0.0
24.0,0,2.499999999999922,True,True,True,True,0.16666666666666663,True,False,True,True,0.0
24.0,0,1.9999999999999005,True,True,True,True,0.0,False,False,False,True,0.0
24.0,0,2.899999999999764,False,False,False,True,-0.06666666666666665,False,False,False,True,0.0
24.0,0,3.1000000000003354,True,False,True,True,0.0,False,False,False,True,0.0
24.0,0,1.3000000000003524,True,True,True,True,0.0,True,True,True,True,0.0
24.0,0,1.9000000000000057,True,True,True,True,0.0,False,False,False,True,-0.16666666666666674
24.0,0,1.2000000000003865,True,True,True,True,0.08333333333333337,True,True,True,True,0.0
24.0,0,0.5999999999999943,True,True,True,True,0.0,True,True,True,True,0.0
24.0,0,0.19999999999990337,True,True,True,True,0.0,True,True,True,True,0.0
24.0,0,0.6999999999999176,True,True,True,True,0.0,True,True,True,True,0.0
24.0,0,2.6000000000008328,True,False,True,True,0.0,False,False,False,True,0.0
24.0,0,1.4000000000002757,True,True,True,True,0.1785714285714286,True,True,True,True,0.0
24.0,0,1.4000000000004036,True,True,True,True,0.0,True,True,True,True,0.0
24.0,0,2.199999999999278,True,True,True,True,0.0,False,False,False,True,-0.16666666666666663
24.0,0,2.9000000000004036,False,False,False,True,0.0,False,False,False,True,-0.16666666666666674
24.0,0,0.20000000000104023,False,False,False,True,0.0,False,False,False,True,0.0
24.0,0,4.999999999999801,False,False,False,True,0.033333333333333326,False,False,False,True,0.0
24.0,0,0.4000000000003183,True,True,True,True,0.0,True,True,True,True,0.0
24.0,0,1.299999999999926,True,True,True,True,0.0,False,False,False,False,0.03846153846153855
24.0,0,1.1999999999999602,True,True,True,True,0.0,False,True,True,True,-0.125
24.0,0,3.79999999999977,True,False,True,True,0.0,False,False,False,True,0.0
24.0,0,0.4000000000005173,True,True,True,True,0.0,True,True,True,True,0.0
24.0,0,3.6999999999993634,True,False,True,True,0.0,False,False,False,True,0.0
24.0,0,0.9999999999993747,True,True,True,True,0.25,True,True,True,True,0.0
24.0,0,0.600000000000108,True,True,True,True,0.0,True,True,True,True,0.0
24.0,0,2.3000000000006366,True,True,True,True,0.0,True,False,True,True,0.0
24.0,0,0.5,True,True,True,True,0.41666666666666663,True,True,True,True,0.0
24.0,1,0.40000000000000924,True,True,True,True,0.0,True,True,True,True,0.0
24.0,1,0.40000000000000213,True,True,True,True,0.0,True,True,True,True,0.0
24.0,1,1.0999999999998984,True,True,True,True,0.0,True,True,True,True,0.0
24.0,1,3.999999999999943,True,False,True,True,0.0,False,False,False,True,0.0
24.0,1,0.4000000000000057,True,True,True,True,0.25,True,True,True,True,0.0
24.0,1,0.4000000000000057,True,True,True,True,0.0,True,True,True,True,0.0
24.0,1,0.9999999999999005,True,True,True,True,0.0,True,True,True,True,0.0
24.0,1,1.900000000000027,True,True,True,True,0.0,True,True,True,True,0.0
24.0,1,1.4999999999999076,True,True,True,True,0.0,True,True,True,True,-0.06666666666666665
24.0,1,0.20000000000011653,True,True,True,True,0.0,True,True,True,True,0.0
24.0,1,0.30000000000000426,True,True,True,True,0.0,True,True,True,True,0.0
24.0,1,1.599999999999909,True,True,True,True,0.0,True,False,True,True,0.1333333333333333
24.0,1,0.19999999999988916,True,True,True,True,0.0,True,False,True,True,0.41666666666666663
24.0,1,2.5000000000001563,False,False,False,True,0.0,False,False,False,True,-0.033333333333333326
24.0,1,1.099999999999902,True,True,True,True,0.0,True,True,True,True,0.0
24.0,1,4.000000000000178,True,False,True,True,0.0,False,False,False,True,0.0
24.0,1,0.3999999999997641,True,True,True,True,0.41666666666666663,True,True,True,True,0.0
24.0,1,1.3000000000001322,True,True,True,True,0.0,True,True,True,True,0.0
24.0,1,0.40000000000010516,True,True,True,True,0.0,True,True,True,True,0.0
24.0,1,1.499999999999872,True,True,True,True,0.0,True,True,True,True,0.0
24.0,1,2.999999999999872,True,False,True,True,0.0,False,False,False,True,0.09999999999999998
24.0,1,0.5999999999999659,True,True,True,True,0.41666666666666663,True,True,True,True,0.0
24.0,1,0.9000000000005173,True,True,True,True,0.0,True,True,True,True,0.0
24.0,1,1.7000000000000028,True,True,True,True,0.0,True,True,True,True,0.0
24.0,1,1.3999999999999488,True,True,True,True,0.0,True,True,True,True,0.0
24.0,1,0.1999999999999602,True,True,True,True,0.0,True,True,True,True,0.08333333333333337
24.0,1,0.39999999999984936,True,True,True,True,0.0,True,True,True,True,0.0
24.0,1,1.8000000000000256,True,True,True,True,0.0,True,True,True,True,0.0
24.0,1,1.0000000000002842,True,True,True,True,0.0,True,True,True,True,-0.09999999999999998
24.0,1,2.399999999999281,True,False,True,True,0.0,False,False,False,False,0.16666666666666674
24.0,1,0.20000000000067075,True,False,True,True,0.41666666666666663,False,False,False,True,0.0
24.0,1,0.49999999999992895,True,True,True,True,0.08333333333333337,True,True,True,True,0.0
24.0,1,1.5000000000002416,True,True,True,True,0.033333333333333326,True,True,True,True,0.0
24.0,1,0.20000000000057128,True,True,True,True,0.0,True,True,True,True,0.0
24.0,1,2.4999999999996305,True,False,True,True,0.0,False,False,False,True,0.0
24.0,1,1.000000000000398,True,True,True,True,0.050000000000000044,True,True,True,True,0.0
24.0,1,1.1999999999992497,True,True,True,True,0.0,True,True,True,True,0.0
24.0,1,3.00000000000108,True,False,True,True,0.0,False,False,False,False,0.20000000000000007
24.0,1,0.4000000000004462,True,True,True,True,0.0,False,True,True,True,-0.3333333333333333
24.0,1,1.699999999999676,True,True,True,True,0.0,False,False,False,False,-0.4
24.0,1,0.30000000000114824,True,True,True,True,0.0,True,True,True,True,-0.41666666666666663
24.0,1,3.400000000000361,True,False,True,True,-0.033333333333333326,False,False,False,True,0.0
24.0,1,1.0000000000004832,True,True,True,True,0.25,True,True,True,True,0.0
24.0,1,0.299999999999784,True,True,True,True,0.33333333333333337,True,True,True,True,0.0
24.0,1,0.6999999999998181,True,True,True,True,0.0,True,True,True,True,0.0
24.0,1,1.5999999999997954,True,True,True,True,0.0,True,True,True,True,0.0
24.0,1,1.7999999999998977,True,True,True,True,0.0,True,True,True,True,0.0
24.0,1,inf,False,False,False,True,0.0,False,False,False,False,0.0
24.0,2,1.200000000000017,True,True,True,True,0.125,True,True,True,True,0.0
24.0,2,3.4999999999999325,True,False,True,True,0.0,False,False,False,True,0.0
24.0,2,0.39999999999989555,True,True,True,True,0.33333333333333337,True,True,True,True,0.0
24.0,2,1.6000000000000227,True,True,True,True,0.0,True,True,True,True,0.0
24.0,2,4.300000000000068,False,False,False,True,0.0,False,False,False,True,0.09999999999999998
24.0,2,2.099999999999909,True,True,True,True,0.0,False,False,False,True,0.0
24.0,2,0.7999999999998977,True,True,True,True,0.3125,True,True,True,True,0.0
24.0,2,0.20000000000000284,True,True,True,True,0.0,True,True,True,True,0.0
24.0,2,0.20000000000000284,True,True,True,True,0.0,True,True,True,True,0.0
24.0,2,2.5000000000000355,True,True,True,True,0.0,True,True,True,True,0.0
24.0,2,0.599999999999902,True,True,True,True,0.0,True,True,True,True,0.25
24.0,2,1.000000000000007,True,True,True,True,0.0,True,True,True,True,0.050000000000000044
24.0,2,0.9999999999999076,True,True,True,True,0.0,True,True,True,True,0.0
24.0,2,1.2999999999999048,True,True,True,True,0.0,True,True,True,True,0.0
24.0,2,1.6000000000000227,True,True,True,True,0.0,True,True,True,True,0.06666666666666665
24.0,2,0.5000000000000071,True,True,True,True,0.0,True,True,True,True,0.08333333333333337
24.0,2,0.3999999999999986,True,True,True,True,0.41666666666666663,True,True,True,True,0.0
24.0,2,0.20000000000011653,True,True,True,True,0.0,True,True,True,True,0.0
24.0,2,0.8999999999998991,True,True,True,True,0.0,True,True,True,True,0.0
24.0,2,0.29999999999998295,True,True,True,True,0.0,True,True,True,True,0.0
24.0,2,0.6000000000000796,True,True,True,True,0.0,True,True,True,True,0.0
24.0,2,0.29999999999999716,True,True,True,True,0.0,True,True,True,True,-0.41666666666666663
24.0,2,0.6000000000002927,True,True,True,True,0.0,True,True,True,True,0.33333333333333337
24.0,2,0.4000000000000341,True,True,True,True,0.25,True,False,True,False,0.4166666666666667
24.0,2,0.8000000000004093,True,True,True,True,-0.3125,True,True,True,True,0.0
24.0,2,0.20000000000017337,True,True,True,True,0.0,True,True,True,True,0.0
24.0,2,0.5000000000003126,True,True,True,True,0.0,True,True,True,True,-0.33333333333333326
24.0,2,0.9000000000002899,True,True,True,True,0.11111111111111116,True,True,True,True,0.0
24.0,2,1.700000000000287,True,True,True,True,0.0,True,True,True,True,0.0
24.0,2,2.4000000000000625,False,False,False,True,0.0,False,False,False,True,0.0
24.0,2,1.0000000000009663,True,True,True,True,0.0,True,True,True,True,0.0
24.0,2,3.599999999998772,False,False,False,True,0.0,False,False,False,True,0.1333333333333333
24.0,2,0.19999999999998863,False,False,False,True,0.0,False,False,False,True,0.0
24.0,2,1.0000000000005116,True,True,True,True,0.0,True,True,True,True,0.0
24.0,2,0.39999999999942304,True,True,True,True,0.0,True,True,True,True,0.0
24.0,2,1.8000000000003382,True,True,True,True,0.0,True,False,True,True,0.06666666666666665
24.0,2,2.799999999999841,True,False,True,True,0.16666666666666663,False,False,False,True,0.0
24.0,2,0.3000000000003098,True,True,True,True,0.41666666666666663,True,True,True,True,-0.08333333333333334
24.0,2,0.2999999999994998,True,True,True,True,0.0,True,True,True,True,0.0
24.0,2,0.39999999999994884,True,True,True,True,0.0,True,True,True,True,0.0
24.0,2,0.20000000000013074,True,True,True,True,0.0,True,True,True,True,0.0
24.0,2,0.6000000000013728,True,True,True,True,0.0,True,True,True,True,0.0
24.0,2,0.8999999999998352,True,True,True,True,0.0,True,True,True,True,0.0
24.0,2,0.5000000000009095,True,True,True,True,0.0,True,True,True,True,0.0
24.0,2,0.2999999999994998,True,True,True,True,0.0,True,True,True,True,0.0
24.0,2,0.7999999999999545,True,True,True,True,0.0,True,True,True,True,0.0
24.0,2,2.0000000000011653,True,True,True,True,0.0,False,False,False,True,0.16666666666666663
24.0,2,2.199999999999619,True,False,True,True,0.06666666666666665,False,False,False,False,0.39999999999999997
24.0,2,1.300000000001205,True,True,True,True,-0.1923076923076923,True,True,True,True,0.0
24.0,2,0.3000000000005514,True,True,True,True,0.41666666666666663,True,True,True,True,0.0
24.0,2,5.299999999999585,True,False,True,True,0.0,False,False,False,True,0.0
24.0,2,1.3000000000003809,False,True,True,True,0.0,False,False,False,False,-0.38461538461538464
24.0,3,1.8000000000000256,True,True,True,True,0.0,True,False,True,True,0.0
24.0,3,3.3000000000000753,True,False,True,True,0.0,False,False,False,True,0.1333333333333333
24.0,3,0.5999999999998948,True,True,True,True,0.3846153846153846,True,True,True,True,0.0
24.0,3,1.100000000000101,True,True,True,True,0.0,False,True,True,True,-0.04347826086956519
24.0,3,1.1999999999999034,True,True,True,True,0.0,True,True,True,True,-0.20833333333333337
24.0,3,0.8999999999998991,True,True,True,True,0.0,True,True,True,True,0.0
24.0,3,1.0999999999998735,True,True,True,True,0.0,True,True,True,True,0.0
24.0,3,1.0000000000000142,True,True,True,True,0.0,True,True,True,True,0.0
24.0,3,1.6999999999999105,True,True,True,True,0.0,False,False,False,False,-0.1333333333333333
24.0,3,0.49999999999992184,True,True,True,True,0.0,True,True,True,True,0.0
24.0,3,0.9000000000001265,True,True,True,True,0.0,True,True,True,True,0.0
24.0,3,2.099999999999916,True,True,True,True,0.0,True,False,True,True,0.0
24.0,3,1.0000000000000568,True,True,True,True,0.0,True,True,True,True,0.0
24.0,3,3.2999999999998124,True,False,True,True,0.0,False,False,False,True,0.0
24.0,3,0.5999999999999659,True,True,True,True,0.08333333333333337,True,True,True,True,0.0
24.0,3,0.8999999999998352,True,True,True,True,0.0,True,True,True,True,0.0
24.0,3,2.000000000000341,True,True,True,True,0.0,False,False,False,True,0.0
24.0,3,0.9999999999999432,True,True,True,True,0.0,True,True,True,True,0.0
24.0,3,0.50000000000054,True,True,True,True,0.0,True,False,True,True,0.5833333333333333
24.0,3,0.20000000000055707,True,True,True,True,0.0,False,False,False,True,0.0
24.0,3,1.199999999999818,True,True,True,True,0.125,True,True,True,True,0.0
24.0,3,3.0000000000001705,True,False,True,True,0.16666666666666663,False,False,False,True,0.0
24.0,3,0.5999999999999943,True,True,True,True,0.33333333333333337,True,True,True,True,0.0
24.0,3,1.2000000000002586,True,True,True,True,0.04166666666666663,True,True,True,True,0.08333333333333326
24.0,3,1.0999999999995822,True,True,True,True,0.0,True,True,True,True,0.0
24.0,3,1.000000000000398,True,True,True,True,0.0,True,True,True,True,0.0
24.0,3,1.0000000000005258,True,True,True,True,0.19999999999999996,True,True,True,True,0.0
24.0,3,2.199999999999875,True,True,True,True,0.1333333333333333,False,False,False,True,0.0
24.0,3,0.20000000000031548,True,True,True,True,0.0,False,False,False,True,0.0
24.0,3,0.39999999999918145,True,True,True,True,0.0,True,True,True,True,0.0
24.0,3,0.6000000000004206,True,True,True,True,0.0,True,True,True,True,0.0
24.0,3,0.19999999999987494,True,True,True,True,0.0,True,True,True,True,0.0
24.0,3,2.3999999999993236,True,True,True,True,0.0,False,False,False,True,-0.30000000000000004
24.0,3,1.7000000000009265,True,True,True,True,0.0,True,True,True,True,0.0
24.0,3,1.8000000000009209,True,True,True,True,0.0,True,True,True,True,0.1333333333333333
24.0,3,0.39999999999983515,True,True,True,True,0.16666666666666674,True,True,True,True,0.0
24.0,3,4.600000000000762,False,False,False,True,0.06666666666666665,False,False,False,True,0.0
24.0,3,3.0999999999989,True,False,True,True,0.09999999999999998,False,False,False,True,0.2333333333333334
24.0,3,0.4000000000003183,True,True,True,True,0.33333333333333337,True,True,True,True,0.0
24.0,3,0.3999999999996646,True,True,True,True,0.0,True,True,True,True,0.0
24.0,3,2.400000000001512,True,False,True,True,0.0,True,False,True,True,0.0
24.0,3,0.5000000000003126,True,True,True,True,0.41666666666666663,True,True,True,True,0.0
24.0,3,2.299999999999528,True,False,True,True,0.0,False,False,False,True,0.06896551724137934
24.0,3,2.099999999999312,True,True,True,True,0.033333333333333326,True,True,True,True,0.06666666666666665
24.0,3,2.3000000000004377,True,True,True,True,0.0,False,False,False,True,0.09999999999999998
24.0,3,0.700000000000756,True,True,True,True,0.2857142857142857,True,True,True,True,0.0
24.0,4,3.5000000000000817,False,False,False,True,0.0,False,False,False,True,0.0
24.0,4,3.5000000000000213,True,False,True,True,0.0,False,False,False,True,0.0
24.0,4,0.8999999999998991,True,True,True,True,0.2777777777777778,True,True,True,True,0.0
24.0,4,0.6000000000000085,True,True,True,True,0.0,True,True,True,True,0.0
24.0,4,1.8000000000000185,True,True,True,True,0.0,True,False,True,True,0.0
24.0,4,1.0000000000000142,True,True,True,True,0.0,True,True,True,True,0.050000000000000044
24.0,4,1.200000000000017,True,True,True,True,0.0,True,True,True,True,0.0
24.0,4,1.3000000000000185,True,True,True,True,0.0,True,True,True,True,0.0
24.0,4,1.8999999999997996,True,True,True,True,0.0,True,True,True,True,-0.1333333333333333
24.0,4,2.8000000000001535,False,False,False,True,0.033333333333333326,False,False,False,True,-0.13333333333333341
24.0,4,1.400000000000034,True,True,True,True,0.0,True,False,True,True,0.1071428571428571
24.0,4,1.70000000000001,True,True,True,True,0.0,False,True,True,True,0.16666666666666663
24.0,4,1.0,True,True,True,True,0.0,True,True,True,True,-0.09999999999999998
24.0,4,0.49999999999993605,True,True,True,True,0.0,True,True,True,True,0.0
24.0,4,0.5999999999998664,True,True,True,True,0.0,True,True,True,True,0.0
24.0,4,0.30000000000026716,True,True,True,True,0.41666666666666663,True,True,True,True,0.0
24.0,4,0.19999999999987494,True,True,True,True,0.0,True,True,True,True,0.0
24.0,4,0.30000000000009663,True,True,True,True,0.0,True,True,True,True,0.0
24.0,4,3.09999999999971,True,True,True,True,0.0,False,False,False,False,0.0
24.0,4,2.0999999999999943,True,True,True,True,0.0,True,False,True,True,0.0
24.0,4,1.4000000000004178,True,True,True,True,0.1428571428571429,True,True,True,True,0.1428571428571429
24.0,4,2.6999999999999176,True,False,True,True,0.0,False,False,False,True,0.0
24.0,4,2.5999999999997385,True,False,True,True,0.0,False,False,False,True,0.0
24.0,4,0.3999999999999915,True,True,True,True,0.41666666666666663,True,True,True,True,0.0
24.0,4,1.8000000000001108,True,True,True,True,0.0,True,False,True,True,0.1333333333333333
24.0,4,1.7999999999995566,True,True,True,True,0.0,True,False,True,True,0.1333333333333333
24.0,4,0.5000000000001279,True,True,True,True,0.0,True,True,True,True,0.41666666666666663
24.0,4,2.7000000000000313,True,False,True,True,0.0,False,False,False,True,0.06666666666666665
24.0,4,0.200000000000216,False,False,False,True,0.0,False,False,False,True,-0.5833333333333334
24.0,4,1.000000000000071,True,True,True,True,0.0,True,True,True,True,0.0
24.0,4,1.3000000000007077,True,True,True,True,0.0,True,True,True,True,0.0
24.0,4,4.199999999999662,True,False,True,True,0.16666666666666663,False,False,False,True,0.0
24.0,4,0.30000000000053717,True,True,True,True,0.41666666666666663,True,True,True,True,0.0
24.0,4,0.40000000000020464,True,True,True,True,0.16666666666666663,True,True,True,True,0.0
24.0,4,1.100000000000179,True,True,True,True,0.0,True,True,True,True,0.0
24.0,4,5.599999999999241,False,False,False,True,0.0,False,False,False,True,0.0
24.0,4,2.4000000000007446,True,False,True,True,0.0,True,False,True,True,0.0
24.0,4,0.7000000000000739,True,True,True,True,0.0,True,True,True,True,0.0
24.0,4,1.1999999999999602,True,True,True,True,0.0,True,True,True,True,0.0
24.0,4,1.1999999999992497,True,True,True,True,0.0,True,True,True,True,0.0
24.0,4,0.9000000000004036,True,True,True,True,0.0,True,True,True,True,0.0
24.0,4,3.500000000000199,False,False,False,True,0.0,False,False,False,True,0.0
24.0,4,1.0999999999998522,True,True,True,True,0.0,True,True,True,True,0.0
24.0,4,0.8999999999996078,True,False,True,True,0.2777777777777778,False,False,False,False,0.6666666666666666
24.0,4,0.29999999999972715,True,True,True,True,0.0,False,True,True,True,-0.41666666666666674
24.0,4,0.5000000000001137,True,True,True,True,0.0,True,True,True,True,-0.41666666666666663
24.0,4,0.8000000000010061,True,True,True,True,0.0,True,True,True,True,0.0
24.0,4,0.4000000000005457,True,True,True,True,0.41666666666666663,True,True,True,True,0.0
24.0,4,0.40000000000085834,True,True,True,True,0.0,True,True,True,True,0.0
24.0,5,0.5000000000000071,True,True,True,True,0.0,True,True,True,True,0.0
24.0,5,0.40000000000000213,True,True,True,True,0.0,True,True,True,True,0.0
24.0,5,3.200000000000049,False,False,False,True,0.0,False,False,False,False,-0.033333333333333326
24.0,5,3.8999999999999417,False,False,False,True,0.0,False,False,False,True,0.0
24.0,5,0.6000000000001293,True,True,True,True,0.0,True,True,True,True,0.0
24.0,5,1.90000000000002,False,True,True,True,0.0,False,False,False,False,-0.20000000000000007
24.0,5,3.999999999999943,False,False,False,True,-0.06666666666666665,False,False,False,True,0.0
24.0,5,1.4999999999999076,True,True,True,True,0.0,False,True,True,True,-0.033333333333333326
24.0,5,0.3999999999997783,True,True,True,True,0.0,True,True,True,True,0.0
24.0,5,3.499999999999801,True,False,True,True,0.0,False,False,False,True,0.0
24.0,5,4.500000000000199,True,False,True,True,0.16666666666666663,False,False,False,True,0.0
24.0,5,1.0999999999997243,True,True,True,True,0.0,True,True,True,True,0.0
24.0,5,1.3000000000001535,True,True,True,True,0.0,True,True,True,True,0.0
24.0,5,4.199999999999761,True,False,True,True,0.0,False,False,False,True,0.0
24.0,5,1.0999999999999375,True,True,True,True,0.2272727272727273,True,True,True,True,0.0
24.0,5,0.3000000000004235,True,True,True,True,0.0,True,True,True,True,0.0
24.0,5,0.7000000000001876,True,False,True,True,0.6428571428571428,False,False,False,False,0.5714285714285714
24.0,5,0.6999999999999602,True,True,True,True,0.0,True,True,True,True,0.0
24.0,5,0.8999999999998352,True,True,True,True,0.0,False,True,True,True,-0.05555555555555558
24.0,5,6.400000000000205,False,False,False,True,0.0,False,False,False,True,0.0
24.0,5,0.19999999999986073,False,False,False,True,0.25,False,False,False,True,0.0
24.0,5,3.9999999999999005,True,True,True,True,0.0,False,False,False,True,0.0
24.0,5,3.8000000000002387,True,False,True,True,0.0,False,False,False,True,0.0
24.0,5,2.900000000000304,True,False,True,True,0.0,False,False,False,True,0.0
24.0,5,1.2000000000000455,True,True,True,True,0.0,True,True,True,True,0.0
24.0,5,0.6000000000004206,True,True,True,True,0.0,True,True,True,True,0.0
24.0,5,2.500000000000199,False,False,False,True,0.1333333333333333,False,False,False,True,-0.30000000000000004
24.0,5,0.2999999999993008,True,True,True,True,0.33333333333333337,True,True,True,True,0.0
24.0,5,2.800000000000523,True,True,True,True,0.0,False,False,False,True,0.0
24.0,5,1.3999999999999204,True,True,True,True,0.0,True,True,True,True,0.0
24.0,5,2.9999999999993463,False,False,False,True,0.0,False,False,False,True,-0.09999999999999998
24.0,5,3.299999999999386,False,False,False,True,0.0,False,False,False,True,0.0
24.0,5,1.7000000000012676,True,True,True,True,0.0,False,False,False,True,0.0
24.0,6,1.8000000000000256,True,True,True,True,0.1333333333333333,False,False,False,True,-0.33333333333333337
24.0,6,0.9999999999999112,True,True,True,True,-0.19999999999999996,True,True,True,True,0.0
24.0,6,2.9000000000000377,True,False,True,True,0.0,False,False,False,True,0.06666666666666665
24.0,6,0.6000000000000121,True,True,True,True,0.33333333333333337,True,True,True,True,0.0
24.0,6,0.4999999999998934,True,True,True,True,0.0,True,True,True,True,0.0
24.0,6,2.0000000000000426,True,True,True,True,0.0,False,False,False,True,0.0
24.0,6,5.999999999999957,False,False,False,True,0.09999999999999998,False,False,False,True,0.0
24.0,6,0.4000000000000057,True,True,True,True,0.0,True,True,True,True,0.0
24.0,6,0.4000000000000057,True,True,True,True,0.0,True,True,True,True,0.0
24.0,6,3.2000000000000455,True,False,True,True,0.0,False,False,False,True,0.033333333333333326
24.0,6,1.5999999999999162,True,True,True,True,0.16666666666666663,True,False,True,True,0.0
24.0,6,2.400000000000027,True,True,True,True,0.0,False,False,False,True,0.0
24.0,6,8.0,False,False,False,True,0.0,False,False,False,False,-0.2333333333333334
24.0,6,3.8000000000003524,False,False,False,True,0.0,False,False,False,False,-0.16666666666666663
24.0,6,1.7999999999993292,True,True,True,True,0.0,True,False,True,True,0.0
24.0,6,1.9999999999998863,True,True,True,True,0.0,True,False,True,True,0.16666666666666663
24.0,6,0.400000000000432,True,True,True,True,0.0,True,True,True,True,0.33333333333333337
24.0,6,3.100000000000719,False,False,False,True,0.0,False,False,False,True,0.0
24.0,6,2.599999999998957,True,False,True,True,0.0,False,False,False,True,-0.16666666666666674
24.0,6,0.19999999999997442,True,False,True,True,0.41666666666666663,False,False,False,True,0.0
24.0,6,2.1000000000003496,True,True,True,True,0.033333333333333326,False,False,False,True,0.033333333333333326
24.0,6,0.2999999999994003,False,False,False,True,0.08333333333333334,False,False,False,True,0.0
24.0,6,2.200000000001367,True,True,True,True,0.033333333333333326,False,False,False,True,-0.09999999999999998
24.0,6,0.19999999999988916,False,False,False,True,0.0,False,False,False,True,0.0
24.0,6,1.1999999999999176,True,True,True,True,0.0,True,True,True,True,0.0
24.0,6,1.5000000000009521,True,True,True,True,0.0,True,True,True,True,0.0
24.0,6,5.500000000001023,False,False,False,True,0.1333333333333333,False,False,False,True,0.0
24.0,6,2.499999999998977,False,False,False,True,0.0,False,False,False,True,0.0
24.0,6,2.599999999999838,False,False,False,True,0.0,False,False,False,True,-0.20000000000000007
24.0,6,1.4000000000018815,True,True,True,True,0.0,True,True,True,True,0.0
24.0,6,2.000000000000341,False,False,False,True,-0.16666666666666663,False,False,False,False,0.0
24.0,6,1.3999999999999204,True,True,True,True,0.0,True,True,True,True,0.0
24.0,6,1.1999999999984539,True,True,True,True,0.0,True,True,True,True,0.16666666666666663
24.0,6,0.5999999999999375,True,True,True,True,0.0,False,True,True,True,-0.6666666666666667
24.0,6,0.49999999999965894,True,True,True,True,0.0,True,True,True,True,-0.33333333333333337
24.0,6,1.1000000000003922,True,True,True,True,0.0,True,True,True,True,0.0
24.0,6,0.3999999999998636,True,True,True,True,0.0,True,True,True,True,0.0
24.0,6,0.20000000000044338,True,True,True,True,0.08333333333333337,True,False,True,True,0.41666666666666663
24.0,6,0.400000000000432,True,True,True,True,0.0,True,True,True,True,0.08333333333333337
24.0,6,1.49999999999946,True,True,True,True,0.09999999999999998,True,True,True,True,0.0
24.0,6,1.8999999999999204,True,True,True,True,0.033333333333333326,False,False,False,True,0.0
24.0,6,1.8999999999993236,True,True,True,True,0.033333333333333326,False,False,False,True,0.0
24.0,6,2.5000000000007674,True,False,True,True,0.0,False,False,False,True,-0.4
24.0,7,0.5000000000000107,True,True,True,True,0.0,True,True,True,True,0.0
24.0,7,1.7000000000000242,True,True,True,True,0.0,False,False,False,True,0.0
24.0,7,2.5000000000000355,True,False,True,True,0.0,False,False,False,True,0.0
24.0,7,1.1000000000000156,True,True,True,True,0.18181818181818177,True,True,True,True,0.0
24.0,7,0.30000000000000426,True,True,True,True,0.0,True,True,True,True,0.0
24.0,7,1.8999999999999098,True,True,True,True,0.0,False,False,False,True,0.1333333333333333
24.0,7,1.3999999999999062,True,True,True,True,0.0714285714285714,True,True,True,True,0.0
24.0,7,0.6999999999998963,True,True,True,True,0.3571428571428571,True,True,True,True,0.0
24.0,7,2.799999999999919,False,False,False,True,0.0,False,False,False,True,0.0
24.0,7,1.6000000000000227,True,True,True,True,0.0,True,True,True,True,0.0
24.0,7,1.4000000000001336,True,True,True,True,0.0,True,True,True,True,0.0
24.0,7,0.6999999999999034,True,True,True,True,0.0,True,True,True,True,0.3571428571428571
24.0,7,0.6999999999998678,True,True,True,True,0.0,True,True,True,True,0.0
24.0,7,0.30000000000011795,True,True,True,True,0.0,True,True,True,True,0.0
24.0,7,2.499999999999922,True,True,True,True,0.0,True,False,True,True,0.0
24.0,7,0.7000000000000028,True,True,True,True,0.3571428571428571,True,True,True,True,0.0
24.0,7,0.5999999999999659,True,True,True,True,0.0,True,True,True,True,0.0
24.0,7,3.3999999999998067,True,False,True,True,0.0,False,False,False,True,0.0
24.0,7,0.5,True,True,True,True,0.41666666666666663,True,True,True,True,0.0
24.0,7,0.1999999999999602,True,True,True,True,0.0,True,True,True,True,0.0
24.0,7,2.6000000000002643,True,False,True,True,0.0,False,False,False,True,0.16666666666666663
24.0,7,2.3000000000002103,True,False,True,True,0.0,False,False,False,True,0.0
24.0,7,0.7999999999998408,True,True,True,True,0.0,True,True,True,True,0.0
24.0,7,7.200000000000102,False,False,False,True,0.0,False,False,False,True,0.0
24.0,7,0.7999999999998977,True,True,True,True,0.1875,True,True,True,True,0.0
24.0,7,1.1999999999993776,True,True,True,True,0.0,True,True,True,True,0.0
24.0,7,0.800000000000054,True,True,True,True,0.0,True,True,True,True,0.0
24.0,7,0.6000000000007049,True,True,True,True,0.0,True,True,True,True,0.0
24.0,7,3.4999999999997016,True,False,True,True,0.0,False,False,False,True,0.033333333333333326
24.0,7,0.30000000000011084,True,True,True,True,0.41666666666666663,True,True,True,True,0.0
24.0,7,0.2000000000008697,True,True,True,True,0.0,True,True,True,True,0.0
24.0,7,0.5999999999993975,True,True,True,True,0.0,True,True,True,True,0.0
24.0,7,0.7000000000005286,True,True,True,True,0.0,True,True,True,True,0.0
24.0,7,0.899999999999963,True,True,True,True,0.2777777777777778,True,True,True,True,0.0
24.0,7,0.7000000000009692,True,True,True,True,0.0,True,True,True,True,-0.2857142857142857
24.0,7,2.299999999999301,True,False,True,True,0.0,False,False,False,True,0.0
24.0,7,0.9999999999994316,True,True,True,True,0.0,True,True,True,True,0.0
24.0,7,5.799999999999784,False,False,False,True,0.0,False,False,False,True,0.0
24.0,7,1.2000000000007844,True,True,True,True,0.0,True,True,True,True,0.0
24.0,7,1.4000000000000625,True,True,True,True,0.1785714285714286,False,False,False,False,-0.4285714285714286
24.0,7,2.00000000000108,True,True,True,True,0.0,True,False,True,True,0.0
24.0,7,1.5999999999995111,True,True,True,True,0.0,False,True,True,True,0.16666666666666663
24.0,7,2.700000000000273,False,False,False,True,0.0,False,False,False,True,-0.06666666666666665
24.0,7,2.00000000000108,True,True,True,True,0.1333333333333333,True,False,True,True,0.0
24.0,7,0.7999999999984766,True,True,True,True,0.3125,False,True,True,True,-0.25
48.0,0,1.8999999999999382,True,True,True,True,0.09999999999999998,False,False,False,True,0.0
48.0,0,1.3999999999998742,True,False,True,True,0.0714285714285714,True,False,True,True,0.8571428571428571
48.0,0,0.2999999999999723,True,True,True,True,0.25,True,True,True,True,0.33333333333333337
48.0,0,0.2000000000000064,True,True,True,True,0.0,True,False,True,True,0.41666666666666663
48.0,0,1.3999999999999275,True,True,True,True,0.0,True,True,True,True,0.0357142857142857
48.0,0,1.7999999999999368,True,True,True,True,0.0,True,True,True,True,0.1333333333333333
48.0,0,0.5000000000000071,True,True,True,True,0.0,True,True,True,True,0.08333333333333337
48.0,0,0.7999999999999261,True,True,True,True,0.0,True,True,True,True,0.0
48.0,0,1.3999999999999773,True,True,True,True,0.0,True,False,True,True,0.31034482758620685
48.0,0,1.4999999999999147,True,True,True,True,0.0,True,False,True,True,0.13333333333333341
48.0,0,1.9999999999999858,True,True,True,True,0.0,False,False,False,True,0.1333333333333333
48.0,0,0.19999999999988916,True,False,True,True,0.41666666666666663,False,False,False,True,0.0
48.0,0,0.5999999999998806,True,True,True,True,0.0,True,True,True,True,0.0
48.0,0,0.8999999999999488,True,True,True,True,0.0,True,True,True,True,0.0
48.0,0,0.2999999999999332,True,True,True,True,-0.16666666666666663,True,True,True,True,0.0
48.0,0,1.8000000000000185,True,True,True,True,0.0,False,False,False,False,-0.06666666666666665
48.0,0,0.6999999999997755,True,True,True,True,-0.3571428571428571,True,True,True,True,0.0
48.0,0,1.1000000000000298,True,True,True,True,0.0,True,True,True,True,0.0
48.0,0,0.7999999999999687,True,True,True,True,0.0,True,True,True,True,0.0
48.0,0,1.5999999999998238,True,True,True,True,0.0,True,True,True,True,0.0
48.0,0,0.20000000000028706,True,True,True,True,0.0,True,False,True,True,0.16666666666666663
48.0,0,0.999999999999929,True,True,True,True,0.0,True,True,True,True,0.0
48.0,0,1.9999999999999005,True,True,True,True,0.0,False,False,False,False,0.09999999999999998
48.0,0,0.5999999999998664,True,True,True,True,0.33333333333333337,True,True,True,True,0.0
48.0,0,1.700000000000344,True,True,True,True,0.0,False,False,False,True,0.0
48.0,0,1.2000000000004292,True,True,True,True,0.20833333333333337,True,True,True,True,0.0
48.0,0,0.699999999999946,True,True,True,True,0.0,True,False,True,True,0.6428571428571428
48.0,0,1.199999999999747,True,True,True,True,0.0,True,True,True,True,0.20833333333333337
48.0,0,0.20000000000062812,True,True,True,True,0.0,True,True,True,True,0.0
48.0,0,0.19999999999998863,True,True,True,True,0.0,True,False,True,True,0.33333333333333337
48.0,0,1.6000000000002501,True,True,True,True,0.0,True,True,True,True,0.0
48.0,0,1.7000000000004576,True,True,True,True,0.0,True,True,True,True,0.06666666666666665
48.0,0,0.5999999999999943,True,True,True,True,0.6666666666666667,True,False,True,True,0.5833333333333334
48.0,0,0.8999999999992383,True,True,True,True,0.0,True,True,True,True,0.2777777777777778
48.0,0,1.300000000000523,True,True,True,True,0.0,True,True,True,True,0.1923076923076923
48.0,0,3.5999999999996817,False,False,False,True,0.0,False,False,False,True,-0.16666666666666674
48.0,0,0.800000000000594,True,True,True,True,0.0,True,True,True,True,0.0
48.0,0,0.30000000000092086,True,True,True,True,0.0,True,True,True,True,-0.41666666666666663
48.0,0,0.5999999999993548,True,True,True,True,0.0,True,True,True,True,0.0
48.0,0,0.2000000000004576,True,False,True,True,0.25,False,False,False,True,0.0
48.0,0,0.7999999999996845,True,True,True,True,0.0,True,True,True,True,-0.125
48.0,0,0.40000000000088676,True,True,True,True,0.0,True,True,True,True,0.0
48.0,0,1.299999999999713,True,True,True,True,0.0,True,True,True,True,0.0
48.0,0,0.6000000000003212,True,True,True,True,0.33333333333333337,True,True,True,True,0.0
48.0,0,1.7000000000004576,False,True,True,True,0.0,False,False,False,False,0.3666666666666667
48.0,0,0.5000000000013358,True,True,True,True,0.16666666666666674,True,True,True,True,0.0
48.0,0,0.29999999999905924,True,True,True,True,0.0,True,True,True,True,0.0
48.0,0,0.4999999999998579,True,True,True,True,0.0,True,True,True,True,0.33333333333333337
48.0,0,1.1999999999999318,True,True,True,True,0.0,True,True,True,True,0.0
48.0,0,0.4999999999997442,True,True,True,True,0.0,True,True,True,True,0.0
48.0,0,0.9000000000006452,True,True,True,True,0.0,True,True,True,True,0.0
48.0,0,2.099999999998957,True,True,True,True,0.0,True,False,True,True,0.0
48.0,0,0.8000000000004235,True,True,True,True,0.0,True,True,True,True,0.3125
48.0,0,0.29999999999905924,True,True,True,True,0.0,True,True,True,True,0.0
48.0,0,0.400000000000432,True,True,True,True,0.0,True,True,True,True,0.0
48.0,0,0.4000000000001762,True,True,True,True,0.0,True,True,True,True,0.0
48.0,0,0.2000000000004718,True,True,True,True,0.0,False,True,True,True,-0.16666666666666663
48.0,0,0.20000000000013074,True,False,True,True,0.33333333333333337,True,False,True,True,0.33333333333333337
48.0,0,0.599999999999568,True,True,True,True,0.0,True,True,True,True,0.0
48.0,0,0.5999999999995396,True,True,True,True,0.0,True,True,True,True,0.0
48.0,0,2.3000000000017735,True,True,True,True,0.0,True,False,True,True,0.0
48.0,0,0.6000000000007617,True,True,True,True,0.0,True,True,True,True,0.33333333333333337
48.0,0,0.7000000000007844,True,True,True,True,0.0,False,False,False,False,0.0
48.0,0,1.200000000000017,True,True,True,True,0.0,True,True,True,True,0.0
48.0,0,3.5999999999996817,True,False,True,True,0.0,False,False,False,True,0.0
48.0,0,0.5000000000006537,True,True,True,True,0.41666666666666663,True,True,True,True,0.0
48.0,0,0.4000000000005173,True,True,True,True,0.0,True,True,True,True,0.0
48.0,0,0.399999999999892,True,True,True,True,0.0,True,True,True,True,0.0
48.0,0,0.4999999999990621,True,True,True,True,0.0,True,True,True,True,0.0
48.0,0,0.30000000000035243,True,True,True,True,0.0,True,True,True,True,0.0
48.0,0,0.8999999999999488,True,True,True,True,0.0,True,True,True,True,0.0
48.0,0,0.49999999999943157,True,True,True,True,0.0,True,True,True,True,0.0
48.0,0,1.300000000001262,True,True,True,True,0.0,True,True,True,True,0.0
48.0,0,0.3000000000002103,True,True,True,True,0.0,True,True,True,True,0.0
48.0,0,0.5999999999997385,True,True,True,True,0.0,True,True,True,True,0.0
48.0,1,0.4999999999999254,True,True,True,True,0.33333333333333337,True,True,True,True,0.33333333333333337
48.0,1,1.3999999999999915,True,True,True,True,0.0,False,False,False,False,0.25
48.0,1,0.8000000000000114,True,True,True,True,0.125,True,True,True,True,0.0
48.0,1,1.0999999999998984,True,True,True,True,0.0,True,True,True,True,0.0
48.0,1,1.8999999999999133,True,True,True,True,0.1333333333333333,True,False,True,True,0.0
48.0,1,0.29999999999997584,True,True,True,True,0.41666666666666663,False,False,False,True,0.08333333333333334
48.0,1,0.4000000000000057,True,True,True,True,0.0,True,True,True,True,0.0
48.0,1,0.399999999999892,True,True,True,True,0.0,True,True,True,True,0.0
48.0,1,0.4999999999999787,True,True,True,True,0.0,True,True,True,True,0.0
48.0,1,0.6999999999999247,True,True,True,True,0.0,True,True,True,True,0.0
48.0,1,0.8000000000000398,True,True,True,True,0.0,True,False,True,True,0.6875
48.0,1,1.0999999999999872,True,True,True,True,0.0,True,True,True,True,0.18181818181818177
48.0,1,1.0999999999998167,True,True,True,True,0.0,True,True,True,True,0.0
48.0,1,0.20000000000011653,True,True,True,True,0.0,False,True,True,True,-0.5
48.0,1,1.599999999999909,True,True,True,True,0.0,True,True,True,True,-0.16666666666666663
48.0,1,0.4000000000000057,True,True,True,True,0.0,True,True,True,True,0.08333333333333337
48.0,1,0.20000000000000995,True,True,True,True,0.0,True,True,True,True,0.0
48.0,1,0.29999999999996874,True,True,True,True,0.0,True,True,True,True,0.0
48.0,1,0.19999999999988205,True,True,True,True,0.08333333333333337,True,False,True,True,0.41666666666666663
48.0,1,0.49999999999977973,True,True,True,True,0.25,True,True,True,True,0.0
48.0,1,0.4000000000000057,True,True,True,True,0.0,True,True,True,True,0.0
48.0,1,0.5999999999998664,True,True,True,True,0.0,True,True,True,True,0.0
48.0,1,0.5000000000000995,True,True,True,True,0.0,True,False,True,True,-0.08333333333333326
48.0,1,1.1999999999999105,True,True,True,True,0.0,True,True,True,True,0.0
48.0,1,1.09999999999998,True,True,True,True,0.0,True,True,True,True,0.0
48.0,1,0.7999999999998693,True,True,True,True,0.0,True,True,True,True,0.0
48.0,1,0.20000000000000284,True,True,True,True,0.0,True,True,True,True,0.0
48.0,1,0.9999999999999005,True,True,True,True,0.0,True,True,True,True,0.0
48.0,1,1.20000000000001,True,True,True,True,0.0,True,True,True,True,0.0
48.0,1,1.3000000000001322,True,True,True,True,0.0,True,False,True,True,0.8461538461538461
48.0,1,0.7000000000001876,True,True,True,True,0.3571428571428571,True,True,True,True,0.3571428571428571
48.0,1,0.20000000000000284,True,True,True,True,0.0,True,False,True,True,0.41666666666666663
48.0,1,0.6999999999998181,True,True,True,True,0.0,True,True,True,True,0.0
48.0,1,0.20000000000005969,True,True,True,True,0.0,True,True,True,True,0.0
48.0,1,0.999999999999801,True,True,True,True,0.0,True,True,True,True,0.0
48.0,1,0.6000000000003496,True,True,True,True,0.0,True,True,True,True,0.0
48.0,1,0.8000000000002956,True,True,True,True,0.0,True,True,True,True,0.25
48.0,1,0.4000000000005173,True,True,True,True,0.0,True,True,True,True,0.33333333333333337
48.0,1,0.3000000000004377,True,True,True,True,0.0,False,False,False,True,-0.75
48.0,1,0.5000000000004263,True,True,True,True,0.41666666666666663,True,True,True,True,0.0
48.0,1,1.2000000000001023,True,True,True,True,0.0,True,True,True,True,0.0
48.0,1,1.4000000000004889,True,True,True,True,0.1785714285714286,True,True,True,True,0.0
48.0,1,1.5999999999994827,True,True,True,True,0.0,False,True,True,True,-0.033333333333333326
48.0,1,0.6999999999999602,True,True,True,True,0.0,True,True,True,True,-0.2857142857142857
48.0,1,0.6999999999995197,True,True,True,True,0.0,True,True,True,True,-0.2857142857142857
48.0,1,0.9000000000000057,True,True,True,True,0.0,True,True,True,True,0.0
48.0,1,1.199999999999875,True,True,True,True,0.0,True,True,True,True,0.0
48.0,1,0.40000000000020464,True,True,True,True,0.0,True,True,True,True,0.25
48.0,1,0.39999999999928093,True,True,True,True,0.0,True,True,True,True,0.0
48.0,1,1.6000000000004775,True,True,True,True,0.0,True,False,True,True,0.06666666666666665
48.0,1,0.49999999999991473,True,True,True,True,0.0,True,True,True,True,0.08333333333333337
48.0,1,0.30000000000063665,True,True,True,True,0.0,True,True,True,True,0.0
48.0,1,0.4999999999999858,True,True,True,True,0.0,True,True,True,True,0.0
48.0,1,0.20000000000030127,True,True,True,True,0.0,True,False,True,True,0.5
48.0,1,1.00000000000054,True,True,True,True,0.0,False,True,True,True,-0.10000000000000009
48.0,1,0.6999999999990649,True,True,True,True,0.0,True,True,True,True,-0.3571428571428571
48.0,1,0.4000000000003183,True,True,True,True,0.0,True,True,True,True,0.0
48.0,1,0.7999999999998408,True,True,True,True,0.0,True,True,True,True,0.0
48.0,1,0.6000000000006764,True,True,True,True,0.0,True,True,True,True,0.0
48.0,1,0.20000000000088392,True,True,True,True,0.0,True,False,True,True,0.41666666666666663
48.0,1,1.7999999999988319,True,True,True,True,0.0,False,False,False,True,-0.20000000000000007
48.0,1,1.199999999999278,True,True,True,True,0.0,True,True,True,True,0.0
48.0,1,0.4000000000010999,True,True,True,True,0.0,True,True,True,True,0.0
48.0,1,1.6999999999996476,True,True,True,True,0.0,True,True,True,True,0.0
48.0,1,0.49999999999955946,True,True,True,True,0.0,True,True,True,True,0.0
48.0,1,1.3000000000006793,True,True,True,True,0.0,True,True,True,True,0.0
48.0,1,0.20000000000055707,True,True,True,True,0.16666666666666663,False,True,True,True,-0.16666666666666674
48.0,1,1.199999999999818,True,True,True,True,0.0,True,True,True,True,0.0
48.0,1,0.6999999999995623,True,True,True,True,0.0,True,True,True,True,-0.2857142857142857
48.0,1,1.2999999999991303,True,True,True,True,0.0,False,True,True,True,-0.038461538461538436
48.0,1,0.7999999999994429,True,True,True,True,0.0,False,True,True,True,-0.6666666666666667
48.0,1,0.20000000000140972,True,True,True,True,0.0,False,True,True,True,-0.41666666666666663
48.0,1,0.9000000000013131,True,True,True,True,0.0,True,True,True,True,0.0
48.0,1,0.9000000000007162,True,True,True,True,0.0,True,True,True,True,0.0
48.0,1,1.299999999999585,True,True,True,True,0.040000000000000036,True,True,True,True,0.0
48.0,1,0.19999999999984652,True,True,True,True,0.0,True,True,True,True,0.0
48.0,1,0.4000000000009152,True,True,True,True,0.0,True,True,True,True,0.0
48.0,1,1.0000000000006821,True,True,True,True,0.0,True,True,True,True,-0.25
48.0,1,0.39999999999918145,True,True,True,True,0.0,True,True,True,True,0.0
48.0,1,1.300000000000722,True,True,True,True,0.0,True,True,True,True,0.0
48.0,1,1.1000000000009322,True,True,True,True,0.0,True,True,True,True,-0.13636363636363635
48.0,1,1.4000000000001194,True,True,True,True,0.0,True,True,True,True,0.0
48.0,2,1.200000000000017,True,True,True,True,0.0,True,True,True,True,0.0
48.0,2,1.0999999999999446,True,True,True,True,0.0,True,True,True,True,0.0
48.0,2,0.2000000000000739,True,True,True,True,0.0,True,False,True,True,0.6666666666666667
48.0,2,1.699999999999907,True,True,True,True,0.0,True,True,True,True,0.1333333333333333
48.0,2,0.7999999999998977,True,True,True,True,0.25,True,True,True,True,0.0
48.0,2,0.5000000000001492,True,True,True,True,0.08333333333333326,True,True,True,True,0.0
48.0,2,2.299999999999997,True,False,True,True,0.0,False,False,False,True,0.19999999999999996
48.0,2,0.6999999999999034,True,True,True,True,0.3571428571428571,True,True,True,True,0.0
48.0,2,0.6999999999999034,True,True,True,True,0.3571428571428571,True,True,True,True,0.0
48.0,2,1.0999999999997883,True,True,True,True,0.0,True,True,True,True,0.0
48.0,2,1.599999999999902,True,True,True,True,0.1333333333333333,False,True,True,True,-0.16666666666666674
48.0,2,1.200000000000017,True,True,True,True,0.20833333333333337,True,True,True,True,0.0
48.0,2,1.5000000000000213,True,True,True,True,0.0,False,False,False,False,-0.2666666666666667
48.0,2,0.599999999999902,True,True,True,True,0.0,True,True,True,True,0.0
48.0,2,1.0000000000001208,True,True,True,True,0.0,True,True,True,True,0.0
48.0,2,1.099999999999909,True,True,True,True,0.0,False,True,True,True,-0.13636363636363635
48.0,2,1.8000000000000256,False,True,True,True,-0.033333333333333326,False,False,False,False,-0.3666666666666667
48.0,2,0.39999999999994174,True,True,True,True,-0.33333333333333337,True,True,True,True,0.0
48.0,2,0.6000000000000085,True,True,True,True,0.0,True,True,True,True,0.0
48.0,2,0.5000000000000071,True,True,True,True,0.16666666666666663,True,True,True,True,0.16666666666666663
48.0,2,0.3999999999999986,True,True,True,True,0.0,True,True,True,True,-0.41666666666666663
48.0,2,0.4000000000000128,True,True,True,True,0.0,True,True,True,True,0.0
48.0,2,0.20000000000011653,True,True,True,True,0.0,True,True,True,True,0.0
48.0,2,0.3999999999997783,True,True,True,True,0.0,True,True,True,True,0.0
48.0,2,1.4999999999999858,True,True,True,True,0.0,True,False,True,True,0.09999999999999998
48.0,2,1.2999999999999545,True,True,True,True,0.0,True,True,True,True,0.1923076923076923
48.0,2,1.2999999999999403,True,True,True,True,0.0,True,True,True,True,0.1923076923076923
48.0,2,1.6000000000001222,True,True,True,True,0.0,True,True,True,True,0.0
48.0,2,0.5000000000001847,True,True,True,True,0.0,True,True,True,True,0.33333333333333337
48.0,2,0.4000000000000341,True,True,True,True,0.0,True,True,True,True,0.0
48.0,2,0.6999999999999176,True,True,True,True,0.0,True,True,True,True,0.0
48.0,2,0.20000000000055707,True,True,True,True,0.0,True,True,True,True,0.0
48.0,2,0.2999999999996277,True,True,True,True,0.0,True,True,True,True,0.0
48.0,2,0.40000000000036096,True,True,True,True,0.0,True,True,True,True,0.0
48.0,2,0.19999999999960494,True,True,True,True,0.0,True,True,True,True,0.25
48.0,2,0.3000000000004661,True,True,True,True,0.0,True,False,True,True,0.25
48.0,2,0.5000000000003126,True,True,True,True,0.0,True,True,True,True,0.0
48.0,2,2.6999999999989512,True,True,True,True,0.0,False,False,False,True,-0.30000000000000004
48.0,2,0.700000000000415,True,True,True,True,0.0,True,True,True,True,-0.2857142857142857
48.0,2,0.20000000000030127,True,True,True,True,0.0,False,True,True,True,-0.41666666666666663
48.0,2,1.7000000000003581,True,True,True,True,0.0,False,False,False,True,0.033333333333333326
48.0,2,0.3999999999996362,True,True,True,True,0.41666666666666663,True,True,True,True,0.0
48.0,2,3.5000000000005826,True,True,True,True,0.0,False,False,False,True,0.0
48.0,2,1.5999999999994259,True,True,True,True,0.09999999999999998,False,True,True,True,-0.16666666666666674
48.0,2,1.7000000000003013,True,True,True,True,0.0,True,False,True,True,0.06666666666666665
48.0,2,3.0000000000007816,True,False,True,True,0.16666666666666663,False,False,False,True,0.1333333333333333
48.0,2,1.3000000000003809,True,True,True,True,0.1923076923076923,True,True,True,True,0.0
48.0,2,1.0000000000005116,True,True,True,True,0.0,True,True,True,True,0.0
48.0,2,3.200000000000159,True,False,True,True,0.0,False,False,False,True,-0.06666666666666665
48.0,2,0.19999999999906493,True,False,True,True,0.41666666666666663,False,False,False,True,0.0
48.0,2,1.3000000000007361,True,True,True,True,0.038461538461538436,True,True,True,True,0.0
48.0,2,2.0999999999994543,True,False,True,True,0.16666666666666663,True,False,True,True,0.2333333333333334
48.0,2,0.9000000000008583,True,True,True,True,0.16666666666666663,True,True,True,True,0.16666666666666663
48.0,2,2.59999999999971,True,False,True,True,0.0,False,False,False,True,0.0
48.0,2,2.5999999999994543,True,False,True,True,0.0,False,False,False,True,0.0
48.0,2,0.1999999999995481,True,False,True,True,0.33333333333333326,False,False,False,True,0.0
48.0,2,0.9999999999999432,True,True,True,True,0.0,True,True,True,True,0.0
48.0,2,0.6000000000013728,True,True,True,True,0.0,True,True,True,True,0.0
48.0,2,1.0000000000000142,True,True,True,True,-0.19999999999999996,True,True,True,True,-0.25
48.0,2,1.299999999999926,True,True,True,True,0.0,True,True,True,True,0.15384615384615385
48.0,2,0.4000000000000057,True,True,True,True,0.0,True,True,True,True,0.0
48.0,2,0.2999999999993861,True,True,True,True,0.0,True,True,True,True,0.0
48.0,2,0.29999999999986926,True,True,True,True,0.0,True,True,True,True,0.0
48.0,2,0.6999999999996191,True,True,True,True,0.0,True,True,True,True,0.0
48.0,2,0.8000000000004945,True,True,True,True,0.0,True,True,True,True,-0.25
48.0,2,1.7999999999995282,True,True,True,True,0.0,False,True,True,True,0.033333333333333326
48.0,2,0.8999999999998352,True,True,True,True,0.0,False,True,True,True,-0.9444444444444444
48.0,2,0.10000000000093223,True,True,True,True,0.0,False,True,True,True,-0.41666666666666663
48.0,2,0.9999999999991758,True,True,True,True,0.0,True,True,True,True,0.0
48.0,2,0.20000000000109708,True,True,True,True,0.0,True,True,True,True,0.0
48.0,2,1.300000000001205,True,True,True,True,0.0,True,True,True,True,0.0
48.0,2,0.2999999999999261,True,True,True,True,0.0,True,False,True,True,0.5
48.0,2,0.700000000000216,True,True,True,True,0.0,True,True,True,True,0.3571428571428571
48.0,2,0.300000000000324,True,True,True,True,0.41666666666666663,True,True,True,True,0.0
48.0,2,0.19999999999990337,True,True,True,True,0.0,True,True,True,True,0.0
48.0,2,0.7999999999995282,True,True,True,True,0.0,True,True,True,True,0.3125
48.0,2,0.29999999999998295,True,True,True,True,0.0,True,True,True,True,0.0
48.0,2,0.19999999999953388,True,True,True,True,0.0,True,True,True,True,0.0
48.0,3,2.1999999999999993,True,True,True,True,0.0,True,True,True,True,0.0
48.0,3,0.1999999999999531,True,True,True,True,0.0,True,True,True,True,0.0
48.0,3,0.9000000000000128,True,True,True,True,0.0,True,True,True,True,-0.16666666666666663
48.0,3,0.9000000000000128,True,True,True,True,0.0,True,True,True,True,0.0
48.0,3,1.8999999999999133,True,True,True,True,0.0,True,False,True,True,-0.033333333333333326
48.0,3,0.5999999999998948,True,True,True,True,0.3846153846153846,True,True,True,True,0.0
48.0,3,0.49999999999994316,True,True,True,True,0.0,True,True,True,True,0.0
48.0,3,1.0999999999998238,True,True,True,True,0.0,True,True,True,True,0.0
48.0,3,0.8999999999998991,True,True,True,True,0.0,True,True,True,True,0.0
48.0,3,0.8000000000001606,False,False,False,False,-0.1875,False,False,False,False,0.0
48.0,3,0.7999999999999119,True,True,True,True,0.0,True,True,True,True,0.0
48.0,3,1.0999999999999943,True,True,True,True,0.0,True,True,True,True,0.0
48.0,3,0.799999999999784,True,True,True,True,0.3125,True,True,True,True,0.0
48.0,3,0.7999999999998053,True,True,True,True,0.0,True,True,True,True,0.0
48.0,3,0.49999999999992184,True,True,True,True,0.0,True,True,True,True,0.0
48.0,3,0.9000000000001478,True,True,True,True,0.0,True,True,True,True,0.0
48.0,3,3.9000000000000057,False,False,False,True,0.0,False,False,False,True,0.23333333333333328
48.0,3,0.20000000000005258,True,False,True,True,0.33333333333333337,False,False,False,True,0.0
48.0,3,0.4000000000001549,True,True,True,True,0.0,True,True,True,True,0.0
48.0,3,0.5999999999997883,True,True,True,True,0.0,True,True,True,True,0.0
48.0,3,2.399999999999835,False,True,True,True,0.0,False,False,False,True,0.0
48.0,3,0.599999999999902,True,True,True,True,0.0,True,True,True,True,0.0
48.0,3,1.200000000000081,True,True,True,True,0.0,True,True,True,True,0.0
48.0,3,3.0999999999998664,True,True,True,True,0.0,True,False,True,True,0.0
48.0,3,0.19999999999998863,True,False,True,True,0.41666666666666663,False,False,False,True,0.0
48.0,3,0.5999999999999659,True,True,True,True,0.08333333333333337,True,True,True,True,0.0
48.0,3,1.0000000000000995,True,True,True,True,0.0,True,True,True,True,0.0
48.0,3,0.5,True,True,True,True,0.0,True,True,True,True,0.33333333333333337
48.0,3,0.20000000000013074,True,True,True,True,0.0,True,True,True,True,0.0
48.0,3,0.8000000000002672,True,True,True,True,0.0,True,True,True,True,0.0
48.0,3,3.300000000000381,True,True,True,True,0.0,True,False,True,True,0.0
48.0,3,0.19999999999998863,True,True,True,True,0.0,True,True,True,True,0.0
48.0,3,0.3000000000004661,True,True,True,True,0.0,True,True,True,True,0.0
48.0,3,0.7000000000000455,True,True,True,True,0.0,True,True,True,True,0.0
48.0,3,0.6000000000001791,True,True,True,True,0.0,True,True,True,True,0.0
48.0,3,0.3999999999997499,True,True,True,True,0.0,True,True,True,True,0.33333333333333337
48.0,3,3.4999999999996163,False,False,False,True,0.0,False,False,False,True,0.0
48.0,3,0.40000000000061675,True,True,True,True,0.0,True,True,True,True,0.0
48.0,3,0.3999999999998636,True,True,True,True,0.0,True,True,True,True,0.0
48.0,3,0.19999999999998863,True,True,True,True,0.0,True,True,True,True,0.0
48.0,3,1.6000000000006054,True,True,True,True,0.0,True,True,True,True,0.0
48.0,3,1.7000000000000455,True,True,True,True,0.0,True,True,True,True,0.0
48.0,3,0.4000000000011994,True,True,True,True,0.41666666666666663,True,True,True,True,0.41666666666666663
48.0,3,0.3999999999989683,True,True,True,True,0.0,True,True,True,True,0.0
48.0,3,0.7000000000005002,True,True,True,True,0.0,True,True,True,True,0.0
48.0,3,0.20000000000001705,True,True,True,True,0.0,True,True,True,True,0.0
48.0,3,0.9999999999996447,True,True,True,True,0.0,True,True,True,True,0.0
48.0,3,0.6000000000002075,True,True,True,True,0.0,True,True,True,True,-0.16666666666666663
48.0,3,0.9999999999991616,True,True,True,True,0.0,True,True,True,True,0.0
48.0,3,2.400000000000091,True,True,True,True,0.0,True,True,True,True,0.0
48.0,3,0.8999999999994515,True,True,True,True,0.0,True,True,True,True,0.0
48.0,3,1.1999999999998607,True,True,True,True,0.0,False,True,True,True,-0.16666666666666663
48.0,3,0.9000000000002899,True,True,True,True,0.0,True,True,True,True,-0.2777777777777778
48.0,3,2.199999999999875,True,False,True,True,0.0,False,False,False,True,0.1333333333333333
48.0,3,1.2000000000005002,True,True,True,True,0.20833333333333337,True,True,True,True,0.0
48.0,3,1.7000000000002302,True,True,True,True,0.0,True,True,True,True,0.16666666666666663
48.0,3,0.20000000000071338,True,True,True,True,0.0,False,False,False,True,0.16666666666666663
48.0,3,0.39999999999932356,True,True,True,True,0.33333333333333337,True,True,True,True,0.33333333333333337
48.0,3,0.39999999999932356,True,True,True,True,0.33333333333333337,True,True,True,True,0.33333333333333337
48.0,3,1.3000000000006793,True,True,True,True,0.0,True,True,True,True,0.0
48.0,3,0.9999999999997584,True,True,True,True,0.19999999999999996,True,True,True,True,0.0
48.0,3,0.7000000000002444,True,True,True,True,0.2142857142857143,True,True,True,True,0.0
48.0,3,0.19999999999933493,True,True,True,True,0.0,True,True,True,True,0.0
48.0,3,1.1000000000016712,True,True,True,True,0.0,True,True,True,True,0.0
48.0,3,0.49999999999980105,True,True,True,True,0.0,True,True,True,True,0.33333333333333337
48.0,3,1.1000000000011312,True,True,True,True,0.0,True,True,True,True,0.0
48.0,3,0.8999999999993804,True,True,True,True,0.0,True,True,True,True,0.0
48.0,3,1.5000000000001137,True,True,True,True,0.0,True,True,True,True,-0.1333333333333333
48.0,3,0.5999999999997954,True,True,True,True,0.0,True,True,True,True,0.0
48.0,3,0.9999999999991758,True,True,True,True,0.0,False,True,True,True,-0.4210526315789474
48.0,3,0.5000000000008811,True,True,True,True,0.0,True,True,True,True,0.41666666666666663
48.0,3,0.20000000000010232,True,True,True,True,0.0,True,True,True,True,0.0
48.0,3,0.9000000000006025,True,True,True,True,0.0,True,True,True,True,0.0
48.0,3,1.0000000000005684,True,True,True,True,0.0,True,True,True,True,0.0
48.0,3,1.7000000000010118,True,True,True,True,0.0,False,False,False,False,-0.5333333333333333
48.0,3,0.700000000000955,True,True,True,True,0.0,True,True,True,True,0.0
48.0,3,0.3000000000012051,True,True,True,True,0.0,True,True,True,True,0.08333333333333326
48.0,4,2.1999999999999176,False,True,True,True,0.0,False,False,False,True,-0.8666666666666667
48.0,4,0.3000000000001144,False,True,True,True,-0.5833333333333334,False,False,False,True,0.0
48.0,4,1.8999999999999453,True,True,True,True,-0.033333333333333326,False,False,False,True,-0.06666666666666665
48.0,4,0.5999999999999837,True,True,True,True,0.41666666666666663,True,True,True,True,0.0
48.0,4,0.6999999999998927,True,True,True,True,0.0,True,True,True,True,0.0
48.0,4,0.4000000000000057,True,True,True,True,0.0,True,True,True,True,0.0
48.0,4,0.2999999999997769,True,True,True,True,0.0,True,True,True,True,0.0
48.0,4,1.5000000000000213,True,True,True,True,0.0,True,True,True,True,0.0
48.0,4,1.3000000000000256,True,True,True,True,0.0,True,True,True,True,-0.3846153846153846
48.0,4,0.5999999999999162,True,True,True,True,0.0,True,True,True,True,0.16666666666666663
48.0,4,0.2999999999998977,True,True,True,True,0.0,True,True,True,True,0.0
48.0,4,0.29999999999987637,True,True,True,True,0.0,True,True,True,True,0.0
48.0,4,0.599999999999902,True,True,True,True,0.0,False,True,True,True,-0.5833333333333333
48.0,4,1.0000000000000142,True,True,True,True,0.0,False,False,False,False,-0.35
48.0,4,0.9000000000000128,True,True,True,True,0.0,True,True,True,True,0.2222222222222222
48.0,4,1.8999999999999275,False,False,False,True,-0.06666666666666665,False,False,False,False,0.3666666666666667
48.0,4,0.30000000000000426,True,True,True,True,0.0,True,True,True,True,0.0
48.0,4,1.700000000000074,True,True,True,True,0.0,True,True,True,True,0.0
48.0,4,1.3000000000000185,True,True,True,True,0.0,True,True,True,True,-0.11538461538461542
48.0,4,1.699999999999882,True,True,True,True,0.09999999999999998,True,True,True,True,0.0
48.0,4,1.000000000000128,True,True,True,True,0.0,True,True,True,True,0.0
48.0,4,0.19999999999988916,True,True,True,True,0.0,True,True,True,True,0.0
48.0,4,0.40000000000010516,True,True,True,True,0.0,True,True,True,True,0.0
48.0,4,0.49999999999993605,True,True,True,True,0.0,True,True,True,True,0.0
48.0,4,0.5999999999998664,True,True,True,True,0.0,True,True,True,True,0.0
48.0,4,1.6000000000001577,True,True,True,True,0.0,True,True,True,True,0.0
48.0,4,0.3999999999998636,True,True,True,True,0.0,True,True,True,True,0.0
48.0,4,1.1999999999999744,True,True,True,True,0.0,True,True,True,True,0.0
48.0,4,0.4999999999997726,True,True,True,True,0.0,True,True,True,True,0.0
48.0,4,0.4000000000004036,True,True,True,True,0.0,True,True,True,True,0.0
48.0,4,0.20000000000040075,True,True,True,True,0.0,True,True,True,True,0.0
48.0,4,0.6000000000000938,True,True,True,True,0.0,True,True,True,True,0.33333333333333337
48.0,4,0.30000000000039506,True,True,True,True,0.0,True,True,True,True,0.0
48.0,4,0.29999999999974136,True,True,True,True,0.0,True,True,True,True,0.41666666666666663
48.0,4,1.4000000000004604,True,True,True,True,0.0,True,True,True,True,0.0
48.0,4,0.19999999999987494,True,True,True,True,0.0,True,False,True,True,0.33333333333333337
48.0,4,0.5999999999998522,True,True,True,True,0.0,True,True,True,True,0.0
48.0,4,0.3000000000000398,True,True,True,True,0.0,True,True,True,True,0.0
48.0,4,1.5000000000002558,True,True,True,True,0.0,False,True,True,True,-0.2666666666666667
48.0,4,0.7000000000005144,True,True,True,True,0.0,True,True,True,True,-0.3571428571428571
48.0,4,0.8000000000003382,True,True,True,True,0.0,True,True,True,True,-0.3125
48.0,4,0.7000000000008697,True,True,True,True,0.0,True,True,True,True,0.2857142857142857
48.0,4,0.2000000000003581,True,False,True,True,0.33333333333333337,False,False,False,True,0.0
48.0,4,0.9000000000007446,True,True,True,True,0.0,True,True,True,True,0.0
48.0,4,1.40000000000029,True,True,True,True,0.1785714285714286,True,True,True,True,0.0
48.0,4,0.700000000000415,True,True,True,True,0.0,True,True,True,True,0.0
48.0,4,0.2999999999996703,True,True,True,True,0.0,True,True,True,True,0.0
48.0,4,0.19999999999998863,True,True,True,True,0.0,True,True,True,True,0.0
48.0,4,0.9000000000004462,True,True,True,True,0.0,True,False,True,True,0.2222222222222222
48.0,4,0.3999999999999204,True,True,True,True,0.0,True,True,True,True,0.41666666666666663
48.0,4,0.1999999999999602,True,True,True,True,0.0,True,True,True,True,0.0
48.0,4,0.19999999999953388,True,True,True,True,0.0,True,True,True,True,0.0
48.0,4,2.3999999999992383,True,True,True,True,0.0,False,False,False,True,0.0
48.0,4,0.40000000000050306,True,True,True,True,0.0,True,True,True,True,0.0
48.0,4,0.20000000000013074,True,True,True,True,0.0,True,True,True,True,0.0
48.0,4,1.1000000000003496,True,True,True,True,0.0,True,True,True,True,0.0
48.0,4,0.49999999999991473,True,True,True,True,0.25,True,True,True,True,0.41666666666666663
48.0,4,0.8000000000000824,True,True,True,True,0.0,True,True,True,True,0.0
48.0,4,0.7999999999996277,True,True,True,True,0.0,True,True,True,True,0.0
48.0,4,0.5999999999995111,True,True,True,True,0.0,True,True,True,True,0.0
48.0,4,1.3999999999998494,True,True,True,True,0.0,False,False,False,False,-0.0714285714285714
48.0,4,0.5000000000006395,True,True,True,True,0.0,True,True,True,True,0.33333333333333326
48.0,4,0.7999999999999545,True,True,True,True,0.3125,True,True,True,True,0.0
48.0,4,0.6000000000003638,True,True,True,True,0.0,True,True,True,True,0.0
48.0,4,0.5000000000003268,True,True,True,True,0.0,True,True,True,False,0.0
48.0,4,0.30000000000001137,True,True,True,True,0.0,False,True,True,True,-0.5833333333333333
48.0,4,0.4999999999998863,True,True,True,True,0.0,True,True,True,True,0.16666666666666663
48.0,4,0.9000000000003752,True,True,True,True,0.0,True,False,True,True,1.0
48.0,4,0.30000000000077875,True,True,True,True,0.0,True,True,True,True,0.41666666666666663
48.0,4,0.30000000000066507,True,True,True,True,0.0,True,True,True,True,0.0
48.0,4,0.19999999999987494,True,True,True,True,0.0,True,True,True,True,0.0
48.0,4,1.599999999999028,True,True,True,True,0.0,True,False,True,True,0.30000000000000004
48.0,4,0.20000000000069917,True,False,True,True,0.33333333333333337,False,False,False,True,0.08333333333333337
48.0,4,0.5999999999997385,True,True,True,True,0.0,True,True,True,True,0.0
48.0,4,2.800000000000921,True,True,True,True,0.0,False,False,False,True,0.06666666666666665
48.0,4,0.2000000000003581,False,False,False,True,0.08333333333333326,False,False,False,True,0.0
48.0,4,0.5000000000004263,True,True,True,True,0.0,True,True,True,True,0.0
48.0,4,0.3000000000002103,True,True,True,True,0.0,True,True,True,True,0.0
48.0,4,1.1000000000000512,True,True,True,True,0.0,True,True,True,True,0.09090909090909094
48.0,4,2.2999999999998977,True,True,True,True,0.0,False,False,False,True,-0.033333333333333326
48.0,4,1.4000000000003183,True,True,True,True,0.1428571428571429,True,True,True,True,0.0
48.0,4,1.0999999999995964,True,True,True,True,0.0,True,True,True,True,0.18181818181818177
48.0,4,0.6000000000012449,True,True,True,True,0.0,True,True,True,True,0.0
48.0,5,1.2999999999999936,True,True,True,True,0.0,True,True,True,True,0.0
48.0,5,0.999999999999897,True,True,True,True,0.0,True,True,True,True,0.09999999999999998
48.0,5,0.5000000000000071,True,True,True,True,0.33333333333333337,True,True,True,True,0.0
48.0,5,0.300000000000022,True,True,True,True,0.0,True,True,True,True,0.0
48.0,5,1.099999999999902,True,True,True,True,0.0,True,True,True,True,0.0
48.0,5,0.40000000000009095,True,True,True,True,0.0,True,True,True,True,0.41666666666666663
48.0,5,0.6000000000000085,True,True,True,True,0.0,True,True,True,True,0.0
48.0,5,2.1999999999999176,True,True,True,True,0.0,True,True,True,True,0.0
48.0,5,1.7000000000000242,True,True,True,True,0.0,True,False,True,True,0.1333333333333333
48.0,5,0.6999999999997826,True,True,True,True,0.0,True,True,True,True,0.0
48.0,5,3.2000000000000384,True,True,True,True,0.0,False,False,False,True,0.0
48.0,5,0.19999999999988916,True,True,True,True,0.0,False,False,False,True,0.0
48.0,5,1.8000000000001393,True,True,True,True,0.0,False,False,False,True,-0.06666666666666665
48.0,5,0.4999999999999858,True,True,True,True,0.0,True,True,True,True,0.0
48.0,5,1.399999999999899,True,True,True,True,0.0,True,True,True,True,0.0
48.0,5,0.3000000000002032,True,True,True,True,0.41666666666666663,True,True,True,True,0.0
48.0,5,1.8999999999997996,True,True,True,True,0.0,False,False,False,True,0.0
48.0,5,0.4999999999999929,True,True,True,True,0.33333333333333326,True,True,True,True,0.0
48.0,5,1.2999999999997058,True,True,True,True,0.1923076923076923,True,True,True,True,0.1923076923076923
48.0,5,1.300000000000182,True,True,True,True,0.0,True,True,True,True,0.07692307692307687
48.0,5,1.2999999999998977,True,True,True,True,0.0,True,True,True,True,0.0
48.0,5,0.5999999999998806,True,True,True,True,0.0,True,True,True,True,0.16666666666666663
48.0,5,0.20000000000055707,False,False,False,True,0.0,False,False,False,True,0.0
48.0,5,1.0999999999998238,True,True,True,True,0.0,True,True,True,True,0.0
48.0,5,2.699999999999534,False,False,False,True,0.0,False,False,False,True,-0.1333333333333333
48.0,5,0.39999999999983515,True,True,True,True,0.0,True,True,True,True,0.0
48.0,5,1.300000000000722,True,True,True,True,0.038461538461538436,True,True,True,True,0.0
48.0,5,1.000000000000142,True,True,True,True,0.0,True,True,True,True,0.0
48.0,5,1.3000000000004093,True,True,True,True,0.1923076923076923,False,True,True,True,-0.3076923076923077
48.0,5,0.8999999999998352,True,True,True,True,0.2777777777777778,True,True,True,True,0.0
48.0,5,0.600000000000648,True,True,True,True,0.0,True,True,True,True,0.0
48.0,5,0.5999999999994969,True,True,True,True,0.0,True,True,True,True,0.0
48.0,5,0.30000000000103455,True,True,True,True,0.0,True,True,True,True,0.0
48.0,5,0.5000000000007532,True,True,True,True,0.0,True,True,True,True,0.08333333333333337
48.0,5,0.5999999999997669,True,True,True,True,0.0,True,True,True,True,0.16666666666666663
48.0,5,0.6999999999998323,True,True,True,True,0.0,True,True,True,True,0.0
48.0,5,0.7999999999999687,True,True,True,True,0.0,True,True,True,True,0.25
48.0,5,0.6000000000008612,True,True,True,True,0.0,True,True,True,True,0.0
48.0,5,0.2999999999994145,True,True,True,True,0.0,True,True,True,True,0.0
48.0,5,0.4000000000003041,True,True,True,True,0.0,True,True,True,True,0.0
48.0,5,0.30000000000075033,True,True,True,True,0.0,True,True,True,True,-0.41666666666666663
48.0,5,2.5999999999990564,True,False,True,True,0.0,False,False,False,False,0.7000000000000001
48.0,5,0.3000000000004377,True,True,True,True,0.41666666666666663,True,True,True,True,0.0
48.0,5,0.200000000000216,True,True,True,True,0.0,False,False,False,True,0.16666666666666663
48.0,5,0.20000000000089813,True,False,True,True,0.41666666666666663,False,False,False,True,0.0
48.0,5,0.4000000000003183,True,True,True,True,0.08333333333333337,True,True,True,True,0.0
48.0,5,0.5999999999990848,True,True,True,True,0.0,True,True,True,True,0.0
48.0,5,0.8000000000007219,True,True,True,True,0.0,True,True,True,True,0.0
48.0,5,1.7000000000006992,True,True,True,True,0.0,True,True,True,True,0.0
48.0,5,1.7000000000009123,True,True,True,True,0.16666666666666663,True,True,True,True,0.16666666666666663
48.0,5,4.600000000000051,False,False,False,True,0.06666666666666665,False,False,False,True,0.033333333333333326
48.0,5,2.399999999999636,True,False,True,True,0.0,False,False,False,True,0.0
48.0,5,0.9000000000002615,True,True,True,True,0.2222222222222222,True,True,True,True,0.0
48.0,5,3.10000000000025,False,True,True,True,0.0,False,False,False,True,-0.7333333333333334
48.0,5,1.2000000000002728,True,True,True,True,0.0,True,True,True,True,0.0
48.0,5,0.5000000000002842,True,True,True,True,0.41666666666666663,True,False,True,True,0.5833333333333334
48.0,5,0.49999999999982947,True,True,True,True,0.0,True,True,True,True,0.25
48.0,5,0.40000000000023306,True,True,True,True,0.0,True,True,True,True,0.0
48.0,5,1.0000000000004263,True,True,True,True,0.0,True,True,True,True,0.0
48.0,5,0.6000000000015291,True,True,True,True,0.41666666666666663,True,True,True,True,0.0
48.0,5,0.3000000000010914,True,True,True,True,0.0,True,True,True,True,0.0
48.0,5,0.19999999999976126,True,True,True,True,0.0,True,True,True,True,-0.41666666666666663
48.0,5,0.19999999999987494,True,True,True,True,0.0,False,True,True,True,-0.75
48.0,5,0.30000000000066507,True,True,True,True,0.0,True,True,True,True,0.0
48.0,6,1.8000000000000256,True,True,True,True,0.0,False,False,False,True,-0.16666666666666663
48.0,6,0.7999999999999119,True,True,True,True,0.0,True,True,True,True,0.0
48.0,6,0.4999999999998934,True,True,True,True,0.0,True,True,True,True,0.0
48.0,6,2.499999999999922,True,False,True,True,0.0,False,False,False,True,-0.09999999999999998
48.0,6,1.0999999999999055,True,True,True,True,0.0,True,True,True,True,0.0
48.0,6,0.6999999999998963,True,True,True,True,0.0,True,True,True,True,0.0
48.0,6,1.0000000000000213,True,True,True,True,0.0,True,True,True,True,0.0
48.0,6,0.30000000000009663,True,True,True,True,0.0,True,True,True,True,0.0
48.0,6,2.0000000000000426,True,True,True,True,0.0,True,True,True,True,0.0
48.0,6,3.3999999999999417,True,False,True,True,0.0,False,False,False,True,0.0
48.0,6,1.29999999999999,True,True,True,True,0.0,True,True,True,True,0.0
48.0,6,0.4000000000000057,True,True,True,True,0.0,True,True,True,True,0.0
48.0,6,0.4000000000000057,True,True,True,True,0.0,True,True,True,True,0.0
48.0,6,3.2000000000000455,True,False,True,True,0.0,False,False,False,False,0.06666666666666665
48.0,6,1.5999999999999162,True,True,True,True,0.16666666666666663,False,False,False,True,0.0
48.0,6,1.100000000000037,True,True,True,True,0.0,True,True,True,True,0.0
48.0,6,0.4999999999998934,True,True,True,True,0.0,True,True,True,True,0.0
48.0,6,1.40000000000002,True,True,True,True,0.1785714285714286,True,True,True,True,0.1785714285714286
48.0,6,2.7999999999999687,False,False,False,True,0.16666666666666663,False,False,False,True,0.0
48.0,6,2.899999999999906,True,True,True,True,0.0,False,False,False,True,0.0
48.0,6,0.4000000000000341,True,True,True,True,0.0,True,True,True,True,0.0
48.0,6,0.3000000000004235,True,True,True,True,0.0,True,True,True,True,0.0
48.0,6,3.500000000000256,True,False,True,True,0.0,False,False,False,True,0.09999999999999998
48.0,6,1.599999999999909,True,True,True,True,0.16666666666666663,True,True,True,True,0.0
48.0,6,0.8000000000004803,True,True,True,True,0.0,True,True,True,True,0.3125
48.0,6,0.29999999999999716,True,True,True,True,0.16666666666666663,True,True,True,True,0.33333333333333337
48.0,6,2.699999999999733,True,False,True,True,0.0,True,False,True,True,0.0
48.0,6,0.3000000000006793,True,True,True,True,0.33333333333333337,True,True,True,True,0.33333333333333337
48.0,6,0.1999999999999318,True,True,True,True,0.0,True,True,True,True,0.0
48.0,6,0.19999999999991758,True,True,True,True,0.0,True,True,True,True,0.0
48.0,6,1.5000000000004974,True,True,True,True,0.16666666666666663,False,True,True,True,-0.8333333333333334
48.0,6,0.1999999999995623,True,True,True,True,0.0,False,False,False,True,-0.16666666666666663
48.0,6,0.5000000000000995,True,True,True,True,0.0,True,True,True,True,0.0
48.0,6,2.199999999999747,True,True,True,True,0.0,True,True,True,True,0.0
48.0,6,2.1999999999994486,True,True,True,True,0.0,True,True,True,True,0.0
48.0,6,0.5000000000002984,True,True,True,True,0.0,True,True,True,True,0.0
48.0,6,1.7000000000003581,True,True,True,True,0.0,True,True,True,True,0.0
48.0,6,1.6000000000006764,True,True,True,True,0.0,True,False,True,True,0.16666666666666663
48.0,6,1.3000000000004093,True,True,True,True,0.0,True,True,True,True,0.07692307692307698
48.0,6,0.6999999999993349,True,True,True,True,0.0,True,True,True,True,0.0
48.0,6,2.200000000000287,True,True,True,True,0.0,True,False,True,True,0.09999999999999998
48.0,6,2.1000000000007475,True,True,True,True,0.0,False,False,False,True,0.1333333333333333
48.0,6,2.4999999999998437,True,False,True,True,0.0,False,False,False,True,-0.033333333333333326
48.0,6,0.6999999999999886,True,True,True,True,0.3571428571428571,True,True,True,True,0.0
48.0,6,0.49999999999967315,True,True,True,True,0.0,True,True,True,True,0.0
48.0,6,0.40000000000088676,True,True,True,True,0.0,True,True,True,True,0.0
48.0,6,0.9999999999992326,True,True,True,True,0.0,True,True,True,True,0.0
48.0,6,2.400000000000446,True,True,True,True,0.0,False,True,True,True,0.0
48.0,6,1.399999999999963,True,True,True,True,0.0,True,False,True,True,0.3214285714285714
48.0,6,0.1999999999999602,True,True,True,True,0.0,True,False,True,True,0.33333333333333326
48.0,6,0.20000000000044338,True,True,True,True,0.0,True,True,True,True,0.0
48.0,6,1.0000000000003837,True,True,True,True,0.0,True,True,True,True,0.0
48.0,6,0.39999999999928093,True,True,True,True,0.0,False,True,True,True,-0.33333333333333337
48.0,6,0.39999999999946567,True,True,True,True,0.33333333333333337,True,True,True,True,0.0
48.0,6,1.9999999999998863,True,False,True,True,0.3666666666666667,False,False,False,True,0.8
48.0,6,2.0000000000013074,True,True,True,True,0.1333333333333333,True,False,True,True,0.0
48.0,6,0.30000000000077875,True,True,True,True,0.41666666666666663,True,True,True,True,0.33333333333333326
48.0,6,1.6999999999997897,True,True,True,True,0.0,False,False,False,False,0.0
48.0,6,1.3999999999999204,True,True,True,True,0.0,True,True,True,True,0.0
48.0,6,1.1999999999989654,True,True,True,True,0.0,False,True,True,True,0.08695652173913038
48.0,6,0.500000000000199,True,True,True,True,0.0,True,True,True,True,-0.41666666666666663
48.0,6,0.49999999999965894,True,True,True,True,0.0,True,True,True,True,-0.41666666666666663
48.0,6,1.4000000000002615,True,True,True,True,0.0,True,True,True,True,0.0
48.0,6,0.7000000000013245,True,True,True,True,0.0,True,True,True,True,0.0
48.0,6,0.8999999999994657,True,True,True,True,0.0,True,True,True,True,-0.2222222222222222
48.0,6,0.7000000000018645,True,True,True,True,0.0,True,True,True,True,0.0
48.0,6,0.6000000000001933,True,True,True,True,0.0,True,True,True,True,0.0
48.0,6,0.3000000000004377,True,True,True,True,0.0,True,True,True,True,0.0
48.0,7,1.2000000000000206,True,True,True,True,0.0,True,True,True,True,0.0
48.0,7,3.5000000000000497,False,False,False,True,0.0,False,False,False,False,0.033333333333333326
48.0,7,1.1000000000000156,True,True,True,True,0.0,True,True,True,True,0.0
48.0,7,0.2000000000000064,True,True,True,True,0.0,True,True,True,True,0.0
48.0,7,0.8000000000000114,True,True,True,True,0.0,True,True,True,True,0.0
48.0,7,1.0999999999998984,True,True,True,True,0.0,True,True,True,True,0.0
48.0,7,0.20000000000007745,True,False,True,True,0.33333333333333337,False,False,False,True,0.0
48.0,7,0.4999999999998934,True,True,True,True,0.0,True,True,True,True,0.0
48.0,7,2.5000000000000355,True,True,True,True,0.0,True,False,True,True,0.19999999999999996
48.0,7,0.5000000000000071,True,True,True,True,0.0,True,True,True,True,0.0
48.0,7,0.49999999999981526,True,True,True,True,0.0,True,True,True,True,0.0
48.0,7,1.399999999999764,True,True,True,True,0.0,True,True,True,True,0.0
48.0,7,0.30000000000000426,True,False,True,True,0.6666666666666667,False,False,False,True,0.0
48.0,7,1.5999999999999304,True,True,True,True,0.06666666666666665,False,True,True,True,0.0
48.0,7,2.0999999999999233,True,True,True,True,0.0,True,False,True,True,0.0
48.0,7,0.29999999999999716,True,True,True,True,0.0,True,True,True,True,0.41666666666666663
48.0,7,0.4000000000001478,True,True,True,True,0.0,True,True,True,True,0.0
48.0,7,0.6999999999998678,True,True,True,True,0.0,True,True,True,True,0.0
48.0,7,2.5000000000000355,True,False,True,True,0.0,True,False,True,True,0.23333333333333328
48.0,7,1.4000000000001336,True,True,True,True,0.0,True,False,True,True,1.0
48.0,7,0.6000000000000085,True,True,True,True,0.0,True,True,True,True,0.41666666666666663
48.0,7,1.4000000000001336,True,True,True,True,0.0,False,False,False,False,-0.3571428571428571
48.0,7,0.19999999999989626,False,True,True,True,-0.41666666666666663,False,False,False,True,0.0
48.0,7,0.29999999999999716,True,True,True,True,-0.08333333333333337,True,True,True,True,0.0
48.0,7,2.299999999999798,True,True,True,True,0.0,True,True,True,True,0.0
48.0,7,0.5,True,True,True,True,0.0,True,True,True,True,-0.41666666666666663
48.0,7,0.1999999999999602,True,True,True,True,0.0,True,True,True,True,0.0
48.0,7,1.0000000000002416,True,True,True,True,0.0,True,True,True,True,0.0
48.0,7,0.7000000000003439,True,True,True,True,0.0,True,True,True,True,-0.3571428571428571
48.0,7,0.2999999999999119,True,True,True,True,0.0,True,True,True,True,0.0
48.0,7,0.7999999999999119,True,True,True,True,0.0,True,True,True,True,0.3125
48.0,7,0.29999999999986926,True,True,True,True,0.0,True,True,True,True,0.0
48.0,7,0.4999999999999716,True,True,True,True,0.0,True,True,True,True,0.0
48.0,7,0.4999999999998579,True,True,True,True,0.0,True,True,True,True,0.0
48.0,7,0.7000000000002586,True,True,True,True,0.0,True,True,True,True,0.0
48.0,7,0.5000000000000853,True,True,True,True,0.0,True,True,True,True,0.16666666666666663
48.0,7,0.6000000000000085,True,True,True,True,0.0,True,True,True,True,0.41666666666666663
48.0,7,0.2000000000004718,True,True,True,True,0.0,True,True,True,True,0.0
48.0,7,0.6000000000006764,True,True,True,True,0.0,False,False,False,False,0.5
48.0,7,0.19999999999998863,True,False,True,True,0.08333333333333337,False,False,False,True,0.0
48.0,7,1.1000000000004064,True,True,True,True,0.0,True,True,True,True,0.0
48.0,7,0.3000000000009919,True,True,True,True,0.33333333333333337,True,True,True,True,0.0
48.0,7,3.4000000000000483,True,False,True,True,0.0,False,False,False,True,-0.033333333333333326
48.0,7,1.0000000000000568,True,True,True,True,0.19999999999999996,True,True,True,True,0.0
48.0,7,0.99999999999973,True,True,True,True,0.0,True,True,True,True,0.0
48.0,7,0.6999999999997755,True,True,True,True,0.2857142857142857,True,True,True,True,0.0
48.0,7,0.699999999999676,True,True,True,True,0.2857142857142857,True,True,True,True,0.0
48.0,7,1.3000000000000256,True,True,True,True,0.0,False,True,True,True,-0.038461538461538436
48.0,7,1.1999999999995907,True,True,True,True,0.0,True,True,True,True,-0.16666666666666663
48.0,7,1.1000000000007333,True,True,True,True,0.0,True,True,True,True,0.0
48.0,7,0.7000000000001876,True,True,True,True,0.0,True,False,True,True,0.5714285714285714
48.0,7,0.2000000000008697,True,False,True,True,0.08333333333333337,True,False,True,True,0.33333333333333337
48.0,7,0.5999999999993975,True,True,True,True,0.0,False,True,True,True,-0.08333333333333337
48.0,7,0.3000000000000824,True,True,True,True,0.0,True,True,True,True,-0.16666666666666663
48.0,7,0.49999999999955946,True,True,True,True,0.0,True,True,True,True,0.0
48.0,7,0.6000000000010175,True,True,True,True,0.0,True,True,True,True,0.0
48.0,7,0.7000000000003013,True,True,True,True,0.0,True,True,True,True,0.2857142857142857
48.0,7,0.7000000000009692,True,True,True,True,0.0,True,True,True,True,0.0
48.0,7,0.19999999999946283,True,True,True,True,0.0,False,True,True,True,-0.5
48.0,7,0.3000000000001819,True,True,True,True,0.08333333333333337,True,True,True,True,0.33333333333333337
48.0,7,0.899999999999622,True,True,True,True,0.2222222222222222,True,True,True,True,0.0
48.0,7,0.40000000000033253,True,True,True,True,0.0,True,True,True,True,0.0
48.0,7,1.2000000000008413,True,True,True,True,0.0,True,True,True,True,0.0
48.0,7,2.000000000001279,True,True,True,True,0.0,True,False,True,True,0.1333333333333333
48.0,7,2.299999999999301,True,True,True,True,0.1333333333333333,True,False,True,True,0.1333333333333333
48.0,7,0.8999999999995794,True,True,True,True,0.16666666666666663,True,False,True,True,1.0
48.0,7,0.29999999999895977,True,True,True,True,0.33333333333333337,True,True,True,True,0.33333333333333337
48.0,7,1.6000000000011028,True,True,True,True,0.0,True,True,True,True,0.1333333333333333
48.0,7,0.29999999999998295,True,True,True,True,0.33333333333333337,True,True,True,True,0.0
48.0,7,0.4000000000005173,True,True,True,True,0.33333333333333337,True,True,True,True,0.0
48.0,7,2.4999999999983515,True,True,True,True,0.0,False,False,False,False,-0.46666666666666673
48.0,7,0.5000000000011084,True,True,True,True,-0.41666666666666663,True,False,True,True,0.5
48.0,7,1.1999999999991928,True,True,True,True,0.0,True,True,True,True,0.0
48.0,7,1.2000000000007844,True,True,True,True,0.0,True,True,True,True,0.0
48.0,7,2.099999999999426,True,True,True,True,0.0,True,False,True,True,0.09999999999999998
48.0,7,2.2000000000010402,True,True,True,True,0.0,True,False,True,True,0.16666666666666663
48.0,7,0.4000000000003183,True,True,True,True,0.0,True,True,True,True,0.33333333333333337
