rate_total,seed,t_fail,node,w_e,gap_next,gap_prev,gap_prev_b,gap_rad_base,gap_rad_b2,alive_pre_base,w_clip_floor,w_full,d_pico,d_gmax_pre,d_egap_pre,d_arco_m,pico_base,pico_b2,pre_base,pre_b2,pre_bar,arco_base,arco_b2,isolated,m_unstable,peak_late,floor_base,floor_b2,rel_base,rel_b2,both_above,any_at_floor,log_ok,dl_pico,dl_pre,dl_egap_pre,l_pre_bar,dl_rel
6.0,0,71.90000000000019,15,1.5,3.499999999999801,53.60000000000021,53.60000000000021,0.5255906803144357,0.5239745154852269,24.0,False,True,0.005916074292656726,0.0037725201596787716,0.0026722954617321003,0.032323296584175765,1.923958160746715,1.9180420864540584,1.008489136156177,1.0047166159964982,1.0066028760763377,10.511813606288714,10.479490309704538,True,False,False,1.9130434782608696,1.9130434782608696,1.0057054022085101,1.0026129088282578,False,True,True,0.003079686927594305,0.0037477784586393828,0.5897238089811987,0.006581172574735037,0.0030796869275942483
6.0,0,75.39999999999999,24,1.5,3.1999999999998465,3.499999999999801,3.499999999999801,0.5199968773691168,0.537250041887325,23.0,False,True,-0.06041038117511133,0.1471531634450698,0.0494141850915286,-0.3450632903641626,1.8207216153641916,1.881131996539303,1.242167934068533,1.0950147706234632,1.168591352345998,10.399937547382336,10.745000837746499,True,False,False,1.9090909090909092,1.9090909090909092,0.9537113223336241,0.985354855330111,False,True,True,-0.03264080699073513,0.12609033465511726,0.8607205655896055,0.1557990510988376,-0.0326408069907351
6.0,0,78.59999999999984,21,1.3000000000003524,1.3000000000003524,3.1999999999998465,3.1999999999998465,0.5624947516387486,0.5621655558449099,22.0,False,False,0.00110025589452456,0.08184834541103636,0.041494551859695306,0.006583915876774427,1.880000223917652,1.8788999680231275,1.18522394411738,1.1033755987063436,1.1442997714118617,11.249895032774972,11.243311116898198,True,False,False,1.9047619047619047,1.9047619047619047,0.9870001175567674,0.986422483212142,False,True,True,0.0005854137485777899,0.07155753213794082,0.7486070158156828,0.13479289657909108,0.0005854137485778142
6.0,0,85.29999999999943,12,1.3000000000004093,1.3000000000004093,1.8999999999994373,1.8999999999994373,0.5141016074980111,0.532496808838431,23.0,False,False,-0.0644091188949667,0.1856173061031674,0.024624192136546402,-0.3679040268083966,1.8000798658655532,1.86448898476052,1.256926994900992,1.0713096887978246,1.1641183418494083,10.282032149960223,10.64993617676862,True,False,False,1.9090909090909092,1.9090909090909092,0.9428989773581469,0.9766370872555103,False,False,True,-0.03515597889766753,0.15978794087502995,0.2932290501872523,0.1519640123968847,-0.03515597889766747
6.0,0,101.89999999999849,8,1.5,2.6999999999998323,8.599999999999042,8.599999999999042,0.5356093498730186,0.5228360300242567,24.0,False,True,0.04675755085335842,0.03253740430552199,0.014883932978109301,0.2554663969752369,1.9606321387661287,1.9138745879127703,1.0442234941399564,1.0116860898344344,1.0279547919871954,10.712186997460371,10.456720600485134,True,False,False,1.9130434782608696,1.9130434782608696,1.0248758907186581,1.0004344436816754,False,True,True,0.024137173695285008,0.031655206559983,1.2994024520671896,0.02757118939981911,0.024137173695284904
6.0,0,104.59999999999832,23,1.3999999999999204,1.3999999999999204,2.6999999999998323,2.6999999999998323,0.5152087801852252,0.5365689528864381,23.0,False,False,-0.07479069555528128,0.1390868901498572,0.049125367712551694,-0.42720345402425863,1.8039565299981355,1.8787472255534168,1.2764898413612904,1.1374029512114332,1.2069463962863618,10.304175603704504,10.731379057728763,True,False,False,1.9090909090909092,1.9090909090909092,0.9449296109514043,0.9841056895755992,False,True,True,-0.040622860435869046,0.11536644888365644,0.6494848448791588,0.18809353043025556,-0.04062286043586904
6.0,0,105.99999999999824,7,1.1999999999999602,1.1999999999999602,1.3999999999999204,1.3999999999999204,0.6327064160132441,0.5537534946271414,22.0,False,False,0.26388070191302493,-0.06560484491173924,0.004987790085615007,1.5790584277220532,2.114665426323763,1.850784724410738,1.556392533492784,1.6219973784045232,1.5891949559486536,12.654128320264881,11.075069892542828,True,False,False,1.9047619047619047,1.9047619047619047,1.1101993488199757,0.9716619803156376,False,False,True,0.13328688461082372,-0.04128767459499816,0.03475401876582218,0.4632275709969733,0.13328688461082386
6.0,0,107.1999999999982,22,1.5,2.700000000000287,1.1999999999999602,1.1999999999999602,0.6546553499281051,0.6328916103728881,21.0,False,True,0.06927613460754767,0.2387463188847434,0.0642308975706771,0.43527479110434086,2.083832699252248,2.0145565646447,1.9342931802665588,1.6955468613818154,1.8149200208241871,13.093106998562103,12.657832207457762,True,False,False,1.9,1.9,1.0967540522380252,1.0602929287603686,True,False,True,0.03380973799240228,0.13173665735266937,0.32724828405575357,0.5960414010842894,0.03380973799240229
6.0,0,112.69999999999833,23,1.299999999999912,1.299999999999912,0.10000000000000853,0.10000000000000853,0.3799142502801249,0.3253957218468173,22.0,False,False,0.1304264215025197,0.08447687752378519,0.024816594388744506,1.0903705686661516,1.2697698485458009,1.1393434270432812,1.2215020419300675,1.1370251644062823,1.179263603168175,7.598285005602498,6.507914436936346,False,True,True,1.9047619047619047,1.9090909090909092,0.6666291704865455,0.596798937975052,False,False,True,0.1083835071319352,0.07166593656518064,0.11337375397922878,0.16489017855617188,0.11065365566647445
6.0,0,121.59999999999737,25,1.5,7.999999999999986,0.8999999999990393,0.8999999999990393,0.5497585574629698,0.5229935253838649,24.0,False,True,0.09797510462026171,0.024617371736463722,0.006880116324908606,0.5353006415820971,2.012426214327933,1.914451109707671,1.0929374917078325,1.0683201199713688,1.0806288058396007,10.995171149259395,10.459870507677298,False,False,False,1.9130434782608696,1.9130434782608696,1.0519500665805104,1.0007358073471917,False,True,True,0.049910111187672634,0.02278158447818482,0.05480940724625061,0.07754309933664301,0.049910111187672704
6.0,0,132.39999999999677,2,1.5,1.899999999999892,2.7999999999994145,2.7999999999994145,0.4563484973085225,0.4883098643398389,24.0,False,True,-0.11699661967319153,0.04368810563080294,0.020335839198671803,-0.6392273406263289,1.6704927397418268,1.7874893594150183,1.0701717488762226,1.0264836432454196,1.048327696060821,9.12696994617045,9.766197286796778,True,False,False,1.9130434782608696,1.9130434782608696,0.8732121139559549,0.9343694378760322,False,False,True,-0.06769340614700214,0.04168012570210307,0.33561180309253524,0.047196224103369606,-0.06769340614700209
6.0,0,134.29999999999666,20,1.5,6.100000000000108,1.899999999999892,1.899999999999892,0.5370420312234172,0.507127998198718,23.0,False,True,0.10474125692129155,-0.0708738077021156,-0.011553720478991905,0.5982806604939839,1.8804036661810144,1.7756624092597229,1.3326381029953287,1.4035119106974443,1.3680750068463865,10.740840624468344,10.14255996397436,True,False,False,1.9090909090909092,1.9090909090909092,0.9849733489519599,0.9301088810408071,False,True,True,0.05731292822211986,-0.05181708949859992,-0.1289206668456524,0.313404647263345,0.05731292822211989
6.0,0,141.29999999999671,8,0.9999999999999432,0.9999999999999432,0.8999999999999488,0.8999999999999488,0.5464029616791448,0.5714523143950974,23.0,False,False,-0.0877080227319178,0.07997885998957077,0.0023414070764420924,-0.5009870543190509,1.9131801099683217,2.0008881327002395,1.1389621661855245,1.0589833061959537,1.098972736190739,10.928059233582896,11.429046287901947,False,False,False,1.9090909090909092,1.9090909090909092,1.0021419623643588,1.0480842599858398,False,True,True,-0.04482431178323365,0.07280816446752747,0.017294555919654675,0.09437586728004253,-0.04482431178323383
6.0,1,24.100000000000072,18,1.5,8.0,inf,inf,0.5238924593868814,0.5238924593868814,24.0,False,True,0.0,0.0,0.0,0.0,1.9177417148798208,1.9177417148798208,1.001228118271821,1.001228118271821,1.001228118271821,10.477849187737629,10.477849187737629,True,False,False,1.9130434782608696,1.9130434782608696,1.0024558964144517,1.0024558964144517,False,True,True,0.0,0.0,0.0,0.001227364751454542,0.0
6.0,1,32.20000000000019,7,1.5,2.10000000000003,0.10000000000011511,0.10000000000011511,0.5234819199472582,0.5440240318770249,24.0,False,True,-0.07519570906889506,0.08267924206857113,-0.006388209477625306,-0.41084223859533253,1.916238909113366,1.991434618182261,1.1414536368906218,1.0587743948220507,1.1001140158563363,10.469638398945165,10.880480637540497,False,False,False,1.9130434782608696,1.9130434782608696,1.0016703388547141,1.040977186777091,False,True,True,-0.03849092928302911,0.07519056233779103,-0.045152946472201805,0.09541382521144161,-0.03849092928302898
6.0,1,34.30000000000022,24,1.5,4.4000000000000625,2.10000000000003,2.10000000000003,0.5394918280765939,0.5492218098680404,23.0,False,True,-0.03406864336266224,0.01947691673373253,0.01318940216928971,-0.19459963582892925,1.8889814063136037,1.923050049676266,1.3741416602551155,1.354664743521383,1.3644032018882493,10.789836561531878,10.984436197360807,True,False,False,1.9090909090909092,1.9090909090909092,0.9894664509261734,1.007311930782806,False,True,True,-0.017874747807073543,0.014275287145593563,0.11323126016692298,0.31071711829681,-0.01787474780707362
6.0,1,38.70000000000028,4,1.4999999999999076,1.4999999999999076,4.4000000000000625,4.4000000000000625,0.6001663173587808,0.5847396563855494,22.0,False,False,0.051559816335144504,0.07728578157793731,0.0591056551617285,0.3085332194646284,2.005908157783092,1.9543483414479477,1.1550696380856325,1.0777838565076951,1.1164267472966638,12.003326347175616,11.694793127710987,True,False,False,1.9047619047619047,1.9047619047619047,1.0531017828361235,1.0260328792601725,True,False,True,0.02604009604627988,0.06925368665515858,1.1299071765949966,0.11013318091745036,0.026040096046280062
6.0,1,40.400000000000304,14,1.5,1.8999999999999133,0.20000000000011653,0.20000000000011653,0.5266154613054819,0.5692225974715521,22.0,False,True,-0.14240386296821028,0.13049342376877893,0.0176035375967713,-0.8521427233214052,1.7600825292831097,1.90248639225132,1.7771824650151886,1.6466890412464097,1.711935753130799,10.532309226109637,11.384451949431043,False,False,False,1.9047619047619047,1.9047619047619047,0.9240433278736326,0.9988053559319431,False,True,True,-0.07780095857758773,0.07626259515445638,0.07563150236007399,0.537624749638511,-0.07780095857758772
6.0,1,60.9000000000006,23,1.5,3.2000000000000313,12.500000000000298,12.500000000000298,0.5251278007195062,0.5232685365629237,24.0,False,True,0.006805954863774666,0.012971758520667898,0.0088452206207077,0.037185283131648816,1.9222637605081587,1.915457805644384,1.0163777679665702,1.0034060094459023,1.0098918887062363,10.502556014390123,10.465370731258474,True,False,False,1.9130434782608696,1.9130434782608696,1.0048196929929012,1.0012620347686552,False,True,True,0.0035468763856645324,0.012844876780419201,1.6841669968740947,0.00984328423896911,0.003546876385664657
6.0,1,64.10000000000063,3,1.5,4.799999999999969,3.2000000000000313,3.2000000000000313,0.5227456594259197,0.5377359298131372,23.0,False,True,-0.05248706386901403,0.13697900899207505,0.04610925667262139,-0.29980540774435127,1.830346224904286,1.8828332887733,1.251964895015614,1.1149858860235389,1.1834753905195763,10.454913188518393,10.754718596262745,True,False,False,1.9090909090909092,1.9090909090909092,0.9587527844736735,0.9862460084050618,False,True,True,-0.0282725679550766,0.11587248660278175,0.7536451069319772,0.16845535594039354,-0.028272567955076586
6.0,1,82.8999999999998,23,1.5,4.799999999999486,10.799999999999173,10.799999999999173,0.5111876961671653,0.5164415102346922,24.0,False,True,-0.019231921015450792,0.012126706382337371,0.013668459107541501,-0.10507628135053793,1.8712351199335324,1.8904670409489832,1.0250391525575246,1.0129124461751873,1.018975799366356,10.223753923343306,10.328830204693844,True,False,False,1.9130434782608696,1.9130434782608696,0.9781456308743465,0.9881986804960594,False,True,True,-0.010225205376967694,0.011901018178519037,0.9328361772503335,0.018798004563429966,-0.01022520537696774
6.0,1,87.69999999999929,21,1.5,3.2000000000005144,4.799999999999486,4.799999999999486,0.6023807320109675,0.5517747335749119,23.0,False,True,0.17719228562637768,0.061958900216103396,0.0383295082317137,1.0121199687211124,2.1091811647029157,1.931988879076538,1.1118703838399695,1.049911483623866,1.0808909337319177,12.04761464021935,11.035494671498238,True,False,False,1.9090909090909092,1.9090909090909092,1.104809181511051,1.011994174754377,False,True,True,0.08774981896521916,0.057337768434330395,1.1772666870925237,0.07778563970192684,0.08774981896521913
6.0,1,91.99999999999892,7,0.6,0.20000000000011653,1.0999999999991132,1.0999999999991132,0.5245034336324794,0.5648019109923297,23.0,True,False,-0.14110144115973444,0.185492334615448,0.0023867011182093917,-0.8059695471970052,1.8365009108881811,1.9776023520479156,1.2948763429650496,1.1093840083496016,1.2021301756573255,10.490068672649588,11.296038219846594,False,True,False,1.9090909090909092,1.9090909090909092,0.9619766676080949,1.035886946310813,False,False,True,-0.07402309535629648,0.1546102886832168,0.020773895971470946,0.18409512946482415,-0.07402309535629648
6.0,1,92.19999999999904,11,1.5,3.5000000000002416,0.20000000000011653,0.20000000000011653,0.5245034336324794,0.5648019109923297,23.0,False,True,-0.14110144115973444,0.1697334254343601,0.002145668711502291,-0.8059695471970052,1.8365009108881811,1.9776023520479156,1.276611445982196,1.106878020547836,1.191744733265016,10.490068672649588,11.296038219846594,False,True,False,1.9090909090909092,1.9090909090909092,0.9619766676080949,1.035886946310813,False,False,True,-0.07402309535629648,0.14266580134091636,0.02134258741268047,0.17541839576432786,-0.07402309535629648
6.0,1,106.49999999999812,4,1.5,8.0,6.299999999999088,6.299999999999088,0.5308640459787339,0.5272974287387999,24.0,False,True,0.012488184804750446,0.01837449058977625,0.0105804205005187,0.07133234479868023,1.858772014600132,1.8462838297953816,1.0629414948852292,1.044567004295453,1.053754249590341,10.617280919574679,10.545948574775998,False,True,False,1.9090909090909092,1.9090909090909092,0.9736424838381644,0.9671010537023427,False,False,True,0.006741184274406398,0.01743761051425268,0.36564090645657066,0.05235926315174264,0.006741184274406467
6.0,1,106.49999999999856,7,1.5,7.9999999999995595,6.299999999999528,6.299999999999528,0.5308640459787339,0.5272974287387999,24.0,False,True,0.012488184804750446,0.01837449058977625,0.0105804205005187,0.07133234479868023,1.858772014600132,1.8462838297953816,1.0629414948852292,1.044567004295453,1.053754249590341,10.617280919574679,10.545948574775998,False,True,False,1.9090909090909092,1.9090909090909092,0.9736424838381644,0.9671010537023427,False,False,True,0.006741184274406398,0.01743761051425268,0.36564090645657066,0.05235926315174264,0.006741184274406467
6.0,1,115.19999999999771,22,1.5,8.0,0.6999999999991502,0.6999999999991502,0.5313231932983467,0.5657216680672832,24.0,False,True,-0.12591780776885608,0.11351163138227593,-0.03622679618654209,-0.6879694953787308,1.9449423896344569,2.070860197403313,1.2273157276530595,1.1138040962707836,1.1705599119619214,10.626463865966933,11.314433361345664,False,False,False,1.9130434782608696,1.9130434782608696,1.0166744309452842,1.0824951031880954,False,True,True,-0.0627317183530971,0.097048179468923,-0.1854868438004984,0.15748219157008336,-0.06273171835309722
6.0,1,125.69999999999791,7,1.5,8.000000000000028,2.500000000000199,2.500000000000199,0.5013904289318134,0.5173590521906055,24.0,False,True,-0.05845416249820645,0.03644242307776535,0.009644239036646199,-0.3193724651758423,1.8353715992196664,1.8938257617178729,1.1026649420694732,1.0662225189917078,1.0844437305305905,10.027808578636268,10.34718104381211,True,False,False,1.9130434782608696,1.9130434782608696,0.9593987905011893,0.9899543754434336,False,True,True,-0.03135202827134942,0.03360787848949845,0.16191286900212765,0.08106716476636366,-0.03135202827134949
6.0,1,149.89999999999577,9,1.5,1.7999999999998977,16.19999999999783,16.19999999999783,0.5169342284004044,0.519882879409086,24.0,False,True,-0.010793724820145512,0.01034241321699736,0.007098362791295802,-0.058973020173631596,1.8922706671763412,1.9030643919964867,1.0253305818427394,1.014988168625742,1.0201593752342406,10.338684568008087,10.397657588181719,True,False,False,1.9130434782608696,1.9130434782608696,0.9891414851149056,0.994783659452709,False,True,True,-0.005687905679984007,0.010138123563855333,0.5139278761064734,0.019958865320031657,-0.005687905679983976
6.0,1,151.69999999999567,19,1.5,inf,1.7999999999998977,1.7999999999998977,0.5316529915334964,0.5384194039926253,23.0,False,True,-0.023691975777117236,0.04152729121574894,0.013882824599268595,-0.13532824918257802,1.8615344354672896,1.8852264112444068,1.4682631081423727,1.4267358169266238,1.4474994625344983,10.633059830669929,10.768388079852507,True,False,False,1.9090909090909092,1.9090909090909092,0.9750894661971516,0.9874995487470702,False,True,True,-0.01264681281983615,0.028690953553193344,0.13056568591954187,0.36983755915889827,-0.01264681281983621
6.0,2,38.70000000000028,20,1.5,1.6000000000000227,inf,inf,0.5235971270109356,0.5235971270109356,24.0,False,True,0.0,0.0,0.0,0.0,1.9166606319076236,1.9166606319076236,1.0006808434822134,1.0006808434822134,1.0006808434822134,10.471942540218713,10.471942540218713,True,False,False,1.9130434782608696,1.9130434782608696,1.0018907848608032,1.0018907848608032,False,True,True,0.0,0.0,0.0,0.0006806118134372731,0.0
6.0,2,40.3000000000003,25,1.5,6.399999999999977,1.6000000000000227,1.6000000000000227,0.5232835690352147,0.5271174666003873,23.0,False,True,-0.013424042473714648,0.03114075731981303,0.008184522663292115,-0.07667795130345212,1.8322296663159163,1.845653708789631,1.6088895291678298,1.5777487718480168,1.5933191505079232,10.465671380704293,10.542349332007745,True,False,False,1.9090909090909092,1.9090909090909092,0.9597393490226228,0.9667709903183781,False,False,True,-0.007299906341202145,0.0195452045226841,0.06200450277232217,0.4658193564407777,-0.0072999063412020546
6.0,2,65.30000000000057,17,1.2999999999998124,1.2999999999998124,17.000000000000263,17.000000000000263,0.5234842334735696,0.5204525458106373,24.0,False,False,0.011097685781727318,0.010259265909156934,0.0085039595593662,0.060633753258647616,1.91624737792378,1.9051496921420528,1.0184127358379478,1.0081534699287908,1.0132831028833693,10.469684669471393,10.409050916212745,True,False,False,1.9130434782608696,1.9130434782608696,1.001674765732885,0.9958737027106185,False,True,True,0.005808198821928845,0.010124863941820442,0.8999658077771988,0.013195655998420423,0.005808198821928907
6.0,2,66.60000000000038,20,1.5,3.3999999999999204,1.2999999999998124,1.2999999999998124,0.5190468428509112,0.5248605403673583,23.0,False,True,-0.020356131342439854,0.01737792706245389,0.004493312427470586,-0.11627395032894228,1.817395156191224,1.837751287533664,1.7009256004389588,1.683547673376505,1.6922366369077317,10.380936857018224,10.497210807347166,True,False,False,1.9090909090909092,1.9090909090909092,0.9519688913382601,0.9626316268033477,False,False,True,-0.01113845484040954,0.01026929650613928,0.029841165487106247,0.5260511077334936,-0.011138454840409533
6.0,2,70.0000000000003,7,1.5,3.300000000000267,3.3999999999999204,3.3999999999999204,0.5288712925326617,0.5649701673980339,22.0,False,True,-0.12065160187247459,0.2684792971439667,0.08506211607030899,-0.7219774973074422,1.7676220897854311,1.8882736916579057,1.3790614217901518,1.110582124646185,1.2448217732181686,10.577425850653235,11.299403347960677,True,False,False,1.9047619047619047,1.9047619047619047,0.9280015971373514,0.9913436881204005,False,True,True,-0.06602782977265309,0.21651882416519166,1.1074034264825268,0.21899236562752145,-0.06602782977265301
6.0,2,95.19999999999888,19,1.5,6.199999999999633,17.19999999999858,17.19999999999858,0.5146177113040169,0.5216516379702485,24.0,False,True,-0.025748136560363566,0.006079500824570427,0.0050937740512975,-0.14067853332463187,1.8837909088034612,1.9095390453638248,1.011957361305271,1.0058778604807006,1.0089176108929858,10.292354226080338,10.43303275940497,True,False,False,1.9130434782608696,1.9130434782608696,0.9847088841472638,0.998168137349272,False,True,True,-0.013575688019353604,0.006025783626444194,0.7532338600776463,0.008878083818541877,-0.013575688019353672
6.0,2,101.39999999999851,13,1.5,1.8000000000003666,6.199999999999633,6.199999999999633,0.5287507196228067,0.5399433523865489,23.0,False,True,-0.039189982272360924,0.08811230318533836,0.0392019386451249,-0.22385265527484322,1.8513723952100636,1.8905623774824245,1.121513136324192,1.0334008331388536,1.0774569847315227,10.575014392456135,10.798867047730978,True,False,False,1.9090909090909092,1.9090909090909092,0.9697664927290809,0.9902945786812699,False,True,True,-0.02094713971942297,0.08182364500111161,1.4394974665995415,0.07460362083603106,-0.020947139719422907
6.0,2,106.8999999999982,12,1.5,2.5000000000003126,3.6999999999993207,3.6999999999993207,0.6293326645561557,0.5528237609852642,23.0,False,True,0.2678889442646679,0.12559822697968004,0.057036638857333205,1.5301780714178292,2.203550897092728,1.93566195282806,1.1806011209046456,1.0550028939249656,1.1178020074148056,12.586653291123113,11.056475219705284,True,False,False,1.9090909090909092,1.9090909090909092,1.1542409460961909,1.013918165767079,False,True,True,0.129620740862451,0.11248022327932108,0.989162446013359,0.11136426371408258,0.129620740862451
6.0,2,110.99999999999842,7,1.5,3.8999999999997783,1.599999999999909,1.599999999999909,0.5439887631948208,0.5628596940809922,23.0,False,True,-0.0660748424881541,0.186891436840243,0.0022051175431822972,-0.37741861772342844,1.9047270142758488,1.9708018567640029,1.3039303158603412,1.1170388790200982,1.2104845974402196,10.879775263896416,11.257193881619845,True,False,False,1.9090909090909092,1.9090909090909092,0.9977141503349684,1.0323247821144776,False,True,True,-0.03410179510686551,0.15470169719494525,0.022802802303821146,0.19102077318468055,-0.034101795106865423
6.0,2,115.49999999999773,16,1.5,3.5000000000006963,0.5999999999995254,0.5999999999995254,0.5489386302512069,0.5737241901064718,23.0,False,True,-0.08678437610183987,0.16770659144802447,0.03902752096522921,-0.49571119710529743,1.922058522088624,2.008842898190464,1.2885723969982308,1.1208658055502063,1.2047191012742187,10.978772605024139,11.474483802129436,False,False,False,1.9090909090909092,1.9090909090909092,1.0067925591892792,1.0522510419092905,False,True,True,-0.044162125144050046,0.13943350923488002,0.22584643549478756,0.18624642879227946,-0.044162125144050025
6.0,2,134.79999999999663,5,1.5,8.0,11.299999999998903,11.299999999998903,0.5288761659416776,0.5112701949123011,24.0,False,True,0.06444777829693349,0.0006627696047092346,0.003151130427596998,0.3521194205875311,1.9359848901414725,1.871537111844539,1.0381368661131585,1.0374740965084492,1.0378054813108037,10.577523318833553,10.225403898246022,True,False,False,1.9130434782608696,1.9130434782608696,1.0119921016648605,0.9783034902823726,False,True,True,0.03385610597944866,0.0006386260615983894,0.14050808500969003,0.03710836960146229,0.033856105979448645
6.0,2,147.89999999999588,9,1.5,inf,5.099999999999255,5.099999999999255,0.5288414372806098,0.5166461462503138,24.0,False,True,0.04464163954806488,0.03687848364802537,0.007161493069516502,0.2439058206059208,1.9358577636657268,1.891216124117662,1.0648091262514137,1.0279306426033883,1.046369884427401,10.576828745612197,10.332922925006276,True,False,False,1.9130434782608696,1.9130434782608696,1.0119256491889026,0.9885902466978687,False,True,True,0.023330442915231564,0.03524786244949547,0.25954202526944714,0.04532692113404928,0.023330442915231585
6.0,3,27.900000000000126,14,1.5,1.8000000000000256,13.000000000000135,13.000000000000135,0.5133494644548895,0.4995611213451676,24.0,False,True,0.050473108148064494,-0.010427529509602795,-0.0128646314486647,0.2757668621944376,1.8791484104361764,1.828675302288112,1.0349761199072731,1.045403649416876,1.0401898846620745,10.26698928909779,9.991222426903352,True,False,False,1.9130434782608696,1.9130434782608696,0.9822821236370922,0.9558984534687858,False,True,True,0.027226874850599048,-0.010024724321505876,-0.48734995563125194,0.03940327789316586,0.027226874850599152
6.0,3,29.700000000000152,15,1.5,6.199999999999974,1.8000000000000256,1.8000000000000256,0.6910541134180272,0.6431030232661383,23.0,False,True,0.16789636653500084,0.08776056121997367,0.022828664156239298,0.9590218030377784,2.419662918078259,2.251766551543258,1.452658780146198,1.3648982189262244,1.4087784995362114,13.821082268360545,12.862060465322767,True,False,False,1.9090909090909092,1.9090909090909092,1.2674424808981355,1.1794967650940875,True,False,True,0.07191319823745512,0.06231565787669635,0.23154548078164217,0.34272301653897386,0.07191319823745507
6.0,3,36.80000000000025,7,0.8999999999998991,0.8999999999998991,0.9000000000001265,0.9000000000001265,0.5382046382288879,0.5724827365082845,23.0,False,False,-0.1200216331810271,0.13510362610524074,-0.004334649332481094,-0.685561965587933,1.8844744285204809,2.004496061701508,1.2046664123562902,1.0695627862510495,1.1371145993036698,10.764092764577757,11.44965473016569,False,False,False,1.9090909090909092,1.9090909090909092,0.9871056530345376,1.0499741275579326,False,True,True,-0.061743724107830356,0.11895273840827979,-0.03092347900452186,0.12849400063363361,-0.06174372410783027
6.0,3,48.2000000000003,7,1.5,3.200000000000159,3.4000000000000483,3.4000000000000483,0.5125059107344958,0.5214809996732317,24.0,False,True,-0.03285388469365147,0.03126984852268766,0.010253114142316604,-0.17950177877471774,1.8760605283158,1.9089144130094515,1.084807265989853,1.0535374174671654,1.0691723417285093,10.250118214689916,10.429619993464634,True,False,False,1.9130434782608696,1.9130434782608696,0.9806680034378046,0.9978416249822133,False,True,True,-0.017360595698670656,0.029248865257634607,0.24526167954704148,0.06688483675547421,-0.017360595698670687
6.0,3,51.40000000000046,23,1.5,4.799999999999841,3.200000000000159,3.200000000000159,0.5401390976350333,0.5458056293875817,23.0,False,True,-0.019840843849315393,0.10946471160889892,0.0380870987353288,-0.11333063505096774,1.8912477616078516,1.911088605457167,1.2379601806668377,1.1284954690579387,1.1832278248623882,10.802781952700666,10.916112587751634,True,False,False,1.9090909090909092,1.9090909090909092,0.9906535894136365,1.0010464123823255,False,True,True,-0.010436227631544281,0.09257970724736884,0.6031613557150926,0.1682461487559168,-0.010436227631544304
6.0,3,56.20000000000053,22,1.5,3.199999999999932,4.800000000000068,4.800000000000068,0.6281943574320081,0.5717414599138335,22.0,False,True,0.1976646692213091,0.0474398452641418,0.0488731148557986,1.1290579503634923,2.1995652185703025,2.0019005493489934,1.126274733515492,1.07883488825135,1.1025548108834209,12.563887148640163,11.43482919827667,False,True,False,1.9090909090909092,1.9090909090909092,1.1521532097273013,1.0486145734685204,True,False,True,0.09416270890140976,0.04303383901518604,1.002096078378357,0.09763004219011309,0.09416270890140974
6.0,3,65.20000000000057,2,1.5,3.499999999999801,1.0000000000000426,1.0000000000000426,0.5666371494495541,0.55737626959447,24.0,False,True,0.03390004054528628,0.040924485116632825,-0.0029649107275664943,0.1852175971016834,2.0742113753111444,2.040311334765858,1.1305477978877905,1.0896233127711576,1.1100855553294742,11.332742988991082,11.147525391889399,True,False,False,1.9130434782608696,1.9130434782608696,1.08424685527628,1.0665263795366986,True,False,True,0.016478610057574672,0.03687024025043176,-0.024629099476197513,0.10443708922737334,0.016478610057574686
6.0,3,68.70000000000037,21,1.5,4.500000000000199,3.499999999999801,3.499999999999801,0.5006088104604123,0.5254651624121287,23.0,False,True,-0.08703224816764554,0.16499924315705905,0.037728106098122105,-0.49712703903432853,1.7528360682828237,1.8398683164504692,1.3094096874061822,1.1444104442491232,1.2269100658276528,10.012176209208246,10.509303248242574,True,False,False,1.9090909090909092,1.9090909090909092,0.9181522262433838,0.9637405467121505,False,False,True,-0.048458915302663774,0.13468680680307799,0.4924143221956938,0.20449886705850948,-0.048458915302663774
6.0,3,77.99999999999962,7,1.5,8.0,1.299999999999244,1.299999999999244,0.549367003414253,0.5530156653758924,24.0,False,True,-0.013356159497924125,0.050995760456488126,-0.014278860272365107,-0.07297323923278753,2.010992905794092,2.024349065292016,1.12365451287764,1.072658752421152,1.098156632649396,10.98734006828506,11.060313307517848,True,False,False,1.9130434782608696,1.9130434782608696,1.051200837119639,1.0581824659480994,True,False,True,-0.006619616560418984,0.04644594956658546,-0.14689588680132992,0.09363298559956491,-0.00661961656041906
6.0,3,91.59999999999896,15,1.2000000000000455,1.2000000000000455,5.599999999999341,5.599999999999341,0.5403767784427429,0.5287854286876881,24.0,False,False,0.042430874044351974,0.049723475732458056,0.0203677406020244,0.2318269951010965,1.978083614688439,1.935652740644087,1.066057589859946,1.016334114127488,1.041195851993717,10.807535568854858,10.575708573753761,True,False,False,1.9130434782608696,1.9130434782608696,1.033998253132593,1.0118184780639545,False,True,True,0.02168390138329812,0.04776520095940888,1.0354824960591875,0.04036991025953183,0.02168390138329818
6.0,3,92.799999999999,10,1.5,6.599999999999639,1.2000000000000455,1.2000000000000455,0.5283942068516136,0.5226091904824219,23.0,False,True,0.020255706922536865,0.03695002696039218,0.010811526404848698,0.11570032738383418,1.8501240982742264,1.8298683913516895,1.8006978121031192,1.763747785142727,1.782222798622923,10.567884137032273,10.452183809648439,True,False,False,1.9090909090909092,1.9090909090909092,0.9691126229055471,0.9585024907080278,False,False,True,0.011008670015693167,0.020733294748723763,0.063540979627837,0.5778613485189489,0.011008670015693112
6.0,3,99.39999999999864,12,0.6,0.20000000000031548,6.599999999999639,6.599999999999639,0.6591870534715607,0.5758109265520233,22.0,True,False,0.29193390017223564,0.1459019807961328,0.0809670076807577,1.6675225383907488,2.308083315607969,2.0161494154357333,1.1697931609802976,1.0238911801841648,1.096842170582231,13.183741069431214,11.516218531040465,False,True,False,1.9090909090909092,1.9090909090909092,1.208996022461317,1.0560782652282412,True,False,True,0.1352279843490577,0.1332166960754166,1.9486113827995792,0.09243529727066208,0.13522798434905764
6.0,3,101.09999999999852,18,1.5,2.399999999999878,0.299999999999514,0.299999999999514,0.5729715390651116,0.5694086605365483,23.0,False,True,0.012475094048049584,0.36269226326159654,0.035675409338859376,0.07125757057126592,2.006207559250037,1.9937324652019872,1.993953175731568,1.6312609124699715,1.8126070441007698,11.459430781302231,11.388173210730965,False,False,False,1.9090909090909092,1.9090909090909092,1.0508706262738288,1.0443360532010408,True,False,True,0.006237660775213261,0.20076590697870944,0.14962068073439827,0.5947661648170075,0.006237660775213261
6.0,3,103.4999999999984,6,1.5,3.9000000000002473,2.399999999999878,2.399999999999878,0.5559244732587398,0.579870782769758,22.0,False,True,-0.08003464407722727,0.005484570987521309,-0.006372941289825698,-0.4789261902203634,1.858040686002619,1.9380753300798463,1.2481406035808127,1.2426560325932914,1.245398318087052,11.118489465174797,11.59741565539516,True,False,False,1.9047619047619047,1.9047619047619047,0.975471360151375,1.0174895482919193,False,True,True,-0.0421728448305867,0.0044038760707341695,-0.057652630229570345,0.2194554129551035,-0.04217284483058657
6.0,3,107.99999999999814,5,1.100000000000378,1.100000000000378,0.5999999999994969,0.5999999999994969,0.6291414216678408,0.5895748288203988,22.0,False,False,0.1322415954924716,0.054538996480093305,0.0012606918117397115,0.7913318569488403,2.102750310408286,1.9705087149158145,1.1816678664804934,1.1271288700004,1.1543983682404466,12.582828433356816,11.791496576407976,False,False,False,1.9047619047619047,1.9047619047619047,1.1039439129643502,1.0345170753308026,True,False,True,0.0649544191447915,0.04725331032585699,0.007697432193250364,0.14357931496339843,0.06495441914479153
6.0,3,111.39999999999829,15,0.6,0.100000000000108,2.29999999999977,2.29999999999977,0.5468359870651089,0.544187219799348,22.0,True,False,0.009274416875808322,0.18464135577378027,0.0637401518676137,0.05297534531521819,1.9146963088428524,1.905421891967044,1.404553559648036,1.2199122038742558,1.312232881761146,10.936719741302179,10.88374439598696,False,True,False,1.9090909090909092,1.9090909090909092,1.0029361617748274,0.9980781338874992,False,True,True,0.004855574937677298,0.1409406090337968,0.4841781535959624,0.2717301761127348,0.004855574937677284
6.0,3,121.89999999999723,23,1.5,8.000000000000014,2.4999999999989484,2.4999999999989484,0.5614634211308882,0.5563276037803195,24.0,False,True,0.018799986517682665,0.018071641900387014,0.0024342060481773037,0.10271634701137344,2.0552726132801498,2.036472626762467,1.096654175694367,1.07858253379398,1.0876183547441736,11.229268422617764,11.12655207560639,True,False,False,1.9130434782608696,1.9130434782608696,1.0743470478509873,1.0645197821712895,True,False,True,0.009189290979096598,0.016616175714515416,0.031722427463837466,0.08399031000760057,0.009189290979096681
6.0,3,132.99999999999676,16,0.6,0.09999999999999432,3.099999999999511,3.099999999999511,0.524639314635361,0.5266344475908271,24.0,True,False,-0.007303311255723921,0.03295088354386411,0.016634786610256597,-0.039902659109323224,1.9204756260849225,1.9277789373406464,1.0858004659653742,1.05284958242151,1.069325024193442,10.492786292707219,10.532688951816542,False,True,False,1.9130434782608696,1.9130434782608696,1.0038849863625732,1.007702626337156,False,True,True,-0.0037956532779082064,0.030817095388818723,0.42847648141255945,0.06702763091330226,-0.003795653277908088
6.0,3,133.09999999999675,25,1.5,7.899999999999977,0.09999999999999432,0.09999999999999432,0.524639314635361,0.5266344475908271,24.0,False,True,-0.007303311255723921,0.02944791008045411,0.0162029254764615,-0.039902659109323224,1.9204756260849225,1.9277789373406464,1.0839731873470508,1.0545252772665967,1.0692492323068237,10.492786292707219,10.532688951816542,False,True,False,1.9130434782608696,1.9130434782608696,1.0038849863625732,1.007702626337156,False,True,True,-0.0037956532779082064,0.02754247628745135,0.4342387449463492,0.0669567501511125,-0.003795653277908088
6.0,3,140.99999999999673,21,0.6,0.10000000000002274,7.899999999999977,7.899999999999977,0.583616586165677,0.59072644008004,22.0,True,False,-0.02602607308803906,0.014594896941736435,0.0268905181107286,-0.14219707828726058,2.136365684849745,2.162391757937784,1.0545880332673836,1.0399931363256472,1.0472905847965155,11.67233172331354,11.814528801600801,False,True,False,1.9130434782608696,1.9130434782608696,1.1167366079896395,1.1303411461947508,True,False,True,-0.012108797221209722,0.013936087428462085,0.8770884732530408,0.04620643377900634,-0.012108797221209694
6.0,3,150.39999999999574,11,1.5,1.6999999999997897,1.399999999999011,1.399999999999011,0.5292670568432776,0.5278633394294197,24.0,False,True,0.005138396997751871,0.025008928845943856,-0.004852506723398403,0.02807434827715838,1.937415771183056,1.932277374185304,1.0979441458820678,1.072935217036124,1.0854396814590959,10.585341136865551,10.557266788588393,True,False,False,1.9130434782608696,1.9130434782608696,1.0127400622093248,1.0100540819604997,False,True,True,0.0026557144583503334,0.023041386556532192,-0.05420676099923938,0.08198514127417168,0.00265571445835054
6.0,3,152.09999999999553,22,1.5,inf,1.6999999999997897,1.6999999999997897,0.4788810264739167,0.5106556432040188,23.0,False,True,-0.1112559209838162,0.06890712913829677,0.024959769557798397,-0.6354923346020414,1.676758215357382,1.788014136341198,1.5561813975216543,1.4872742683833575,1.521727832952506,9.577620529478335,10.213112864080376,True,False,False,1.9090909090909092,1.9090909090909092,0.8783019223300571,0.9365788333215799,False,False,True,-0.06424328739343832,0.045289903770675544,0.19641234190961998,0.41984642147292367,-0.06424328739343833
6.0,4,21.400000000000038,19,1.5,8.0,8.800000000000038,8.800000000000038,0.5326640078424081,0.527239697763882,24.0,False,True,0.019856032522793665,0.013431827943977126,0.0118112054789477,0.10848620157052125,1.9498505266709647,1.929994494148171,1.022905961253778,1.009474133309801,1.0161900472817895,10.653280156848162,10.54479395527764,True,False,False,1.9130434782608696,1.9130434782608696,1.0192400480325496,1.0088607583047258,False,True,True,0.010235566508659422,0.01321802308773344,1.0336883885877493,0.016060386075005262,0.01023556650865931
6.0,4,45.10000000000037,6,1.5,8.0,15.700000000000333,15.700000000000333,0.5255849439238833,0.525300558055183,24.0,False,True,0.0010410125852298169,0.009700312646527376,0.0062560431361872,0.00568771737400553,1.923937162323741,1.922896149738511,1.0138541435579342,1.0041538309114069,1.0090039872346706,10.511698878477667,10.506011161103661,True,False,False,1.9130434782608696,1.9130434782608696,1.0056944257601372,1.0051502600905853,False,True,True,0.0005412309430603557,0.009613824605508338,1.1547102063544692,0.008963693033307837,0.0005412309430604442
6.0,4,63.20000000000063,17,1.5,5.499999999999744,10.100000000000257,10.100000000000257,0.5246412553802919,0.5251434564271289,24.0,False,True,-0.001838338917689919,0.013552817499886904,0.010028609475547099,-0.010044020936739173,1.9204827303053509,1.9223210692230408,1.0208086592031034,1.0072558417032165,1.0140322504531598,10.492825107605839,10.502869128542578,True,False,False,1.9130434782608696,1.9130434782608696,1.0038886999323424,1.004849649821135,False,True,True,-0.0009567696681008764,0.01336547160585658,1.2787195271956273,0.013934709843848364,-0.0009567696681010069
6.0,4,68.70000000000037,12,1.5,2.2999999999998693,5.499999999999744,5.499999999999744,0.5360736789345761,0.5450800021094935,23.0,False,True,-0.03153481875216557,0.10041178442549636,0.04910374937396171,-0.18012646349834682,1.8770130690057,1.9085478877578657,1.1452004295971543,1.044788645171658,1.094994537384406,10.721473578691523,10.90160004218987,True,False,False,1.9090909090909092,1.9090909090909092,0.9831973218601285,0.9997155602541201,False,True,True,-0.01666096442889997,0.09176505783370767,1.283620698425834,0.0907493745659805,-0.016660964428900055
6.0,4,71.00000000000024,13,0.6,0.20000000000038654,2.2999999999998693,2.2999999999998693,0.7295172065031901,0.6684785601854601,22.0,True,False,0.21372125018430177,0.06488928273266947,0.0407157979160922,1.2207729263545986,2.554337928682621,2.340616678498319,1.352933639386251,1.2880443566535815,1.3204889980199161,14.590344130063801,13.369571203709203,False,True,False,1.9090909090909092,1.9090909090909092,1.337986534071849,1.2260373077848337,True,False,True,0.0873786298896928,0.04915023548418118,0.41053797100701095,0.2780021210428828,0.08737862988969294
6.0,4,71.90000000000019,14,1.5,4.800000000000182,0.6999999999995623,0.6999999999995623,0.9820601592227184,0.8788761441171862,22.0,False,True,0.3448671670943986,0.2711124897284538,0.052752334185933725,2.0636803021106473,3.282294303832097,2.9374271367376985,2.368936714454027,2.0978242247255734,2.2333804695898003,19.64120318445437,17.57752288234372,False,False,False,1.9047619047619047,1.9047619047619047,1.7232045095118511,1.5421492467872917,True,False,True,0.11100858609975117,0.12154048662619454,0.1730313731754738,0.8035163432925645,0.11100858609975128
6.0,4,83.89999999999951,11,1.5,8.000000000000014,3.999999999999318,3.999999999999318,0.4501702719136418,0.4842380244333037,24.0,False,True,-0.12470717791131825,0.05332189935114129,0.02214095331662161,-0.681355050393238,1.6478769521858103,1.7725841300971286,1.117845932929915,1.0645240335787738,1.0911849832543443,9.003405438272836,9.684760488666074,True,False,False,1.9130434782608696,1.9130434782608696,0.861390225006219,0.9265780680053172,False,False,True,-0.0729506786224891,0.0488757768338504,0.29200844574354035,0.08726424633196488,-0.07295067862248913
6.0,4,106.29999999999824,24,1.5,8.0,14.399999999998712,14.399999999998712,0.5415831442596426,0.5390006950751696,24.0,False,True,0.009453219718827954,0.004428516984791742,0.009111164307413499,0.05164898368946069,1.9824995935959828,1.9730463738771549,1.0356233027910997,1.031194785806308,1.0334090442987038,10.831662885192852,10.780013901503391,True,False,False,1.9130434782608696,1.9130434782608696,1.0363066057433545,1.03136514998124,True,False,True,0.0047797385209690235,0.0042853541745400785,0.35307014282135807,0.032863088815137526,0.004779738520968926
6.0,4,116.59999999999764,16,1.199999999999946,1.199999999999946,2.2999999999994003,2.2999999999994003,0.515262530890455,0.5266176226040651,24.0,False,False,-0.04156603643610568,0.05052610922226686,0.013326478447218508,-0.22710183427220088,1.886151311968896,1.9277173484050016,1.1041458116933414,1.0536197024710745,1.078882757082208,10.3052506178091,10.532352452081302,True,False,False,1.9130434782608696,1.9130434782608696,0.9859427312564684,1.0076704321207963,False,True,True,-0.021798171883830042,0.046840443527370206,0.22752382603417542,0.07592602150491805,-0.021798171883830018
6.0,4,117.79999999999758,4,1.5,6.599999999999625,1.199999999999946,1.199999999999946,0.563089594231565,0.5424328222805128,23.0,False,True,0.07232780201530309,-0.017778568240926385,0.0004297299706110258,0.413135439021044,1.9716068311623896,1.8992790291470865,1.7226617124486852,1.7404402806896115,1.7315509965691485,11.2617918846313,10.848656445610256,True,False,False,1.9090909090909092,1.9090909090909092,1.0327464353707754,0.99486044383895,False,True,True,0.03737450480794846,-0.010267514190074434,0.002656739109389461,0.5490175366756335,0.03737450480794841
6.0,4,124.3999999999972,8,0.6,0.20000000000042917,6.599999999999625,6.599999999999625,0.566788956813495,0.5781897128788636,22.0,True,False,-0.03991870702134337,0.061820095117479434,0.0367892486231825,-0.22801512130737223,1.9845598116688632,2.0244785186902066,1.0955155826309138,1.0336954875134343,1.064605535072174,11.335779136269899,11.563794257577271,False,True,False,1.9090909090909092,1.9090909090909092,1.0395313299217854,1.0604411288377271,True,False,True,-0.019915013557949557,0.05808487096101309,1.3317264512554927,0.06260434094662422,-0.019915013557949543
6.0,4,137.59999999999692,4,1.5,3.099999999999824,5.199999999999733,5.199999999999733,0.524869511514706,0.5117292429740754,24.0,False,True,0.04810078991131439,0.02476135529742929,0.012929860986407702,0.262805370812611,1.9213182764232608,1.8732174865119464,1.046541044842784,1.0217796895453548,1.0341603671940693,10.497390230294119,10.234584859481508,True,False,False,1.9130434782608696,1.9130434782608696,1.0043254626757954,0.9791818679494265,False,True,True,0.025354019354867918,0.023944582614265377,0.6030491699835707,0.03358985805853949,0.02535401935486786
6.0,4,140.69999999999675,24,0.6,0.49999999999954525,3.099999999999824,3.099999999999824,0.540387428471818,0.537894522443521,23.0,True,False,0.008728682975475133,0.14765799073213826,0.0467102772929824,0.049858120565939856,1.8921172693721728,1.8833885863966977,1.254287850247434,1.1066298595152957,1.1804588548813648,10.80774856943636,10.75789044887042,False,False,False,1.9090909090909092,1.9090909090909092,0.9911090458616143,0.9865368785887464,False,True,True,0.004623856437023455,0.12524872728796949,0.7839636335376663,0.16590322296004442,0.004623856437023408
6.0,4,141.1999999999963,3,1.5,4.400000000000631,0.49999999999954525,0.49999999999954525,0.6275569150518088,0.5361547002878346,22.0,False,True,0.22015772926114097,0.007936428110210114,0.01440570557401688,1.8280442952794829,2.0974544871419165,1.8772967578807755,1.8885393904257357,1.8806029623155256,1.8845711763706308,12.551138301036175,10.723094005756693,False,True,False,1.9047619047619047,1.9090909090909092,1.1011636057495062,0.983345920794692,False,True,True,0.11089161316764728,0.004211270945329915,0.07156687845500476,0.6337003023780228,0.11316176170218646
6.0,4,152.7999999999955,6,0.6,0.100000000000108,3.5999999999991985,3.5999999999991985,0.5463242283370704,0.51768026092887,24.0,True,False,0.01790286559318921,0.054920019512769924,0.020609284503579697,0.5728793481640082,1.9129044323556217,1.8950015667624325,1.0983040935718955,1.0433840740591256,1.0708440838155107,10.926484566741408,10.3536052185774,False,True,False,1.9090909090909092,1.9130434782608696,1.0019975598053257,0.9905690008076351,False,True,True,0.009403066939122517,0.051297909009515294,0.3109779719394479,0.06844720086362262,0.011471320003181714
6.0,4,152.8999999999956,9,0.6,0.3000000000004377,0.100000000000108,0.100000000000108,0.5463242283370704,0.51768026092887,24.0,True,False,0.01790286559318921,0.05472475671139132,0.021286144423858996,0.5728793481640082,1.9129044323556217,1.8950015667624325,1.097087262392641,1.0423625056812498,1.0697248840369453,10.926484566741408,10.3536052185774,False,True,False,1.9090909090909092,1.9130434782608696,1.0019975598053257,0.9905690008076351,False,True,True,0.009403066939122517,0.051168947564085694,0.3252197530350873,0.06740149769090512,0.011471320003181714
6.0,4,153.19999999999604,16,1.5,inf,0.3000000000004377,0.3000000000004377,0.5457663083581332,0.5385373207048954,22.0,False,True,0.025311640608387975,0.025230173467591266,-0.008740806204184604,0.14457975306475745,1.910950926460675,1.885639285852287,1.9120043500258992,1.886774176558308,1.8993892632921034,10.915326167162664,10.770746414097907,False,True,False,1.9090909090909092,1.9090909090909092,1.0009742948127345,0.987715816398817,False,True,True,0.013334078328685384,0.01328350377981058,-0.03256865755177962,0.6415323941267876,0.013334078328685352
6.0,5,31.10000000000017,9,1.5,8.000000000000004,inf,inf,0.5237237277121158,0.5237237277121158,24.0,False,True,0.0,0.0,0.0,0.0,1.917124061837633,1.917124061837633,1.0009221355344753,1.0009221355344753,1.0009221355344753,10.474474554242317,10.474474554242317,True,False,False,1.9130434782608696,1.9130434782608696,1.0021330323242172,1.0021330323242172,False,True,True,0.0,0.0,0.0,0.0009217106286970652,0.0
6.0,5,80.79999999999968,15,1.5,5.299999999999699,41.69999999999951,41.69999999999951,0.5237015802964384,0.52391536773407,24.0,False,True,-0.0007825825318104052,0.0032236734460098226,0.0023186108832941,-0.004275748752631259,1.9170429898119523,1.9178255723437627,1.0048322317243723,1.0016085582783625,1.0032203950013674,10.474031605928769,10.4783073546814,True,False,False,1.9130434782608696,1.9130434782608696,1.0020906537653387,1.002499730997876,False,True,True,-0.00040814047730175496,0.0032133280343004467,1.111275449910031,0.003215220635410315,-0.00040814047730185687
6.0,5,86.09999999999938,16,1.5,2.7000000000003013,5.299999999999699,5.299999999999699,0.6110409654687419,0.5454944547374754,23.0,False,True,0.22950512607675466,0.08635651154791191,0.044779655568582905,1.3109302146253299,2.1395041818918767,1.909999055815122,1.1353191330790309,1.048962621531119,1.092140877305075,12.220819309374837,10.909889094749508,True,False,False,1.9090909090909092,1.9090909090909092,1.1206926667052688,1.000475695903159,False,True,True,0.11347136376380784,0.0791120896283651,1.2266736027771565,0.08813987752296056,0.11347136376380801
6.0,5,92.09999999999904,12,1.5,2.000000000000341,3.2999999999993577,3.2999999999993577,0.563112277395641,0.5102428134051937,23.0,False,True,0.18511760371937003,0.09386555815901021,0.018123379492158198,1.0573892798089446,1.971686254191518,1.786568650472148,1.1577616163768911,1.063896058217881,1.110828837297386,11.26224554791282,10.204856268103875,True,False,False,1.9090909090909092,1.9090909090909092,1.0327880379098429,0.9358216740568395,False,False,True,0.09859231811470459,0.08455080340542287,0.3527415199937227,0.10510643695021243,0.09859231811470462
6.0,5,99.19999999999864,17,0.9000000000004036,0.9000000000004036,5.099999999999255,5.099999999999255,0.51942966220235,0.563371973750304,23.0,False,False,-0.1538599940623011,0.06660885926275761,0.03244808333978361,-0.8788462309590805,1.8187355632172637,1.9725955572795648,1.1283843363690953,1.0617754771063377,1.0950799067377166,10.388593244047,11.26743947500608,True,False,False,1.9090909090909092,1.9090909090909092,0.952671009304281,1.033264339527391,False,False,True,-0.08120870316344553,0.060844333459880405,0.8510771087067872,0.09082733479567302,-0.08120870316344556
6.0,5,115.99999999999768,5,1.5,8.0,8.799999999999045,8.799999999999045,0.5368029752107208,0.5244871160773776,24.0,False,True,0.04508298676838596,0.02195486854060702,0.0197370898987391,0.2463171826668642,1.9650014803381148,1.9199184935697289,1.0434457813173386,1.0214909127767315,1.032468347047035,10.736059504214417,10.489742321547553,True,False,False,1.9130434782608696,1.9130434782608696,1.0271598647221964,1.0035937580023582,False,True,True,0.02321026480082744,0.021265248420969347,0.9022872359691259,0.03195238877008609,0.023210264800827655
6.0,5,129.39999999999694,14,1.5,2.199999999999875,5.3999999999992525,5.3999999999992525,0.5138703278985841,0.5225872975237622,24.0,False,True,-0.03190902250646732,0.037818517088969106,0.0139241223898495,-0.1743393925035619,1.8810550642461932,1.9129640867526605,1.062417314290248,1.0245987972012789,1.0435080557457634,10.277406557971682,10.451745950475244,True,False,False,1.9130434782608696,1.9130434782608696,0.9832787835832373,0.9999584998934361,False,True,True,-0.01682109320955283,0.03624567834169187,0.6608203516720845,0.042588167434178,-0.016821093209552784
6.0,5,131.5999999999968,24,1.5,1.6999999999999034,2.199999999999875,2.199999999999875,0.5400502311946909,0.5352561532931972,23.0,False,True,0.01678602630298709,0.04347448445045887,0.021089902083501796,0.0958815580298733,1.8909366038762307,1.8741505775732437,1.329316904704845,1.285842420254386,1.3075796624796157,10.801004623893817,10.705123065863944,True,False,False,1.9090909090909092,1.9090909090909092,0.9904906020304065,0.9816979215859847,False,True,True,0.008916732448759235,0.03325112129509311,0.24313279553254397,0.2681778424276126,0.008916732448759318
6.0,5,133.29999999999671,18,1.5,4.100000000000222,1.6999999999999034,1.6999999999999034,0.5293776445614178,0.5496781305484211,22.0,False,True,-0.06784937653198586,0.02002196169350956,0.02175548225096001,-0.40600971974006583,1.769314446780175,1.8371638233121608,1.5035946813389744,1.4835727196454649,1.4935837004922197,10.587552891228356,10.993562610968421,True,False,False,1.9047619047619047,1.9047619047619047,0.9288900845595919,0.9645110072388845,False,False,True,-0.03763082871197598,0.013405516897407654,0.17224284016163538,0.4011784002856018,-0.037630828711976004
6.0,5,149.5999999999958,7,1.5,inf,8.299999999999073,8.299999999999073,0.5384696707974319,0.5219640148430464,24.0,False,True,0.06042000488463595,0.015371718672443357,0.011373896164335,0.33011311908770935,1.9711025256869683,1.9106825208023324,1.0293841630075364,1.014012444335093,1.0216983036713148,10.769393415948638,10.439280296860929,True,False,False,1.9130434782608696,1.9130434782608696,1.030349047518188,0.9987658631466737,False,True,True,0.031132524947299678,0.015045545821881775,0.8532618613084675,0.021466246313691102,0.03113252494729976
6.0,6,28.20000000000013,3,1.5,8.0,4.70000000000017,4.70000000000017,0.5485399958093113,0.5298837951167332,24.0,False,True,0.06829221086937975,-0.0072172437227358,0.0111451777010542,0.37312401385156235,2.007965591783168,1.939673380913788,1.064150302294418,1.071367546017154,1.067758924155786,10.970799916186227,10.597675902334664,True,False,False,1.9130434782608696,1.9130434782608696,1.0496183775230195,1.013920176386753,False,True,True,0.03460246756919172,-0.00675927031629775,0.26161238761968564,0.06556198861206133,0.03460246756919166
6.0,6,51.100000000000456,12,1.5,8.0,14.900000000000325,14.900000000000325,0.5276849453618286,0.5227423981091217,24.0,False,True,0.01809250901487247,0.01678151905291947,0.013523577592744999,0.0988509450541386,1.93162435133877,1.9135318423238976,1.019649192415371,1.0028676733624515,1.0112584328889112,10.553698907236573,10.454847962182434,True,False,False,1.9130434782608696,1.9130434782608696,1.0097127291089025,1.0002552812147647,False,True,True,0.009410615135335365,0.016595069703351513,2.0352814784380584,0.011195528430119502,0.009410615135335343
6.0,6,67.00000000000047,11,1.5,3.799999999999784,7.900000000000013,7.900000000000013,0.5060200743843364,0.521673505311055,24.0,False,True,-0.05730038089170164,0.024899213113624086,0.0122575657590062,-0.3130686185343734,1.8523187112659008,1.9096190921576024,1.0367873283797888,1.0118881152661647,1.0243377218229768,10.120401487686728,10.433470106221101,True,False,False,1.9130434782608696,1.9130434782608696,0.9682575081617208,0.998209979991474,False,True,True,-0.030465582245846945,0.024308817969375278,0.9734767921890906,0.024046278710868695,-0.030465582245847004
6.0,6,70.80000000000025,10,1.5,4.200000000000216,3.799999999999784,3.799999999999784,0.6098532577821878,0.5518128136571079,23.0,False,True,0.20322331879861943,0.12760365243447924,0.040507464021884196,1.1608088825015983,2.135345531808084,1.9321222130094644,1.1887490559840874,1.0611454035496082,1.124947229766848,12.197065155643756,11.036256273142158,True,False,False,1.9090909090909092,1.9090909090909092,1.1185143261851866,1.0120640163382908,False,True,True,0.10000948414099553,0.11355264663677302,0.9183083903232103,0.11773612768230868,0.10000948414099547
6.0,6,97.49999999999874,24,1.1999999999999034,1.1999999999999034,18.699999999998482,18.699999999998482,0.5351377086931732,0.5280612995315206,24.0,False,False,0.02590364644060883,0.015161793664101975,0.0132043842512286,0.14152818323305283,1.958905666187953,1.933002019747344,1.0238465322313055,1.0086847385672035,1.0162656353992545,10.702754173863465,10.561225990630412,True,False,False,1.9130434782608696,1.9130434782608696,1.0239734164164298,1.0104328739588389,False,True,True,0.013311738635915615,0.014919401356999524,1.1076774179093758,0.01613476714824976,0.013311738635915643
6.0,6,98.69999999999864,7,1.5,6.800000000000097,1.1999999999999034,1.1999999999999034,0.5153735211228758,0.5260136504376316,23.0,False,True,-0.03725544186276797,0.029196976352881876,0.007614333675658391,-0.2128025862951155,1.8045333553583824,1.8417887972211504,1.791060342628964,1.761863366276082,1.776461854452523,10.307470422457516,10.520273008752632,True,False,False,1.9090909090909092,1.9090909090909092,0.9452317575686765,0.9647465128301264,False,False,True,-0.020435242296985012,0.016435834825966222,0.04528328225182432,0.5746236639447374,-0.02043524229698495
6.0,6,109.49999999999852,10,1.5,8.0,2.7999999999998835,2.7999999999998835,0.5295162190299756,0.5393071126042894,24.0,False,True,-0.03584018952169066,0.07183903685606619,0.023198928758021202,-0.19581787148627683,1.9383278452368813,1.974168034758572,1.12451056579584,1.052671528939774,1.088591047367807,10.590324380599512,10.786142252085789,True,False,False,1.9130434782608696,1.9130434782608696,1.0132168281920062,1.031951472714708,False,True,True,-0.018321395429236498,0.06601664220745523,0.45885984345729103,0.08488424299719623,-0.018321395429236477
6.0,6,130.8999999999973,11,1.5,4.899999999999267,13.399999999998784,13.399999999998784,0.5116809047112554,0.5230658750894701,24.0,False,True,-0.04167540919089596,0.01974841293486085,0.014939870993456898,-0.22769940756429463,1.873040541222176,1.914715950413072,1.023700153258522,1.003951740323661,1.0138259467910915,10.233618094225108,10.461317501789402,True,False,False,1.9130434782608696,1.9130434782608696,0.9790893738206828,1.000874246806833,False,True,True,-0.022006214563851212,0.01947971194641207,1.8761329936244415,0.01373124032802087,-0.022006214563851215
6.0,6,135.79999999999657,21,1.5,2.8999999999997215,4.899999999999267,4.899999999999267,0.5320255924664741,0.5442723984966733,23.0,False,True,-0.042881073769464706,0.05321814406738512,0.0370250101104707,-0.24493612060398462,1.8628390636335388,1.9057201374030035,1.110642231122278,1.0574240870548928,1.0840331590885852,10.640511849329481,10.885447969933466,True,False,False,1.9090909090909092,1.9090909090909092,0.9757728428556631,0.9982343576872875,False,True,True,-0.02275825973732304,0.04910259053347248,1.0568572254271538,0.08068849211471878,-0.022758259737322973
6.0,6,138.6999999999963,3,0.6,0.2000000000010118,2.8999999999997215,2.8999999999997215,0.5227582544008982,0.5546697273729952,22.0,True,False,-0.111735110626759,0.09344021089485599,0.0401143514603961,-0.6382294594419413,1.830390325059857,1.942125435686616,1.2145852958159151,1.1211450849210591,1.1678651903684871,10.455165088017964,11.093394547459905,False,True,False,1.9090909090909092,1.9090909090909092,0.9587758845551632,1.0173037996453702,False,True,True,-0.059253722272826326,0.080052137947513,0.6391720433025503,0.15517745853966392,-0.05925372227282624
6.0,7,25.000000000000085,6,1.5,3.9000000000000554,10.000000000000094,10.000000000000094,0.5293130193753584,0.5232709945232692,24.0,False,True,0.022117216794363292,0.011254265726379664,0.0107714621723135,0.12084049704178312,1.9375840199591423,1.915466803164779,1.0190654479785572,1.0078111822521776,1.0134383151153674,10.586260387507167,10.465419890465384,True,False,False,1.9130434782608696,1.9130434782608696,1.012828010433188,1.0012667380179527,False,True,True,0.0114804920739624,0.011105146922750695,1.1175491334300087,0.013348821826662178,0.011480492073962208
6.0,7,28.90000000000014,16,1.5,4.099999999999945,3.9000000000000554,3.9000000000000554,0.5294501444943092,0.5422352803709867,23.0,False,True,-0.04476598660324482,0.1511834079996135,0.0515628798603761,-0.25570271753355023,1.8538213675737256,1.8985873541769704,1.216572396848539,1.0653889888489254,1.140980692848732,10.589002889886183,10.844705607419733,True,False,False,1.9090909090909092,1.9090909090909092,0.9710492877767134,0.9944981379022225,False,True,True,-0.02386099908199013,0.132697413661967,1.026211736990351,0.1318881494823747,-0.023860999081990096
6.0,7,45.400000000000375,9,1.5,4.4000000000000625,8.500000000000234,8.500000000000234,0.5318903562349249,0.5262106971241316,24.0,False,True,0.02079075391887253,0.02173003079528346,0.013330658864407399,0.11359318221586534,1.9470185256870405,1.926227771768168,1.029000108506486,1.0072700777112025,1.0181350931088442,10.637807124698497,10.524213942482632,True,False,False,1.9130434782608696,1.9130434782608696,1.017759683881862,1.006891789787906,False,True,True,0.010735673390111278,0.02134378421419607,1.4460632041942079,0.017972613752997205,0.010735673390111392
6.0,7,49.80000000000044,8,1.5,3.5999999999999375,4.4000000000000625,4.4000000000000625,0.6182878922691284,0.5460010703390932,23.0,False,True,0.25310571067251186,0.10918769921467208,0.049911360857121306,1.4457364386007043,2.164878634787023,1.911772924114511,1.1760289748473276,1.0668412756326555,1.1214351252399917,12.365757845382568,10.920021406781864,True,False,False,1.9090909090909092,1.9090909090909092,1.1339840467932023,1.0014048650123628,False,True,True,0.1243332580102342,0.09744128400205869,1.133941305954568,0.1146092268849766,0.1243332580102342
6.0,7,74.80000000000003,7,0.7999999999998408,0.7999999999998408,16.999999999999588,16.999999999999588,0.5107120613877472,0.5230006325954744,24.0,False,False,-0.044983097578669584,0.01124873122799519,0.011073992040951799,-0.2457714241545439,1.869494028529764,1.9144771261084337,1.0189557224384638,1.0077069912104686,1.0133313568244662,10.214241227754943,10.460012651909487,True,False,False,1.9130434782608696,1.9130434782608696,0.9772355149132858,1.0007494068294085,False,True,True,-0.023776722877147938,0.011100857252850862,1.011201631861815,0.013243276245946872,-0.023776722877147945
6.0,7,75.59999999999987,6,1.5,7.200000000000159,0.7999999999998408,0.7999999999998408,0.7501770183852754,0.7663373624541716,23.0,False,True,-0.05658397009387395,-0.04349472226302953,-0.009059297328900706,-0.3232068813779243,2.626676374739037,2.683260344832911,1.8090977946875184,1.852592516950548,1.8308451558190333,15.003540367705508,15.326747249083432,False,False,False,1.9090909090909092,1.9090909090909092,1.3758781010537813,1.4055173234839056,True,False,True,-0.021313290547543273,-0.023757753581259644,-0.0510421976618145,0.604777694021825,-0.021313290547543218
6.0,7,95.69999999999884,15,1.5,1.7999999999998977,12.099999999998971,12.099999999998971,0.5373665535677787,0.5397168240923471,24.0,False,True,-0.008603314946529661,-0.004995542729382851,0.001701909138973997,-0.04700541049136753,1.9670644948090583,1.975667809755588,1.0352752140465722,1.040270756775955,1.0377729854112636,10.747331071355575,10.794336481846942,True,False,False,1.9130434782608696,1.9130434782608696,1.0282382586501895,1.0327354460086027,True,False,True,-0.004364145438578881,-0.004813723662083547,0.05453131316944804,0.037077056981810665,-0.0043641454385789265
6.0,7,97.49999999999874,25,1.5,2.6999999999998465,1.7999999999998977,1.7999999999998977,0.5292859234827638,0.5246674760429704,23.0,False,True,0.0161710722679711,0.027136420135229322,0.009239236861180097,0.09236894879586899,1.853246362687292,1.8370752904193208,1.54244483629686,1.5153084161616306,1.5288766262292453,10.585718469655276,10.493349520859407,True,False,False,1.9090909090909092,1.9090909090909092,0.9707480947409624,0.9622775330767871,False,False,True,0.008764100962225574,0.017749720360584864,0.07158162721187189,0.4245332345018714,0.008764100962225595
6.0,7,100.19999999999858,13,1.5,3.500000000000256,2.6999999999998465,2.6999999999998465,0.6201503577793952,0.5882971576036908,22.0,False,True,0.10646147948643803,0.08853512315284795,0.048896002984165306,0.6370640035140873,2.072699892916761,1.966238413430323,1.2102986408414629,1.121763517688615,1.1660310792650388,12.403007155587904,11.765943152073817,True,False,False,1.9047619047619047,1.9047619047619047,1.0881674437812996,1.0322751670509196,True,False,True,0.052729770868651826,0.07596512343147925,0.5977069757168301,0.15360574217430703,0.05272977086865177
6.0,7,137.39999999999648,2,1.5,8.0,29.1999999999979,29.1999999999979,0.526078792001262,0.5222109306266871,24.0,False,True,0.014158552910029654,0.004810720927359569,0.0032734511536699003,0.07735722749149687,1.92574492466472,1.9115863717546904,1.0089065627950542,1.0040958418676946,1.0065012023313744,10.521575840025239,10.444218612533742,True,False,False,1.9130434782608696,1.9130434782608696,1.0066393924383763,0.9992383306899517,False,True,True,0.007379408274861277,0.004779656571367981,0.7380348505564047,0.006480160663686549,0.007379408274861359
6.0,7,150.09999999999576,22,0.6,0.10000000000044906,4.699999999999278,4.699999999999278,0.5402648574272959,0.517278036643968,24.0,True,False,0.0841447215335851,0.036708176314319996,0.014516817604819602,0.45973641566655843,1.9776739206830212,1.893529199149436,1.0546623067908023,1.0179541304764823,1.0363082186336423,10.805297148545918,10.34556073287936,False,True,False,1.9130434782608696,1.9130434782608696,1.0337840949024883,0.9897993541008415,False,True,True,0.04347897759948771,0.03542576869674056,0.5660738395215237,0.035664607924094247,0.04347897759948777
6.0,7,150.1999999999962,13,1.5,inf,0.10000000000044906,0.10000000000044906,0.5402648574272959,0.517278036643968,24.0,False,True,0.0841447215335851,0.03635587237337945,0.014154711265692097,0.45973641566655843,1.9776739206830212,1.893529199149436,1.053870594541284,1.0175147221679046,1.0356926583545945,10.805297148545918,10.34556073287936,False,True,False,1.9130434782608696,1.9130434782608696,1.0337840949024883,0.9897993541008415,False,True,True,0.04347897759948771,0.03510655981307885,0.5577748306581198,0.03507043800457927,0.04347897759948777
12.0,0,52.600000000000506,22,1.5,8.0,27.20000000000053,27.20000000000053,0.509690218401051,0.5199943237643119,24.0,False,True,-0.03771883396216191,0.018093664188409964,0.0127430196664012,-0.20608210726521747,1.8657535071946445,1.9034723411568064,1.0287698874836375,1.0106762232952275,1.0197230553894325,10.19380436802102,10.399886475286237,True,False,False,1.9130434782608696,1.9130434782608696,0.9752802423972005,0.9949969056046942,False,True,True,-0.02001476941072866,0.0177441696852709,0.987411182676373,0.019531076105406494,-0.020014769410728668
12.0,0,66.80000000000048,2,1.5,5.09999999999971,6.199999999999974,6.199999999999974,0.5213301077822665,0.515844282538759,24.0,False,True,0.020081212702177886,0.01992509591126268,0.018481146746583,0.10971650487014983,1.9083620636321008,1.888280850929923,1.0386145595292309,1.0186894636179682,1.0286520115735995,10.42660215564533,10.31688565077518,True,False,False,1.9130434782608696,1.9130434782608696,0.9975528968985982,0.9870558993497324,False,True,True,0.010578503387841387,0.019370709156235205,0.8410067908512606,0.02824921848336356,0.010578503387841364
12.0,0,71.90000000000019,15,1.5,2.90000000000029,5.09999999999971,5.09999999999971,0.5297993793612013,0.5419476721212519,23.0,False,True,-0.04253613854357008,0.0717222792697163,0.0425051383452073,-0.24296585520101388,1.855044181591776,1.897580320135346,1.1278548652263427,1.0561325859566264,1.0919937255914847,10.595987587224025,10.838953442425039,True,False,False,1.9090909090909092,1.9090909090909092,0.971689809405216,0.9939706438804193,False,True,True,-0.022671045498419584,0.06570374693237396,1.1402021110879823,0.08800513151086244,-0.022671045498419515
12.0,0,75.39999999999999,24,1.5,3.099999999999824,0.5999999999995111,0.5999999999995111,0.5518059186037387,0.5454623674067909,23.0,False,True,0.022211365654517312,0.11114557799375979,0.008988064360179515,0.126871023938957,1.93209807060928,1.9098867049547628,1.2479578134942204,1.1368122355004606,1.1923850244973404,11.036118372074775,10.909247348135818,False,False,False,1.9090909090909092,1.9090909090909092,1.0120513703191467,1.0004168454524947,False,True,True,0.011562572165330742,0.09328040523580022,0.05992905215920952,0.1759555236162275,0.011562572165330855
12.0,0,78.49999999999982,5,0.6,0.10000000000002274,3.099999999999824,3.099999999999824,0.5724015484831835,0.5798060760218364,22.0,True,False,-0.02356934318073356,0.06381446702709948,0.037210107999176796,-0.148090550773059,1.822010717491077,1.8455800606718105,1.1623630819575848,1.0985486149304853,1.130455848444035,11.44803096966367,11.596121520436729,False,True,True,1.9,1.9,0.95895300920583,0.9713579266693739,False,False,True,-0.01285294302070028,0.0564652049783122,0.718583224237701,0.12262095708073086,-0.012852943020700083
12.0,0,78.59999999999984,21,1.3000000000003524,1.3000000000003524,0.10000000000002274,0.10000000000002274,0.5724015484831835,0.5798060760218364,22.0,False,False,-0.02356934318073356,0.060215475171477406,0.03633173084993391,-0.148090550773059,1.822010717491077,1.8455800606718105,1.155665031422053,1.0954495562505755,1.125557293836314,11.44803096966367,11.596121520436729,False,True,False,1.9,1.9,0.95895300920583,0.9713579266693739,False,False,True,-0.01285294302070028,0.05351113038643389,0.7251765328492898,0.1182782852989774,-0.012852943020700083
12.0,0,85.29999999999943,12,1.2000000000003865,1.2000000000003865,1.8999999999994373,1.8999999999994373,0.5227004937746305,0.5624997838770671,22.0,False,False,-0.13301932877837408,0.11427416036314564,0.019701616834129007,-0.7959858020487331,1.7469977141569448,1.880017042935319,1.1940629048874796,1.079788744524334,1.1369258247059069,10.45400987549261,11.249995677541342,True,False,False,1.9047619047619047,1.9047619047619047,0.9171737999323961,0.9870089475410425,False,True,True,-0.07338211947990092,0.10059628266233064,0.18554011452490382,0.12832797491465042,-0.07338211947990093
12.0,0,101.89999999999849,8,1.5,2.6999999999998323,8.599999999999042,8.599999999999042,0.5339722438214798,0.5227321751491978,24.0,False,True,0.041144987267378585,0.013799284640489518,0.010638681319707698,0.22480137344564,1.9546394077953635,1.913494420527985,1.0258882293034848,1.0120889446629953,1.01898858698324,10.679444876429596,10.454643502983956,True,False,False,1.9130434782608696,1.9130434782608696,1.0217433268021219,1.0002357198214467,False,True,True,0.02127462025156268,0.013542345527300619,0.9832686474255512,0.018810553965146578,0.021274620251562733
12.0,0,104.59999999999832,23,1.3999999999999204,1.3999999999999204,2.6999999999998323,2.6999999999998323,0.5116245732067792,0.532445483516546,23.0,False,False,-0.07290251750039278,0.11776489316784944,0.0459719192482351,-0.41641820619533476,1.791406756329084,1.8643092738294769,1.2621556529811335,1.144390759813284,1.203273206397209,10.232491464135585,10.64890967033092,True,False,False,1.9090909090909092,1.9090909090909092,0.9383559199819012,0.9765429529582974,False,False,True,-0.039889413349143754,0.09794868695224704,0.6020550144852779,0.18504551544535972,-0.03988941334914375
12.0,0,105.99999999999824,7,1.5,3.9000000000002473,1.3999999999999204,1.3999999999999204,0.6286820769877401,0.5538100029885182,22.0,False,True,0.25024147420688503,-0.06583579613832624,0.004085804521875902,1.4974414799844382,2.101215063903445,1.85097358969656,1.5437201434435557,1.609555939581882,1.5766380415127188,12.573641539754803,11.076200059770365,True,False,False,1.9047619047619047,1.9047619047619047,1.1031379085493087,0.971761134590694,False,False,True,0.12680401390027174,-0.04176314610077225,0.02922458631942626,0.45529475818215714,0.12680401390027168
12.0,0,112.69999999999833,23,1.299999999999912,1.299999999999912,0.10000000000000853,0.10000000000000853,0.3254526281906971,0.3048213578252676,23.0,False,False,0.07552207920123899,0.07777525335083868,0.0015410547744053038,0.41262540730858976,1.191340073932358,1.115817994731119,1.1958842623170878,1.118109008966249,1.1569966356416685,6.509052563813942,6.096427156505352,False,True,False,1.9130434782608696,1.9130434782608696,0.622745947737369,0.5832684972458122,False,False,True,0.0654910225820526,0.06724700668059888,0.00934837110139597,0.14582754037815754,0.0654910225820527
12.0,0,115.19999999999764,22,1.5,5.500000000000682,1.199999999999406,1.199999999999406,0.5916576993626501,0.5268036472582978,23.0,False,True,0.2270805453828344,0.022485175384852063,0.001225739111619592,1.297081042087047,2.0716354443827747,1.8445548989999403,1.1298668634327111,1.107381688047859,1.1186242757402851,11.833153987253002,10.536072945165955,True,False,False,1.9090909090909092,1.9090909090909092,1.0851423756290723,0.966195423285683,False,False,True,0.11610036385338707,0.02010141652899411,0.009927007553393263,0.11209960506534888,0.11610036385338705
12.0,0,121.59999999999737,25,1.5,1.6000000000002785,0.8999999999990393,0.8999999999990393,0.6012859866598221,0.451709936188128,23.0,False,True,0.5237268916161246,0.12352063039178862,-0.01062075822642558,2.9915210094338835,2.105348013753559,1.5816211221374343,1.2221328558304334,1.0986122254386448,1.160372540634539,12.025719733196443,9.03419872376256,False,False,False,1.9090909090909092,1.9090909090909092,1.1028013405375785,0.8284682068338941,False,False,True,0.28603043296560876,0.1065498047692268,-0.07081658573677418,0.14874110927824424,0.28603043296560887
12.0,0,134.29999999999666,20,1.5,6.100000000000108,4.6999999999993065,4.6999999999993065,0.5307899164813668,0.5025880140979915,24.0,False,True,0.1032348598849131,0.003855783897963816,0.011424894747909094,0.5640380476675055,1.9429902958809075,1.8397554359959944,1.0548494480180066,1.0509936641200428,1.0529215560690246,10.615798329627335,10.05176028195983,True,False,False,1.9130434782608696,1.9130434782608696,1.0156540183013834,0.9616903415433607,False,True,True,0.054595528415570915,0.003661989997860257,0.2305576522746886,0.051568734715953586,0.05459552841557075
12.0,0,140.39999999999677,2,0.8999999999999488,0.8999999999999488,6.100000000000108,6.100000000000108,0.5042420099460561,0.5334522319911388,23.0,False,False,-0.10227692700030877,0.08789822553230509,0.030112878053327297,-0.5842044409016545,1.7655573847451644,1.8678343117454732,1.1233067203667615,1.0354084948344564,1.0793576076006088,10.084840198921121,10.669044639822776,True,False,False,1.9090909090909092,1.9090909090909092,0.9248157729617528,0.9783894013904859,False,False,True,-0.05631319840985871,0.08148073449660903,0.7636966199688171,0.07636605639059013,-0.05631319840985874
12.0,0,141.29999999999671,8,0.9999999999999432,0.9999999999999432,0.8999999999999488,0.8999999999999488,0.5345841987272122,0.5649752121127012,22.0,False,False,-0.10157448012332315,-0.0888051536876564,-0.015237016535280007,-0.6078202677097799,1.7867160722513744,1.8882905523746976,1.6982802714215322,1.7870854251091886,1.7426828482653605,10.691683974544244,11.299504242254024,False,False,False,1.9047619047619047,1.9047619047619047,0.9380259379319716,0.9913525399967162,False,True,True,-0.05529261173727884,-0.05096990467896367,-0.09203013997147647,0.5554257925894092,-0.055292611737278834
12.0,0,142.8999999999962,19,1.5,5.500000000000568,0.5999999999995396,0.5999999999995396,0.4662466322066452,0.4605339339387813,22.0,False,True,-0.05420296452572959,-0.07663508652121331,-0.012657762134319905,0.11425396535727828,1.5583145805283658,1.6125175450540954,1.5585680272116398,1.635203113732853,1.5968855704722464,9.324932644132904,9.210678678775626,False,True,False,1.9047619047619047,1.9090909090909092,0.818115154777392,0.844652047409288,False,False,True,-0.034191810167707004,-0.04799955678631995,-0.06108050497617157,0.4680552138618374,-0.031921661633167786
12.0,1,24.100000000000072,18,0.6,0.40000000000000924,inf,inf,0.5238924593868814,0.5238924593868814,24.0,True,False,0.0,0.0,0.0,0.0,1.9177417148798208,1.9177417148798208,1.001228118271821,1.001228118271821,1.001228118271821,10.477849187737629,10.477849187737629,False,False,False,1.9130434782608696,1.9130434782608696,1.0024558964144517,1.0024558964144517,False,True,True,0.0,0.0,0.0,0.001227364751454542,0.0
12.0,1,24.50000000000008,13,0.6,0.40000000000000213,0.40000000000000924,0.40000000000000924,0.5219854166881963,0.5219854166881963,23.0,True,False,0.0,0.0,0.0,0.0,1.9107608636196107,1.9107608636196107,1.912722124169472,1.912722124169472,1.912722124169472,10.439708333763926,10.439708333763926,False,True,False,1.9130434782608696,1.9130434782608696,0.9988068150738874,0.9988068150738874,False,True,True,0.0,0.0,0.0,0.6485274233310231,0.0
12.0,1,24.900000000000084,7,1.5,3.2000000000000455,0.40000000000000213,0.40000000000000213,0.5226727966654021,0.5226727966654021,22.0,False,True,0.0,0.0,-1.814973987768198e-08,0.0,1.8300911025972049,1.8300911025972049,1.8316390629629973,1.8316390629629973,1.8316390629629973,10.453455933308042,10.453455933308042,False,True,False,1.9090909090909092,1.9090909090909092,0.9586191489794882,0.9586191489794882,False,False,True,0.0,0.0,-7.180682382035286e-08,0.6052112288080378,0.0
12.0,1,28.10000000000013,19,1.5,3.999999999999943,3.2000000000000455,3.2000000000000455,0.6214338721882253,0.6099328844117631,21.0,False,True,0.036608781101269194,0.003801911807099101,0.0484394407893352,0.23001975552924492,1.9780854512698636,1.9414766701685944,1.1507490398152376,1.1469471280081385,1.148848083911688,12.428677443764506,12.198657688235262,True,False,False,1.9,1.9,1.0410976059315071,1.0218298264045234,True,False,True,0.018680579389485752,0.0033093281262406293,0.6599620808114457,0.1387597742086031,0.01868057938948575
12.0,1,34.30000000000022,24,1.5,1.799999999999912,1.4000000000001336,1.4000000000001336,0.5580556687197129,0.5983435735328877,23.0,False,True,-0.1410644223523161,0.07626582113826808,0.0183018375209264,-0.8057580962634958,1.953981000338301,2.095045422690617,1.230340152410374,1.154074331272106,1.1922072418412402,11.161113374394258,11.966871470657754,True,False,False,1.9090909090909092,1.9090909090909092,1.0235138573200624,1.0974047452188946,True,False,True,-0.06970640451165344,0.06399209996831098,0.14165901839147477,0.17580641413622183,-0.06970640451165344
12.0,1,36.80000000000025,5,1.5,1.900000000000027,0.7000000000001236,0.7000000000001236,0.4998016175739384,0.5350722731804334,23.0,False,True,-0.12349698208904214,0.10573871663438483,0.025179436954452794,-0.7054131121299001,1.7500097560487828,1.873506738137825,1.4452021737131724,1.3394634570787876,1.39233281539598,9.996032351478767,10.701445463608668,False,False,False,1.9090909090909092,1.9090909090909092,0.9166717769779338,0.9813606723579082,False,True,True,-0.06819057299098286,0.07598009576762815,0.13573641863408126,0.330980624854506,-0.06819057299098286
12.0,1,38.70000000000028,4,1.4999999999999076,1.4999999999999076,1.900000000000027,1.900000000000027,0.7140682160942573,0.6954232631431649,22.0,False,False,0.06231616494352554,-0.029728834273920368,0.04093189487293661,0.3728990590218473,2.3865972122204675,2.324281047276942,1.3808883957358502,1.4106172300097706,1.3957528128728103,14.281364321885146,13.908465262863299,True,False,False,1.9047619047619047,1.9047619047619047,1.2529635364157454,1.2202475498203946,True,False,True,0.0264578266149178,-0.021300303317421,0.29121783627112463,0.33343392051908033,0.026457826614917745
12.0,1,40.20000000000019,7,0.6,0.20000000000011653,1.4999999999999076,1.4999999999999076,0.6929027366779472,0.6616696817242325,21.0,True,False,0.09941790167489017,0.23237179134448405,0.0776038248500032,0.6246610990742951,2.2055779124839447,2.1061600108090546,1.994943387739732,1.762571596395248,1.87875749206749,13.858054733558944,13.23339363448465,False,True,False,1.9,1.9,1.1608304802547078,1.1085052688468708,True,False,True,0.046123177020827355,0.12384179591891542,0.3526570719129809,0.6306106498708365,0.04612317702082741
12.0,1,40.400000000000304,14,0.6,0.30000000000000426,0.20000000000011653,0.20000000000011653,0.6929027366779472,0.6616696817242325,21.0,True,False,0.09941790167489017,0.26585924526688887,0.0857119438974461,0.6246610990742951,2.2055779124839447,2.1061600108090546,1.894670728747769,1.6288114834808802,1.7617411061143247,13.858054733558944,13.23339363448465,False,True,False,1.9,1.9,1.1608304802547078,1.1085052688468708,True,False,True,0.046123177020827355,0.15119446790009794,0.42486228776571155,0.5663025848877591,0.04612317702082741
12.0,1,40.70000000000031,17,1.5,1.599999999999909,0.30000000000000426,0.30000000000000426,0.6922102278496247,0.6541751235021351,19.0,False,True,0.11501602249046172,0.10812244659264736,0.052928830994762976,0.7607020869497916,2.093204908999664,1.9781888865092023,2.088112827580244,1.9799903809875967,2.0340516042839205,13.844204556992494,13.083502470042703,False,True,False,1.894736842105263,1.894736842105263,1.1047470353053783,1.0440441345465235,True,False,True,0.05651461839964966,0.05316871815035351,0.15521857531470384,0.710029668142253,0.0565146183996498
12.0,1,55.80000000000052,15,1.5,5.10000000000008,7.100000000000215,7.100000000000215,0.5052901484787222,0.5294725083032428,24.0,False,True,-0.08852106833908402,0.011037850374449265,0.011492798622611398,-0.483647196490411,1.8496467709986069,1.9381678393376909,1.0742749517413144,1.0632371013668651,1.0687560265540896,10.105802969574444,10.589450166064855,True,False,False,1.9130434782608696,1.9130434782608696,0.9668608121129081,1.013133188744702,False,True,True,-0.04674842785948741,0.010327846779046343,0.2776514470703475,0.06649538013395404,-0.04674842785948727
12.0,1,60.9000000000006,23,1.5,2.8999999999999204,5.10000000000008,5.10000000000008,0.5403607517627087,0.5221501257859007,23.0,False,True,0.06376284510214636,0.04201748828082619,0.027501186009264406,0.3642125195361601,1.8920238633095288,1.8282610182073824,1.1218610006538725,1.0798435123730463,1.1008522565134595,10.807215035254174,10.443002515718014,True,False,False,1.9090909090909092,1.9090909090909092,0.9910601188764198,0.9576605333467241,False,True,True,0.034281831500730164,0.038172779404040236,0.5727269202502576,0.09608465846688578,0.034281831500730206
12.0,1,64.10000000000063,3,1.499999999999801,1.499999999999801,0.30000000000011084,0.30000000000011084,0.5236661334647561,0.5676798277214354,23.0,False,False,-0.15410993410308915,0.1624449584651968,0.01850230115221091,-0.8802738851335867,1.833569180756195,1.987679114859284,1.2783725061931843,1.1159275477279875,1.197150026960586,10.473322669295122,11.353596554428709,False,False,False,1.9090909090909092,1.9090909090909092,0.9604409994437211,1.0411652506405773,False,False,True,-0.08070324482442859,0.13590184891806528,0.11570951807540264,0.17994375452863173,-0.08070324482442849
12.0,1,65.60000000000043,13,1.5,3.3000000000001677,1.499999999999801,1.499999999999801,0.5172174540946473,0.5080110709569525,22.0,False,True,0.030770069071601958,-0.11851243794688382,-0.008641227757899606,0.18412766275389458,1.72867200392394,1.697901934852338,1.5893615575023008,1.7078739954491846,1.6486177764757426,10.344349081892945,10.16022141913905,True,False,False,1.9047619047619047,1.9047619047619047,0.9075528020600686,0.8913985157974775,False,False,True,0.017960153047682503,-0.07191692005595596,-0.04799925566650942,0.4999372256095362,0.017960153047682587
12.0,1,69.20000000000034,21,0.8999999999999488,0.8999999999999488,0.29999999999974136,0.29999999999974136,0.6089366963962624,0.6003338858832707,22.0,False,False,0.028752776170136496,0.07338571452074749,-0.018987666010835402,0.1720562102598322,2.0352209904917915,2.006468214321655,1.2078458183341414,1.134460103813394,1.1711529610737677,12.178733927925247,12.006677717665415,False,False,False,1.9047619047619047,1.9047619047619047,1.0684910200081905,1.053395812518869,True,False,True,0.014228338590237866,0.06268159923494296,-0.11101558754495389,0.15798870040073806,0.014228338590237755
12.0,1,70.10000000000029,11,1.5,2.000000000000341,0.8999999999999488,0.8999999999999488,0.6048815238882845,0.5741229254553062,21.0,False,True,0.006533158135150652,-0.05929854471740548,-0.0129574578190709,0.6151719686595669,1.9253976902355767,1.918864532100426,1.8708283359468605,1.930126880664266,1.9004776083055632,12.09763047776569,11.482458509106124,False,True,False,1.9,1.9047619047619047,1.0133672053871456,1.0074038793527238,False,True,True,0.003398917163762283,-0.03120444884486262,-0.05643530739179625,0.6421052273759497,0.005902047381880651
12.0,1,76.59999999999981,14,0.6000000000005343,0.6000000000005343,2.9999999999993747,2.9999999999993747,0.5444226366018992,0.5585139886925949,22.0,False,False,-0.04709687514173355,0.031002845993251427,0.0164543558612677,-0.2818270418139157,1.819598628672612,1.8666955038143456,1.160185420029527,1.1291825740362755,1.1446839970329012,10.888452732037983,11.170279773851899,True,False,False,1.9047619047619047,1.9047619047619047,0.9552892800531214,0.9800151395025315,False,True,True,-0.025553814354432824,0.027085852051604978,0.17724437683693495,0.1351286137911964,-0.025553814354432724
12.0,1,82.8999999999998,23,1.5,1.7000000000000028,4.799999999999514,4.799999999999514,0.5056075803878617,0.5277505464629515,23.0,False,True,-0.077531575122467,0.09498439476425036,0.025924615536336307,-0.4428593215017962,1.7703388050361426,1.8478703801586096,1.1702796138432177,1.0752952190789673,1.1227874164610925,10.112151607757234,10.55501092925903,True,False,False,1.9090909090909092,1.9090909090909092,0.9273203264475033,0.967932103892605,False,False,True,-0.04286288660988369,0.08464746017096163,0.504764203107813,0.11581435815840325,-0.04286288660988357
12.0,1,89.59999999999964,21,1.3000000000001677,1.3000000000001677,4.9999999999998295,4.9999999999998295,0.5968109695444754,0.5540397479196582,23.0,False,False,0.14975952956070993,0.06389606101063894,0.0424716193817711,0.8554244324963456,2.089679149678337,1.9399196201176272,1.1109603208098913,1.0470642597992523,1.0790122903045718,11.936219390889509,11.080794958393163,True,False,False,1.9090909090909092,1.9090909090909092,1.0945938403077005,1.0161483724425666,False,True,True,0.07436399800366589,0.059234490005669195,0.9014990784482517,0.0760460766694881,0.07436399800366594
12.0,1,94.09999999999891,9,1.5,2.4999999999998863,3.1999999999991076,3.1999999999991076,0.5267729063908932,0.5520458938410471,23.0,False,True,-0.0884910593466115,0.14023299408417134,0.0401359081426115,-0.5054597490030766,1.8444472626578885,1.9329383220045,1.2109456740805626,1.0707126799963913,1.1408291770384769,10.535458127817865,11.040917876820942,True,False,False,1.9090909090909092,1.9090909090909092,0.9661390423446082,1.012491502002357,False,True,True,-0.04686164583213692,0.12307712035700297,0.7504314657823437,0.13175534629620445,-0.04686164583213687
12.0,1,96.5999999999988,8,1.0000000000008384,1.0000000000008384,2.4999999999998863,2.4999999999998863,0.6766417628024737,0.6481065850760324,22.0,False,False,0.09537180633054732,0.018775733328859845,0.021563244409103705,0.5707035545288264,2.2615085063009763,2.166136699970429,1.2138558857763124,1.1950801524474526,1.2044680191118826,13.532835256049474,12.962131701520647,True,False,False,1.9047619047619047,1.9047619047619047,1.1872919658080126,1.1372217674844753,True,False,True,0.04308681298183159,0.01558871904505546,0.27634253596255665,0.18603799154710204,0.04308681298183148
12.0,1,99.99999999999837,7,0.6,0.20000000000067075,2.3999999999987267,2.3999999999987267,0.7539121668603803,0.6107769877309197,22.0,True,False,0.47839409706474845,0.22697957483766107,0.07763215005932679,2.862703582589212,2.519765808271978,2.0413717112072294,1.3829404569534876,1.1559608821158265,1.269450669534657,15.078243337207606,12.215539754618394,False,True,False,1.9047619047619047,1.9047619047619047,1.3228770493427884,1.0717201483837955,True,False,True,0.21054397463332197,0.17928006753780643,0.6013955278771896,0.23858426322300255,0.21054397463332192
12.0,1,100.19999999999904,11,1.5,1.8999999999998778,0.20000000000067075,0.20000000000067075,0.7539121668603803,0.6107769877309197,22.0,False,True,0.47839409706474845,0.23361619853389737,0.0830744336371341,2.862703582589212,2.519765808271978,2.0413717112072294,1.367936757540209,1.1343205590063117,1.2511286582732604,15.078243337207606,12.215539754618394,False,True,False,1.9047619047619047,1.9047619047619047,1.3228770493427884,1.0717201483837955,True,False,True,0.21054397463332197,0.1872697430045861,0.687559508543814,0.22404607053979098,0.21054397463332192
12.0,1,103.69999999999928,21,0.8999999999995225,0.8999999999995225,1.6000000000003638,1.6000000000003638,0.4920532188656192,0.5799479656250863,21.0,False,False,-0.27977766837159046,0.17496816187330166,0.0931143672590703,-1.7578949351893431,1.5662540409348311,1.8460317093064216,1.4752678537284547,1.300299691855153,1.3877837727918039,9.841064377312383,11.598959312501727,True,False,False,1.9,1.9,0.8243442320709637,0.971595636477064,False,False,True,-0.16435150600779636,0.12624479895807705,0.6303028987280481,0.3277080666579279,-0.16435150600779644
12.0,1,106.49999999999812,4,1.5,1.5000000000002416,1.8999999999993236,1.8999999999993236,0.6782477742026174,0.6377421993876053,21.0,False,True,0.1289332490917552,0.07800975017346623,0.0204927591841864,0.8101114963002409,2.1589297181084453,2.02999646901669,1.195444134140852,1.1174343839673857,1.1564392590541188,13.564955484052348,12.754843987752107,True,False,False,1.9,1.9,1.136278799004445,1.0684191942193106,True,False,True,0.06157854436768995,0.06748244772980165,0.21681675627777253,0.14534567995607936,0.06157854436768993
12.0,1,114.499999999998,7,0.6999999999997186,0.6999999999997186,2.799999999998718,2.799999999998718,0.5132126506439549,0.5586188048950271,23.0,False,False,-0.16621211960457805,0.10749792092310373,0.0481285895409963,-0.9081230850214439,1.8786475947674264,2.0448597143720044,1.2018769750390554,1.0943790541159517,1.1481280145775035,10.264253012879099,11.172376097900543,False,True,False,1.9130434782608696,1.9130434782608696,0.9820203336284274,1.0689039416035477,False,True,True,-0.08477703432296924,0.09369735210322577,0.5207645035641604,0.13813280263650365,-0.08477703432296917
12.0,1,115.19999999999771,22,1.5,7.300000000000281,0.6999999999995907,0.6999999999995907,0.5022840855125583,0.541986244249423,23.0,False,True,-0.1453322807309947,-0.14454339053844723,-0.038968634553212894,-0.7940431747372934,1.838642886051466,1.9839751667824608,1.8450463415881049,1.989589732126552,1.9173180368573286,10.045681710251166,10.83972488498846,False,True,False,1.9130434782608696,1.9130434782608696,0.9611087813450845,1.0370779280908318,False,False,True,-0.0760747544819087,-0.07542405815201791,-0.1562292500017124,0.6509273537236769,-0.07607475448190874
12.0,1,133.69999999999737,7,1.5,8.0,10.499999999999659,10.499999999999659,0.5036064150121948,0.5373647201279024,24.0,False,True,-0.12357442598009305,-0.0002811493636298845,-0.0048229080482599,-0.6751661023141509,1.843483357405524,1.967057783385617,1.0404695030060715,1.0407506523697014,1.0406100776878864,10.072128300243897,10.747294402558047,True,False,False,1.9130434782608696,1.9130434782608696,0.9636390277347058,1.028234750406118,False,False,True,-0.0648820044436138,-0.0002701774385702599,-0.188782538938971,0.039807154324467804,-0.06488200444361378
12.0,2,38.70000000000028,20,1.5,1.6000000000000227,22.300000000000296,22.300000000000296,0.5186600422907732,0.5220463207086183,24.0,False,True,-0.012395687824365398,0.00594836676514654,0.0053257867044818,-0.06772556835690224,1.898588118841045,1.9109838066654103,1.0093360600392938,1.0033876932741472,1.0063618766567206,10.373200845815465,10.440926414172367,True,False,False,1.9130434782608696,1.9130434782608696,0.9924437893941825,0.9989233534841917,False,True,True,-0.00650767687972631,0.005910780427447448,1.1821978436296279,0.006341725341055117,-0.006507676879726339
12.0,2,40.3000000000003,25,1.5,6.399999999999977,1.6000000000000227,1.6000000000000227,0.5197339084219035,0.5250899327601157,23.0,False,True,-0.018753630472433613,0.007832548773524683,0.002241972447694196,-0.10712048676424502,1.8198008535919603,1.838554484064394,1.5859167745413472,1.5780842257678225,1.5820005001545847,10.39467816843807,10.501798655202315,True,False,False,1.9090909090909092,1.9090909090909092,0.9532290185481697,0.9630523487956348,False,False,True,-0.010252582385201103,0.004951050756702602,0.01726763532305542,0.4586901854987527,-0.010252582385201103
12.0,2,49.30000000000043,23,0.9000000000000128,0.9000000000000128,1.000000000000128,1.000000000000128,0.575715421228308,0.5231416449294457,24.0,False,False,0.19244965662434366,0.05989616020963395,-0.011060655406599201,1.0514755259772457,2.107442967362512,1.9149933107381685,1.145549069767429,1.0856529095577951,1.115600989662612,11.51430842456616,10.462832898588914,True,False,False,1.9130434782608696,1.9130434782608696,1.1016179147576768,1.0010192306131336,False,True,True,0.09576121923860981,0.053702493011304406,-0.08897109377342982,0.10939326388322,0.09576121923860978
12.0,2,50.20000000000044,14,1.5,4.300000000000054,0.9000000000000128,0.9000000000000128,0.5433076623875093,0.546609933755061,23.0,False,True,-0.011562601854686827,0.13847613468797526,0.026518495302792905,-0.06604542735103358,1.902342201950844,1.9139048038055309,1.8693040318605767,1.7308278971726014,1.800065964516589,10.866153247750185,10.932198675101219,False,False,False,1.9090909090909092,1.9090909090909092,0.9964649629266326,1.002521563898135,False,True,True,-0.0060596901713314555,0.07696633879784065,0.1463504692589903,0.5878233111842964,-0.00605969017133133
12.0,2,54.5000000000005,12,1.5,2.799999999999933,4.300000000000054,4.300000000000054,0.6340183378623703,0.5952141494764209,22.0,False,True,0.12969344628015222,0.08991650231690151,0.0390514835971011,0.7760837677189869,2.119050202115776,1.989356755835624,1.1589705166645938,1.0690540143476923,1.114012265506143,12.680366757247405,11.904282989528419,True,False,False,1.9047619047619047,1.9047619047619047,1.1125013561107826,1.0444122968137026,True,False,True,0.06315662221391871,0.08075796674821849,0.8525125083247342,0.10796815177315326,0.0631566222139188
12.0,2,58.10000000000056,18,0.6,0.09999999999988063,0.8000000000001322,0.8000000000001322,0.585152082770223,0.5925670836298695,22.0,True,False,-0.02596294887655448,0.21487240026315768,0.030729360572215897,-0.1483000171929305,2.0488566215347754,2.07481957041133,1.372892882299202,1.1580204820360442,1.2654566821676232,11.70304165540446,11.85134167259739,False,True,False,1.9090909090909092,1.9090909090909092,1.0732106112801205,1.0868102511678395,True,False,True,-0.012592303923713133,0.1702080400627122,0.17854351751937614,0.23543307060100735,-0.012592303923713064
12.0,2,59.00000000000057,7,1.5,3.0999999999999304,0.8000000000001251,0.8000000000001251,0.5639567312780653,0.5689222581121722,22.0,False,True,-0.017386339095478487,-0.017386339095478487,-0.005553920610260776,-0.09931053668213785,1.9746430324027395,1.992029371498218,1.9746430324027395,1.992029371498218,1.9833362019504788,11.279134625561307,11.378445162243445,False,True,False,1.9090909090909092,1.9090909090909092,1.034336826496673,1.0434439564990665,True,False,True,-0.008766264851860717,-0.008766264851860717,-0.020209820155967284,0.6847803772499687,-0.008766264851860682
12.0,2,62.1000000000005,23,0.6,0.3999999999999986,3.0999999999999304,3.0999999999999304,0.4804719974599178,0.5837608015568039,21.0,True,False,-0.345217398499466,0.14115602840164376,0.0735739223167856,-2.065776081937722,1.6058593616726329,1.9510767601720989,1.3079782232693833,1.1668221948677395,1.2374002090685614,9.609439949198356,11.675216031136078,False,True,False,1.9047619047619047,1.9047619047619047,0.8430761648781323,1.024315299090352,False,False,True,-0.19472236375636265,0.1141986231908757,0.6943185333942203,0.21301257307268232,-0.19472236375636257
12.0,2,65.30000000000057,17,0.7999999999999972,0.7999999999999972,2.800000000000068,2.800000000000068,0.6319410630412623,0.5910190839862479,21.0,False,False,0.1302587049541708,0.016299277467269002,0.0384818266251111,0.8184395811002876,2.011530878515279,1.881272173561108,1.1924264972412717,1.1761272197740027,1.184276858507637,12.638821260825246,11.820381679724958,True,False,False,1.9,1.9,1.0587004623764626,0.9901432492426885,False,True,True,0.0669478272231876,0.013763280641837045,0.40050562944553336,0.16913234232611035,0.06694782722318773
12.0,2,66.3000000000004,12,0.6,0.29999999999998295,0.1999999999998323,0.1999999999998323,0.663675125909621,0.6462135983287265,21.0,True,False,0.05280268014026146,0.5019083424042139,0.15447932486832022,0.3492305516178895,2.006916361017392,1.9541136808771304,1.5837786713311144,1.0818703289269005,1.3328245001290075,13.27350251819242,12.92427196657453,False,True,True,1.894736842105263,1.894736842105263,1.0592058572036236,1.0313377760184856,True,False,True,0.02666266483885693,0.381122226567291,1.4384674754186368,0.2873003747112216,0.0266626648388569
12.0,2,66.60000000000038,20,0.6,0.4000000000001904,0.29999999999998295,0.29999999999998295,0.654802689145999,0.6443899346840105,20.0,True,False,0.03314482687655307,-0.28503785428296924,0.012291100602105809,0.20825508923977054,2.0843016945490302,2.051156867672477,1.6481143113085193,1.9331521655914885,1.7906332384500039,13.09605378291998,12.88779869368021,False,True,False,1.9,1.9,1.0970008918679106,1.0795562461434092,True,False,True,0.01602992079911303,-0.1595201243009532,0.05424507229028208,0.5825693217899667,0.01602992079911282
12.0,2,70.50000000000048,23,1.5,2.8000000000000824,0.39999999999997726,0.39999999999997726,0.4033314397387881,0.4211879726251641,21.0,False,True,0.007353082831804469,0.14043579909936743,0.010955672375612097,-0.3571306577275202,1.34803603911478,1.3406829562829756,1.354823093211382,1.2143872941120146,1.2846051936616982,8.066628794775761,8.423759452503282,False,True,False,1.9047619047619047,1.9,0.7077189205352596,0.7056226085699872,False,False,True,0.005469594387439214,0.10943122237581498,0.05504469874762519,0.25045142885198574,0.002966464169320837
12.0,2,77.99999999999994,7,0.6,0.50000000000054,3.399999999999565,3.399999999999565,0.5560120700422431,0.5492457686063572,23.0,True,False,0.02476847735933374,0.09067803743672576,0.039602659049503094,0.13532602871771715,2.035317595417543,2.010549118058209,1.172630645927487,1.0819526084907611,1.127291627209124,11.120241400844861,10.984915372127144,False,True,True,1.9130434782608696,1.9130434782608696,1.063916015786443,1.050968857166791,True,False,True,0.012243995437349109,0.08048226068012389,0.6612994682804532,0.11981796574468162,0.012243995437349296
12.0,2,80.39999999999971,11,1.5,5.600000000000236,1.899999999999224,1.899999999999224,0.5260764032084033,0.5512533292784791,23.0,False,True,-0.08815470919005919,0.1337622944693846,0.0271621570678931,-0.5035385214015164,1.8420085203216927,1.930163229511752,1.4139403113923872,1.2801780169230026,1.3470591641576948,10.521528064168066,11.025066585569583,True,False,False,1.9090909090909092,1.9090909090909092,0.9648616058827914,1.0110378821252033,False,True,True,-0.046748010812869945,0.09938121000712877,0.1945284959745177,0.2979238193721036,-0.0467480108128699
12.0,2,95.19999999999888,19,1.0000000000003837,1.0000000000003837,6.799999999999173,6.799999999999173,0.5159577108453419,0.5258901903902613,24.0,False,False,-0.03635847398486014,0.022504832856344192,0.0127985189288956,-0.19864959089838763,1.888696062470545,1.925054536455405,1.042208009819471,1.0197031769631268,1.0309555933912988,10.319154216906838,10.517803807805226,True,False,False,1.9130434782608696,1.9130434782608696,0.9872729417459666,1.006278507692598,False,True,True,-0.0190676210300329,0.02182996698589381,0.7680506024432936,0.03048613271178123,-0.019067621030032844
12.0,2,96.19999999999926,11,1.5,5.19999999999925,1.0000000000003837,1.0000000000003837,0.511093198095935,0.5309915412949948,23.0,False,True,-0.06967223294832658,-0.03182108949723417,-0.0062584209628673,-0.3979668639811962,1.7895461948674931,1.8592184278158197,1.7747906017156727,1.8066116912129069,1.79070114646429,10.2218639619187,10.619830825899896,True,False,False,1.9090909090909092,1.9090909090909092,0.9373813401686868,0.973876319332096,False,False,True,-0.03819413402726024,-0.017770651998659237,-0.03681673180025147,0.5826072450928451,-0.038194134027260226
12.0,2,101.39999999999851,13,1.5,1.8000000000003666,5.19999999999925,5.19999999999925,0.5969528502131016,0.5688886200844792,22.0,False,True,0.09379777992981397,0.026415699597519993,0.0279559298831241,0.5612846025724494,1.995167934988429,1.901370155058615,1.0768396279011168,1.0504239283035968,1.0636317781023568,11.939057004262033,11.377772401689583,True,False,False,1.9047619047619047,1.9047619047619047,1.0474631658689253,0.998219331405773,False,True,True,0.048153464216713626,0.02483665684441943,0.7749134872934049,0.06168925781022827,0.04815346421671357
12.0,2,112.69999999999789,24,1.3999999999997925,1.3999999999997925,3.299999999999372,3.299999999999372,0.5313259425308532,0.5219751965120443,24.0,False,False,0.03422900136127671,0.00600288073095312,0.0191866481195122,0.1870149203761784,1.9449524533751488,1.910723452013872,1.0498225812255046,1.0438197004945515,1.046821140860028,10.626518850617064,10.439503930240885,True,False,False,1.9130434782608696,1.9130434782608696,1.0166796915370095,0.9987872590072513,False,True,True,0.017755590175214442,0.005734405760673779,0.4069775951168437,0.045758087171134706,0.017755590175214452
12.0,2,114.09999999999768,14,1.1999999999999176,1.1999999999999176,1.3999999999997925,1.3999999999997925,0.4964065696075503,0.5129775945333597,23.0,False,False,-0.05802193163891434,0.05738032975632734,0.01842772050502961,-0.33142049851618793,1.7381223053993184,1.7961442370382328,1.682277418016992,1.6248970882606646,1.6535872531388283,9.928131392151005,10.259551890667193,True,False,False,1.9090909090909092,1.9090909090909092,0.9104450171139287,0.9408374574962172,False,False,True,-0.03283688109700178,0.034703997898317795,0.12456365241929412,0.5029470208039617,-0.03283688109700181
12.0,2,115.2999999999976,25,0.6,0.20000000000013074,1.1999999999999176,1.1999999999999176,0.6758431882713003,0.6053094305389273,22.0,True,False,0.23574172015702066,-0.10960240340006777,-0.0009487649887185146,1.4106751546474605,2.258839467535642,2.023097747378621,1.5711567042899977,1.6807591076900654,1.6259579059900315,13.516863765426006,12.106188610778545,False,True,False,1.9047619047619047,1.9047619047619047,1.185890720456212,1.062126317373776,True,False,True,0.11022129640255707,-0.0674334387624756,-0.005981698695276538,0.4860971227155055,0.11022129640255704
12.0,2,115.49999999999773,16,0.999999999999929,0.999999999999929,0.20000000000013074,0.20000000000013074,0.6758431882713003,0.6053094305389273,22.0,False,False,0.23574172015702066,-0.11210846442672984,0.0011427093828473844,1.4106751546474605,2.258839467535642,2.023097747378621,1.4810030325334926,1.5931114969602225,1.5370572647468577,13.516863765426006,12.106188610778545,False,True,False,1.9047619047619047,1.9047619047619047,1.185890720456212,1.062126317373776,True,False,True,0.11022129640255707,-0.07296943738377426,0.008164371861044684,0.4298697213424797,0.11022129640255704
12.0,2,116.49999999999766,6,1.5,2.5000000000004263,0.999999999999929,0.999999999999929,0.5883612256933572,0.5625688739336159,20.0,False,True,0.08209960553055518,0.09169550064341414,0.038689091623031635,0.5158470351948274,1.8728119478540808,1.7907123423235256,1.892777268114877,1.8010817674714628,1.84692951779317,11.767224513867145,11.251377478672318,False,True,False,1.9,1.9,0.9856904988705689,0.9424801801702767,False,True,True,0.044827519554284434,0.049657738196120405,0.1415283873837403,0.6135245401171149,0.04482751955428446
12.0,2,118.99999999999808,7,1.5,1.699999999999804,2.5000000000004263,2.5000000000004263,0.6890356518732625,0.6754036154682863,19.0,False,True,0.03905290760869162,0.08782992103277532,0.06108578609689999,0.27264072809952467,1.97394173931917,1.9348888317104784,1.192862304151752,1.1050323831189768,1.1489473436353643,13.780713037465251,13.508072309365726,True,False,False,1.8888888888888888,1.8888888888888888,1.0450279796395607,1.0243529109055474,True,False,True,0.019982553034091244,0.07648107610156601,0.6782134286900323,0.13884616982289338,0.019982553034091424
12.0,2,122.89999999999765,12,0.6,0.39999999999994884,0.7999999999999687,0.7999999999999687,0.5458062726606965,0.4801472397953161,20.0,True,False,0.2089991927831698,0.24663922015021744,0.055593753981961286,1.3131806573076084,1.7373553252902532,1.5283561325070834,1.419147151993896,1.1725079318436786,1.2958275419187872,10.91612545321393,9.602944795906321,False,True,True,1.9,1.9,0.9143975396264491,0.8043979644774123,False,False,True,0.1281712943700155,0.19091110778095838,0.27806883097179136,0.25914951956844196,0.12817129437001556
12.0,2,124.99999999999716,2,1.5,2.0000000000009237,0.4999999999995026,0.4999999999995026,0.4968957718486146,0.5951517595061206,22.0,False,True,-0.32839644860543493,-0.009036648744389586,0.05505180703505899,-1.9651197531501214,1.6607517841145631,1.989148232719998,1.3602927769587128,1.3693294257031023,1.3648111013309077,9.937915436972292,11.903035190122413,False,False,False,1.9047619047619047,1.9047619047619047,0.8718946866601457,1.044302822177999,False,False,True,-0.18043614150421305,-0.006621195965962667,0.21840057574125038,0.3110160317571523,-0.18043614150421308
12.0,2,129.1999999999974,24,1.5,1.7000000000002444,2.1999999999993207,2.1999999999993207,0.6489024736720905,0.6167594174827915,22.0,False,True,0.10743025185075661,0.025641807462419397,0.022308180763592797,0.6428611237859805,2.168796761658905,2.061366509808148,1.1872907567837765,1.161648949321357,1.1744698530525668,12.97804947344181,12.33518834965583,True,False,False,1.9047619047619047,1.9047619047619047,1.138618299870925,1.0822174176492778,True,False,True,0.050803408897319935,0.021833532819273305,0.18830061411128574,0.16081685688835515,0.05080340889731992
12.0,2,134.79999999999663,5,1.5,2.400000000000773,1.7999999999994714,1.7999999999994714,0.6209342154604478,0.5511722449688934,23.0,False,True,0.24426517375836032,0.09572121227013297,0.009348495475113502,1.3952394098310883,2.1741444939592016,1.9298793202008413,1.238743317431743,1.14302210516161,1.1908827112966764,12.418684309208956,11.023444899377868,True,False,False,1.9090909090909092,1.9090909090909092,1.1388375920738674,1.0108891677242502,False,True,True,0.1191777784845306,0.08042168781682474,0.08963554290203657,0.17469480634381762,0.11917777848453041
12.0,2,147.89999999999588,9,1.5,inf,5.099999999999255,5.099999999999255,0.5406533355553087,0.5082703739440175,24.0,False,True,0.11853989348501792,0.01110093546066615,0.005449691445391605,0.6476592322258234,1.9790959696132169,1.860556076128199,1.054209451574515,1.043108516113849,1.048658983844182,10.813066711106174,10.16540747888035,True,False,False,1.9130434782608696,1.9130434782608696,1.0345274386614542,0.9725634034306494,False,False,True,0.06176475073406951,0.010585938134000224,0.1445055621480642,0.04751218966413527,0.06176475073406952
12.0,3,25.60000000000012,25,1.5,2.300000000000008,3.500000000000149,3.500000000000149,0.5282275127492735,0.5725682260480607,24.0,False,True,-0.16231200513961808,-0.03147236967003875,-0.031372483252202904,-0.8868142659757439,1.933610453817233,2.095922458956851,1.077947000882013,1.1094193705520516,1.0936831857170324,10.56455025498547,11.451364520961214,True,False,False,1.9130434782608696,1.9130434782608696,1.0107509190408264,1.095595830818354,False,True,True,-0.08060481420832166,-0.02877848189660545,-0.5996389298407299,0.08955106947935178,-0.0806048142083217
12.0,3,27.900000000000126,14,1.5,1.8000000000000256,2.300000000000008,2.300000000000008,0.5309141814756306,0.4956127106949486,23.0,False,True,0.1236048786095123,-0.03752321314182905,-0.012311280774495698,0.7060294156136404,1.858947559467552,1.7353426808580397,1.3265202225961457,1.3640434357379747,1.3452818291670603,10.618283629512613,9.912254213898972,True,False,False,1.9090909090909092,1.9090909090909092,0.9737344359115748,0.9089890233065921,False,False,True,0.06880559486346838,-0.02789426373934123,-0.10760213075784941,0.29660352951786634,0.0688055948634684
12.0,3,29.700000000000152,15,1.5,3.89999999999997,1.8000000000000256,1.8000000000000256,0.7053852361871651,0.6465184238294817,22.0,False,True,0.19674782758655596,0.11530235033461,0.0337824973626597,1.1773362471536686,2.3575764895878595,2.1608286620013035,1.4198402102600876,1.3045378599254775,1.3621890350927826,14.107704723743302,12.930368476589633,True,False,False,1.9047619047619047,1.9047619047619047,1.2377276570336262,1.1344350475506844,True,False,True,0.08714239227082876,0.08469548956516576,0.3075477118347547,0.3090929903820122,0.08714239227082868
12.0,3,36.80000000000025,7,0.8999999999998991,0.8999999999998991,0.9000000000001265,0.9000000000001265,0.5479975348658837,0.5917129518066453,23.0,False,False,-0.15306554329979916,0.09779748424005086,0.004466343647568288,-0.8743083388152328,1.91876336247373,2.071828905773529,1.2083343974039518,1.110536913163901,1.1594356552839264,10.959950697317673,11.834259036132906,False,False,False,1.9090909090909092,1.9090909090909092,1.0050665232005251,1.085243712548039,False,True,True,-0.07675085006934501,0.08439927631882135,0.029375274941610074,0.14793338267119277,-0.07675085006934494
12.0,3,41.60000000000035,17,1.5,3.1999999999999034,3.9000000000001975,3.9000000000001975,0.4736482148329495,0.4668989020065188,23.0,False,True,0.02363210297359908,0.147058024135172,0.0500576044716379,0.13498625652861485,1.6584360029009495,1.6348038999273504,1.2600883097083178,1.1130302855731458,1.1865592976407318,9.47296429665899,9.337978040130375,True,False,False,1.9090909090909092,1.9090909090909092,0.8687045729481163,0.8563258523428978,False,False,True,0.014352133049456817,0.12409552289675096,0.5110256574348662,0.17105777258607377,0.014352133049456733
12.0,3,45.50000000000038,22,1.0000000000000142,1.0000000000000142,0.7000000000001236,0.7000000000001236,0.540795126684908,0.5674514140948856,23.0,False,False,-0.09333455792707657,0.10730968138193786,-0.008376920367082485,-0.5331257481995522,1.893544787462039,1.9868793453891156,1.1949749368143645,1.0876652554324266,1.1413200961233956,10.81590253369816,11.349028281897713,False,False,False,1.9090909090909092,1.9090909090909092,0.9918567934324966,1.040746323775251,False,True,True,-0.04811461838009967,0.09409178033200546,-0.05950815988766989,0.13218557152140256,-0.048114618380099644
12.0,3,46.50000000000039,6,1.5,1.6999999999999105,1.0000000000000142,1.0000000000000142,0.5071474304259533,0.529042877517961,22.0,False,True,-0.0766649099898018,-0.07830396193582767,-0.01689627798269011,-0.4379089418401527,1.7757304494301582,1.85239535941996,1.7905704364736552,1.8688743984094829,1.8297224174415692,10.142948608519067,10.58085755035922,True,True,False,1.9090909090909092,1.9090909090909092,0.9301445211300828,0.970302331124741,False,False,True,-0.04226773136799278,-0.042802074972759785,-0.08398106542194461,0.6041642708899198,-0.042267731367992785
12.0,3,48.2000000000003,7,1.4000000000000483,1.4000000000000483,1.6999999999999105,1.6999999999999105,0.6775292123043499,0.7149638389705251,21.0,False,False,-0.1191581175344294,-0.07754190671959815,0.004247924741134598,-0.7486925333235028,2.1566424645479096,2.275800582082339,1.3118387362525843,1.3893806429721824,1.3506096896123834,13.550584246086999,14.299276779410501,True,False,False,1.9,1.9,1.135074981341005,1.1977897800433364,True,False,True,-0.053779296931948606,-0.05742829872084548,0.03520187553304144,0.30055611243494496,-0.053779296931948606
12.0,3,51.40000000000046,23,1.5,2.099999999999916,1.8000000000001108,1.8000000000001108,0.6483512431713496,0.6138867235317758,21.0,False,True,0.10970397323851833,0.14287095552024276,0.0513105532121131,0.6892903927914773,2.063766104209915,1.9540621309713968,1.3455491458980071,1.2026781903777644,1.2741136681378857,12.967024863426992,12.277734470635515,True,False,False,1.9,1.9,1.0861926864262712,1.0284537531428404,True,False,True,0.0546221696667486,0.11225132135434154,0.3696194101341206,0.24225077462828307,0.05462216966674878
12.0,3,64.20000000000051,22,1.0000000000000568,1.0000000000000568,4.800000000000054,4.800000000000054,0.5010946077986063,0.5224313249793395,24.0,False,False,-0.07810441219935149,-0.020402124843825087,0.013416808822429405,-0.42673434361466533,1.8342887271203845,1.912393139319736,1.0604235167734275,1.0808256416172526,1.0706245791953402,10.021892155972125,10.44862649958679,True,False,False,1.9130434782608696,1.9130434782608696,0.9588327437220191,0.9996600500989529,False,True,True,-0.04169861857573187,-0.019056859593447405,0.39247933962218395,0.06824219705036985,-0.04169861857573198
12.0,3,65.20000000000057,2,1.5,3.399999999999693,1.0000000000000568,1.0000000000000568,0.5240122884262588,0.5183039892813177,23.0,False,True,0.019987088562421595,-0.07124711528281558,-0.0140441458599391,0.11416598289882174,1.8347812107665715,1.81479412220415,1.7338175291288345,1.80506464441165,1.7694410867702421,10.480245768525176,10.366079785626354,True,False,False,1.9090909090909092,1.9090909090909092,0.9610758723062993,0.9506064449640785,False,False,True,0.010953213217531843,-0.04027076358376103,-0.08466291982796514,0.5706637265335309,0.01095321321753176
12.0,3,68.60000000000026,15,0.6,0.100000000000108,3.399999999999693,3.399999999999693,0.6098479752464696,0.5532197015062725,22.0,True,False,-0.004854576215338913,0.20004592556781353,0.0658654102481956,1.1325654748039415,1.84414607610613,1.8490006523214688,1.3252881667341971,1.1252422411663836,1.2252652039502903,12.196959504929392,11.06439403012545,False,True,False,1.894736842105263,1.9047619047619047,0.973299317944902,0.9707253424687712,False,False,True,-0.0026289662276289816,0.16363158216118426,0.8610666104771791,0.20315731358610317,0.0026480908732147666
12.0,3,68.70000000000037,8,1.5,3.500000000000142,0.100000000000108,0.100000000000108,0.6098479752464696,0.5532197015062725,22.0,False,True,-0.004854576215338913,0.19495774905405683,0.06609431134704849,1.1325654748039415,1.84414607610613,1.8490006523214688,1.3228306071334848,1.127872858079428,1.2253517326064562,12.196959504929392,11.06439403012545,False,True,False,1.894736842105263,1.9047619047619047,0.973299317944902,0.9707253424687712,False,False,True,-0.0026289662276289816,0.15944040774472706,0.8753576051132459,0.20322793144147758,0.0026480908732147666
12.0,3,68.70000000000037,21,1.5,3.500000000000142,0.100000000000108,0.100000000000108,0.6098479752464696,0.5532197015062725,22.0,False,True,-0.004854576215338913,0.19495774905405683,0.06609431134704849,1.1325654748039415,1.84414607610613,1.8490006523214688,1.3228306071334848,1.127872858079428,1.2253517326064562,12.196959504929392,11.06439403012545,False,True,False,1.894736842105263,1.9047619047619047,0.973299317944902,0.9707253424687712,False,False,True,-0.0026289662276289816,0.15944040774472706,0.8753576051132459,0.20322793144147758,0.0026480908732147666
12.0,3,75.99999999999984,23,0.6000000000004206,0.6000000000004206,2.7999999999992724,2.7999999999992724,0.5790807942921541,0.5665952590941998,21.0,False,False,0.03974269287804555,0.08750517073166786,0.038817367564813396,0.24971070395908512,1.8432714172235467,1.8035287243455012,1.1323780935989478,1.04487292286728,1.0886255082331138,11.581615885843082,11.331905181883997,True,False,False,1.9,1.9,0.9701428511702878,0.9492256443923691,False,False,True,0.021796788857176064,0.08042465584921976,0.5614400426205317,0.08491589888849552,0.02179678885717594
12.0,3,77.99999999999962,7,1.5,6.000000000000227,1.299999999999244,1.299999999999244,0.4728399575920958,0.4755331377349669,23.0,False,True,-0.009429924512247334,0.16035222292936946,0.010184931585013879,-0.05386360285742242,1.6556059639271727,1.66503588843942,1.3434036422211804,1.183051419291811,1.2632275307564957,9.456799151841915,9.510662754699338,True,False,False,1.9090909090909092,1.9090909090909092,0.8672221715809,0.87216165584922,False,False,True,-0.005679594657015508,0.12710937582527193,0.06348156131545046,0.2336699781775435,-0.005679594657015508
12.0,3,85.7999999999994,19,0.6,0.200000000000216,1.7999999999995566,1.7999999999995566,0.5504885171659648,0.5442564977584592,23.0,True,False,0.022812703965430003,0.03918658661000052,0.005782697820254812,0.12464038815011236,2.0150982783126925,1.9922855743472625,1.1171972181514616,1.078010631541461,1.0976039248464613,11.009770343319296,10.885129955169184,False,True,False,1.9130434782608696,1.9130434782608696,1.0533468272998165,1.0414220047724327,True,False,True,0.011385458062088794,0.03570573034586824,0.05466441934754185,0.09312955382716959,0.011385458062088696
12.0,3,89.09999999999921,12,1.5,3.6999999999997897,3.0999999999995964,3.0999999999995964,0.5602117073055926,0.5492838339963466,23.0,False,True,0.038262951202266526,0.20074905275668464,0.057207648631461695,0.21855746618491878,1.9615301727039725,1.923267221501706,1.286498241307949,1.0857491885512645,1.1861237149296069,11.204234146111851,10.985676679926932,True,False,False,1.9090909090909092,1.9090909090909092,1.0274681857020809,1.0074256874532745,False,True,True,0.01969945132177764,0.16965374063243732,0.8335949868384609,0.17069060789217189,0.019699451321777642
12.0,3,92.799999999999,10,1.000000000000398,1.000000000000398,3.6999999999997897,3.6999999999997897,0.6321631561140038,0.5982419033622595,22.0,False,False,0.1133734360775025,0.1702613448987449,0.0609705542993818,0.6784250550348858,2.112849713858461,1.9994762777809585,1.2459665153038175,1.0757051704050726,1.160835842854445,12.643263122280075,11.96483806724519,True,False,False,1.9047619047619047,1.9047619047619047,1.109246099775692,1.0497250458350034,True,False,True,0.05515232641106582,0.14693512725763763,0.9932791120305722,0.14914029982860913,0.055152326411065766
12.0,3,96.0999999999988,18,1.000000000000398,1.000000000000398,2.2999999999994003,2.2999999999994003,0.4626008849182472,0.4851992354004775,22.0,False,False,-0.07552942288437126,0.26015923957848663,0.0620223281517491,-0.4519670096446067,1.5461295677819054,1.6216589906662766,1.426784417151402,1.1666251775729153,1.2967047973621586,9.252017698364943,9.70398470800955,True,False,False,1.9047619047619047,1.9047619047619047,0.8117180230855003,0.8513709700997952,False,False,True,-0.047694938505970175,0.20130813579168058,0.44069955451132414,0.25982627523591145,-0.047694938505970175
12.0,3,99.59999999999896,15,1.2000000000000455,1.2000000000000455,2.4999999999997584,2.4999999999997584,0.6416416581177327,0.4984211724153602,22.0,False,False,0.47867921328264873,0.11369003934982547,0.0017296748625796055,2.864409714047449,2.144529273245459,1.6658500599628103,1.2215952771961411,1.1079052378463157,1.1647502575212285,12.832833162354653,9.968423448307204,True,False,False,1.9047619047619047,1.9047619047619047,1.1258778684538662,0.8745712814804755,False,False,True,0.2525845355921368,0.09768654957625444,0.017393709228774146,0.1525066928104549,0.25258453559213695
12.0,3,107.39999999999864,12,0.6,0.20000000000031548,3.299999999999841,3.299999999999841,0.5841064016437016,0.5438111939391241,23.0,True,False,0.14750317424925674,0.08582965249825936,0.024333222923440298,0.8059041540915501,2.138158685603947,1.9906555113546904,1.163306114361414,1.0774764618631547,1.1203912881122844,11.682128032874033,10.876223878782483,False,True,False,1.9130434782608696,1.9130434782608696,1.1176738583838814,1.0405699263899517,True,False,True,0.07148104417980905,0.0766443522568837,0.4757840776951503,0.11367798867944451,0.07148104417980919
12.0,3,107.99999999999814,5,1.100000000000378,1.100000000000378,0.39999999999918145,0.39999999999918145,0.575517148529384,0.5315465206604628,23.0,False,False,0.16095728385244024,0.1529337967629114,0.01731727925278259,0.8794125573784228,2.106717177519892,1.9457598936674516,2.108876672697842,1.9559428759349304,2.032409774316386,11.51034297058768,10.630930413209256,False,True,False,1.9130434782608696,1.9130434782608696,1.1012385246126708,1.0171017625988952,False,True,True,0.07947830427184155,0.07528305646045796,0.06582315510136416,0.7092221699742448,0.07947830427184159
12.0,3,109.09999999999852,18,1.5,2.3999999999993236,1.100000000000378,1.100000000000378,0.5455049066454118,0.6054013880972975,22.0,False,True,-0.20018924303447183,0.0344089236468641,0.033076909901981505,-1.1979296290377128,1.8232158498435045,2.0234050928779763,1.7416277816743353,1.7072188580274712,1.7244233198509034,10.910098132908237,12.10802776194595,True,False,False,1.9047619047619047,1.9047619047619047,0.9571883211678399,1.0622876737609377,False,False,True,-0.10417988944505019,0.019954534944257363,0.14528216276148265,0.5448926872573597,-0.10417988944505027
12.0,3,111.49999999999784,6,1.5,2.0999999999998806,2.3999999999993236,2.3999999999993236,0.6411303477657784,0.5727829240644526,21.0,False,True,0.21755660659324305,-0.1601409391437114,-0.004033460082206702,1.3669484740265148,2.0407812802629905,1.8232246736697475,1.156403747645439,1.3165446867891504,1.2364742172172947,12.822606955315567,11.455658481289053,True,False,False,1.9,1.9,1.074095410664732,0.9595919335103935,False,False,True,0.11272598303429238,-0.12969567106710667,-0.04272965201642753,0.21226395634042328,0.1127259830342925
12.0,3,113.59999999999772,9,1.5,1.8000000000009209,2.0999999999998806,2.0999999999998806,0.6422890046678384,0.6184886613154941,20.0,False,True,0.07197090354438918,0.24209554414819356,0.0651899876918446,0.47600686704688755,1.9422459297427388,1.8702750261983496,1.5017678525689715,1.259672308420778,1.3807200804948747,12.845780093356769,12.369773226309881,True,False,False,1.894736842105263,1.894736842105263,1.0250742406975566,0.9870895971602401,False,True,True,0.037759506320266145,0.17579136806427112,0.5791685063827334,0.3226051605402113,0.037759506320266145
12.0,3,119.39999999999829,15,0.6,0.09999999999955378,2.29999999999977,2.29999999999977,0.5242407971158025,0.5854200090117474,22.0,True,False,-0.21421342772953444,0.17333985809294528,0.051793441960189604,-1.2235842379188977,1.8355813130911387,2.049794740820673,1.2665143545655029,1.0931744964725576,1.1798444255190303,10.48481594231605,11.708400180234948,False,True,False,1.9090909090909092,1.9090909090909092,0.9614949735239298,1.073702007096543,False,False,True,-0.110378438494529,0.14718267888083292,0.5211996229730196,0.16538258700506725,-0.11037843849452905
12.0,3,129.89999999999725,23,1.5,2.299999999999528,2.4999999999989626,2.4999999999989626,0.5516932653766009,0.5453915319790399,24.0,False,True,0.023067896466189675,-0.0007750941879192119,0.009939909913390402,0.1260346679512203,2.019508335869481,1.9964404394032915,1.0734340407451266,1.0742091349330458,1.0738215878390862,11.033865307532018,10.907830639580798,True,False,False,1.9130434782608696,1.9130434782608696,1.055652084659047,1.0435938660517206,True,False,True,0.011488269131674445,-0.0007218091257892578,0.14691606398231238,0.07122386295686896,0.011488269131674424
12.0,3,132.19999999999678,20,0.6,0.4000000000003183,2.299999999999528,2.299999999999528,0.5714763365716102,0.6196850986942888,23.0,True,False,-0.1687985814276436,0.11874661193064551,0.042993312688894,-0.964175242453571,2.000972244159228,2.1697708255868715,1.409082971595652,1.2903363596650066,1.3497096656303293,11.429526731432205,12.393701973885776,False,False,True,1.9090909090909092,1.9090909090909092,1.0481283183691192,1.1365466229264565,True,False,True,-0.08098836712607438,0.0880361897376617,0.3887888732444944,0.2998895068250309,-0.08098836712607446
12.0,3,132.5999999999971,22,0.6,0.3999999999996646,0.4000000000003183,0.4000000000003183,0.7031920058425625,0.8942005950716458,22.0,True,False,-0.6383991841251775,-0.15492851095265303,-0.00884317454811362,-3.8201717845816674,2.350246157123524,2.9886453412487013,2.000972244159228,2.155900755111881,2.078436499635554,14.06384011685125,17.884011901432917,False,False,False,1.9047619047619047,1.9047619047619047,1.23387923248985,1.5690388041555683,True,False,True,-0.24030015122841464,-0.07457543551493051,-0.034746048378514915,0.7316159281904844,-0.24030015122841483
12.0,3,132.99999999999676,16,1.5,4.900000000000489,0.3999999999996646,0.3999999999996646,0.6980180817694706,0.8861746351516082,21.0,False,True,-0.6288669564639271,-0.6383512242140301,-0.06939431482533082,-3.763131067642753,2.3329535897038145,2.9618205461677416,2.3328967772935374,2.9712480015075675,2.6520723894005522,13.960361635389411,17.723492703032164,False,True,False,1.9047619047619047,1.9047619047619047,1.2248006345945026,1.5549557867380643,True,False,True,-0.23866902877897544,-0.24187131964500996,-0.17020795878833483,0.9753413681051373,-0.23866902877897544
12.0,3,140.99999999999673,21,0.6,0.0999999999994543,0.3999999999996362,0.3999999999996362,0.5598342889174193,0.5843284768731438,23.0,True,False,-0.08576416398386155,0.19394308879466782,0.004438407327297805,-0.4898837591144911,1.9602086766579585,2.04597284064182,1.3476926464451455,1.1537495576504777,1.2507211020478115,11.196685778348385,11.686569537462876,False,True,False,1.9090909090909092,1.9090909090909092,1.026775973487502,1.0717000593838104,True,False,True,-0.04282245781494132,0.1553768559710611,0.01974145340366351,0.22372026662021297,-0.0428224578149414
12.0,3,141.0999999999962,25,1.5,7.900000000000546,0.09999999999942588,0.09999999999942588,0.5598342889174193,0.5843284768731438,24.0,False,True,-0.08576416398386155,0.21753752671724524,-0.046558645527970594,-0.4898837591144911,1.9602086766579585,2.04597284064182,1.4049568117203404,1.1874192850030951,1.2961880483617176,11.196685778348385,11.686569537462876,False,True,False,1.9090909090909092,1.9090909090909092,1.026775973487502,1.0717000593838104,True,False,True,-0.04282245781494132,0.168224279231326,-0.17221337627514366,0.25942768644877,-0.0428224578149414
12.0,3,150.39999999999574,11,1.5,inf,1.2999999999995566,1.2999999999995566,0.5300673902641364,0.5828443956796558,24.0,False,True,-0.19319358974975587,0.035505956758673296,-0.043406396360322896,-1.0555401083103888,1.9403454426442368,2.1335390323939927,1.1684067159563845,1.1329007591977112,1.1506537375770478,10.601347805282728,11.656887913593117,True,False,False,1.9130434782608696,1.9130434782608696,1.0142714813822147,1.1152590396604962,False,True,True,-0.09491609804141055,0.030859652475452595,-0.3066973163971105,0.14033024831704388,-0.0949160980414106
12.0,4,21.400000000000038,19,1.5,8.0,4.300000000000054,4.300000000000054,0.5436961809513994,0.5364949948439346,24.0,False,True,0.02636040039793719,0.0305551599764311,0.0156324262034886,0.1440237221492957,1.9902344989878185,1.9638740985898813,1.0580301985541074,1.0274750385776763,1.042752618565892,10.873923619027988,10.729899896878692,True,False,False,1.9130434782608696,1.9130434782608696,1.0403498517436323,1.0265705515356198,True,False,True,0.01333336719146383,0.029304502347469903,0.5306899271637033,0.041863965303360715,0.01333336719146365
12.0,4,45.10000000000037,6,1.5,8.0,15.700000000000333,15.700000000000333,0.5259698470613028,0.5247006272458163,24.0,False,True,0.0046460599726114715,0.00589387430487065,0.005078498714171301,0.025384396309728885,1.9253461247731745,1.920700064800563,1.0081315811492542,1.0022377068443835,1.0051846439968188,10.519396941226056,10.494012544916327,True,False,False,1.9130434782608696,1.9130434782608696,1.0064309288587048,1.0040023066002943,False,True,True,0.0024160199870643106,0.0058634910772559015,1.4615496924306397,0.005171250005569215,0.0024160199870642152
12.0,4,54.4000000000005,11,1.5,7.0000000000000995,1.3000000000001322,1.3000000000001322,0.5502548665198734,0.549685531663167,24.0,False,True,0.0020840865045448353,0.05311128860771963,-0.008171176384610998,0.011386697134128099,2.0142429852412054,2.0121588987366605,1.1080139173926151,1.0549026287848955,1.0814582730887552,11.005097330397469,10.99371063326334,True,False,False,1.9130434782608696,1.9130434782608696,1.0528997422851756,1.051810333430527,True,False,True,0.001035210468660619,0.04912068139190075,-0.0837473939025517,0.07831038322444975,0.0010352104686606259
12.0,4,61.4000000000006,14,0.9999999999999005,0.9999999999999005,7.0000000000000995,7.0000000000000995,0.5887363318979983,0.5555460295312273,23.0,False,False,0.11621281505649694,0.09175095563592905,0.046480637928467204,0.6638060473354201,2.061406542785857,1.94519372772936,1.1249333011590172,1.0331823455230882,1.0790578233410528,11.774726637959967,11.110920590624547,True,False,False,1.9090909090909092,1.9090909090909092,1.0797843795544966,1.0189110002391886,False,True,True,0.05802696251205053,0.08508005112903108,1.5520850786134268,0.07608827459086226,0.0580269625120506
12.0,4,63.20000000000063,17,1.5,3.3999999999998636,0.8000000000001251,0.8000000000001251,0.54494574629063,0.5585084903440714,23.0,False,True,-0.047488710675899215,0.16387693665302505,0.024253172667190376,-0.27125488106882756,1.9080778032592245,1.9555665139351237,1.716800383519692,1.552923446866667,1.6348619151931796,10.8989149258126,11.170169806881427,False,False,False,1.9090909090909092,1.9090909090909092,0.9994693255167366,1.0243443644422077,False,True,True,-0.024583578824760255,0.10032306704597205,0.12674356238456386,0.49155834524330716,-0.024583578824760314
12.0,4,66.60000000000049,5,1.5,2.800000000000111,3.3999999999998636,3.3999999999998636,0.5332839562948015,0.5677570228058739,22.0,False,True,-0.11521773771422983,0.28510544405601834,0.08082743339145851,-0.6894613302214481,1.7823703320343185,1.8975880697485483,1.4282742111738684,1.14316876711785,1.2857214891458593,10.66567912589603,11.355140456117478,True,False,False,1.9047619047619047,1.9047619047619047,0.9357444243180173,0.996233736617988,False,True,True,-0.06263951712181093,0.22266284342998507,0.8149023265938253,0.25132003093421285,-0.06263951712181087
12.0,4,71.00000000000024,13,0.6,0.20000000000038654,1.599999999999639,1.599999999999639,0.4797795520960508,0.4962078099757439,22.0,True,False,-0.057522045854713655,0.07491703086744894,0.001846381405453304,-0.3285651575938626,1.679904320831044,1.7374263666857577,1.1701433142909337,1.0952262834234847,1.132684798857209,9.595591041921015,9.924156199514877,False,True,True,1.9090909090909092,1.9090909090909092,0.8799498823400707,0.9100804777877778,False,False,True,-0.03366807876584099,0.06616523870795053,0.016900365580252874,0.12459074286186325,-0.03366807876584092
12.0,4,74.70000000000003,21,1.5,1.9999999999998863,0.09999999999953957,0.09999999999953957,0.5741703571913739,0.5826643959760842,23.0,False,True,-0.029741101706820317,0.0716318065722974,0.0056998769401435945,-0.16988077569420668,2.0104051115246198,2.04014621323144,1.2148319452224674,1.14320013865017,1.1790160419363187,11.483407143827478,11.653287919521684,False,False,False,1.9090909090909092,1.9090909090909092,1.0530693441319436,1.0686480164545638,True,False,True,-0.014685228655284766,0.06077428162052187,0.036182002347554754,0.16468022785479558,-0.014685228655284696
12.0,4,76.69999999999992,12,1.5,2.300000000000324,1.9999999999998863,1.9999999999998863,0.5999052595469703,0.5660119811406936,22.0,False,True,0.11327993871492348,0.02597524301079468,0.0101693427479215,0.677865568125533,2.005035636318262,1.8917556976033385,1.4491329986659656,1.4231577556551709,1.4361453771605683,11.998105190939405,11.320239622813872,True,False,False,1.9047619047619047,1.9047619047619047,1.0526437090670877,0.9931717412417528,False,True,True,0.058156495921219964,0.01808727136456295,0.07117032168778081,0.36196270307885225,0.05815649592122008
12.0,4,79.9,14,1.5,2.8000000000000256,0.8999999999997641,0.8999999999997641,0.4945700490973399,0.5833601253052922,22.0,False,True,-0.2967589700460358,0.13608672534073452,0.020599903667130992,-1.7758015241590464,1.6529786283999033,1.949737598445939,1.331484326483653,1.1953976011429184,1.2634409638132857,9.891400981946799,11.667202506105845,False,False,False,1.9047619047619047,1.9047619047619047,0.8678137799099492,1.023612239184118,False,False,True,-0.16511590884383642,0.10781550421380648,0.13160280918536937,0.23383892242785287,-0.16511590884383642
12.0,4,91.89999999999894,11,1.5,8.0,3.999999999998934,3.999999999998934,0.4707625608784926,0.4990746383469275,24.0,False,True,-0.1036381628009484,0.01358111131748685,0.036340607918540595,-0.5662415493686979,1.7232563374874623,1.8268945002884107,1.071381164789985,1.057800053472498,1.0645906091312414,9.415251217569852,9.98149276693855,True,False,False,1.9130434782608696,1.9130434782608696,0.9007930855048099,0.9549675796962147,False,False,True,-0.05840181053580806,0.012757294111634974,0.7610214830598121,0.0625903206874072,-0.058401810535808
12.0,4,106.29999999999824,24,0.6,0.29999999999998295,6.399999999999295,6.399999999999295,0.5396509649941317,0.5267896412612574,24.0,True,False,0.04707969467621731,0.02635463289847495,0.023856221397705702,0.25722647465748594,1.975426728331931,1.9283470336557136,1.055564173112718,1.0292095402142432,1.0423868566634806,10.793019299882634,10.535792825225148,False,True,False,1.9130434782608696,1.9130434782608696,1.0326094261735093,1.0079995857745776,False,True,True,0.024121263292317563,0.025284314312411918,0.8128949700488479,0.04151313802249252,0.024121263292317438
12.0,4,106.59999999999822,18,1.5,7.700000000000017,0.29999999999998295,0.29999999999998295,0.5396509649941317,0.5267896412612574,23.0,False,True,0.04707969467621731,0.04707969467621731,0.0130235986702531,0.25722647465748594,1.975426728331931,1.9283470336557136,1.975426728331931,1.9283470336557136,1.9518868809938223,10.793019299882634,10.535792825225148,False,True,False,1.9130434782608696,1.9130434782608696,1.0326094261735093,1.0079995857745776,False,True,True,0.024121263292317563,0.024121263292317563,0.06347991984293277,0.6687965360011748,0.024121263292317438
12.0,4,116.59999999999764,16,1.199999999999946,1.199999999999946,1.9999999999994174,1.9999999999994174,0.4900825901938943,0.5032715404957182,24.0,False,False,-0.04827899259875834,0.053800763265614115,0.021900879027486497,-0.2637790060364793,1.793978535310672,1.8422575279094304,1.1789729429857023,1.1251721797200882,1.1520725613528953,9.801651803877885,10.065430809914364,True,False,False,1.9130434782608696,1.9130434782608696,0.9377615070942149,0.962998253225384,False,False,True,-0.02655593805970846,0.04670759958464345,0.2841229006983159,0.1415625475755831,-0.02655593805970844
12.0,4,117.79999999999758,4,1.5,6.599999999999625,1.199999999999946,1.199999999999946,0.565623435053829,0.5352036026370461,23.0,False,True,0.10651226733747765,-0.07367224930645011,-0.010622129054211005,0.6083966483356562,1.9804788435835592,1.8739665762460815,1.5649577870840687,1.6386300363905189,1.601793911737294,11.312468701076579,10.704072052740923,True,False,False,1.9090909090909092,1.9090909090909092,1.0373936799723404,0.9816015399384236,False,True,True,0.0552813075187234,-0.046001698558733595,-0.07873848532080285,0.4711241960120294,0.055281307518723344
12.0,4,124.3999999999972,8,0.6,0.20000000000042917,6.599999999999625,6.599999999999625,0.5688674357487651,0.5628324259513633,22.0,True,False,0.02113103609901934,0.06068400480026681,0.0256024908491231,0.12070019594803583,1.9918374159953969,1.9707063798963775,1.1052058417175616,1.0445218369172948,1.0748638393174281,11.377348714975302,11.256648519027266,False,True,False,1.9090909090909092,1.9090909090909092,1.0433434083785411,1.032274770421912,True,False,True,0.010665490400327937,0.056472391348037686,0.7557676694128812,0.07219399245736471,0.010665490400327986
12.0,4,130.69999999999726,17,0.6999999999995623,0.6999999999995623,4.899999999999679,4.899999999999679,0.4931526342299062,0.5511138404077727,23.0,False,False,-0.20294587435707112,0.14332544611436648,0.0612832889531785,-1.1592241235573297,1.7267289476025378,1.929674821959609,1.1952779861074556,1.0519525399930891,1.1236152630502723,9.863052684598124,11.022276808155453,True,False,False,1.9090909090909092,1.9090909090909092,0.9044770677918055,1.0107820495978903,False,True,True,-0.11112266569728413,0.12773078346548958,1.1655748232864456,0.11655140021609511,-0.111122665697284
12.0,4,131.39999999999682,7,1.0000000000003695,1.0000000000003695,0.6999999999995623,0.6999999999995623,0.6088261880148194,0.5337030749148135,22.0,False,False,0.16613902808062941,-0.19757135452806684,-0.0282023707981941,1.5024622620001171,2.034851643433437,1.8687126153528075,1.6825817284776052,1.880153083005672,1.7813674057416387,12.176523760296387,10.67406149829627,False,True,False,1.9047619047619047,1.9090909090909092,1.0682971128025545,0.9788494651848039,False,False,True,0.08517316095295469,-0.11102384368234663,-0.15779069284323666,0.5773812748580294,0.08744330948749401
12.0,4,137.59999999999692,4,1.1000000000003354,1.1000000000003354,5.199999999999733,5.199999999999733,0.5754474177090998,0.5636715934439493,22.0,False,False,0.039357793456384016,0.03026808247471413,0.014579494474727298,0.23551648530300895,1.923291321375268,1.883933527918884,1.0690142983673905,1.0387462158926764,1.0538802571300334,11.508948354181996,11.273431868878987,True,False,False,1.9047619047619047,1.9047619047619047,1.0097279437220157,0.9890651021574142,False,True,True,0.020676055196819365,0.028722583176452494,0.5183665500700818,0.05247883562926742,0.0206760551968192
12.0,4,139.09999999999724,17,0.6,0.29999999999958504,0.39999999999997726,0.39999999999997726,0.4767792235443426,0.4608610348047222,22.0,True,False,0.055736085305567507,0.05239383815812215,0.008805294041164285,0.31836377479240774,1.6693989441931538,1.6136628588875863,1.6892925587103618,1.6368987205522396,1.6630956396313006,9.535584470886851,9.217220696094444,False,True,False,1.9090909090909092,1.9090909090909092,0.8744470660059377,0.8452519737030214,False,False,True,0.033956985406843165,0.03150640944301841,0.042289304339397704,0.5086807088585802,0.033956985406843165
12.0,4,140.69999999999675,24,0.6,0.49999999999954525,1.299999999999926,1.299999999999926,0.5529210629542192,0.5851641100142961,22.0,True,False,-0.10776444671907282,0.046404780125595346,0.011968617143794491,-0.6448609412015394,1.8480025264845696,1.9557669732036425,1.2939290020561744,1.247524221930579,1.2707266119933767,11.058421259084383,11.703282200285923,False,False,False,1.9047619047619047,1.9047619047619047,0.9702013264043992,1.0267776609319124,False,False,True,-0.05667708979771102,0.036522362705785155,0.08286076559309286,0.23958887229128226,-0.05667708979771095
12.0,4,141.1999999999963,3,0.6,0.0999999999999659,0.49999999999954525,0.49999999999954525,1.0046095009016105,0.9250388483220666,21.0,True,False,0.24061719097856216,-0.10657586062395041,-0.022328751842137895,1.5914130515908766,3.0378827909658903,2.797265599987328,1.8455372200017568,1.9521130806257072,1.8988251503137321,20.09219001803221,18.500776966441332,False,True,False,1.894736842105263,1.894736842105263,1.6033270285653312,1.4763346222155345,True,False,True,0.08251845385226053,-0.0561420056997457,-0.09329316087707551,0.6412353529800328,0.08251845385226059
12.0,4,141.29999999999626,2,1.5,4.300000000000665,0.0999999999999659,0.0999999999999659,1.0046095009016105,0.9250388483220666,21.0,False,True,0.24061719097856216,-0.1059166904863329,-0.024247163641375385,1.5914130515908766,3.0378827909658903,2.797265599987328,1.8426133709650172,1.94853006145135,1.8955717162081838,20.09219001803221,18.500776966441332,False,True,False,1.894736842105263,1.894736842105263,1.6033270285653312,1.4763346222155345,True,False,True,0.08251845385226053,-0.0558903994328801,-0.1017644027309701,0.6395204902404236,0.08251845385226059
12.0,4,146.7999999999963,11,0.6,0.3000000000009493,1.1999999999993634,1.1999999999993634,0.5423027630292694,0.6139517985968723,20.0,True,False,-0.22806596356702058,0.4243947323019561,0.06553919516455439,-1.4329807113520587,1.7262033077700194,1.95426927133704,1.5360660329182296,1.1116713006162735,1.3238686667672517,10.846055260585388,12.279035971937446,False,True,False,1.9,1.9,0.9085280567210628,1.0285627743879158,False,False,True,-0.12409197229776603,0.3233600648213679,0.4339481297492944,0.28055825831018494,-0.12409197229776606
12.0,4,147.3999999999959,23,1.3000000000008356,1.3000000000008356,0.29999999999867555,0.29999999999867555,0.8682373917194406,0.6653183373995901,20.0,False,False,0.6136158403082033,-0.22965752263538408,-0.027501275534060843,4.058381086397009,2.625501180717901,2.0118853404096977,1.713080879378135,1.942738402013519,1.827909640695827,17.36474783438881,13.306366747991802,False,False,False,1.894736842105263,1.894736842105263,1.3856811787122256,1.0618283741051182,True,False,True,0.266199541061633,-0.12580509193238887,-0.0936095378429993,0.6031730411186607,0.2661995410616331
12.0,4,150.89999999999662,4,1.5,1.8999999999988688,1.6000000000003638,1.6000000000003638,0.4882929530804807,0.5029533052461082,22.0,False,True,-0.04899861780717907,0.12461907334679712,0.008553210594105687,-0.2932070433125489,1.631998980353646,1.6809975981608252,1.3483817070839963,1.2237626337371992,1.2860721704105977,9.765859061609614,10.059066104922163,True,False,False,1.9047619047619047,1.9047619047619047,0.8567994646856643,0.8825237390344333,False,False,True,-0.02958179385135279,0.09697489930028425,0.04765711232064218,0.25159274431120465,-0.02958179385135283
12.0,4,152.7999999999955,6,0.6,0.100000000000108,1.8999999999988688,1.8999999999988688,0.6756746050213449,0.6435344568294159,21.0,True,False,0.10230526912903048,-0.3588951676937975,-0.025884277474803097,0.6428029638385802,2.15073906621622,2.0484337970871893,1.1928394228949746,1.551734590588772,1.3722870067418733,13.513492100426898,12.870689136588318,False,True,False,1.9,1.9,1.1319679295874843,1.0781230510985207,True,False,True,0.0487360350673427,-0.26303686127935844,-0.20380961536773867,0.31647869601418305,0.04873603506734281
12.0,4,152.8999999999956,9,0.6,0.3000000000004377,0.100000000000108,0.100000000000108,0.6756746050213449,0.6435344568294159,21.0,True,False,0.10230526912903048,-0.36042110483573664,-0.0246589211728223,0.6428029638385802,2.15073906621622,2.0484337970871893,1.1657325720193288,1.5261536768550654,1.345943124437197,13.513492100426898,12.870689136588318,False,True,False,1.9,1.9,1.1319679295874843,1.0781230510985207,True,False,True,0.0487360350673427,-0.26940092688457007,-0.2004123180691857,0.2970949750825047,0.04873603506734281
12.0,4,153.19999999999604,16,1.5,1.6000000000002501,0.3000000000004377,0.3000000000004377,0.665487329378017,0.6535556408557053,19.0,False,True,0.03608075694741575,0.06259726888004047,0.037101363704248325,0.2386337704462349,2.012396362675178,1.9763156057277624,2.0233182642604493,1.9607209953804088,1.9920196298204291,13.30974658756034,13.071112817114106,False,True,False,1.894736842105263,1.894736842105263,1.0620980803007884,1.0430554585785414,True,False,True,0.018091926107479783,0.031426608341974194,0.11120088484674717,0.6891490134413776,0.018091926107479665
12.0,5,30.20000000000016,19,0.9000000000000092,0.9000000000000092,inf,inf,0.5237216898565347,0.5237216898565347,24.0,False,False,0.0,0.0,0.0,0.0,1.9171166021374848,1.9171166021374848,1.000956215440094,1.000956215440094,1.000956215440094,10.474433797130693,10.474433797130693,True,False,False,1.9130434782608696,1.9130434782608696,1.0021291329355033,1.0021291329355033,False,True,True,0.0,0.0,0.0,0.00095575855733904,0.0
12.0,5,31.10000000000017,9,1.5,4.300000000000065,0.9000000000000092,0.9000000000000092,0.523723738669073,0.5241922493886415,23.0,False,True,-0.0016404475320395129,0.0,-1.2269830096389711e-08,-0.009370214391370979,1.8337708801225212,1.8354113276545607,1.831664868788493,1.831664868788493,1.831664868788493,10.47447477338146,10.48384498777283,False,False,False,1.9090909090909092,1.9090909090909092,0.9605466514927492,0.9614059335333413,False,False,True,-0.0008941761670294701,0.0,-6.904006455421552e-08,0.6052253176338502,-0.0008941761670293244
12.0,5,35.40000000000023,24,1.5,2.799999999999926,4.300000000000065,4.300000000000065,0.5306072586863362,0.5622423130615584,22.0,False,True,-0.10573238085474768,0.057546793786111605,0.04392290846945959,-0.6327010875044436,1.7734241292677788,1.8791565101225265,1.111442392061171,1.0538955982750593,1.082668995168115,10.612145173726724,11.244846261231167,True,False,False,1.9047619047619047,1.9047619047619047,0.9310476678655839,0.9865571678143265,False,True,True,-0.057910797243590495,0.05316523173100206,0.9767505001923453,0.07942928433847488,-0.057910797243590474
12.0,5,45.90000000000038,5,1.5,3.999999999999943,2.500000000000149,2.500000000000149,0.5524463388176812,0.5364595323647707,24.0,False,True,0.058520723238384864,0.07549437259356351,0.01436828367250391,0.31973612905821014,2.022265009164642,1.963744285926257,1.1284197028392116,1.052925330245648,1.0906725165424298,11.048926776353625,10.729190647295415,True,False,False,1.9130434782608696,1.9130434782608696,1.0570930729724264,1.0265026949159979,True,False,True,0.029365174093926028,0.06924584166763265,0.24890388713580514,0.08679449363602944,0.029365174093926024
12.0,5,49.900000000000325,19,1.5,4.000000000000057,3.999999999999943,3.999999999999943,0.5274125033795514,0.5368553303849186,23.0,False,True,-0.03306319708264893,0.16088591347295367,0.056333731943296605,-0.18885654010734498,1.846686753149184,1.879749950231833,1.2366918861886689,1.0758059727157152,1.156248929452192,10.548250067591027,10.737106607698372,True,False,False,1.9090909090909092,1.9090909090909092,0.9673121087924297,0.9846309263119124,False,True,True,-0.017745673611524126,0.13936985816319447,1.013854478502266,0.14518108396488402,-0.01774567361152405
12.0,5,57.50000000000055,18,0.6,0.3999999999997783,3.600000000000165,3.600000000000165,0.5975759965708392,0.548605106823203,23.0,True,False,0.17146710176077917,0.05682882453744842,0.0393740728956926,0.9794177949527239,2.09235782200092,1.9208907202401408,1.0965788774006031,1.0397500528631547,1.068164465131879,11.951519931416783,10.97210213646406,False,False,False,1.9090909090909092,1.9090909090909092,1.0959969543814343,1.0061808534591214,False,True,True,0.08550257934265393,0.05321487141936794,0.8309661339947509,0.06594172225138556,0.08550257934265387
12.0,5,78.3999999999998,18,1.5,1.6999999999996902,12.899999999999267,12.899999999999267,0.5103354395392512,0.5220091199530663,24.0,False,True,-0.04273225066447561,0.01203797223187797,0.0069842618852291,-0.23347360827630226,1.8681153802658792,1.9108476309303548,1.0224806845657817,1.0104427123339037,1.0164616984498427,10.206708790785024,10.440182399061326,True,False,False,1.9130434782608696,1.9130434782608696,0.976514857866255,0.9988521707135946,False,True,True,-0.022616824805356095,0.011843154497655285,0.5718756072099991,0.01632767354344731,-0.02261682480535615
12.0,5,80.0999999999995,19,0.7000000000001876,0.7000000000001876,1.6999999999996902,1.6999999999996902,0.6935488128850178,0.6781580359933841,23.0,False,False,0.053889400847216606,-0.003765968142386944,0.0011543231258185072,0.3078155378326741,2.4283978806156648,2.374508479768448,1.4842480010229404,1.4880139691653274,1.486130985094134,13.870976257700356,13.563160719867682,True,False,False,1.9090909090909092,1.9090909090909092,1.2720179374653482,1.243790156069187,True,False,True,0.022441271343177194,-0.0025340768717141415,0.010287993284987085,0.39617608850388575,0.02244127134317722
12.0,5,80.79999999999968,15,1.5,5.299999999999699,0.7000000000001876,0.7000000000001876,0.6533990389075388,0.6214562554489396,22.0,False,True,0.11184474143810164,0.10001013721359886,0.023837718226106808,0.6388556691719849,2.2878171107798257,2.175972369341724,2.324569707522456,2.224559570308857,2.2745646389156566,13.067980778150776,12.429125108978791,False,True,False,1.9090909090909092,1.9090909090909092,1.198380391360861,1.1397950506075698,True,False,True,0.050122505222658154,0.043975999782306374,0.08462734496504898,0.821788666580214,0.0501225052226581
12.0,5,86.09999999999938,16,0.6,0.3000000000004235,5.299999999999699,5.299999999999699,0.7718003136252563,0.6052545660083446,21.0,True,False,0.5566381586675013,0.2510460847998892,0.12887743796582682,3.330914952338233,2.579552534860027,2.0229143761925257,1.321840886171142,1.0707948013712527,1.1963178437711974,15.436006272505125,12.105091320166892,False,True,False,1.9047619047619047,1.9047619047619047,1.3542650808015142,1.062030047501076,True,False,True,0.2430767156654554,0.21062419801707177,1.764635704599069,0.17924837588319567,0.24307671566545538
12.0,5,92.09999999999904,12,1.5,2.000000000000341,3.2999999999993577,3.2999999999993577,0.5861764905926883,0.5627924730984653,23.0,False,True,0.08187700341816506,0.06479249562065559,0.0032755435321299015,0.4676803498844606,2.052443492045897,1.970566488627732,1.1451068598301282,1.0803143642094726,1.1127106120198005,11.723529811853766,11.255849461969305,True,False,False,1.9090909090909092,1.9090909090909092,1.0750894482145175,1.0322014940430977,True,False,True,0.04070997159236256,0.05824588326114473,0.04664975928126314,0.10679903131569268,0.04070997159236261
12.0,5,99.19999999999864,17,0.9000000000004036,0.9000000000004036,5.099999999999255,5.099999999999255,0.4877224049189466,0.5351924604375546,23.0,False,False,-0.16621206766192986,0.09675610037908444,0.039678545248883194,-0.9494011103721611,1.70771549518938,1.87392756285131,1.1694325212413827,1.0726764208622983,1.1210544710518406,9.754448098378932,10.703849208751093,True,False,False,1.9090909090909092,1.9090909090909092,0.8945176403372943,0.9815811043506861,False,True,True,-0.0928800197192825,0.08636175329845898,0.660025539811572,0.11426973439195767,-0.09288001971928253
12.0,5,100.69999999999855,11,1.5,6.500000000000085,0.5999999999995111,0.5999999999995111,0.4876956959391982,0.4875474129600334,23.0,False,True,0.0005191993204300971,-0.12401781518117128,-0.03891659043860771,0.0029656595832960875,1.7076219761340383,1.7071027768136082,1.5188139614352156,1.642831776616387,1.5808228690258013,9.753913918783963,9.750948259200667,False,False,False,1.9090909090909092,1.9090909090909092,0.8944686541654486,0.8941966926166519,False,False,True,0.0003040943923711126,-0.07849170412905332,-0.19670954185620415,0.4579455146488542,0.0003040943923711126
12.0,5,112.69999999999789,13,1.5,3.1999999999997897,3.999999999999332,3.999999999999332,0.4844301783232816,0.5451024040224355,24.0,False,True,-0.2220945464533719,-0.034470936883956194,0.013577388208779503,-1.2134445139830774,1.7732875216498878,1.9953820681032597,1.102116575631897,1.136587512515853,1.119352044073875,9.688603566465632,10.90204808044871,True,False,False,1.9130434782608696,1.9130434782608696,0.9269457499533504,1.0430406265085221,False,False,True,-0.1180003641436288,-0.030797872473995763,0.23413039320071194,0.11274998581585097,-0.11800036414362888
12.0,5,115.89999999999768,22,1.5,1.8999999999999062,3.1999999999997897,3.1999999999997897,0.5266786274560085,0.5135748266186031,23.0,False,True,0.045881762884424804,-0.02975670297477384,-0.0112605440614829,0.2620760167481073,1.8441171535705283,1.7982353906861035,1.192109167651905,1.221865870626679,1.206987519139292,10.53357254912017,10.271496532372062,True,False,False,1.9090909090909092,1.9090909090909092,0.9659661280607529,0.9419328236927208,False,False,True,0.02519480987305245,-0.024654944503574167,-0.15818936995638921,0.1881276016636654,0.025194809873052545
12.0,5,117.79999999999758,8,1.5,2.900000000000304,1.8999999999999062,1.8999999999999062,0.5445267921254855,0.5702883823046951,22.0,False,True,-0.08610177279750508,0.06672764612009208,0.0158193051025428,-0.515231803584193,1.8199467428676237,1.9060485156651288,1.4125904880215698,1.3458628419014778,1.3792266649615237,10.89053584250971,11.405767646093903,True,False,False,1.9047619047619047,1.9047619047619047,0.9554720400055025,1.0006754707241927,False,True,True,-0.0462250205871223,0.04838991879134813,0.15977189912671275,0.3215229543841953,-0.04622502058712233
12.0,5,123.99999999999712,5,1.5,1.8000000000004661,0.09999999999944009,0.09999999999944009,0.6169862947339464,0.5940008826773155,23.0,False,True,0.0804813228519703,0.09560227341194572,0.008270273472823608,0.459708241132617,2.160321209790933,2.0798398869389625,1.2126694430730016,1.117067169661056,1.1648683063670289,12.339725894678928,11.880017653546311,False,False,False,1.9090909090909092,1.9090909090909092,1.1315968241762029,1.0894399407775517,True,False,True,0.03796600555952201,0.08211742866623024,0.048877887075430726,0.15260803888292468,0.037966005559522106
12.0,5,129.39999999999694,14,1.5,2.600000000000165,3.599999999999355,3.599999999999355,0.5146051839390955,0.5565329195973927,23.0,False,True,-0.14680614041870288,0.2093762137520363,0.07255351644932,-0.8385547131659443,1.801843092821664,1.9486492332403669,1.291566791765012,1.0821905780129757,1.1868786848889938,10.29210367878191,11.130658391947854,True,False,False,1.9090909090909092,1.9090909090909092,0.9438225724303954,1.0207210269354303,False,False,True,-0.07832635015601119,0.17686874878150635,1.0331887242763464,0.1713269072780614,-0.07832635015601128
12.0,5,139.59999999999624,24,1.5,8.0,2.1999999999993065,2.1999999999993065,0.5440648834147144,0.5260428084900992,24.0,False,True,0.06597095310757495,0.022640636435717676,0.007546846571710494,0.3604414984923032,1.9915841578378533,1.9256132047302783,1.082555659484229,1.0599150230485113,1.07123534126637,10.881297668294287,10.520856169801984,True,False,False,1.9130434782608696,1.9130434782608696,1.0410553552334232,1.0065705388362818,False,True,True,0.03368591633835594,0.021135859134997007,0.11143983964012039,0.06881250707088002,0.033685916338355916
12.0,5,149.29999999999623,18,0.6,0.2999999999995566,1.6999999999999886,1.6999999999999886,0.5309861247120788,0.5406989845450596,24.0,True,False,-0.03555454204148489,0.062417894285520914,-0.006717493898276,-0.19425719665961516,1.94370852860615,1.9792630706476348,1.117150783905999,1.0547328896204782,1.0859418367632387,10.619722494241577,10.813979690901192,False,True,False,1.9130434782608696,1.9130434782608696,1.0160294581350329,1.0346147869294455,False,True,True,-0.018126827933772405,0.05749395136737477,-0.08471474755595532,0.08244766276924824,-0.01812682793377254
12.0,5,149.5999999999958,7,1.5,inf,0.2999999999995566,0.2999999999995566,0.5309861247120788,0.5403319134431852,23.0,False,True,-0.034210854893906406,-0.035823861040345184,-0.007571044177009295,-0.18691577462212727,1.94370852860615,1.9779193835000564,1.9434392096072897,1.9792630706476348,1.9613511401274621,10.619722494241577,10.806638268863704,False,True,False,1.9130434782608696,1.9130434782608696,1.0160294581350329,1.033912405011393,False,True,True,-0.017447714845210127,-0.018265396888404006,-0.03505143329811644,0.6736335929527755,-0.0174477148452102
12.0,6,22.50000000000005,5,0.9999999999999112,0.9999999999999112,4.000000000000071,4.000000000000071,0.5565868898024453,0.5524254916545797,23.0,False,False,0.01457075587893808,0.07289821023803134,0.0188234973355786,0.08322796295731294,1.9488382049884705,1.9342674491095324,1.1219453923782134,1.049047182140182,1.0854962872591978,11.131737796048906,11.048509833091593,True,False,False,1.9090909090909092,1.9090909090909092,1.0208200121368178,1.0131877114383265,False,True,True,0.007504727176320891,0.06718182941078496,0.3758789787224215,0.08203729002561382,0.007504727176320855
12.0,6,28.20000000000013,3,1.5,2.299999999999919,4.70000000000017,4.70000000000017,0.6101681301665796,0.5539499287837604,23.0,False,True,0.19684290211984856,0.07797246150339543,0.008945169852990903,1.1243640276563838,2.1364480287293035,1.939605126609455,1.1632061689803082,1.0852337074769127,1.1242199382286104,12.203362603331591,11.078998575675207,True,False,False,1.9090909090909092,1.9090909090909092,1.1190918245724923,1.0159836377478098,False,True,True,0.09666024100825354,0.06938476884559414,0.16196561455394987,0.11708940691033985,0.09666024100825348
12.0,6,50.300000000000445,9,0.8000000000000114,0.8000000000000114,14.100000000000314,14.100000000000314,0.5182288571194977,0.5136867292143492,24.0,False,False,0.016626748489980914,0.013323797497577505,0.011650968124381302,0.09084255810297037,1.8970097380589277,1.8803829895689468,1.0294032048647173,1.0160794073671398,1.0227413061159285,10.364577142389955,10.273734584286984,True,False,False,1.9130434782608696,1.9130434782608696,0.9916187267126213,0.9829274718201313,False,True,True,0.008803350389225528,0.013027718604782426,0.6589030505282563,0.022486577293493726,0.00880335038922552
12.0,6,51.100000000000456,12,1.5,3.2000000000000455,0.8000000000000114,0.8000000000000114,0.5299755796891201,0.4963869220394148,23.0,False,True,0.03860518740023999,0.010147823769678377,0.003355541765316994,0.6717731529941062,1.8556611309613555,1.8170559435611155,1.8391250011783944,1.828977177408716,1.8340510892935553,10.599511593782402,9.927738440788296,False,True,False,1.9090909090909092,1.9130434782608696,0.97201297336071,0.9498246977705831,False,False,True,0.021023459481694373,0.005533024525869901,0.01878220690426513,0.6065272302039446,0.02309171254575337
12.0,6,54.3000000000005,16,1.5,3.999999999999943,3.2000000000000455,3.2000000000000455,0.5417826258723406,0.5525981302134264,22.0,False,True,-0.036148160536228824,0.2944574505898956,0.0939108129926505,-0.21631008682171604,1.8107750427666895,1.8469232033029184,1.4445878177755018,1.1501303671856062,1.297359092480554,10.835652517446812,11.051962604268528,True,False,False,1.9047619047619047,1.9047619047619047,0.950656897452512,0.9696346817340322,False,False,True,-0.019766167149178004,0.22794873493930734,1.1129675896352698,0.26033073091630743,-0.019766167149177977
12.0,6,67.00000000000047,11,1.5,3.799999999999784,4.699999999999967,4.699999999999967,0.5143251015900976,0.507294883677444,24.0,False,True,0.025734560431676323,0.0376627188973071,-0.0006769826206362989,0.14060435825307138,1.882719792309021,1.8569852318773448,1.081105910303219,1.043443191405912,1.0622745508545655,10.286502031801952,10.14589767354888,True,False,False,1.9130434782608696,1.9130434782608696,0.9841489823433519,0.9706968257540666,False,True,True,0.013763099757997943,0.03545850261842582,-0.017934470663012902,0.060412411870499706,0.013763099757997919
12.0,6,70.80000000000025,10,1.5,3.799999999999784,3.799999999999784,3.799999999999784,0.6031641655347091,0.5317572594724176,23.0,False,True,0.2500247655556709,0.13650756530974517,0.0437018990666609,1.42813812124583,2.1119242856964378,1.8618995201407669,1.1783938165241303,1.0418862512143852,1.1101400338692577,12.063283310694182,10.635145189448352,True,False,False,1.9090909090909092,1.9090909090909092,1.1062460544124197,0.975280701026116,False,False,True,0.126002301631584,0.12311956533305786,1.1747925781396389,0.10448616400613416,0.12600230163158396
12.0,6,74.60000000000004,18,0.6,0.400000000000432,3.799999999999784,3.799999999999784,0.5282787700989413,0.5615427459587896,22.0,True,False,-0.11647077606965617,0.23490767587399008,0.092638612080426,-0.6652795171969661,1.849719907018576,1.966190683088232,1.2862309455327596,1.0513232696587695,1.1687771075957647,10.565575401978826,11.230854919175792,False,True,False,1.9090909090909092,1.9090909090909092,0.9689009036763969,1.0299094054271691,False,False,True,-0.061063781386026084,0.20166656655744034,1.70432615366758,0.15595799501661622,-0.061063781386026
12.0,6,80.59999999999958,12,1.5,2.0000000000004547,1.7999999999993292,1.7999999999993292,0.4230579765383986,0.4874793672990822,23.0,False,True,-0.22556562116918188,0.10005637401893774,0.027825016127032698,-1.2884278152136712,1.481298899971907,1.7068645211410889,1.1865909651447335,1.0865345911257958,1.1365627781352647,8.461159530767972,9.749587345981643,True,False,False,1.9090909090909092,1.9090909090909092,0.7759184714138561,0.8940718920262846,False,False,True,-0.1417387360243479,0.08809110332867005,0.21818008769428854,0.12800860091534882,-0.14173873602434778
12.0,6,92.19999999999904,14,1.5,5.299999999999699,3.5999999999994543,3.5999999999994543,0.4739845730800702,0.4849433404481025,24.0,False,True,-0.040115265926779387,0.018503138120349982,0.0172753501950069,-0.2191753473606468,1.7350507183648824,1.7751659842916618,1.0528040411139423,1.0343009029935923,1.0435524720537672,9.479691461601403,9.69886680896205,True,False,False,1.9130434782608696,1.9130434782608696,0.9069583300543703,0.927927673607005,False,False,True,-0.02285728537384568,0.017731377576358842,0.3525289102037994,0.042630730941483,-0.022857285373845654
12.0,6,97.49999999999874,24,1.1999999999999034,1.1999999999999034,5.299999999999699,5.299999999999699,0.5434427909984931,0.5548797564033627,23.0,False,False,-0.040045490719431864,0.05953448078195556,0.02073139688448,-0.22873930809739207,1.902815342451451,1.9428608331708828,1.0906759226281486,1.031141441846193,1.0609086822371707,10.868855819969863,11.097595128067255,True,False,False,1.9090909090909092,1.9090909090909092,0.9967127984269504,1.0176890078514147,False,True,True,-0.020826994475599436,0.05613123194077939,0.7217544819983144,0.05912578829084061,-0.020826994475599492
12.0,6,98.69999999999864,7,1.5,1.500000000000398,1.1999999999999034,1.1999999999999034,0.5222656406139254,0.5388944786212413,22.0,False,True,-0.05557779710151278,-0.0366724504288205,-0.006068465585389288,-0.332576760146317,1.7455443245259927,1.8011221216275055,1.7250525974974815,1.761725047926302,1.7433888227118919,10.445312812278509,10.777889572424826,True,False,False,1.9047619047619047,1.9047619047619047,0.9164107703761463,0.9455891138544404,False,False,True,-0.031343430733731026,-0.0210359285714925,-0.03650841787820269,0.5558308183736235,-0.03134343073373103
12.0,6,105.29999999999828,6,0.6,0.2000000000004576,5.099999999999241,5.099999999999241,0.6222058404509063,0.571736923251561,22.0,True,False,0.1767123081849702,0.07502113923048004,0.0684265769376686,1.0093783439869064,2.178596972824996,2.0018846646400257,1.1195795328021585,1.0445583935716785,1.0820689631869185,12.444116809018126,11.43473846503122,False,True,False,1.9090909090909092,1.9090909090909092,1.141169842908331,1.04860625290668,True,False,True,0.08459200999692518,0.06935899146247204,1.1559041500303642,0.07887491516483175,0.0845920099969252
12.0,6,109.49999999999852,10,1.5,3.7999999999997556,2.7999999999998835,2.7999999999998835,0.5583560636692066,0.5486807343094213,23.0,False,True,0.033877282860343305,0.15099669058091192,0.05443471298770221,0.19350658719570646,1.95503280584232,1.9211555229819768,1.2364352366095084,1.0854385460285965,1.1609368913190523,11.167121273384133,10.973614686188427,True,False,False,1.9090909090909092,1.9090909090909092,1.0240648030602628,1.0063195596572259,False,True,True,0.017480133882392557,0.13024833501257424,0.808198371598007,0.1492273440626841,0.017480133882392584
12.0,6,123.29999999999772,24,1.5,5.899999999999679,5.799999999999201,5.799999999999201,0.5409347694474382,0.5311834785840439,24.0,False,True,0.03569522127602931,0.029980914915542778,0.019047350301370197,0.19502581726788648,1.980126176300195,1.9444309550241656,1.0482373519174517,1.018256437001909,1.0332468944596802,10.818695388948765,10.623669571680878,True,False,False,1.9130434782608696,1.9130434782608696,1.0350659557932838,1.0164070901262683,False,True,True,0.018191201927163836,0.029018251934674187,0.5842164017672786,0.032706168801200634,0.018191201927163947
12.0,6,129.1999999999974,18,1.5,1.6999999999999034,5.899999999999679,5.899999999999679,0.5404286148208555,0.5444306694869692,23.0,False,True,-0.014012829217991296,0.12905547656743344,0.06237033027799241,-0.08004109332227394,1.892261479614992,1.9062743088329832,1.1717673586643755,1.042711882096942,1.1072396203806587,10.80857229641711,10.888613389739383,True,False,False,1.9090909090909092,1.9090909090909092,0.9911845845602338,0.998524637960134,False,True,True,-0.007378049630052508,0.1166882737608724,1.4572483214620071,0.10187008954436576,-0.007378049630052484
12.0,6,130.8999999999973,11,0.6,0.400000000000432,1.6999999999999034,1.6999999999999034,0.5016873894356468,0.5417377032192459,22.0,True,False,-0.140232519042907,0.03421674336818836,0.029157753457487903,-0.8010062756719805,1.756612614142142,1.896845133185049,1.5264975499871254,1.492280806618937,1.509389178303031,10.033747788712937,10.834754064384917,False,True,False,1.9090909090909092,1.9090909090909092,0.9201304169315982,0.9935855459540733,False,True,True,-0.07680474639494972,0.02267023594209816,0.2242740473925331,0.4117050513073733,-0.07680474639494969
12.0,6,135.79999999999657,21,1.40000000000083,1.40000000000083,4.499999999998835,4.499999999998835,0.5869680213892057,0.5666808952631275,22.0,False,False,0.06780472448597563,0.056257536704774624,0.053306067181686304,0.40574252252156384,1.96179610286019,1.8939913783742144,1.1424672998401475,1.0862097631353729,1.11433853148776,11.739360427784113,11.33361790526255,True,False,False,1.9047619047619047,1.9047619047619047,1.0299429540015999,0.9943454736464626,False,True,True,0.035173989953038,0.05049586687386046,1.0077376840851122,0.10826098357000374,0.03517398995303807
12.0,6,138.6999999999963,3,0.6,0.2000000000010118,1.4999999999988916,1.4999999999988916,0.519770885004835,0.5676461261256325,22.0,True,False,-0.16763078807400844,0.08608303656716876,0.03865745509789251,-0.9575048224159488,1.8199303237229087,1.9875611117969172,1.266370554026973,1.1802875174598042,1.2233290357433886,10.3954177000967,11.35292252251265,False,True,False,1.9090909090909092,1.9090909090909092,0.9532968362358093,1.0411034395126708,False,False,True,-0.08811009846042395,0.07039690993661682,0.3355065295942494,0.20157586037589495,-0.08811009846042396
12.0,6,140.79999999999674,14,1.5,2.9999999999998295,1.8999999999994373,1.8999999999994373,0.5916378439545373,0.5404331581943351,22.0,False,True,0.1711390558122705,-0.04508388105740546,0.012204206503325196,1.0240937152040441,1.977403835097517,1.8062647792852464,1.330521560876081,1.3756054419334864,1.3530635014047836,11.832756879090747,10.808663163886703,True,False,False,1.9047619047619047,1.9047619047619047,1.0381370134261965,0.9482890091247544,False,False,True,0.09052373479534348,-0.03332293921449492,0.0943344491609901,0.30237128186762346,0.09052373479534345
12.0,6,150.69999999999607,3,1.5,3.49999999999946,1.8999999999993236,1.8999999999993236,0.5147744262732568,0.5402626610503782,24.0,False,True,-0.09330130677571002,0.015912512236520016,-0.0004779580689110996,-0.5097646955424295,1.8843645739297148,1.9776658807054248,1.102336032623738,1.086423520387218,1.094379776505478,10.295488525465135,10.805253221007565,True,False,False,1.9130434782608696,1.9130434782608696,0.985008754554169,1.0337798921869266,False,True,True,-0.04832663317803787,0.014540466605791363,-0.0062137371268353725,0.09018778864512184,-0.04832663317803787
12.0,7,23.30000000000006,4,1.5,1.7000000000000242,7.500000000000073,7.500000000000073,0.5248769746886035,0.5216791125896849,24.0,False,True,0.011705977888489594,0.03106183940149343,0.019181271831311103,0.06395724197837183,1.9213455958466503,1.9096396179581607,1.0482346136977678,1.0171727742962744,1.032703693997021,10.49753949377207,10.433582251793698,True,False,False,1.9130434782608696,1.9130434782608696,1.0043397432834762,0.9982207093872204,False,True,True,0.006111229183727307,0.03008044000861319,1.2672664009564998,0.0321803087170227,0.0061112291837271005
12.0,7,25.000000000000085,6,1.5,3.600000000000051,1.7000000000000242,1.7000000000000242,0.6134638226512878,0.5863830178670613,23.0,False,True,0.09482096677495822,0.04198229085187588,0.012190814996322102,0.5416160956845317,2.1479875952260503,2.053166628451092,1.5333507862504208,1.4913684953985449,1.5123596408244828,12.269276453025757,11.727660357341225,True,False,False,1.9090909090909092,1.9090909090909092,1.1251363594041215,1.0754682339505721,True,False,True,0.045148103456725486,0.027761245374553267,0.10117231524285586,0.41367110716183625,0.04514810345672535
12.0,7,28.600000000000136,25,0.6,0.30000000000000426,3.600000000000051,3.600000000000051,0.5862053857628391,0.5841887428278429,22.0,True,False,0.006740132522675468,0.22652520194175652,0.09959930169622588,0.04033285869992298,1.9592471810361916,1.952507048513516,1.3633388506050768,1.1368136486633202,1.2500762496341986,11.724107715256782,11.683774856556859,False,True,False,1.9047619047619047,1.9047619047619047,1.0286047700440006,1.025066200469596,True,False,True,0.003446095433094265,0.18170742433498557,1.1645619330565924,0.22320454916116214,0.003446095433094213
12.0,7,28.90000000000014,16,1.5,2.3999999999999204,0.30000000000000426,0.30000000000000426,0.5862053857628391,0.5841887428278429,21.0,False,True,0.006740132522675468,0.006560980945199413,0.03766054262630658,0.04033285869992298,1.9592471810361916,1.952507048513516,1.956806477902986,1.9502454969577865,1.9535259874303863,11.724107715256782,11.683774856556859,False,True,False,1.9047619047619047,1.9047619047619047,1.0286047700440006,1.025066200469596,True,False,True,0.003446095433094265,0.0033585358754408823,0.16070906938191842,0.6696359384346838,0.003446095433094213
12.0,7,38.80000000000028,2,1.5,6.600000000000094,1.9000000000001407,1.9000000000001407,0.4413045192206013,0.5003411041859662,24.0,False,True,-0.21610717937155743,0.05704869454388439,-0.008872684311651308,-1.180731699307298,1.6154232997832738,1.8315304791548312,1.161708661799404,1.1046599672555195,1.1331843145274618,8.826090384412026,10.006822083719324,True,False,False,1.9130434782608696,1.9130434782608696,0.8444258157958022,0.9573909322854799,False,False,True,-0.1255549172734074,0.05035433997794496,-0.0752846945869714,0.1250316471271574,-0.12555491727340734
12.0,7,45.400000000000375,9,1.3999999999999062,1.3999999999999062,6.600000000000094,6.600000000000094,0.5414580357685255,0.5494530031639897,23.0,False,False,-0.027993648778626534,0.038591926238654484,0.0280742469198213,-0.15989934790928473,1.8958659031265603,1.9238595519051869,1.0677907464937504,1.029198820255096,1.0484947833744231,10.82916071537051,10.989060063279794,True,False,False,1.9090909090909092,1.9090909090909092,0.9930726159234363,1.0077359557598597,False,True,True,-0.014657676476213188,0.0368111359407835,1.4085958294227265,0.04735559602502205,-0.014657676476213202
12.0,7,49.80000000000044,8,0.6,0.09999999999988773,3.0000000000001563,3.0000000000001563,0.6417502689666259,0.5612307377430685,23.0,True,False,0.2819317910127699,0.1189399218165692,0.0558542981534949,1.6103906244711474,2.247030005805021,1.965098214792251,1.2189247328843875,1.0999848110678183,1.1594547719761028,12.835005379332518,11.22461475486137,False,True,False,1.9090909090909092,1.9090909090909092,1.1770157173264395,1.0293371601292745,True,False,True,0.13406712067759996,0.1026727320363201,0.7100413759824562,0.1479498704637612,0.13406712067759985
12.0,7,49.900000000000325,6,1.5,3.5000000000000497,0.09999999999988773,0.09999999999988773,0.6417502689666259,0.5612307377430685,23.0,False,True,0.2819317910127699,0.11462053237334069,0.055963764919617895,1.6103906244711474,2.247030005805021,1.965098214792251,1.2127302523177164,1.0981097199443757,1.155419986131046,12.835005379332518,11.22461475486137,False,True,False,1.9090909090909092,1.9090909090909092,1.1770157173264395,1.0293371601292745,True,False,True,0.13406712067759996,0.09928395943518284,0.727280887521006,0.14446390223432676,0.13406712067759985
12.0,7,53.70000000000049,7,1.5,2.900000000000034,0.30000000000011795,0.30000000000011795,0.8344116268770563,0.6014774808626848,22.0,False,True,0.7785250358146074,0.38249572243651886,0.1195219206078034,4.658682920287429,2.788815434807508,2.0102903989929004,1.5546475409369818,1.172151818500463,1.3633996797187224,16.688232537541126,12.029549617253696,False,False,False,1.9047619047619047,1.9047619047619047,1.4641281032739417,1.0554024594712728,True,False,True,0.3273377415917672,0.2824076374274932,0.51335838299935,0.309981345032865,0.32733774159176726
12.0,7,56.60000000000053,21,1.1999999999999105,1.1999999999999105,2.900000000000034,2.900000000000034,0.5281890304513963,0.5846793234817884,21.0,False,False,-0.17981418744993083,0.4074572316336693,0.144006107253493,-1.129805860607842,1.6812779016651072,1.861092089115038,1.5783072212591518,1.1708499896254825,1.3745786054423172,10.563780609027926,11.693586469635768,True,False,False,1.9,1.9,0.8848831061395301,0.9795221521658095,False,False,True,-0.10160930009237312,0.2986229218470736,1.3623176762139988,0.3181472153781605,-0.10160930009237314
12.0,7,74.80000000000003,19,1.5,7.999999999999432,10.199999999999491,10.199999999999491,0.5352666804652761,0.5307979108081051,24.0,False,True,0.016358215950990518,0.04065844599881241,0.027128461726312,0.08937539314342047,1.9593777755740915,1.943019559623101,1.0567374037625623,1.01607895776375,1.0364081807631562,10.705333609305523,10.615958216162102,True,False,False,1.9130434782608696,1.9130434782608696,1.024220200868275,1.01566931525753,False,True,True,0.008383724341583743,0.03923518013324395,1.3453269464371678,0.03576106311653688,0.008383724341583732
12.0,7,82.79999999999946,7,0.7999999999998408,0.7999999999998408,7.999999999999432,7.999999999999432,0.5055924632145832,0.5405161870011019,23.0,False,False,-0.12784051525141038,0.10974091179851975,0.059674238865052104,-0.6984744757303751,1.850753413343988,1.9785939285953984,1.1282694420966042,1.0185285302980844,1.0733989861973443,10.111849264291664,10.810323740022039,False,True,False,1.9130434782608696,1.9130434782608696,0.9674392842479937,1.0342650081294127,False,False,True,-0.06679364872416127,0.10232602329148555,1.7799426851881832,0.0708302362821729,-0.06679364872416116
12.0,7,83.5999999999993,6,1.5,5.199999999999932,0.7999999999992724,0.7999999999992724,0.5400096145417663,0.5664010210632764,23.0,False,True,-0.09240710166701227,-0.12232727502441199,-0.02388201894463468,-0.5278281304302013,1.8907943883723652,1.9832014900393775,1.798083181208577,1.920410456232989,1.859246818720783,10.800192290835327,11.328020421265528,False,False,False,1.9090909090909092,1.9090909090909092,0.9904161081950484,1.0388198281158643,False,True,True,-0.047715400995803514,-0.06581774431476628,-0.10865766885264505,0.6201714695446966,-0.04771540099580332
12.0,7,88.79999999999923,18,1.5,2.0000000000002274,5.199999999999932,5.199999999999932,0.5144514613391009,0.5699289122220303,22.0,False,True,-0.18541972130127715,0.1418632629305152,0.0783406403254802,-1.1095490176585887,1.7194273541123068,1.904847075413584,1.223436477456438,1.0815732145259227,1.1525048459911802,10.289029226782018,11.398578244440607,True,False,False,1.9047619047619047,1.9047619047619047,0.9026993609089612,1.0000447145921316,False,True,True,-0.10241042824796509,0.12324702251779601,1.2985672653405502,0.14193770064440805,-0.10241042824796505
12.0,7,95.69999999999884,15,1.1000000000004064,1.1000000000004064,4.09999999999954,4.09999999999954,0.5922398173281525,0.5605587500174116,23.0,False,False,0.11092836622849234,0.07000176394363566,0.0569062991920336,0.6336213462148166,2.073673677319565,1.9627453110910729,1.115415336618227,1.0454135726745912,1.0804144546464092,11.844796346563049,11.211175000348232,True,False,False,1.9090909090909092,1.9090909090909092,1.0862100214531056,1.0281046867619905,True,False,True,0.05497759551462034,0.06481426431255394,0.9198600550701959,0.07734472182350954,0.05497759551462043
12.0,7,100.19999999999858,13,1.5,3.500000000000256,3.3999999999993378,3.3999999999993378,0.6715708572230312,0.5698963732015416,23.0,False,True,0.3560039278034359,0.21890240354739277,0.0707867890635833,2.033489680429792,2.351444074397152,1.995440146593716,1.2931838166526968,1.074281413105304,1.1837326148790004,13.431417144460625,11.397927464030833,True,False,False,1.9090909090909092,1.9090909090909092,1.2317088008746986,1.0452305529776607,True,False,True,0.16416498830513349,0.18545526746325658,1.13418576772224,0.16867267893005045,0.16416498830513349
12.0,7,105.49999999999817,25,1.5,2.700000000000415,1.7999999999993292,1.7999999999993292,0.5332488371575126,0.5609776208721362,23.0,False,True,-0.09708980587038507,0.1754383045211112,0.0211794707333912,-0.5545756742924723,1.867122143295712,1.964211949166097,1.263910009259816,1.0884717047387047,1.1761908569992603,10.664976743150252,11.219552417442724,True,False,False,1.9090909090909092,1.9090909090909092,0.9780163607739443,1.0288729257536697,False,False,True,-0.05069283655480272,0.14943549135760664,0.23762379732037608,0.16228112967500938,-0.05069283655480268
12.0,7,120.1999999999979,19,1.5,7.999999999999986,6.699999999999733,6.699999999999733,0.5443664666817547,0.5336545871198721,24.0,False,True,0.0392115173878087,0.027546904944284023,0.016419915213905602,0.21423759123765151,1.9926881225950288,1.95347660520722,1.0476720154967702,1.0201251105524862,1.0338985630246282,10.887329333635094,10.673091742397443,True,False,False,1.9130434782608696,1.9130434782608696,1.0416324277201288,1.0211354981765013,True,False,True,0.019873882973745705,0.026645297424910102,0.9622272350607397,0.03333666975039783,0.019873882973745878
12.0,7,129.2999999999974,18,0.6,0.49999999999940314,1.0999999999995111,1.0999999999995111,0.4462076494095575,0.4290148490837815,24.0,True,False,0.06293534062110151,0.053137024013543144,-0.008221470088302,0.3438560065155194,1.6333715201257697,1.5704361795046682,1.1115749822451355,1.0584379582315924,1.085006470238364,8.92415298819115,8.58029698167563,False,False,False,1.9130434782608696,1.9130434782608696,0.8538078400657432,0.8209098211047129,False,False,True,0.039292893728442246,0.048983715594260166,-0.07518162125186612,0.08158595032797297,0.03929289372844216
12.0,7,129.7999999999968,2,1.5,7.500000000000597,0.49999999999940314,0.49999999999940314,0.5282535012140803,0.5439756459640614,23.0,False,True,-0.05504965516524685,0.055184816696182803,0.011186699698554903,-0.3144428949996225,1.8496314303240715,1.9046810854893184,1.6249170608249692,1.5697322441287864,1.5973246524768778,10.565070024281606,10.879512919281229,False,False,False,1.9090909090909092,1.9090909090909092,0.9688545587411803,0.9976900923991667,False,True,True,-0.029328192982147838,0.03455171531197487,0.07968129334164487,0.4683301375373315,-0.029328192982147776
12.0,7,137.99999999999736,18,1.5,8.0,0.20000000000055707,0.20000000000055707,0.3716144114505511,0.3923786862006952,24.0,False,True,-0.07600895022268461,0.0365236829602793,-0.011615471594188381,-0.41528549500288303,1.3603182216504346,1.4363271718731192,1.1625635350827368,1.1260398521224575,1.1443016936025971,7.4322882290110215,7.8475737240139045,False,False,False,1.9130434782608696,1.9130434782608696,0.7110754340445453,0.7508073852973123,False,False,True,-0.05437062135663068,0.031920589080607686,-0.059280979696697766,0.13479457637416667,-0.05437062135663068
12.0,7,150.09999999999576,22,0.6,0.10000000000044906,4.099999999998403,4.099999999998403,0.5368842114948471,0.5148235789293967,24.0,True,False,0.0807543505720858,0.028206512979909615,0.021949319824798204,0.44121265130900866,1.9652988509301883,1.8845445003581025,1.0591066194266834,1.0309001064467738,1.0450033629367286,10.737684229896942,10.296471578587933,False,True,False,1.9130434782608696,1.9130434782608696,1.0273153084407802,0.9851028070053718,False,True,True,0.0419581734176353,0.02699343052039923,0.6112111493236232,0.04402010353286755,0.041958173417635206
12.0,7,150.1999999999962,13,1.5,3.1999999999997044,0.10000000000044906,0.10000000000044906,0.5368842114948471,0.5148235789293967,24.0,False,True,0.0807543505720858,0.02903139656418663,0.021488310942066904,0.44121265130900866,1.9652988509301883,1.8845445003581025,1.0583917038903403,1.0293603073261537,1.043876005608247,10.737684229896942,10.296471578587933,False,True,False,1.9130434782608696,1.9130434782608696,1.0273153084407802,0.9851028070053718,False,True,True,0.0419581734176353,0.027812946982897397,0.6075544066049705,0.04294071383242529,0.041958173417635206
12.0,7,153.3999999999959,2,0.6,0.20000000000010232,3.1999999999997044,3.1999999999997044,0.6241689967357051,0.5749854588141554,22.0,True,False,0.06504428560301267,0.15047360385814068,0.06622566208925931,0.9836707584309945,1.9867916231039315,1.9217473375009189,1.2425565269247278,1.0920829230665872,1.1673197249956575,12.483379934714103,11.499709176283108,False,True,False,1.9,1.9047619047619047,1.0456798016336482,1.0089173521879824,False,True,True,0.03328624417605952,0.12908416114680737,0.9442069775418154,0.154710287499665,0.03578937439417808
24.0,0,32.100000000000186,20,1.200000000000017,1.200000000000017,6.700000000000209,6.700000000000209,0.4984534896682948,0.5043081736615509,24.0,False,False,-0.0214314436486569,0.03218448037478239,0.014086638796611699,-0.11709367986512298,1.8246207459886248,1.8460521896372817,1.0985935371050883,1.066409056730306,1.0825012969176973,9.969069793365895,10.086163473231018,True,False,False,1.9130434782608696,1.9130434782608696,0.9537790263122357,0.9649818264013063,False,False,True,-0.011677252402175431,0.029733776408647508,0.2509059151099522,0.07927437897018486,-0.011677252402175375
24.0,0,33.3000000000002,4,1.5,3.2000000000000455,1.200000000000017,1.200000000000017,0.5121552744920779,0.5471501138182511,23.0,False,True,-0.12253123655227682,-0.011310403111101763,0.003015205196947479,-0.699896786523464,1.7932649584520153,1.915796195004292,1.6347421489745482,1.64605255208565,1.640397350530099,10.243105489841557,10.943002276365021,True,False,False,1.9090909090909092,1.9090909090909092,0.9393292639510555,1.0035122926212958,False,True,True,-0.06609534632998093,-0.0068949440302966125,0.02092097776541957,0.49493849939797113,-0.06609534632998101
24.0,0,36.50000000000025,14,1.1999999999999034,1.1999999999999034,3.2000000000000455,3.2000000000000455,0.5419438682176101,0.5559439128970429,22.0,False,False,-0.046791702599021656,0.050435762464144496,0.015502200782363196,-0.28000089358865665,1.8113139556086824,1.858105658207704,1.1961408742682802,1.1457051118041357,1.170922993036208,10.838877364352202,11.118878257940858,True,False,False,1.9047619047619047,1.9047619047619047,0.9509398266945583,0.9755054705590447,False,False,True,-0.02550498117543709,0.043080170804173645,0.2466331255616674,0.15779232074200392,-0.02550498117543708
24.0,0,37.70000000000015,18,1.5,2.400000000000034,1.1999999999999034,1.1999999999999034,0.5772862595719221,0.5386131164799757,21.0,False,True,0.12310043775966961,-0.051748940028773394,-0.01173829823089631,0.7734628618389294,1.837559235798048,1.7144587980383783,1.6477063916357078,1.6994553316644812,1.6735808616500945,11.545725191438443,10.772262329599513,True,False,False,1.9,1.9,0.9671364398937095,0.9023467358096728,False,False,True,0.06934072759585497,-0.030923551387180614,-0.07497590294992196,0.5149655593845625,0.06934072759585491
24.0,0,51.000000000000455,7,1.5,1.6000000000000512,5.300000000000303,5.300000000000303,0.5469150437147681,0.5461850363680973,24.0,False,True,0.002672238387469328,0.04442507131159479,0.0178601926073527,0.014600146933414493,2.0020173511460837,1.9993451127586144,1.0918566314980571,1.0474315601864623,1.0696440958422597,10.938300874295361,10.923700727361947,True,False,False,1.9130434782608696,1.9130434782608696,1.046509069917271,1.045112218032912,True,False,True,0.001335664443722684,0.04153854452436606,0.4049054690548948,0.06732597243510885,0.001335664443722684
24.0,0,52.600000000000506,22,0.6,0.19999999999997442,1.6000000000000512,1.6000000000000512,0.7631681706976812,0.5233044902500152,23.0,True,False,0.7183988022752033,0.039983083465354285,0.015394856639965898,4.797273608953319,2.5507017223156416,1.8323029200404384,1.663664094252239,1.6236810107868846,1.6436725525195617,15.263363413953623,10.466089805000305,False,True,False,1.9047619047619047,1.9090909090909092,1.3391184042157118,0.959777720021182,False,False,True,0.33079490458535654,0.024326655069378755,0.10172148242648271,0.4969330994960189,0.3330650531198957
24.0,0,52.80000000000048,23,1.5,3.7000000000000526,0.19999999999997442,0.19999999999997442,0.7631681706976812,0.5233044902500152,23.0,False,True,0.7183988022752033,0.05473861399221569,0.021178726445383017,4.797273608953319,2.5507017223156416,1.8323029200404384,1.583452026136715,1.5287134121444994,1.5560827191406073,15.263363413953623,10.466089805000305,False,True,False,1.9047619047619047,1.9090909090909092,1.3391184042157118,0.959777720021182,False,False,True,0.33079490458535654,0.03518081589606875,0.15439772238154026,0.4421715857446012,0.3330650531198957
24.0,0,56.50000000000053,2,1.5,2.499999999999922,3.7000000000000526,3.7000000000000526,0.7060202996721738,0.6569144731005538,21.0,False,True,0.15630870066973301,0.15497424155250794,0.057315654868047905,0.9821165314323999,2.2473324123209544,2.0910237116512214,1.3112689300834082,1.1562946885309002,1.2337818093071542,14.120405993443477,13.138289462011077,True,False,False,1.9,1.9,1.1828065328005024,1.100538795605906,True,False,True,0.07209015807502694,0.12577465865620183,0.555348682413634,0.21008409405296877,0.07209015807502699
24.0,0,69.90000000000029,25,1.5,1.9999999999999005,5.39999999999975,5.39999999999975,0.495064719676817,0.5275259791405587,24.0,False,True,-0.11882650776079084,0.030273747765070524,0.0402295357441299,-0.6492251892748335,1.812215937600285,1.931042445361076,1.0771384276455649,1.0468646798804944,1.0620015537630296,9.90129439353634,10.550519582811173,True,False,False,1.9130434782608696,1.9130434782608696,0.9472946946546944,1.0094085509841988,False,True,True,-0.0635096128491418,0.028508242732604168,1.0650330313610876,0.060155385872377044,-0.0635096128491418
24.0,0,71.90000000000019,15,1.5,2.899999999999764,1.9999999999999005,1.9999999999999005,0.547064647829218,0.5245065346846829,23.0,False,True,0.07898517470313848,-0.0732276373074543,-0.004265594093822295,0.45116226289070305,1.9154969436426328,1.8365117689394943,1.3140799907317764,1.3873076280392307,1.3506938093855037,10.94129295658436,10.490130693693658,True,False,False,1.9090909090909092,1.9090909090909092,1.0033555419080458,0.9619823551587827,False,True,True,0.042109094955207094,-0.05422811661119986,-0.04512883052597516,0.3006183933102177,0.042109094955207156
24.0,0,74.79999999999995,2,1.5,3.1000000000003354,2.899999999999764,2.899999999999764,0.5781698587467252,0.5683517113857439,22.0,False,True,0.03281474037460086,0.13575070427840985,0.0550968716528938,0.196362947219626,1.9323904102919685,1.8995756699173676,1.245194688836075,1.1094439845576651,1.1773193366968702,11.563397174934504,11.367034227714878,True,False,False,1.9047619047619047,1.9047619047619047,1.0145049654032834,0.997277226706618,False,True,True,0.017127261488522283,0.11543291925469741,0.7951786557489138,0.16324010558011906,0.017127261488522276
24.0,0,78.49999999999982,5,0.6,0.10000000000002274,0.5999999999995254,0.5999999999995254,0.6165374548883955,0.6240081935324007,22.0,True,False,-0.02496910465856228,0.08350053348018704,-0.013530769925366892,-0.14941477288010319,2.060624654482476,2.0855937591410383,1.2298810261425643,1.1463804926623773,1.1881307594024708,12.33074909776791,12.480163870648013,False,True,False,1.9047619047619047,1.9047619047619047,1.0818279436033,1.0949367235490453,True,False,True,-0.012044424108296536,0.07030785677587717,-0.07648098021639638,0.17238128172063996,-0.01204442410829662
24.0,0,78.59999999999984,21,1.3000000000003524,1.3000000000003524,0.10000000000002274,0.10000000000002274,0.6165374548883955,0.6240081935324007,22.0,False,False,-0.02496910465856228,0.08005375354283784,-0.011513091315614205,-0.14941477288010319,2.060624654482476,2.0855937591410383,1.2189633713997687,1.138909617856931,1.1789364946283498,12.33074909776791,12.480163870648013,False,True,False,1.9047619047619047,1.9047619047619047,1.0818279436033,1.0949367235490453,True,False,True,-0.012044424108296536,0.0679294728476312,-0.06926019328349486,0.16461275634570832,-0.01204442410829662
24.0,0,83.39999999999942,24,1.5,1.9000000000000057,0.5999999999994685,0.5999999999994685,0.5824858232725854,0.5756406775622329,22.0,False,True,0.02287821429572401,0.02789120806945533,0.020128547357703613,0.1369029142070488,1.9468154591504665,1.9239372448547425,1.206503615564228,1.1786124074947726,1.1925580115295003,11.649716465451707,11.512813551244658,False,False,False,1.9047619047619047,1.9047619047619047,1.022078116053995,1.01006705354874,False,True,True,0.011821205053957895,0.023388782133940356,0.1099840444596516,0.1761005895820389,0.011821205053957742
24.0,0,85.29999999999943,12,1.2000000000003865,1.2000000000003865,1.9000000000000057,1.9000000000000057,0.5333152121963067,0.5627784789684256,21.0,False,False,-0.09378449092835828,-0.06836575700807179,0.0367806937637325,-0.5892653354423771,1.6975950449429058,1.791379535871264,1.265645704601913,1.3340114616099847,1.2998285831059488,10.666304243926135,11.255569579368512,True,False,False,1.9,1.9,0.89347107628574,0.9428313346690864,False,False,True,-0.053773443441055835,-0.052608108997462794,0.31832099306984674,0.262232396624039,-0.05377344344105578
24.0,0,89.89999999999961,25,0.6,0.5999999999999943,3.29999999999977,3.29999999999977,0.5692915655722555,0.5452567549842371,22.0,True,False,0.08033043713857158,0.08494951429054831,0.038131256613833105,0.4806962117603675,1.9027169011483147,1.8223864640097431,1.206453248087048,1.1215037337964997,1.1639784909417739,11.38583131144511,10.905135099684742,True,False,False,1.9047619047619047,1.9047619047619047,0.9989263731028653,0.9567528936051152,False,True,True,0.0431359266226744,0.07301445104010047,0.499814048891551,0.15184387056615592,0.04313592662267442
24.0,0,90.4999999999996,15,0.6,0.19999999999990337,0.5999999999999943,0.5999999999999943,0.7946589753432072,0.7958021788002387,21.0,True,False,-0.00345698314177989,0.04680819526684443,0.021957245418946503,-0.022864069140631216,2.403004175966028,2.406461159107808,1.8478111442734944,1.80100294900665,1.8244070466400721,15.893179506864143,15.916043576004775,False,True,False,1.894736842105263,1.894736842105263,1.2682522039820705,1.2700767228624543,True,False,True,-0.0014375750717758873,0.02565806972023832,0.11219291441201529,0.6012550282904354,-0.0014375750717759428
24.0,0,90.6999999999995,2,0.6999999999999176,0.6999999999999176,0.19999999999990337,0.19999999999990337,0.7946589753432072,0.7958021788002387,21.0,False,False,-0.00345698314177989,0.02584700413776786,0.017444767536618416,-0.022864069140631216,2.403004175966028,2.406461159107808,1.791643383835905,1.765796379698137,1.778719881767021,15.893179506864143,15.916043576004775,False,True,False,1.894736842105263,1.894736842105263,1.2682522039820705,1.2700767228624543,True,False,True,-0.0014375750717758873,0.014531494942849221,0.0941277292576288,0.5758939380323443,-0.0014375750717759428
24.0,0,95.29999999999876,7,1.5,2.6000000000008328,1.9999999999993179,1.9999999999993179,0.5808489711538725,0.6355969353261832,21.0,False,True,-0.17426818244482534,0.01868561152970072,-0.0002690240070770955,-1.0949592834462152,1.8488996989796107,2.023167881424436,1.1807926319765942,1.1621070204468935,1.1714498262117439,11.61697942307745,12.711938706523664,True,False,False,1.9,1.9,0.9731051047261109,1.0648252007497032,False,False,True,-0.09007383626777832,0.015951180586154468,-0.0027895727018663052,0.15824214937738623,-0.09007383626777839
24.0,0,101.89999999999849,8,1.4000000000002757,1.4000000000002757,3.1999999999989797,3.1999999999989797,0.6808711014425937,0.6009554379830844,23.0,False,False,0.2798174031410836,0.15088656571284775,0.08023836628346731,1.5983132691901858,2.384008030866266,2.1041906277251825,1.2792336256088794,1.1283470598960317,1.2037903427524554,13.617422028851873,12.019108759661687,True,False,False,1.9090909090909092,1.9090909090909092,1.2487661114061392,1.1021950907131908,True,False,True,0.12485222454710443,0.12550738566235053,0.6968307029174212,0.1854751977970248,0.12485222454710435
24.0,0,103.3999999999984,9,1.4000000000004036,1.4000000000004036,0.09999999999963904,0.09999999999963904,0.7884920004003142,0.7532222326426918,23.0,False,False,0.12349387336723261,-0.0448896902586291,-0.021217444334923008,0.7053953551524472,2.760832787946788,2.6373389145795554,1.602173996974202,1.647063687232831,1.6246188421035166,15.769840008006284,15.064444652853837,False,False,False,1.9090909090909092,1.9090909090909092,1.446150507972127,1.3814632409702432,True,False,True,0.045761947083507226,-0.027632663985697303,-0.10033596445730875,0.48527322956297697,0.045761947083507226
24.0,0,104.7999999999988,21,1.5,2.199999999999278,1.4000000000004036,1.4000000000004036,0.6273712826073572,0.5439173607178835,22.0,False,True,0.3787734287522715,0.3941995131340945,0.09139840702479532,1.669078437789473,2.196683297178993,1.8179098684267216,2.2433405103834745,1.84914099724938,2.046240753816427,12.547425652147144,10.878347214357671,True,True,False,1.9090909090909092,1.9047619047619047,1.150643631855663,0.9544026809240289,False,False,True,0.1892612134090781,0.19324484881634107,0.3836865839267487,0.7160043310938183,0.18699106487453876
24.0,0,106.99999999999808,3,1.5,2.9000000000004036,2.199999999999278,2.199999999999278,0.5264513447443786,0.5940952411616287,21.0,False,True,-0.21531720969602963,0.11566740053379876,0.05943071552712159,-1.352877928345002,1.675746676268867,1.8910638859648967,1.4356284725898256,1.3199610720560269,1.3777947723229262,10.529026894887572,11.881904823232574,True,False,False,1.9,1.9,0.8819719348783511,0.9952967820867878,False,True,True,-0.1208807305032541,0.0840004680312399,0.4484378365175823,0.3204842299492104,-0.12088073050325415
24.0,0,112.59999999999776,23,0.6,0.20000000000104023,1.1999999999993634,1.1999999999993634,0.436192315994421,0.637285460728596,22.0,True,False,-0.7041092961394337,0.05890868013749584,-0.02767627411182591,-4.021862894683501,1.5272875910427102,2.231396887182144,1.219912181742981,1.1610035016054852,1.190457841674233,8.72384631988842,12.74570921457192,False,True,False,1.9090909090909092,1.9090909090909092,0.8000077857842767,1.1688269409049326,False,False,True,-0.37913445037548077,0.04949415523983686,-0.1538743005098595,0.17433797403235213,-0.3791344503754809
24.0,0,115.19999999999764,22,1.5,4.999999999999801,0.1999999999995623,0.1999999999995623,0.5984593733640269,0.5545984529917902,23.0,False,True,0.15357501028763254,-0.047760773214962304,-0.03703073654941241,0.8772184074447331,2.095450885232387,1.9418758749447544,1.2910451311539168,1.3388059043688791,1.3149255177613979,11.969187467280538,11.091969059835805,False,False,False,1.9090909090909092,1.9090909090909092,1.0976171303598217,1.0171730773520142,False,True,True,0.07611429816694482,-0.03632603099550874,-0.19783115118126515,0.273780023539966,0.0761142981669447
24.0,0,120.19999999999744,13,0.6,0.4000000000003183,4.999999999999801,4.999999999999801,0.5519770713962,0.5556339741692216,22.0,True,False,-0.012804311360122389,0.12827160799080484,0.0664052196345479,-0.07313805546043106,1.932697346494052,1.9455016578541744,1.2289529605855298,1.100681352594725,1.1648171565901273,11.039541427924,11.112679483384431,False,True,False,1.9090909090909092,1.9090909090909092,1.0123652767349796,1.0190722969712342,False,True,True,-0.00660324953472613,0.11023315580951216,0.8269084796857902,0.15256412756723586,-0.0066032495347262635
24.0,0,120.69999999999776,23,1.299999999999926,1.299999999999926,0.09999999999999432,0.09999999999999432,0.5505035925861428,0.5542869379218254,22.0,False,False,-0.013247038455146187,-0.012804311360122389,-0.030926847036451988,-0.07566690671365173,1.9275380948984928,1.940785133353639,1.932697346494052,1.9455016578541744,1.939099502174113,11.010071851722856,11.085738758436507,False,True,False,1.9090909090909092,1.9090909090909092,1.0096628116134962,1.0166017365185727,False,True,True,-0.006849008967011461,-0.00660324953472613,-0.11078804970855849,0.6622236911760186,-0.006849008967011341
24.0,0,121.99999999999768,7,1.1999999999999602,1.1999999999999602,1.299999999999926,1.299999999999926,0.5116914881845149,0.5407111066175663,21.0,False,False,-0.09237231440521598,0.015895260467083006,0.03211234717289989,-0.5803923686610268,1.6287645936522743,1.7211369080574903,1.4647507917695377,1.4488555313024547,1.4568031615359962,10.233829763690299,10.814222132351325,True,False,False,1.9,1.9,0.8572445229748813,0.9058615305565739,False,False,True,-0.05516325607347744,0.01091116396869668,0.24126208209926436,0.3762444196211058,-0.05516325607347741
24.0,0,124.39999999999766,12,1.5,3.79999999999977,1.200000000000017,1.200000000000017,0.650448677839405,0.6316779819322083,21.0,False,True,0.05974898077810309,-0.019415763290804078,-0.0006987058671225899,0.3754139181439342,2.070442446114581,2.010693465336478,1.167525469121656,1.18694123241246,1.1772333507670578,13.0089735567881,12.633559638644165,True,False,False,1.9,1.9,1.0897065505866217,1.0582597185981464,True,False,True,0.029282656322405676,-0.016493079644629288,-0.005058494476932518,0.16316706756291233,0.02928265632240578
24.0,0,137.19999999999683,3,0.6,0.4000000000005173,4.799999999999187,4.799999999999187,0.5206583126886759,0.5050454464690075,24.0,True,False,0.05715189119793229,0.04270694639295103,0.020922160448716705,0.31225732439336795,1.9059029149046347,1.8487510237067024,1.123484513047103,1.080777566654152,1.1021310398506274,10.413166253773518,10.10090892938015,False,False,False,1.9130434782608696,1.9130434782608696,0.996267432791059,0.966392580573958,False,True,True,0.030445578596565936,0.038754276781566926,0.4874499654756894,0.0972456145966115,0.030445578596565957
24.0,0,137.59999999999735,25,1.5,3.6999999999993634,0.4000000000005173,0.4000000000005173,0.7704110887115503,0.5041013047024867,23.0,False,True,0.8522291929506294,0.05357422096090758,0.01512603587953748,5.3261956801812715,2.697524125587542,1.8452949326369128,1.901248767653167,1.8476745466922595,1.8744616571727133,15.408221774231006,10.082026094049734,False,True,False,1.9090909090909092,1.9130434782608696,1.4129888276887126,0.9645859875147499,False,False,True,0.37969524198935545,0.02858306980114156,0.07960835077203332,0.6283215020220811,0.38176349505341445
24.0,0,141.29999999999671,8,0.9999999999993747,0.9999999999993747,3.6999999999993634,3.6999999999993634,0.5449176367744633,0.5684066256351095,22.0,False,False,-0.07850616239344821,0.3177400897057294,0.11655779650151632,-0.4697797772129242,1.8212530448828057,1.899759207276254,1.421253942998495,1.1035138532927655,1.2623838981456301,10.898352735489265,11.36813251270219,True,False,False,1.9047619047619047,1.9047619047619047,0.9561578485634731,0.9973735838200334,False,True,True,-0.0422023947384379,0.25304003980212736,1.4842916248854856,0.23300191607377885,-0.042202394738437884
24.0,0,142.2999999999961,20,0.600000000000108,0.600000000000108,0.9999999999993747,0.9999999999993747,0.521415105449341,0.5695556997521765,21.0,False,False,-0.07025047949851149,-0.05114066616507773,0.03027977724504502,-0.9628118860567092,1.7427016201359338,1.8129520996344453,1.7611200132876998,1.8122606794527776,1.7866903463702388,10.42830210898682,11.39111399504353,False,True,False,1.9047619047619047,1.9,0.9149183505713653,0.9541853155970765,False,False,True,-0.03951994657016633,-0.0286250822682087,0.15372486788218698,0.5803649398922054,-0.042023076788284874
24.0,0,142.8999999999962,19,1.5,2.3000000000006366,0.600000000000108,0.600000000000108,0.7870611840621287,0.8550087560746107,20.0,False,True,-0.20546964718070182,-0.1401268830950504,0.011161954136691826,-1.3589514402496405,2.380028881225709,2.585498528406411,1.6639870197814175,1.804113902876468,1.7340504613289427,15.741223681242573,17.100175121492214,False,False,False,1.894736842105263,1.894736842105263,1.2561263539802354,1.3645686677700504,True,False,True,-0.08280572110367523,-0.08085301695756009,0.04931002810314755,0.5504599790473447,-0.08280572110367526
24.0,0,150.3999999999962,9,0.6,0.5,0.100000000000108,0.100000000000108,0.5594192457032792,0.6042854715153556,23.0,True,False,-0.2532700153794072,0.1684353399265337,0.028596707598323806,-0.8973245162415289,1.958755440717161,2.212025456096568,1.3393886858175468,1.170953345891013,1.25517101585428,11.188384914065583,12.085709430307112,False,True,True,1.9090909090909092,1.9130434782608696,1.02601475466137,1.1562860338686607,True,False,True,-0.12159929944316106,0.13439506268864024,0.13199508381008251,0.22727183091313144,-0.11953104637910215
24.0,1,24.100000000000072,18,0.6,0.40000000000000924,3.5000000000000995,3.5000000000000995,0.547599646278996,0.5466024711830504,23.0,True,False,0.003491517604253591,0.11783548410685296,0.051800156802713104,0.019943501918913142,1.917370191894864,1.9138786742906104,1.1849609346630532,1.0671254505562002,1.1260431926096266,10.95199292557992,10.932049423661008,False,False,False,1.9090909090909092,1.9090909090909092,1.004336767183024,1.0025078770093674,False,True,True,0.0018226529744160835,0.10474126895135602,0.8225872698487611,0.118709888315392,0.001822652974415934
24.0,1,24.50000000000008,13,0.6,0.40000000000000213,0.40000000000000924,0.40000000000000924,0.5445234516147557,0.5440893334214065,22.0,True,False,0.0015200252398681613,0.0015200252398681613,0.014722841131653702,0.008682363866983067,1.906599176986875,1.905079151747007,1.906599176986875,1.905079151747007,1.905839164366941,10.890469032295114,10.88178666842813,False,True,False,1.9090909090909092,1.9090909090909092,0.998694806993125,0.9978986032960512,False,True,True,0.0007975622229108303,0.0007975622229108303,0.07096276895264286,0.644922417813644,0.000797562222910733
24.0,1,24.900000000000084,7,1.0999999999998984,1.0999999999998984,0.40000000000000213,0.40000000000000213,0.5582338229494468,0.5263866542498086,21.0,False,False,0.017595648439116873,-0.015389247210838786,0.00684824543898041,0.6369433739927644,1.7769134464698078,1.7593177980306909,1.7477577379158993,1.763146985126738,1.7554523615213187,11.164676458988936,10.527733084996171,False,True,False,1.9,1.9047619047619047,0.935217603405162,0.9236418439661128,False,False,True,0.009951721163164451,-0.00876659834667537,0.027415516333794798,0.5627265795570997,0.012454851381282911
24.0,1,28.10000000000013,19,1.5,3.999999999999943,2.100000000000147,2.100000000000147,0.6340627109457593,0.5978664639925313,21.0,False,True,0.11521623247962354,0.1016928640081316,0.040257605044117406,0.7239249390645597,2.018284293545304,1.9030680610656805,1.232241289456703,1.1305484254485714,1.1813948574526372,12.681254218915186,11.957329279850626,True,False,False,1.9,1.9,1.0622548913396337,1.0016147689819372,False,True,True,0.05878043805511424,0.08613185052258582,0.3311700342849073,0.1666958229550274,0.05878043805511418
24.0,1,34.30000000000022,24,0.6,0.4000000000000057,1.4000000000001336,1.4000000000001336,0.5454777474364381,0.58992547991076,23.0,True,False,-0.15562967931531868,0.14417193405056916,0.005478528695282009,-0.8889546494864398,1.9099405567251144,2.065570236040433,1.275662113051195,1.1314901790006258,1.2035761460259105,10.909554948728761,11.798509598215201,False,False,False,1.9090909090909092,1.9090909090909092,1.000445053522679,1.081965361735465,False,True,True,-0.07833421221263348,0.11992984174689664,0.04040472178330967,0.18529724672218123,-0.0783342122126335
24.0,1,34.70000000000022,6,0.6,0.4000000000000057,0.4000000000000057,0.4000000000000057,0.545459244114979,0.5869092187118845,22.0,True,False,-0.14513330365888177,-0.14922929345456204,-0.03266125548995011,-0.8289994919381094,1.9098757690334904,2.055009072692372,1.909490759242098,2.05872005269666,1.984105405969379,10.90918488229958,11.73818437423769,False,True,False,1.9090909090909092,1.9090909090909092,1.0004111171127807,1.0764333237912425,False,True,True,-0.0732420653215653,-0.07524786773961689,-0.13249908593871962,0.685168135460198,-0.07324206532156513
24.0,1,35.10000000000023,20,0.9999999999999005,0.9999999999999005,0.4000000000000057,0.4000000000000057,0.53308231854104,0.5653707004232187,21.0,False,False,-0.10791596720073815,-0.11491551414127632,-0.05107167140534169,-0.6457676376435728,1.7816964074845918,1.88961237468533,1.7938636290624608,1.908779143203737,1.8513213861330988,10.661646370820801,11.307414008464374,False,True,False,1.9047619047619047,1.9047619047619047,0.9353906139294107,0.9920464967097983,False,True,True,-0.05880576691368,-0.06209209991631981,-0.2008854803972573,0.6158996469006263,-0.05880576691368006
24.0,1,36.80000000000025,5,1.5,1.900000000000027,0.7000000000001236,0.7000000000001236,0.647347400558834,0.6590522198582685,21.0,False,True,-0.03725759699004838,0.015783104638245504,0.004416581356903482,-0.2340963859886891,2.060570773932552,2.0978283709226004,1.4740815381521637,1.4582984335139182,1.466189985833041,12.94694801117668,13.181044397165369,False,False,False,1.9,1.9,1.0845109336487118,1.1041201952224213,True,False,True,-0.017919681437279844,0.010764810293438398,0.019500332118286057,0.3826671897697297,-0.017919681437279775
24.0,1,38.70000000000028,4,1.4999999999999076,1.4999999999999076,1.900000000000027,1.900000000000027,0.8239304753440457,0.8643558756093723,20.0,False,False,-0.1222441432952075,-0.2016585808092226,-0.0075537389139408995,-0.8085080053065319,2.491519550386138,2.6137636936813453,1.5308319456207644,1.732490526429987,1.6316612360253757,16.478609506880915,17.287117512187447,True,False,False,1.894736842105263,1.894736842105263,1.314968651592684,1.3794863938873767,True,False,True,-0.04789842529852817,-0.12374864098620642,-0.038361654718673144,0.48959865903019956,-0.04789842529852811
24.0,1,40.20000000000019,7,0.6,0.20000000000011653,1.4999999999999076,1.4999999999999076,1.0884195078572008,1.0117697194101956,19.0,True,False,0.21958546892920117,0.1134443010966828,0.0402666502465063,1.5329957689401041,3.118092206996188,2.898506738066987,2.074533591456811,1.961089290360128,2.0178114409084693,21.768390157144015,20.23539438820391,False,True,False,1.8888888888888888,1.8888888888888888,1.6507546978215113,1.5345035672119343,True,False,True,0.07302565621072477,0.056236273962755656,0.15038864767781113,0.7020134789673795,0.07302565621072477
24.0,1,40.400000000000304,14,0.6,0.30000000000000426,0.20000000000011653,0.20000000000011653,1.0884195078572008,1.0117697194101956,19.0,True,False,0.21958546892920117,0.13736714554250162,0.05088243912602497,1.5329957689401041,3.118092206996188,2.898506738066987,2.0308618433061145,1.893494697763613,1.9621782705348636,21.768390157144015,20.23539438820391,False,True,False,1.8888888888888888,1.8888888888888888,1.6507546978215113,1.5345035672119343,True,False,True,0.07302565621072477,0.07003608818386087,0.2007448950584283,0.6740552186540673,0.07302565621072477
24.0,1,40.70000000000031,17,1.5,1.599999999999909,0.30000000000000426,0.30000000000000426,1.0516165287654309,0.942107860975578,17.0,False,True,0.2962903784327757,0.27231684169994175,0.06692472216675271,2.1901733557970573,2.845289469432697,2.548999090999921,2.8710301187165865,2.598713277016645,2.7348716978666157,21.032330575308617,18.84215721951156,False,True,False,1.8823529411764706,1.8823529411764706,1.5115600306361203,1.354155767093708,True,False,True,0.10996404034402407,0.09965446268283529,0.14191446001563768,1.0060845235730735,0.10996404034402424
24.0,1,42.90000000000034,21,0.6,0.19999999999988916,0.20000000000011653,0.20000000000011653,0.5945128453606969,0.6837798152801282,18.0,True,False,-0.25573103131523434,0.1384342162207508,-0.05501715762991982,-1.7853393983886257,1.7031538452740849,1.9588848765893192,1.5695270669240906,1.4310928507033398,1.5003099588137152,11.890256907213939,13.675596305602564,False,True,False,1.8888888888888888,1.8888888888888888,0.9016696827921626,1.0370566993708161,False,False,True,-0.1398936354179635,0.09233595906554659,-0.18023386535809793,0.40567172597036716,-0.13989363541796357
24.0,1,53.30000000000037,18,1.5,2.5000000000001563,2.400000000000027,2.400000000000027,0.5259586453901246,0.4730551288348215,24.0,False,True,0.19365669183456968,0.06865655741553978,0.0307570395599472,1.0580703311060624,1.92530512034238,1.7316484285078104,1.1938681321406184,1.1252115747250786,1.1595398534328485,10.519172907802492,9.46110257669643,True,False,False,1.9130434782608696,1.9130434782608696,1.006409494724426,0.9051798603563554,False,True,True,0.10601065556743428,0.05922748238154597,0.33864904534484364,0.14802324834558261,0.1060106555674343
24.0,1,55.80000000000052,15,1.099999999999902,1.099999999999902,2.5000000000001563,2.5000000000001563,0.5561444102555972,0.5812601264762542,23.0,False,False,-0.08794038848783892,-0.009614860063081432,0.008818679890513312,-0.5023143244131401,1.947288903232316,2.035229291720155,1.2263790195400324,1.2359938796031138,1.231186449571573,11.122888205111945,11.625202529525085,True,False,False,1.9090909090909092,1.9090909090909092,1.0200084731216892,1.0660724861391286,True,False,True,-0.04417038744249324,-0.007809466171521423,0.10270266640923653,0.2079782976109253,-0.0441703874424932
24.0,1,56.900000000000425,13,1.5,4.000000000000178,1.099999999999902,1.099999999999902,0.6066513786664709,0.6031394335450577,22.0,False,True,0.011737811944747545,-0.02945681582532722,0.0014252567604478017,0.07023890242826347,2.0275828786139223,2.0158450666691747,1.8639870633292104,1.8934438791545376,1.878715471241874,12.133027573329418,12.062788670901154,True,False,False,1.9047619047619047,1.9047619047619047,1.0644810112723093,1.0583186600013168,True,False,True,0.005805888011564009,-0.015679553272612612,0.0069488163561866045,0.6305882833356529,0.005805888011564071
24.0,1,60.9000000000006,23,0.6,0.3999999999997641,4.000000000000178,4.000000000000178,0.5462513011422541,0.5835809941572894,21.0,True,False,-0.12476530851636336,0.25781920247786694,0.11033475084317271,-0.7465938603007061,1.8257104896905536,1.950475798206917,1.3946912686227055,1.1368720661448386,1.265781667383772,10.925026022845081,11.671619883145787,False,True,False,1.9047619047619047,1.9047619047619047,0.9584980070875407,1.0239997940586314,False,False,True,-0.06610412120050468,0.2043923883091073,0.9588469588364341,0.23568985022667333,-0.06610412120050463
24.0,1,62.50000000000039,18,1.3000000000001322,1.3000000000001322,1.2000000000000242,1.2000000000000242,0.4891424172084808,0.4707253758310594,21.0,False,False,-0.01629500695541175,-0.07148225645319761,0.028359791457329087,0.3683408275484279,1.556988671492958,1.5732836784483697,1.5257776250106303,1.597259881463828,1.561518753237229,9.782848344169615,9.414507516621187,True,True,False,1.9,1.9047619047619047,0.819467721838399,0.8259739311853941,False,False,True,-0.010411333153203972,-0.04578538889409317,0.14499835784935589,0.44565890742695136,-0.007908202935085318
24.0,1,70.10000000000029,11,0.6,0.40000000000010516,1.1999999999996902,1.1999999999996902,0.5282809540822608,0.5500913677642902,23.0,True,False,-0.07983840841260359,0.09242997904733108,0.006620330040238195,-0.4362082736405881,1.9338060792203715,2.013644487632975,1.201429716229924,1.1089997371825928,1.1552147267062582,10.565619081645217,11.001827355285805,False,True,False,1.9130434782608696,1.9130434782608696,1.010853177774285,1.0525868912626914,False,True,True,-0.04045613544716897,0.08005380641358913,0.05773977741525238,0.1442862372627177,-0.040456135447168966
24.0,1,72.10000000000007,3,1.499999999999872,1.499999999999872,1.5999999999996675,1.5999999999996675,0.5598437813276167,0.5467297809249398,23.0,False,False,0.045917475731493074,0.024323954452297958,-0.0038255865653041843,0.262280008053537,1.9602419134660636,1.9143244377345705,1.440375690726678,1.41605173627438,1.428213713500529,11.196875626552334,10.934595618498797,True,False,False,1.9090909090909092,1.9090909090909092,1.0267933832441285,1.0027413721466798,False,True,True,0.02370310449967683,0.01703144437734261,-0.02601749994570879,0.3564245120336507,0.023703104499676775
24.0,1,73.59999999999994,13,1.5,2.999999999999872,1.499999999999872,1.499999999999872,0.6395572107570611,0.6155355362053481,22.0,False,True,0.08028653317124812,0.04876791593295304,0.031166638983171208,0.48043349103426003,2.1375625211230784,2.0572759879518303,1.6170127324711767,1.5682448165382237,1.5926287745047003,12.791144215141221,12.310710724106961,True,False,False,1.9047619047619047,1.9047619047619047,1.1222203235896162,1.080069893674711,True,False,True,0.03828339925113833,0.030623411958759172,0.19715433512007396,0.465385968306208,0.03828339925113827
24.0,1,76.59999999999981,14,0.6,0.5999999999999659,2.999999999999872,2.999999999999872,0.7188806041711691,0.6559472498758714,21.0,True,False,0.20032308842900326,0.1849271279321314,0.0810848522619176,1.2586670859059534,2.288268032934595,2.0879449445055918,1.3531431009916628,1.1682159730595314,1.260679537025597,14.377612083423381,13.118944997517428,False,False,False,1.9,1.9,1.2043515962813658,1.0989183918450482,True,False,True,0.09161491181915915,0.1469523335415744,0.8082217462751571,0.2316508906849458,0.09161491181915918
24.0,1,77.19999999999978,21,0.9000000000005173,0.9000000000005173,0.5999999999999659,0.5999999999999659,0.6969261479607551,0.6314538195116861,20.0,False,False,0.2084048941681087,0.20746184507193677,0.06813119214995952,1.3094465689813806,2.2183848283589565,2.0099799341908478,2.2311818023459407,2.023719957274004,2.127450879809972,13.938522959215103,12.629076390233722,False,True,False,1.9,1.9,1.1675709622941877,1.05788417588992,True,False,True,0.09865463726296686,0.09759402048195309,0.25120694939478994,0.7549244929779254,0.09865463726296678
24.0,1,82.8999999999998,23,1.5,1.7000000000000028,1.2999999999998693,1.2999999999998693,0.6262734628486104,0.5981857196957421,22.0,False,True,0.0938763664245661,0.015192679793341268,0.02375923988045299,0.5617548630573665,2.0931648641323317,1.9992884977077656,1.165961738381448,1.1507690585881067,1.1583653984847775,12.525469256972208,11.963714393914842,True,False,False,1.9047619047619047,1.9047619047619047,1.0989115536694742,1.049626461296577,True,False,True,0.04588584353634251,0.013115807503602833,0.1940919787860631,0.1470098721106339,0.04588584353634245
24.0,1,92.69999999999897,10,1.3999999999999488,1.3999999999999488,1.7999999999991587,1.7999999999991587,0.5204050133740026,0.5242467431668274,24.0,False,False,-0.014062896590683938,0.05918913477857002,-0.0050364030796690995,-0.07683459585649643,1.9049756966303573,1.9190385932210412,1.1147083420277202,1.0555192072491502,1.0851137746384352,10.408100267480052,10.484934863336548,True,False,False,1.9130434782608696,1.9130434782608696,0.995782750511323,1.0031338100928169,False,True,True,-0.007355077110901553,0.054560008598465985,-0.05331268765651309,0.0816848429127613,-0.007355077110901508
24.0,1,94.09999999999891,9,0.6,0.10000000000005116,1.3999999999999488,1.3999999999999488,0.7301356652137843,0.7845087419054977,23.0,True,False,0.05933452196090805,0.023194881394659195,0.013821020301422293,-1.0874615338342686,2.556503405422186,2.4971688834612777,1.6372396112313146,1.6140447298366554,1.625642170533985,14.602713304275685,15.690174838109954,False,True,True,1.9090909090909092,1.9,1.339120831411621,1.314299412348041,True,False,True,0.023482824044762873,0.014268376723750531,0.09426175905325285,0.48590291958498005,0.018709545292105112
24.0,1,94.19999999999897,2,0.6,0.1999999999999602,0.10000000000005116,0.10000000000005116,0.7301356652137843,0.7845087419054977,23.0,True,False,0.05933452196090805,0.04823266352444122,0.0184271297030692,-1.0874615338342686,2.556503405422186,2.4971688834612777,1.6155986197027417,1.5673659561783004,1.591482287940521,14.602713304275685,15.690174838109954,False,True,False,1.9090909090909092,1.9,1.339120831411621,1.314299412348041,True,False,True,0.023482824044762873,0.03030907488237289,0.13159654792651,0.4646658385172396,0.018709545292105112
24.0,1,94.39999999999893,25,0.6,0.39999999999984936,0.1999999999999602,0.1999999999999602,0.774871854123325,0.7845087419054977,22.0,True,False,-0.030675166531093367,0.5889483084163238,0.10833741167629982,-0.19273775564345286,2.4664937169301844,2.4971688834612777,2.556503405422186,1.967555097005862,2.262029251214024,15.4974370824665,15.690174838109954,False,True,False,1.9,1.9,1.2981545878579919,1.314299412348041,True,False,True,-0.01236004923066314,0.26184876312312977,0.37583728058463994,0.8162623091815032,-0.01236004923066314
24.0,1,94.79999999999878,15,1.5,1.8000000000000256,0.39999999999984936,0.39999999999984936,0.7704196038108932,0.7809966084331998,20.0,False,True,-0.03366765137491923,-0.03263504258319028,0.047831836649788684,-0.21154009244613192,2.452321764028065,2.485989415402984,2.4585176415125862,2.4911526840957765,2.4748351628041814,15.408392076217865,15.619932168663997,False,True,False,1.9,1.9,1.290695665277929,1.3084154817910443,True,False,True,-0.01363550079913578,-0.013186945133275563,0.1117877012798516,0.9061737929155166,-0.01363550079913578
24.0,1,96.5999999999988,8,1.0000000000002842,1.0000000000002842,1.8000000000000256,1.8000000000000256,0.808564137817509,0.6988447462336334,19.0,False,False,0.3143229034249644,-0.16596258290535038,-0.003240823729150688,2.1943878316775134,2.316365628128876,2.0020427247039114,1.5844798172174053,1.7504424001227556,1.6674611086700803,16.17128275635018,13.976894924672667,True,False,False,1.8888888888888888,1.8888888888888888,1.2263112148917579,1.0599049719020708,True,False,True,0.14583139609621898,-0.09961239362426172,-0.01422050657096241,0.5113021753992696,0.145831396096219
24.0,1,97.59999999999908,21,1.5,2.399999999999281,1.0000000000002842,1.0000000000002842,0.7289482367730802,0.6168174197315484,18.0,False,True,0.3212311284916689,0.31866261132141593,0.055061895636122016,2.2426163408306365,2.0882828725300264,1.7670517440383575,2.107788116804497,1.789125505483081,1.948456811143789,14.578964735461604,12.336348394630967,True,True,False,1.8888888888888888,1.8888888888888888,1.1055615207511904,0.935497982137954,False,False,True,0.167029659732144,0.16391215572430606,0.1953939335333954,0.6670376803694457,0.16702965973214395
24.0,1,99.99999999999837,7,0.6,0.20000000000067075,2.399999999999281,2.399999999999281,0.8996828498239111,0.8430178818687954,17.0,True,False,0.0011071832387292702,0.09133202000719942,0.00010628213224650462,1.1332993591023133,2.147834591467182,2.1467274082284526,1.276954732527639,1.1856227125204395,1.2312887225240392,17.993656996478222,16.86035763737591,False,True,False,1.8666666666666667,1.875,1.150625674000276,1.1449212843885082,True,False,True,0.0005156210404403394,0.07420999576700466,0.000760246894407901,0.2080613627753452,0.004969971389820582
24.0,1,100.19999999999904,11,0.6,0.49999999999992895,0.20000000000067075,0.20000000000067075,0.8996828498239111,0.8430178818687954,17.0,True,False,0.0011071832387292702,0.09215360143846363,0.00022945724718179128,1.1332993591023133,2.147834591467182,2.1467274082284526,1.2741805263103911,1.1820269248719275,1.2281037255911593,17.993656996478222,16.86035763737591,False,True,False,1.8666666666666667,1.875,1.150625674000276,1.1449212843885082,True,False,True,0.0005156210404403394,0.07507254970810706,0.0016734543529450807,0.20547129325158459,0.004969971389820582
24.0,1,106.49999999999812,4,1.5,1.5000000000002416,0.8999999999990393,0.8999999999990393,0.7196016041877327,0.6328309978754998,22.0,False,True,0.2900093891031261,0.1525230821018071,0.041140906695750906,1.7354121262446576,2.405091199630039,2.1150818105269127,1.3947843615003317,1.2422612793985246,1.3185228204494281,14.392032083754653,12.656619957509996,False,False,False,1.9047619047619047,1.9047619047619047,1.2626728798057705,1.1104179505266292,True,False,True,0.1284943308324965,0.11580649248228517,0.25278320900601847,0.27651203454874207,0.12849433083249656
24.0,1,111.69999999999872,21,0.6,0.09999999999907061,3.4999999999996874,3.4999999999996874,0.5522251013124224,0.6068125734701244,23.0,True,False,-0.1824451865205794,0.1005674222303592,0.0385454300729704,-1.0917494431540398,1.8456764460391888,2.028121632559768,1.2442404277647805,1.1436730055344213,1.193956716649601,11.044502026248448,12.136251469402488,False,True,True,1.9047619047619047,1.9047619047619047,0.9689801341705742,1.0647638570938784,False,False,True,-0.0942642128207627,0.08428022777401331,0.413860509545771,0.17727276360111044,-0.09426421282076283
24.0,1,111.7999999999978,24,0.6,0.20000000000057128,0.09999999999907061,0.09999999999907061,0.5522251013124224,0.6068125734701244,23.0,True,False,-0.1824451865205794,0.10730027563898648,0.037083877152794306,-1.0917494431540398,1.8456764460391888,2.028121632559768,1.2412285428888006,1.133928267249814,1.1875784050693072,11.044502026248448,12.136251469402488,False,True,False,1.9047619047619047,1.9047619047619047,0.9689801341705742,1.0647638570938784,False,False,True,-0.0942642128207627,0.09041370262066997,0.40727865146040143,0.1719162800686055,-0.09426421282076283
24.0,1,111.99999999999837,8,1.5,2.4999999999996305,0.20000000000057128,0.20000000000057128,0.5522251013124224,0.6068125734701244,22.0,False,True,-0.1824451865205794,-0.21170326840250064,-0.02923145601792901,-1.0917494431540398,1.8456764460391888,2.028121632559768,1.769753218078176,1.9814564864806767,1.8756048522794264,11.044502026248448,12.136251469402488,False,True,False,1.9047619047619047,1.9047619047619047,0.9689801341705742,1.0647638570938784,False,False,True,-0.0942642128207627,-0.11299206146799423,-0.1390867867514598,0.6289311952844511,-0.09426421282076283
24.0,1,114.499999999998,7,1.000000000000398,1.000000000000398,2.4999999999996305,2.4999999999996305,0.5828430635256376,0.5540389817167508,20.0,False,False,0.09168624002215364,0.1690446114975035,0.011458144431820999,0.5760816361777366,1.855247092138576,1.7635608521164223,1.3841003382823789,1.2150557267848754,1.2995780325336272,11.656861270512753,11.080779634335016,False,True,False,1.9,1.9,0.9764458379676716,0.9281899221665381,False,False,True,0.050682913953817854,0.13026041191923574,0.08168513397865707,0.26203962141789,0.050682913953817875
24.0,1,115.4999999999984,23,1.1999999999992497,1.1999999999992497,1.00000000000027,1.00000000000027,0.7931077945104938,0.7471088315009169,20.0,False,False,0.1390982844614328,0.1165531299585032,0.05896671167960921,0.9199792601915391,2.398313492120069,2.2592152076586363,1.714143192425265,1.5975900624667618,1.6558666274460134,15.862155890209877,14.942176630018338,True,False,False,1.894736842105263,1.894736842105263,1.2657765652855921,1.192363581819836,True,False,True,0.05974827899029311,0.0704170767132084,0.2747655924096082,0.504324513737754,0.05974827899029303
24.0,1,116.69999999999764,16,1.5,3.00000000000108,1.1999999999992497,1.1999999999992497,0.7035104956028864,0.64352733977179,19.0,False,True,0.18138569930263837,0.1754888461779054,0.05093274867849448,1.1996631166219274,2.1273762849523408,1.9459905856497024,2.1473042281985983,1.971815382020693,2.0595598051096458,14.070209912057727,12.8705467954358,True,True,False,1.894736842105263,1.894736842105263,1.122781928169291,1.0270505868706763,True,False,True,0.0891182833844274,0.08525857593291786,0.18728901669892006,0.7224922731272262,0.08911828338442747
24.0,1,120.39999999999787,25,0.6,0.4000000000004462,0.3999999999995083,0.3999999999995083,0.4849031361045561,0.6715676476415942,21.0,True,False,-0.5941715942190744,0.01839447098728031,0.012527146928654809,-3.733290230740762,1.5434946206360445,2.137666214855119,1.2686330961327834,1.250238625145503,1.2594358606391434,9.698062722091121,13.431352952831883,False,False,True,1.9,1.9,0.8123655898084445,1.125087481502694,False,False,True,-0.32566560035987746,0.01460558537212897,0.03990413021621109,0.23066389105106508,-0.3256656003598773
24.0,1,120.79999999999832,11,1.5,1.699999999999676,0.4000000000004462,0.4000000000004462,0.4849031361045561,0.6573001395030937,20.0,False,True,-0.5487567053021507,-0.6119688557561074,-0.10614524734338851,-3.4479400679707535,1.5434946206360445,2.092251325938195,1.4930615069206592,2.1050303626767666,1.7990459347987129,9.698062722091121,13.146002790061875,False,True,False,1.9,1.9,0.8123655898084445,1.101184908388524,False,False,True,-0.3041915958872079,-0.34350117653049317,-0.3778154119909396,0.5872564881603274,-0.3041915958872079
24.0,1,123.19999999999725,22,0.6,0.30000000000114824,0.6999999999992497,0.6999999999992497,0.5935256022737283,0.7326587530494741,20.0,True,False,-0.4207308451842884,-0.06713227683548317,-0.013722522655920416,-2.782663015514917,1.7947881356157047,2.215518980799993,1.3048868292398563,1.3720191060753395,1.3384529676575978,11.870512045474566,14.653175060989483,False,False,False,1.894736842105263,1.894736842105263,0.9472492937971776,1.1693016843111075,False,False,True,-0.21059969422025415,-0.05016713879243645,-0.06516294112612209,0.29151444526423576,-0.21059969422025404
24.0,1,124.99999999999751,24,1.5,3.400000000000361,0.29999999999986926,0.29999999999986926,0.6362592511003298,0.7515768600383401,21.0,False,True,-0.36706734976044997,-0.07507335568841778,-0.023836242470810592,-2.306352178760207,2.0252760980112985,2.3923434477717485,1.270441958196706,1.3455153138851237,1.307978636040915,12.725185022006595,15.031537200766802,False,False,False,1.9,1.9,1.0659347884269992,1.2591281304061834,True,False,True,-0.16656737166452873,-0.057412234164066295,-0.1136963659063821,0.26848291959956433,-0.16656737166452876
24.0,1,130.19999999999678,17,1.0000000000004832,1.0000000000004832,1.399999999998471,1.399999999998471,0.5699299531434536,0.5403107077368432,22.0,False,False,0.0989950356593936,0.04845665793603593,0.008576989668537122,0.5923849081322086,1.904850554437172,1.8058555187777785,1.2780416756467938,1.229585017710758,1.253813346678776,11.398599062869073,10.806214154736864,True,False,False,1.9047619047619047,1.9047619047619047,1.0000465410795154,0.9480741473583337,False,True,True,0.05336910526921346,0.03865223699335643,0.059546737443705755,0.22618958478334833,0.05336910526921349
24.0,1,133.69999999999737,7,0.6,0.299999999999784,0.6999999999998749,0.6999999999998749,0.5711343520383663,0.6318571549852487,23.0,True,False,-0.2126153534426125,0.257845135831668,0.0710070331545245,-1.2144560589376496,1.9997748165228395,2.212390169965452,1.4457773573307435,1.1879322214990755,1.3168547894149096,11.422687040767325,12.637143099704975,False,True,False,1.9090909090909092,1.9090909090909092,1.0475010943691063,1.1588710414104748,True,False,True,-0.10103887349178708,0.19643297376188226,0.3715201471505494,0.2752461580754665,-0.10103887349178708
24.0,1,133.99999999999716,2,0.6999999999998181,0.6999999999998181,0.299999999999784,0.299999999999784,0.5698021113009988,0.6299572137880105,22.0,False,False,-0.21062760208616482,-0.2116363176984295,0.005965094186877795,-1.2031020497402345,1.99511009715055,2.205737699236715,1.997739546956755,2.2093758646551844,2.1035577058059696,11.396042226019976,12.59914427576021,False,True,False,1.9090909090909092,1.9090909090909092,1.0450576699360024,1.1553864138858982,True,False,True,-0.10036277506316926,-0.10069374660942731,0.02007342009669988,0.7436300569053226,-0.10036277506316921
24.0,1,134.69999999999698,14,0.6,0.100000000000108,0.6999999999998181,0.6999999999998181,0.5258830308140574,0.8882751365777368,21.0,True,False,-0.9284596367412303,-0.18493747586436937,0.01288870664613248,-7.247842115273588,1.7576345606862998,2.68609419742753,1.7740209003955114,1.9589583762598808,1.866489638327696,10.517660616281148,17.765502731554736,False,True,False,1.9047619047619047,1.894736842105263,0.9227581443603075,1.4176608264200854,False,False,True,-0.42411926180306536,-0.09916422596787366,0.05038289341966262,0.6240594679655554,-0.42939631890390906
24.0,1,134.79999999999708,9,1.5,1.5999999999997954,0.100000000000108,0.100000000000108,0.5453840217725876,0.8882751365777368,21.0,False,True,-0.9500829384586262,-0.1796847762355469,0.010347174214576899,-6.857822296102984,1.7360112589689038,2.68609419742753,1.7406599228663595,1.9203446991019064,1.830502310984133,10.907680435451752,17.765502731554736,False,True,False,1.9,1.894736842105263,0.9136901362994231,1.4176608264200854,False,False,True,-0.43649806546724557,-0.0982403933697994,0.041941297643114384,0.6045904160652744,-0.4392719923499708
24.0,1,136.39999999999688,4,1.5,1.7999999999998977,1.5999999999997954,1.5999999999997954,0.7299229344590303,0.974675920984704,19.0,False,True,-0.7011656575571705,-0.3334784583289663,-0.028101048971897274,-4.8950597305134735,2.091075175715332,2.7922408332725026,1.5988197771472556,1.932298235476222,1.7655590063117388,14.598458689180607,19.49351841969408,True,False,False,1.8888888888888888,1.8888888888888888,1.107039798908117,1.4782451470266191,True,False,True,-0.2891660676754232,-0.18944437229255856,-0.11917076116037761,0.5684673576979495,-0.28916606767542313
24.0,1,148.89999999999617,3,1.5,inf,4.4999999999992895,4.4999999999992895,0.4718925829832425,0.4642888129680482,24.0,False,True,0.02783408443319879,0.007437073524206195,0.015879309356003693,0.152075400303886,1.727392855374266,1.699558770941067,1.063392112915197,1.055955039390991,1.059673576153094,9.43785165966485,9.285776259360963,True,False,False,1.9130434782608696,1.9130434782608696,0.9029553562183662,0.8884057211737396,False,False,True,0.016244580929097308,0.007018297161088476,0.27528607146290884,0.05796091367317093,0.016244580929097224
24.0,2,20.50000000000002,14,1.200000000000017,1.200000000000017,2.2000000000000313,2.2000000000000313,0.6419820669230853,0.587516235209288,22.0,False,False,0.18203863328410508,0.023686616522337722,0.039424616540241306,1.0893166342759475,2.1456670058703806,1.9636283725862755,1.2958411444573836,1.272154527935046,1.2839978361962148,12.839641338461707,11.75032470418576,True,False,False,1.9047619047619047,1.9047619047619047,1.12647517808195,1.0309048956077946,True,False,True,0.08865649012293275,0.01844807493117137,0.36611010223796425,0.24997852006090926,0.08865649012293292
24.0,2,21.70000000000004,7,1.5,3.4999999999999325,1.200000000000017,1.200000000000017,0.6408090717508221,0.5910090068154137,21.0,False,True,0.15851853001535243,0.1971336068536489,0.06302864599632921,0.996001298708169,2.0397586269454475,1.881240096930095,1.9148956447882064,1.7177620379345575,1.8163288413613818,12.816181435016443,11.820180136308274,True,False,False,1.9,1.9,1.0735571720765513,0.9901263668053133,False,True,True,0.08090029532008769,0.10864082469354597,0.3165405781697763,0.596817343830903,0.0809002953200876
24.0,2,25.900000000000095,9,0.6,0.39999999999989555,0.7000000000001236,0.7000000000001236,0.7626540497420597,0.6719524070273923,21.0,True,False,0.30314791047648093,0.1550170676857776,0.0721983209599448,1.8140328542933482,2.548983399595522,2.245835489119041,1.3178686938687736,1.162851626182996,1.240360160025885,15.253080994841195,13.439048140547847,False,True,False,1.9047619047619047,1.9047619047619047,1.338216284787649,1.1790636317874965,True,False,True,0.12661700538517606,0.12514051894893474,0.3890553460362953,0.2154017890778138,0.12661700538517606
24.0,2,38.70000000000028,20,1.5,1.6000000000000227,4.800000000000182,4.800000000000182,0.5375919700845948,0.5279570084682312,24.0,False,True,0.03526939065813384,-0.008148329439768842,0.018738767545955902,0.19269923232727137,1.9678896463258928,1.932620255667759,1.0431646726561357,1.0513130020959045,1.0472388373760202,10.751839401691896,10.559140169364625,True,False,False,1.9130434782608696,1.9130434782608696,1.0286695878521712,1.0102333154626921,False,True,True,0.018084995463214404,-0.007780813944209403,0.5130412663991764,0.0461570218013487,0.018084995463214425
24.0,2,40.3000000000003,25,1.5,4.300000000000068,1.6000000000000227,1.6000000000000227,0.5421888668527242,0.5302817115779757,23.0,False,True,0.04169181764305763,0.05865360599277314,0.018837502036413295,0.2381431054949701,1.8984248414781,1.8567330238350424,1.637369383875383,1.57871577788261,1.6080425808789967,10.843777337054483,10.605634231559513,True,False,False,1.9090909090909092,1.9090909090909092,0.9944130122028142,0.9725744410564507,False,True,True,0.02220600695582653,0.036479202043191994,0.13400748090712078,0.4750176510523107,0.022206006955826474
24.0,2,44.60000000000037,17,1.5,2.099999999999909,4.300000000000068,4.300000000000068,0.5964142027300512,0.5809749661901038,22.0,False,True,0.051601847070850804,0.14732654182718563,0.0867671505876704,0.30878473079894775,1.993367638388688,1.9417657913178372,1.249902559242125,1.1025760174149393,1.176239288328532,11.928284054601024,11.619499323802076,True,False,False,1.9047619047619047,1.9047619047619047,1.0465180101540612,1.0194270404418646,False,True,True,0.026227728237261383,0.12541631967130173,1.265163949093778,0.16232230524774613,0.0262277282372613
24.0,2,47.500000000000405,15,0.7999999999998977,0.7999999999998977,0.8000000000001251,0.8000000000001251,0.664341451659701,0.6432721540017172,22.0,False,False,0.07041894026459516,0.14733970226067505,0.041973116713456576,0.4213859531596764,2.220397744582224,2.149978804317629,1.330291330542186,1.182951628281511,1.2566214794118484,13.28682903319402,12.865443080034344,False,False,False,1.9047619047619047,1.9047619047619047,1.1657088159056677,1.1287388722667553,True,False,True,0.03222836042836219,0.11738526863348303,0.25962431427356547,0.2284267541175975,0.03222836042836212
24.0,2,49.30000000000043,18,0.6,0.20000000000000284,1.000000000000128,1.000000000000128,0.977261738652634,0.8922587738987371,22.0,True,False,0.2570441983429288,0.22896275729505589,0.04717025130435848,1.7000592950779385,2.955184691621787,2.698140493278858,1.9059723297656008,1.677009572470545,1.7914909511180728,19.54523477305268,17.845175477974742,False,True,True,1.894736842105263,1.894736842105263,1.5596808094670542,1.424018593674953,True,False,True,0.09099832074956904,0.1279800967729694,0.21513686810109922,0.5830482067415037,0.09099832074956915
24.0,2,49.30000000000043,23,0.6,0.20000000000000284,1.000000000000128,1.000000000000128,0.977261738652634,0.8922587738987371,22.0,True,False,0.2570441983429288,0.22896275729505589,0.04717025130435848,1.7000592950779385,2.955184691621787,2.698140493278858,1.9059723297656008,1.677009572470545,1.7914909511180728,19.54523477305268,17.845175477974742,False,True,True,1.894736842105263,1.894736842105263,1.5596808094670542,1.424018593674953,True,False,True,0.09099832074956904,0.1279800967729694,0.21513686810109922,0.5830482067415037,0.09099832074956915
24.0,2,49.50000000000043,19,1.5,2.5000000000000355,0.20000000000000284,0.20000000000000284,0.9781785116518238,0.8922587738987371,22.0,False,True,0.25981646847869877,0.2632589572076358,0.05260851363880312,1.718394755061734,2.957956961757557,2.698140493278858,1.8068254997455495,1.5435665425379137,1.6751960211417316,19.563570233036476,17.845175477974742,False,True,False,1.894736842105263,1.894736842105263,1.5611439520387107,1.424018593674953,True,False,True,0.09193598485484356,0.15747576241704225,0.26462074807609937,0.515930185977143,0.09193598485484356
24.0,2,52.00000000000047,8,0.6,0.599999999999902,2.5000000000000355,2.5000000000000355,0.6973580412730924,0.6064317152445451,19.0,True,False,0.37147271577680896,0.5686050490019499,0.16533754410814838,1.8185265205709467,2.108771608096398,1.7372988923195891,2.133411811391624,1.564806762389674,1.849109286890649,13.947160825461848,12.128634304890902,False,True,False,1.894736842105263,1.8888888888888888,1.1129627931619879,0.9197464724044884,False,False,True,0.19377405536972891,0.3099601457536091,0.6778008115862133,0.6147040566024047,0.19068286280005603
24.0,2,53.50000000000049,2,1.000000000000007,1.000000000000007,0.9000000000001194,0.9000000000001194,0.5767673136869975,0.6550507632980107,19.0,False,False,-0.22426556342180493,-0.014529692928181293,0.04834143245323341,-1.5656689922202638,1.65231664176815,1.876582205189955,1.5630700287972188,1.5775997217254,1.5703348752613095,11.53534627373995,13.101015265960214,False,False,False,1.8888888888888888,1.8888888888888888,0.8747558691713736,0.9934846968652703,False,True,True,-0.12727381785061986,-0.009252673946541556,0.20227046779489144,0.4512888929605686,-0.1272738178506198
24.0,2,54.5000000000005,12,0.9999999999999076,0.9999999999999076,1.000000000000007,1.000000000000007,0.647235067617121,0.665440945112918,18.0,False,False,-0.04925844174528682,-0.21787150608639871,-0.015536430275260804,-0.3641175499159388,1.7511812260125927,1.8004396677578796,1.577964486930605,1.7958359930170038,1.6869002399738044,12.94470135234242,13.30881890225836,True,False,False,1.8823529411764706,1.8823529411764706,0.9303150263191899,0.9564835734963735,False,False,True,-0.027740348413481053,-0.12933493073425623,-0.07352398075601596,0.5228926672413978,-0.027740348413480935
24.0,2,56.000000000000526,5,1.2999999999999048,1.2999999999999048,0.5000000000001208,0.5000000000001208,0.6052364262707082,0.6528001666010601,18.0,False,False,-0.1286900745537527,-0.008537021381498366,0.02002072252362208,-0.9512748066070387,1.637548272664363,1.7662383472181158,1.660102234838392,1.6686392562198904,1.6643707455291412,12.104728525414163,13.056003332021202,False,False,False,1.8823529411764706,1.8823529411764706,0.8699475198529429,0.938314121959624,False,False,True,-0.07565188994210975,-0.005129289926278702,0.07506113571646278,0.509447121385506,-0.07565188994210979
24.0,2,57.90000000000044,14,1.5,1.6000000000000227,0.4000000000000057,0.4000000000000057,0.6641140781933577,0.6815624312083575,20.0,False,True,-0.052762840991842364,0.11207198072798841,0.04150043618890509,-0.34896706029999613,2.008243728106417,2.0610065690982595,1.668603158910677,1.5565311781826885,1.6125671685466827,13.282281563867153,13.63124862416715,False,False,False,1.894736842105263,1.894736842105263,1.0599064120561648,1.0877534670240814,True,False,True,-0.025933916235886256,0.06952710297969705,0.12750516889156738,0.47782742373292014,-0.025933916235886034
24.0,2,59.50000000000046,9,0.6,0.5000000000000071,1.6000000000000227,1.6000000000000227,0.748225562280969,0.717335095540772,19.0,True,False,0.08849466857012622,0.02576113407877334,0.0669666494052843,0.6178093348039404,2.143508342125122,2.055013673554996,1.7536190937001956,1.7278579596214223,1.740738526660809,14.96451124561938,14.34670191081544,False,False,False,1.8888888888888888,1.8888888888888888,1.1347985340662412,1.0879484154114685,True,False,True,0.04216139714838496,0.014799238289188055,0.24670417718088755,0.554309463786662,0.042161397148385
24.0,2,62.1000000000005,23,0.6,0.3999999999999986,0.6000000000000085,0.6000000000000085,0.6017644441509704,0.6596262565693509,20.0,True,False,-0.1841798692528256,0.19397159709576073,0.08368105068676701,-1.1572362483676102,1.9154757172714745,2.0996555865243,1.4171590178516036,1.2231874207558429,1.3201732193037232,12.035288883019408,13.192525131387018,False,True,False,1.9,1.9,1.0081451143534077,1.1050818876443684,False,True,True,-0.09180731674972076,0.1471940842042905,0.4082795192256181,0.2777629547340482,-0.09180731674972059
24.0,2,62.90000000000051,7,0.6,0.20000000000011653,0.4000000000000128,0.4000000000000128,1.0426751368919571,0.6177137034811677,20.0,True,False,1.0208004508641426,-0.1293925746433746,-0.01657550677118641,8.499228668215789,2.987044237356726,1.9662437864925832,1.8580863258976903,1.987478900541065,1.9227826132193777,20.853502737839143,12.354274069623354,False,True,False,1.8888888888888888,1.9,1.5813763609535607,1.0348651507855702,True,False,True,0.41815933378108594,-0.0673198503658945,-0.054300277308584555,0.6537734145687524,0.42402445323348387
24.0,2,63.10000000000063,4,0.8999999999998991,0.8999999999998991,0.20000000000011653,0.20000000000011653,1.0426751368919571,0.6446918823505161,20.0,False,False,1.0375321402579634,-0.0953902085411178,-0.000590135667358882,7.959665090828821,2.987044237356726,1.9495120970987625,1.800460790038762,1.8958509985798797,1.8481558943093208,20.853502737839143,12.893837647010322,False,True,False,1.8888888888888888,1.894736842105263,1.5813763609535607,1.0289091623576803,True,False,True,0.4267052144336454,-0.05162518689068618,-0.002101479816994045,0.6141883280540129,0.4297964070033181
24.0,2,66.1000000000004,18,0.6,0.10000000000000853,0.19999999999997442,0.19999999999997442,0.5731406127955845,0.6237623363912208,20.0,True,False,-0.1530772532234661,0.0807732799462213,0.0324699401511635,-1.0124344719127265,1.73314507064957,1.886222323873036,1.4567430765465954,1.375969796600374,1.4163564365734849,11.46281225591169,12.475246727824416,False,True,False,1.894736842105263,1.894736842105263,0.9147154539539397,0.9955062264885468,False,True,True,-0.08463834049296792,0.05704438523363681,0.14146319723407141,0.34808768433916365,-0.08463834049296795
24.0,2,66.20000000000041,14,0.6,0.0999999999999801,0.10000000000000853,0.10000000000000853,0.5731406127955845,0.6237623363912208,20.0,True,False,-0.1530772532234661,0.09957585801966795,0.03454817223850759,-1.0124344719127265,1.73314507064957,1.886222323873036,1.449302192453899,1.349726334434231,1.399514263444065,11.46281225591169,12.475246727824416,False,True,False,1.894736842105263,1.894736842105263,0.9147154539539397,0.9955062264885468,False,True,True,-0.08463834049296792,0.0711803373457377,0.15233214116936344,0.33612522173570075,-0.08463834049296795
24.0,2,66.3000000000004,12,0.6,0.29999999999998295,0.0999999999999801,0.0999999999999801,0.5731406127955845,0.6237623363912208,20.0,True,False,-0.1530772532234661,0.11623943885304056,0.0356797275327205,-1.0124344719127265,1.73314507064957,1.886222323873036,1.4415035014944666,1.325264062641426,1.3833837820679462,11.46281225591169,12.475246727824416,False,True,False,1.894736842105263,1.894736842105263,0.9147154539539397,0.9955062264885468,False,True,True,-0.08463834049296792,0.08407493501484692,0.1596828671534336,0.3245325138743011,-0.08463834049296795
24.0,2,66.60000000000038,20,0.6000000000000796,0.6000000000000796,0.29999999999998295,0.29999999999998295,0.6212017070250191,0.6253589965163711,17.0,False,False,-0.011248103931015274,0.00957752564167258,-0.003935220857571919,-0.08314578982703935,1.6807444796126376,1.691992583543653,1.684129317328939,1.6745517916872663,1.6793405545081026,12.424034140500382,12.507179930327421,False,True,False,1.8823529411764706,1.8823529411764706,0.8928955047942138,0.8988710600075656,False,False,True,-0.006670040042951353,0.005703162217978175,-0.014946110900396992,0.5184011892777377,-0.0066700400429512835
24.0,2,67.20000000000046,11,0.6,0.29999999999999716,0.6000000000000796,0.6000000000000796,0.9267465408317984,0.66584797099833,16.0,True,False,0.6643727525536409,-0.11894694323293753,-0.04394614067577768,5.217971396669366,2.359940687467132,1.6955679349134911,1.500045305903436,1.6189922491363735,1.5595187775199046,18.534930816635967,13.3169594199666,False,True,True,1.875,1.875,1.2586350333158038,0.9043028986205286,False,False,True,0.330618736736071,-0.0763085756574503,-0.16893111310459386,0.4443772977241743,0.3306187367360711
24.0,2,69.50000000000021,5,0.6000000000002927,0.6000000000002927,1.9999999999997584,1.9999999999997584,0.7702370809514232,0.6640107340442913,16.0,False,False,0.25359672295296765,0.29503467361842683,0.029197848677988192,2.124526938142637,1.8388055817913704,1.5852088588384028,1.622686781806791,1.327652108188364,1.4751694449975776,15.404741619028464,13.280214680885827,True,False,False,1.8666666666666667,1.8666666666666667,0.9850744188168056,0.8492190315205729,False,True,True,0.14840004972145743,0.2006712327186534,0.15291215101645705,0.3887728611582745,0.14840004972145754
24.0,2,70.50000000000048,23,0.6,0.4000000000000341,0.39999999999997726,0.39999999999997726,0.7021421240747427,0.6351644761899227,16.0,True,False,0.1705571798006007,0.1753482466075924,0.01231675283660899,1.3395529576964016,1.7879902367926113,1.6174330569920106,1.8041999337467425,1.62885168713915,1.7165258104429464,14.042842481494855,12.703289523798453,False,True,False,1.875,1.875,0.9535947929560593,0.8626309637290723,False,False,True,0.10025185650595436,0.10224196338491143,0.041162895454999404,0.5403023704719142,0.10025185650595425
24.0,2,73.3,17,0.8000000000004093,0.8000000000004093,2.1999999999993776,2.1999999999993776,0.8271743489070706,0.88317000983327,17.0,False,False,-0.14259177964963765,-0.04177601713230206,0.0387044074434473,-1.1199132185239868,2.1063821828380864,2.248973962487724,1.2320797891824216,1.2738558063147236,1.2529677977485725,16.543486978141413,17.6634001966654,True,False,False,1.875,1.875,1.1234038308469794,1.199452779993453,True,False,True,-0.06550222495706781,-0.03334474192684214,0.22351310427242121,0.2255149754628255,-0.06550222495706794
24.0,2,75.00000000000028,7,0.6,0.20000000000017337,0.3999999999999062,0.3999999999999062,0.5844139769983236,0.7110588462938718,20.0,True,False,-0.40312313931226984,-0.13710210715000448,-0.038081605642726946,-2.532897385910964,1.8602474650255287,2.2633706043377986,1.694139491752616,1.8312415989026205,1.7626905453276183,11.688279539966473,14.221176925877437,False,True,True,1.9,1.9,0.9790776131713309,1.1912476864935782,False,False,True,-0.1961455954857796,-0.07781926870288924,-0.11323046960552241,0.5668413606849132,-0.1961455954857795
24.0,2,76.9999999999999,21,0.6,0.5000000000003126,1.799999999999443,1.799999999999443,0.6439308509163855,0.5990369001967562,20.0,True,False,0.14290188343905896,-0.1103171369701601,0.009687654301682114,0.8978790143925863,2.0496955586542613,1.9067936752152024,1.50425708540191,1.61457422237207,1.5594156538869899,12.87861701832771,11.980738003935123,False,True,True,1.9,1.9,1.0787871361338217,1.003575618534317,False,True,True,0.0722681467682208,-0.07077213715476521,0.042952200823028974,0.44431117024684486,0.07226814676822084
24.0,2,82.1,4,0.9000000000002899,0.9000000000002899,0.7999999999999972,0.7999999999999972,0.6158732265715274,0.5961401409138576,22.0,False,False,0.06595298062235266,0.1732747486511068,0.016317252065392807,0.39466171315339693,2.0584046348630816,1.992451654240729,1.2740526066765565,1.1007778580254497,1.187415232351003,12.317464531430549,11.922802818277152,False,False,False,1.9047619047619047,1.9047619047619047,1.0806624333031178,1.0460371184763828,True,False,True,0.032565366146560804,0.1461857752666743,0.11183832548768091,0.1717788710953855,0.03256536614656073
24.0,2,88.39999999999971,11,1.5,1.700000000000287,3.3999999999998067,3.3999999999998067,0.545773398892317,0.5291288473734781,23.0,False,True,0.05827937829496066,0.1369349751415898,0.051649284858094294,0.3328910303767785,1.9109757533190943,1.8526963750241336,1.2006207768636723,1.0636858017220825,1.1321532892928774,10.91546797784634,10.582576947469562,True,False,False,1.9090909090909092,1.9090909090909092,1.0009872993576208,0.9704600059650224,False,True,True,0.030971899242151824,0.12109868890953202,0.8040259826953298,0.12412138518294565,0.03097189924215182
24.0,2,93.99999999999966,7,1.5,2.4000000000000625,3.8999999999996646,3.8999999999996646,0.5063879819691275,0.5568825958918175,23.0,False,True,-0.17680228291688493,0.11562404030171303,0.0584380178862088,-1.0098922784538011,1.7730713099597566,1.9498735928766415,1.1705506182780363,1.0549265779763233,1.1127385981271798,10.12775963938255,11.137651917836351,True,False,False,1.9090909090909092,1.9090909090909092,0.9287516385503487,1.0213623581734788,False,False,True,-0.09505130008192186,0.1040030818475269,1.02214791318662,0.10682418228948545,-0.09505130008192164
24.0,2,103.1999999999983,19,1.0000000000009663,1.0000000000009663,1.1999999999986386,1.1999999999986386,0.531029971195272,0.5477529768687326,24.0,False,False,-0.06121562737455655,0.06435787999311393,-0.017084445384788108,-0.33446011346921267,1.9438690314505096,2.005084658825066,1.120618489897817,1.0562606099047032,1.0884395499012602,10.620599423905439,10.955059537374652,True,False,False,1.9130434782608696,1.9130434782608696,1.0161133573491299,1.048112435294921,False,True,True,-0.031005950604318544,0.05914581149198623,-0.16316452406787496,0.08474506491951422,-0.03100595060431875
24.0,2,104.19999999999926,11,1.5,3.599999999998772,1.0000000000009663,1.0000000000009663,0.5343362660218123,0.5045648871837924,23.0,False,True,0.02393777039820555,-0.03847373051487324,-0.0166539319461321,0.5954275767603967,1.8709296762340224,1.8469919058358168,1.8274396800861172,1.8659134106009905,1.8466765453435539,10.686725320436246,10.091297743675849,True,True,False,1.9090909090909092,1.9130434782608696,0.9800107827892498,0.9654730416869043,False,True,True,0.01287714151603947,-0.02083479229341778,-0.08440516733479031,0.6133875615407928,0.014945394580098383
24.0,2,107.79999999999804,15,0.6,0.19999999999998863,3.599999999998772,3.599999999998772,0.557229832773968,0.5727235522101726,22.0,True,False,-0.05178394273816922,0.12410579867862026,0.060554540617859594,-0.3098743887240918,1.862403528809192,1.9141874715473612,1.1872782875157366,1.0631724888371163,1.1252253881764265,11.14459665547936,11.454471044203451,False,True,False,1.9047619047619047,1.9047619047619047,0.9777618526248258,1.0049484225623646,False,True,True,-0.02742536243355298,0.11040618197463545,1.042802699101844,0.1179833606357073,-0.02742536243355294
24.0,2,107.99999999999802,25,1.0000000000005116,1.0000000000005116,0.19999999999998863,0.19999999999998863,0.557229832773968,0.5727235522101726,22.0,False,False,-0.05178394273816922,0.11683765272884217,0.058423067281142105,-0.3098743887240918,1.862403528809192,1.9141874715473612,1.1738091841080742,1.056971531379232,1.115390357743653,11.14459665547936,11.454471044203451,False,True,False,1.9047619047619047,1.9047619047619047,0.9777618526248258,1.0049484225623646,False,True,True,-0.02742536243355298,0.10484640025506828,1.0630753627157357,0.10920444027363524,-0.02742536243355294
24.0,2,108.99999999999854,21,0.6,0.39999999999942304,1.0000000000005116,1.0000000000005116,0.6076235552445146,0.5761784008664987,20.0,True,False,0.09508838335543057,-0.010980749687674152,-0.0021888268831418145,0.6289030875603174,1.837419554768481,1.7423311714130505,1.6766957188382174,1.6876764685258916,1.6821860936820545,12.152471104890292,11.523568017329975,False,False,False,1.894736842105263,1.894736842105263,0.9697492094611428,0.9195636738013323,False,False,True,0.05313820118574386,-0.006527689606024789,-0.009514871847240425,0.5200941937673236,0.05313820118574378
24.0,2,109.39999999999796,13,1.5,1.8000000000003382,0.39999999999942304,0.39999999999942304,0.6828567001841561,0.576079923601724,19.0,False,True,0.2142069649520182,0.09166917535452157,0.024457725326065216,2.1355355316486424,1.9562403466391185,1.7420333816871003,1.834000346767572,1.7423311714130505,1.7881657590903113,13.657134003683122,11.52159847203448,False,True,False,1.8888888888888888,1.894736842105263,1.0356566541030627,0.9194065070015253,False,False,True,0.11597139957069647,0.051275592668530656,0.09358873089808117,0.5811903788806958,0.11906259214036913
24.0,2,112.69999999999789,24,1.5,2.799999999999841,0.49999999999862155,0.49999999999862155,0.6966940383135904,0.697031044563416,20.0,False,True,-0.0010190879997393765,0.2118633760594386,0.0262846046681727,-0.006740124996511554,2.106763700384983,2.107782788384722,1.4387081908714456,1.226844814812007,1.3327765028417264,13.933880766271809,13.94062089126832,False,False,False,1.894736842105263,1.894736842105263,1.1119030640920744,1.1124409160919368,True,False,True,-0.00048360506750444454,0.15929993885528748,0.1179966124258276,0.28726436235435887,-0.0004836050675043613
24.0,2,115.49999999999773,16,0.6,0.3000000000003098,2.799999999999841,2.799999999999841,0.7342124078297467,0.6664416365193495,19.0,True,False,0.1941489585216023,0.21394955971825302,0.06529125685518541,1.3554154262079443,2.1033636117391223,1.90921465321752,1.447999840465282,1.234050280747029,1.3410250606061556,14.684248156594935,13.32883273038699,False,True,False,1.8888888888888888,1.8888888888888888,1.1135454415089472,1.0107606987622164,False,True,True,0.09684580204349902,0.15988151298619233,0.4743687426390695,0.2934342921235476,0.09684580204349921
24.0,2,117.09999999999846,4,0.6,0.2999999999994998,0.09999999999992326,0.09999999999992326,0.6453674932345566,0.6092561319258474,21.0,True,False,0.12069333473522814,0.021924193272371273,0.016715126848249995,0.7222272261741836,2.1569819598412048,2.0362886251059766,1.351335426562584,1.3294112332902128,1.3403733299263985,12.907349864691131,12.185122638516948,False,True,False,1.9047619047619047,1.9047619047619047,1.1324155289166327,1.0690515281806379,True,False,True,0.057581154331939,0.016357145886304214,0.07420468480868814,0.2929481795825002,0.05758115433193903
24.0,2,122.89999999999765,12,0.6,0.39999999999994884,2.1999999999997613,2.1999999999997613,0.5459534969121522,0.5608385242392147,22.0,True,False,-0.04974953922035796,0.0166746803680089,0.024283616690169596,-0.29770054654124856,1.824715152369372,1.87446469158973,1.2287590826240284,1.2120844022560195,1.220421742440024,10.919069938243045,11.216770484784293,False,False,False,1.9047619047619047,1.9047619047619047,0.9579754549939204,0.9840939630846083,False,True,True,-0.026899226882232896,0.013663260163497337,0.20496538147153442,0.19919648953257238,-0.026899226882232747
24.0,2,123.2999999999976,25,0.6,0.20000000000013074,0.39999999999994884,0.39999999999994884,0.5457583119029388,0.5594916873007936,21.0,True,False,-0.04590042617800916,-0.045303547136497535,0.0009346588855116966,-0.27466750795709594,1.8240627945296628,1.869963220707672,1.824715152369372,1.8700186995058696,1.8473669259376209,10.915166238058776,11.189833746015871,False,True,False,1.9047619047619047,1.9047619047619047,0.957632967128073,0.9817306908715279,False,True,True,-0.024852444717289535,-0.02452453659318754,0.004341760852327736,0.6137613419835364,-0.0248524447172895
24.0,2,124.49999999999709,6,0.6000000000013728,0.6000000000013728,0.9999999999993605,0.9999999999993605,0.6259606135786484,0.5941282419534124,21.0,False,False,0.1013255858898896,0.06141418666132248,0.008205218014979587,0.63664743250472,1.9924945166375536,1.891168930747664,1.7057614588628665,1.644347272201544,1.6750543655322052,12.519212271572968,11.882564839068248,False,False,False,1.9,1.9,1.0486813245460809,0.9953520688145601,False,True,True,0.05219225990968879,0.036668104017374414,0.03418266045109797,0.515845621784464,0.05219225990968871
24.0,2,129.1999999999974,24,0.8999999999998352,0.8999999999998352,4.099999999998943,4.099999999998943,0.5864978200824229,0.532188417645548,21.0,False,False,0.17287219708391288,0.11207080589780882,0.041871298793208105,1.0861880487374975,1.8668805435747735,1.6940083464908606,1.2175381689528617,1.1054673630550529,1.1615027660039572,11.729956401648458,10.64376835291096,True,False,False,1.9,1.9,0.9825687071446176,0.8915833402583477,False,True,True,0.09717135611665662,0.0965627272111788,0.5777052631271298,0.14971465463225592,0.09717135611665657
24.0,2,130.09999999999724,14,0.6,0.5000000000009095,0.8999999999998352,0.8999999999998352,0.546598807121458,0.6167805570093199,20.0,True,False,-0.12523177373883998,0.11426187271216981,0.04036083240219751,-1.403634997757237,1.7398780408302703,1.8651098145691103,1.7544311469802016,1.6401692742680318,1.6973002106241166,10.93197614242916,12.335611140186398,False,True,False,1.9,1.894736842105263,0.9157252846475107,0.9843635132448083,False,True,True,-0.06950491387574764,0.06734521907384028,0.23576063953947402,0.52903887727897,-0.07227884075847296
24.0,2,130.59999999999815,4,0.6,0.2999999999994998,0.5000000000009095,0.5000000000009095,0.6380847408461925,0.6138308873234757,19.0,True,False,0.073342292866176,-0.14846183997993068,-0.007257214202549517,0.4850770704543361,1.9295324717264688,1.8561901788602928,1.7137498655374772,1.862211705517408,1.7879807855274426,12.76169481692385,12.276617746469514,False,True,False,1.894736842105263,1.894736842105263,1.0183643600778587,0.9796559277318213,False,True,True,0.038751634769570886,-0.08308099687319104,-0.031464752046941546,0.5810869303442749,0.03875163476957093
24.0,2,131.69999999999715,15,0.7999999999999545,0.7999999999999545,0.3999999999995225,0.3999999999995225,0.5990024235734621,0.7015127611127783,20.0,False,False,-0.21465131517487435,0.16322998598575467,0.029494660427943492,-2.050206750786323,1.906683932714835,2.1213352478897094,1.9138589971379505,1.7506290111521958,1.8322440041450732,11.980048471469242,14.030255222255565,False,True,False,1.9,1.894736842105263,1.0035178593235974,1.1195936030529023,False,True,True,-0.10668015202976422,0.089146462811861,0.11252397249017276,0.6055414474184535,-0.1094540789124896
24.0,2,132.99999999999662,2,1.5,2.0000000000011653,0.49999999999951683,0.49999999999951683,0.5830294211211156,0.568025052892811,20.0,False,True,-0.04503162690931917,-0.1259836956392797,-0.04219696085952779,0.30008736456609064,1.763048272449205,1.808079899358524,1.708793673689732,1.8347773693290117,1.7717855215093719,11.660588422422311,11.36050105785622,False,True,False,1.894736842105263,1.9,0.9304976993481915,0.9516209996623811,False,False,True,-0.025221169219691197,-0.07113548194755837,-0.1624889299254031,0.5719878073343293,-0.022447242336965906
24.0,2,134.99999999999778,7,1.5,2.199999999999619,2.0000000000011653,2.0000000000011653,0.5914264858154148,0.5283859010877974,19.0,False,True,0.180597972146467,0.17067227817922648,-0.004391079195558312,1.2608116945523484,1.6943120764738555,1.5137141043273885,1.429377634972186,1.2587053567929596,1.3440414958825728,11.828529716308296,10.567718021755947,True,False,False,1.8888888888888888,1.8888888888888888,0.8969887463685118,0.8013780552321469,False,False,True,0.11271050133796962,0.12715543111663344,-0.026496308547296676,0.2956811165369661,0.11271050133796967
24.0,2,141.69999999999658,6,1.300000000001205,1.300000000001205,0.6999999999999602,0.6999999999999602,0.6368867239879492,0.5338678880704117,23.0,False,False,0.3607110532926776,-0.015386986235512268,0.01575395980762162,2.0603767183507493,2.2300007468702856,1.869289693577608,1.2454611730128042,1.2608481592483165,1.2531546661305604,12.737734479758984,10.677357761408235,False,False,False,1.9090909090909092,1.9090909090909092,1.1680956293130067,0.9791517442549375,False,False,True,0.17644340469014141,-0.012278755346631837,0.07428899767662234,0.2256641049527268,0.17644340469014147
24.0,2,144.09999999999644,20,0.6,0.3000000000005514,1.0999999999986585,1.0999999999986585,0.9052196552829832,0.8532162873025557,23.0,True,False,0.17380845450174842,0.28218053382557495,0.0480204228042396,1.0400673596085497,3.0254738371667944,2.851665382665046,1.4466490607384337,1.1644685269128587,1.305558793825646,18.104393105659664,17.064325746051114,False,True,True,1.9047619047619047,1.9047619047619047,1.588373764512567,1.4971243258991491,True,False,True,0.05916455118932418,0.2169851065217227,0.2973977084379167,0.2666311436279631,0.0591645511893244
24.0,2,144.399999999997,21,1.5,5.299999999999585,0.3000000000005514,0.3000000000005514,0.9052196552829832,0.8532162873025557,22.0,False,True,0.17380845450174842,0.1818081894201864,0.04868468837276968,1.0400673596085497,3.0254738371667944,2.851665382665046,2.1552632133238907,1.9734550239037043,2.0643591186137975,18.104393105659664,17.064325746051114,False,False,False,1.9047619047619047,1.9047619047619047,1.588373764512567,1.4971243258991491,True,False,True,0.05916455118932418,0.0881270310054717,0.1843005462680536,0.7248198240609898,0.0591645511893244
24.0,2,150.79999999999606,5,1.3000000000003809,1.3000000000003809,1.0999999999994827,1.0999999999994827,0.4466602673156101,0.4559676364571574,22.0,False,False,-0.031107589927222845,0.17604980425542327,0.029751202695893986,-0.18614738283094567,1.4928519779465603,1.5239595678737832,1.3022721940501063,1.126222389794683,1.2142472919223946,8.933205346312201,9.119352729143147,True,False,False,1.9047619047619047,1.9047619047619047,0.7837472884219442,0.8000787731337362,False,False,True,-0.02062355704516816,0.14524156587267734,0.18964376304259378,0.19412437199407723,-0.02062355704516816
24.0,3,27.900000000000126,14,1.5,1.8000000000000256,1.600000000000108,1.600000000000108,0.5710565026962189,0.5217482236448836,24.0,False,True,0.18049609596661487,-0.041354254048395545,0.010203785362812398,0.9861655810267056,2.0903886993440906,1.9098926033774757,1.1584146697825657,1.1997689238309612,1.1790917968067633,11.421130053924378,10.434964472897672,True,False,False,1.9130434782608696,1.9130434782608696,1.0927031837480472,0.9983529517654987,False,True,True,0.09030301735242197,-0.03507656837626541,0.08072057115061115,0.16474447841130202,0.09030301735242188
24.0,3,29.700000000000152,15,1.5,3.3000000000000753,1.8000000000000256,1.8000000000000256,0.6153375349142096,0.5431591877050868,23.0,False,True,0.25272589633577014,0.22557143675607727,0.05130812883437061,1.4435669441824572,2.15454822773472,1.90182233139895,1.607406473109877,1.3818350363537997,1.4946207547318382,12.306750698284192,10.863183754101735,True,False,False,1.9090909090909092,1.9090909090909092,1.1285728811943772,0.9961926497804023,False,True,True,0.12476851417824009,0.1512096415160784,0.3982107216183215,0.4018724988968537,0.12476851417824006
24.0,3,33.00000000000023,21,0.6,0.5999999999998948,3.3000000000000753,3.3000000000000753,0.5142295134920127,0.528561344460801,22.0,True,False,-0.047900616587043476,0.28773672623297997,0.10556536458484461,-0.28663661937576634,1.7186855480758805,1.766586164662924,1.3543974132194847,1.0666606869865047,1.2105290501029948,10.284590269840255,10.571226889216021,False,False,False,1.9047619047619047,1.9047619047619047,0.9023099127398373,0.9274577364480351,False,False,True,-0.02748918125149935,0.2388237267544317,1.1744206150663077,0.19105749554089305,-0.027489181251499364
24.0,3,33.60000000000012,25,1.100000000000101,1.100000000000101,0.5999999999998948,0.5999999999998948,0.508037817766053,0.5951830508432963,21.0,False,False,-0.1965351622476852,-0.043835995678681794,0.036404462301944884,-1.7429046615448662,1.697991329476824,1.8945264917245093,1.70307679540974,1.746912791088422,1.724994793249081,10.160756355321059,11.903661016865925,False,True,False,1.9047619047619047,1.9,0.8914454479753326,0.9971192061707944,False,True,True,-0.10952295330923967,-0.025413615810027212,0.19308688399318474,0.5452240320724379,-0.11202608352735823
24.0,3,34.70000000000022,13,1.1999999999999034,1.1999999999999034,1.100000000000101,1.100000000000101,0.7006342913876695,0.5405901957715509,20.0,False,False,0.3979267678255096,-0.23502749893108144,-0.020237495149248885,3.200881912322373,2.1186788047066645,1.7207520368811549,1.4857245379500734,1.7207520368811549,1.6032382874156141,14.01268582775339,10.811803915431017,True,True,False,1.894736842105263,1.9,1.1181915913729619,0.9056589667795553,False,False,True,0.2080312630710075,-0.14685886840118612,-0.11097986444903007,0.4720255134942581,0.2108051899537327
24.0,3,36.80000000000025,7,0.8999999999998991,0.8999999999998991,0.9000000000001265,0.9000000000001265,0.5336918013468646,0.6365070850190637,20.0,False,False,-0.3109076518146927,0.1487454088246365,0.039984120554108396,-2.0563056734439833,1.6138540771674557,1.9247617289821484,1.2392463306239874,1.0905009217993509,1.1648736262116692,10.673836026937291,12.730141700381274,False,False,False,1.894736842105263,1.894736842105263,0.8517563185050461,1.0158464680739117,False,True,True,-0.17617702784304473,0.12786624499013738,0.33681594317102315,0.1526126057789967,-0.17617702784304468
24.0,3,41.60000000000035,17,1.0999999999998735,1.0999999999998735,0.6000000000001222,0.6000000000001222,0.5655733777674956,0.6015990114634047,21.0,False,False,-0.12040681129515951,0.012362011361193748,-0.027600671108312103,-0.7205126739181811,1.8902897738104123,2.010696585105572,1.1491530414541775,1.1367910300929838,1.1429720357735806,11.311467555349912,12.031980229268093,False,True,False,1.9047619047619047,1.9047619047619047,0.9924021312504665,1.0556157071804253,False,True,True,-0.061751084991309546,0.010815778062921971,-0.1665811075302126,0.133631918873473,-0.06175108499130954
24.0,3,45.50000000000038,22,1.0000000000000142,1.0000000000000142,0.7000000000001236,0.7000000000001236,0.5124040996035308,0.5564291653974811,23.0,False,False,-0.15414975050316815,0.03827170327788387,0.0211001467536992,-0.8805013158790054,1.7941361968739842,1.9482859473771523,1.2388043212652835,1.2005326179873996,1.2196684696263416,10.248081992070617,11.128583307949622,False,False,False,1.9090909090909092,1.9090909090909092,0.9397856269339917,1.020530734340413,False,False,True,-0.08242630593745148,0.03138135073266937,0.1393765496573287,0.1985790756075572,-0.08242630593745146
24.0,3,46.50000000000039,6,1.5,1.6999999999999105,1.0000000000000142,1.0000000000000142,0.4740144521771183,0.5141938397169223,22.0,False,True,-0.14068445902202376,-0.1474713857225216,-0.023371144624118906,-0.8035877507960816,1.6597183495416747,1.8004028085636985,1.6662643028955797,1.8137356886181013,1.7399999957568406,9.480289043542365,10.283876794338447,True,True,False,1.9090909090909092,1.9090909090909092,0.8693762783313534,0.9430681378190802,False,False,True,-0.08136250337968176,-0.08480445833475048,-0.12678591739133216,0.5538851107878403,-0.08136250337968165
24.0,3,48.2000000000003,7,0.6,0.49999999999992184,1.6999999999999105,1.6999999999999105,0.711729543909227,0.7246400186332815,21.0,True,False,-0.04109531739992489,-0.05275081901097467,0.006883662896784895,-0.25820949448108976,2.265505501153873,2.306600818553798,1.3800854266783522,1.4328362456893269,1.4064608361838395,14.234590878184541,14.49280037266563,False,False,False,1.9,1.9,1.1923713163967755,1.2140004308177885,True,False,True,-0.017977020332676563,-0.03751046790421447,0.057157802599232976,0.3410765036854735,-0.017977020332676452
24.0,3,48.70000000000022,25,0.9000000000001265,0.9000000000001265,0.49999999999992184,0.49999999999992184,0.6979924075495765,0.7062508228279478,20.0,False,False,-0.026287352273168807,-0.029532947986766978,0.00110217318889555,-0.1651683055674269,2.221778838042557,2.248066190315726,2.2400391480134063,2.2695720960001733,2.25480562200679,13.95984815099153,14.125016456558956,False,True,False,1.9,1.9,1.1693572831802932,1.183192731745119,True,False,True,-0.011762222259017019,-0.013097967253594134,0.0037208722701678187,0.8130637705727111,-0.011762222259017102
24.0,3,51.40000000000046,23,1.5,2.099999999999916,1.8000000000001108,1.8000000000001108,0.7341980489906366,0.6294501906737233,20.0,False,True,0.3167516491590989,0.06153998626634083,0.05777902780494598,2.094957166338265,2.220173725400422,1.903422076241323,1.325677236921567,1.2641372506552262,1.2949072437883966,14.683960979812731,12.589003813474466,True,False,False,1.894736842105263,1.894736842105263,1.1717583550724449,1.0045838735718093,False,True,True,0.15393208859898577,0.04753357685573667,0.3343282882629586,0.2584390661679801,0.1539320885989857
24.0,3,64.20000000000051,22,1.0000000000000568,1.0000000000000568,4.800000000000054,4.800000000000054,0.4890850078328004,0.5123089766747322,24.0,False,False,-0.08501281710632891,0.01791529803379044,0.022086680994549402,-0.4644793768386357,1.7903268215407564,1.8753396386470853,1.054357620342056,1.0364423223082655,1.0453999713251607,9.781700156656008,10.246179533494644,True,False,False,1.9130434782608696,1.9130434782608696,0.9358526567144863,0.9802911747473401,False,True,True,-0.04639159857720565,0.017137686053574498,0.6562066594540634,0.04439955986714579,-0.046391598577205734
24.0,3,65.20000000000057,2,1.5,3.2999999999998124,1.0000000000000568,1.0000000000000568,0.5037469595736592,0.5173063162716502,23.0,False,True,-0.047476850159892336,-0.0943883528293632,-0.018447247710024622,-0.2711871339598204,1.7638240110405428,1.811300861200435,1.6787676247426322,1.7731559775719954,1.7259618011573137,10.074939191473185,10.346126325433005,True,False,False,1.9090909090909092,1.9090909090909092,0.923907815306951,0.9487766415811802,False,False,True,-0.02656110935275202,-0.05470102950648659,-0.1178150835173426,0.5457844609895155,-0.026561109352751938
24.0,3,68.50000000000038,24,0.6,0.09999999999988063,3.2999999999998124,3.2999999999998124,0.6976918610926282,0.6107098263712629,22.0,True,False,0.29071603650801947,0.20129999866794002,0.0675407250580098,1.7396406944273046,2.331863277405392,2.0411472408973723,1.3598231585519762,1.1585231598840362,1.2591731592180062,13.953837221852563,12.214196527425258,False,True,False,1.9047619047619047,1.9047619047619047,1.2242282206378308,1.0716023014711205,True,False,True,0.13315561509698237,0.16020860485825592,0.9107321401379731,0.2304552827120822,0.13315561509698243
24.0,3,68.60000000000026,15,0.6,0.100000000000108,0.09999999999988063,0.09999999999988063,0.6976918610926282,0.6107098263712629,22.0,True,False,0.29071603650801947,0.19684491204824184,0.068390291767318,1.7396406944273046,2.331863277405392,2.0411472408973723,1.3487298470388995,1.1518849349906577,1.2503073910147786,13.953837221852563,12.214196527425258,False,True,False,1.9047619047619047,1.9047619047619047,1.2242282206378308,1.0716023014711205,True,False,True,0.13315561509698237,0.1577636210596298,0.957522727186463,0.22338943389443325,0.13315561509698243
24.0,3,68.70000000000037,8,0.6,0.5999999999999659,0.100000000000108,0.100000000000108,0.6976918610926282,0.6107098263712629,22.0,True,False,0.29071603650801947,0.20136125959983664,0.06926109176062231,1.7396406944273046,2.331863277405392,2.0411472408973723,1.346877880395828,1.1455166207959913,1.2461972505959096,13.953837221852563,12.214196527425258,False,True,False,1.9047619047619047,1.9047619047619047,1.2242282206378308,1.0716023014711205,True,False,True,0.13315561509698237,0.16193350043554525,0.9926210013600514,0.22009671489533866,0.13315561509698243
24.0,3,69.30000000000034,3,0.8999999999998352,0.8999999999998352,0.5999999999999659,0.5999999999999659,0.6707951112618629,0.6145376358613328,19.0,False,False,0.2679261530847752,0.28885416027996613,0.03354515760739263,1.125149508010601,2.028446797424865,1.7605206443400898,2.041279423547211,1.7524252632672448,1.896852343407228,13.415902225237257,12.290752717226656,False,True,False,1.894736842105263,1.8888888888888888,1.0705691430853455,0.932040341121224,False,False,True,0.14166078982382813,0.15257608643834275,0.10440995884063109,0.6401958510268699,0.1385695972541554
24.0,3,70.20000000000017,13,1.5,2.000000000000341,0.8999999999998352,0.8999999999998352,0.6857115644285052,0.6458673687296841,18.0,False,True,0.2169381968968731,0.23765832670195053,0.07376445914972862,0.7968839139764228,1.964418930253319,1.747480733356446,1.9693124325094529,1.7316541058075023,1.8504832691584776,13.714231288570105,12.917347374593682,False,True,False,1.8888888888888888,1.8823529411764706,1.0399864924870512,0.9283491395956119,False,False,True,0.11702132199163884,0.12860738056522825,0.2541399615967421,0.6154468315486633,0.11355511401515254
24.0,3,74.9999999999999,4,0.9999999999999432,0.9999999999999432,1.7999999999993292,1.7999999999993292,0.6424323813790886,0.6180830059789031,19.0,False,False,0.06975582221051524,0.018686092046347635,-0.017709241267479497,0.48698750800371116,1.840433203778034,1.7706773815675187,1.2001784060489782,1.1814923140026306,1.1908353600258044,12.848647627581773,12.361660119578062,True,False,False,1.8888888888888888,1.8888888888888888,0.9743469902354298,0.9374174373004511,False,False,True,0.03863880592108848,0.01569190511488669,-0.12450229915426547,0.17465504406342983,0.038638805921088454
24.0,3,75.99999999999984,23,0.6,0.50000000000054,0.9999999999999432,0.9999999999999432,0.5997511780530251,0.5715737208044551,18.0,True,False,0.08072246888766843,0.08436987563002463,0.01587005958173418,0.5635491449714003,1.7181605630218753,1.6374380941342068,1.7361701293632674,1.6518002537332428,1.693985191548255,11.995023561060503,11.431474416089102,False,True,False,1.8888888888888888,1.8888888888888888,0.9096144157174634,0.8668789910122272,False,False,True,0.048121395758941476,0.04981585621707141,0.08211494267001429,0.5270838544846024,0.04812139575894142
24.0,3,77.99999999999962,7,0.6,0.20000000000055707,0.6999999999992781,0.6999999999992781,0.5605314865120405,0.5831488318553113,21.0,True,False,-0.07559290853095879,0.16122671618905549,0.025817910942169786,-0.4523469068654151,1.8734384935778252,1.949031402108784,1.4337928889432714,1.272566172754216,1.3531795308487435,11.21062973024081,11.662976637106226,False,True,False,1.9047619047619047,1.9047619047619047,0.9835552091283583,1.0232414861071117,False,True,True,-0.03955702327988764,0.11928783258182829,0.11085583523611864,0.3024570313311034,-0.03955702327988773
24.0,3,84.69999999999938,21,0.6,0.10000000000042064,0.6999999999995339,0.6999999999995339,0.5949867023953894,0.5714315868589885,23.0,True,False,0.08247608759981606,0.1271438222936141,0.04500414562399091,0.47110231072801767,2.083291644723799,2.0008155571239827,1.266900342289668,1.139756519996054,1.203328431142861,11.899734047907788,11.42863173717977,False,True,False,1.9090909090909092,1.9090909090909092,1.0912480043791326,1.0480462442078005,True,False,True,0.04039428834455627,0.10575858116040748,0.24861696822112767,0.1850914098258839,0.04039428834455619
24.0,3,84.7999999999998,15,1.199999999999818,1.199999999999818,0.10000000000042064,0.10000000000042064,0.5949867023953894,0.5714315868589885,23.0,False,False,0.08247608759981606,0.1331105632643299,0.04243729531017698,0.47110231072801767,2.083291644723799,2.0008155571239827,1.2668371577481865,1.1337265944838566,1.2002818761160214,11.899734047907788,11.42863173717977,False,True,False,1.9090909090909092,1.9090909090909092,1.0912480043791326,1.0480462442078005,True,False,True,0.04039428834455627,0.11101328933102225,0.24676136487200595,0.18255642597338062,0.04039428834455619
24.0,3,89.09999999999921,12,1.5,3.0000000000001705,3.0999999999995964,3.0999999999995964,0.589030623983227,0.5662859890216385,22.0,False,True,0.07601834274210839,0.040514315574412096,0.04026216925364069,0.45489269923177034,1.968689844228116,1.8926715014860076,1.2619892462688205,1.2214749306944084,1.2417320884816143,11.78061247966454,11.32571978043277,True,False,False,1.9047619047619047,1.9047619047619047,1.0335621682197609,0.9936525382801541,False,True,True,0.03937894393163621,0.032630154773544806,0.3591260216142147,0.21650725048543676,0.03937894393163609
24.0,3,92.09999999999938,23,0.6,0.5999999999999943,3.0000000000001705,3.0000000000001705,0.5519456255259918,0.6040779093383151,21.0,True,False,-0.16594221326801706,0.17726962957421755,0.0832805939813138,-1.0426456762464653,1.756897492408196,1.922839705676213,1.332086611861042,1.1548169822868244,1.2434517970739332,11.038912510519836,12.081558186766301,True,False,False,1.9,1.9,0.9246828907411558,1.0120208977243226,False,True,True,-0.09025364164386207,0.1428047194003227,0.7613609666658299,0.2178912195967803,-0.09025364164386192
24.0,3,93.79999999999896,19,1.2000000000002586,1.2000000000002586,0.9999999999991616,0.9999999999991616,0.6265877327265521,0.6080490406759695,22.0,False,False,0.06196101404448129,0.2042951682933627,0.060596159439830294,0.37077384101165123,2.0942152338276565,2.032254219783175,1.5481347687164209,1.3438396004230582,1.4459871845697396,12.531754654531042,12.16098081351939,False,False,False,1.9047619047619047,1.9047619047619047,1.0994629977595198,1.066933465386167,True,False,True,0.030033263087448248,0.14151994121690548,0.3115336821550454,0.36879226102077056,0.030033263087448317
24.0,3,94.99999999999922,13,1.0999999999995822,1.0999999999995822,1.2000000000002586,1.2000000000002586,0.6165469964393422,0.602000356309977,21.0,False,False,0.04630339363934799,0.06126468745278002,0.029894822521030012,0.2909328025873048,1.96253004263565,1.916226648996302,1.7618779581941404,1.7006132707413604,1.7312456144677504,12.330939928786844,12.040007126199539,True,False,False,1.9,1.9,1.0329105487556054,1.0085403415770011,False,True,True,0.023876513558438228,0.03539132838488912,0.15738900001091016,0.5488411577908809,0.023876513558438228
24.0,3,96.0999999999988,18,1.000000000000398,1.000000000000398,1.0999999999995822,1.0999999999995822,0.6545392291283472,0.6583543452491165,20.0,False,False,-0.01153669719271,0.03689816498928433,0.023922345371121617,-0.07630232241538693,1.979289921503368,1.990826618696078,1.759939306460681,1.7230411414713966,1.7414902239660388,13.090784582566943,13.16708690498233,True,False,False,1.894736842105263,1.894736842105263,1.0446252363489998,1.0507140487562634,True,False,True,-0.005811783885250388,0.021188488416429507,0.12550522462930958,0.5547411972371256,-0.005811783885250325
24.0,3,100.79999999999843,10,1.0000000000005258,1.0000000000005258,0.6999999999990507,0.6999999999990507,0.5476081719924935,0.5666386469182463,21.0,False,False,-0.060575883076398274,0.27252506419424694,0.06872658481594388,-0.38060949851505654,1.7430909490024429,1.8036668320788412,1.440940548312726,1.168415484118479,1.3046780162156026,10.952163439849869,11.332772938364926,False,False,False,1.9,1.9,0.9174162889486542,0.9492983326730743,False,False,True,-0.034161776947899236,0.20964751506731286,0.3726056228980348,0.2659562794623182,-0.03416177694789914
24.0,3,105.19999999999877,2,1.5,2.199999999999875,1.099999999999966,1.099999999999966,0.5332337280231423,0.5836931258514584,23.0,False,True,-0.17667897697597312,0.168288013895731,0.021955395904487696,-1.009187956566322,1.867069240040453,2.043748217016426,1.2854931187809562,1.1172051048852252,1.2013491118330908,10.664674560462846,11.673862517029168,True,False,False,1.9090909090909092,1.9090909090909092,0.9779886495449991,1.0705347803419374,False,False,True,-0.09041553312700534,0.14031227032299165,0.16012780860850628,0.1834451851480204,-0.09041553312700533
24.0,3,107.39999999999864,12,0.6,0.20000000000031548,2.199999999999875,2.199999999999875,0.6005273279191243,0.564352319993862,22.0,True,False,0.12090605788157394,-0.0478645666879316,0.037383104313475496,0.7235001585052458,2.0071147467020203,1.8862086888204463,1.3185501666107988,1.3664147332987304,1.3424824499547645,12.010546558382487,11.28704639987724,False,True,False,1.9047619047619047,1.9047619047619047,1.0537352420185606,0.9902595616307344,False,True,True,0.06212941178620568,-0.035657552228226974,0.30510670370531523,0.2945204746560415,0.06212941178620557
24.0,3,107.59999999999896,15,0.6,0.39999999999918145,0.20000000000031548,0.20000000000031548,0.6005273279191243,0.564352319993862,22.0,True,False,0.12090605788157394,-0.024009968060495712,0.048604272654266506,0.7235001585052458,2.0071147467020203,1.8862086888204463,1.2597215794553591,1.2837315475158548,1.271726563485607,12.010546558382487,11.28704639987724,False,False,False,1.9047619047619047,1.9047619047619047,1.0537352420185606,0.9902595616307344,False,True,True,0.06212941178620568,-0.018880380405112973,0.4319089652830923,0.24037547599626616,0.06212941178620557
24.0,3,107.99999999999814,5,0.6000000000004206,0.6000000000004206,0.39999999999918145,0.39999999999918145,0.686763242967734,0.5585410397339263,20.0,False,False,0.29884218432374654,0.11508908698131703,0.012033327413146278,2.5644440646761524,2.0767335321905684,1.777891347866822,1.899377872513016,1.784288785531699,1.8418333290223574,13.735264859354679,11.170820794678527,False,True,False,1.894736842105263,1.9,1.0960538086561333,0.9357322883509589,False,False,True,0.1553682160613159,0.06250650067875219,0.04563116839865655,0.6107614500380005,0.1581421429440412
24.0,3,108.59999999999856,8,0.6,0.19999999999987494,0.6000000000004206,0.6000000000004206,0.6681601767359391,0.5633758856195534,19.0,True,False,0.3168618199015063,0.34673143886473246,0.070040293510578,2.095685822327713,2.0204789031889034,1.7036170832873971,2.0311758922964893,1.6844444534317569,1.8578101728641232,13.363203534718782,11.267517712391069,False,True,False,1.894736842105263,1.894736842105263,1.0663638655719214,0.8991312384016819,False,False,True,0.17058087732651117,0.1871790744243813,0.23495664694551377,0.6193984677147817,0.1705808773265113
24.0,3,109.09999999999852,18,1.5,2.3999999999993236,0.3000000000000824,0.3000000000000824,0.6360369253637383,0.6502863478344718,19.0,False,True,0.0604068322570146,0.22474275844500724,0.06410484747112233,-0.2849884494146693,1.9233399925515875,1.862933160294573,1.9283598417324044,1.7036170832873971,1.8159884625099008,12.720738507274767,13.005726956689436,False,True,False,1.894736842105263,1.8888888888888888,1.0150961071800046,0.9862587319206563,False,True,True,0.03191104066054229,0.123916131902014,0.18021896016946493,0.5966299269154729,0.028819848090869512
24.0,3,111.49999999999784,6,1.5,1.7000000000009265,2.3999999999993236,2.3999999999993236,0.912336330741372,0.7535622685342531,18.0,False,True,0.42958450619573174,0.10420871776765162,0.03870716612916231,3.1754812441423788,2.468448225596798,2.0388637194010664,1.4578733213349382,1.3536646035672866,1.4057689624511123,18.24672661482744,15.071245370685062,True,False,False,1.8823529411764706,1.8823529411764706,1.3113631198482991,1.0831463509318164,True,False,True,0.19119705208247229,0.07416330862930764,0.24005041496466384,0.34058445730503745,0.1911970520824725
24.0,3,113.59999999999772,9,1.5,1.8000000000009209,0.3999999999989541,0.3999999999989541,0.8773702252066737,0.7126744102295106,18.0,False,True,0.44560660202278357,0.5048259776872492,0.047979155288046305,3.2939162995432625,2.3738427404759563,1.9282361384531728,1.9731811151616792,1.46835513747443,1.7207681263180545,17.547404504133475,14.253488204590212,False,False,False,1.8823529411764706,1.8823529411764706,1.2611039558778518,1.0243754485532481,True,False,True,0.20790438442606507,0.29550419947047213,0.1754728904552072,0.542770776204565,0.2079043844260651
24.0,3,119.099999999998,19,0.6,0.39999999999983515,1.9999999999994884,1.9999999999994884,0.490174484661205,0.5073013106651141,22.0,True,False,-0.059968018395932354,0.13311949651495358,0.04459959024656508,-0.34253652007818225,1.7163012286497707,1.776269247045703,1.259829219721191,1.1267097232062375,1.1932694714637142,9.8034896932241,10.146026213302282,False,True,True,1.9090909090909092,1.9090909090909092,0.8990149292927371,0.9304267484525112,False,False,True,-0.0343437093142519,0.11167453591307257,0.3876599476439355,0.17669699477929163,-0.034343709314252
24.0,3,122.49999999999724,17,1.5,4.600000000000762,0.8999999999995225,0.8999999999995225,0.5361889821772436,0.6044503701550008,23.0,False,True,-0.2390110210174219,0.08993609155853499,-0.0025949444358580043,-1.3652277595551432,1.877416792788251,2.116427813805673,1.2587265504976743,1.1687904589391394,1.213758504718407,10.723779643544873,12.089007403100016,False,False,False,1.9090909090909092,1.9090909090909092,0.9834087962224172,1.108605045326781,False,True,True,-0.11983288841254347,0.07413111738390554,-0.016815866261170154,0.19372174757590918,-0.11983288841254347
24.0,3,127.39999999999829,15,1.5,3.0999999999989,0.3000000000002814,0.3000000000002814,0.6677730748998405,0.5203007277923208,23.0,False,True,0.5163609662535618,0.12525934309001352,-0.008248274836364783,2.9494469421503933,2.3381464861476497,1.821785519894088,1.2679174187543356,1.142658075664322,1.2052877472093289,13.35546149799681,10.406014555846417,False,False,False,1.9090909090909092,1.9090909090909092,1.2247433975059117,0.954268605658808,False,False,True,0.24954144050006088,0.10401853306977216,-0.047767506072889265,0.1867183328003704,0.24954144050006077
24.0,3,132.19999999999678,20,0.6,0.4000000000003183,1.6999999999995907,1.6999999999995907,0.5162437246035854,0.5561740755859947,23.0,True,False,-0.13981248024138515,0.14573887613272252,0.024200873728274203,-0.7986070196481876,1.8075802934382976,1.9473927736796828,1.2758651593595824,1.13012628322686,1.2029957212932212,10.324874492071707,11.123481511719895,False,False,True,1.9090909090909092,1.9090909090909092,0.9468277727533939,1.0200628814512624,False,False,True,-0.07450234236603204,0.12129512330743626,0.25285869956318274,0.18481488028897752,-0.07450234236603208
24.0,3,132.5999999999971,22,0.6,0.3999999999996646,0.4000000000003183,0.4000000000003183,0.5543961509172304,0.8487401843954938,22.0,True,False,-0.9837724658511111,-0.14451754381237758,-0.019850155358185823,-5.886880669565269,1.85293264484155,2.836705110692661,1.7945426855513704,1.939060229363748,1.866801457457559,11.087923018344608,16.974803687909876,False,False,False,1.9047619047619047,1.9047619047619047,0.9727896385418138,1.4892701831136472,False,False,True,-0.42587360896739734,-0.07745321965331253,-0.0964372997250047,0.6242265158182879,-0.4258736089673974
24.0,3,132.99999999999676,16,1.5,2.400000000001512,0.3999999999996646,0.3999999999996646,0.5534686470946353,0.8371762229893092,21.0,False,True,-0.9482227250213844,-0.9582871637284589,-0.1414496016240842,-5.674151517893478,1.8498326916613943,2.7980554166827787,1.852003147621743,2.810290311350202,2.3311467294859725,11.069372941892706,16.743524459786183,False,True,False,1.9047619047619047,1.9047619047619047,0.971162163122232,1.4689790937584588,False,False,True,-0.41382948380581164,-0.4170199558546075,-0.42584160461122944,0.8463603050849692,-0.4138294838058116
24.0,3,137.39999999999694,5,0.6,0.5000000000003126,1.9999999999986642,1.9999999999986642,0.5278359204590588,0.6106921417070028,21.0,True,False,-0.26373954355052054,0.21439488934307094,0.0752604595039856,-1.6571244249588801,1.680153917650394,1.9438934612009144,1.3164444403605895,1.1020495510175186,1.2092469956890541,10.556718409181176,12.213842834140056,False,False,False,1.9,1.9,0.8842915356054705,1.0231018216846919,False,False,True,-0.14580749375989266,0.17776282218155104,0.6542502262766607,0.18999784827631805,-0.14580749375989263
24.0,3,137.89999999999725,23,1.5,2.299999999999528,0.5000000000003126,0.5000000000003126,0.648895583563462,0.6060450838580822,20.0,False,True,0.03312243716675556,-0.26383583043772085,-0.015328250718180003,0.8570099941075959,1.9622238538178756,1.92910141665112,1.670396055255576,1.934231885693297,1.8023139704744366,12.97791167126924,12.120901677161644,False,True,False,1.894736842105263,1.9,1.0356181450705455,1.0153165350795368,False,True,True,0.01702414207325409,-0.1466495322282787,-0.07046106682087361,0.5890713784566108,0.01979806895597952
24.0,3,140.9999999999972,2,1.5,2.099999999999312,0.40000000000009095,0.40000000000009095,0.6973520967905502,0.7177429102179937,21.0,False,True,-0.06815127376348684,0.21018833779536172,-0.018200355852707212,-0.40781626854887065,2.330727698873992,2.398878972637479,1.4179552239169328,1.2077668861215711,1.312861055019252,13.947041935811004,14.354858204359875,False,True,False,1.9047619047619047,1.9047619047619047,1.2236320419088458,1.2594114606346765,True,False,True,-0.028820997566715745,0.16044274485834925,-0.08326570489508267,0.2722087671919301,-0.028820997566715856
24.0,3,143.0999999999965,10,1.5,2.3000000000004377,2.099999999999312,2.099999999999312,0.5628234692316925,0.6348137141817247,21.0,False,True,-0.1395759295475265,0.31255918465911536,0.08927742475778808,-1.4398048990006451,1.8810988815434155,2.020674811090942,1.8986248624063429,1.5860656777472275,1.7423452700767852,11.25646938463385,12.696274283634494,True,True,False,1.9047619047619047,1.9,0.9875769128102933,1.063513058468917,False,True,True,-0.07157540298152976,0.17987333421291424,0.3906545531597023,0.5552320620494147,-0.07407853319964831
24.0,3,150.39999999999574,11,0.700000000000756,0.700000000000756,1.3999999999985562,1.3999999999985562,0.6477796328388834,0.5917763594112451,23.0,False,False,0.19609035149738396,0.13823845087453668,0.013965200928459515,1.1200654685527667,2.2681412732123496,2.0720509217149656,1.2577975265457093,1.1195590756711726,1.188678301108441,12.955592656777668,11.835527188224901,True,False,False,1.9090909090909092,1.9090909090909092,1.188074000254088,1.085360006612601,True,False,True,0.09042177348923608,0.11642727127553779,0.10081344121133351,0.17284201853349812,0.0904217734892362
24.0,4,25.800000000000097,21,0.6,0.09999999999999787,7.000000000000121,7.000000000000121,0.5301234802926791,0.5524067600695854,24.0,True,False,-0.08156936487026933,-0.018866268899959904,-0.0107236097925675,-0.44566559553812723,1.9405507637661532,2.0221201286364225,1.040740095064138,1.0596063639640978,1.050173229514118,10.602469605853582,11.048135201391709,False,True,False,1.9130434782608696,1.9130434782608696,1.0143788083323073,1.057017339969039,False,True,True,-0.041174698000828736,-0.017965394469701655,-0.29351889318905666,0.04895513105128383,-0.041174698000828805
24.0,4,25.900000000000095,2,1.5,3.5000000000000817,0.09999999999999787,0.09999999999999787,0.5301234802926791,0.5524067600695854,24.0,False,True,-0.08156936487026933,-0.018862318377643295,-0.010762332205920003,-0.44566559553812723,1.9405507637661532,2.0221201286364225,1.04010943023725,1.0589717486148933,1.0495405894260716,10.602469605853582,11.048135201391709,False,True,False,1.9130434782608696,1.9130434782608696,1.0143788083323073,1.057017339969039,False,True,True,-0.041174698000828736,-0.017972459846074006,-0.29856047731740176,0.048352534543623135,-0.041174698000828805
24.0,4,29.400000000000176,19,1.5,3.5000000000000213,3.5000000000000817,3.5000000000000817,0.6416628572437455,0.5960539713177404,22.0,False,True,0.15243647252479975,0.067290166780539,0.0506790956565855,0.9121777185201019,2.1446001261050367,1.992163653580237,1.218563692871569,1.15127352609103,1.1849186094812996,12.83325714487491,11.921079426354808,True,False,False,1.9047619047619047,1.9047619047619047,1.1259150662051443,1.0458859181296245,True,False,True,0.07373180240549759,0.05680412062027318,0.5349305003098599,0.16967408824621613,0.07373180240549754
24.0,4,32.9000000000002,22,0.8999999999998991,0.8999999999998991,3.5000000000000213,3.5000000000000213,0.7706915059342379,0.6477393730664645,21.0,False,False,0.3913687941919526,0.2087735389183878,0.09275999180329669,2.459042657355468,2.453187255367415,2.0618184611754624,1.37374787053209,1.1649743316137022,1.2693611010728962,15.413830118684757,12.954787461329289,True,False,False,1.9,1.9,1.2911511870354817,1.0851676111449802,True,False,True,0.1737997580988736,0.1648436227960413,0.9147041901877988,0.23851370386698026,0.17379975809887377
24.0,4,40.30000000000019,21,0.6000000000000085,0.6000000000000085,2.900000000000013,2.900000000000013,0.5586907204481353,0.5238314923145122,23.0,False,False,0.12205640633635162,0.033865423440385234,0.0101974703551104,0.6971845626724615,1.9562045760156452,1.8341481696792936,1.1202960243952855,1.0864306009549003,1.1033633126750928,11.173814408962706,10.476629846290244,True,False,False,1.9090909090909092,1.9090909090909092,1.0246785874367665,0.9607442793558204,False,False,True,0.06442599409100924,0.030695313153951506,0.19488010092825636,0.0983630719605658,0.06442599409100926
24.0,4,41.10000000000032,17,1.5,1.8000000000000185,0.20000000000012363,0.20000000000012363,0.5300792098214644,0.5327591660816062,23.0,False,True,-0.009383622293576366,-0.04487452619901933,-0.033769690060785,-0.05359912520283672,1.856023982413304,1.8654076047068804,1.1532111962153528,1.1980857224143722,1.1756484593148624,10.601584196429288,10.655183321632125,False,False,False,1.9090909090909092,1.9090909090909092,0.9722030384069688,0.9771182691321754,False,False,True,-0.005043028179355646,-0.0381746561777708,-0.5242341419235723,0.16181987563418107,-0.0050430281793555735
24.0,4,42.90000000000034,23,1.0000000000000142,1.0000000000000142,1.8000000000000185,1.8000000000000185,0.5590567228028114,0.5139678728037955,22.0,False,False,0.15069838046911976,0.10960738953834825,0.028083463648460108,0.9017769999803171,1.8685094589592817,1.717811078490162,1.507620385154967,1.3980129956166187,1.4528166903857929,11.181134456056228,10.27935745607591,True,False,False,1.9047619047619047,1.9047619047619047,0.9809674659536229,0.9018508162073351,False,True,True,0.08409018069741359,0.07548056428181382,0.24163871274884619,0.3735042172252445,0.08409018069741353
24.0,4,43.900000000000354,24,1.200000000000017,1.200000000000017,1.0000000000000142,1.0000000000000142,0.8155066381083049,0.7656088195116153,21.0,False,False,0.158829689583317,0.13945123989310515,0.0561437529107891,0.9979563719337925,2.595838251583803,2.437008562000486,1.7436556125221796,1.6042043726290744,1.673929992575627,16.3101327621661,15.312176390232306,True,False,False,1.9,1.9,1.3662306587283175,1.2826360852634138,True,False,True,0.06313820214162913,0.08335592041789058,0.33954151897005014,0.5151741507481171,0.06313820214162916
24.0,4,45.10000000000037,6,1.3000000000000185,1.3000000000000185,1.200000000000017,1.200000000000017,0.7040089855830027,0.6222340869786853,20.0,False,False,0.26029758667431335,0.25082420034931374,0.0720914201961117,1.6354979720863483,2.2409302007329157,1.9806326140586024,2.2663116445815668,2.015487444232253,2.14089954440691,14.080179711660055,12.444681739573706,True,True,False,1.9,1.9,1.1794369477541662,1.0424382179255802,True,False,True,0.12347475212498438,0.11729260990487511,0.26561831633427646,0.7612260885660469,0.12347475212498435
24.0,4,46.40000000000039,5,1.5,1.8999999999997996,1.3000000000000185,1.3000000000000185,0.7555533354228174,0.877497745181298,19.0,False,True,-0.3493450007187433,-0.16576114466381364,0.042109764124337895,-2.4388881951696106,2.164500865837984,2.513845866556727,1.5308477369751374,1.696608881638951,1.6137283093070443,15.111066708456349,17.54995490362596,True,False,False,1.8888888888888888,1.8888888888888888,1.1459122230906973,1.330859576412385,True,False,True,-0.14962401033007244,-0.1028098249262217,0.21384383302817622,0.4785472219153651,-0.14962401033007247
24.0,4,55.500000000000405,22,1.5,2.8000000000001535,1.1000000000000156,1.1000000000000156,0.4601091480854684,0.5126669216677744,24.0,False,True,-0.1923910776611586,0.05568685626533876,-0.0003272789338165938,-1.0511554716461209,1.684258841430873,1.8766499190920316,1.3086320030244196,1.2529451467590809,1.2807885748917502,9.202182961709367,10.253338433355488,True,False,False,1.9130434782608696,1.9130434782608696,0.8804080307479564,0.9809760940708346,False,True,True,-0.10816261901500368,0.043485421651201145,-0.0016683335426768142,0.24747596236994338,-0.1081626190150036
24.0,4,58.30000000000056,25,1.400000000000034,1.400000000000034,2.8000000000001535,2.8000000000001535,0.6395598606718735,0.5455452957937235,23.0,False,False,0.32918341990580813,0.10821806250096166,0.004501804710292601,1.8802912975630015,2.239360491040036,1.910177071134228,1.2399824958157466,1.131764433314785,1.1858734645652658,12.79119721343747,10.91090591587447,True,False,False,1.9090909090909092,1.9090909090909092,1.1729983524495426,1.0005689420226909,False,True,True,0.1589943848724673,0.09131940289250058,0.04826135828465894,0.1704796039606049,0.1589943848724673
24.0,4,59.70000000000059,8,1.5,1.70000000000001,1.400000000000034,1.400000000000034,0.5353917621756112,0.5741959749184371,22.0,False,True,-0.04448328224608633,0.45411438159561857,0.08721265759312512,-0.7760842548565172,1.8746253997004372,1.9191086819465235,1.8994248788869224,1.4453104972913038,1.6723676880891132,10.707835243512225,11.483919498368742,True,True,False,1.9090909090909092,1.9047619047619047,0.9819466379383242,1.007532058021925,False,True,True,-0.023451997463694974,0.27322696952840736,0.550682251528815,0.5142403996302448,-0.025722145998234244
24.0,4,61.4000000000006,14,1.0,1.0,1.70000000000001,1.70000000000001,0.5599584454390198,0.6104784417040419,21.0,False,False,-0.16081014261124693,-0.10955328222409988,0.007293693983594585,-1.0103999253004403,1.7824030903534678,1.9432132329647147,1.452273404248675,1.5618266864727748,1.507050045360725,11.199168908780397,12.209568834080837,True,False,False,1.9,1.9,0.9381068896597199,1.0227438068235342,False,False,True,-0.08638040400044511,-0.07272589548356573,0.04930143419007926,0.4101541276933134,-0.08638040400044515
24.0,4,62.4000000000006,11,0.6,0.49999999999993605,1.0,1.0,0.5917491412977842,0.6504416404022155,20.0,True,False,-0.17748282574285112,-0.1701183881466639,-0.028306264369760803,-1.1738499820886261,1.789416217250609,1.96689904299346,1.6875552057563652,1.857673593903029,1.7726143998296973,11.834982825955684,13.00883280804431,False,False,False,1.894736842105263,1.894736842105263,0.9444141146600437,1.0380856060243262,False,False,True,-0.09456878167313021,-0.096044091159187,-0.14012835000341672,0.5724555188532496,-0.09456878167313026
24.0,4,62.90000000000054,19,0.6,0.5999999999998664,0.49999999999993605,0.49999999999993605,0.5909350341907569,0.6502186201686229,19.0,True,False,-0.17927023929922425,-0.1776989603971768,-0.0497483603770682,-1.1856717195573196,1.7869544030151057,1.96622464231433,1.7892000825962833,1.96689904299346,1.8780495627948717,11.818700683815138,13.004372403372457,False,True,False,1.894736842105263,1.894736842105263,0.9431148238135281,1.037729672332563,False,False,True,-0.09560255892472103,-0.0946895739774618,-0.1918805587445942,0.6302337717024028,-0.095602558924721
24.0,4,70.10000000000034,25,0.6,0.30000000000026716,0.6999999999997328,0.6999999999997328,0.4771905455235368,0.5812348109609902,22.0,True,False,-0.3643015011841908,0.12238125013252343,0.026395675686586018,-2.0808853087490675,1.6708391505693578,2.0351406517535486,1.321772621441464,1.1993913713089406,1.2605819963752023,9.543810910470736,11.624696219219803,False,True,False,1.9090909090909092,1.9090909090909092,0.8752014598220446,1.0660260556804302,False,False,True,-0.1972389472509063,0.09715949319916617,0.14468009149311722,0.23157351620463015,-0.1972389472509063
24.0,4,71.00000000000024,13,0.6,0.19999999999987494,0.09999999999969589,0.09999999999969589,0.6700167554617029,0.5532406496757476,23.0,True,False,0.2141934156574603,-0.3715810030888562,-0.09425466609066971,2.3355221157191064,2.2393660503085973,2.025172634651137,1.6693288558357686,2.040909858924625,1.8551193573801967,13.400335109234058,11.064812993514952,False,True,False,1.9047619047619047,1.9130434782608696,1.1756671764120137,1.0586129681130942,True,False,True,0.10053786395169062,-0.20097405478124553,-0.3362263366093736,0.6179490375906219,0.10487626555028895
24.0,4,71.20000000000012,17,0.6,0.30000000000009663,0.19999999999987494,0.19999999999987494,0.6700167554617029,0.5321334872466066,23.0,True,False,0.29145752806801095,-0.3589093831405752,-0.08375107231633497,2.7576653643019267,2.2393660503085973,1.9479085222405863,1.6103389860777375,1.9692483692183127,1.7897936776480252,13.400335109234058,10.642669744932132,False,True,False,1.9047619047619047,1.9130434782608696,1.1756671764120137,1.0182249093530338,False,True,True,0.13943656827378126,-0.20120722428511645,-0.3199537477071088,0.5821003493254869,0.14377496987237942
24.0,4,71.50000000000021,4,1.5,3.09999999999971,0.30000000000009663,0.30000000000009663,0.6668881042804413,0.5526737766401242,21.0,False,True,0.38173327113334987,0.39786776725816164,0.022344571020381898,2.2842865528063427,2.228909303993728,1.8471760328603783,2.2393660503085973,1.8414982830504356,2.0404321666795164,13.337762085608826,11.053475532802484,False,True,False,1.9047619047619047,1.9047619047619047,1.1701773845967074,0.9697674172516987,False,False,True,0.18785436034908376,0.19561328801818412,0.06028286983630016,0.7131616318313703,0.18785436034908376
24.0,4,74.59999999999992,5,1.5,2.0999999999999943,3.09999999999971,3.09999999999971,0.7158893412065925,0.6133010506656591,20.0,False,True,0.3102212373158042,-0.11166740771408024,0.002701459540979001,2.0517658108186687,2.164809219836764,1.8545879825209597,1.3109848538307365,1.4226522615448167,1.3668185576877767,14.31778682413185,12.266021013313182,True,False,False,1.894736842105263,1.894736842105263,1.1425381993582922,0.9788103241082843,False,False,True,0.15466967786349717,-0.08174426771028576,0.01849611327446321,0.3124858186381295,0.15466967786349722
24.0,4,76.69999999999992,12,1.4000000000004178,1.4000000000004178,2.0999999999999943,2.0999999999999943,0.6423059506805977,0.7304218071859947,19.0,False,False,-0.2524333342969811,0.36633695610833295,0.07806965137923651,-1.7623171301079399,1.8400710065068129,2.092504340803794,1.6299219361961212,1.2635849800877883,1.4467534581419548,12.846119013611954,14.608436143719894,True,False,False,1.8888888888888888,1.8888888888888888,0.974155238738901,1.1077964157196556,False,False,True,-0.12855743646841322,0.2545792184959732,0.5381180125210274,0.3693220517519713,-0.12855743646841314
24.0,4,79.9,14,1.5,2.6999999999999176,0.3999999999997925,0.3999999999997925,0.5856643434794093,0.5689825039572516,22.0,False,True,0.05575494161615979,-0.04260183787056149,-0.020913589320103287,0.33363679044315475,1.9574388804057703,1.9016839387896105,1.3794283974851118,1.4220302353556733,1.4007293164203927,11.713286869588186,11.379650079145032,False,False,False,1.9047619047619047,1.9047619047619047,1.0276554122130295,0.9983840678645456,False,True,True,0.02889714787480091,-0.03041638507002714,-0.07230119816835767,0.3369930412792008,0.02889714787480091
24.0,4,88.09999999999916,23,1.5,2.5999999999997385,0.1999999999991502,0.1999999999991502,0.5396864758180744,0.5482253775365127,24.0,False,True,-0.03125719359250323,0.05440983671465971,-0.014161226385716208,-0.17077803436876593,1.975556717964697,2.0068139115572,1.1903101608492148,1.135900324134555,1.163105242491885,10.793729516361488,10.964507550730254,False,False,False,1.9130434782608696,1.9130434782608696,1.0326773752997278,1.0490163628594456,True,False,True,-0.01569810466757804,0.04678833892195519,-0.0705623311142809,0.15109336169676568,-0.015698104667578178
24.0,4,90.6999999999989,21,0.6,0.3999999999999915,2.5999999999997385,2.5999999999997385,0.6899829275811298,0.5716119373144091,23.0,True,False,0.41446522083188686,0.12773812958628272,0.05337377353870959,2.367419805334414,2.415912258618189,2.0014470377863023,1.293966536568104,1.1662284069818212,1.2300974717749624,13.799658551622596,11.432238746288181,False,False,False,1.9090909090909092,1.9090909090909092,1.2654778497523846,1.048377019792825,True,False,True,0.1882065247765078,0.1039373771926575,0.4976892031393614,0.20709341159007752,0.18820652477650762
24.0,4,91.09999999999889,22,1.5,1.8000000000001108,0.3999999999999915,0.3999999999999915,1.0046185202336666,0.5693959179549832,22.0,False,True,1.2041122201216432,0.4001677774516985,0.09365681191101147,8.704452045573667,3.197800068337066,1.993687848215423,2.3977123316362925,1.997544554184594,2.1976284429104433,20.092370404673332,11.387918359099665,False,True,False,1.9,1.9090909090909092,1.6830526675458244,1.044312682398555,True,False,True,0.47247698098296664,0.18259638423991076,0.3470463349588657,0.7873787984301523,0.4772502597356243
24.0,4,91.09999999999944,5,1.5,1.7999999999995566,0.4000000000005457,0.4000000000005457,1.0046185202336666,0.5693959179549832,22.0,False,True,1.2041122201216432,0.4001677774516985,0.09365681191101147,8.704452045573667,3.197800068337066,1.993687848215423,2.3977123316362925,1.997544554184594,2.1976284429104433,20.092370404673332,11.387918359099665,False,True,False,1.9,1.9090909090909092,1.6830526675458244,1.044312682398555,True,False,True,0.47247698098296664,0.18259638423991076,0.3470463349588657,0.7873787984301523,0.4772502597356243
24.0,4,92.899999999999,10,0.6,0.5000000000001279,1.7999999999995566,1.7999999999995566,0.7521747549191788,0.5481815812939637,20.0,True,False,0.7365762471639907,1.086611887915502,0.21619834944007718,4.079863472504304,2.3942466062864445,1.6576703591224538,2.4108745335239496,1.3242626456084476,1.8675685895661986,15.043495098383577,10.963631625879273,False,True,True,1.9,1.894736842105263,1.2601297927823392,0.8748815784257395,False,False,True,0.3676553934113205,0.5991337480019483,0.8990093131541372,0.6246373653644071,0.3648814665285952
24.0,4,93.39999999999912,8,1.5,2.7000000000000313,0.5000000000001279,0.5000000000001279,0.6552474029995592,0.594873633083564,19.0,False,True,0.27724397360952846,0.35235491248466166,0.14496610979211982,1.2074753983199038,1.9814313995746344,1.704187425965106,2.0091286301053475,1.6567737176206858,1.8329511738630166,13.104948059991184,11.89747266167128,False,True,False,1.894736842105263,1.8888888888888888,1.0457554608866126,0.902216872569762,False,False,True,0.1507310984751551,0.19282894307978238,0.5769073385274446,0.6059273312212926,0.14763990590548226
24.0,4,98.49999999999868,20,0.6,0.200000000000216,2.3999999999995225,2.3999999999995225,0.4830025695125535,0.5177290505534939,19.0,True,False,-0.1050109311632006,0.13973688961273445,0.0558236888955005,-0.694529620818809,1.4605726828161838,1.5655836139793844,1.2075210807534589,1.0677841911407244,1.1376526359470915,9.66005139025107,10.354581011069879,False,True,False,1.894736842105263,1.894736842105263,0.7708578048196526,0.8262802407113418,False,False,True,-0.06943006344173197,0.12298391267394262,0.5859912510628331,0.12896704828889904,-0.06943006344173189
24.0,4,99.89999999999893,11,1.000000000000071,1.000000000000071,0.7999999999994856,0.7999999999994856,0.7122541107861764,0.6859245268287513,21.0,False,False,0.08380966872754536,-0.02609366257024348,0.006635152936830979,0.5265916791485026,2.2671752493828485,2.183365580655303,1.3607253112919486,1.386818973862192,1.3737721425770704,14.245082215723528,13.718490536575025,False,False,False,1.9,1.9,1.1932501312541308,1.1491397792922649,True,False,True,0.037667142437667445,-0.018994741781921676,0.027055927739399133,0.3175603449512511,0.03766714243766742
24.0,4,106.59999999999822,18,1.3000000000007077,1.3000000000007077,0.09999999999953957,0.09999999999953957,0.5848583389398279,0.5480383773177451,23.0,False,False,0.12892173572538357,-0.011447001085487463,0.027827548043327294,0.7363992324416557,2.047828104317352,1.9189063685919685,1.16263477781196,1.1740817788974474,1.1683582783547037,11.697166778796557,10.960767546354901,False,False,False,1.9090909090909092,1.9090909090909092,1.072671864166232,1.0051414311672215,False,True,True,0.06502434615138486,-0.009797587663374019,0.1498454167784915,0.1555995825360537,0.06502434615138494
24.0,4,110.09999999999802,15,1.5,4.199999999999662,2.1999999999990933,2.1999999999990933,0.6514516743945893,0.6076583098572637,23.0,False,True,0.15333846969629494,0.2520803464055539,0.0492309418244531,0.8758672907465126,2.280998591638597,2.127660121942302,1.3754460428895503,1.1233656964839964,1.2494058696867734,13.029033487891786,12.153166197145273,True,False,False,1.9090909090909092,1.9090909090909092,1.1948087860964078,1.1144886353031107,True,False,True,0.06959048427961223,0.20244880813510313,0.3857059396231408,0.22266813407075772,0.0695904842796121
24.0,4,114.29999999999768,24,0.6,0.30000000000053717,4.199999999999662,4.199999999999662,0.5245310375793446,0.5306783218607247,22.0,True,False,-0.021524154959401187,0.24602760810932156,0.0739307896808639,-0.12294568562760233,1.8365975635892149,1.858121718548616,1.3697160064803438,1.1236883983710222,1.2467022024256829,10.490620751586892,10.613566437214494,False,True,False,1.9090909090909092,1.9090909090909092,0.9620272952133982,0.9733018525730845,False,False,True,-0.011651439158442689,0.19798693642284668,0.7228983180117312,0.22050182697161363,-0.011651439158442713
24.0,4,116.59999999999764,16,0.6,0.40000000000020464,1.9999999999994174,1.9999999999994174,0.6558990256226833,0.4683574359136839,22.0,True,False,0.6268115917874872,0.07718051944754101,0.014705146730873003,3.750831794179989,2.192181014037163,1.565369422249676,1.286530268859804,1.209349749412263,1.2479400091360335,13.117980512453666,9.367148718273677,False,False,False,1.9047619047619047,1.9047619047619047,1.1508950323695106,0.8218189466810799,False,False,True,0.33677509638099545,0.06186606255204771,0.10658985896642315,0.2214941991893183,0.33677509638099534
24.0,4,116.99999999999784,22,1.100000000000179,1.100000000000179,0.40000000000020464,0.40000000000020464,0.6469779066672019,0.6121688669574432,21.0,False,False,0.2137703465991354,0.6093132382601569,0.1358147565989453,0.6961807941951736,2.162364370263974,1.9485940236648385,2.173322148955181,1.564008910695024,1.8686655298251025,12.939558133344038,12.243377339148864,False,True,False,1.9047619047619047,1.9,1.1352412943885863,1.0255758019288623,True,False,True,0.10409413988870864,0.32900460158871947,0.6298451981350259,0.6252245557038607,0.10159100967059013
24.0,4,125.79999999999758,4,1.5,5.599999999999241,0.7999999999997414,0.7999999999997414,0.5906501990056983,0.5369582465857112,24.0,False,True,0.1965428115336032,0.08673326275350401,0.01244952125799112,1.0738390483997406,2.162112672629277,1.965569861095674,1.2154687571828084,1.1287354944293044,1.1721021258060564,11.813003980113965,10.739164931714225,False,False,False,1.9130434782608696,1.9130434782608696,1.1301952606925767,1.0274569728454659,True,False,True,0.09530362393437397,0.07403183610596266,0.06543700147476383,0.1587988254182958,0.09530362393437403
24.0,4,131.39999999999682,7,1.5,2.4000000000007446,5.599999999999241,5.599999999999241,0.6207578108491285,0.5746324873243553,23.0,False,True,0.16150361129497215,0.1162294187141506,0.049679423202764895,0.9225064704954633,2.173526829309937,2.012023218014965,1.1772189240289237,1.060989505314773,1.1191042146718484,12.41515621698257,11.492649746487107,True,False,False,1.9090909090909092,1.9090909090909092,1.1385140534480622,1.0539169237221244,True,False,True,0.07721032325864419,0.10395284443785768,0.8768493189484605,0.11252855696096865,0.07721032325864424
24.0,4,138.69999999999675,17,0.7000000000000739,0.7000000000000739,4.8999999999991815,4.8999999999991815,0.5140290441959623,0.5483456860862059,23.0,False,False,-0.12015659011722701,0.10831137452167638,0.039273478157907396,-0.6863328378048728,1.799825792084974,1.919982382202201,1.1693232289204123,1.061011854398736,1.115167541659574,10.280580883919246,10.966913721724119,True,False,False,1.9090909090909092,1.9090909090909092,0.9427658910921293,1.00570505734401,False,True,True,-0.06462613201782974,0.09720211220635075,0.7380434962621067,0.10900465520203528,-0.06462613201782968
24.0,4,139.99999999999633,9,1.1999999999999602,1.1999999999999602,0.5999999999995111,0.5999999999995111,0.6021562209764468,0.5970819489613448,23.0,False,False,0.11279564403166087,-0.10073996545564046,-0.03662437652553052,0.10148544030204043,2.1083950598026173,1.9955994157709565,1.6578492924892188,1.7585892579448592,1.708219275217039,12.043124419528937,11.941638979226896,False,True,False,1.9090909090909092,1.9047619047619047,1.1043974122775615,1.0476896932797521,True,False,True,0.05498255864752388,-0.05899077423487065,-0.1720655750156168,0.5354514684008206,0.052712410112984866
24.0,4,139.99999999999704,14,1.1999999999992497,1.1999999999992497,0.6000000000002217,0.6000000000002217,0.6021562209764468,0.5970819489613448,23.0,False,False,0.11279564403166087,-0.10073996545564046,-0.03662437652553052,0.10148544030204043,2.1083950598026173,1.9955994157709565,1.6578492924892188,1.7585892579448592,1.708219275217039,12.043124419528937,11.941638979226896,False,True,False,1.9090909090909092,1.9047619047619047,1.1043974122775615,1.0476896932797521,True,False,True,0.05498255864752388,-0.05899077423487065,-0.1720655750156168,0.5354514684008206,0.052712410112984866
24.0,4,141.1999999999963,3,0.9000000000004036,0.9000000000004036,1.1999999999992497,1.1999999999992497,0.5452073955087293,0.5546125427712942,21.0,False,False,-0.1182068412297046,-0.19011858643159085,-0.041913296679771506,-0.18810294525129834,1.7354490401094458,1.8536558813391504,1.681955022530902,1.8720736089624928,1.7770143157466973,10.904147910174586,11.092250855425885,True,True,False,1.9,1.9047619047619047,0.9133942316365504,0.973169337703054,False,False,True,-0.06589364848976043,-0.10708987758524069,-0.15793185269851673,0.5749346052721388,-0.06339051827164197
24.0,4,142.0999999999967,25,1.5,3.500000000000199,0.9000000000004036,0.9000000000004036,0.5661406697078304,0.6005643343314704,20.0,False,True,-0.1040952312996084,0.050266097526507236,0.0170238368848408,-0.6884732924727999,1.711977635317788,1.8160728666173964,1.6575883527086464,1.6073222551821391,1.6324553039453926,11.322813394156608,12.011286686629408,False,False,False,1.894736842105263,1.894736842105263,0.9035437519732771,0.9584829018258482,False,False,True,-0.059027190011817,0.030794147646703074,0.07945585609653683,0.4900852028934212,-0.059027190011817054
24.0,4,145.5999999999969,4,1.0999999999998522,1.0999999999998522,3.500000000000199,3.500000000000199,0.7116893619157203,0.6451352238900574,19.0,False,False,0.19066356090008174,0.047002952739139126,0.049174776189420795,1.331082760513258,2.038839838106468,1.8481762772063863,1.1489820080992228,1.1019790553600837,1.1254805317296532,14.233787238314406,12.902704477801148,True,False,False,1.8888888888888888,1.8888888888888888,1.0793857966446008,0.978446264403381,False,False,True,0.09818158250148312,0.04176863547183292,0.7320083407880653,0.11821008377360204,0.09818158250148311
24.0,4,147.09999999999673,17,0.8999999999996078,0.8999999999996078,0.39999999999997726,0.39999999999997726,0.6169477708315156,0.5241613524255486,19.0,False,False,0.28058092568094684,0.2772075043836637,0.022183861507256375,1.8557283681193404,1.8656154597898695,1.5850345341089227,1.884030139768852,1.6068226353851882,1.74542638757702,12.338955416630313,10.483227048510972,False,True,False,1.894736842105263,1.894736842105263,0.9846303815557645,0.8365460041130426,False,True,True,0.16298480873205662,0.15915446313165893,0.08418266383930173,0.556998873987909,0.16298480873205665
24.0,4,148.39999999999645,8,0.6,0.29999999999972715,0.39999999999940883,0.39999999999940883,0.6929580336933023,0.7249171761362021,20.0,True,False,-0.0915561989417788,0.22391675311473502,0.04647512703371909,-0.6391828488579954,1.985178535515526,2.076734734457305,1.5151226955225734,1.2912059424078384,1.4031643189652059,13.859160673866047,14.498343522724042,False,True,True,1.8888888888888888,1.8888888888888888,1.0509768717435137,1.0994478005950437,True,False,True,-0.04508796860157016,0.1599198020661527,0.17345321451331963,0.3387299139809523,-0.04508796860157017
24.0,4,148.69999999999618,24,0.6,0.5000000000001137,0.29999999999972715,0.29999999999972715,0.6915088995135363,0.7116987816310072,19.0,True,False,-0.06105307124932491,-0.6738264433096728,-0.10374184985038071,-0.4037976423494172,2.091084131442705,2.15213720269203,1.3675756592757715,2.0414021025854443,1.704488880930608,13.830177990270727,14.233975632620144,False,True,True,1.894736842105263,1.894736842105263,1.1036277360392055,1.1358501903096825,True,False,True,-0.02877874150031412,-0.4005972964656052,-0.38211387801991914,0.5332652892132106,-0.028778741500314134
24.0,4,149.2999999999957,2,0.8000000000010061,0.8000000000010061,0.09999999999939746,0.09999999999939746,0.6900617342425059,0.7082128442255486,19.0,False,False,-0.054887938651712265,-0.06105307124932491,-0.054324929258327714,-0.36302219966085403,2.086707984821952,2.1415959234736643,2.091084131442705,2.15213720269203,2.1216106670673676,13.801234684850119,14.164256884510973,False,True,False,1.894736842105263,1.894736842105263,1.1013181031004748,1.1302867373888785,True,False,True,-0.02596361244577594,-0.02877874150031412,-0.1463040021027835,0.7521755488377205,-0.025963612445775955
24.0,4,152.7999999999955,6,0.6,0.4000000000005457,2.699999999998795,2.699999999998795,0.7404265795997373,0.7317255668258946,19.0,True,False,0.02492656547153027,0.09930947091831599,0.055186397061821005,0.1740202554768544,2.1211659025186127,2.0962393370470824,1.319253181077438,1.219943710159122,1.2695984456182798,14.808531591994747,14.634511336517892,False,False,False,1.8888888888888888,1.8888888888888888,1.1229701836863244,1.109773766671985,True,False,True,0.011820944070485284,0.07826108611104243,0.47471222957171255,0.2387006659210896,0.011820944070485229
24.0,4,153.19999999999604,16,0.6,0.40000000000085834,0.4000000000005457,0.4000000000005457,0.73822286823978,0.7246891940245863,18.0,True,False,0.038771120691781125,0.034228050137731,0.0295314367220873,0.27067348430387383,2.114852734509083,2.0760816138173017,2.117808648610137,2.083580598472406,2.1006946235412713,14.7644573647956,14.493783880491726,False,True,False,1.8888888888888888,1.8888888888888888,1.1196279182695146,1.099102030844454,True,False,True,0.018502903455284714,0.016294042472658532,0.10368834970375973,0.7422680631509021,0.018502903455284755
24.0,5,30.20000000000016,19,0.6,0.5000000000000071,4.7000000000001805,4.7000000000001805,0.5113024444288641,0.5042219024971413,24.0,True,False,0.025918774708671544,0.031963094905951284,0.0157966840974426,0.14161083863445612,1.8716551632539251,1.8457363885452536,1.050204781170553,1.0182416862646018,1.0342232337175774,10.226048888577282,10.084438049942825,False,False,False,1.9130434782608696,1.9130434782608696,0.9783651989736426,0.9648167485577461,False,False,True,0.013944828978126544,0.03090787205589511,0.6026952773153371,0.03365064612850844,0.0139448289781265
24.0,5,30.700000000000166,24,0.6,0.40000000000000213,0.5000000000000071,0.5000000000000071,0.5053088695148231,0.5002983719755711,23.0,True,False,0.018341245366599646,0.019006653155568376,0.006014840323603998,0.10020995078503958,1.8497153005436175,1.831374055177018,1.8570524446301109,1.8380457914745425,1.8475491180523267,10.106177390296462,10.005967439511423,False,True,False,1.9130434782608696,1.9130434782608696,0.9668966343750728,0.9573091652061684,False,False,True,0.009965200719529888,0.010287586186161879,0.03304027071387483,0.6138599597126996,0.009965200719529915
24.0,5,31.10000000000017,9,1.5,3.200000000000049,0.40000000000000213,0.40000000000000213,0.5039395964195617,0.5149241895628487,22.0,False,True,-0.03846155052536404,-0.03846155052536404,-0.0037433122742769054,-0.21969186286574072,1.7644985113779768,1.8029600619033408,1.7644985113779768,1.8029600619033408,1.7837292866406589,10.078791928391233,10.298483791256974,False,True,False,1.9090909090909092,1.9090909090909092,0.9242611250075116,0.9444076514731785,False,False,True,-0.02156327258063051,-0.02156327258063051,-0.016105502176740005,0.5787062774867752,-0.021563272580630614
24.0,5,34.30000000000022,12,1.5,3.8999999999999417,3.200000000000049,3.200000000000049,0.5674227565022303,0.5837983696522251,21.0,False,True,-0.05212519557964668,-0.005424925249595702,0.023314460045697295,-0.3275122629998961,1.8061627304031769,1.8582879259828236,1.1444273125090263,1.149852237758622,1.1471397751338241,11.348455130044606,11.675967393044502,True,False,False,1.9,1.9,0.9506119633700931,0.9780462768330651,False,False,True,-0.028451037567182813,-0.00472909707918881,0.31920206326561607,0.13727169221690466,-0.028451037567182907
24.0,5,43.40000000000023,24,0.6000000000001293,0.6000000000001293,1.1000000000000156,1.1000000000000156,0.5061766120228564,0.5608259897510006,24.0,False,False,-0.2000475278535967,0.11984674870621492,-0.007691357822180708,-1.0929875545628853,1.85289172726176,2.0529392551153567,1.2195953799933987,1.0997486312871838,1.1596720056402914,10.123532240457127,11.216519795020012,True,False,False,1.9130434782608696,1.9130434782608696,0.9685570392504654,1.0731273379012092,False,False,True,-0.10252503470336838,0.1034375113134371,-0.06205175431831211,0.1481372113775229,-0.1025250347033684
24.0,5,44.00000000000036,11,1.5,1.90000000000002,0.6000000000001293,0.6000000000001293,0.4971419373350452,0.5477493039791401,23.0,False,True,-0.18525148884024722,-0.18942683309657427,-0.03754185356252279,-1.0121473328818986,1.8198197251385355,2.0050712139787827,1.832295162278278,2.021721995374852,1.9270085788265652,9.942838746700904,10.954986079582802,False,True,False,1.9130434782608696,1.9130434782608696,0.9512694017769617,1.048105407307091,False,False,True,-0.09694213426064824,-0.09838025316719179,-0.17278451033576347,0.6559688413302414,-0.09694213426064821
24.0,5,45.90000000000038,5,1.5,3.999999999999943,1.90000000000002,1.90000000000002,0.5477495027712349,0.5308810743856514,22.0,False,True,0.05637856895490234,-0.056483550466263965,-0.02676560996456899,0.3373685677116711,1.830717859785567,1.7743392908306646,1.2328608908886738,1.2893444413549378,1.2611026661218059,10.954990055424698,10.617621487713027,True,False,False,1.9047619047619047,1.9047619047619047,0.9611268763874227,0.9315281276860989,False,False,True,0.031280039926748215,-0.044796508053972534,-0.2466669349196282,0.23198647010148038,0.031280039926748306
24.0,5,49.900000000000325,19,1.4999999999999076,1.4999999999999076,3.999999999999943,3.999999999999943,0.5429620966524835,0.581953647472349,21.0,False,False,-0.12411396103600891,0.08426587810370867,0.018631669166710496,-0.7798310163973099,1.728302031875644,1.8524159929116528,1.2234837271840826,1.139217849080374,1.1813507881322283,10.85924193304967,11.63907294944698,True,False,False,1.9,1.9,0.9096326483556021,0.9749557857429753,False,False,True,-0.06935128713045857,0.07136037395877454,0.2367761134894275,0.16665851947253332,-0.06935128713045868
24.0,5,57.50000000000055,18,0.6,0.3999999999997783,3.600000000000165,3.600000000000165,0.6270312849628028,0.5567248651283436,23.0,True,False,0.2461715134504614,0.057561728213326946,0.026273093373293303,1.4061283966891835,2.1954928264520435,1.949321313001582,1.1585345149997854,1.1009727867864585,1.129753650893122,12.540625699256056,11.134497302566873,False,False,False,1.9090909090909092,1.9090909090909092,1.1500200519510704,1.0210730687151144,True,False,True,0.11892527624789107,0.0509617166620025,0.41503823282256924,0.1219996008978539,0.11892527624789105
24.0,5,66.80000000000048,23,1.5,3.499999999999801,1.2999999999999403,1.2999999999999403,0.5526372402611059,0.5602727904652296,24.0,False,True,-0.027950417838888963,0.03051495222517353,-0.012210075977323598,-0.15271100408247307,2.022963816057024,2.050914233895913,1.1064589523670112,1.0759440001418377,1.0912014762544244,11.052744805222119,11.205455809304592,True,False,False,1.9130434782608696,1.9130434782608696,1.0574583583934443,1.0720688040819544,True,False,True,-0.013721989743987084,0.027966367091978236,-0.11529179349832663,0.08727936097860188,-0.013721989743987001
24.0,5,70.30000000000028,2,1.5,4.500000000000199,3.499999999999801,3.499999999999801,0.5783277769446551,0.583333101886895,23.0,False,True,-0.017525688539449913,0.13224979246951318,0.046792147254439205,-0.10010649884479861,2.0249619374179564,2.0424876259574063,1.281819447695184,1.149569655225671,1.2156945514604276,11.566555538893102,11.6666620377379,True,False,False,1.9090909090909092,1.9090909090909092,1.0606943481713105,1.0698744707395937,True,False,True,-0.008617585405844452,0.1088928526560673,0.6684243969766124,0.19531556075697232,-0.008617585405844341
24.0,5,78.3999999999998,18,1.0999999999997243,1.0999999999997243,0.09999999999952536,0.09999999999952536,0.5385092589975544,0.5531864219408429,24.0,False,False,-0.05372668975875938,0.12068716944550073,-0.011651510807098281,-0.2935432588657694,1.9712474408149336,2.024974130573693,1.2175507612980172,1.0968635918525165,1.157207176575267,10.770185179951088,11.063728438816858,False,False,False,1.9130434782608696,1.9130434782608696,1.0304247986078061,1.0585092046180669,True,False,True,-0.026890364412244017,0.1043864411356874,-0.07592142089618759,0.14600949577298303,-0.02689036441224421
24.0,5,79.49999999999953,19,1.3000000000001535,1.3000000000001535,1.0999999999997243,1.0999999999997243,0.7589211609936473,0.7517028865111133,23.0,False,False,0.025274129418766833,-0.021828738334971343,-0.013707612236164124,0.14436548965067963,2.65729319216194,2.632019062743173,1.8143692222134007,1.836197960548372,1.8252835913808863,15.178423219872945,15.034057730222266,True,False,False,1.9090909090909092,1.9090909090909092,1.391915481608635,1.3786766519130906,True,False,True,0.009556751638319483,-0.011959236693787623,-0.06506994143463585,0.601735367499757,0.009556751638319316
24.0,5,80.79999999999968,15,1.5,4.199999999999761,1.3000000000001535,1.3000000000001535,0.6248057933286502,0.5635361000694017,22.0,False,True,0.21453023996653875,0.21453023996653875,0.04655871854683219,1.2253938651849694,2.1877004705755723,1.9731702306090335,2.1877004705755723,1.9731702306090335,2.080435350592303,12.496115866573003,11.270722001388034,True,True,False,1.9090909090909092,1.9090909090909092,1.1459383417300617,1.033565358890446,True,False,True,0.10320947533805691,0.10320947533805691,0.18131389345893467,0.7325771749817505,0.10320947533805698
24.0,5,84.99999999999945,7,1.0999999999999375,1.0999999999999375,4.199999999999761,4.199999999999761,0.5479383321145344,0.6271275197012383,21.0,False,False,-0.25206701287710587,0.34171617182948766,0.1311163835377967,-1.583783751734078,1.7441418813111351,1.996208894188241,1.4537077623823442,1.1119915905528566,1.2828496764676003,10.958766642290687,12.542550394024765,True,False,False,1.9,1.9,0.917969411216387,1.0506362600990742,False,False,True,-0.1349871526795663,0.2679647368301442,1.2625090767067746,0.2490839131163793,-0.13498715267956626
24.0,5,86.09999999999938,16,0.6,0.3000000000004235,1.0999999999999375,1.0999999999999375,0.7780920139383833,0.579487414215258,20.0,True,False,0.632178075334453,-0.2542134064468249,0.00479430408004719,3.9720919944625077,2.4767438039724325,1.8445657286379795,1.6085058508866403,1.8627192573334652,1.7356125541100527,15.561840278767667,11.58974828430516,False,True,False,1.9,1.9,1.3035493705118066,0.9708240677041998,False,False,True,0.2947008428363681,-0.1467316812307503,0.02317096877769753,0.5513604082127713,0.29470084283636805
24.0,5,88.0999999999995,19,0.7000000000001876,0.7000000000001876,0.5999999999999659,0.5999999999999659,0.5383987914084911,0.4089923538035611,21.0,False,False,0.4325091584674885,0.4325091584674885,0.036489927714762005,2.5881287520986014,1.7994654091546365,1.366956250687148,1.7994654091546365,1.366956250687148,1.5832108299208922,10.767975828169822,8.179847076071221,False,True,False,1.9047619047619047,1.9047619047619047,0.9447193398061842,0.7176520316107527,False,False,True,0.27490307253313206,0.27490307253313206,0.14101216670933447,0.4594549558089041,0.274903072533132
24.0,5,98.49999999999868,6,0.6999999999999602,0.6999999999999602,2.3999999999991815,2.3999999999991815,0.5176975543060758,0.5510233709443195,24.0,False,False,-0.12199127436266388,0.07804845458314591,0.004423725705613793,-0.6665163327648749,1.8950648702711288,2.0170561446337927,1.1578447498838316,1.0797962953006857,1.1188205225922587,10.353951086121516,11.02046741888639,True,False,False,1.9130434782608696,1.9130434782608696,0.9906020912780901,1.0543702574222098,False,True,True,-0.062386024016475194,0.06978789482146054,0.04237694951784077,0.11227502557415707,-0.0623860240164752
24.0,5,99.19999999999864,17,0.8999999999998352,0.8999999999998352,0.6999999999999602,0.6999999999999602,0.5055162530386879,0.5352130781290576,23.0,False,False,-0.10870711966715896,-0.11007915840539595,-0.011438451387170812,-0.593936501807395,1.850474441141212,1.959181560808371,1.8605507460774864,1.9706299044828823,1.9155903252801845,10.110325060773757,10.704261562581152,False,True,False,1.9130434782608696,1.9130434782608696,0.9672934578692699,1.024117634058921,False,False,True,-0.05708475413695324,-0.057480696171914536,-0.054238485077982235,0.6500258389829519,-0.05708475413695324
24.0,5,100.09999999999847,12,1.5,6.400000000000205,0.8999999999998352,0.8999999999998352,0.5627046486704437,0.5242484593120622,22.0,False,True,0.12853034520615125,-0.04451470133207103,-0.012036355797576503,0.7691237871676293,1.8807017530704777,1.7521714078643265,1.4990480918503393,1.5435627931824103,1.5213054425163748,11.254092973408873,10.484969186241244,False,False,False,1.9047619047619047,1.9047619047619047,0.9873684203620009,0.9198899891287714,False,True,True,0.0707891568350707,-0.029262945238697824,-0.06972459382928231,0.41956881002368396,0.07078915683507081
24.0,5,108.49999999999812,10,0.6,0.19999999999986073,0.3999999999996504,0.3999999999996504,0.8258376949979631,0.6852240955967019,24.0,True,False,0.4923456870343941,0.0675050046771366,-0.020871302696543192,2.8122719880252234,2.8915953297119423,2.3992496426775483,1.2646179847834464,1.1971129801063098,1.2308654824448781,16.516753899959262,13.704481911934039,False,True,True,1.9090909090909092,1.9090909090909092,1.5146451727062555,1.2567498128310965,True,False,True,0.18665232743556404,0.054857280082870885,-0.10929795878137538,0.20771756620689658,0.1866523274355642
24.0,5,108.69999999999798,11,1.5,3.9999999999999005,0.19999999999986073,0.19999999999986073,0.8258376949979631,0.6853545382432422,24.0,False,True,0.4918889540106832,0.04713439935159869,-0.020086570428966194,2.809663135094418,2.8915953297119423,2.399706375701259,1.2472767033288343,1.2001423039772356,1.223709503653035,16.516753899959262,13.707090764864844,False,True,False,1.9090909090909092,1.9090909090909092,1.5146451727062555,1.2569890539387547,True,False,True,0.1864619806087372,0.038522400883563096,-0.11159222398118263,0.20188682230525312,0.18646198060873734
24.0,5,112.69999999999789,13,1.5,3.8000000000002387,3.9999999999999005,3.9999999999999005,0.7205743274614074,0.6237195276389049,22.0,False,True,0.3237133232324729,0.10167674274668181,0.031684698706659575,1.937095996450049,2.408342287692622,2.084628964460149,1.4341880794531203,1.3325113367064385,1.3833497080797794,14.411486549228147,12.474390552778098,True,False,False,1.9047619047619047,1.9047619047619047,1.2643797010386266,1.0944302063415783,True,False,True,0.14434777867695814,0.07353350592791719,0.21061133738333204,0.32450788267054415,0.14434777867695814
24.0,5,117.79999999999758,8,1.5,2.900000000000304,1.0999999999995964,1.0999999999995964,0.6044329580664778,0.605899639269107,23.0,False,True,-0.005135450393444874,0.06201505485997849,-0.01831273750154619,-0.029333624052583218,2.116366846966597,2.121502297360042,1.3240065243594712,1.2619914694994927,1.292998996929482,12.088659161329556,12.117992785382139,True,False,False,1.9090909090909092,1.9090909090909092,1.1085731103158365,1.1112631081409743,True,False,True,-0.002423601452657409,0.047971380679568604,-0.10586885170100913,0.25696432401949065,-0.002423601452657312
24.0,5,123.89999999999712,22,0.6,0.09999999999999432,3.1999999999992355,3.1999999999992355,0.6229881866913569,0.5858402715904871,23.0,True,False,0.12415776059109063,0.0762282661076572,0.04164881007382241,0.7429583020173958,2.082184637395505,1.9580268768044145,1.1685711277700783,1.0923428616624211,1.1304569947162497,12.459763733827138,11.716805431809743,False,True,False,1.9047619047619047,1.9047619047619047,1.0931469346326401,1.0279641103223176,True,False,True,0.061480378291252746,0.06745694022590164,0.5617011378729182,0.12262197107135696,0.06148037829125265
24.0,5,123.99999999999712,5,1.2000000000000455,1.2000000000000455,0.09999999999999432,0.09999999999999432,0.6229881866913569,0.5858402715904871,23.0,False,False,0.12415776059109063,0.0758778927438648,0.0412519432971696,0.7429583020173958,2.082184637395505,1.9580268768044145,1.167636008122913,1.091758115379048,1.1296970617509805,12.459763733827138,11.716805431809743,False,True,False,1.9047619047619047,1.9047619047619047,1.0931469346326401,1.0279641103223176,True,False,True,0.061480378291252746,0.06719185223262476,0.5687395075515926,0.12194950983648511,0.06148037829125265
24.0,5,125.19999999999716,3,0.6000000000004206,0.6000000000004206,1.2000000000000455,1.2000000000000455,0.6330731045445166,0.6064299694906987,21.0,False,False,0.08480773286560073,0.14137024082739358,0.04207647589246169,0.5328627010763576,2.015134278535841,1.93032654567024,1.893664728140157,1.7522944873127635,1.8229796077264604,12.661462090890332,12.128599389813974,True,False,True,1.9,1.9,1.0605969887030742,1.0159613398264422,False,True,True,0.042996649397429865,0.07758789646194597,0.17955438535413237,0.6004723095266985,0.04299664939742978
24.0,5,129.39999999999694,14,1.5,2.500000000000199,3.599999999999355,3.599999999999355,0.5080758658968185,0.6118594110340236,21.0,False,True,-0.3303532844037409,0.247470641539697,0.1366291918609407,-2.0756709027441023,1.617255710463472,1.9476089948672128,1.4046774442727812,1.1572068027330842,1.2809421235029328,10.16151731793637,12.237188220680473,True,False,False,1.9,1.9,0.8511872160334063,1.0250573657195858,False,False,True,-0.1858717568452818,0.19379852668142322,1.204797584823877,0.24759584117801844,-0.18587175684528187
24.0,5,132.8999999999972,8,0.6,0.2999999999993008,0.900000000000091,0.900000000000091,0.6701779448139762,0.6323779819925921,22.0,True,False,0.025690987829377843,0.1237959184317814,0.0180954163443649,0.7559992564276818,2.239904786034547,2.214213798205169,1.3273723516304508,1.2035764331986694,1.2654743924145602,13.403558896279524,12.647559639851842,False,True,True,1.9047619047619047,1.9090909090909092,1.1759500126681373,1.1598262752503266,True,False,True,0.011535962616420758,0.09790382722497129,0.0915624336788956,0.2354470656458469,0.013806111150960115
24.0,5,133.1999999999965,24,1.5,2.800000000000523,0.2999999999993008,0.2999999999993008,0.6701779448139762,0.6323779819925921,21.0,False,True,0.025690987829377843,-0.16642938422449638,-0.019057276743673413,0.7559992564276818,2.239904786034547,2.214213798205169,1.9535714837746776,2.120000867999174,2.0367861758869257,13.403558896279524,12.647559639851842,False,True,False,1.9047619047619047,1.9090909090909092,1.1759500126681373,1.1598262752503266,True,False,True,0.011535962616420758,-0.08175727060707405,-0.06747088400269141,0.7113731616254101,0.013806111150960115
24.0,5,135.99999999999702,10,1.3999999999999204,1.3999999999999204,2.7999999999998693,2.7999999999998693,0.6523059402165989,0.724881640923849,21.0,False,False,-0.23101563031833594,-0.019428087038466435,0.008427297612129403,-1.4515140141450011,2.076354295873562,2.307369926191898,1.2776374150948742,1.2970655021333406,1.2873514586141073,13.046118804331979,14.49763281847698,True,False,False,1.9,1.9,1.0928180504597695,1.2144052243115253,True,False,True,-0.10549470229706692,-0.015091803917475194,0.06503284947478649,0.25258697494969085,-0.10549470229706691
24.0,5,146.29999999999688,10,1.5,2.9999999999993463,2.2999999999998693,2.2999999999998693,0.4632455055137416,0.5212951113395619,24.0,False,True,-0.2124942793694533,-0.046887006422964506,0.0005440819589644097,-1.1609921165164057,1.6957396775551643,1.9082339569246176,1.088669073062085,1.1355560794850494,1.1121125762735673,9.264910110274831,10.425902226791237,True,False,False,1.9130434782608696,1.9130434782608696,0.8864093769038358,0.9974859320287773,False,True,True,-0.11805915086120622,-0.04216655254148394,0.006396043437416399,0.10626142836029066,-0.11805915086120629
24.0,5,149.29999999999623,18,1.5,3.299999999999386,2.9999999999993463,2.9999999999993463,0.547127498180882,0.5301460434471466,23.0,False,True,0.05945901415883603,-0.029298512922334874,-0.0201903314181094,0.33962909467470936,1.9157170084137656,1.8562579942549295,1.1747915630430772,1.204090075965412,1.1894408195042447,10.94254996361764,10.602920868942931,True,False,False,1.9090909090909092,1.9090909090909092,1.00347081393102,0.9723256160382964,False,True,True,0.03152933925341039,-0.024633419307700383,-0.3061121904840429,0.17348329710976954,0.03152933925341033
24.0,5,152.59999999999562,25,1.5,1.7000000000012676,3.299999999999386,3.299999999999386,0.5313259305587632,0.5397936741431062,22.0,False,True,-0.02830134821394026,0.14572155877229243,0.039865667840739895,-0.1693548716868598,1.775826113067894,1.8041274612818343,1.242530318154263,1.0968087593819706,1.1696695387681169,10.626518611175264,10.795873482862124,True,False,False,1.9047619047619047,1.9047619047619047,0.9323087093606445,0.9471669171729631,False,False,True,-0.01581134348911417,0.12474504407844303,0.6063215207510173,0.15672126341708692,-0.015811343489114053
24.0,6,20.700000000000024,19,1.5,1.8000000000000256,2.2000000000000455,2.2000000000000455,0.5069222276830825,0.6002297939387171,21.0,False,True,-0.2970072079491759,0.17770800768390727,0.057664216453412895,-1.8661513251126927,1.6135835659783562,1.910590773927532,1.266651964857448,1.0889439571735406,1.1777979610154943,10.13844455366165,12.004595878774342,True,False,False,1.9,1.9,0.8492545084096612,1.0055740915408065,False,True,True,-0.16895497704223728,0.1511687913293675,0.4598890109528133,0.16364656034623903,-0.1689549770422373
24.0,6,22.50000000000005,5,0.9999999999999112,0.9999999999999112,1.8000000000000256,1.8000000000000256,0.6299530520487275,0.6246652210899981,20.0,False,False,0.01599010427100689,-0.21692111686389226,-0.027931304491469897,0.10575661917458845,1.9049427008382396,1.8889525965672327,1.2615602174222913,1.4784813342861836,1.3700207758542375,12.59906104097455,12.493304421799962,True,False,False,1.894736842105263,1.894736842105263,1.0053864254424043,0.9969472037438173,False,True,True,0.00842943608051494,-0.15866621272895418,-0.2573142807008284,0.314825904582156,0.008429436080515012
24.0,6,24.70000000000008,18,1.5,2.9000000000000377,0.40000000000011937,0.40000000000011937,0.6173111956519524,0.6368754838441095,22.0,False,True,-0.06538881665098062,0.12010397089643665,0.002113573638325983,-0.3912857638431433,2.063210692493503,2.128599509144484,1.6734647305402952,1.5533607596438586,1.6134127450920768,12.346223913039047,12.73750967688219,False,False,False,1.9047619047619047,1.9047619047619047,1.0831856135590892,1.117514742300854,True,False,True,-0.031200897972672115,0.07447535044327347,0.008305025009508471,0.4783516530135701,-0.03120089797267217
24.0,6,27.60000000000012,15,0.6000000000000121,0.6000000000000121,2.9000000000000377,2.9000000000000377,0.6320263638236931,0.6258154569346241,21.0,False,False,0.01976993064957666,0.09833148480524367,0.046839111967655805,0.12421813778138002,2.0118023993387486,1.992032468689172,1.3354163254391866,1.237084840633943,1.2862505830365647,12.640527276473863,12.516309138692483,True,False,False,1.9,1.9,1.0588433680730256,1.0484381414153536,True,False,True,0.009875577777902711,0.0764854206394216,0.3321390057033815,0.2517314614500349,0.009875577777902808
24.0,6,28.20000000000013,3,0.6,0.4999999999998934,0.6000000000000121,0.6000000000000121,0.6254770809075123,0.6141920741783911,20.0,True,False,0.03592129207529893,0.03468661328264511,0.03308901995464589,0.225700134582425,1.9909553843423988,1.9550340922671,1.997170077117313,1.962483463834668,1.9798267704759906,12.509541618150246,12.283841483567821,False,True,False,1.9,1.9,1.0478712549170521,1.0289653117195263,True,False,True,0.018206984378099977,0.017520472547932653,0.12984523985767282,0.6830093512204098,0.018206984378100068
24.0,6,37.50000000000025,7,1.5,2.0000000000000426,1.300000000000118,1.300000000000118,0.5376768481644687,0.5522332724385031,24.0,False,True,-0.05328471816997493,-0.014432101104965733,0.009281321243291979,-0.29112848548068726,1.9682003479432504,2.0214850661132253,1.1610505653316952,1.1754826664366609,1.168266615884178,10.753536963289374,11.044665448770061,True,False,False,1.9130434782608696,1.9130434782608696,1.0288320000612445,1.0566853754682768,True,False,True,-0.026712826278734614,-0.0123535881706196,0.06991013003999536,0.15552112538120708,-0.026712826278734565
24.0,6,39.50000000000029,23,1.5,5.999999999999957,2.0000000000000426,2.0000000000000426,0.5719309297236475,0.5431017357646448,23.0,False,True,0.10094279192646582,0.15724369897186197,0.047990633205098596,0.5765838791800526,2.002563960598562,1.901621168672096,1.463739370391948,1.306495671420086,1.385117520906017,11.438618594472949,10.862034715292896,True,False,False,1.9090909090909092,1.9090909090909092,1.0489620745992467,0.9960872788282408,False,True,True,0.0517215707901979,0.1136458811403645,0.44142147439175616,0.3257849886792436,0.05172157079019798
24.0,6,50.300000000000445,9,0.6,0.4000000000000057,2.8000000000001535,2.8000000000001535,0.5053251499881055,0.5090264867520666,24.0,True,False,-0.01354897896674001,0.06762400162421867,0.023144580307067793,-0.07402673527922232,1.8497748962529892,1.8633238752197292,1.1091605136269636,1.0415365120027449,1.075348512814854,10.10650299976211,10.180529735041333,False,False,False,1.9130434782608696,1.9130434782608696,0.9669277866776989,0.974010207501222,False,False,True,-0.007297968589501269,0.06290639692369451,0.46226762385582365,0.0726448070061267,-0.007297968589501214
24.0,6,50.70000000000045,24,0.6,0.4000000000000057,0.4000000000000057,0.4000000000000057,0.505140257560841,0.5080438513782681,23.0,True,False,-0.01062879010181561,-0.012029052986448407,0.002061694407050896,-0.05807187634854216,1.8490980857469832,1.8597268758487988,1.8497748962529892,1.8618039492394376,1.8557894227462133,10.10280515121682,10.160877027565363,False,True,False,1.9130434782608696,1.9130434782608696,0.9665739993677412,0.9721299578300538,False,False,True,-0.005731637006137991,-0.006481928906429069,0.011024585959134026,0.6183101703551283,-0.005731637006137887
24.0,6,51.100000000000456,12,1.5,3.2000000000000455,0.4000000000000057,0.4000000000000057,0.5465685333214658,0.5166803876825945,22.0,False,True,0.01766153078549193,-0.07407683523435393,-0.010797430538909997,0.5977629127774264,1.8267707601485703,1.8091092293630784,1.7343294465704882,1.808406281804842,1.7713678641876651,10.931370666429316,10.33360775365189,False,True,False,1.9047619047619047,1.9090909090909092,0.9590546490779994,0.9476286439520887,False,False,True,0.009715210486585635,-0.041825097546056345,-0.04498207013383726,0.5717520527518,0.011985359021124839
24.0,6,54.3000000000005,16,1.5,1.5999999999999162,3.2000000000000455,3.2000000000000455,0.5470384479516412,0.5500185179479096,21.0,False,True,-0.009485857413318977,0.1976321504092824,0.050462232483489994,-0.059601399925366394,1.7412774610564443,1.7507633184697633,1.3833021914750985,1.185670041065816,1.2844861162704573,10.940768959032825,11.000370358958191,True,False,False,1.9,1.9,0.916461821608655,0.9214543781419807,False,False,True,-0.005432857944229874,0.1541654828471621,0.5013447183452979,0.250358728844893,-0.005432857944229749
24.0,6,55.90000000000042,8,1.5,2.400000000000027,1.5999999999999162,1.5999999999999162,0.6603963058057598,0.631080503797155,20.0,False,True,0.08864934120708279,0.03253626391068254,0.030876786487158886,0.5863160401720968,1.9970013929036587,1.908352051696576,1.5021621939680447,1.4696259300573622,1.4858940620127035,13.207926116115196,12.6216100759431,True,False,False,1.894736842105263,1.894736842105263,1.0539729573658199,1.0071858050620819,False,True,True,0.045406682458125736,0.021897633784441206,0.23487506724722396,0.39601665304948874,0.04540668245812561
24.0,6,65.40000000000056,10,1.5,8.0,1.500000000000142,1.500000000000142,0.4599911451974261,0.5388749648049078,24.0,False,True,-0.28875924587150203,0.03897921589168174,-0.007728346750582996,-1.577676392149634,1.6838268843434587,1.9725861302149608,1.1299454454853353,1.0909662295936535,1.1104558375394944,9.199822903948522,10.777499296098156,True,False,False,1.9130434782608696,1.9130434782608696,0.8801822349977171,1.0311245680669112,False,False,True,-0.15827632802808045,0.03510560048173968,-0.06733914389516027,0.10477059547467091,-0.15827632802808028
24.0,6,74.9999999999999,11,1.5,3.8000000000003524,1.5999999999993406,1.5999999999993406,0.4302136950413029,0.4301483519718818,24.0,False,True,0.00023919246738879352,0.004520671595928283,-0.008124852058372309,0.001306861388423286,1.5748246314880094,1.5745854390206206,1.0749047226447164,1.070384051048788,1.0726443868467523,8.604273900826058,8.602967039437635,True,False,False,1.9130434782608696,1.9130434782608696,0.8232037846414595,0.8230787522153244,False,False,True,0.00015189668064408135,0.004214517264777576,-0.0874530524959658,0.07012698918924865,0.00015189668064408135
24.0,6,78.80000000000025,10,1.5,1.7999999999993292,3.8000000000003524,3.8000000000003524,0.5756575044246386,0.5523448448884221,23.0,False,True,0.08162715003975962,0.07740117114414002,0.020885008356030004,0.4662531907243306,2.0156122218567685,1.9339850718170088,1.135082300464706,1.057681129320566,1.0963817148926358,11.513150088492772,11.046896897768441,True,False,False,1.9090909090909092,1.9090909090909092,1.05579687811545,1.013039799523195,False,True,True,0.04134030324896565,0.07062626177436725,0.6011089366536146,0.09201540790194793,0.041340303248965614
24.0,6,80.59999999999958,12,1.5,1.9999999999998863,1.7999999999993292,1.7999999999993292,0.7782393783307615,0.6921343364347248,22.0,False,True,0.28778490390066924,0.1628710910095983,0.045642582476461,1.7221008379207348,2.6010735233721918,2.3132886194715225,1.59926209053937,1.4363909995297717,1.5178265450345707,15.56478756661523,13.842686728694495,True,False,False,1.9047619047619047,1.9047619047619047,1.3655635997704008,1.2144765252225493,True,False,True,0.11725409650992469,0.10740861209181685,0.3636828481314349,0.41727940698652133,0.11725409650992469
24.0,6,82.59999999999947,18,0.6,0.400000000000432,1.9999999999998863,1.9999999999998863,0.550164045163184,0.5672325680437886,21.0,True,False,-0.057047335542232736,0.4487238027176561,0.12086861579070161,-0.3413704576120935,1.838787873282223,1.8958352088244557,1.8748888084202309,1.4261650057025748,1.6505269070614028,11.00328090326368,11.344651360875773,False,True,False,1.9047619047619047,1.9047619047619047,0.9653636334731671,0.9953134846328393,False,True,True,-0.03055289485883783,0.27356032791620294,0.7215033127065151,0.5010945745480575,-0.030552894858837797
24.0,6,91.59999999999908,14,1.5,3.100000000000719,0.9999999999996021,0.9999999999996021,0.5402691894101199,0.5299424269586459,24.0,False,True,0.0378017716766208,0.13384622846702898,0.02301108205929929,0.20653524902948028,1.9776897781820573,1.9398880065054365,1.2257319378551546,1.0918857093881256,1.15880882362164,10.805383788202398,10.598848539172918,False,False,False,1.9130434782608696,1.9130434782608696,1.0337923840497116,1.0140323670369327,False,True,True,0.019299141990881785,0.11563195574157992,0.1693436749268502,0.14739260133146243,0.019299141990881646
24.0,6,94.6999999999998,10,1.5,2.599999999998957,3.100000000000719,3.100000000000719,0.4704251832680395,0.527682570329393,23.0,False,True,-0.2004815159454878,0.10139516949169747,0.0468858646380621,-1.1451477412270705,1.6471508519844238,1.8476323679299116,1.223406613854885,1.1220114443631874,1.1727090291090363,9.40850366536079,10.55365140658786,True,False,False,1.9090909090909092,1.9090909090909092,0.8627933034204124,0.9678074308204299,False,False,True,-0.11485797934923336,0.08651626692231397,0.6992318589423778,0.15931648187456116,-0.11485797934923345
24.0,6,97.29999999999876,25,0.6,0.19999999999997442,2.599999999998957,2.599999999998957,0.5584538759976958,0.5763366616052652,22.0,True,False,-0.05976880823964237,0.09499353765496821,0.0224024421123427,-0.3576557121513879,1.866494591931095,1.9262634001707373,1.2518917772192155,1.1568982395642473,1.2043950083917314,11.169077519953916,11.526733232105304,False,True,False,1.9047619047619047,1.9047619047619047,0.9799096607638249,1.0112882850896372,False,True,True,-0.031519942308534166,0.07891333665305517,0.31747547711321555,0.18597737313971238,-0.03151994230853421
24.0,6,97.49999999999874,17,1.5,2.1000000000003496,0.19999999999997442,0.19999999999997442,0.5584538759976958,0.5763366616052652,22.0,False,True,-0.05976880823964237,0.1223163363326194,0.0276353255701138,-0.3576557121513879,1.866494591931095,1.9262634001707373,1.2535594650380006,1.1312431287053812,1.192401296871691,11.169077519953916,11.526733232105304,False,True,False,1.9047619047619047,1.9047619047619047,0.9799096607638249,1.0112882850896372,False,True,True,-0.031519942308534166,0.10266993475068607,0.4213813628394587,0.1759691704358231,-0.03151994230853421
24.0,6,100.19999999999904,14,0.6,0.2999999999994003,0.5999999999999517,0.5999999999999517,0.5463702655278029,0.5983765049016192,21.0,True,False,-0.15726395129130122,0.07936235692449922,0.024673778550045294,-1.0401247874763264,1.6521930418264432,1.8094569931177444,1.2420911607482163,1.1627288038237171,1.2024099822859666,10.927405310556058,11.967530098032384,False,True,True,1.894736842105263,1.894736842105263,0.8719907720750673,0.9549911908121429,False,False,True,-0.09092327478744389,0.06602671955947814,0.14053071562744246,0.18432786138986998,-0.09092327478744396
24.0,6,100.49999999999844,5,1.5,2.200000000001367,0.2999999999994003,0.2999999999994003,0.5469160021449122,0.5996449025540986,20.0,False,True,-0.1594492377345238,0.0622816890579192,0.04889118838131539,-1.0545780081837286,1.6538433187509878,1.8132925564855116,1.182840651696604,1.1205589626386847,1.1516998071676443,10.938320042898244,11.992898051081973,False,False,False,1.894736842105263,1.894736842105263,0.8728617515630214,0.9570155159229089,False,False,True,-0.09204242128762308,0.05409124284663726,0.5964180685240303,0.1412389442599107,-0.09204242128762302
24.0,6,105.29999999999828,6,0.6,0.19999999999988916,2.5999999999984738,2.5999999999984738,0.7028374022651009,0.5975390008680561,20.0,True,False,0.3519339827222987,0.07749709004446204,0.06272424636936431,2.1059680279408965,2.3490609819675115,1.9971269992452128,1.1653010573594726,1.0878039673150106,1.1265525123372417,14.056748045302019,11.950780017361122,False,True,False,1.9047619047619047,1.9047619047619047,1.2332570155329436,1.0484916746037367,True,False,True,0.16230601873363626,0.0688185168679756,0.6787175012376374,0.11916209528282598,0.1623060187336364
24.0,6,105.49999999999817,24,1.1999999999999176,1.1999999999999176,0.199999999999406,0.199999999999406,0.7028374022651009,0.5975390008680561,21.0,False,False,0.3519339827222987,0.07297738816468846,0.02607401780138252,2.1059680279408965,2.3490609819675115,1.9971269992452128,1.211578269856378,1.1386008816916895,1.1750895757740336,14.056748045302019,11.950780017361122,False,True,False,1.9047619047619047,1.9047619047619047,1.2332570155329436,1.0484916746037367,True,False,True,0.16230601873363626,0.06212365303025527,0.14629896487456273,0.1613443793917103,0.1623060187336364
24.0,6,106.69999999999808,7,1.5,1.5000000000009521,1.1999999999993491,1.1999999999993491,0.9161150883152668,0.6666378086279421,20.0,False,True,0.7544053027757829,0.3091650895970095,0.059681013235996505,4.989545593746495,2.770280650182416,2.015875347406633,1.962195709908475,1.6530306203114655,1.8076131651099703,18.322301766305337,13.332756172558842,True,False,False,1.894736842105263,1.894736842105263,1.4620925653740529,1.0639342111312786,True,False,True,0.3178951161684028,0.1714537636249538,0.2444219885207921,0.5920072817271653,0.31789511616840266
24.0,6,115.19999999999776,20,1.5,5.500000000001023,0.49999999999967315,0.49999999999967315,0.596691212677583,0.6040182578798525,24.0,False,True,-0.026821115630575765,0.11518430853091588,-0.00818204523150351,-0.14654090404539133,2.184226187934099,2.211047303564675,1.284159601077845,1.1689752925469292,1.2265674468123873,11.93382425355166,12.08036515759705,False,False,False,1.9130434782608696,1.9130434782608696,1.141754598238279,1.1557747268633527,True,False,True,-0.012204677869546265,0.09397695072729373,-0.037447235244632227,0.20421957449052988,-0.01220467786954621
24.0,6,120.69999999999878,10,1.5,2.499999999998977,5.500000000001023,5.500000000001023,0.501914311256531,0.5178737954518535,23.0,False,True,-0.05588067757541637,0.12079652326922385,0.06617204874708481,-0.3191896839064512,1.7574071601909027,1.813287837766319,1.1954538192666322,1.0746572959974083,1.1350555576320203,10.03828622513062,10.35747590903707,True,False,False,1.9090909090909092,1.9090909090909092,0.9205466077190443,0.9498174388299766,False,False,True,-0.03130216403743502,0.10652406203478154,1.0128825915939497,0.12668159919090496,-0.03130216403743491
24.0,6,124.69999999999708,19,1.5,2.599999999999838,1.4999999999993179,1.4999999999993179,0.4665518078569013,0.551279388380002,23.0,False,True,-0.2966658916422975,0.08928607896530871,0.00703704070852379,-1.694551610462014,1.6335885814354925,1.93025447307779,1.1684626070476978,1.079176528082389,1.1238195675650435,9.331036157138026,11.02558776760004,True,False,False,1.9090909090909092,1.9090909090909092,0.8556892569424007,1.0110856763740803,False,True,True,-0.16687266697364528,0.07949059736256198,0.0702599036592706,0.11673321150828561,-0.16687266697364528
24.0,6,127.29999999999691,2,1.4000000000018815,1.4000000000018815,2.599999999999838,2.599999999999838,0.5421891144595161,0.5707900475630989,22.0,False,False,-0.09559157748999247,0.005033691694493081,0.015118751763314203,-0.5720186620716561,1.8121336307938376,1.90772520828383,1.1735854125024436,1.1685517208079506,1.171068566655197,10.843782289190322,11.415800951261978,True,False,False,1.9047619047619047,1.9047619047619047,0.9513701561667648,1.001555734349011,False,True,True,-0.05140658925821895,0.004298381485133895,0.23433990215221057,0.1579166368340702,-0.05140658925821909
24.0,6,129.29999999999683,9,1.5,2.000000000000341,0.5999999999980332,0.5999999999980332,0.4231588165686304,0.4057692036944571,22.0,False,True,-0.006459674727472997,-0.02131507324569526,-0.002710512342957605,0.34779225748346576,1.4143041647660972,1.4207638394935702,1.4211722422921425,1.4424873155378377,1.43182977891499,8.463176331372608,8.115384073889143,False,True,False,1.9047619047619047,1.9090909090909092,0.7425096865022011,0.7442096302109177,False,False,True,-0.004556988330655487,-0.014886872175846,-0.014850132223116042,0.35895319200014586,-0.002286839796116269
24.0,6,131.29999999999717,24,1.3999999999999204,1.3999999999999204,2.000000000000341,2.000000000000341,0.6509248062482413,0.6174695230817804,21.0,False,False,0.10649147376962653,-0.03181607103798978,0.014101094454409407,0.6691056633292192,2.071958009910837,1.9654665361412105,1.1324640452748922,1.164280116312882,1.148372080793887,13.018496124964827,12.349390461635608,True,False,False,1.9,1.9,1.0905042157425457,1.0344560716532687,True,False,True,0.05276441859136394,-0.027707140341643968,0.21183331534527206,0.13834535757416244,0.052764418591363875
24.0,6,133.49999999999852,10,1.1999999999984539,1.1999999999984539,0.8000000000014325,0.8000000000014325,0.5713391807702859,0.5949079171196026,21.0,False,False,-0.07502161784846728,0.20479067151292663,0.04098135158512642,-0.4713747269863333,1.8186290960332991,1.8936507138817664,1.5695941870058356,1.364803515492909,1.4671988512493723,11.426783615405718,11.898158342392051,False,False,False,1.9,1.9,0.9571732084385786,0.9966582704640876,False,True,True,-0.04042358726766826,0.13980663275243443,0.2156771072339001,0.3833550395654032,-0.04042358726766823
24.0,6,134.69999999999698,18,0.6,0.5999999999999375,1.1999999999984539,1.1999999999984539,0.5147603287728977,0.5301059062101139,20.0,True,False,-0.04884649007464836,-0.05301367586591588,0.03276620147169648,-0.30691154874432414,1.6385330166363172,1.6873795067109656,1.6545498148666469,1.7075634907325627,1.681056652799605,10.295206575457954,10.602118124202278,False,True,False,1.9,1.9,0.8623857982296407,0.8880944772162978,False,False,True,-0.029375398305275302,-0.0315385385767839,0.16101113005441903,0.5194225557024895,-0.029375398305275316
24.0,6,135.2999999999969,7,0.6,0.49999999999965894,0.5999999999999375,0.5999999999999375,0.6691757010967505,0.6254906370237832,19.0,True,False,0.13210118384347935,-0.20749846508953618,-0.0006430067357338087,0.873701281459347,2.023549791904117,1.8914486080606376,1.408696499455494,1.6161949645450302,1.5124457320002622,13.38351402193501,12.509812740475663,False,True,True,1.894736842105263,1.894736842105263,1.0679846123938397,0.9982645431431144,False,True,True,0.0675102970699687,-0.13740979086431693,-0.003468897893421863,0.41372803060992064,0.06751029706996871
24.0,6,135.79999999999657,21,1.1000000000003922,1.1000000000003922,0.4999999999996305,0.4999999999996305,0.6691757010967505,0.6832363019645484,19.0,False,False,0.06622196626939192,0.12761435304521496,0.010698564166069124,-0.28121201735595847,2.023549791904117,1.957327825634725,2.018578744759287,1.890964391714072,1.9547715682366795,13.38351402193501,13.664726039290969,False,True,False,1.894736842105263,1.8888888888888888,1.0679846123938397,1.0362323782772074,True,False,True,0.033273103091512546,0.06530671297370816,0.033907791569605106,0.6702733417187089,0.030181910521839765
24.0,6,136.89999999999696,6,0.6,0.3999999999998636,1.1000000000003922,1.1000000000003922,0.7212932336273559,0.649518726670256,18.0,True,False,0.20561881626370915,-0.1576387965547461,-0.03320176631559346,1.4354901391419972,2.066352903909558,1.860734087645849,1.7306558604977322,1.8882946570524783,1.8094752587751053,14.425864672547117,12.99037453340512,False,True,True,1.8888888888888888,1.8888888888888888,1.0939515373638837,0.9850945169889789,False,True,True,0.10481409052766266,-0.08717367712007562,-0.11993923618816993,0.5930368909660982,0.1048140905276626
24.0,6,138.6999999999963,3,0.6,0.20000000000044338,1.3999999999994657,1.3999999999994657,0.6338733152905984,0.7346178311814047,18.0,True,False,-0.17169371936562472,0.5984667214694528,0.12896353525590298,-2.014890317816125,1.815913285605832,1.9876070049714567,1.8469239342837092,1.2484572128142564,1.5476905735489828,12.677466305811969,14.692356623628093,False,True,False,1.8888888888888888,1.8823529411764706,0.9613658570854405,1.0559162213910864,False,False,True,-0.09034287625446258,0.3916129577049845,0.6997529912421037,0.4367638672990348,-0.0938090842309488
24.0,6,138.89999999999674,11,0.6,0.400000000000432,0.20000000000044338,0.20000000000044338,0.6862302501801816,0.7346178311814047,18.0,True,False,-0.13091908591027024,0.5261718934427297,0.1243021060942222,-0.9677516200244618,1.8566879190611865,1.9876070049714567,1.7770339484925055,1.2508620550497758,1.5139480017711406,13.724605003603632,14.692356623628093,False,True,False,1.8823529411764706,1.8823529411764706,0.9863654570012553,1.0559162213910864,False,True,True,-0.06813719333880408,0.3511126957163741,0.7523907484786594,0.4147208094922599,-0.06813719333880414
24.0,6,145.19999999999683,18,1.49999999999946,1.49999999999946,0.29999999999986926,0.29999999999986926,0.5545645475572902,0.5791526870068937,22.0,False,False,-0.08217980263158164,0.09632472384997226,-0.011151965176690815,-0.4917627889920695,1.8534954691525276,1.9356752717841093,1.3532705149640474,1.2569457911140751,1.3051081530390611,11.091290951145805,11.583053740137874,False,False,False,1.9047619047619047,1.9047619047619047,0.9730851213050771,1.0162295176866574,False,True,True,-0.04338294414579269,0.07383946328112997,-0.05018022292998925,0.2662859132326406,-0.04338294414579264
24.0,6,148.79999999999615,12,1.5,1.8999999999999204,1.8999999999994088,1.8999999999994088,0.5826194427904148,0.6011556519334724,23.0,False,True,-0.06195271553735915,0.0897147034871344,0.0177968131545512,-0.37072418286115294,1.947262049492345,2.009214765029704,1.365246899534622,1.2755321960474877,1.3203895477910548,11.652388855808296,12.023113038669448,False,True,False,1.9047619047619047,1.9047619047619047,1.0223125759834812,1.0548377516405947,True,False,True,-0.03131967282531323,0.06797179087594868,0.10648794480529844,0.27792680502422973,-0.03131967282531316
24.0,6,148.79999999999674,14,1.5,1.8999999999993236,1.9000000000000057,1.9000000000000057,0.5826194427904148,0.6011556519334724,23.0,False,True,-0.06195271553735915,0.0897147034871344,0.0177968131545512,-0.37072418286115294,1.947262049492345,2.009214765029704,1.365246899534622,1.2755321960474877,1.3203895477910548,11.652388855808296,12.023113038669448,False,True,False,1.9047619047619047,1.9047619047619047,1.0223125759834812,1.0548377516405947,True,False,True,-0.03131967282531323,0.06797179087594868,0.10648794480529844,0.27792680502422973,-0.03131967282531316
24.0,6,150.69999999999607,3,1.5,2.5000000000007674,1.8999999999993236,1.8999999999993236,0.5033086091564911,0.5892063958666816,21.0,False,True,-0.2734211471116019,0.042636062412706455,0.0361147381424651,-1.7179557342038088,1.6020810609592468,1.8755022080708488,1.4339775949678724,1.391341532555166,1.4126595637615191,10.066172183129822,11.784127917333631,True,False,False,1.9,1.9,0.8432005583996036,0.9871064253004468,False,True,True,-0.15757302064718953,0.030183704867198513,0.21924053935357923,0.3454741431532187,-0.15757302064718956
24.0,7,22.80000000000005,22,0.6,0.5000000000000107,7.000000000000062,7.000000000000062,0.5181023738668813,0.5262124603920251,24.0,True,False,-0.0296874882657312,0.029322738156443817,0.0204675074879448,-0.16220173050287556,1.8965467380568657,1.9262342263225969,1.0490584521994444,1.0197357140430006,1.0343970831212226,10.362047477337626,10.524249207840501,False,False,False,1.9130434782608696,1.9130434782608696,0.9913767039842707,1.0068951637595394,False,True,True,-0.01553219259995231,0.02834955984798264,1.2053315840263465,0.03381872859645997,-0.015532192599952439
24.0,7,23.30000000000006,4,1.5,1.7000000000000242,0.5000000000000107,0.5000000000000107,0.5133608231444295,0.5209333804200798,23.0,False,True,-0.027719828212123376,-0.028021617379084374,-0.004395231532620891,-0.1514511455130041,1.8791899896426851,1.9069098178548085,1.8852249076144196,1.913246524993504,1.899235716303962,10.267216462888591,10.418667608401595,False,True,False,1.9130434782608696,1.9130434782608696,0.9823038582223127,0.9967937684241044,False,True,True,-0.014643208016212106,-0.014754422254765198,-0.022814779135493124,0.6414515506694577,-0.01464320801621212
24.0,7,25.000000000000085,6,1.5,2.5000000000000355,1.7000000000000242,1.7000000000000242,0.6146572811165827,0.5923782824942956,22.0,False,True,0.07446206791536447,0.03767782383294338,0.023391814134852598,0.4455799724457421,2.054340636539705,1.9798785686243403,1.4702477203595732,1.4325698965266298,1.4514088084431016,12.293145622331654,11.847565649885912,True,False,False,1.9047619047619047,1.9047619047619047,1.078528834183345,1.0394362485277788,True,False,True,0.03691942448254437,0.025960942041392154,0.17514636610071666,0.3725346767721743,0.03691942448254421
24.0,7,27.50000000000012,21,1.1000000000000156,1.1000000000000156,2.5000000000000355,2.5000000000000355,0.6122278577358529,0.568520620703973,21.0,False,False,0.13912445645025584,0.24224483374238082,0.08146006166894729,0.8741447406375968,1.9487817971444528,1.809657340694197,1.4820482592021111,1.2398034254597303,1.3609258423309207,12.244557154717057,11.37041241407946,True,False,False,1.9,1.9,1.0256746300760278,0.9524512319443142,False,False,True,0.07406694512218981,0.17847225071287065,0.7201080034133622,0.30816523455140793,0.0740669451221897
24.0,7,28.600000000000136,25,0.6,0.30000000000000426,1.1000000000000156,1.1000000000000156,0.6499972321534768,0.6267585611284536,20.0,True,False,0.07027243792585747,0.10947288993866255,0.06295833799801961,0.4647734205004639,1.9655551773722455,1.895282739446388,1.8056527834112617,1.6961798934725991,1.7509163384419304,12.999944643069536,12.535171222569073,False,True,False,1.894736842105263,1.894736842105263,1.0373763436131296,1.0002881124855938,False,True,True,0.03640670815132285,0.06254357825436774,0.32214376901540365,0.5601392728600948,0.03640670815132274
24.0,7,28.90000000000014,16,1.5,1.8999999999999098,0.30000000000000426,0.30000000000000426,0.6499972321534768,0.6267585611284536,19.0,False,True,0.07027243792585747,0.07066585060844166,0.05304294927995301,0.4647734205004639,1.9655551773722455,1.895282739446388,1.9654135491130345,1.8947476985045928,1.9300806238088137,12.999944643069536,12.535171222569073,False,True,False,1.894736842105263,1.894736842105263,1.0373763436131296,1.0002881124855938,False,True,True,0.03640670815132285,0.036616991702456136,0.19207733313518238,0.6575617760384892,0.03640670815132274
24.0,7,31.500000000000178,9,0.6,0.10000000000000142,0.20000000000011653,0.20000000000011653,0.6227033543803859,0.6733351324985826,20.0,True,False,-0.1531076575358179,0.23090842482383822,0.057716841255494616,-1.0126355623639327,1.8830200216613109,2.036127679197129,1.491750195985852,1.2608417711620137,1.3762959835739328,12.454067087607719,13.466702649971651,False,True,False,1.894736842105263,1.894736842105263,0.9938161225434697,1.0746229417984847,False,True,True,-0.07817292505511142,0.16817048854666933,0.20985502906203468,0.31939582072105105,-0.07817292505511143
24.0,7,31.60000000000018,11,1.3999999999999062,1.3999999999999062,0.10000000000000142,0.10000000000000142,0.6227033543803859,0.6733351324985826,20.0,False,False,-0.1531076575358179,0.2312076775507368,0.05299931061388391,-1.0126355623639327,1.8830200216613109,2.036127679197129,1.4809178470549604,1.2497101695042236,1.365314008279592,12.454067087607719,13.466702649971651,False,True,False,1.894736842105263,1.894736842105263,0.9938161225434697,1.0746229417984847,False,True,True,-0.07817292505511142,0.16975040244812734,0.19645189159295984,0.3113844448768312,-0.07817292505511143
24.0,7,38.80000000000028,2,0.6999999999998963,0.6999999999998963,1.9000000000001407,1.9000000000001407,0.4743705992205065,0.4806420693173745,22.0,False,False,-0.02096084479376059,0.12017528651958531,0.031000310639149015,-0.1254294019373603,1.585466940191568,1.6064277849853286,1.3327880707145998,1.2126127841950145,1.272700427454807,9.48741198441013,9.61284138634749,True,False,False,1.9047619047619047,1.9047619047619047,0.8323701436005733,0.8433745871172975,False,False,True,-0.013133983362518198,0.09449568444971623,0.20100422479615343,0.24114096388035347,-0.013133983362518115
24.0,7,44.00000000000036,17,1.5,2.799999999999919,4.400000000000183,4.400000000000183,0.5458366925773555,0.5845770288632579,23.0,False,True,-0.13564575237276122,0.08007379763831257,0.032900730865067,-0.7748067257180491,1.9111973703815823,2.0468431227543435,1.1768138840524325,1.09674008641412,1.136776985233276,10.916733851547109,11.691540577265158,True,False,False,1.9090909090909092,1.9090909090909092,1.0011033844855908,1.0721559214427514,False,True,True,-0.06856872497462507,0.07046846641035269,0.5242788295133782,0.12819705237526424,-0.06856872497462513
24.0,7,48.200000000000415,19,1.5,1.6000000000000227,1.4000000000001336,1.4000000000001336,0.6379560423115302,0.6175426073180805,23.0,False,True,0.07147577986323661,0.07333131017051708,-0.011073540886349181,0.4082686998689944,2.2337448674028924,2.1622690875396557,1.2303159540303574,1.1569846438598403,1.1936502989450988,12.759120846230605,12.35085214636161,True,False,False,1.9090909090909092,1.9090909090909092,1.1700568353062768,1.1326171410922006,True,False,True,0.0325213159457467,0.061453833846982026,-0.08327233767633313,0.17701609011658545,0.032521315945746684
24.0,7,49.80000000000044,8,0.6,0.09999999999988773,1.6000000000000227,1.6000000000000227,0.5178160594665044,0.5594386528615587,22.0,True,False,-0.05670028566920471,0.15307111844089172,0.03856722597827811,-0.832451867901085,1.8130856804821425,1.8697859661513472,1.8445671894054017,1.69149607096451,1.768031630184956,10.356321189330089,11.188773057231174,False,True,False,1.9090909090909092,1.9047619047619047,0.9497115469192174,0.9816376322294573,False,True,True,-0.030793778103040848,0.08663127786031066,0.1955202848289228,0.5698668544315271,-0.03306392663758013
24.0,7,49.900000000000325,6,1.4000000000001336,1.4000000000001336,0.09999999999988773,0.09999999999988773,0.5318943664102989,0.5594386528615587,22.0,False,False,-0.09205999619579952,0.16860425201808682,0.04341894180935299,-0.5508857290251967,1.7777259699555477,1.8697859661513472,1.7799165297487771,1.6113122777306903,1.6956144037397336,10.637887328205977,11.188773057231174,False,True,False,1.9047619047619047,1.9047619047619047,0.9333061342266625,0.9816376322294573,False,True,True,-0.050488965133356656,0.09951754346946806,0.23343379655324048,0.5280451552348185,-0.05048896513335675
24.0,7,51.30000000000046,15,0.6999999999999034,0.6999999999999034,1.4000000000001336,1.4000000000001336,0.6358130279612237,0.6248300444379637,20.0,False,False,0.03321192623484981,0.08185459835834363,0.06733190660010518,0.21965967046519985,1.9226629393628305,1.8894510131279807,1.6024512672500162,1.5205966688916726,1.5615239680708444,12.716260559224475,12.496600888759275,True,False,False,1.894736842105263,1.894736842105263,1.014738773552605,0.9972102569286565,False,True,True,0.017424855068359557,0.05243169574197781,0.32123549027686327,0.44566224701214485,0.017424855068359474
24.0,7,52.70000000000051,14,0.6999999999998678,0.6999999999998678,0.700000000000145,0.700000000000145,0.8709289182987452,0.8718298785575023,20.0,False,False,-0.0027244532955004175,0.026915630579877226,0.03403852655983439,-0.018019205175143327,2.6336402061495323,2.6363646594450327,1.808728461194244,1.7818128306143668,1.7952706459043055,17.418578365974902,17.436597571150045,False,False,False,1.894736842105263,1.894736842105263,1.3899767754678087,1.3914146813737673,True,False,True,-0.0010339472572410413,0.014992800569173625,0.13777320466939447,0.5851557882369987,-0.0010339472572412078
24.0,7,53.400000000000375,9,0.6,0.30000000000011795,0.6999999999998678,0.6999999999998678,1.1013866315693497,0.946010804113712,19.0,True,False,0.4203901266014882,0.020833250850883278,0.020867548137898317,3.107516549112752,2.9799491533831,2.5595590267816117,2.451150087807433,2.4303168369565498,2.440733462381991,22.027732631386993,18.92021608227424,False,True,True,1.8823529411764706,1.8823529411764706,1.583097987734772,1.3597657329777313,True,False,True,0.15207124925821036,0.008535703574895526,0.058272773083769325,0.8922985934710634,0.15207124925821047
24.0,7,53.70000000000049,7,1.5,2.499999999999922,0.30000000000011795,0.30000000000011795,1.1013866315693497,0.946010804113712,18.0,False,True,0.4203901266014882,0.03315838024975237,0.057789258217538,3.107516549112752,2.9799491533831,2.5595590267816117,2.1561201190633845,2.122961738813632,2.1395409289385086,22.027732631386993,18.92021608227424,False,False,False,1.8823529411764706,1.8823529411764706,1.583097987734772,1.3597657329777313,True,False,True,0.15207124925821036,0.01549820501363497,0.1492525457786904,0.7605912868336152,0.15207124925821047
24.0,7,63.30000000000052,19,0.7000000000000028,0.7000000000000028,1.6000000000000298,1.6000000000000298,0.5460011403187037,0.6234449955410364,24.0,False,False,-0.28348816452672865,0.12472649401620672,-0.05336958830362751,-1.5488771044466532,1.998671949557265,2.2821601140839936,1.373491029679213,1.2487645356630064,1.3111277826711096,10.920022806374075,12.468899910820728,True,False,False,1.9130434782608696,1.9130434782608696,1.0447603372685703,1.1929473323620876,True,False,True,-0.1326394781304553,0.09520100445402446,-0.24910415536872632,0.27088766965116623,-0.13263947813045535
24.0,7,64.00000000000053,11,0.6,0.5999999999999659,0.7000000000000028,0.7000000000000028,0.6137184250914913,0.5962808865266496,23.0,True,False,-0.03384510048703104,-0.2472824426168807,-0.0512039690384527,0.3487507712968352,2.1488790624374468,2.182724162924478,1.935441720307597,2.182724162924478,2.0590829416160377,12.274368501829827,11.925617730532991,False,True,False,1.9090909090909092,1.9130434782608696,1.1256033184196148,1.1409694488014315,True,False,True,-0.015627372828398656,-0.12023813304239495,-0.1859973502921517,0.7222607097093414,-0.013559119764339739
24.0,7,64.60000000000049,21,1.5,3.3999999999998067,0.5999999999999659,0.5999999999999659,0.5833638292304837,0.8348037259066379,22.0,False,True,-0.7475307143339847,0.2204640686883006,0.034674655516386155,-5.028797933523084,2.042595214947051,2.790125929281036,2.058291923214283,1.8378278545259823,1.9480598888701326,11.667276584609674,16.696074518132757,False,True,False,1.9090909090909092,1.9047619047619047,1.0699308268770267,1.4648161128725439,True,False,True,-0.3118655672270718,0.11329211494612257,0.12511290312682455,0.6668339485209319,-0.3141357157616112
24.0,7,68.0000000000003,2,0.6,0.5,3.3999999999998067,3.3999999999998067,0.5571613459137108,0.6008469979642053,21.0,True,False,-0.13905574932057574,0.14931783858944958,0.07593419754785541,-0.8737130410098892,1.7734996460380092,1.912555395358585,1.3300711218885837,1.180753283299134,1.2554122025938588,11.143226918274216,12.016939959284105,False,False,False,1.9,1.9,0.9334208663357944,1.006608102820308,False,True,True,-0.07548545554480612,0.11907980542838897,0.6668259316154714,0.22746396693837734,-0.07548545554480622
24.0,7,68.5000000000003,14,0.6,0.1999999999999602,0.5,0.5,0.7464467150143568,0.5982104280469391,20.0,True,False,0.23424938743058,-0.14654842356136188,0.0033195801553081994,2.964725739348353,2.138412320086359,1.904162932655779,1.766006971797223,1.912555395358585,1.8392811835779042,14.928934300287136,11.964208560938783,False,True,False,1.8888888888888888,1.9,1.1321006400457194,1.0021910171872521,False,True,True,0.11602114060146096,-0.07971920122843434,0.014952848233214633,0.6093748341940024,0.12188626005385896
24.0,7,68.70000000000026,22,1.5,2.6000000000002643,0.1999999999999602,0.1999999999999602,0.7464467150143568,0.5911700454393909,20.0,False,True,0.2566596212955701,-0.15331515725975264,0.0012015328174646012,3.1055333914993177,2.138412320086359,1.8817526987907889,1.7357115144296886,1.8890266716894413,1.8123690930595648,14.928934300287136,11.823400908787818,False,True,False,1.8888888888888888,1.9,1.1321006400457194,0.99039615725831,False,True,True,0.12786001805976088,-0.08464428379021227,0.005596856135272388,0.5946348806195159,0.13372513751215886
24.0,7,73.70000000000009,18,1.5,2.3000000000002103,1.0999999999995964,1.0999999999995964,0.6243622455976117,0.5863812274232303,21.0,False,True,0.12089733572231798,0.20221610890513153,0.014937395045074908,0.7596203634876275,1.9874067533363171,1.8665094176139991,1.4780660184754173,1.2758499095702858,1.3769579640228515,12.487244911952233,11.727624548464606,True,False,False,1.9,1.9,1.0460035543875355,0.9823733776915785,False,True,True,0.06276058492476089,0.1471219366923055,0.06854127263796705,0.3198766920640325,0.06276058492476096
24.0,7,82.79999999999946,7,0.7999999999998408,0.7999999999998408,1.099999999999369,1.099999999999369,0.5409522051302895,0.5545993745936251,24.0,False,False,-0.049956333023960076,0.00038426040431849273,-0.023531483294156802,-0.272943389266711,1.9801900007277704,2.0301463337517305,1.1187878802167346,1.118403619812416,1.1185957500145753,10.81904410260579,11.091987491872501,True,False,False,1.9130434782608696,1.9130434782608696,1.0350993185622437,1.0612128562793137,True,False,True,-0.024915075981538526,0.0003435203540620019,-0.1921498284454577,0.1120741040190656,-0.024915075981538484
24.0,7,83.5999999999993,6,1.5,7.200000000000102,0.7999999999998408,0.7999999999998408,0.5748361326724805,0.5923087878227005,23.0,False,True,-0.06117890759414646,-0.046063407114619315,-0.026014046252542306,-0.34945310300440013,2.0127362636183843,2.0739151712125308,1.9133309489948247,1.959394356109444,1.9363626525521345,11.49672265344961,11.84617575645401,False,False,False,1.9090909090909092,1.9090909090909092,1.054290423800106,1.0863365182541826,True,False,True,-0.02994308642494037,-0.023789748013861356,-0.11744793127418696,0.6608112918452121,-0.02994308642494021
24.0,7,90.7999999999994,19,0.7999999999998977,0.7999999999998977,7.200000000000102,7.200000000000102,0.5032465274021565,0.5603273934838562,22.0,False,False,-0.19986344384311794,0.16422019746969907,0.0843266213468268,-1.1416173216339942,1.7620717934574517,1.9619352373005696,1.2340832469250371,1.069863049455338,1.1519731481901876,10.06493054804313,11.206547869677124,False,True,False,1.9090909090909092,1.9090909090909092,0.9229899870491414,1.0276803623955364,False,False,True,-0.10744107996747376,0.14279773513015,1.1530106355494252,0.14147625313935935,-0.10744107996747375
24.0,7,96.19999999999926,18,1.1999999999993776,1.1999999999993776,4.599999999999966,4.599999999999966,0.5928725342787127,0.5394445689784124,23.0,False,False,0.1870731450914711,0.03813045232789003,0.04130369196959299,1.068559306006005,2.0758890779852783,1.8888159328938072,1.111274462563592,1.073144010235702,1.092209236399647,11.857450685574253,10.788891379568248,True,False,False,1.9090909090909092,1.9090909090909092,1.0873704694208601,0.9893797743729466,False,True,True,0.09443939102126708,0.03491485380836243,0.7612184732056297,0.08820246739274878,0.09443939102126725
24.0,7,97.39999999999864,16,0.800000000000054,0.800000000000054,1.1999999999993776,1.1999999999993776,0.6242280380394858,0.541627646491615,22.0,False,False,0.2760714729395626,0.18237771475043463,0.0493890183488539,1.652007830957416,2.0863285352813365,1.810257062341774,1.890798476605103,1.7084207618546683,1.7996096192298856,12.484560760789716,10.8325529298323,True,False,False,1.9047619047619047,1.9047619047619047,1.0953224810227018,0.9503849577294314,False,False,True,0.14193698093188423,0.10142980153075043,0.27177618558026984,0.587569763175021,0.14193698093188423
24.0,7,98.1999999999987,3,0.6000000000007049,0.6000000000007049,0.800000000000054,0.800000000000054,0.6220546867174024,0.5685498003328915,21.0,False,False,0.269314421217858,0.3075172441144953,0.0931695384827588,1.070097727690218,2.079064643555654,1.809750222337796,2.0826203878563008,1.7751031437418054,1.928861765799053,12.441093734348048,11.37099600665783,False,True,False,1.9047619047619047,1.9,1.0915089378667184,0.9525001170198927,False,False,True,0.13872926492720705,0.15976837229328933,0.39219681239676096,0.6569300702874132,0.13622613470908862
24.0,7,100.19999999999858,13,1.5,3.4999999999997016,1.3999999999991815,1.3999999999991815,0.5861954257359514,0.6375012041376555,21.0,False,True,-0.16331136483617215,0.0971989177850503,0.020110699597292725,-1.0261155680340828,1.8659179924746945,2.0292293573108666,1.5210979612520454,1.4238990434669951,1.4724985023595203,11.723908514719028,12.75002408275311,True,False,False,1.9,1.9,0.9820621013024708,1.0680154512162456,False,True,True,-0.08390294087595307,0.06603350298827965,0.1184409887248985,0.38696061946975663,-0.08390294087595301
24.0,7,103.69999999999828,15,0.6,0.30000000000011084,3.4999999999997016,3.4999999999997016,0.7595097643165767,0.6558700946494591,20.0,True,False,0.31340054883072566,0.24259785270547263,0.09345609448763001,2.0727933933423515,2.2967149330333285,1.9833143842026029,1.3282308306476995,1.085632977942227,1.2069319042949633,15.190195286331534,13.117401892989182,False,True,True,1.894736842105263,1.894736842105263,1.212155103545368,1.0467492583291516,True,False,True,0.14671043531094308,0.20168464751316073,1.2319279535413634,0.18808152320404606,0.14671043531094308
24.0,7,103.9999999999984,24,0.6,0.2000000000008697,0.30000000000011084,0.30000000000011084,0.7592393328135372,0.6558700946494591,19.0,True,False,0.3125827791316722,0.3866777637416541,0.10376357788407609,2.067384763281561,2.295897163334275,1.9833143842026029,2.2967149330333285,1.9100371692916744,2.1033760511625017,15.184786656270743,13.117401892989182,False,True,False,1.894736842105263,1.894736842105263,1.2117235028708675,1.0467492583291516,True,False,True,0.14635431130545906,0.18435710973984742,0.39090646632545734,0.7435436972647507,0.14635431130545914
24.0,7,104.79999999999924,18,0.6,0.5999999999993975,0.5999999999999801,0.5999999999999801,0.709555262962823,0.6289911506381136,19.0,True,False,0.24362135753347602,0.24096697173084425,0.0689925344377682,1.6112822464941878,2.145655322450656,1.90203396491718,2.1617095091090825,1.9207425373782383,2.0412260232436603,14.19110525925646,12.579823012762272,False,True,False,1.894736842105263,1.894736842105263,1.1324291979600685,1.0038512592618452,False,True,True,0.1205211959141983,0.11818749858183764,0.19206816263284165,0.7135506191189945,0.12052119591419821
24.0,7,105.49999999999817,25,0.7000000000005286,0.7000000000005286,0.09999999999952536,0.09999999999952536,0.863229688873659,0.8608519513510098,19.0,False,False,0.006811716241884369,-0.023120319379713372,-0.028932782948461078,0.04755475045298496,2.472970896142591,2.4661591799007065,1.6193105207355658,1.6424308401152792,1.6308706804254225,17.26459377747318,17.217039027020196,False,False,False,1.8888888888888888,1.8888888888888888,1.3092198861931363,1.3056136834768446,True,False,True,0.0027582673287238624,-0.014176909850630692,-0.10322402758428928,0.48911403197632175,0.002758267328723918
24.0,7,110.79999999999832,16,0.899999999999963,0.899999999999963,2.5999999999997385,2.5999999999997385,0.6087005667834084,0.6150250066008738,20.0,False,False,-0.01912475132549929,0.1928847238146505,0.09412695398832789,-0.12648879634930665,1.8406763772619383,1.8598011285874376,1.3305962646334533,1.1377115408188028,1.2341539027261281,12.174011335668169,12.300500132017476,True,False,False,1.894736842105263,1.894736842105263,0.9714680879993564,0.9815617067544811,False,True,True,-0.010336461482542969,0.15660833653857933,0.8494362250833649,0.21038563628519072,-0.010336461482543035
24.0,7,112.09999999999827,14,0.7000000000009692,0.7000000000009692,0.09999999999988063,0.09999999999988063,0.546710857339662,0.6970979950343676,21.0,False,False,-0.47869712683107823,-0.5339943272123862,-0.07361819808021441,-3.0077427538941137,1.7402347077523042,2.2189318345833824,1.3332055674440295,1.8671998946564157,1.6002027310502225,10.93421714679324,13.941959900687353,False,False,False,1.9,1.9,0.9159130040801601,1.1678588603070434,False,False,True,-0.24300593085613653,-0.3368536826888589,-0.2990467843807225,0.47013032812548256,-0.24300593085613664
24.0,7,116.49999999999902,18,1.5,2.299999999999301,3.0000000000008527,3.0000000000008527,0.5960805335516168,0.5824622701666651,22.0,False,True,0.045515692614890746,0.0524414839149383,0.0337638670554358,0.27236526769903513,1.9922524313074776,1.946736738692587,1.217800351247529,1.1653588673325908,1.19157960929006,11.921610671032337,11.649245403333301,True,False,False,1.9047619047619047,1.9047619047619047,1.0459325264364259,1.022036787813608,True,False,True,0.023111370249782492,0.04401716040849807,0.3336315984165026,0.17527982966799602,0.023111370249782666
24.0,7,130.99999999999758,19,0.9999999999994316,0.9999999999994316,6.499999999998565,6.499999999998565,0.4734055648925293,0.4913452546505041,24.0,False,False,-0.0656693769578851,0.020530655624059202,0.014876452621718703,-0.35879379515949594,1.7329312220167126,1.7986005989745977,1.0724478447016823,1.051917189077623,1.0621825168896528,9.468111297850585,9.826905093010081,True,False,False,1.9130434782608696,1.9130434782608696,0.9058504115087361,0.9401775858276306,False,False,True,-0.03719459481289966,0.01932934737849165,0.29670039876436904,0.06032576953127095,-0.037194594812899655
24.0,7,131.99999999999702,6,1.5,5.799999999999784,0.9999999999994316,0.9999999999994316,0.5513670843310576,0.548638029663624,23.0,False,True,0.009555535886381472,-0.055117360793999426,-0.008541875060361609,0.05458109334867345,1.930561532447982,1.9210059965616004,1.6160861881863733,1.6712035489803727,1.6436448685833729,11.027341686621153,10.97276059327248,False,False,False,1.9090909090909092,1.9090909090909092,1.0112465169965619,1.0062412362941715,False,True,True,0.004961904689232743,-0.033536761919535474,-0.06039548633022007,0.4969162566222448,0.004961904689232791
24.0,7,137.7999999999968,2,1.2000000000007844,1.2000000000007844,5.799999999999784,5.799999999999784,0.604866285916021,0.5840669815327866,22.0,False,False,0.06951655421475822,0.07602244921487022,0.0321012628089335,0.41598608766468814,2.0216166455765787,1.9521000913618205,1.1456649830200885,1.0696425338052182,1.1076537584126533,12.09732571832042,11.681339630655732,True,False,False,1.9047619047619047,1.9047619047619047,1.0613487389277039,1.0248525479649557,True,False,True,0.034991747931799266,0.06866072751986099,0.6539684823315586,0.10224404708181299,0.03499174793179938
24.0,7,140.79999999999615,17,1.4000000000000625,1.4000000000000625,0.7999999999991303,0.7999999999991303,0.4297011028701183,0.4725408833954549,23.0,False,False,-0.1499995822947433,0.15757045942432168,0.02969825574426041,-0.8567956105067314,1.5045592006240036,1.654558782918747,1.3964831314598904,1.2389126720355688,1.3176979017477297,8.594022057402366,9.450817667909098,False,False,False,1.9090909090909092,1.9090909090909092,0.7881024384220972,0.866673648195534,False,False,True,-0.09503441151279224,0.11972290963063162,0.16217687754071175,0.27588620020818244,-0.09503441151279218
24.0,7,142.1999999999962,23,1.5,2.00000000000108,1.4000000000000625,1.4000000000000625,0.6217969899120313,0.5878361398348861,22.0,False,True,0.11350578038898851,-0.08971623509966853,0.013224930666877494,0.6792170015429022,2.078203355427384,1.9646975750383957,1.33788406491612,1.4276003000157886,1.3827421824659543,12.435939798240625,11.756722796697723,True,False,False,1.9047619047619047,1.9047619047619047,1.0910567615993767,1.0314662268951578,True,False,True,0.05616542137495495,-0.06490561288067814,0.10769663653523054,0.32406861626318406,0.056165421374954914
24.0,7,144.1999999999973,19,1.5,1.5999999999995111,2.00000000000108,2.00000000000108,0.5667422155020141,0.6014660622407524,21.0,False,True,-0.11052943703271167,0.2638251575809123,0.0764591800842032,-0.6944769347747659,1.8039965011199548,1.9145259381526665,1.6289722401133993,1.365147082532487,1.4970596613229432,11.334844310040282,12.029321244815048,True,False,False,1.9,1.9,0.9494718426947131,1.0076452306066666,False,True,True,-0.05946555798175135,0.17668711281173016,0.6014598863414797,0.40350295856648655,-0.05946555798175121
24.0,7,146.09999999999587,8,1.5,2.700000000000273,0.29999999999907345,0.29999999999907345,0.5449369242272191,0.610371880683747,21.0,False,True,-0.20828593542118679,-0.07662269553111112,-0.024305548468419397,-1.3086991291305594,1.7345881032811108,1.9428740387022976,1.4534814474480813,1.5301041429791924,1.491792795213637,10.898738484544381,12.20743761367494,False,False,False,1.9,1.9,0.9129411069900584,1.0225652835275252,False,False,True,-0.11339835927477016,-0.051374123512807124,-0.11200924770678711,0.39997861493458126,-0.11339835927477022
24.0,7,150.1999999999962,13,1.5,2.00000000000108,1.4000000000000625,1.4000000000000625,0.5998263688009255,0.6478798090794173,21.0,False,True,-0.16060679361075625,0.1036212302069035,0.0166938208901542,-0.9610688055698358,2.00477196342212,2.1653787570328764,1.220599740275221,1.1169785100683174,1.1687891251717692,11.996527376018511,12.957596181588347,True,True,False,1.9047619047619047,1.9047619047619047,1.052505280796613,1.1368238474422603,True,False,True,-0.0770649713287117,0.0887150474136905,0.13307865862376822,0.15596827714324538,-0.0770649713287119
24.0,7,153.2999999999974,18,0.7999999999984766,0.7999999999984766,1.100000000000108,1.100000000000108,0.4742369021126746,0.5774483732857445,22.0,False,False,-0.34495893224059504,0.18516460255702794,0.031898810699761304,-2.0642294234613985,1.585020090524209,1.929979022764804,1.4194612552675296,1.2342966527105017,1.3268789539890156,9.484738042253491,11.54896746571489,True,False,False,1.9047619047619047,1.9047619047619047,0.8321355475252097,1.0132389869515221,False,True,True,-0.19691205116543836,0.13977610605363625,0.18347696323907803,0.2828295333967207,-0.1969120511654384
48.0,0,21.200000000000053,10,1.5,1.8999999999999382,2.900000000000073,2.900000000000073,0.6509135795706396,0.6994594687765971,19.0,False,True,-0.13907372821055364,0.20640364348404616,0.051720241747252205,-0.9709177841191519,1.8647300468575263,2.00380377506808,1.458799852853682,1.252396209369636,1.355598031111659,13.018271591412791,13.989189375531943,True,False,False,1.8888888888888888,1.8888888888888888,0.9872100248069258,1.0608372926831011,False,True,True,-0.07193096617013894,0.15255539531183598,0.33447662003317014,0.30424270833871236,-0.07193096617013885
48.0,0,23.800000000000097,19,1.3999999999998742,1.3999999999998742,0.5000000000001066,0.5000000000001066,0.6302800802057806,0.4594854682341687,20.0,False,False,0.543656134974885,0.05312317912270381,0.020755102849614626,3.415892239432239,2.006243805942125,1.46258767096724,1.3657732767683828,1.312650097645679,1.339211687207031,12.605601604115613,9.189709364683374,False,True,False,1.9,1.9,1.0559177926011185,0.7697829847196,False,False,True,0.31605697622285744,0.039672702305606766,0.07025372779512118,0.2920811477214386,0.3160569762228575
48.0,0,25.40000000000012,18,0.6,0.2999999999999723,0.2000000000001485,0.2000000000001485,0.7903372817889895,0.6613227181291488,21.0,True,False,0.43119941628346137,0.45718985969939063,0.021834069614818707,2.5802912731968153,2.6415077872371278,2.2103083709536664,1.7026487815663267,1.245458921866936,1.4740538517166315,15.80674563577979,13.226454362582976,False,True,False,1.9047619047619047,1.9047619047619047,1.3867915882994921,1.160411894750675,True,False,True,0.17821784549007902,0.31268107133959094,0.0776137796682046,0.3880163275072637,0.1782178454900789
48.0,0,25.70000000000009,12,0.6,0.09999999999989129,0.2999999999999723,0.2999999999999723,0.7903372817889895,0.6613227181291488,20.0,True,False,0.43119941628346137,0.45853374207266384,0.08504143047815294,2.5802912731968153,2.6415077872371278,2.2103083709536664,2.591260548923436,2.1327268068507723,2.3619936778871042,15.80674563577979,13.226454362582976,False,True,False,1.9047619047619047,1.9047619047619047,1.3867915882994921,1.160411894750675,True,False,True,0.17821784549007902,0.19474310375295134,0.21879183839346827,0.8595060411784912,0.1782178454900789
48.0,0,27.60000000000012,16,0.6,0.2000000000000064,1.8000000000001357,1.8000000000001357,0.8475420714426058,0.7715015243658083,20.0,True,False,0.22994234991100093,0.23847342849186992,0.0780727886295162,1.5208109415359488,2.562919692820265,2.332977342909264,1.7591149736185812,1.5206415451267112,1.6398782593726462,16.950841428852115,15.430030487316166,False,True,False,1.894736842105263,1.894736842105263,1.3526520600995844,1.2312935976465562,True,False,True,0.09400183219460823,0.14567851170273788,0.31224709900025327,0.49462200699091924,0.09400183219460817
48.0,0,27.800000000000125,23,1.3999999999999275,1.3999999999999275,0.2000000000000064,0.2000000000000064,0.8475420714426058,0.7715015243658083,20.0,False,False,0.22994234991100093,0.2538406942502065,0.08003785159260379,1.5208109415359488,2.562919692820265,2.332977342909264,1.6909606159794202,1.4371199217292137,1.564040268854317,16.950841428852115,15.430030487316166,False,True,False,1.894736842105263,1.894736842105263,1.3526520600995844,1.2312935976465562,True,False,True,0.09400183219460823,0.1626557228187201,0.34152849638369687,0.4472723891409695,0.09400183219460817
48.0,0,30.00000000000016,13,1.5,1.7999999999999368,0.8000000000001073,0.8000000000001073,0.7957860087683626,0.7199043971129493,19.0,False,True,0.21738480452529485,0.33911948935507974,0.1044178811968062,1.517632233108266,2.279758984899395,2.0623741803741003,1.7137322679938571,1.3746127786387774,1.5441725233163173,15.915720175367252,14.398087942258986,False,False,False,1.8888888888888888,1.8888888888888888,1.2069312272996797,1.0918451543157002,True,False,True,0.10021189509043593,0.22050152901520126,0.43391845738629,0.4344881832595396,0.10021189509043588
48.0,0,32.100000000000186,20,0.6,0.5000000000000071,0.30000000000008953,0.30000000000008953,0.5955894238719601,0.6043558382786314,19.0,True,False,0.06967707351422936,0.22460204170179643,0.06483642449559743,-0.17532828813342505,1.8010290163870544,1.731351942872825,1.8010290163870544,1.576426974685258,1.6887279955361563,11.911788477439202,12.087116765572627,False,True,False,1.894736842105263,1.8888888888888888,0.9505430919820566,0.9165980874032603,False,False,True,0.03945560413858029,0.1331972995620488,0.23412597343968256,0.5239755801769765,0.03636441156890752
48.0,0,32.60000000000019,4,0.7999999999999261,0.7999999999999261,0.5000000000000071,0.5000000000000071,0.6043212454894107,0.6398157378278384,18.0,False,False,0.00014560699572152558,0.05394601524391951,0.06520430039851222,-0.7098898467685544,1.7312528418316286,1.7311072348359071,1.73719310397757,1.6832470887336506,1.7102200963556102,12.086424909788214,12.796314756556768,False,True,False,1.8888888888888888,1.8823529411764706,0.9165456221461563,0.9196507185065756,False,False,True,8.410852284745918e-05,0.03154593316049814,0.22895825428825534,0.5366220735510476,-0.003382099453638737
48.0,0,34.200000000000145,21,1.3999999999999773,1.3999999999999773,0.5000000000000497,0.5000000000000497,0.7952198956832328,0.556845727567608,19.0,False,False,0.6828916888983632,0.0021547335690010883,-0.029241916403355106,4.767483362312497,2.278137190374142,1.5952455014757787,1.5769416899065172,1.574786956337516,1.5758643231220166,15.904397913664656,11.13691455135216,False,False,False,1.8888888888888888,1.8888888888888888,1.206072630198075,0.8445417360754123,False,False,True,0.3563304434434536,0.001367334657618513,-0.09801824670695303,0.45480389834019985,0.3563304434434536
48.0,0,36.50000000000025,14,1.4999999999999147,1.4999999999999147,0.7000000000001236,0.7000000000001236,0.6800274801804274,0.6573253610069156,20.0,False,False,0.0686499352173886,0.14309235246910168,-0.021645006755673102,0.4540423834702345,2.0563649632717773,1.9877150280543887,1.5414256722097006,1.398333319740599,1.4698794959751498,13.600549603608547,13.146507220138313,False,False,False,1.894736842105263,1.894736842105263,1.0853037306156603,1.0490718203620386,True,False,True,0.03395409124835136,0.09742670781768592,-0.08553277978126195,0.38518042190335877,0.03395409124835129
48.0,0,38.1000000000002,22,1.5,1.9999999999999858,0.10000000000003695,0.10000000000003695,0.62139174380677,0.6196230321186649,20.0,False,True,0.005348484953260346,0.26975546179500753,0.01726299836945419,0.035374233762102136,1.8790537848434616,1.8737052998902013,1.7576422760990915,1.487886814304084,1.6227645452015877,12.4278348761354,12.392460642373297,False,False,False,1.894736842105263,1.894736842105263,0.9917228308896048,0.9889000193864952,False,True,True,0.002850430019004424,0.1666164272479,0.07766290974182444,0.48413120419528416,0.0028504300190043703
48.0,0,40.400000000000304,11,0.6,0.19999999999988916,0.30000000000011795,0.30000000000011795,0.6338904585918641,0.6606229322464436,20.0,True,False,-0.08083750114080401,0.19090315265550628,0.04977937244363542,-0.5346494730915907,1.916849197409988,1.997686698550792,1.4289963342183414,1.238093181562835,1.3335447578905884,12.677809171837282,13.212458644928873,False,False,True,1.894736842105263,1.894736842105263,1.0116704097441604,1.0543346464573624,False,True,True,-0.04130706536060713,0.14339989441558518,0.29375743095618345,0.28784062829907947,-0.041307065360606916
48.0,0,40.70000000000032,7,0.6,0.5999999999998806,0.10000000000012932,0.10000000000012932,0.6338904585918641,0.6606229322464436,20.0,True,False,-0.08083750114080401,0.05703226215777302,0.01630670084673369,-0.5346494730915907,1.916849197409988,1.997686698550792,1.8663234892724103,1.8092912271146373,1.837807358193524,12.677809171837282,13.212458644928873,False,False,False,1.894736842105263,1.894736842105263,1.0116704097441604,1.0543346464573624,False,True,True,-0.04130706536060713,0.031035265780835264,0.05556286253631226,0.6085732078820104,-0.041307065360606916
48.0,0,41.3000000000002,4,0.8999999999999488,0.8999999999999488,0.5999999999998806,0.5999999999998806,0.6250498364656796,0.6485189583380251,19.0,False,False,-0.07096930836418802,-0.07575185493944381,-0.023738077346028508,-0.4693824374469102,1.8901156518935809,1.961084960257769,1.894227912066069,1.9699797670055128,1.9321038395357908,12.500996729313592,12.970379166760502,False,True,False,1.894736842105263,1.894736842105263,0.9975610384993899,1.035017062358267,False,True,True,-0.03685985256391189,-0.0392119508970068,-0.0690410204947256,0.6586094815177331,-0.036859852563912034
48.0,0,45.70000000000029,18,0.6,0.0999999999999801,1.2000000000000384,1.2000000000000384,0.5540795279252659,0.6223803121438589,20.0,True,False,-0.2065377410833975,-0.034357234614124765,0.0232835237183866,-1.3660156843718596,1.6755054189712688,1.8820431600546663,1.255034033050362,1.2893912676644868,1.2722126503574245,11.081590558505319,12.447606242877178,False,True,False,1.894736842105263,1.894736842105263,0.8842945266792808,0.9933005566955184,False,True,True,-0.11624311154794231,-0.027007531284681835,0.14851011399889047,0.24075762889920357,-0.11624311154794234
48.0,0,45.80000000000027,14,0.6,0.2999999999999332,0.0999999999999801,0.0999999999999801,0.5540795279252659,0.6223803121438589,20.0,True,False,-0.2065377410833975,-0.03897517802905903,0.027421872194838715,-1.3660156843718596,1.6755054189712688,1.8820431600546663,1.243999550931511,1.28297472896057,1.2634871399460406,11.081590558505319,12.447606242877178,False,True,False,1.894736842105263,1.894736842105263,0.8842945266792808,0.9933005566955184,False,True,True,-0.11624311154794231,-0.030849755275025564,0.18298079386582256,0.23387546967483724,-0.11624311154794234
48.0,0,46.600000000000286,24,1.5,1.8000000000000185,0.5000000000000853,0.5000000000000853,0.5762932895507502,0.5950065720207238,19.0,False,True,-0.1483078424275439,-0.19349992801289506,-0.025514371646880085,-0.37426564939947227,1.6509586626484347,1.7992665050759786,1.6229943645674942,1.8164942925803893,1.7197443285739418,11.525865791015004,11.900131440414476,False,True,False,1.8888888888888888,1.894736842105263,0.8740369390491713,0.9496128776789887,False,False,True,-0.08602295781396696,-0.11263561439261499,-0.08056958693611094,0.5421756335984828,-0.08293176524429412
48.0,0,53.90000000000051,2,0.6999999999997755,0.6999999999997755,0.100000000000243,0.100000000000243,0.608615251074446,0.5355835297533869,23.0,False,False,0.2557139079166397,-0.1343149949202973,-0.022786359354029895,1.4606344264211835,2.1310107642914877,1.875296856374848,1.166244374086967,1.3005593690072643,1.2334018715471156,12.17230502148892,10.711670595067737,False,False,False,1.9090909090909092,1.9090909090909092,1.1162437336764934,0.982298353339206,False,True,True,0.12782943409973557,-0.10900580653990599,-0.08509207402867913,0.20977610096271737,0.12782943409973552
48.0,0,60.80000000000048,23,1.1000000000000298,1.1000000000000298,6.200000000000195,6.200000000000195,0.5701638548900672,0.4942318631695022,23.0,False,False,0.2658689400650973,0.021508554883197473,0.009299622387700303,1.5186398344112995,1.9963767093178548,1.7305077692527575,1.1154039449395954,1.093895390056398,1.1046496674979966,11.403277097801343,9.884637263390044,True,False,False,1.9090909090909092,1.9090909090909092,1.0457211334522096,0.9064564505609681,False,False,True,0.14291901852162026,0.019471543853573997,0.14557633317319896,0.09952824171272442,0.14291901852162034
48.0,0,66.2000000000004,12,0.7999999999999687,0.7999999999999687,4.299999999999891,4.299999999999891,0.5356896555334156,0.5785080672139333,23.0,False,False,-0.14992476123455867,0.030771882430909336,-0.0122929831458563,-0.856368233610354,1.8756684461094315,2.02559320734399,1.0971936014955714,1.066421719064662,1.0818076602801168,10.713793110668313,11.570161344278667,True,False,False,1.9090909090909092,1.9090909090909092,0.9824929955811308,1.0610250133706616,False,True,True,-0.07689749907626076,0.028446792008094676,-0.21217793297134913,0.07863340148032864,-0.07689749907626081
48.0,0,67.00000000000037,7,1.5,1.5999999999998238,0.7999999999999687,0.7999999999999687,0.5708515851279756,0.5561164689651008,22.0,False,True,-0.039260186909156,-0.1436054658057404,-0.03287757857035398,0.29470232325749635,1.9079308824441847,1.9471910693533407,1.8165795433040304,1.9601850091097708,1.8883822762069005,11.417031702559512,11.122329379302016,False,True,False,1.9047619047619047,1.9090909090909092,1.0016637132831971,1.0199572268041308,False,True,True,-0.020368509600328433,-0.07608350014795251,-0.16458697203242534,0.6357205240321497,-0.018098361065789107
48.0,0,68.6000000000002,22,0.6,0.20000000000028706,1.5999999999998238,1.5999999999998238,0.7627485320457286,0.609046633456904,21.0,True,False,0.4892483384604127,0.02987723329984604,0.0001958412274797039,3.074037971776491,2.427903984223293,1.93865564576288,1.5951167874750936,1.5652395541752475,1.5801781708251705,15.254970640914571,12.18093266913808,False,False,True,1.9,1.9,1.2778442022227858,1.0203450767173055,True,False,True,0.22503356044086686,0.01890807250512405,0.001157485136698,0.4575376070262737,0.22503356044086675
48.0,0,68.90000000000036,6,0.999999999999929,0.999999999999929,0.09999999999988063,0.09999999999988063,0.7627485320457286,0.6164397259085268,21.0,False,False,0.4657153942921899,0.0330808642082292,-0.005406575436676886,2.9261761227440353,2.427903984223293,1.962188589931103,1.8751466562188492,1.84206579201062,1.8586062241147348,15.254970640914571,12.328794518170536,False,False,False,1.9,1.9,1.2778442022227858,1.0327308368058437,True,False,True,0.21296784940901403,0.0177992181144917,-0.017857952550463185,0.6198268649543555,0.21296784940901414
48.0,0,69.90000000000029,25,1.5,1.9999999999999005,0.999999999999929,0.999999999999929,0.6841995207117151,0.5867377241399652,20.0,False,True,0.3102305337402149,0.314125743322903,0.05676955621258101,1.9492359314349983,2.177874715647502,1.8676441819072869,2.209952154107857,1.895826410784954,2.0528892824464053,13.683990414234302,11.734754482799303,False,True,False,1.9,1.9,1.1462498503407905,0.9829706220564668,False,True,True,0.15367165931152804,0.15331602142214884,0.1755795949185337,0.7192482069412384,0.15367165931152815
48.0,0,71.90000000000019,15,0.6,0.5999999999998664,1.9999999999999005,1.9999999999999005,0.5526734211881053,0.6622761249230984,19.0,True,False,-0.31398861736189243,0.18701089016441896,0.0872380516082445,-2.192054074699863,1.583292724156728,1.8972813415186205,1.45431817007499,1.2673072799105711,1.3608127249927806,11.053468423762105,13.245522498461968,False,False,False,1.8888888888888888,1.8888888888888888,0.8382137951417973,1.0044430631569168,False,True,True,-0.18091530746276763,0.13764278164341293,0.5830227872016396,0.30808211316747836,-0.1809153074627676
48.0,0,72.50000000000006,2,1.5,1.700000000000344,0.5999999999998664,0.5999999999998664,0.6513318653511284,0.6577969835556488,18.0,False,True,-0.12218388532250746,-0.31482619191102557,-0.009076792488653701,-0.12930236409040674,1.7622656613862469,1.8844495467087543,1.5742895083172623,1.889115700228288,1.7317026042727752,13.026637307022568,13.155939671112975,False,True,False,1.8823529411764706,1.8888888888888888,0.9362036326114437,0.9976497600222817,False,True,True,-0.06703547180752367,-0.18230477143438456,-0.04046591375406283,0.5491050888570197,-0.06356926383103735
48.0,0,75.39999999999976,4,1.2000000000004292,1.2000000000004292,0.3999999999993946,0.3999999999993946,0.9166109326561472,0.6821002601019295,19.0,False,False,0.6718235894065558,0.24396210983467692,0.07519292010881298,4.690213451084354,2.6258968948373687,1.9540733054308128,1.4708060016400435,1.2268438918053666,1.3488249467227051,18.332218653122943,13.64200520203859,False,False,False,1.8888888888888888,1.8888888888888888,1.3901807090315481,1.0345093969927832,True,False,True,0.2955064434195027,0.18136562087211264,0.3124696115395511,0.29923380358870943,0.2955064434195028
48.0,0,77.20000000000034,6,0.699999999999946,0.699999999999946,0.29999999999998295,0.29999999999998295,0.7400971989870664,0.5337096914372079,20.0,False,False,0.6569518403795167,0.6573155000215867,0.1135325884239951,4.127750150997169,2.3558025517451537,1.698850711365637,2.399719950719006,1.7424044506974192,2.0710622007082127,14.801943979741328,10.674193828744158,False,True,False,1.9,1.9,1.2398960798658705,0.8941319533503354,False,False,True,0.3269294854195771,0.3200860158028679,0.3088317487643747,0.7280616161044944,0.3269294854195771
48.0,0,78.49999999999982,5,1.199999999999747,1.199999999999747,0.5999999999995254,0.5999999999995254,0.998659475960154,0.7474768141037966,20.0,False,False,0.7595622828149673,0.3144706798085737,0.0214053146475717,5.023653237127149,3.019890249227786,2.260327966412819,1.7240399136040696,1.409569233795496,1.5668045736997827,19.973189519203082,14.949536282075933,False,False,False,1.894736842105263,1.894736842105263,1.5938309648702205,1.1929508711623211,True,False,True,0.2897105687737226,0.20138617394944325,0.09187449407859938,0.44903824193968156,0.2897105687737225
48.0,0,79.69999999999956,21,0.6,0.20000000000062812,1.199999999999747,1.199999999999747,0.8462061608454352,0.6281741690351925,19.0,True,False,0.6593165157266629,0.8297881020994642,0.18645731286404432,4.360639836204854,2.558879974093963,1.8995634583673,2.589321893440198,1.7595337913407336,2.1744278423904655,16.924123216908704,12.56348338070385,False,True,False,1.894736842105263,1.894736842105263,1.3505199863273694,1.0025473808049639,False,True,True,0.29794555161669256,0.38634714155028826,0.661664081193152,0.7767655689641403,0.29794555161669256
48.0,0,81.59999999999953,8,0.6,0.19999999999998863,1.0999999999994685,1.0999999999994685,0.802442050190816,0.7246477677523071,20.0,True,False,0.23524554729313873,0.142923447603299,0.022725425164743518,1.5558856487701789,2.4265397578206,2.1912942105274613,1.651462994021215,1.508539546417916,1.5800012702195656,16.04884100381632,14.492955355046142,False,True,False,1.894736842105263,1.894736842105263,1.2806737610719834,1.1565163888894936,True,False,True,0.10197394158222639,0.09051956310597525,0.08651771267754316,0.4574256509749862,0.10197394158222625
48.0,0,81.79999999999951,13,1.5,1.6000000000002501,0.19999999999998863,0.19999999999998863,0.802442050190816,0.7246477677523071,20.0,False,True,0.23524554729313873,0.16912656315341068,0.025759407513862104,1.5558856487701789,2.4265397578206,2.1912942105274613,1.5806469233278784,1.4115203601744677,1.4960836417511731,16.04884100381632,14.492955355046142,False,False,False,1.894736842105263,1.894736842105263,1.2806737610719834,1.1565163888894936,True,False,True,0.10197394158222639,0.11316681528109701,0.10515773353358071,0.40285078825084447,0.10197394158222625
48.0,0,83.49999999999989,2,1.5,1.7000000000004576,0.10000000000012221,0.10000000000012221,0.6727158450985824,0.6154731581040345,19.0,False,True,0.27105427068248145,0.4605852865200295,0.1271342538701651,1.1448537398909586,2.034254988829942,1.7632007181474607,2.0414009939458437,1.5808157074258142,1.811108350685829,13.454316901971648,12.30946316208069,False,True,False,1.894736842105263,1.8888888888888888,1.0736345774380252,0.9334592037251263,False,False,True,0.1429989057347829,0.25569534954158746,0.41931508429360087,0.593939006314137,0.13990771316511025
48.0,0,89.89999999999961,25,0.6,0.5999999999999943,0.10000000000009379,0.10000000000009379,0.6123439767929586,0.3734830291950093,23.0,True,False,0.8363498114802121,0.1540795625744833,0.014789285126728002,4.777218951958986,2.1440665571412607,1.3077167456610486,1.3800226975601375,1.2259431349856542,1.3029829162728959,12.246879535859172,7.469660583900186,False,False,True,1.9090909090909092,1.9090909090909092,1.1230824823120888,0.684994485822454,False,False,True,0.4944216118909577,0.11838949265944756,0.05856019907881049,0.2646561869845361,0.49442161189095757
48.0,0,90.4999999999996,15,0.8999999999992383,0.8999999999992383,0.5999999999999943,0.5999999999999943,0.6329490446022072,0.4822463956770679,22.0,False,False,0.503686501783047,0.7991474002981924,0.1571881670690317,3.0140529785027876,2.11547635264841,1.6117898508653632,2.106864145959241,1.3077167456610486,1.7072904458101448,12.658980892044145,9.644927913541357,False,False,False,1.9047619047619047,1.9047619047619047,1.1106250851404154,0.8461896717043157,False,False,True,0.27193474285921826,0.4769179809893346,0.6849883325522519,0.5349075791979453,0.27193474285921826
48.0,0,91.39999999999884,24,0.6,0.10000000000104592,0.8999999999992383,0.8999999999992383,0.5911513395008408,0.4617454092490778,21.0,True,False,0.4531030562294085,0.4551429325148191,0.1506872749188428,2.588118605035259,2.0698624715329883,1.6167594153035798,2.0385992981898857,1.5834563656750666,1.8110278319324762,11.823026790016815,9.234908184981556,False,True,False,1.9090909090909092,1.9090909090909092,1.0842136755648986,0.8468739794447322,False,False,True,0.24705838127062152,0.2526529224948174,0.644603363943933,0.5938945470507043,0.24705838127062152
48.0,0,92.1999999999988,14,1.300000000000523,1.300000000000523,0.6999999999989086,0.6999999999989086,0.62796961408664,0.5193149925090839,21.0,False,False,0.34585840227694686,0.3816580626240502,0.14257568584663133,2.1730924315511224,1.9988893638679728,1.653030961591026,1.7340225762184007,1.3523645135943505,1.5431935449063756,12.5593922817328,10.386299850181677,False,False,False,1.9,1.9,1.0520470336147225,0.8700162955742242,False,False,True,0.18998115903919022,0.248589346078327,0.8389584990625902,0.4338539996731945,0.18998115903919008
48.0,0,93.49999999999932,7,1.5,3.5999999999996817,1.300000000000523,1.300000000000523,0.6016474795377689,0.6120154711428691,20.0,False,True,0.06440294520336276,0.40102827546054254,0.12175187937374579,-0.20735983210200537,1.9151034073443172,1.8507004621409544,1.927079838828287,1.5260515633677445,1.7265657010980158,12.032949590755377,12.240309422857383,True,True,False,1.9,1.894736842105263,1.007949161760167,0.9767585772410593,False,True,True,0.0342074241749869,0.23332209806554416,0.6325396805684307,0.5461342916260369,0.03143349729226165
48.0,0,97.099999999999,4,0.800000000000594,0.800000000000594,3.5999999999996817,3.5999999999996817,0.6775993420092368,0.6189379202186691,19.0,False,False,0.16805259444181453,0.04500781348486638,0.0084587635659166,1.1732284358113532,1.9411791248985448,1.7731265304567303,1.1908400955677294,1.145832282082863,1.1683361888252963,13.551986840184735,12.378758404373382,True,False,False,1.8888888888888888,1.8888888888888888,1.027683066122759,0.9387140455359161,False,False,True,0.09055119505978826,0.038527763841770174,0.09862983547354931,0.15558067588846383,0.09055119505978818
48.0,0,98.49999999999856,16,0.6,0.30000000000092086,0.5999999999989711,0.5999999999989711,0.6895644281587279,0.6805579941641278,19.0,True,False,0.027234951307558486,-0.3326846157858716,-0.06858790598369319,0.1801286798920021,2.085204159114156,2.0579692078065976,1.31071189781681,1.6433965136026816,1.4770542057097458,13.791288563174557,13.611159883282555,False,True,False,1.894736842105263,1.894736842105263,1.100524417310249,1.08615041523126,True,False,True,0.013147093390647124,-0.22619472200428847,-0.4075363803084169,0.3900497027470077,0.013147093390647027
48.0,0,98.79999999999949,2,0.6,0.5999999999993548,0.29999999999988347,0.29999999999988347,0.6867176197809028,0.6805579941641278,19.0,True,False,0.01862636242559912,0.03019050606279894,-0.02563068639695787,0.12319251233550155,2.0765955702321968,2.0579692078065976,2.085204159114156,2.055013653051357,2.0701089060827567,13.734352395618057,13.611159883282555,False,True,False,1.894736842105263,1.894736842105263,1.0959809954003261,1.08615041523126,True,False,True,0.009010132595126397,0.014584276750729375,-0.0769888718339855,0.7276012175275162,0.009010132595126327
48.0,0,101.29999999999886,12,0.6,0.2000000000004576,1.1000000000000654,1.1000000000000654,0.6019809078425098,0.5617788962832435,20.0,True,False,0.12796697723789485,0.02482194586290376,0.04923543366793631,0.8040402311853256,1.9161647426016428,1.788197765363748,1.2809965815268471,1.2561746356639434,1.2685856085953953,12.039618156850196,11.23557792566487,False,True,False,1.9,1.9,1.0085077592640226,0.9411567186124989,False,True,True,0.06911738075956575,0.019567254799330164,0.3177960072899333,0.2379025858331132,0.06911738075956585
48.0,0,102.59999999999872,21,0.7999999999996845,0.7999999999996845,1.0999999999993975,1.0999999999993975,0.6856104296327947,0.7133488890862751,20.0,False,False,-0.08387954577973478,-0.07760129534645488,-0.005852266019998692,-0.5547691890696083,2.07324748931693,2.1571270350966647,1.5686717797009075,1.6462730750473624,1.607472427374135,13.712208592655895,14.266977781725503,True,False,False,1.894736842105263,1.894736842105263,1.0942139526950465,1.1384837129676841,True,False,True,-0.03966104665588355,-0.04828472960093133,-0.028113872828502195,0.4746630244936577,-0.03966104665588335
48.0,0,103.3999999999984,9,0.6,0.40000000000088676,0.7999999999996845,0.7999999999996845,0.673921532651935,0.6718896772972096,19.0,True,False,0.0061442166436931345,-0.011354911660417688,0.003994526531363396,0.04063710709450774,2.03790092037481,2.031756703731117,2.0463310170541886,2.0576859287146063,2.0520084728843972,13.4784306530387,13.437793545944192,False,True,False,1.894736842105263,1.894736842105263,1.0755588190867054,1.0723160380803118,True,False,True,0.0030195273802130496,-0.005533573951967408,0.01446370602005409,0.718819056385962,0.003019527380213008
48.0,0,103.79999999999929,25,1.299999999999713,1.299999999999713,0.40000000000088676,0.40000000000088676,0.7098863307269561,0.6746213852878249,18.0,False,False,0.10102662692106712,0.08663422471260618,0.033351234701535226,0.7052989087826234,2.033674534234136,1.932647907313069,2.0362210647673877,1.9495868400547816,1.9929039524110848,14.197726614539121,13.492427705756498,False,True,False,1.8888888888888888,1.8888888888888888,1.0766512240063073,1.0231665391657423,True,False,True,0.05095323683213171,0.04347819754257576,0.10006174620139041,0.6895928476012674,0.05095323683213181
48.0,0,106.99999999999808,3,0.6000000000003212,0.6000000000003212,0.19999999999859597,0.19999999999859597,0.6081522006800544,0.5404664633131535,20.0,False,False,0.20467787389647962,0.09098738847213617,0.022462812243730257,1.3537147473380173,1.8390181489184545,1.6343402750219749,1.3316598557200017,1.2406724672478655,1.2861661614839335,12.163044013601088,10.80932926626307,False,False,False,1.894736842105263,1.894736842105263,0.9705929119291844,0.8625684784838201,False,False,True,0.11799259307469767,0.07077263101835465,0.07408418543335271,0.2516658254656312,0.11799259307469767
48.0,0,107.5999999999984,24,1.5,1.7000000000004576,0.6000000000003212,0.6000000000003212,0.5923245512289705,0.5113589861179344,19.0,False,True,0.24483532824535215,0.2404541389904744,0.07280415031618581,1.6193113022207228,1.791156224612806,1.546320896367454,1.8004999767894054,1.560045837798931,1.6802729072941682,11.84649102457941,10.227179722358688,False,True,False,1.894736842105263,1.894736842105263,0.9453324518789811,0.8161138064161563,False,False,True,0.14698285266993405,0.14334918718138823,0.2634189434980332,0.5189562250403941,0.14698285266993405
48.0,0,114.19999999999769,10,0.6,0.5000000000013358,2.3999999999984,2.3999999999984,0.4943855930428302,0.526154135401196,22.0,True,False,-0.10617853157432156,0.12875696189084196,0.05134292178930448,-0.6353708471673176,1.652362129449876,1.7585406610241976,1.2685351765571942,1.1397782146663522,1.2041566956117733,9.887711860856603,10.52308270802392,False,False,True,1.9047619047619047,1.9047619047619047,0.8674901179611849,0.9232338470377038,False,False,True,-0.062278437460666414,0.10702913556109139,0.4949737461376458,0.18577948427534655,-0.06227843746066651
48.0,0,114.69999999999902,2,0.6,0.29999999999905924,0.5000000000013358,0.5000000000013358,0.5626404332960648,0.5830213865822058,21.0,True,False,0.024672416934147012,-0.10747955751191896,-0.0073639665984197855,-0.4076190657228196,1.8804871289911247,1.8558147120569777,1.6510611035122786,1.7585406610241976,1.7048008822682381,11.252808665921297,11.660427731644116,False,True,False,1.9047619047619047,1.9,0.9872557427203406,0.9767445852931462,False,True,True,0.013207056929225414,-0.06306612097144604,-0.041964483759637794,0.5334483193222198,0.010703926711106907
48.0,0,116.19999999999813,5,0.6,0.4999999999998579,0.5999999999997243,0.5999999999997243,0.4691813641919768,0.5258216970906568,22.0,True,False,-0.11463383482535172,0.24128259009764763,0.0599410012463604,-1.1328066579736014,1.6427957329905418,1.7574295678158935,1.6675705054601275,1.42628791536248,1.5469292104113037,9.383627283839536,10.516433941813137,False,True,False,1.9090909090909092,1.9047619047619047,0.8605120506140933,0.9226505231033442,False,False,True,-0.06745276299176595,0.1562925742553261,0.25107958831755917,0.43627181127523057,-0.06972291152630518
48.0,0,116.69999999999798,13,1.1999999999999318,1.1999999999999318,0.4999999999998579,0.4999999999998579,0.6860901053186268,0.5566214034705483,21.0,False,False,0.4121116774962499,-0.14345332519906595,0.006399292967758707,2.589374036961569,2.1838926333579707,1.7717809558617208,1.5785748845449608,1.7220282097440267,1.6503015471444937,13.721802106372536,11.132428069410967,False,False,False,1.9,1.9,1.1494171754515636,0.9325162925588004,False,False,True,0.20912366565534057,-0.08698031962597635,0.030204815125199902,0.5009580270598218,0.20912366565534057
48.0,0,117.89999999999792,8,0.6,0.4999999999997442,1.1999999999999318,1.1999999999999318,0.7070596787815546,0.6514939199975815,20.0,True,False,0.1680277383653026,0.3008715615477262,0.06080398974507811,1.1113151756794615,2.1381088158419903,1.9700810774766877,1.933124400321176,1.6322528387734498,1.7826886195473128,14.141193575631092,13.029878399951631,False,False,False,1.894736842105263,1.894736842105263,1.1284463194721617,1.0397650131126963,True,False,True,0.08184700941588008,0.16917638398382778,0.272412981762586,0.5781226851258933,0.08184700941588013
48.0,0,118.39999999999766,23,0.9000000000006452,0.9000000000006452,0.4999999999997442,0.4999999999997442,0.7065510462154485,0.6500830575681888,19.0,False,False,0.17075603087369995,0.16942208914210588,0.0649930565866203,1.1293597729451932,2.136570739486838,1.965814708613138,2.137945516843881,1.968523427701775,2.0532344722728277,14.13102092430897,13.001661151363777,False,True,False,1.894736842105263,1.894736842105263,1.1276345569513868,1.0375133184347116,True,False,True,0.08329531616514074,0.08256159641615612,0.21825505427221303,0.7194163410978569,0.08329531616514092
48.0,0,119.2999999999983,7,1.5,2.099999999998957,0.9000000000006452,0.9000000000006452,0.7012638377121991,0.683551069248356,18.0,False,True,0.04792426916666881,0.22904541874775686,0.07701844769560551,0.3542553692768635,1.897363305119316,1.8494390359526471,1.8658732004819876,1.6368277817342307,1.7513504911081093,14.025276754243983,13.67102138496712,False,False,False,1.8823529411764706,1.8823529411764706,1.0079742558446365,0.9825144878498439,False,True,True,0.025582818930651285,0.13096905826280114,0.30117520770716255,0.560387199525613,0.02558281893065112
48.0,0,121.39999999999726,11,0.8000000000004235,0.8000000000004235,2.099999999998957,2.099999999998957,0.6572855740508414,0.6872012450881608,17.0,False,False,-0.07617963074400702,0.21266614303599018,0.11859007601964669,-0.598313420746388,1.6737639701309668,1.7499436008749738,1.6724917810839408,1.4598256380479506,1.5661587095659457,13.145711481016829,13.744024901763217,True,False,False,1.875,1.875,0.8926741174031823,0.933303253799986,False,False,True,-0.04450859475072455,0.1359975962642231,0.6624144438353012,0.44862593953803126,-0.044508594750724564
48.0,0,124.39999999999893,2,0.6,0.29999999999905924,0.20000000000079865,0.20000000000079865,0.5610084895366265,0.5750363011687121,19.0,True,False,-0.0424193156781596,0.04339564997096668,0.06765895395262903,-0.28055623264171103,1.6964582102991672,1.7388775259773268,1.3783695753566998,1.3349739253857331,1.3566717503712165,11.22016979073253,11.500726023374241,False,True,True,1.894736842105263,1.894736842105263,0.8953529443245605,0.9177409164880337,False,False,True,-0.02469713299984788,0.03198957343858144,0.2695058413998379,0.30503445798174406,-0.024697132999847923
48.0,0,125.49999999999748,3,0.6,0.400000000000432,0.7999999999994998,0.7999999999994998,0.7116581860141338,0.7626604827341783,19.0,True,False,-0.1542280850086586,0.003674274975567604,0.016435335408716972,-1.0200459344008905,2.1520144438232576,2.306242528831916,1.676126664854783,1.6724523898792154,1.6742895273669993,14.233163720282676,15.253209654683566,False,True,False,1.894736842105263,1.894736842105263,1.1357854009067194,1.2171835568835114,True,False,True,-0.06921523517978134,0.0021945287180654693,0.0658681614699761,0.5153889125285874,-0.06921523517978123
48.0,0,125.99999999999748,10,0.6,0.4000000000001762,0.09999999999956799,0.09999999999956799,0.7046471134512284,0.758154282585517,19.0,True,False,-0.16180267871294607,-0.1542280850086586,-0.045629492620709755,-1.070143382685771,2.130813353582773,2.292616032295719,2.1520144438232576,2.306242528831916,2.229128486327587,14.092942269024569,15.16308565171034,False,True,False,1.894736842105263,1.894736842105263,1.1245959366131304,1.2099917948227408,True,False,True,-0.07318977476211763,-0.06921523517978134,-0.12188383027497118,0.8016106957785897,-0.07318977476211756
48.0,0,127.09999999999783,8,0.6,0.2000000000004718,0.7000000000001734,0.7000000000001734,0.5898256092370504,0.6440769371460995,19.0,True,False,-0.16405297311446487,-0.3823577969738665,-0.08401057744652579,-1.0850265581809815,1.78359956417304,1.9476525372875049,1.591484823807927,1.9738426207817936,1.7826637222948603,11.796512184741008,12.88153874292199,False,True,True,1.894736842105263,1.894736842105263,0.9413442144246601,1.0279277280128498,False,False,True,-0.08799127094304726,-0.21531477986960212,-0.27216837314540854,0.5781087189031664,-0.08799127094304712
48.0,0,128.59999999999755,23,0.6,0.20000000000013074,1.299999999999244,1.299999999999244,0.5986117379129423,0.7251371606473249,19.0,True,False,-0.1517874555711176,0.5827862808349717,0.12894990579780372,-2.530508454687652,1.8101683245518232,1.9619557801229408,1.820998378630975,1.2382120977960032,1.529605238213489,11.972234758258846,14.502743212946498,False,True,False,1.894736842105263,1.8823529411764706,0.9553666157356845,1.0422890081903122,False,False,True,-0.08052198478180439,0.385716427846885,0.7004482006336854,0.425009687873394,-0.08707938532796342
48.0,0,128.79999999999768,21,0.6,0.599999999999568,0.20000000000013074,0.20000000000013074,0.5814622206671904,0.7251371606473249,19.0,True,False,-0.2961892205962129,0.5839592631586175,0.130213042617273,-2.8734987996026895,1.665766559526728,1.9619557801229408,1.7724284487618915,1.188469185603274,1.480448817182583,11.629244413343809,14.502743212946498,False,True,False,1.8888888888888888,1.8823529411764706,0.8818764138670913,1.0422890081903122,False,False,True,-0.1636564091307604,0.39968453084746036,0.7830550480523693,0.3923452966566613,-0.16712261710724652
48.0,0,129.4999999999976,24,0.6,0.5999999999995396,0.1000000000003638,0.1000000000003638,0.8056704753374069,0.9427443770983563,18.0,True,False,-0.370871813580516,-0.36800685838774605,-0.0882839079296282,-2.7414780352189894,2.179849457103469,2.550721270683985,1.6726365413200242,2.04064339970777,1.8566399705138972,16.113409506748138,18.854887541967127,False,False,False,1.8823529411764706,1.8823529411764706,1.158045024086218,1.355070675050867,True,False,True,-0.15712035238214261,-0.1988640014008508,-0.2544948283728302,0.6187683866294148,-0.1571203523821425
48.0,0,130.09999999999715,22,1.5,2.3000000000017735,0.5999999999995396,0.5999999999995396,0.8816188006934746,0.9013059858009926,17.0,False,True,-0.1935803080853673,-0.30464645706156857,-0.0955753890847868,-0.3937437021503598,2.24502384084984,2.4386041489352075,2.1522514738962144,2.456897930957783,2.304574702426999,17.632376013869493,18.026119716019853,False,True,False,1.875,1.8823529411764706,1.197346048453248,1.295508454121829,True,False,True,-0.08270966483199804,-0.13238505916227183,-0.23632543514533166,0.834896148546728,-0.07879576551086165
48.0,0,135.9999999999968,14,0.6000000000007617,0.6000000000007617,0.8999999999989257,0.8999999999989257,0.6130245434995434,0.7713545499306953,20.0,False,False,-0.4787810601024989,0.28242232702782477,0.0958693083390898,-3.1666001286230383,1.853751840357494,2.332532900459993,1.6078746757277254,1.3254523486999006,1.466663512213813,12.260490869990868,15.427090998613906,False,False,False,1.894736842105263,1.894736842105263,0.9783690268553441,1.2310590307983296,False,False,True,-0.22974315162964365,0.1931594333178855,0.3819709370629174,0.38299010149048357,-0.22974315162964362
48.0,0,136.69999999999754,23,0.6,0.10000000000013642,0.09999999999999432,0.09999999999999432,0.5752641949296091,0.7453777837442943,20.0,True,False,-0.44993223073235944,-0.5002085428374397,-0.020899487451490673,-3.402271776293704,1.9226789443433652,2.3726111750757246,1.8877113331893,2.3879198760267397,2.13781560460802,11.505283898592182,14.907555674885886,False,True,False,1.9047619047619047,1.9,1.0094064457802667,1.2487427237240656,False,True,True,-0.2102716132401229,-0.23505748173775087,-0.05602162080999673,0.7597845622080068,-0.2127747434582414
48.0,0,138.4999999999963,20,0.7000000000007844,0.7000000000007844,0.39999999999915303,0.39999999999915303,0.4215134343769309,0.4206562937795564,22.0,False,False,0.003001199585931591,0.022996977740334268,0.06795265716083962,0.017142811947490344,1.4758908265360555,1.472889626950124,1.4943416492198858,1.4713446714795515,1.4828431603497187,8.430268687538618,8.413125875591128,False,True,False,1.9090909090909092,1.9090909090909092,0.7730856710426958,0.7715136141167316,False,False,True,0.002035553795581735,0.015509016265430886,0.2435835563902553,0.393961299201366,0.0020355537955817904
48.0,0,139.1999999999971,22,1.200000000000017,1.200000000000017,0.7000000000007844,0.7000000000007844,0.6751568608998229,0.6018452431895138,21.0,False,False,0.23335812689318014,-0.04591406451743052,0.007036944066487888,1.4662323542061806,2.14909103549228,1.9157329085991,1.3382671543261884,1.3841812188436189,1.3612241865849035,13.503137217996457,12.036904863790276,False,False,False,1.9,1.9,1.131100544995937,1.0082804782100527,False,True,True,0.11494470924660749,-0.03373317840890061,0.03453814277357248,0.30838443206220506,0.11494470924660746
48.0,0,140.3999999999971,12,1.5,3.5999999999996817,1.200000000000017,1.200000000000017,0.6606854948429675,0.6142778108405658,20.0,False,True,0.14033423382214938,0.3063027478809155,0.07381199146901679,0.9281536800480339,1.997875884334091,1.8575416505119415,1.9974672920655796,1.691164544184664,1.8443159181251219,13.21370989685935,12.285556216811315,True,False,False,1.894736842105263,1.894736842105263,1.054434494509659,0.980369204436858,False,True,True,0.07283063809889789,0.1664626530609845,0.30835394600890753,0.612108432654098,0.07283063809889795
48.0,0,144.1999999999969,13,0.6,0.5000000000006537,0.20000000000010232,0.20000000000010232,0.5947993083030081,0.7201807672592286,20.0,True,False,-0.3991015792991217,0.18771451859228283,0.05217427265618452,-2.507629179124411,1.8933050012812795,2.2924065805804013,1.38940494032008,1.2016904217277973,1.2955476810239386,11.895986166060162,14.403615345184573,False,True,True,1.9,1.9,0.9964763164638314,1.2065297792528429,False,True,True,-0.19127819445773742,0.1451463046907387,0.25260754259557694,0.2589335254557724,-0.1912781944577375
48.0,0,145.19999999999683,3,0.6,0.4000000000005173,0.49999999999928946,0.49999999999928946,0.5359492163281914,0.6793120364644585,20.0,True,False,-0.45633802960562475,-0.4528846028208662,-0.059119643203645156,-2.867256402725342,1.705979340497184,2.1623173701028087,1.729385234232656,2.1822698370535223,1.9558275356430892,10.718984326563827,13.58624072928917,False,True,False,1.9,1.9,0.8978838634195705,1.1380617737383205,False,False,True,-0.2370411640375838,-0.23259955535484744,-0.19251861851432017,0.6708133957636389,-0.237041164037584
48.0,0,145.59999999999735,25,0.6,0.399999999999892,0.4000000000005173,0.4000000000005173,0.5730137802269759,0.6165714925603707,19.0,True,False,-0.22291405490795357,-0.3393612797711112,-0.08020436930807501,-0.8711542466678956,1.6415635604921313,1.8644776154000848,1.551483879076598,1.890845158847709,1.7211645189621536,11.460275604539518,12.331429851207414,False,True,True,1.8888888888888888,1.894736842105263,0.8690630614370107,0.984029852572267,False,True,True,-0.12733173668756387,-0.1978120888006198,-0.27512299127589457,0.5430011076414077,-0.12424054411789094
48.0,0,145.99999999999724,7,0.6,0.4999999999990621,0.399999999999892,0.399999999999892,0.7517137577721034,0.6463878560022636,18.0,True,False,0.30173648224106553,-0.15174955061155115,-0.0682210325948911,2.106518035396796,2.1535012861130505,1.851764803871985,1.630952729413181,1.782702280024732,1.7068275047189565,15.034275155442067,12.927757120045271,False,True,True,1.8888888888888888,1.8888888888888888,1.1400889161774974,0.9803460726381097,False,True,True,0.1509558903218714,-0.08896600730803134,-0.2336125418464703,0.5346363869891618,0.1509558903218715
48.0,0,146.89999999999674,10,0.6,0.30000000000035243,0.400000000000432,0.400000000000432,0.7307049588086132,0.95602418315932,18.0,True,False,-0.645492029922841,0.2971268745101363,0.002314853039609377,-4.506384487014138,2.09331551045071,2.7388075403735512,2.104180113319032,1.8070532388088956,1.9556166760639637,14.614099176172264,19.120483663186402,False,True,False,1.8888888888888888,1.8888888888888888,1.1082258584739053,1.449956933138939,True,False,True,-0.2687734437680478,0.15222842268561232,0.006187978176651954,0.6707055790249015,-0.26877344376804807
48.0,0,149.39999999999614,16,0.8999999999999488,0.8999999999999488,0.9999999999990337,0.9999999999990337,0.7312185766030557,0.7592824740152215,19.0,False,False,-0.08039714392026065,0.1329099214053553,0.12036964766221964,-0.5612779482433172,2.094786917045929,2.1751840609661897,1.4894281631646449,1.3565182417592896,1.4229732024619672,14.624371532061113,15.18564948030443,False,False,False,1.8888888888888888,1.8888888888888888,1.10900483843608,1.151568032276218,True,False,True,-0.03766144873101662,0.09347096249010911,0.4862872908180791,0.352748487210064,-0.03766144873101662
48.0,0,150.2999999999961,20,0.6,0.100000000000108,0.8999999999999488,0.8999999999999488,0.6838115415470822,0.9496445011876826,18.0,True,False,-0.30813348251172656,-0.14052999886023865,0.0582982939366139,-5.316659192812008,1.958975765649128,2.2671092481608546,1.9747626574716544,2.115292656331893,2.0450276569017736,13.676230830941645,18.992890023753652,False,True,False,1.8888888888888888,1.8666666666666667,1.0371048171083619,1.2145228115147435,True,False,True,-0.14608379288589357,-0.06874495701427152,0.1793354781668386,0.715411313560661,-0.15791825053289635
48.0,0,150.299999999997,12,0.6,0.09999999999919851,0.9000000000008583,0.9000000000008583,0.6838115415470822,0.9496445011876826,18.0,True,False,-0.30813348251172656,-0.14052999886023865,0.0582982939366139,-5.316659192812008,1.958975765649128,2.2671092481608546,1.9747626574716544,2.115292656331893,2.0450276569017736,13.676230830941645,18.992890023753652,False,True,False,1.8888888888888888,1.8666666666666667,1.0371048171083619,1.2145228115147435,True,False,True,-0.14608379288589357,-0.06874495701427152,0.1793354781668386,0.715411313560661,-0.15791825053289635
48.0,0,150.3999999999962,9,0.6,0.49999999999943157,0.09999999999919851,0.09999999999919851,0.6720955234727115,0.9496445011876826,18.0,True,False,-0.34169740192974807,-0.15333284813152837,0.058426626788955216,-5.550979554299422,1.9254118462311065,2.2671092481608546,1.935763748892049,2.0890965970235773,2.012430172957813,13.44191046945423,18.992890023753652,False,True,False,1.8888888888888888,1.8666666666666667,1.0193356832988212,1.2145228115147435,False,True,True,-0.1633656700448003,-0.0762297714246194,0.18413605538091593,0.699343033041713,-0.17520012769180301
48.0,0,150.89999999999563,19,1.300000000001262,1.300000000001262,0.49999999999943157,0.49999999999943157,0.7826069005938399,0.9487678097883324,15.0,False,False,-0.39667995070420625,-0.3941556997311282,-0.03738030036453288,-3.32321818388985,1.8683363509100577,2.265016301614264,1.8724110930573796,2.266566792788508,2.069488942922944,15.652138011876797,18.975356195766647,False,True,False,1.8666666666666667,1.8666666666666667,1.0008944737018166,1.2134015901504984,False,True,True,-0.1925335731181882,-0.1910393055993007,-0.09336277695252837,0.7273016893187088,-0.19253357311818808
48.0,0,152.29999999999688,8,0.6,0.3000000000002103,0.09999999999999432,0.09999999999999432,1.2112207515143698,1.1816746640004316,15.0,True,False,0.06583368227616582,-0.1815693680205155,-0.12073382342988237,0.5909217502787634,2.698804776905891,2.6329710946297253,1.6873532148611172,1.8689225828816327,1.778137898871375,24.224415030287396,23.633493280008633,False,True,False,1.8571428571428572,1.8571428571428572,1.4532025721800952,1.4177536663390828,True,False,True,0.024696097439253717,-0.10220094974112082,-0.38744587341109993,0.5755666925045599,0.024696097439253717
48.0,0,152.5999999999971,23,0.6,0.5999999999997385,0.3000000000002103,0.3000000000002103,1.20760181341808,1.1780217858973776,14.0,True,False,0.06590930635399683,0.06583368227616582,-0.03371828565617324,0.5916005504140465,2.6907411704911377,2.624831864137141,2.698804776905891,2.6329710946297253,2.6658879357678082,24.1520362683616,23.560435717947552,False,True,False,1.8571428571428572,1.8571428571428572,1.4488606302644587,1.4133710037661527,True,False,True,0.024799841491575658,0.024696097439253717,-0.06623897359561737,0.9805371862773177,0.024799841491575658
48.0,1,21.80000000000004,13,0.6,0.4999999999999254,1.2000000000000668,1.2000000000000668,0.5414247738348354,0.5893427874604402,21.0,True,False,-0.16015416336485555,0.34684484400710747,0.04701626942765541,-0.9583602725120954,1.8095790104327365,1.969733173797592,1.5493267947361318,1.2024819507290243,1.375904372732578,10.828495476696709,11.786855749208804,False,True,True,1.9047619047619047,1.9047619047619047,0.9500289804771868,1.034109916243736,False,False,True,-0.08480386150049868,0.25343279751124187,0.2594795141850421,0.31911124053552753,-0.08480386150049864
48.0,1,22.70000000000008,19,1.3999999999999915,1.3999999999999915,0.4000000000001158,0.4000000000001158,0.521729065584756,0.5783527304754807,21.0,False,False,-0.18925065943009511,-0.19364890193827589,0.00629439958158412,-1.1324732978144958,1.743750954593121,1.933001614023216,1.7530716415891665,1.9467205435274424,1.8498960925583043,10.43458131169512,11.567054609509615,False,True,False,1.9047619047619047,1.9047619047619047,0.9154692511613886,1.0148258473621885,False,True,True,-0.1030355211850984,-0.10477671116305409,0.021335452862549564,0.6151294713281539,-0.10303552118509834
48.0,1,24.100000000000072,18,0.8000000000000114,0.8000000000000114,1.3999999999999915,1.3999999999999915,0.7699381956714886,0.598127020238044,20.0,False,False,0.5195473591245692,0.171459810554496,0.0824728485704422,3.436223508668892,2.328249924611075,1.8087025654865057,1.46466959378317,1.293209783228674,1.378939688505922,15.398763913429772,11.96254040476088,True,False,False,1.894736842105263,1.894736842105263,1.2287985713225118,0.9545930206734335,False,False,True,0.25250710644461116,0.12450235180626934,0.5755937656803296,0.32131486218099914,0.25250710644461116
48.0,1,24.900000000000084,7,1.0999999999998984,1.0999999999998984,0.8000000000000114,0.8000000000000114,0.6955164466341621,0.583782736161651,19.0,False,False,0.3378764743022775,0.3522058774916008,0.09879737734730518,2.2346742094502225,2.1032027291872093,1.7653262548849318,2.126447905136155,1.7742420276445543,1.9503449663903547,13.910328932683242,11.67565472323302,False,True,False,1.894736842105263,1.894736842105263,1.1100236626265827,0.9316999678559362,False,False,True,0.1751257718048328,0.1810796324276911,0.41619754097403017,0.6680062627708698,0.17512577180483274
48.0,1,27.900000000000126,6,1.5,1.8999999999999133,1.500000000000135,1.500000000000135,0.7592262586995346,0.7100000394882624,20.0,False,True,0.14885732622678516,0.18539475987272658,0.05677467551681842,0.9845243842254447,2.295857627946744,2.147000301719959,1.354419048871643,1.1690242889989164,1.2617216689352797,15.184525173990693,14.200000789765248,True,False,False,1.894736842105263,1.894736842105263,1.2117026369718928,1.1331390481299783,True,False,True,0.06703480837311404,0.1472031563126991,0.3077796514687765,0.2324771921999586,0.06703480837311417
48.0,1,31.800000000000097,19,0.6,0.29999999999997584,1.1000000000000156,1.1000000000000156,0.454947968429674,0.4568257741462229,21.0,True,False,-0.0062761033010543255,0.22863972933849186,0.07008415051683672,-0.03755611433097705,1.5205515785291617,1.526827681830216,1.424823470769331,1.1961837414308392,1.310503606100085,9.09895936859348,9.136515482924457,False,True,True,1.9047619047619047,1.9047619047619047,0.7982895787278099,0.8015845329608634,False,False,True,-0.004119022700087405,0.17491165219749785,0.38760169638091946,0.2704114954754282,-0.004119022700087349
48.0,1,32.50000000000008,13,0.6,0.4000000000000057,0.4000000000000057,0.4000000000000057,0.757582094981057,0.6568317539386417,21.0,True,False,0.3206982959018938,-0.020921494771649396,0.06497883098467971,2.0150068208483063,2.41145870428298,2.0907604083810862,1.5315664037530177,1.552487898524667,1.5420271511388424,15.15164189962114,13.136635078772834,False,True,False,1.9,1.9,1.2691887917278843,1.100400214937414,True,False,True,0.1427040043190928,-0.013567734975955037,0.2589343491353644,0.4330978827285632,0.14270400431909275
48.0,1,32.50000000000019,9,0.6,0.399999999999892,0.40000000000011937,0.40000000000011937,0.757582094981057,0.6568317539386417,21.0,True,False,0.3206982959018938,-0.020921494771649396,0.06497883098467971,2.0150068208483063,2.41145870428298,2.0907604083810862,1.5315664037530177,1.552487898524667,1.5420271511388424,15.15164189962114,13.136635078772834,False,True,False,1.9,1.9,1.2691887917278843,1.100400214937414,True,False,True,0.1427040043190928,-0.013567734975955037,0.2589343491353644,0.4330978827285632,0.14270400431909275
48.0,1,34.70000000000022,11,0.6,0.4999999999999787,1.8000000000001393,1.8000000000001393,0.8108982520727501,0.7651778003664127,20.0,True,False,0.13825608189969962,0.019717969320285356,0.021086035113596302,0.9144090341267486,2.452110838077163,2.3138547561774634,1.4066586895750597,1.3869407202547743,1.396799704914917,16.217965041455003,15.303556007328254,False,False,True,1.894736842105263,1.894736842105263,1.2941696089851695,1.2212011213158835,True,False,True,0.058034360807256324,0.014116767568532806,0.12093605318713352,0.33418369484524385,0.058034360807256324
48.0,1,35.2000000000002,22,0.6999999999999247,0.6999999999999247,0.4999999999999787,0.4999999999999787,0.8115729097505131,0.7647967078684346,19.0,False,False,0.14144861122334706,0.12919835223249265,0.044471140377527696,0.9355240376415708,2.45415096505907,2.3127023538357228,2.443053108409956,2.3138547561774634,2.3784539322937097,16.231458195010262,15.295934157368691,False,True,False,1.894736842105263,1.894736842105263,1.2952463426700647,1.2205929089688536,True,False,True,0.05936417141299555,0.05433367167674652,0.12774600128005376,0.8664506683165499,0.05936417141299566
48.0,1,36.80000000000025,5,0.8000000000000398,0.8000000000000398,0.9000000000001265,0.9000000000001265,0.6609656630011251,0.5468336671846448,19.0,False,False,0.34512875468359105,0.3407753548129313,0.06639866697960478,2.2826399163296074,1.998723097132178,1.653594342448587,2.0210632143402902,1.680287859527359,1.8506755369338246,13.219313260022503,10.936673343692895,False,True,False,1.894736842105263,1.894736842105263,1.0548816345975385,0.872730347403421,False,False,True,0.18955721720382412,0.18465859298159593,0.2327783238283383,0.6155507275367,0.189557217203824
48.0,1,37.60000000000029,20,1.0999999999999872,1.0999999999999872,0.8000000000000398,0.8000000000000398,0.6614124893997975,0.6898842926559681,18.0,False,False,-0.07703427985831102,0.25806973973161895,0.0753031136650546,-0.569436065123412,1.789540140881791,1.866574420740102,1.597474204285128,1.339404464553509,1.4684393344193185,13.22824978799595,13.797685853119361,False,False,False,1.8823529411764706,1.8823529411764706,0.9506931998434515,0.9916176610181793,False,True,True,-0.04214620807952307,0.1761986738497271,0.41894819965976926,0.3842001595463561,-0.04214620807952315
48.0,1,38.70000000000028,4,1.0999999999998167,1.0999999999998167,1.0999999999999872,1.0999999999999872,0.6267601428303564,0.7297986499471811,17.0,False,False,-0.16263342891879962,-0.047594931222058046,0.03403667538416341,-2.0607701423364944,1.6957835726953707,1.8584170016141703,1.7084261918398878,1.7560211230619458,1.7322236574509167,12.535202856607128,14.595972998943623,True,True,False,1.8823529411764706,1.875,0.9008850229944158,0.9911557341942242,False,True,True,-0.09158013216693506,-0.027477933141056732,0.1554749239234834,0.5494059342807973,-0.09549403148807144
48.0,1,40.20000000000019,7,0.6,0.20000000000011653,0.40000000000009095,0.40000000000009095,0.7965534409570081,0.8362202564328571,17.0,True,False,-0.10101071615512769,-0.054278559786751446,-0.0579773348733956,-0.793336309516981,2.0284066810426564,2.129417397197784,1.544386998129296,1.5986655579160474,1.5715262780226715,15.931068819140162,16.724405128657143,False,True,False,1.875,1.875,1.0818168965560835,1.1356892785054848,True,False,True,-0.048597821181513345,-0.03454218829701766,-0.23922870746385638,0.4520472987336707,-0.04859782118151332
48.0,1,40.400000000000304,14,0.6,0.09999999999977405,0.20000000000011653,0.20000000000011653,0.7965534409570081,0.8362202564328571,17.0,True,False,-0.10101071615512769,-0.02378702937164201,-0.0360038763613896,-0.793336309516981,2.0284066810426564,2.129417397197784,1.48419403431412,1.507981063685762,1.496087548999941,15.931068819140162,16.724405128657143,False,True,False,1.875,1.875,1.0818168965560835,1.1356892785054848,True,False,True,-0.048597821181513345,-0.01589982518580091,-0.161621655082397,0.4028533998987207,-0.04859782118151332
48.0,1,40.70000000000031,17,1.5,1.599999999999909,0.20000000000011653,0.20000000000011653,0.7338301668911305,0.7896043182246975,17.0,False,True,-0.14202771010388182,-0.31949161658757186,-0.09470054570527148,-1.11548302667134,1.8686831752107829,2.0107108853146647,1.3961001865594276,1.7155918031469994,1.5558459948532135,14.676603337822609,15.792086364493949,False,False,False,1.875,1.875,0.9966310267790842,1.0723791388344879,False,True,True,-0.0732543353959223,-0.20607532717315485,-0.3973108462412134,0.4420194458277799,-0.07325433539592228
48.0,1,42.30000000000022,24,0.6,0.4000000000000057,1.599999999999909,1.599999999999909,0.6299016118497462,0.6864910444800234,16.0,True,False,-0.14410380687799051,0.0009031273761599401,-0.017864317822000098,-1.1317886526055432,1.6040312829990322,1.7481350898770227,1.5496909107744274,1.5487877833982675,1.5492393470863475,12.598032236994925,13.729820889600468,False,True,True,1.875,1.875,0.8554833509328171,0.9323387146010788,False,False,True,-0.0860295444148017,0.0005829489184058234,-0.09441438665152102,0.4377640666617397,-0.08602954441480166
48.0,1,42.70000000000022,6,0.6,0.20000000000000995,0.4000000000000057,0.4000000000000057,0.8353192610716436,0.8093687196111121,15.0,True,False,0.06195235424032153,-0.11174229744567987,-0.0290139160853434,0.5190108292106288,1.9941778418913223,1.9322254876510008,1.5177771183037254,1.6295194157494053,1.5736482670265652,16.70638522143287,16.187374392222242,False,True,False,1.8666666666666667,1.8666666666666667,1.0683095581560655,1.0351207969558933,True,False,True,0.03155941505909643,-0.07103829207556467,-0.1454458490414765,0.45339666061834344,0.03155941505909639
48.0,1,42.90000000000023,11,0.6,0.29999999999996874,0.20000000000000995,0.20000000000000995,0.8353192610716436,0.8093687196111121,16.0,True,False,0.06195235424032153,-0.1566314261779571,-0.037500648652004975,0.5190108292106288,1.9941778418913223,1.9322254876510008,1.5915036636990656,1.7481350898770227,1.6698193767880443,16.70638522143287,16.187374392222242,False,True,False,1.8666666666666667,1.8666666666666667,1.0683095581560655,1.0351207969558933,True,False,True,0.03155941505909643,-0.09387028700667244,-0.13847968501977315,0.5127154629672579,0.03155941505909639
48.0,1,44.60000000000037,8,0.6,0.19999999999988205,1.400000000000169,1.400000000000169,0.8694055691154912,0.7692213971339346,15.0,True,False,0.23917209285649954,0.31648264695326533,0.0586602480206701,2.003683439631132,2.0755529081452933,1.8363808152887937,1.643877329227295,1.3273946822740297,1.4856360057506623,17.388111382309823,15.384427942678691,False,True,False,1.8666666666666667,1.8666666666666667,1.1119033436492642,0.9837754367618537,False,True,True,0.1224308935195344,0.21383954099170205,0.30464831892555266,0.395842967266875,0.12243089351953443
48.0,1,47.60000000000026,22,0.6,0.10000000000015064,0.8999999999999773,0.8999999999999773,1.028693648203676,1.2935092327151478,17.0,True,False,-0.632200639241554,0.19759369704340135,0.02072712970386703,-5.296311690229437,2.4558251855827544,3.0880258248243084,1.4450277902100133,1.247434093166612,1.3462309416883125,20.57387296407352,25.870184654302957,False,True,False,1.8666666666666667,1.8666666666666667,1.3156206351336184,1.6542995490130223,True,False,True,-0.2290691658458648,0.14703983723975622,0.08521859976210044,0.29730879279647304,-0.22906916584586484
48.0,1,47.70000000000041,23,0.6,0.49999999999977973,0.10000000000015064,0.10000000000015064,1.008947638189757,1.2650113666842646,17.0,True,False,-0.6520609301830698,0.20173515079096993,0.024279754456991792,-5.121274569890151,2.569264063020688,3.221324993203758,1.4473613534955605,1.2456262027045906,1.3464937781000756,20.17895276379514,25.300227333685292,False,True,True,1.875,1.875,1.370274166944367,1.7180399963753377,True,False,True,-0.22617326239280533,0.15010376492720295,0.1039923111769041,0.297504012464244,-0.22617326239280539
48.0,1,48.60000000000039,12,0.6,0.09999999999991616,0.2000000000000881,0.2000000000000881,0.9398119743427163,1.1601513057347883,17.0,True,False,-0.6312256874750073,-0.6514887243500467,-0.1299634961683392,-4.406786627841441,2.692362983284743,3.3235886707597504,2.6293597795307027,3.2808485038807493,2.9551041417057258,18.796239486854326,23.203026114695767,False,True,False,1.8888888888888888,1.8888888888888888,1.4253686382095698,1.7595469433433972,True,False,True,-0.21062588361170442,-0.2213616924294689,-0.23291923932642827,1.0835338927770666,-0.2106258836117043
48.0,1,49.300000000000345,20,0.6,0.4000000000000057,0.600000000000037,0.600000000000037,0.8362605239543619,0.9617825952918944,17.0,True,False,-0.33961678804853035,-0.3666415612477891,-0.06158574999498556,-2.510441426750649,2.262614933699236,2.602231721747766,2.289309333885279,2.655950895133068,2.4726301145091734,16.725210479087238,19.235651905837887,False,True,False,1.8823529411764706,1.8823529411764706,1.2020141835277192,1.3824356021785007,True,False,True,-0.13984823664346313,-0.14855257201308092,-0.11236231606087754,0.9052824078051959,-0.13984823664346296
48.0,1,49.70000000000035,21,0.6,0.5999999999998664,0.4000000000000057,0.4000000000000057,1.1737938190038737,1.0777997638493035,16.0,True,False,0.22916892577928794,-0.13983699085217483,-0.09919498069152594,1.9198811030914023,2.8022263269777,2.573057401198412,1.9543292297895825,2.0941662206417573,2.0242477252156696,23.475876380077473,21.55599527698607,False,False,False,1.8666666666666667,1.8666666666666667,1.5011926751666251,1.3784236077848637,True,False,True,0.08531937591529992,-0.06910845918665298,-0.21004072573290022,0.7051981378169588,0.08531937591529987
48.0,1,52.10000000000027,19,0.6,0.5000000000000995,1.2000000000000384,1.2000000000000384,0.9037395284923732,0.6370781851197744,18.0,True,False,0.7639284767269381,-0.40613651178618704,-0.04045468504599453,5.333226867451973,2.5890230380878,1.825094561360862,1.464800879990443,1.87093739177663,1.6678691358835365,18.074790569847462,12.741563702395489,False,True,True,1.8888888888888888,1.8888888888888888,1.370659255458247,0.9662265324851622,False,False,True,0.34964879904365853,-0.24472026915700368,-0.1312633662849476,0.5115468451534313,0.34964879904365853
48.0,1,53.30000000000037,18,1.1999999999999105,1.1999999999999105,0.6999999999999957,0.6999999999999957,1.241673730562348,0.7597532587746567,18.0,False,False,1.3039004294572192,0.6834490398439819,0.14966067375291842,9.638409435753825,3.359514702747982,2.0556142732907627,2.415706603486069,1.732257563642087,2.073982083564078,24.83347461124696,15.195065175493134,False,False,False,1.8823529411764706,1.8823529411764706,1.7847421858348653,1.0920450826857178,True,False,True,0.4912218101128307,0.332566325859353,0.4106367634590786,0.7294704711798964,0.4912218101128305
48.0,1,54.50000000000028,6,1.09999999999998,1.09999999999998,1.1999999999999105,1.1999999999999105,1.0942926973087037,0.6520516102401577,17.0,False,False,1.19654253576997,1.1801801248542139,0.28148094697910647,8.84482174137092,2.960755563422737,1.7642130276527672,2.986543274505855,1.8063631496516412,2.396453212078748,21.885853946174073,13.041032204803154,True,True,False,1.8823529411764706,1.8823529411764706,1.572901393068329,0.9372381709405326,False,False,True,0.5177397794075884,0.5028011088033691,0.7074378866485967,0.8739898159880941,0.5177397794075882
48.0,1,55.80000000000052,15,0.7999999999998693,0.7999999999998693,0.10000000000011511,0.10000000000011511,0.8444216665837789,0.788523897250827,18.0,False,False,0.28563278934225167,0.6887674780812734,0.06433108386664588,1.1179553866590375,2.419089881232685,2.1334570918904334,2.4447703780218086,1.7560028999405353,2.100386638981172,16.88843333167558,15.770477945016541,False,True,False,1.8888888888888888,1.8823529411764706,1.2806946430055393,1.1333990800667928,True,False,True,0.12564767545818256,0.33091105693871214,0.1545176798260407,0.7421214415830696,0.12218146748169637
48.0,1,57.60000000000055,16,0.6,0.09999999999980247,0.3000000000002032,0.3000000000002032,1.1895335467598134,0.9935115115463596,19.0,True,False,0.5927596413239402,-0.07639801293035897,0.02255513256180902,3.920440704269076,3.597082734868712,3.004323093544772,1.850311315226297,1.926709328156656,1.8885103216914767,23.790670935196268,19.87023023092719,False,True,False,1.894736842105263,1.894736842105263,1.8984603322918203,1.5856149660375185,True,False,True,0.18007088296384666,-0.040459632979198856,0.05878535120316164,0.6357883287055982,0.1800708829638466
48.0,1,58.90000000000037,21,0.6,0.20000000000000284,1.200000000000017,1.200000000000017,0.9722335101452652,0.7382644399121636,19.0,True,False,0.7075093471060465,0.6986845555590788,0.12012802310172427,4.679381404662031,2.939979610604864,2.2324702634988176,2.978519093446471,2.279834537887392,2.6291768156669315,19.444670202905304,14.765288798243272,False,True,False,1.894736842105263,1.894736842105263,1.5516559055970116,1.1782481946243761,True,False,True,0.275293932299679,0.26732335925866535,0.2710354721609234,0.9666707993503508,0.2752939322996789
48.0,1,59.10000000000037,20,0.9999999999999005,0.9999999999999005,0.20000000000000284,0.20000000000000284,0.920998878348526,0.6753566181712332,19.0,False,False,0.7428084188501498,0.7341203923102166,0.12128026376846213,4.9128452035458565,2.7850489573539225,2.0422405385037727,2.8237783723445404,2.089657980034324,2.4567181761894323,18.41997756697052,13.507132363424663,False,True,False,1.894736842105263,1.894736842105263,1.4698869497145703,1.0778491730992135,True,False,True,0.3102179438163465,0.3010754298346341,0.29796031600525896,0.8988263845546146,0.31021794381634643
48.0,1,60.10000000000036,11,1.20000000000001,1.20000000000001,0.9999999999999858,0.9999999999999858,0.730176845990254,0.7150265091162877,17.0,False,False,0.04340251805398454,0.08256114829682426,0.13089717568522558,0.3030067374793255,2.091802578670773,2.0484000606167885,2.0276249883728554,1.9450638400760312,1.9863444142244433,14.60353691980508,14.300530182325755,False,True,False,1.8888888888888888,1.8888888888888888,1.1074248945904093,1.0844470909147703,True,False,True,0.020967141890818386,0.04157035246081875,0.38724492122503995,0.6862959716469264,0.020967141890818386
48.0,1,62.50000000000039,18,1.3000000000001322,1.3000000000001322,1.2000000000000242,1.2000000000000242,0.623780946201109,0.5108706320569039,18.0,False,False,0.24215663682562472,-0.04283770120348174,0.02376070010883019,2.258206282884103,1.7870007779000303,1.5448441410744056,1.4591209940444403,1.501958695247922,1.4805398446461813,12.47561892402218,10.217412641138077,False,True,False,1.8888888888888888,1.894736842105263,0.9460592353588396,0.8153344077892697,False,False,True,0.1456156457902577,-0.02893585759252315,0.11016679907398097,0.3924067811633739,0.14870683835993054
48.0,1,64.90000000000036,13,0.7000000000001876,0.7000000000001876,1.099999999999838,1.099999999999838,0.7045888426854936,0.6437346891261004,19.0,False,False,0.17433430823971197,0.4303292170955493,0.09682516622558651,1.2170830711878633,2.0184983488942945,1.8441640406545825,1.6399839731797718,1.2096547560842226,1.4248193646319973,14.091776853709872,12.874693782522009,True,False,False,1.8888888888888888,1.8888888888888888,1.0686167729440383,0.9763221391700732,False,False,True,0.0903277630060445,0.3043514759916566,0.5218203781725579,0.3540450440239191,0.09032776300604453
48.0,1,66.70000000000037,15,0.6,0.20000000000000284,1.0999999999998238,1.0999999999998238,0.8741820700758445,0.5842606139602045,19.0,True,False,0.9228486569840821,0.26443741166993684,0.0499149942566553,5.798429122312802,2.7826079522975258,1.8597592953134436,1.6604257317254518,1.395988320055515,1.5282070258904834,17.48364140151689,11.68521227920409,False,True,True,1.9,1.9,1.4645305012092242,0.9788206817439178,False,False,True,0.4029415320584461,0.17347139679903406,0.22227580236273847,0.42409516971486066,0.40294153205844613
48.0,1,67.20000000000049,2,0.6999999999998181,0.6999999999998181,0.10000000000012221,0.10000000000012221,0.8669439790322779,0.6474377474535933,20.0,False,False,0.8017529537559611,0.9310444489416969,0.11299359349027527,4.390124631573695,2.75956839293487,1.957815439178909,2.7826079522975258,1.8515635033558289,2.317085727826677,17.33887958064556,12.948754949071866,False,True,False,1.9,1.894736842105263,1.4524044173341424,1.0332914817888688,True,False,True,0.34324500833129645,0.4073581811752236,0.2759357241189031,0.8403102442593774,0.3404710814485713
48.0,1,67.9000000000003,17,0.6,0.20000000000005969,0.6999999999998181,0.6999999999998181,0.7479813661349652,0.639250920497255,19.0,True,False,0.32879476986869793,0.34897412143945106,0.01754170939473848,2.1746089127542056,2.261853703459162,1.933058933590464,2.2890375832039758,1.9400634617645247,2.11455052248425,14.959627322699305,12.7850184099451,False,True,False,1.894736842105263,1.894736842105263,1.1937561212701133,1.020225548283856,True,False,True,0.15708101194522917,0.16541077509503666,0.043681744474667994,0.7488422709929193,0.15708101194522917
48.0,1,68.90000000000025,23,0.999999999999801,0.999999999999801,0.7999999999998835,0.7999999999998835,0.6541219760806438,0.7133125163330556,19.0,False,False,-0.16956840717812094,0.16883510448468253,0.02247583715527679,-1.1838108050482354,1.8739214258089136,2.0434898329870346,1.7867788071220574,1.6179437026373749,1.7023612548797162,13.082439521612876,14.266250326661112,False,False,False,1.8888888888888888,1.8888888888888888,0.9920760489576602,1.0818475586401948,False,True,True,-0.08662579437593887,0.09925842600872298,0.0666317668343599,0.5320162607894875,-0.08662579437593873
48.0,1,69.90000000000005,22,0.6000000000003496,0.6000000000003496,0.999999999999801,0.999999999999801,0.8997495948208272,0.6925731615107091,18.0,False,False,0.4503171666015009,-0.1943977256499072,0.025789550541042094,4.143528666202361,2.434393124531298,1.9840759579297973,1.801937369986616,1.9963350956365231,1.8991362328115695,17.994991896416543,13.851463230214183,False,True,False,1.8823529411764706,1.8888888888888888,1.2932713474072521,1.050393154198128,True,False,True,0.20454420192290768,-0.10245064463597087,0.08818535832411367,0.6413991684942796,0.20801040989939393
48.0,1,72.10000000000007,3,0.8000000000002956,0.8000000000002956,1.5999999999996675,1.5999999999996675,0.8500326339920043,0.8485769928369118,18.0,False,False,0.0039384322484172785,0.4723194672068147,0.09318176275599152,0.02911282310185115,2.299877223317273,2.295938791068856,1.7788060132296166,1.306486546022802,1.5426462796262093,17.000652679840087,16.971539856738236,True,False,False,1.8823529411764706,1.8823529411764706,1.2218097748873014,1.2197174827553297,True,False,True,0.0017139211840476731,0.3086008519456616,0.41926252510738493,0.43349930512193935,0.0017139211840477564
48.0,1,74.79999999999997,10,0.6,0.4000000000005173,0.09999999999959641,0.09999999999959641,0.6400924920599493,0.7244254220653374,19.0,True,False,-0.2550180508398263,0.5409052154607592,0.0899562171594323,-1.6866586001077621,1.9356037987996637,2.19062184963949,1.911171017664236,1.3702658022034768,1.6407184099338563,12.801849841198987,14.488508441306749,False,True,False,1.894736842105263,1.894736842105263,1.0215686715887116,1.1561615317541754,True,False,True,-0.12376613459891816,0.332711415215874,0.29387131190372173,0.49513420075581444,-0.12376613459891808
48.0,1,76.59999999999981,14,0.6,0.3000000000004377,0.6999999999995055,0.6999999999995055,0.4762851973292399,0.5369708573896741,20.0,True,False,-0.19316845546825046,-0.20055332759341726,-0.006769156458700409,-1.2137132012086838,1.5160628695289464,1.7092313249971969,1.5376556103451566,1.738208937938574,1.6379322741418654,9.525703946584798,10.739417147793482,False,True,False,1.9,1.9,0.7979278260678666,0.8995954342090511,False,False,True,-0.11992699487994257,-0.12259631151594641,-0.023254724281167594,0.49343463789834235,-0.11992699487994253
48.0,1,81.09999999999944,7,0.6,0.5000000000004263,0.9999999999993747,0.9999999999993747,0.6812053346801985,0.6819628980412995,22.0,True,False,-0.0025319690261151884,0.08638660729010872,0.04019242615708629,-0.015151267222019982,2.2767611217733728,2.279293090799488,1.3037230652621634,1.2173364579720547,1.260529761617109,13.62410669360397,13.63925796082599,False,False,False,1.9047619047619047,1.9047619047619047,1.1952995889310207,1.1966288726697312,True,False,True,-0.001111474608791574,0.0685588268337865,0.23003622744170138,0.23153207832871273,-0.0011114746087915461
48.0,1,81.59999999999987,13,1.2000000000001023,1.2000000000001023,0.5000000000004263,0.5000000000004263,0.6776399100954213,0.6738981068589194,21.0,False,False,0.012506056104497176,0.009091431432166619,0.025899595768902384,0.07483606473003945,2.264844567888711,2.2523385117842136,2.2693599063897043,2.2602684749575377,2.264814190673621,13.552798201908427,13.477962137178388,False,True,False,1.9047619047619047,1.9047619047619047,1.1890433981415733,1.1824777186867121,True,False,True,0.005537118082901582,0.0040142117078740824,0.08158276766920802,0.8174927205472571,0.005537118082901832
48.0,1,87.69999999999895,6,1.4000000000004889,1.4000000000004889,3.0999999999991417,3.0999999999991417,0.6178937257937962,0.605811242676177,22.0,False,False,0.04038272517286279,0.17732482474735756,0.0538523665555969,0.2416496623523834,2.065157656076567,2.024774930903704,1.3131005988553606,1.135775774108003,1.2244381864816818,12.357874515875924,12.11622485352354,True,False,False,1.9047619047619047,1.9047619047619047,1.0842077694401977,1.0630068387244447,True,False,True,0.019748021118368486,0.14507529107558467,0.4351333369601844,0.202482115516608,0.01974802111836854
48.0,1,90.89999999999944,23,1.5,1.5999999999994827,1.2999999999995708,1.2999999999995708,0.4972517788382209,0.6174329707477453,23.0,False,True,-0.4208034766996829,0.21193429419203658,0.03970868446347872,-2.4036238381904873,1.7410817283934972,2.16188520509318,1.4952148696562009,1.2832805754641643,1.3892477225601825,9.945035576764418,12.348659414954906,True,False,False,1.9090909090909092,1.9090909090909092,0.9119951910632604,1.1324160598107134,False,False,True,-0.21647401813429612,0.15285017327904987,0.23103433662929884,0.32876239384610717,-0.21647401813429612
48.0,1,92.49999999999892,20,0.6999999999999602,0.6999999999999602,1.5999999999994827,1.5999999999994827,0.5099025731000806,0.5562500928314504,22.0,False,False,-0.15490517417122995,-0.3235278182224499,-0.02457979097154661,-0.9269503946273971,1.7042238150872409,1.8591289892584708,1.4508621241702324,1.7743899423926823,1.6126260332814573,10.198051462001612,11.125001856629009,False,True,False,1.9047619047619047,1.9047619047619047,0.8947175029208015,0.9760427193606972,False,False,True,-0.08699832603631619,-0.20129872128426451,-0.13127790409340268,0.47786392680799034,-0.08699832603631608
48.0,1,92.49999999999936,17,0.6999999999995197,0.6999999999995197,1.5999999999999233,1.5999999999999233,0.5099025731000806,0.5562500928314504,22.0,False,False,-0.15490517417122995,-0.3235278182224499,-0.02457979097154661,-0.9269503946273971,1.7042238150872409,1.8591289892584708,1.4508621241702324,1.7743899423926823,1.6126260332814573,10.198051462001612,11.125001856629009,False,True,False,1.9047619047619047,1.9047619047619047,0.8947175029208015,0.9760427193606972,False,False,True,-0.08699832603631619,-0.20129872128426451,-0.13127790409340268,0.47786392680799034,-0.08699832603631608
48.0,1,93.19999999999888,21,0.9000000000000057,0.9000000000000057,0.6999999999995197,0.6999999999995197,0.6302987823243384,0.8193210498487655,20.0,False,False,-0.5715927363880726,-0.04235332720197582,-0.014505845998479094,-3.7804453504885416,1.9059881698026997,2.4775809061907723,1.6867462585725064,1.7290995857744822,1.7079229221734944,12.605975646486769,16.38642099697531,False,False,False,1.894736842105263,1.894736842105263,1.0059382007292026,1.3076121449340188,False,True,True,-0.2622820446789629,-0.024799419972350578,-0.05524203455401455,0.5352779668150175,-0.262282044678963
48.0,1,94.09999999999889,11,1.199999999999875,1.199999999999875,0.9000000000000057,0.9000000000000057,0.6290523834138035,0.7467659401123328,19.0,False,False,-0.3559591939324811,-0.38118531996946925,-0.03352571140301969,-2.3542711339705846,1.902219129396856,2.258178323329337,1.9044388675074548,2.285624187476924,2.0950315274921896,12.58104766827607,14.935318802246655,False,True,False,1.894736842105263,1.894736842105263,1.0039489849594518,1.1918163373127058,False,True,True,-0.17153726915085288,-0.18245174697956956,-0.1056464832429227,0.7395686021831533,-0.1715372691508529
48.0,1,95.29999999999876,9,0.6,0.40000000000020464,1.199999999999875,1.199999999999875,0.6197462360462023,0.6427827938981121,18.0,True,False,-0.06599487697116957,0.05854049265012651,0.05403027829027021,-0.46073115703819667,1.775442184728294,1.8414370616994635,1.6036626381114305,1.545122145461304,1.5743923917863674,12.394924720924045,12.855655877962242,False,True,True,1.8888888888888888,1.8888888888888888,0.9399399801502732,0.9748784444291277,False,False,True,-0.036496768523688994,0.03718719618015026,0.2620464295066407,0.45386941485141097,-0.03649676852368895
48.0,1,98.49999999999916,2,0.6,0.39999999999928093,2.800000000000196,2.800000000000196,0.7055221040211297,0.6550587795929887,18.0,True,False,0.14456677549659513,0.06447537555545302,0.0762124024098088,1.0092664885628189,2.021171945680029,1.8766051701834336,1.2527028287354731,1.18822745318002,1.2204651409577467,14.110442080422594,13.101175591859775,False,True,False,1.8888888888888888,1.8888888888888888,1.0700322065364858,0.9934968548029943,False,True,True,0.07421313035745791,0.05284081845604191,0.5897166753246808,0.1992320491629857,0.07421313035745786
48.0,1,98.89999999999844,24,1.5,1.6000000000004775,0.39999999999928093,0.39999999999928093,0.8553372389915932,0.6550587795929887,17.0,False,True,0.43762437295002643,0.14515602220307677,0.0631854876139257,4.005569187972089,2.31422954313346,1.8766051701834336,1.916551842736317,1.7713958205332403,1.8439738316347787,17.106744779831864,13.101175591859775,False,True,False,1.8823529411764706,1.8888888888888888,1.2294344447896506,0.9934968548029943,False,True,True,0.20961243745274594,0.07875982123290104,0.2641667630654516,0.6119229339462774,0.21307864542923213
48.0,1,100.69999999999897,10,0.6,0.49999999999991473,0.19999999999960494,0.19999999999960494,0.7072587514085011,0.7095450552403388,19.0,True,False,-0.006913654568691641,0.22014740844228542,0.08849024192057642,-0.04572607663675399,2.138710800301634,2.1456244548703256,1.7878954865771046,1.5677480781348192,1.677821782355962,14.145175028170023,14.190901104806777,False,True,True,1.894736842105263,1.894736842105263,1.128764033492529,1.1324129067371163,True,False,True,-0.0032274134296611523,0.13139897778006288,0.2895574280996347,0.517496394034996,-0.0032274134296611523
48.0,1,102.39999999999849,25,0.6,0.30000000000063665,0.29999999999959925,0.29999999999959925,0.7555034446331179,0.5942837775668508,20.0,True,False,0.3929360310082066,-0.1482524862019743,-0.03512373622766707,3.2243933413253423,2.284600046989981,1.8916640159817744,1.7686081803163265,1.9168606665183008,1.8427344234173137,15.110068892662358,11.885675551337016,False,True,False,1.894736842105263,1.9,1.205761135911379,0.9956126399904076,False,True,True,0.1887341014305931,-0.08049587987804141,-0.10078071310032799,0.6112505681508779,0.19150802831331826
48.0,1,102.69999999999912,13,0.6,0.09999999999965326,0.30000000000063665,0.30000000000063665,1.0156181744398478,0.9472382480748328,19.0,True,False,0.1850110559172835,0.617166686579375,0.07427967538356028,1.3675985273002986,2.7478910968531665,2.562880040935883,2.283370504784199,1.666203818204824,1.9747871614945116,20.312363488796954,18.944764961496656,False,True,False,1.8823529411764706,1.8823529411764706,1.4598171452032447,1.3615300217471877,True,False,True,0.0697021014829281,0.31510476682046895,0.1934723513076727,0.680460626213984,0.0697021014829281
48.0,1,102.79999999999878,15,0.6,0.4999999999999858,0.09999999999965326,0.09999999999965326,0.9757116814814536,0.9037034734425388,19.0,True,False,0.20628832054649138,0.6684619030259633,0.079503260509803,1.440164160778295,2.7952080685250085,2.588919747978517,2.2785471177981496,1.6100852147721862,1.944316166285168,19.51423362962907,18.074069468850777,False,True,True,1.8888888888888888,1.8888888888888888,1.4798160362779458,1.370604572459215,True,False,True,0.07666584397353648,0.3472509047880944,0.21212656909108618,0.664910329792255,0.07666584397353654
48.0,1,104.59999999999822,8,0.6,0.20000000000030127,1.2999999999994571,1.2999999999994571,0.7100295573039306,0.6700320782584708,18.0,True,False,0.32786217159333253,0.4568234376630558,0.13271202041343572,0.7999495809091961,2.034084848152873,1.7062226765595403,2.065519267283775,1.6086958296207194,1.8371075484522472,14.200591146078612,13.400641565169416,False,True,True,1.8888888888888888,1.875,1.0768684490221092,0.9099854274984215,False,False,True,0.17576404559416148,0.24995784893646955,0.47484128723970853,0.6081923502199893,0.16838393829653903
48.0,1,104.79999999999852,22,1.00000000000054,1.00000000000054,0.20000000000030127,0.20000000000030127,0.6676063937130339,0.6740742054092701,18.0,False,False,0.19603556795926957,0.504024311623352,0.1357377798793946,-0.1293562339247245,1.912551436785301,1.7165158688260314,1.9422398452655032,1.4382155336421512,1.690227689453827,13.352127874260677,13.481484108185402,False,True,False,1.8888888888888888,1.875,1.012527231239277,0.91547513004055,False,True,True,0.1081416026612606,0.3004387341189279,0.5334255071362328,0.5248632473475209,0.10076149536363807
48.0,1,105.79999999999906,23,0.6999999999990649,0.6999999999990649,1.00000000000054,1.00000000000054,0.8565254037473338,0.8443666574899895,16.0,False,False,0.029026868529846706,-0.24651441817967523,0.044293511734914914,0.2431749251468851,2.044803778352544,2.0157769098226974,1.4241446090601486,1.6706590272398238,1.5474018181499862,17.130508074946675,16.88733314979979,True,False,False,1.8666666666666667,1.8666666666666667,1.0954305955460057,1.0798804874050165,True,False,True,0.014297148709536356,-0.15964681653350443,0.17210201756967636,0.4365772781034368,0.014297148709536273
48.0,1,106.49999999999812,4,0.6,0.4000000000003183,0.6999999999990649,0.6999999999990649,0.9123489400778304,1.0905338772597206,15.0,True,False,-0.45374421659226716,0.023856007461697804,0.022546361987581587,-3.5636987436378043,2.32327749820861,2.777021714800877,2.0356371617824807,2.011781154320783,2.0237091580516315,18.246978801556608,21.810677545194412,False,True,False,1.875,1.875,1.2390813323779253,1.4810782478938012,True,False,True,-0.17840012433121755,0.011788395398205087,0.06771910975754136,0.7049320444850649,-0.1784001243312175
48.0,1,107.19999999999852,9,0.7999999999998408,0.7999999999998408,0.3000000000000824,0.3000000000000824,0.8975645668464081,1.057850966325435,16.0,False,False,-0.40816596459982923,-0.4175140161893607,0.02437558987218791,-3.205727989580538,2.2856294009238685,2.6937953655236977,2.29684813894504,2.714362155134401,2.5056051470397205,17.95129133692816,21.1570193265087,False,True,False,1.875,1.875,1.2190023471593965,1.4366908616126388,True,False,True,-0.16430968035872995,-0.16701918339079092,0.0469950190971945,0.9185302810266849,-0.16430968035872998
48.0,1,107.99999999999837,7,0.6000000000006764,0.6000000000006764,0.7999999999998408,0.7999999999998408,1.1211725472111933,0.8447710496074112,15.0,False,False,0.481419816377076,-0.1760349892535482,-0.035215275600278095,5.5280299520756415,2.4981621412662998,2.016742324889224,1.8525157671227028,2.028550756376251,1.940533261749477,22.423450944223866,16.895420992148225,False,True,False,1.8571428571428572,1.8666666666666667,1.345164229912623,1.0803976740477985,True,False,True,0.21407181888528093,-0.09077703556202832,-0.08537902816799492,0.6629628124938756,0.21918691955205127
48.0,1,108.59999999999904,2,0.6,0.09999999999992326,0.6000000000006764,0.6000000000006764,1.1138803592324686,1.014857816181614,14.0,True,False,0.2206389808570295,0.7502692712665651,0.1197374850398516,1.9804508610170934,2.4819139125875287,2.261274931730499,2.4874148743346565,1.7371456030680914,2.112280238701374,22.277607184649373,20.29715632363228,False,True,False,1.8571428571428572,1.8571428571428572,1.336415183700977,1.217609578624115,True,False,True,0.0931012181786044,0.359000659897046,0.29191181574620007,0.7477680458206972,0.09310121817860434
48.0,1,113.59999999999818,21,0.6,0.20000000000088392,0.7999999999996561,0.7999999999996561,0.528492291585807,0.559034302114739,19.0,True,False,-0.09235732700524069,0.20314634339639093,0.0027388169061098866,-0.6108402105786404,1.598131051245045,1.6904883782502858,1.6040702412575998,1.4009238978612089,1.5024970695594044,10.56984583171614,11.18068604229478,False,True,True,1.894736842105263,1.894736842105263,0.8434580548237738,0.8922021996320953,False,False,True,-0.05618261487957804,0.13541235378440714,0.009554737493952636,0.4071284370488873,-0.0561826148795781
48.0,1,118.09999999999836,9,0.6,0.10000000000060538,1.4999999999993179,1.4999999999993179,0.4756355513138448,0.5843472385149742,23.0,True,False,-0.38064405257823286,-0.038147546384739384,0.009374823860228698,-2.1742337440225885,1.6653944802404193,2.046038532818652,1.186664517870047,1.2248120642547864,1.2057382910624166,9.512711026276895,11.686944770299483,False,True,False,1.9090909090909092,1.9090909090909092,0.8723494896497433,1.0717344695716748,False,False,True,-0.2058434801573732,-0.031640969881718634,0.06753182630254151,0.18709206900328174,-0.2058434801573733
48.0,1,118.19999999999897,2,1.5,1.7999999999988319,0.10000000000060538,0.10000000000060538,0.4756355513138448,0.5843472385149742,23.0,False,True,-0.38064405257823286,-0.024751857745361372,0.015191381777321183,-2.1742337440225885,1.6653944802404193,2.046038532818652,1.1855761638541538,1.2103280215995151,1.1979520927268346,9.512711026276895,11.686944770299483,False,True,False,1.9090909090909092,1.9090909090909092,0.8723494896497433,1.0717344695716748,False,False,True,-0.2058434801573732,-0.020662544454620513,0.11329035315264036,0.18061350951706232,-0.2058434801573733
48.0,1,119.9999999999978,8,1.199999999999278,1.199999999999278,1.7999999999988319,1.7999999999988319,0.6276558380900505,0.7211106795242639,21.0,False,False,-0.2974759994024867,-0.1087971454116381,-0.032600818839390006,-1.8690968286842669,1.9978905838503571,2.295366583252844,1.344990976385002,1.4537881217966402,1.399389549090821,12.55311676180101,14.422213590485278,True,False,False,1.9,1.9,1.0515213599212407,1.2080876753962337,True,False,True,-0.1388006461325202,-0.07778534355898953,-0.24011698719080155,0.3360361051660152,-0.13880064613252024
48.0,1,121.19999999999708,19,0.6,0.4000000000010999,1.199999999999278,1.199999999999278,0.5929880569082293,0.6263621394154573,20.0,True,False,-0.10623300404364167,0.06877666803799887,0.014943266282514606,-0.6674816501445591,1.8875396090280567,1.9937726130716984,1.901680187977032,1.832903519939033,1.8672918539580325,11.859761138164586,12.527242788309145,False,True,False,1.9,1.9,0.993441899488451,1.0493540068798413,False,True,True,-0.05475444262984386,0.03683647244825272,0.06947101471934558,0.6244891747624517,-0.05475444262984388
48.0,1,122.499999999998,7,1.5,1.6999999999996476,0.8999999999998209,0.8999999999998209,0.6107211439203777,0.6411510141786936,20.0,False,True,-0.09201822111586488,-0.20420296211137323,-0.012285641042449391,-0.6085974051663179,1.8467864892076336,1.9388047103234984,1.637899198762152,1.8421021608735253,1.7400006798178387,12.214422878407554,12.823020283573872,False,False,False,1.894736842105263,1.894736842105263,0.9746928693040289,1.0232580415596242,False,False,True,-0.048624558652126226,-0.11749295390430908,-0.04988093187826004,0.5538855039262687,-0.048624558652126226
48.0,1,124.19999999999764,11,0.6,0.49999999999955946,1.6999999999996476,1.6999999999996476,0.8472048259461662,0.609221178533204,19.0,True,False,0.6817729294946102,-0.052010282126086604,0.03196548120927381,4.759672948259244,2.427063045491541,1.745290115996931,1.5859476015976195,1.637957883723706,1.6119527426606628,16.944096518923324,12.18442357066408,False,False,False,1.8888888888888888,1.8888888888888888,1.28491572996611,0.9239771202336694,False,False,True,0.32976110570272466,-0.03226818850577129,0.15880527422788138,0.47744632768738443,0.3297611057027246
48.0,1,124.6999999999972,16,0.6,0.10000000000047748,0.49999999999955946,0.49999999999955946,0.8293440226172315,0.6047903448433622,18.0,True,False,0.6432989005291678,0.6499906621528158,0.14671437073280272,4.491073555477385,2.375895613018483,1.7325967124893151,2.3868345649806697,1.736843902827854,2.0618392339042617,16.58688045234463,12.095806896867245,False,True,False,1.8888888888888888,1.8888888888888888,1.2578270892450794,0.9172570830825786,False,False,True,0.31575319359193743,0.3178984210247,0.5023683124064928,0.7235984164564477,0.3157531935919376
48.0,1,124.79999999999768,25,1.3000000000006793,1.3000000000006793,0.10000000000047748,0.10000000000047748,0.8206636559799048,0.6781432124523299,18.0,False,False,0.6241506841951423,0.6365295923385692,0.1471269646287139,2.8504088705514974,2.351028194371233,1.7268775101760905,2.36394780001658,1.727418207678011,2.0456830038472953,16.413273119598095,13.562864249046598,False,True,False,1.8888888888888888,1.875,1.2446619852553586,0.9210013387605815,False,False,True,0.30853789169857215,0.31370508976970013,0.5140787237259532,0.715731720944843,0.30115778440094976
48.0,1,127.69999999999784,21,0.6,0.09999999999939746,1.4999999999988773,1.4999999999988773,0.791731489950517,0.7815672747858029,18.0,True,False,0.027500646463935574,0.10413744007847359,0.0310282596260385,0.20328430329428215,2.1421356638613127,2.114635017397377,1.2890907335197346,1.184953293441261,1.2370220134804977,15.83462979901034,15.631345495716058,False,True,False,1.8823529411764706,1.8823529411764706,1.1380095714263223,1.1233998529923566,True,False,True,0.012921076155847255,0.0842337531151256,0.17279423361430735,0.21270688911336263,0.012921076155847283
48.0,1,127.79999999999724,24,0.6,0.20000000000055707,0.09999999999939746,0.09999999999939746,0.791731489950517,0.7815672747858029,18.0,True,False,0.027500646463935574,0.1036317317044868,0.03869345402731028,0.20328430329428215,2.1421356638613127,2.114635017397377,1.2907436267961885,1.1871118950917017,1.238927760943945,15.83462979901034,15.631345495716058,False,True,False,1.8823529411764706,1.8823529411764706,1.1380095714263223,1.1233998529923566,True,False,True,0.012921076155847255,0.08369512884632338,0.22699038616494005,0.21424629662435696,0.012921076155847283
48.0,1,129.2999999999982,9,1.199999999999818,1.199999999999818,0.10000000000110276,0.10000000000110276,0.6943270667785812,0.6835934989786683,18.0,False,False,0.029041106330258915,0.07367096415971575,0.028540231621852263,0.21467135599825937,1.8785949416052312,1.8495538352749723,1.8351125420908243,1.7614415779311086,1.7982770600109665,13.886541335571625,13.671869979573366,False,False,False,1.8823529411764706,1.8823529411764706,0.9980035627277791,0.982575474989829,False,True,True,0.015579686051573005,0.04097325830718246,0.08758363782758405,0.5868290176215051,0.01557968605157312
48.0,1,131.49999999999807,23,0.6999999999995623,0.6999999999995623,1.0000000000000568,1.0000000000000568,0.8634856536734441,0.6973149670856351,18.0,False,False,0.44959706484620665,-0.30468875021441866,-0.041696513235610105,3.3234137317561796,2.3362761712081057,1.886679106361899,1.3310007773372317,1.6356895275516503,1.483345152444441,17.269713073468882,13.946299341712702,True,False,False,1.8823529411764706,1.8823529411764706,1.2411467159543061,1.002298275254759,False,True,True,0.21374008495086638,-0.2061333213979893,-0.1734650249708667,0.39429977541836786,0.21374008495086638
48.0,1,133.39999999999785,7,1.2999999999991303,1.2999999999991303,0.6000000000001648,0.6000000000001648,0.6737286316240167,0.7726828802201577,20.0,False,False,-0.1920048562508807,0.6180568227882368,0.09243410444210809,-1.9790849719228198,2.1445448405100183,2.336549696760899,2.172095948993757,1.5540391262055202,1.8630675375996386,13.474572632480335,15.453657604403155,False,True,False,1.9,1.894736842105263,1.1287078107947466,1.2331790066238077,True,False,True,-0.08574801838098567,0.33483514714054285,0.2776817188200019,0.6222243430287264,-0.08852194526371074
48.0,1,134.69999999999698,14,0.7999999999994429,0.7999999999994429,1.2999999999991303,1.2999999999991303,0.5254112727699289,0.7243082679884125,19.0,False,False,-0.6850751603653265,-0.7323997581644701,-0.090596296302454,-3.9779399043696717,1.5051924219156902,2.1902675822810167,1.4784066040869808,2.210806362251451,1.844606483169216,10.508225455398579,14.48616535976825,True,True,False,1.8888888888888888,1.894736842105263,0.7968665763083066,1.155974557314981,False,False,True,-0.37510297493299727,-0.40239242983241913,-0.3204344131272425,0.6122659664881482,-0.37201178236332444
48.0,1,135.49999999999642,12,0.6,0.20000000000140972,0.7999999999994429,0.7999999999994429,0.6252352607071678,0.736176081119865,18.0,True,False,-0.3354788192276692,-0.37097718744615005,-0.11636144150648628,-2.218816408253943,1.8906763644010172,2.2261551836286864,1.4753126870249291,1.8462898744710792,1.6608012807480041,12.504705214143357,14.7235216223973,False,True,True,1.894736842105263,1.894736842105263,0.9978569701005369,1.174915235804029,False,True,True,-0.1633413347266709,-0.22430819364902627,-0.4547642191539538,0.5073001851524324,-0.16334133472667084
48.0,1,136.39999999999688,4,0.9000000000013131,0.9000000000013131,0.5999999999996533,0.5999999999996533,0.6979965727229525,0.7242699036346889,19.0,False,False,-0.3016282888558659,-0.3207558059409059,-0.10150713429933383,-0.525466618234729,1.8885232817710111,2.190151570626877,1.8787100501195508,2.1994658560604567,2.0390879530900037,13.95993145445905,14.485398072693778,False,True,False,1.8823529411764706,1.894736842105263,1.0032779934408498,1.155913328941963,False,True,True,-0.14817556048937763,-0.15762914040135179,-0.26187560590269454,0.7125026260666252,-0.14161815994321852
48.0,1,136.39999999999748,25,0.9000000000007162,0.9000000000007162,0.6000000000002501,0.6000000000002501,0.6979965727229525,0.7242699036346889,19.0,False,False,-0.3016282888558659,-0.3207558059409059,-0.10150713429933383,-0.525466618234729,1.8885232817710111,2.190151570626877,1.8787100501195508,2.1994658560604567,2.0390879530900037,13.95993145445905,14.485398072693778,False,True,False,1.8823529411764706,1.894736842105263,1.0032779934408498,1.155913328941963,False,True,True,-0.14817556048937763,-0.15762914040135179,-0.26187560590269454,0.7125026260666252,-0.14161815994321852
48.0,1,139.4999999999975,13,1.299999999999585,1.299999999999585,2.1999999999993065,2.1999999999993065,0.8522651712663709,0.8079454466209421,18.0,False,False,0.12696665856825007,0.19928723300857243,0.07137588098573408,0.8863944929085754,2.441559866977866,2.314593208409616,1.408324501048023,1.2090372680394506,1.3086808845437368,17.04530342532742,16.158908932418843,False,True,False,1.8888888888888888,1.8888888888888888,1.2925905178118116,1.225372875040385,True,False,True,0.053403172603305404,0.1525763040103813,0.4387653638599336,0.26901967152633,0.05340317260330549
48.0,1,140.79999999999708,15,0.6,0.19999999999984652,1.2999999999990166,1.2999999999990166,1.1461768423667138,0.7835456380850867,18.0,True,False,0.9811473275733924,0.1773881312261636,0.053600032338383286,7.252624085632542,3.1011350720420845,2.119987744468692,2.1499998051125333,1.9726116738863697,2.0613057394994514,22.923536847334276,15.670912761701734,False,True,False,1.8823529411764706,1.8823529411764706,1.6474780070223574,1.1262434892489928,True,False,True,0.380357888989139,0.08610936395392965,0.1748887281235032,0.7233396361267582,0.3803578889891389
48.0,1,140.99999999999693,24,0.6,0.4000000000009152,0.19999999999984652,0.19999999999984652,1.1461768423667138,0.7835456380850867,18.0,True,False,0.9811473275733924,0.22968212235981178,0.0628986954943977,7.252624085632542,3.1011350720420845,2.119987744468692,2.0954298218135943,1.8657476994537825,1.9805887606336885,22.923536847334276,15.670912761701734,False,True,False,1.8823529411764706,1.8823529411764706,1.6474780070223574,1.1262434892489928,True,False,True,0.380357888989139,0.11609681388639626,0.21928919369739175,0.6833941543609464,0.3803578889891389
48.0,1,143.399999999998,2,0.6,0.09999999999843112,0.7000000000010118,0.7000000000010118,0.7019235957455496,0.6487982148570692,18.0,True,False,0.15219300549674486,0.39050556007555204,0.02906407228624558,1.062507617769608,2.010862978843347,1.8586699733466023,2.04787994736483,1.657374387289278,1.852627167327054,14.038471914910993,12.975964297141385,False,True,False,1.8888888888888888,1.8888888888888888,1.0645745182111839,0.9840017505952601,False,True,True,0.07870280878915503,0.21157043024307087,0.09188985826427509,0.6166047221624469,0.07870280878915516
48.0,1,144.7999999999969,11,1.0000000000006821,1.0000000000006821,0.39999999999943725,0.39999999999943725,0.6081985744037723,0.6035408133384821,20.0,False,False,0.014084808248356229,-0.3545193552961925,-0.1472302397060151,0.09315522130580511,1.839158380458281,1.8250735722099247,1.3453036531501057,1.6998230084462982,1.522563330798202,12.163971488075447,12.070816266769642,False,False,False,1.894736842105263,1.894736842105263,0.9706669230196483,0.9632332742219047,False,False,True,0.007687765294306148,-0.2339043809667008,-0.498212380712295,0.4203953163201851,0.007687765294306172
48.0,1,145.7999999999976,7,0.6,0.39999999999918145,1.0000000000006821,1.0000000000006821,0.6442493766112367,0.6870244834941035,19.0,True,False,-0.12254165463046318,-0.08522999092662453,-0.0574607705116747,-0.8555021376573357,1.845638511687908,1.9681801663183711,1.719590082625574,1.8048200735521984,1.7622050780888863,12.884987532224734,13.74048966988207,False,False,False,1.8888888888888888,1.8888888888888888,0.9771027414818336,1.041977735109726,False,False,True,-0.06428404794846443,-0.048374966206917724,-0.21923677072532177,0.566565910122022,-0.06428404794846444
48.0,1,146.19999999999678,17,1.300000000000722,1.300000000000722,0.39999999999918145,0.39999999999918145,0.6993401872217029,0.68699392433403,18.0,False,False,-0.07593400988801258,-0.1385645156132207,-0.0692275705308445,0.24692525775345864,1.8921586108854744,1.968092620773487,1.8296156507051504,1.9681801663183711,1.8988979085117608,13.986803744434058,13.739878486680599,False,True,False,1.8823529411764706,1.8888888888888888,1.0052092620329083,1.0419313874683167,False,True,True,-0.03934656141592896,-0.07300342450830022,-0.21921337652908823,0.641273669727679,-0.03588035343944274
48.0,1,148.89999999999617,3,0.6,0.1000000000007617,0.09999999999908482,0.09999999999908482,0.564987419245619,0.6538492340116395,19.0,True,False,-0.26871314437044225,0.10030656919059355,0.10567014100414437,-1.7772362953204102,1.708490270595793,1.9772034149662352,1.5317325123506438,1.4314259431600502,1.481579227755347,11.29974838491238,13.07698468023279,False,True,False,1.894736842105263,1.894736842105263,0.9017031983700019,1.043524024565513,False,False,True,-0.14607333177048787,0.06772834529669397,0.3875466176991169,0.39310856466796545,-0.14607333177048779
48.0,1,150.29999999999586,6,1.1000000000009322,1.1000000000009322,1.2999999999989313,1.2999999999989313,0.6511937302373472,0.72771757681884,19.0,False,False,-0.21922467206130736,-0.22701527678057842,0.036763540743730394,-1.530476931629856,1.8655326193990327,2.08475729146034,1.5328614855605838,1.7598767623411622,1.646369123950873,13.023874604746943,14.5543515363768,True,False,False,1.8888888888888888,1.8888888888888888,0.9876349161524292,1.103695036655474,False,True,True,-0.11110584236872789,-0.13810754454036628,0.14672048651795855,0.4985723322476419,-0.11110584236872767
48.0,1,151.3999999999968,24,1.4000000000001194,1.4000000000001194,1.1000000000009322,1.1000000000009322,0.6394352382230366,0.652591647245659,18.0,False,False,-0.039784243056494084,-0.06261771635829039,0.0010549446583780764,-0.2631281804524477,1.9336163000564588,1.9734005431129529,1.845031931154532,1.9076496475128224,1.8763407893336772,12.788704764460732,13.05183294491318,False,True,False,1.894736842105263,1.894736842105263,1.0205197139186866,1.041516953309614,True,False,True,-0.02036623838520668,-0.0333753490669495,0.0040235478989565365,0.6293234915136536,-0.020366238385206657
48.0,1,153.69999999999544,5,0.6,0.10000000000215437,0.8999999999985278,0.8999999999985278,0.8261517195058863,0.4713775554794859,19.0,True,False,1.1292812377219297,0.06600809827348475,0.05231233185064421,7.095483280528008,2.629722598064616,1.5004413603426865,1.388610705729807,1.3226026074563222,1.3556066565930647,16.523034390117726,9.427551109589718,False,True,True,1.9,1.9,1.3840645252971664,0.7897059791277298,False,False,True,0.5611190595491724,0.04870228731740428,0.23376168401028652,0.3042490711791461,0.5611190595491723
48.0,2,20.50000000000002,14,1.200000000000017,1.200000000000017,0.4000000000000483,0.4000000000000483,0.9543454906932896,0.9022705957030288,18.0,False,False,0.14089560812775348,-0.05923637402787629,-0.00019624413324231815,1.041497899805215,2.5821096384420565,2.441214030314303,1.5004285168954976,1.559664890923374,1.5300467039094356,19.08690981386579,18.045411914060576,False,False,False,1.8823529411764706,1.8823529411764706,1.3717457454223425,1.2968949536044736,True,False,True,0.05611128515241226,-0.038720239434734904,-0.0006709954888022285,0.4252982603694563,0.05611128515241215
48.0,2,21.70000000000004,7,1.0999999999999446,1.0999999999999446,1.200000000000017,1.200000000000017,0.9070824084614996,0.8323718649500718,17.0,False,False,0.20213938911573992,0.19392103269892802,0.05117539167250851,1.4942108702285566,2.454233034671939,2.252093645556199,2.4691677298929164,2.2752466971939884,2.3722072135434527,18.141648169229992,16.647437299001435,True,True,False,1.8823529411764706,1.8823529411764706,1.3038112996694675,1.1964247492017308,True,False,True,0.08595401023704063,0.08179265754769827,0.13306180639631082,0.8638208354748902,0.0859540102370406
48.0,2,23.29999999999999,18,0.6,0.2000000000000739,0.5000000000000071,0.5000000000000071,1.13599228844097,0.9183351824607416,17.0,True,False,0.5196180647374486,0.3733890647493665,0.12569676003507257,4.35314211960457,2.7119818202948185,2.19236375555737,1.840673256028136,1.4672841912787695,1.6539787236534527,22.719845768819404,18.366703649214834,False,True,False,1.8666666666666667,1.8666666666666667,1.452847403729367,1.1744805833343053,True,False,True,0.21269936442809567,0.2267182015590038,0.38334532847003755,0.5031837329476946,0.21269936442809578
48.0,2,23.500000000000064,12,1.5,1.699999999999907,0.2000000000000739,0.2000000000000739,1.13599228844097,0.9183351824607416,17.0,False,True,0.5196180647374486,0.363395277990088,0.13052742055233058,4.35314211960457,2.7119818202948185,2.19236375555737,1.776621463466296,1.413226185476208,1.594923824471252,22.719845768819404,18.366703649214834,False,True,False,1.8666666666666667,1.8666666666666667,1.452847403729367,1.1744805833343053,True,False,True,0.21269936442809567,0.22883834094526617,0.41963659125881325,0.46682597614411975,0.21269936442809578
48.0,2,28.90000000000014,17,0.7999999999998977,0.7999999999998977,0.40000000000011937,0.40000000000011937,0.6741650014576366,0.6325426790759812,21.0,False,False,0.13248796700009802,0.09706232453466446,-0.03542224488041029,0.8324464476331084,2.145933848830754,2.013445881830656,1.3185916280488208,1.2215293035141563,1.2700604657814885,13.483300029152732,12.650853581519623,False,False,False,1.9,1.9,1.1294388678056602,1.05970835885824,True,False,True,0.06372719511054259,0.0764606173495555,-0.1742617797984538,0.239064510188705,0.06372719511054264
48.0,2,33.40000000000009,13,0.6,0.5000000000001492,1.900000000000027,1.900000000000027,0.4815555502320627,0.5661449478919347,23.0,True,False,-0.2961820569561615,0.12202115697783134,0.022348241320874415,-1.6917879531974407,1.6861228162409465,1.982304873197108,1.2524086790403175,1.1303875220624862,1.1913981005514018,9.631111004641253,11.322898957838694,False,False,False,1.9090909090909092,1.9090909090909092,0.8832071894595434,1.0383501716746757,False,False,True,-0.1618285433938682,0.10250812656078016,0.19553169553933936,0.17512749191153318,-0.16182854339386835
48.0,2,33.90000000000024,9,1.5,2.299999999999997,0.5000000000001492,0.5000000000001492,0.5710495277662719,0.5525359128779117,22.0,False,True,-0.026061621966685378,-0.2591792319587558,-0.04460021212985979,0.3702722977672046,1.908592456980189,1.9346540789468745,1.6861228162409465,1.9453020481997023,1.8157124322203244,11.420990555325439,11.050718257558234,False,True,False,1.9047619047619047,1.9090909090909092,1.0020110399145994,1.013390231829315,False,True,True,-0.013562503058959785,-0.1429855580455185,-0.22535265681058947,0.5964779153384686,-0.011292354524420418
48.0,2,36.20000000000024,2,0.6999999999999034,0.6999999999999034,2.299999999999997,2.299999999999997,0.5605931558891362,0.6214062319309419,21.0,False,False,-0.18389533147685722,0.2481767455239572,0.0845684672060859,-1.216261520836115,1.695202264641588,1.8790975961184453,1.367140030026394,1.1189632845024369,1.2430516572644155,11.211863117782723,12.428124638618838,True,True,False,1.894736842105263,1.894736842105263,0.8946900841163937,0.9917459535069573,False,True,True,-0.10298959565416888,0.20031837070441583,0.9652766325763686,0.21756937020439462,-0.10298959565416897
48.0,2,36.20000000000024,15,0.6999999999999034,0.6999999999999034,2.299999999999997,2.299999999999997,0.5605931558891362,0.6214062319309419,21.0,False,False,-0.18389533147685722,0.2481767455239572,0.0845684672060859,-1.216261520836115,1.695202264641588,1.8790975961184453,1.367140030026394,1.1189632845024369,1.2430516572644155,11.211863117782723,12.428124638618838,True,True,False,1.894736842105263,1.894736842105263,0.8946900841163937,0.9917459535069573,False,True,True,-0.10298959565416888,0.20031837070441583,0.9652766325763686,0.21756937020439462,-0.10298959565416897
48.0,2,40.3000000000003,25,1.0999999999997883,1.0999999999997883,3.400000000000162,3.400000000000162,0.6677661997435029,0.6273823521165145,20.0,False,False,0.12211849044719747,0.15500022356225585,0.06835209301997819,0.8076769525397687,2.0192875388585003,1.8971690484113028,1.2185030641061023,1.0635028405438465,1.1410029523249743,13.355323994870059,12.54764704233029,True,False,False,1.894736842105263,1.894736842105263,1.0657350899530975,1.0012836644392988,False,True,True,0.06238194512703088,0.13605508214033427,0.8621378115356002,0.1319076583656132,0.06238194512703081
48.0,2,46.7000000000004,20,1.5,1.599999999999902,2.5000000000001634,2.5000000000001634,0.5161348975305029,0.5781267147603466,23.0,False,True,-0.21705869115433707,0.14717475916752143,0.04680956022349561,-1.239836344596874,1.8071992453725851,2.024257936526922,1.315123509389179,1.1679487502216577,1.2415361298054184,10.322697950610058,11.562534295206932,True,False,False,1.9090909090909092,1.9090909090909092,0.9466281761475446,1.0603255857998164,False,False,True,-0.11342491369668972,0.11868157950058783,0.3265159452059332,0.2163494272787774,-0.11342491369668979
48.0,2,49.30000000000043,23,1.200000000000017,1.200000000000017,1.000000000000128,1.000000000000128,0.583583549489048,0.5633468847364638,23.0,False,False,0.07085683499548101,0.07036577544207279,0.013506707955292296,0.40473329505168465,2.043364545382506,1.9725077103870248,1.2853866807398835,1.2150209052978107,1.250203793018847,11.67167098978096,11.266937694729275,True,False,False,1.9090909090909092,1.9090909090909092,1.0703338094860744,1.0332183244884414,True,False,True,0.03529205355648579,0.0562983092929866,0.08670903455715884,0.2233065724406214,0.03529205355648583
48.0,2,50.50000000000045,10,1.5,1.5000000000000213,1.200000000000017,1.200000000000017,0.512403982419614,0.5061665887222944,22.0,False,True,0.021839664856650565,0.009115081491776866,0.0038721209463287165,0.12474787394639364,1.7941357865651928,1.7722961217085422,1.8018488082165116,1.7927337267247347,1.7972912674706232,10.248079648392281,10.123331774445887,True,True,False,1.9090909090909092,1.9090909090909092,0.939785412010339,0.9283455875616173,False,False,True,0.012247500255597399,0.0050715769859233095,0.018041016424600542,0.5862806800707991,0.012247500255597309
48.0,2,52.00000000000047,8,0.6,0.599999999999902,1.5000000000000213,1.5000000000000213,0.5550550711637481,0.6077096724437228,21.0,True,False,-0.16760480140481615,-0.1315392793888348,0.0016084994305778089,-1.0530920255994936,1.7667951652786849,1.934399966683501,1.366270406975049,1.497809686363884,1.4320400466694665,11.101101423274962,12.154193448874455,False,False,False,1.9,1.9,0.9298921922519394,1.0181052456228954,False,True,True,-0.090629919346915,-0.09191913498933091,0.011502481534210629,0.35910003369872856,-0.09062991934691517
48.0,2,52.60000000000037,17,1.0000000000001208,1.0000000000001208,0.599999999999902,0.599999999999902,0.5989042624514531,0.6051480493288981,20.0,False,False,-0.11519316471110796,-0.17514000908999972,-0.02546408836851169,-0.12487573754889958,1.811052902351137,1.926246067062245,1.7546356301990482,1.929775639289048,1.842205634744048,11.978085249029062,12.102960986577962,False,True,False,1.894736842105263,1.9,0.9558334762408779,1.0138137195064447,False,True,True,-0.06166467573749135,-0.09514252984431171,-0.11620973547972913,0.6109635682710702,-0.05889074885476613
48.0,2,53.60000000000049,3,1.099999999999909,1.099999999999909,1.0000000000001208,1.0000000000001208,0.5610383142465611,0.5618022613423852,19.0,False,False,0.08710347375818461,0.09004173921244152,0.010533767604495592,-0.015278941916481159,1.6965483985494023,1.6094449247912177,1.710339689464817,1.6202979502523756,1.6653188198585962,11.220766284931223,11.236045226847704,True,True,False,1.894736842105263,1.8888888888888888,0.8954005436788512,0.8520590778306447,False,False,True,0.052706480965177216,0.05408194735436728,0.048009998577181356,0.5100165885003575,0.04961528839550429
48.0,2,55.500000000000405,15,1.5,1.8000000000000256,0.8000000000000043,0.8000000000000043,0.5809635172467407,0.6556763512170751,19.0,False,True,-0.2140365030980902,-0.06219944697782531,-0.010360881694906898,-1.4942566794066892,1.6643378794657029,1.878374382563793,1.3142519865996665,1.3764514335774918,1.345351710088579,11.619270344934813,13.113527024341503,False,False,False,1.8888888888888888,1.8888888888888888,0.8811200538347839,0.9944334966514199,False,True,True,-0.12097933830590424,-0.04624109013300037,-0.05988051753387902,0.2966554733597273,-0.12097933830590425
48.0,2,57.5000000000005,19,0.6,0.39999999999994174,0.2000000000000668,0.2000000000000668,0.6348827030602298,0.6058868203497401,19.0,True,False,0.08306708512837058,-0.1290115455502352,-0.0008274932501479149,0.5799176542097939,1.818804968560432,1.7357378834320614,1.214691448207922,1.3437029937581573,1.2791972209830398,12.697654061204595,12.117736406994801,False,False,True,1.8888888888888888,1.8888888888888888,0.9628967480614051,0.9189200559346208,False,False,True,0.04674705871263485,-0.10093913844372082,-0.0040661439616802575,0.24623271007045697,0.04674705871263481
48.0,2,57.90000000000044,14,0.6000000000000085,0.6000000000000085,0.39999999999994174,0.39999999999994174,0.7140641559553496,0.7460158172467168,18.0,False,False,-0.08644950218682435,0.08242375346153508,0.021509249887470494,-0.6390332258273457,1.931996281785611,2.0184457839724352,1.814443674277099,1.732019920815564,1.7732317975463316,14.281283119106991,14.920316344934337,False,False,False,1.8823529411764706,1.8823529411764706,1.0263730246986058,1.0722993227353563,True,False,True,-0.04377399014044259,0.04649059348179929,0.083985371135048,0.5728037560234521,-0.04377399014044273
48.0,2,61.100000000000485,2,0.6,0.5000000000000071,0.5000000000001137,0.5000000000001137,0.6424317900289198,0.6995741140688825,20.0,True,False,-0.284135861596855,0.25131620470818783,0.07152398351943332,-1.1428464807992533,1.942677704667067,2.226813566263922,1.522065834264807,1.2707496295566192,1.396407731910713,12.848635800578396,13.99148228137765,False,True,True,1.894736842105263,1.9,1.0253021219076186,1.1720071401389063,True,False,True,-0.1365043880478597,0.18046152777644628,0.2960788210649854,0.333903033264862,-0.13373046116513457
48.0,2,62.1000000000005,23,0.6,0.3999999999999986,0.5000000000000071,0.5000000000000071,0.646675052550135,0.6913530787677562,20.0,True,False,-0.13510384568235012,-0.6825098116128894,-0.10298056194718902,-0.8935605243524236,1.9555090925637384,2.0906129382460885,1.4017323989523325,2.084242210565222,1.7429873047587772,12.9335010510027,13.827061575355124,False,False,False,1.894736842105263,1.894736842105263,1.0320742432975287,1.1033790507409913,True,False,True,-0.06680672992783254,-0.39669644155580586,-0.40074680438215404,0.5556004829535716,-0.06680672992783246
48.0,2,62.5000000000005,12,0.6,0.4000000000000128,0.3999999999999986,0.3999999999999986,0.7270748466334229,0.6858130674489251,19.0,True,False,0.00905575040211204,-0.13071035768624273,-0.069066780561165,0.8252355836899561,2.082916005110837,2.073860254708725,1.9548702188796063,2.085580576565849,2.0202253977227276,14.541496932668458,13.716261348978502,False,True,False,1.8888888888888888,1.894736842105263,1.1027202379998549,1.094537356651827,True,False,True,0.0043571095303562846,-0.06472346344906976,-0.22071636710637144,0.7032090882192433,0.007448302100029031
48.0,2,62.90000000000051,7,0.6,0.20000000000011653,0.4000000000000128,0.4000000000000128,0.8884339819027289,0.8309488538486738,18.0,True,False,0.14638467654517529,0.15792366487196685,0.03144178339530762,1.149702561081103,2.2623785572901567,2.1159938807449814,2.0728330639785173,1.9149093991065504,1.993871231542534,17.76867963805458,16.618977076973476,False,True,False,1.875,1.875,1.206601897221417,1.1285300697306568,True,False,True,0.06689209672106111,0.0792459911564185,0.09064530814126814,0.6900780914917793,0.0668920967210611
48.0,2,63.10000000000063,4,0.6,0.3999999999997783,0.20000000000011653,0.20000000000011653,0.873254651555758,0.8189816888250654,18.0,True,False,0.14684277501214282,0.18488844027147144,0.04646664685118018,1.085459254613852,2.3627075043425223,2.2158647293303795,2.0461622512823325,1.861273811010861,1.9537180311465967,17.46509303111516,16.379633776501308,False,False,False,1.8823529411764706,1.8823529411764706,1.255188361681965,1.177178137456764,True,False,True,0.06416548475373895,0.0947048681317072,0.14089328536588797,0.6697342398028359,0.06416548475373898
48.0,2,64.00000000000053,5,1.4999999999999858,1.4999999999999858,0.5000000000001208,0.5000000000001208,1.1697247246714664,0.7629996475705294,17.0,False,False,0.9142817385125181,0.14123867512562382,0.06991570247527984,8.13450154201874,2.978679551812323,2.064397813299805,2.228431227041965,2.087192551916341,2.157811889479153,23.394494493429328,15.259992951410588,False,True,False,1.875,1.8823529411764706,1.5886290942999055,1.0967113383155214,True,False,True,0.3666415308499157,0.06547796590157884,0.17633553918315858,0.7690946941204571,0.3705554301710519
48.0,2,66.2000000000004,8,1.2999999999999545,1.2999999999999545,0.29999999999996874,0.29999999999996874,0.7926362733952628,0.7761027868838335,18.0,False,False,0.2944061396469846,0.8942261614130695,0.12323498654490567,0.3306697302285855,2.270735657726311,1.9763295180793263,2.300081572423865,1.4058554110107953,1.8529684917173301,15.852725467905255,15.52205573767667,False,True,False,1.8888888888888888,1.875,1.2021541717374586,1.0540424096423073,True,False,True,0.1388625117004647,0.49229863759598447,0.3349857251001691,0.6167889432284492,0.13148240440284215
48.0,2,66.20000000000041,14,1.2999999999999403,1.2999999999999403,0.29999999999998295,0.29999999999998295,0.7926362733952628,0.7761027868838335,18.0,False,False,0.2944061396469846,0.8942261614130695,0.12323498654490567,0.3306697302285855,2.270735657726311,1.9763295180793263,2.300081572423865,1.4058554110107953,1.8529684917173301,15.852725467905255,15.52205573767667,False,True,False,1.8888888888888888,1.875,1.2021541717374586,1.0540424096423073,True,False,True,0.1388625117004647,0.49229863759598447,0.3349857251001691,0.6167889432284492,0.13148240440284215
48.0,2,67.50000000000036,9,1.5,1.6000000000001222,1.2999999999999403,1.2999999999999403,1.1892841207612177,1.0532158714874704,16.0,False,True,0.32483901704665596,0.4092095048574165,0.15780721061008998,2.7213649854749455,2.839206698397696,2.51436768135104,2.1123772200432143,1.7031677151857978,1.907772467614506,23.785682415224354,21.06431742974941,True,False,False,1.8666666666666667,1.8666666666666667,1.5210035884273372,1.3469826864380572,True,False,True,0.12150332860793123,0.21532407883948967,0.5162266518175471,0.6459363141406687,0.12150332860793134
48.0,2,69.50000000000045,2,0.6,0.09999999999986642,0.39999999999997726,0.39999999999997726,0.985367955292876,0.8728410944498588,16.0,True,False,0.5643812475713508,0.9183593030486561,0.227717527508892,2.2505372168603444,2.5092188935874398,1.944837646016089,2.5309370488264005,1.6125777457777444,2.0717573973020724,19.70735910585752,17.456821888997176,False,True,True,1.875,1.8571428571428572,1.3382500765799679,1.0472202709317402,True,False,True,0.25479300583660214,0.45075562623640386,0.6682585465610595,0.7283972312979337,0.2452235548204514
48.0,2,69.60000000000032,24,0.6,0.5000000000001847,0.09999999999986642,0.09999999999986642,0.9683524388862716,0.8777652156178206,16.0,True,False,0.37037914276598993,0.9442572032348251,0.2345157542587394,1.8117444653690207,2.465889236861482,2.0955100940954923,2.4875283112549376,1.5432711080201125,2.015399709637525,19.367048777725433,17.555304312356412,False,True,True,1.875,1.8666666666666667,1.3151409263261238,1.1225946932654423,True,False,True,0.16275548221308556,0.4773853115551189,0.7143903151955254,0.7008175427922707,0.15830113186370526
48.0,2,70.50000000000048,23,0.6,0.4000000000000341,0.39999999999997726,0.39999999999997726,0.8195174257574678,0.8780212197102903,15.0,True,False,-0.1489786879555437,-0.11483693855135635,0.0971748811979865,-1.1700758790564514,2.086883988147941,2.2358626761034848,1.9899677047721,2.1048046433234564,2.0473861740477783,16.390348515149356,17.560424394205807,False,True,False,1.875,1.875,1.1130047936789018,1.1924600939218586,True,False,True,-0.06895509973068614,-0.05610424695851368,0.24228966445433553,0.716563942549101,-0.06895509973068623
48.0,2,73.29999999999993,18,0.6999999999999176,0.6999999999999176,1.2999999999994003,1.2999999999994003,0.6009880678867106,0.8732437707955869,18.0,False,False,-0.6409740736059872,0.18714229176692965,0.12170018286960788,-5.445114058177527,1.721703991381516,2.362678064987503,1.7337714012096652,1.5466291094427356,1.6402002553262003,12.019761357734211,17.464875415911738,True,True,False,1.8888888888888888,1.8823529411764706,0.9114903483784497,1.2551727220246112,False,False,True,-0.31648125589183096,0.11422124186783073,0.44472554163350275,0.49481834128788527,-0.31994746386831724
48.0,2,73.99999999999984,15,0.6,0.20000000000055707,0.6999999999999176,0.6999999999999176,0.5752311085805024,0.8084590651154198,17.0,True,False,-0.6681488786955689,-0.7028413216473635,-0.05556286989118392,-4.664559130698347,1.6479157383147192,2.316064617010288,1.5896946072877054,2.292535928935069,1.9411152681113872,11.504622171610048,16.169181302308395,False,True,False,1.8888888888888888,1.8888888888888888,0.8724259791077925,1.2261518560642701,False,False,True,-0.3403581590683376,-0.3661166705114525,-0.17024976984139495,0.6632626883645497,-0.34035815906833755
48.0,2,74.3000000000003,12,0.6,0.2999999999996277,0.09999999999988063,0.09999999999988063,0.8475066522187005,0.8010660099819633,18.0,True,False,-0.13672710610563854,-0.6831403177812547,-0.055518725548871384,0.9288128447347432,2.15815796806192,2.2948850741675586,1.6329242992290334,2.316064617010288,1.9744944581196608,16.95013304437401,16.021320199639266,False,True,True,1.875,1.8888888888888888,1.1510175829663574,1.214939156912237,True,False,True,-0.061427700345485725,-0.34949700354262003,-0.1254389452109419,0.6803123950147031,-0.054047593047863246
48.0,2,74.59999999999992,20,0.6,0.40000000000036096,0.2999999999996277,0.2999999999996277,0.8475066522187005,0.75065935003955,17.0,True,False,0.127148483733877,-0.4951989464982165,-0.047136153711754614,1.93694604358301,2.15815796806192,2.031009484328043,1.5600248841833952,2.0552238306816117,1.8076243574325035,16.95013304437401,15.013187000791,False,True,False,1.875,1.8823529411764706,1.1510175829663574,1.078973788549273,True,False,True,0.06072211292796559,-0.2756829895227191,-0.12319306622671167,0.5920134734766498,0.0646360122491019
48.0,2,75.00000000000028,7,0.6,0.19999999999960494,0.40000000000036096,0.40000000000036096,0.845911689001364,0.6826572240940498,16.0,True,False,0.4157240811491425,0.40902865117171494,0.020545133172407304,3.2650892981462825,2.1540964275804986,1.738372346431356,2.1566960512122773,1.7476674000405623,1.9521817256264198,16.91823378002728,13.653144481880997,False,True,False,1.875,1.875,1.1488514280429325,0.9271319180967232,False,False,True,0.21442210213221502,0.2102954601818865,0.05208752002582251,0.6689475808023128,0.21442210213221496
48.0,2,75.19999999999989,11,0.6,0.3000000000004661,0.19999999999960494,0.19999999999960494,0.8367124459566857,0.6581428892059109,16.0,True,False,0.42630341463921795,0.4629484448603487,0.023951668575461382,3.571391135015494,1.997503825807753,1.5712004111685351,2.1384223867147334,1.6754739418543847,1.9069481642845592,16.734248919133712,13.162857784118218,False,False,False,1.8666666666666667,1.8666666666666667,1.0700913352541535,0.8417145059831438,False,False,True,0.24005839364565912,0.2439722790816936,0.06412174090077527,0.6455041444368725,0.24005839364565917
48.0,2,76.9999999999999,21,0.6,0.5000000000003126,1.4999999999995453,1.4999999999995453,0.9519242137982912,0.9410059483435828,15.0,True,False,0.026065438756594173,-0.022246510880294945,-0.0632031089646804,0.21836530909417107,2.2725516611229635,2.2464862223663693,1.4532101233044032,1.4754566341846982,1.4643333787445507,19.038484275965825,18.820118966871654,False,True,True,1.8666666666666667,1.8666666666666667,1.2174383898873018,1.2034747619819834,True,False,True,0.011535963402094396,-0.015192536822937586,-0.27044796431522755,0.38140010733706253,0.011535963402094451
48.0,2,77.50000000000021,5,0.6,0.100000000000108,0.5000000000003126,0.5000000000003126,0.9475642806598898,0.9353045523898996,14.0,True,False,0.031219141682119034,0.02026020420213337,-0.025881745904833497,0.2451945653998031,2.4129526266294,2.381733484947281,2.127339055773364,2.1070788515712304,2.1172089536722973,18.951285613197797,18.706091047797994,False,True,False,1.875,1.875,1.28690806753568,1.27025785863855,True,False,True,0.013022576307338385,0.009569371399946736,-0.07078810138645919,0.7500986900085747,0.01302257630733833
48.0,2,78.60000000000048,23,1.5,2.6999999999989512,0.09999999999999432,0.09999999999999432,0.8244895202413289,0.8006497241332458,16.0,False,True,0.18813490356743823,0.5560923962014799,0.1806795281318606,0.47679592216166355,2.0995453227819647,1.9114104192145265,2.1223412081337028,1.5662488119322229,1.8442950100329627,16.48979040482658,16.012994482664915,False,True,False,1.875,1.8666666666666667,1.1197575054837146,1.0239698674363535,True,False,True,0.09387939940043233,0.3038363541195695,0.461405488639158,0.612097096087262,0.08942504905105206
48.0,2,81.29999999999943,17,0.700000000000415,0.700000000000415,2.6999999999989512,2.6999999999989512,0.8208514481211782,1.0598573977241132,15.0,False,False,-0.570584674615193,-0.055869880620809775,-0.03862562754974791,-4.7801189920587,1.95963848268939,2.530223157304583,1.4208128941689502,1.47668277478976,1.448747834479355,16.417028962423565,21.197147954482265,False,True,False,1.8666666666666667,1.8666666666666667,1.0498063300121732,1.3554766914131695,True,False,True,-0.25554749469543836,-0.03856903526252209,-0.18184963719003866,0.37069962091961495,-0.25554749469543836
48.0,2,82.1,4,0.6,0.20000000000030127,0.10000000000015064,0.10000000000015064,0.750265171653612,1.0359522752481525,16.0,True,False,-0.6080878247364776,-1.2253571074081462,-0.3345032485290652,-5.71374207189081,2.029942981872149,2.6380308066086267,1.425377526049338,2.650734633457484,2.038056079753411,15.005303433072239,20.71904550496305,False,True,True,1.8823529411764706,1.875,1.078407209119579,1.4069497635246009,True,False,True,-0.26202502733233424,-0.6204001125587055,-1.0294357885540038,0.7119964514746501,-0.26593892665347063
48.0,2,87.59999999999907,13,1.5,1.7000000000003581,0.9999999999985931,0.9999999999985931,0.5492100501056871,0.5330319275563911,22.0,False,True,0.05407139164700547,0.060950258821284464,0.0374166468366228,0.3235624509859214,1.83559937967142,1.7815279880244146,1.3652558277336115,1.304305568912327,1.3347806983229693,10.984201002113743,10.660638551127821,False,False,False,1.9047619047619047,1.9047619047619047,0.9636896743274956,0.9353021937128178,False,False,True,0.029899649284768626,0.045671062620139924,0.22292372241093017,0.2887670074391435,0.029899649284768577
48.0,2,90.09999999999944,18,0.6,0.3999999999996362,0.8000000000000114,0.8000000000000114,0.4773345409277292,0.6285808528349195,22.0,True,False,-0.5295751596178542,0.15042963524377573,0.014120598239674792,-3.024926238143806,1.671343337337272,2.200918496955126,1.3064661294791855,1.1560364942354098,1.2312513118572976,9.546690818554584,12.57161705669839,False,True,False,1.9090909090909092,1.9090909090909092,0.8754655576528567,1.1528620698336374,False,False,True,-0.27524707515929714,0.12232854185914283,0.07900860925460296,0.20803097897144993,-0.275247075159297
48.0,2,90.49999999999908,19,1.5,3.5000000000005826,0.399999999999082,0.399999999999082,0.725882211208039,0.6279691594882415,22.0,False,True,0.22730587382096523,-0.5525073252798152,-0.08036526107083808,1.9582610343959495,2.426082582340926,2.198776708519961,1.6481166697471596,2.200623995026975,1.9243703323870673,14.51764422416078,12.55938318976483,False,True,False,1.9047619047619047,1.9090909090909092,1.2736933557289862,1.1517401806533127,True,False,True,0.09837668634475183,-0.2891077305199526,-0.28501264616432787,0.6545988141721882,0.1006468348792911
48.0,2,93.99999999999966,7,1.5,1.5999999999994259,3.5000000000005826,3.5000000000005826,0.510113572235098,0.5667285529248192,21.0,False,True,-0.18021108059642676,0.02555790060331975,0.030376131536083595,-1.132299613794423,1.6237419311896093,1.803953011786036,1.2955439452271371,1.2699860446238174,1.2827649949254774,10.20227144470196,11.334571058496383,True,False,False,1.9,1.9,0.8546010164155838,0.949448953571598,False,False,True,-0.105247054873362,0.01992472996101388,0.2358941918195805,0.2490179004426151,-0.10524705487336206
48.0,2,96.39999999999914,11,1.5,1.7000000000003013,0.800000000000054,0.800000000000054,0.6869987019044981,0.578405924505903,21.0,False,True,0.3456615461412855,-0.02067478821355584,0.0031244696093357116,2.1718555479719015,2.1867847861163274,1.841123239975042,1.2257605631994497,1.2464353514130055,1.2360979573062276,13.739974038089962,11.56811849011806,False,False,False,1.9,1.9,1.1509393611138565,0.9690122315658116,False,False,True,0.17205648899367887,-0.01672623929157993,0.01814297991757363,0.21195960937911051,0.17205648899367879
48.0,2,98.99999999999888,13,1.5,3.0000000000007816,0.49999999999980105,0.49999999999980105,0.558093703128252,0.6368676778430125,22.0,False,True,-0.2632826167198521,0.34444969797780645,0.06758699780747793,-1.5754794942952088,1.865290802787764,2.128573419507616,1.5819946386683494,1.237544940690543,1.409769789679446,11.16187406256504,12.73735355686025,False,False,False,1.9047619047619047,1.9047619047619047,0.9792776714635761,1.1175010452414984,False,False,True,-0.13203503186653875,0.24555694987082122,0.3044576805845911,0.3434264213292342,-0.1320350318665387
48.0,2,105.6999999999985,15,1.3000000000003809,1.3000000000003809,1.2999999999993577,1.2999999999993577,0.5186652958689542,0.5776511851211321,23.0,False,False,-0.20653370863741505,0.2560455468814786,0.047114269044704504,-1.1797177850435592,1.816059204250818,2.022592912888233,1.361364296930975,1.1053187500494963,1.2333415234902356,10.373305917379083,11.553023702422642,True,False,False,1.9090909090909092,1.9090909090909092,0.9512691069885236,1.059453430560503,False,False,True,-0.10771142741128426,0.2083536014718535,0.35513581767009517,0.20972717162777854,-0.10771142741128434
48.0,2,107.99999999999802,25,1.0000000000005116,1.0000000000005116,0.9999999999991473,0.9999999999991473,0.557051021055071,0.5386342009657747,23.0,False,False,0.06448481497140368,0.02302593376066797,-0.0037692251796059006,0.36833640178592475,1.9504633182166444,1.8859785032452407,1.3600491445783076,1.3370232108176396,1.3485361776979736,11.14102042110142,10.772684019315495,False,False,False,1.9090909090909092,1.9090909090909092,1.0216712619230042,0.987893501699888,False,True,True,0.03362015735982504,0.017075176473102305,-0.02301233720525242,0.29901969134157996,0.033620157359825015
48.0,2,108.99999999999854,21,1.5,3.200000000000159,1.0000000000005116,1.0000000000005116,0.5177492929429288,0.5627139659408824,22.0,False,True,-0.0678809901606332,0.0467413382246582,0.02884376120451629,-0.8992934599590718,1.8128519035924195,1.8807328937530527,1.8290689364724,1.7823275982477418,1.805698267360071,10.354985858858576,11.254279318817648,True,True,False,1.9090909090909092,1.9047619047619047,0.949589092357934,0.9873847692203528,False,True,True,-0.03676029537034098,0.02588690994488907,0.13711219928581442,0.5909473687000398,-0.03903044390488021
48.0,2,112.1999999999987,11,0.6,0.19999999999906493,3.200000000000159,3.200000000000159,0.6508672661049175,0.5778343445325067,21.0,True,False,0.12888226683653237,0.15868950444968322,0.0803241063948862,1.4606584314482163,1.9681861112488075,1.8393038444122751,1.3035397625047296,1.1448502580550464,1.224195010279888,13.01734532209835,11.556686890650134,False,True,False,1.894736842105263,1.9,1.0387648920479817,0.968054654953829,False,False,True,0.0677252082806159,0.129809608878339,0.8013942543775292,0.2022834935238041,0.07049913516334105
48.0,2,112.39999999999776,3,1.3000000000007361,1.3000000000007361,0.19999999999906493,0.19999999999906493,0.6508672661049175,0.5778343445325067,21.0,False,False,0.12888226683653237,0.17079575273785985,0.0815401057449554,1.4606584314482163,1.9681861112488075,1.8393038444122751,1.305893870083443,1.1350981173455832,1.220495993714513,13.01734532209835,11.556686890650134,False,True,False,1.894736842105263,1.9,1.0387648920479817,0.968054654953829,False,False,True,0.0677252082806159,0.14016867001884073,0.8365690884681154,0.19925732835021215,0.07049913516334105
48.0,2,117.09999999999846,4,1.5,2.0999999999994543,0.09999999999992326,0.09999999999992326,0.663596271066468,0.502979461201436,22.0,False,True,0.5368221439070897,0.20868155703840263,-0.02738546730861391,3.2123361973006404,2.217907161909131,1.6810850180020411,1.3692170168782023,1.1605354598397997,1.264876238359001,13.27192542132936,10.05958922402872,False,False,False,1.9047619047619047,1.9047619047619047,1.1644012600022937,0.8825696344510716,False,False,True,0.2771246023871118,0.16535755401065272,-0.13049698010453215,0.23497428210397225,0.27712460238711173
48.0,2,119.19999999999791,19,0.6,0.09999999999992326,2.0999999999994543,2.0999999999994543,0.6218213069969618,0.6456164145508065,21.0,True,False,-0.07195507078335583,0.5096773937763284,0.10248579838774001,-0.4759021510768946,1.8803527598401597,1.9523078306235155,1.7462263307304746,1.2365489369541462,1.4913876338423104,12.436426139939236,12.91232829101613,False,True,True,1.894736842105263,1.894736842105263,0.992408401026751,1.0303846883846333,False,True,True,-0.037552778219189675,0.3451326929642369,0.6905609489875173,0.39970698444929686,-0.03755277821918967
48.0,2,119.29999999999784,8,0.9000000000008583,0.9000000000008583,0.09999999999992326,0.09999999999992326,0.6218213069969618,0.6456164145508065,21.0,False,False,-0.07195507078335583,0.4917821138085796,0.10114414045623481,-0.4759021510768946,1.8803527598401597,1.9523078306235155,1.7062957519578612,1.2145136381492816,1.4604046950535714,12.436426139939236,12.91232829101613,False,True,False,1.894736842105263,1.894736842105263,0.992408401026751,1.0303846883846333,False,True,True,-0.037552778219189675,0.33998109509348173,0.709119992359752,0.3787135857034973,-0.03755277821918967
48.0,2,120.69999999999789,24,1.5,2.59999999999971,0.30000000000012506,0.30000000000012506,0.5856180743145547,0.6157060362016074,21.0,False,True,-0.09577295723769952,-0.27598596510841333,-0.03973016656791262,-0.601759237741053,1.8640802258223657,1.9598531830600652,1.5459154156266883,1.8219013807351017,1.683908398180895,11.712361486291094,12.314120724032147,False,True,False,1.9,1.9,0.981094855695982,1.0315016752947712,False,True,True,-0.05010180889328297,-0.16426443353027392,-0.12384282843274552,0.5211175189611367,-0.050101808893283015
48.0,2,120.69999999999814,18,1.5,2.5999999999994543,0.30000000000038085,0.30000000000038085,0.5856180743145547,0.6157060362016074,21.0,False,True,-0.09577295723769952,-0.27598596510841333,-0.03973016656791262,-0.601759237741053,1.8640802258223657,1.9598531830600652,1.5459154156266883,1.8219013807351017,1.683908398180895,11.712361486291094,12.314120724032147,False,True,False,1.9,1.9,0.981094855695982,1.0315016752947712,False,True,True,-0.05010180889328297,-0.16426443353027392,-0.12384282843274552,0.5211175189611367,-0.050101808893283015
48.0,2,123.2999999999976,25,0.6,0.1999999999995481,2.5999999999994543,2.5999999999994543,0.6715253381112749,0.7674836255242781,19.0,True,False,-0.15275143115914203,0.09631164265876668,0.026880085627580208,-1.9191657482600633,1.9237783854935837,2.0765298166527257,1.3027619606645673,1.2064503180058006,1.254606139335184,13.430506762225498,15.349672510485561,False,True,False,1.8888888888888888,1.8823529411764706,1.0184709099671914,1.1031564650967605,False,True,True,-0.07640698172230276,0.07680416923064681,0.1952802958782327,0.22682169012874648,-0.07987318969878893
48.0,2,123.49999999999714,16,0.9999999999999432,0.9999999999999432,0.1999999999995481,0.1999999999995481,0.6715253381112749,0.7674836255242781,19.0,False,False,-0.15275143115914203,0.04486379329514767,0.033265859162823805,-1.9191657482600633,1.9237783854935837,2.0765298166527257,1.2511564535602924,1.2062926602651447,1.2287245569127185,13.430506762225498,15.349672510485561,False,True,False,1.8888888888888888,1.8823529411764706,1.0184709099671914,1.1031564650967605,False,True,True,-0.07640698172230276,0.03651654739445637,0.26559263974100444,0.20597668578487222,-0.07987318969878893
48.0,2,124.49999999999709,6,0.6000000000013728,0.6000000000013728,0.9999999999999432,0.9999999999999432,0.7009658726136854,0.6937433290533273,17.0,False,False,-0.09202062390662347,-0.11211298901326594,-0.0034937693094383993,0.14445087120716238,1.7849949370430698,1.8770155609496932,1.783953632708825,1.896066621722091,1.840010127215458,14.019317452273707,13.874866581066545,False,True,False,1.875,1.8823529411764706,0.9519972997563039,0.9971645167545246,False,True,True,-0.05026746906301527,-0.06094949806859251,-0.01229419809632848,0.6097710755271923,-0.046353569741879035
48.0,2,126.1999999999979,5,1.0000000000000142,1.0000000000000142,1.09999999999944,1.09999999999944,0.7673357542356358,0.6814959957940561,17.0,False,False,0.218589149916667,-0.3358608483713692,-0.0172808896162413,1.7167951688315952,1.9540044527639877,1.7354153028473207,1.27315538039286,1.6090162287642291,1.4410858045785444,15.346715084712717,13.629919915881121,True,False,False,1.875,1.875,1.0421357081407934,0.9255548281852377,False,False,True,0.11863408002195208,-0.23412458363615488,-0.08034627346364331,0.3653968604067133,0.11863408002195208
48.0,2,128.7999999999973,3,1.299999999999926,1.299999999999926,0.09999999999917009,0.09999999999917009,0.8939887860149947,0.7240371812302673,20.0,False,False,0.513924121769902,0.38514779974949676,0.09719558163351541,3.3990320956945475,2.7033719528971725,2.1894478311272705,1.6856295997063064,1.3004817999568097,1.493055699831558,17.879775720299893,14.480743624605346,False,False,False,1.894736842105263,1.894736842105263,1.426779641806841,1.155541910872726,True,False,True,0.21085048512995097,0.2594043325340239,0.35717566474454876,0.40082482518302665,0.21085048512995094
48.0,2,130.09999999999724,14,0.6,0.4000000000000057,1.299999999999926,1.299999999999926,0.7304544723368576,0.6931050172039592,19.0,True,False,0.2232537472874081,0.39096347942670606,0.09680775716361018,0.7469891026579667,2.208853359543867,1.985599612256459,2.2373429650376364,1.8463794856109303,2.0418612253242836,14.609089446737151,13.862100344079185,False,True,False,1.894736842105263,1.8888888888888888,1.1657837175370411,1.0511997947240077,True,False,True,0.10655259885889101,0.1920622986899403,0.3180907977610983,0.7138617572588766,0.10346140628921824
48.0,2,130.49999999999724,9,0.6,0.10000000000090381,0.4000000000000057,0.4000000000000057,0.8712778124412885,0.8283271938645216,18.0,True,False,0.10937285208555236,0.06555850538007202,0.088626135306756,0.8590123715353393,2.2186907305011894,2.109317878415637,2.030789638489904,1.965231133109832,1.998010385799868,17.42555624882577,16.56654387729043,False,True,False,1.875,1.875,1.1833017229339677,1.1249695351550064,True,False,True,0.050552646021366554,0.0328148385004039,0.2590444526572343,0.6921518783108837,0.050552646021366596
48.0,2,130.59999999999815,4,0.6,0.2999999999993861,0.10000000000090381,0.10000000000090381,1.0115652685088663,1.0152674501061507,18.0,True,False,-0.008838307521475297,0.07124651319740827,0.09177738183476036,-0.07404363194569186,2.4149341911489968,2.423772498670472,2.0195396516423143,1.948293138444906,1.98391639504361,20.231305370177324,20.305349002123016,False,True,True,1.8666666666666667,1.8666666666666667,1.293714745258391,1.2984495528591815,True,False,True,-0.0036531734273131944,0.035915914567473894,0.2771029145975723,0.6850728683798287,-0.0036531734273133054
48.0,2,130.89999999999753,12,0.6,0.10000000000022169,0.2999999999993861,0.2999999999993861,1.0115652685088663,1.0152674501061507,16.0,True,False,-0.008838307521475297,0.13406714280435228,0.04192013268306788,-0.07404363194569186,2.4149341911489968,2.423772498670472,2.2184446199578525,2.0843774771535,2.1514110485556763,20.231305370177324,20.305349002123016,False,True,False,1.8666666666666667,1.8666666666666667,1.293714745258391,1.2984495528591815,True,False,True,-0.0036531734273131944,0.062336090132935285,0.097358100284054,0.7661239285216276,-0.0036531734273133054
48.0,2,130.99999999999775,21,0.6,0.29999999999986926,0.10000000000022169,0.10000000000022169,0.9638815059697664,0.9633731894604644,16.0,True,False,0.0012944173617697174,0.1838623629606193,0.05111735391444261,0.01016633018604196,2.4545040996791765,2.4532096823174068,2.218129558469456,2.0342671955088365,2.126198376989146,19.27763011939533,19.267463789209287,False,True,True,1.875,1.875,1.3090688531622274,1.3083784972359502,True,False,True,0.000527503211998015,0.0865286459611081,0.12129553126554171,0.7543355855333247,0.000527503211998015
48.0,2,131.79999999999748,15,0.6999999999996191,0.6999999999996191,0.300000000000324,0.300000000000324,0.9227055324039956,1.2702043723611798,16.0,False,False,-0.6827392249679449,0.012738585073396091,0.0523023115317261,-6.949976799143684,2.349650344005359,3.032389568973304,2.372658071076528,2.359919486003132,2.36628877853983,18.45411064807991,25.404087447223596,False,True,False,1.875,1.8666666666666667,1.2531468501361913,1.6244944119499842,True,False,True,-0.25508441803485205,0.005383373303099681,0.09985455592840142,0.861322811590874,-0.2595387683842324
48.0,2,133.3999999999974,13,0.8000000000004945,0.8000000000004945,0.9000000000002899,0.9000000000002899,1.0864885692237252,1.118609538181945,16.0,False,False,-0.07668316479903003,-0.4861169074776721,-0.036934703198401364,-0.6424193791643944,2.593800396071952,2.670483560870982,1.512407303846485,1.998524211324157,1.755465757585321,21.729771384474503,22.372190763638898,False,False,False,1.8666666666666667,1.8666666666666667,1.3895359264671172,1.4306161933237405,True,False,True,-0.029135430335368473,-0.27870639151231347,-0.12654987580537091,0.5627342106459192,-0.02913543033536853
48.0,2,134.99999999999778,7,1.5,1.7999999999995282,0.7999999999998977,0.7999999999998977,0.8673981890192186,0.8180328397193497,16.0,False,True,0.2559017997893491,0.5908656070150056,0.09701413040206963,0.9873069859973782,2.208811350581869,1.95290955079252,2.2314971698013184,1.6406315627863128,1.9360643662938157,17.347963780384372,16.360656794386994,False,True,False,1.875,1.8666666666666667,1.1780327203103302,1.0462015450674214,True,False,True,0.12313418255699371,0.3075914698277398,0.2999012939373391,0.6606572353543051,0.11867983220761351
48.0,2,137.1999999999974,24,0.8999999999998352,0.8999999999998352,0.40000000000009095,0.40000000000009095,0.5895961082299621,0.7132594278981275,16.0,False,False,-0.2013872940125836,-0.08456140772361564,0.0673938820195592,-2.473266393363307,1.5013941608406811,1.7027814548532647,1.5097127019227103,1.594274109646326,1.5519934057845182,11.791922164599242,14.26518855796255,False,True,False,1.875,1.8666666666666667,0.8007435524483633,0.9122043508142489,False,False,True,-0.12586894693459028,-0.054499159878617975,0.20674126110352886,0.439540172901819,-0.1303232972839705
48.0,2,138.3999999999963,10,0.6,0.10000000000093223,0.29999999999907345,0.29999999999907345,0.9763909260647504,0.6990961985670543,16.0,True,False,0.7502580517678341,-0.1649014594435767,-0.008488512841027973,5.545894549953921,2.641756518645732,1.891498466877898,1.4429698984274388,1.6078713578710155,1.5254206281492273,19.527818521295007,13.981923971341086,False,True,False,1.8823529411764706,1.8823529411764706,1.4034331505305453,1.0048585605288833,False,True,True,0.33407468932608,-0.10820774706899561,-0.03212898743459669,0.422270193764751,0.33407468932608
48.0,2,140.19999999999712,25,0.9999999999991758,0.9999999999991758,0.3999999999996362,0.3999999999996362,0.662570438445389,0.6264138077038188,20.0,False,False,0.21478698407846397,0.3293822093813905,-0.004904910549935582,0.7231326148314032,2.1090272085029604,1.8942402244244965,2.1341433405529773,1.8047611311715868,1.9694522358622821,13.25140876890778,12.528276154076377,False,True,False,1.9,1.894736842105263,1.1100143202647161,0.9997378962240399,False,True,True,0.10740898139429089,0.16763707479095058,-0.014010589433552045,0.6777554512242472,0.10463505451156574
48.0,2,141.1999999999963,22,0.6,0.20000000000109708,0.9999999999991758,0.9999999999991758,0.6289699855483049,0.6703768354684074,19.0,True,False,-0.12521199201032251,0.2616469120451361,0.023381949805514612,-0.8281369984020515,1.9019699628725637,2.027181954882886,1.9186287755617155,1.6569818635165794,1.7878053195391475,12.579399710966097,13.407536709368149,False,True,False,1.894736842105263,1.894736842105263,1.0038174804049642,1.0699015872993012,False,True,True,-0.06375645743931069,0.14661295848585054,0.08065030737988033,0.5809887891337661,-0.06375645743931081
48.0,2,141.69999999999658,6,1.300000000001205,1.300000000001205,0.29999999999918714,0.29999999999918714,0.6459645698727599,0.7654189417301502,19.0,False,False,-0.3422115675907389,-0.195572349560597,-0.04281721563600721,-2.3890874371478077,1.8505521784346357,2.1927637460253746,1.796418540713403,1.991990890274,1.8942047154937014,12.919291397455197,15.308378834603005,False,False,False,1.8888888888888888,1.8888888888888888,0.9797040944653954,1.1608749243663747,False,False,True,-0.16967866329675818,-0.10333960277973087,-0.11732451558604307,0.6387990752448929,-0.16967866329675801
48.0,2,144.19999999999726,18,0.6,0.2999999999999261,1.199999999999477,1.199999999999477,0.6310084074910609,0.7860405003801447,19.0,True,False,-0.41946010666005273,0.09208097256448133,0.003031415985617486,-3.1006418577816763,1.707277822140704,2.1267379288007566,1.4718830959463038,1.3798021233818225,1.425842609664063,12.620168149821218,15.720810007602894,False,True,True,1.8823529411764706,1.8823529411764706,0.9069913430122489,1.129829524675402,False,False,True,-0.219689131775898,0.06460249860393097,0.013782074786749643,0.3547629439960932,-0.21968913177589805
48.0,2,144.4999999999972,12,0.700000000000216,0.700000000000216,0.2999999999999261,0.2999999999999261,0.6312879170700825,0.7890593583769214,18.0,False,False,-0.4268717809661766,0.11898067368252341,0.043584998097107,-3.155428826136779,1.708034072770132,2.1349058537363086,1.5740900011851915,1.455109327502668,1.5145996643439297,12.62575834140165,15.781187167538429,False,False,False,1.8823529411764706,1.8823529411764706,0.9073931011591326,1.1341687347974139,False,False,True,-0.22307950500162588,0.07859629129711465,0.2013100924617408,0.4151511560838869,-0.2230795050016258
48.0,2,148.69999999999607,17,0.6,0.300000000000324,0.4999999999989484,0.4999999999989484,0.7648106184594292,0.5841378345426449,20.0,True,False,0.546344366208072,0.08391704444950543,0.043704485680484184,3.6134556783356864,2.312744418682767,1.766400052474695,1.3146777533321008,1.2307607088825954,1.272719231107348,15.296212369188584,11.682756690852898,False,False,True,1.894736842105263,1.894736842105263,1.2206151098603493,0.9322666943616447,False,False,True,0.26949127257690675,0.06595914037728198,0.23098841628059152,0.24115573838127172,0.26949127257690664
48.0,2,148.9999999999964,2,0.6,0.19999999999990337,0.300000000000324,0.300000000000324,0.7639787263805289,0.584285341032265,19.0,True,False,0.5433827198627661,0.5689760498787164,0.1271897302410631,3.593867706965277,2.3102288236897235,1.7668461038269574,2.312744418682767,1.7437683688040506,2.028256393743409,15.279574527610578,11.6857068206453,False,True,False,1.894736842105263,1.894736842105263,1.219287434725132,0.9325021103531165,False,False,True,0.2681504825659302,0.28238637877145545,0.4472053682728865,0.7071765046329024,0.26815048256593027
48.0,2,150.79999999999694,5,0.7999999999995282,0.7999999999995282,1.1000000000003638,1.1000000000003638,0.7964306073513203,0.573923013801946,20.0,False,False,0.6728504843884391,0.38082146800532723,0.11598907093218741,4.4501518709874865,2.408361491803217,1.735511007414778,1.8672703309608008,1.4864488629554735,1.676859596958137,15.928612147026406,11.47846027603892,True,False,False,1.894736842105263,1.894736842105263,1.2710796762294758,0.9159641428022439,False,False,True,0.3276447385571921,0.22808768648682426,0.4627868106784705,0.5169227565920229,0.3276447385571922
48.0,2,151.59999999999647,14,0.6,0.29999999999998295,0.7999999999995282,0.7999999999995282,0.7162532642676869,0.656411968891522,19.0,True,False,0.3898991403501766,0.46445663014094385,0.14138000269133358,1.1968259075232979,2.165909702764252,1.7760105624140756,2.192141767586205,1.7276851374452613,1.9599134525157331,14.325065285353737,13.12823937783044,False,True,True,1.894736842105263,1.8823529411764706,1.1431190097922443,0.9435056112824777,False,False,True,0.19847086737780328,0.23809660033550606,0.5177742837688666,0.6729003153877542,0.19191346683164423
48.0,2,151.89999999999645,6,0.6,0.19999999999953388,0.29999999999998295,0.29999999999998295,0.975534564384338,0.6672748348099855,18.0,True,False,0.7278379268439581,0.2409733897583144,0.1273065696953671,6.165194591487051,2.639439517339026,1.911601590495068,1.9201676005766843,1.67919421081837,1.7996809056975271,19.51069128768676,13.34549669619971,False,True,False,1.8823529411764706,1.8888888888888888,1.4022022435863577,1.0120243714385655,False,True,True,0.3226251708358163,0.13409843226180074,0.41855799047348485,0.5876093745746327,0.32609137881230243
48.0,2,152.099999999996,20,0.6,0.10000000000127329,0.19999999999953388,0.19999999999953388,0.971249113538328,0.6821906348119828,18.0,True,False,0.8280915431745828,0.22383843045360474,0.11802288624557009,5.781169574526903,2.782423753078435,1.954332209903852,1.9039976415284827,1.680159211074878,1.7920784263016802,19.42498227076656,13.643812696239657,False,True,False,1.8888888888888888,1.8888888888888888,1.4730478692768185,1.0346464640667452,True,False,True,0.3532738470107294,0.12506714025351418,0.40733510622084657,0.5833760782723701,0.35327384701072945
48.0,2,152.399999999997,21,0.6,0.10000000000019327,0.19999999999973284,0.19999999999973284,0.971249113538328,0.6821906348119828,17.0,True,False,0.8280915431745828,0.8195521583746541,0.22443064927979633,5.781169574526903,2.782423753078435,1.954332209903852,2.639439517339026,1.819887358964372,2.2296634381516993,19.42498227076656,13.643812696239657,False,True,False,1.8888888888888888,1.8888888888888888,1.4730478692768185,1.0346464640667452,True,False,True,0.3532738470107294,0.3717919820858042,0.5286960320225871,0.8018506494861141,0.35327384701072945
48.0,3,23.600000000000065,2,0.6,0.09999999999991971,0.7000000000000739,0.7000000000000739,0.7574726352673453,0.8052105250690182,22.0,True,False,-0.03139890853460603,0.07732893748890346,0.0585294672001154,-0.9547577960334586,2.531665797352489,2.5630647058870952,1.4039651224849858,1.3266361849960824,1.365300653740534,15.149452705346906,16.104210501380365,False,True,True,1.9047619047619047,1.9,1.329124543610057,1.348981424151103,True,False,True,-0.01232618921173878,0.05665390952947802,0.23071226575562043,0.3113746635340121,-0.01482931942985738
48.0,3,23.699999999999985,4,1.5,2.1999999999999993,0.09999999999991971,0.09999999999991971,0.7574726352673453,0.8071002040274653,22.0,False,True,-0.037413943476478195,0.106062840329324,0.0575538432183508,-0.9925513752023996,2.531665797352489,2.5690797408289674,1.403752144351598,1.297689304022274,1.350720724186936,15.149452705346906,16.142004080549306,False,True,False,1.9047619047619047,1.9,1.329124543610057,1.3521472320152461,True,False,True,-0.014670253280287482,0.07856353018785794,0.23553653271910702,0.30063831976067446,-0.01717338349840608
48.0,3,26.100000000000065,18,0.6,0.1999999999999531,0.200000000000081,0.200000000000081,0.5187245892491772,0.5926748778556128,21.0,True,False,-0.24716063347051653,0.026740790028507044,0.10230045881680688,-1.479005772128712,1.733709232128711,1.9808698655992276,1.7607149597958591,1.733974169767352,1.7473445647816055,10.374491784983544,11.853497557112256,False,True,False,1.9047619047619047,1.9047619047619047,0.9101973468675734,1.0399566794395945,False,False,True,-0.1332728961940559,0.015303971799426885,0.3489563805283473,0.5580972439775779,-0.13327289619405588
48.0,3,27.800000000000047,9,0.6,0.10000000000007958,1.5000000000000284,1.5000000000000284,0.5969896483172477,0.5749502462710279,21.0,True,False,0.06664591579046442,-0.13320628291016945,0.008231988645723998,0.44078804092439583,1.8052632165832607,1.7386173007927963,1.4998011296594005,1.63300741256957,1.5664042711144852,11.939792966344953,11.499004925420557,False,True,False,1.894736842105263,1.894736842105263,0.9527778087522766,0.9176035754184203,False,False,True,0.03761626491090497,-0.0850908341207372,0.043935183533199584,0.44878271949780024,0.03761626491090502
48.0,3,27.900000000000126,14,0.9000000000000128,0.9000000000000128,0.10000000000007958,0.10000000000007958,0.5969896483172477,0.5749502462710279,21.0,False,False,0.06664591579046442,-0.10156203371918227,0.0100227264491069,0.44078804092439583,1.8052632165832607,1.7386173007927963,1.483139862780111,1.5847018964992932,1.5339208796397021,11.939792966344953,11.499004925420557,False,True,False,1.894736842105263,1.894736842105263,0.9527778087522766,0.9176035754184203,False,False,True,0.03761626491090497,-0.06623494230502835,0.05637303106900693,0.42782712380504134,0.03761626491090502
48.0,3,28.80000000000014,23,0.9000000000000128,0.9000000000000128,0.9000000000000128,0.9000000000000128,0.5675902577977587,0.6063232174076916,19.0,False,False,-0.02062696050567503,0.06268970633747117,0.022286900288883776,-0.7746591921986568,1.7163611084070136,1.7369880689126886,1.7271935254762751,1.664503819138804,1.6958486723075397,11.351805155955175,12.126464348153831,False,True,False,1.894736842105263,1.8888888888888888,0.9058572516592572,0.9195819188361293,False,False,True,-0.011946203384090248,0.03697077914872937,0.09514485184080934,0.5281833071550521,-0.015037395953763036
48.0,3,29.700000000000152,15,1.5,1.8999999999999133,0.9000000000000128,0.9000000000000128,0.8504071704774137,0.7070717429119031,18.0,False,True,0.3878132108931023,-0.19419024212134484,-0.004163738890139906,2.8667085513102126,2.3008905819786327,1.9130773710855304,1.5324113093284109,1.7266015514497557,1.6295064303890832,17.008143409548275,14.141434858238062,False,False,False,1.8823529411764706,1.8823529411764706,1.2223481216761487,1.016322353389188,False,True,True,0.18458312300878454,-0.11931254141825215,-0.020607237227846964,0.4882771655221716,0.18458312300878466
48.0,3,33.00000000000023,21,0.6,0.5999999999998948,1.3000000000002423,1.3000000000002423,0.7110613190803345,0.7894501534012637,19.0,True,False,-0.22456746837697494,0.1568862751404545,0.0156591785123755,-1.5677766864185827,2.0370406279154163,2.2616080962923912,1.394153583103527,1.2372673079630725,1.3157104455332997,14.22122638160669,15.789003068025274,False,False,False,1.8888888888888888,1.8888888888888888,1.0784332736022793,1.197321933331266,True,False,True,-0.10457802526522897,0.1193823168514827,0.07300818408843712,0.2743767825033103,-0.1045780252652289
48.0,3,33.60000000000012,25,0.6,0.49999999999994316,0.5999999999998948,0.5999999999998948,0.6953939836263565,0.7705468158575934,18.0,True,False,-0.21529700526523143,-0.21991411338507705,-0.007833136186119583,-1.5030566446247384,1.9921570180289847,2.207454023294216,1.9973925359519011,2.217306649336978,2.1073495926444394,13.90787967252713,15.410936317151869,False,True,False,1.8888888888888888,1.8888888888888888,1.0546713624859332,1.168652129979291,True,False,True,-0.10262184541162078,-0.10445064037847795,-0.02422769614672826,0.745431040681334,-0.10262184541162073
48.0,3,34.70000000000022,13,1.0999999999998238,1.0999999999998238,0.6000000000001577,0.6000000000001577,0.8321642836493681,0.6876038149797665,18.0,False,False,0.3911277237956192,-0.11339267963427857,0.018844887513082886,2.89120937339203,2.251532006524492,1.860404282728873,1.717630297642905,1.8310229772771835,1.7743266374600442,16.64328567298736,13.75207629959533,False,False,False,1.8823529411764706,1.8823529411764706,1.1961263784661365,0.9883397751997137,False,True,True,0.19081705589085174,-0.06392920769660038,0.05659939317084972,0.573420991775043,0.19081705589085185
48.0,3,36.80000000000025,7,0.8999999999998991,0.8999999999998991,0.9000000000001265,0.9000000000001265,0.5585751338961771,0.5474700025751584,19.0,False,False,0.03358129432507018,0.09091895796463523,0.024325789399523484,0.22210262642037293,1.6890998793080838,1.6555185849830136,1.4000402795045157,1.3091213215398805,1.3545808005221982,11.171502677923542,10.949400051503169,False,True,False,1.894736842105263,1.894736842105263,0.8914693807459332,0.8737459198521461,False,False,True,0.020081467103237882,0.06714484203640253,0.10790910036424184,0.30349203415783843,0.02008146710323787
48.0,3,38.30000000000016,15,0.8000000000001606,0.8000000000001606,0.6000000000000085,0.6000000000000085,0.4276989001527331,0.4546721017751194,20.0,False,False,-0.08585836738434227,-0.09653707913529752,-0.018439835556566198,-0.5394640324477269,1.3614078822854894,1.4472662496698316,1.369601016585614,1.4661380957209116,1.4178695561532628,8.553978003054661,9.093442035502388,False,True,False,1.9,1.9,0.7165304643607839,0.7617190787735957,False,False,True,-0.06115706002422683,-0.06811232936401002,-0.08053802988065395,0.3491554324491719,-0.06115706002422683
48.0,3,39.10000000000032,16,0.7999999999999119,0.7999999999999119,0.8000000000001606,0.8000000000001606,0.6817085097894848,0.6828586495553903,19.0,False,False,-0.0032949077218280554,0.0028154334109624646,-0.033273393716687194,-0.023002795318110003,1.952951023454512,1.95624593117634,1.2244574450736057,1.2216420116626432,1.2230497283681245,13.634170195789697,13.657172991107807,False,False,False,1.8888888888888888,1.8888888888888888,1.0339152477112123,1.0356596106227682,True,False,True,-0.0016857214104675222,0.002301978888456513,-0.2862424856071706,0.20134751684988408,-0.0016857214104673349
48.0,3,39.90000000000023,6,1.0999999999999943,1.0999999999999943,0.7999999999999119,0.7999999999999119,0.666975261633902,0.6739284007728683,18.0,False,False,-0.019919276351500148,-0.019261998661540325,-0.011676317112148199,-0.1390627827793267,1.910743376562822,1.930662652914322,1.9199097065264965,1.9391717051880368,1.9295407058572667,13.33950523267804,13.478568015457366,False,True,False,1.8888888888888888,1.8888888888888888,1.0115700228862,1.0221155221311118,False,True,True,-0.010370918738986545,-0.00998276873183035,-0.04926172717682609,0.6572819983561974,-0.010370918738986558
48.0,3,45.50000000000038,22,0.799999999999784,0.799999999999784,0.7000000000001236,0.7000000000001236,0.5521929149938734,0.6012431878783149,21.0,False,False,-0.1561318677913044,0.11768679067728494,0.0807641908660078,-0.9810054576888305,1.7576846392319545,1.913816507023259,1.3083515852579968,1.1906647945807118,1.2495081899193543,11.043858299877467,12.024863757566298,False,False,False,1.9,1.9,0.925097178543134,1.0072718458017154,False,True,True,-0.08510202251721966,0.09425621094034792,0.3949563692151976,0.22275002582869538,-0.08510202251721977
48.0,3,47.00000000000029,13,0.6,0.10000000000002984,0.7000000000001307,0.7000000000001307,0.7077699682497016,0.588260207802076,21.0,True,False,0.28678686256339203,-0.17641713952581384,-0.0051991766930993,2.3901952089525125,2.252901780378677,1.9661149178152848,1.564382653908518,1.7407997934343318,1.6525912236714249,14.155399364994032,11.76520415604152,False,True,True,1.9,1.9047619047619047,1.185737779146672,1.0322103318530247,True,False,True,0.136159592842939,-0.10685338319590715,-0.022266147722648455,0.5023444946520781,0.13866272306105748
48.0,3,47.10000000000043,19,0.7999999999998053,0.7999999999998053,0.10000000000013642,0.10000000000013642,0.7077699682497016,0.588260207802076,21.0,False,False,0.28678686256339203,-0.1672607235571275,-0.0027363380376185797,2.3901952089525125,2.252901780378677,1.9661149178152848,1.526833677246797,1.6940944008039245,1.6104640390253606,14.155399364994032,11.76520415604152,False,True,False,1.9,1.9047619047619047,1.185737779146672,1.0322103318530247,True,False,True,0.136159592842939,-0.10395222219262795,-0.012215592244042117,0.4765223604652214,0.13866272306105748
48.0,3,48.2000000000003,7,0.6,0.49999999999992184,0.3000000000000682,0.3000000000000682,0.6734104575546596,0.5967703919523437,21.0,True,False,0.351129508639513,0.6326200665504342,0.09725865973963349,1.5328013120463169,2.25070866404158,1.899579155402067,2.266063009766898,1.6334429432164637,1.9497529764916808,13.468209151093191,11.935407839046874,False,True,False,1.9047619047619047,1.9,1.1816220486218294,0.9997785028431931,False,True,True,0.1696127639410625,0.3273539465356675,0.2749901551697337,0.6677026858290134,0.16710963372294396
48.0,3,48.70000000000022,25,0.9000000000001478,0.9000000000001478,0.49999999999992184,0.49999999999992184,0.6164014645002887,0.7066259879153023,20.0,False,False,-0.17473055889828326,0.09759748419817393,0.08636553251157242,-1.8044904683002727,1.962066800086088,2.136797358984371,1.98237415123834,1.884776667040166,1.933575409139253,12.328029290005773,14.132519758306046,False,True,False,1.9,1.894736842105263,1.0326667368874147,1.127754161686196,True,False,True,-0.08530973934682873,0.05048585782560411,0.2518281246196298,0.6593708326696944,-0.08808366622955398
48.0,3,49.60000000000037,17,1.5,3.9000000000000057,0.9000000000001478,0.9000000000001478,0.5882495462737118,0.6770333673756701,19.0,False,True,-0.36210011896532635,-0.4873287277646927,-0.035053157583278594,-1.7756764220391652,1.6852108150984657,2.047310934063792,1.5741822943742263,2.061511022138919,1.8178466582565727,11.764990925474237,13.540667347513402,False,True,False,1.8888888888888888,1.894736842105263,0.8921704315227171,1.0805252152003348,False,False,True,-0.19463652378946317,-0.2697032605273513,-0.12408417946154082,0.5976526458044056,-0.19154533121979056
48.0,3,53.800000000000296,4,0.6,0.20000000000005258,0.299999999999919,0.299999999999919,0.8099380351821446,0.744619241570553,19.0,True,False,0.058218917944139026,0.11534806302263023,0.08236213054838881,1.306375872231829,2.191395912255388,2.133176994311249,1.2853688014312947,1.1700207384086645,1.2276947699199796,16.19876070364289,14.89238483141106,False,True,False,1.8823529411764706,1.8888888888888888,1.164179078385675,1.1293289969883085,True,False,True,0.02692632853431398,0.09402420838583694,0.3988849529130094,0.20513824013203305,0.030392536510800053
48.0,3,54.00000000000035,18,0.6,0.4000000000001549,0.20000000000005258,0.20000000000005258,0.8099380351821446,0.744619241570553,19.0,True,False,0.058218917944139026,0.11125125584961282,0.06892961357118432,1.306375872231829,2.191395912255388,2.133176994311249,1.2797512336970018,1.168499977847389,1.2241256057721954,16.19876070364289,14.89238483141106,False,True,False,1.8823529411764706,1.8888888888888888,1.164179078385675,1.1293289969883085,True,False,True,0.02692632853431398,0.09094485433054306,0.34779324794141075,0.2022267979200861,0.030392536510800053
48.0,3,54.4000000000005,12,0.6,0.5999999999997883,0.4000000000001549,0.4000000000001549,0.804922787068969,0.7379604976667276,17.0,True,False,0.18117544910498484,0.17860610929965715,0.020353986435800497,1.3392457880448312,2.1778264862786365,1.9966510371736517,2.1824559517775284,2.0038498424778712,2.0931528971277,16.098455741379382,14.759209953334551,False,True,False,1.8823529411764706,1.8823529411764706,1.1569703208355258,1.0607208634985024,True,False,True,0.08685605916270511,0.08538057455428794,0.054807298670038196,0.7386714924573062,0.0868560591627052
48.0,3,59.40000000000046,23,1.5,2.399999999999835,1.8000000000000895,1.8000000000000895,0.5636420785445573,0.6141929128439614,21.0,False,True,-0.16090830312339,0.03626952334576328,0.0453278004365532,-1.011016685988082,1.7941284586991324,1.9550367618225224,1.241903804151232,1.2056342808054687,1.2237690424783505,11.272841570891146,12.283858256879228,True,False,False,1.9,1.9,0.9442781361574382,1.028966716748696,False,False,True,-0.0858896315626616,0.029639725568705366,0.32285306352887067,0.20193547550012697,-0.08588963156266145
48.0,3,62.30000000000043,6,0.6,0.10000000000007248,0.3000000000000824,0.3000000000000824,0.7264755469411472,0.6705431732636997,22.0,True,False,0.08021992816076162,-0.01993966419479154,-0.02243597497140798,1.1186474735489504,2.4280656609525084,2.347845732791747,1.347040407404176,1.3669800715989675,1.3570102395015717,14.529510938822945,13.410863465273994,False,True,False,1.9047619047619047,1.9090909090909092,1.274734472000067,1.2298239552718673,True,False,True,0.03359671778682516,-0.014694084383176653,-0.08573959726718217,0.30528392651444164,0.035866866321364516
48.0,3,62.40000000000053,21,0.6,0.599999999999902,0.1000000000001009,0.1000000000001009,0.7264755469411472,0.6705431732636997,22.0,True,False,0.08021992816076162,0.0023850949659907084,-0.015284656847557698,1.1186474735489504,2.4280656609525084,2.347845732791747,1.354704526513371,1.3523194315473803,1.3535119790303756,14.529510938822945,13.410863465273994,False,True,False,1.9047619047619047,1.9090909090909092,1.274734472000067,1.2298239552718673,True,False,True,0.03359671778682516,0.0017621532872426071,-0.060130911250941166,0.30270268044337967,0.035866866321364516
48.0,3,63.00000000000043,9,1.200000000000081,1.200000000000081,0.599999999999902,0.599999999999902,0.7060278696099918,0.6543828943635148,21.0,False,False,0.17261061502304287,0.17836662603271192,-0.012738419566464931,1.0328995049295386,2.359724333590477,2.187113718567434,2.372511075922393,2.194144449889681,2.283327762906037,14.120557392199835,13.087657887270296,False,True,False,1.9047619047619047,1.9047619047619047,1.2388552751350004,1.148234702247903,True,False,True,0.07596206655553062,0.07815672166513132,-0.02879089139845492,0.8256339239998529,0.07596206655553056
48.0,3,64.20000000000051,22,0.6,0.10000000000007958,1.200000000000081,1.200000000000081,1.1261747383886511,1.1355180667065952,20.0,True,False,-0.025279627074430877,0.04156684439864722,0.018846276224907477,-0.18686656635888,3.047016698796191,3.0722963258706217,1.824671168715344,1.7831043243166969,1.8038877465160206,22.523494767773023,22.710361334131903,False,True,False,1.8823529411764706,1.8823529411764706,1.6187276212354764,1.6321574231187679,True,False,True,-0.008262290483516344,0.023043941551255553,0.05723756714908279,0.5899441949350007,-0.008262290483516399
48.0,3,64.20000000000054,16,0.6,0.10000000000005116,1.2000000000001094,1.2000000000001094,1.1261747383886511,1.1355180667065952,20.0,True,False,-0.025279627074430877,0.04156684439864722,0.018846276224907477,-0.18686656635888,3.047016698796191,3.0722963258706217,1.824671168715344,1.7831043243166969,1.8038877465160206,22.523494767773023,22.710361334131903,False,True,False,1.8823529411764706,1.8823529411764706,1.6187276212354764,1.6321574231187679,True,False,True,-0.008262290483516344,0.023043941551255553,0.05723756714908279,0.5899441949350007,-0.008262290483516399
48.0,3,64.3000000000006,20,1.5,3.0999999999998664,0.10000000000005116,0.10000000000005116,1.1261747383886511,1.1355180667065952,20.0,False,True,-0.025279627074430877,0.05800373534979686,0.028712424242820334,-0.18686656635888,3.047016698796191,3.0722963258706217,1.7939274101495508,1.735923674799754,1.7649255424746524,22.523494767773023,22.710361334131903,False,True,False,1.8823529411764706,1.8823529411764706,1.6187276212354764,1.6321574231187679,True,False,True,-0.008262290483516344,0.03286765110559964,0.09088769569718713,0.5681085039286549,-0.008262290483516399
48.0,3,68.50000000000038,24,0.6,0.19999999999998863,1.0999999999999233,1.0999999999999233,0.7384536104710806,0.6959080628330767,18.0,True,False,0.11511268162337984,0.228317323366936,0.04304059220685538,0.8509109527600778,1.9979852199590007,1.8828725383356208,1.4743659207298363,1.2460485973629003,1.3602072590463683,14.769072209421612,13.918161256661534,False,True,False,1.8823529411764706,1.8823529411764706,1.061429648103219,1.0002760359907985,False,True,True,0.059340726137698696,0.16825059081046778,0.28244213161234955,0.3076370844944391,0.05934072613769876
48.0,3,68.70000000000037,8,0.6,0.5999999999999659,0.19999999999998863,0.19999999999998863,0.7384536104710806,0.6959080628330767,18.0,True,False,0.11511268162337984,0.25239308574365404,0.05172308303038711,0.8509109527600778,1.9979852199590007,1.8828725383356208,1.4721540150459405,1.2197609293022864,1.3459574721741134,14.769072209421612,13.918161256661534,False,True,False,1.8823529411764706,1.8823529411764706,1.061429648103219,1.0002760359907985,False,True,True,0.059340726137698696,0.18807176466572792,0.36150803316424573,0.2971056350132128,0.05934072613769876
48.0,3,69.30000000000034,3,1.0000000000000995,1.0000000000000995,0.5999999999999659,0.5999999999999659,0.7262549041325039,0.7464436396492431,16.0,False,False,0.06739000215345925,0.11692071554209438,0.05739801547378148,-0.4037747103347833,1.849392926998697,1.7820029248452378,1.856324128731396,1.7394034131893017,1.7978637709603489,14.525098082650079,14.928872792984862,False,True,False,1.875,1.8666666666666667,0.9863428943993051,0.9546444240242346,False,True,True,0.037119467295202435,0.06505606899031968,0.18445965413111054,0.5865991661936201,0.032665116945822206
48.0,3,70.50000000000043,6,0.6,0.5,0.09999999999989484,0.09999999999989484,0.6504996229620001,0.6421504955073782,17.0,True,False,0.022589683383424708,0.3175179501298391,0.11025729577614463,0.16698254909243815,1.7600139180548806,1.737424234671456,1.77257219027145,1.4550542401416109,1.6138132152065303,13.009992459240003,12.843009910147565,False,True,True,1.8823529411764706,1.8823529411764706,0.9350073939666553,0.9230066246692109,False,False,True,0.01291802544296261,0.19738852815707003,0.34120031957734076,0.47859983527377475,0.012918025442962638
48.0,3,71.20000000000012,14,0.6,0.20000000000013074,0.1999999999996902,0.1999999999996902,1.003707215133577,1.0484043747458358,17.0,True,False,-0.10670660841687596,-0.13518412827371118,0.023943558386690267,-0.8939431922451746,2.3961744705826384,2.5028810789995144,1.5819108012616736,1.7170949295353848,1.6495028653985293,20.07414430267154,20.968087494916716,False,True,False,1.8666666666666667,1.8666666666666667,1.283664894954985,1.3408291494640256,True,False,True,-0.04356900489376625,-0.08200038418022171,0.07584036578730213,0.500473948816563,-0.04356900489376633
48.0,3,71.40000000000025,5,0.8000000000002672,0.8000000000002672,0.20000000000013074,0.20000000000013074,1.003707215133577,1.0484043747458358,17.0,False,False,-0.10670660841687596,-0.14220311100173255,0.02209273957802571,-0.8939431922451746,2.3961744705826384,2.5028810789995144,1.5293879231904544,1.671591034192187,1.6004894786913206,20.07414430267154,20.968087494916716,False,True,False,1.8666666666666667,1.8666666666666667,1.283664894954985,1.3408291494640256,True,False,True,-0.04356900489376625,-0.08890828280823537,0.07271039540970903,0.47030950664254995,-0.04356900489376633
48.0,3,73.2,2,1.5,3.300000000000381,0.8999999999994088,0.8999999999994088,0.9938103658231484,1.1733417294650526,18.0,False,True,-0.4857461673818393,0.3326975097860547,0.0670203010057418,-3.590627272838084,2.688887147684221,3.1746333150660604,2.392938623171206,2.0602411133851515,2.226589868278179,19.876207316462967,23.46683458930105,False,False,False,1.8823529411764706,1.8823529411764706,1.4284712972072424,1.6865239486288446,True,False,True,-0.16606472608648615,0.1496991388257407,0.16709604799607192,0.8004712079914097,-0.16606472608648631
48.0,3,76.5999999999997,15,0.6,0.10000000000067644,0.0999999999993122,0.0999999999993122,0.6671844888989433,0.7123896471490712,18.0,True,False,-0.02331752963515976,0.6134362982526591,0.18969695287247493,-0.9041031650025566,2.017528477887625,2.0408460075227848,1.9711832800229936,1.3577469817703345,1.664465130896664,13.343689777978867,14.247792942981423,False,True,False,1.894736842105263,1.8888888888888888,1.0648066966629133,1.080447886335592,True,False,True,-0.011491194961758766,0.3728073172237678,0.638260624542921,0.5095038291182101,-0.014582387531431651
48.0,3,77.99999999999962,7,0.6,0.19999999999998863,0.6999999999992781,0.6999999999992781,0.9001629002847507,0.7436932819553395,19.0,True,False,0.4482524376149044,-0.16114378195455115,0.008258502965485692,3.129392366588224,2.578776753028589,2.130524315413685,1.7131815433237905,1.8743253252783416,1.793753434301066,18.003258005695013,14.87386563910679,False,True,True,1.8888888888888888,1.8888888888888888,1.3652347516033707,1.1279246375719507,True,False,True,0.19094705286603386,-0.089896574667507,0.02741688603856307,0.5843103151168901,0.1909470528660338
48.0,3,78.1999999999996,13,0.6,0.3000000000004661,0.19999999999998863,0.19999999999998863,0.9001629002847507,0.7436932819553395,19.0,True,False,0.4482524376149044,-0.12410887998238374,0.023822241811533307,3.129392366588224,2.578776753028589,2.130524315413685,1.6497625706683547,1.7738714506507385,1.7118170106595465,18.003258005695013,14.87386563910679,False,True,False,1.8888888888888888,1.8888888888888888,1.3652347516033707,1.1279246375719507,True,False,True,0.19094705286603386,-0.07253303727524707,0.08606752196796918,0.5375553857098092,0.1909470528660338
48.0,3,78.50000000000007,21,0.7000000000000455,0.7000000000000455,0.3000000000004661,0.3000000000004661,0.9001629002847507,0.7436932819553395,17.0,False,False,0.4482524376149044,0.428468819963566,0.15288425929858424,3.129392366588224,2.578776753028589,2.130524315413685,2.456671056839331,2.028202236875765,2.242436646857548,18.003258005695013,14.87386563910679,False,True,False,1.8888888888888888,1.8888888888888888,1.3652347516033707,1.1279246375719507,True,False,True,0.19094705286603386,0.19165740149371846,0.355158629422321,0.8075630634291341,0.1909470528660338
48.0,3,83.99999999999952,23,0.6000000000001791,0.6000000000001791,2.799999999999514,2.799999999999514,0.6131671168236803,0.5807296806220474,20.0,False,False,0.0980889879416389,0.021994458803444195,0.0317450517431679,0.6487487240326573,1.8541829740939928,1.756093986152354,1.3091709268721008,1.2871764680686566,1.2981736974703786,12.263342336473606,11.614593612440949,True,False,False,1.894736842105263,1.894736842105263,0.9785965696607185,0.926827381580409,False,False,True,0.0543521371561253,0.016943021568576355,0.23908890387682225,0.2609584286435139,0.054352137156125316
48.0,3,85.59999999999987,3,0.6,0.3999999999997499,1.0000000000001705,1.0000000000001705,0.5599823683103615,0.637155943244335,20.0,True,False,-0.24565111853629373,0.12361610641023657,0.0035998988444792823,-1.5434714986794695,1.782479239218007,2.028130357754301,1.6019320334227016,1.478315927012465,1.5401239802175835,11.19964736620723,12.7431188648867,False,True,True,1.9,1.9,0.9381469680094775,1.0674370303970004,False,False,True,-0.12910913639871435,0.08030686893077243,0.018829884145010523,0.43186291981984704,-0.1291091363987143
48.0,3,87.49999999999919,10,1.5,3.4999999999996163,0.9999999999991189,0.9999999999991189,0.6708405090731304,0.5873104247670664,22.0,False,True,0.2791787420980494,-0.05758902166023372,0.03647276598268159,1.6706016861212802,2.2421192439507154,1.962940501852666,1.6425211753321702,1.700110196992404,1.671315686162287,13.416810181462608,11.746208495341328,False,False,False,1.9047619047619047,1.9047619047619047,1.1771126030741257,1.0305437634726498,True,False,True,0.1329779046244043,-0.034460707292779336,0.14431526773798464,0.5136111522740872,0.13297790462440431
48.0,3,90.9999999999988,4,0.6,0.40000000000061675,3.4999999999996163,3.4999999999996163,0.6280533546638924,0.5470985027118287,21.0,True,False,0.2576872971088704,0.016504276666023054,0.016047858106001706,1.619097039041275,1.9991559184041152,1.7414686212952448,1.2019141702169491,1.185409893550926,1.1936620318839375,12.561067093277849,10.941970054236574,False,False,False,1.9,1.9,1.0521873254758503,0.9165624322606553,False,False,True,0.13799625822156003,0.013826811246351073,0.1556280293809471,0.1770259195290903,0.13799625822156003
48.0,3,91.39999999999942,14,0.6,0.3999999999998636,0.40000000000061675,0.40000000000061675,0.624636806887291,0.5904020546818596,20.0,True,False,0.20293800619464064,0.2517080219794061,0.05937716853356881,0.6846950441086275,1.9882807090650003,1.7853427028703597,1.9929056910244909,1.7411976690450848,1.8670516800347878,12.492736137745819,11.808041093637192,False,True,False,1.9,1.894736842105263,1.0464635310868424,0.9422642042926899,False,False,True,0.10765991280194609,0.1350205280137997,0.2741780901899069,0.6243605449664034,0.10488598591922096
48.0,3,91.79999999999929,7,0.6,0.19999999999998863,0.3999999999998636,0.3999999999998636,0.6356662556094843,0.8899951310859024,19.0,True,False,-0.6274291319183853,0.0452337052758538,-0.0025352545192241227,-5.086577509528361,1.922219108002348,2.5496482399207334,1.8281442592200523,1.7829105539441985,1.8055274065821254,12.713325112189686,17.799902621718047,False,True,False,1.894736842105263,1.8888888888888888,1.0145045292234616,1.3498137740756824,False,True,True,-0.2824751004740901,0.025054214761559113,-0.010125552377437508,0.5908527411173297,-0.2855662930437629
48.0,3,91.99999999999928,15,1.5,1.6000000000006054,0.19999999999998863,0.19999999999998863,0.6356662556094843,0.8899951310859024,19.0,False,True,-0.6274291319183853,-0.009919451613324082,-0.009439175997101201,-5.086577509528361,1.922219108002348,2.5496482399207334,1.7735961725176344,1.7835156241309584,1.7785558983242964,12.713325112189686,17.799902621718047,False,True,False,1.894736842105263,1.8888888888888888,1.0145045292234616,1.3498137740756824,False,True,True,-0.2824751004740901,-0.005577264867206,-0.039237286622575196,0.5758017419514229,-0.2855662930437629
48.0,3,93.79999999999916,13,1.5,1.7000000000000455,0.1999999999992781,0.1999999999992781,0.9451406000525844,0.6689299377134521,19.0,False,True,0.791285260427268,-0.11706902142011066,0.010079874723275484,5.524213246782644,2.70762837147376,1.916343111046492,1.7817979058826214,1.898866927302732,1.8403324165926769,18.902812001051686,13.378598754269042,False,False,False,1.8888888888888888,1.8888888888888888,1.4334503143096375,1.0145345882010839,False,True,True,0.3456543717927961,-0.06363444020963127,0.03142087565417828,0.6099462164952986,0.34565437179279607
48.0,3,96.29999999999848,25,0.6,0.4000000000011994,0.7999999999992724,0.7999999999992724,0.6072691772073129,0.602749846070104,19.0,True,False,0.10959682135909854,0.6020586964622934,0.1325535145166789,0.09038662274417852,1.836347935457948,1.7267511140988494,1.856838749392781,1.2547800529304876,1.5558094011616341,12.145383544146258,12.05499692140208,False,True,True,1.894736842105263,1.8888888888888888,0.9691836326028059,0.9141623545229203,False,False,True,0.06153710738749796,0.3919151440752947,0.5550800766415551,0.4419959254266276,0.05844591481782519
48.0,3,96.69999999999968,3,0.6,0.3999999999989683,0.4000000000011994,0.4000000000011994,0.6673461430287082,0.94556235840785,18.0,True,False,-0.7527512607404665,-0.10891341592246273,0.07069360724605403,-5.564324307582837,1.8055944360776084,2.558345696818075,1.6152705947799988,1.7241840107024615,1.6697273027412303,13.346922860574164,18.911247168157,False,False,True,1.8823529411764706,1.8823529411764706,0.9592220441662295,1.3591211514346022,False,False,True,-0.34847097239067026,-0.06525140770506571,0.2882761839323249,0.5126603213233925,-0.34847097239067015
48.0,3,97.09999999999864,12,0.7000000000005002,0.7000000000005002,0.3999999999989683,0.3999999999989683,0.9355981072795928,0.9448994149602205,17.0,False,False,-0.1740709981290065,-0.7597692562943461,-0.08159707102636199,-0.1860261536125556,2.3824810163354977,2.556552014464504,1.7985764405237288,2.558345696818075,2.178461068670902,18.711962145591855,18.89798829920441,False,True,False,1.875,1.8823529411764706,1.2706565420455989,1.358168257684268,True,False,True,-0.0705170927433304,-0.35236535179933115,-0.2304500433272768,0.7786186957114776,-0.06660319342219406
48.0,3,97.79999999999914,20,0.6,0.20000000000001705,0.7000000000005002,0.7000000000005002,0.87910954923729,0.8599081680185137,16.0,True,False,0.04889591576256214,0.05607596467692488,0.02366738112192357,0.38402762437552695,2.2386340844864425,2.1897381687238804,2.2698249752714217,2.213749010594497,2.2417869929329592,17.5821909847458,17.198163360370273,False,True,False,1.875,1.875,1.1939381783927694,1.1678603566527361,True,False,True,0.022083917141343057,0.025015261937646138,0.058814561583732106,0.8072733125240412,0.022083917141343085
48.0,3,97.99999999999916,24,0.9999999999996447,0.9999999999996447,0.20000000000001705,0.20000000000001705,0.8424102063428083,0.8198912038167387,16.0,False,False,0.053760158482842435,0.06493185163756765,0.0274385046315046,0.4503800505213924,2.011106226757822,1.9573460682749797,2.1789377299032555,2.114005878265688,2.146471804084472,16.848204126856167,16.397824076334775,False,False,False,1.8666666666666667,1.8666666666666667,1.077378335763119,1.0485782508615962,True,False,True,0.027095423354439374,0.030252810099953287,0.07292892842876852,0.7638254728330875,0.027095423354439534
48.0,3,100.09999999999906,23,0.6000000000002075,0.6000000000002075,0.09999999999978115,0.09999999999978115,0.9546965555461452,0.8885103159464114,18.0,False,False,0.179075742348358,-0.36815703268215594,-0.15055941604528428,1.3237247919946746,2.58305949145558,2.403983749107222,1.5215317574490388,1.8896887901311947,1.7056102737901169,19.093931110922902,17.770206318928228,False,False,False,1.8823529411764706,1.8823529411764706,1.3722503548357767,1.2771163667132115,True,False,True,0.07184728905952775,-0.21669459160932664,-0.42437084356477983,0.5339229785348706,0.07184728905952778
48.0,3,100.69999999999926,21,0.6,0.0999999999999801,0.6000000000002075,0.6000000000002075,1.298184697336298,0.9707002644641703,17.0,True,False,0.8339322604359212,0.0632322027812875,-0.02911341669539852,6.549688657442555,3.305800186037246,2.471867925601325,2.451302567040352,2.3880703642590646,2.4196864656497086,25.96369394672596,19.414005289283406,False,True,False,1.875,1.875,1.763093432553198,1.3183295603207066,True,False,True,0.2907044477638222,0.026133882425616872,-0.06625692125131322,0.8836379721261379,0.2907044477638223
48.0,3,100.79999999999924,15,0.9999999999991616,0.9999999999991616,0.0999999999999801,0.0999999999999801,1.298184697336298,0.9707002644641703,17.0,False,False,0.8339322604359212,0.05510795316811823,-0.026682276055089327,6.549688657442555,3.305800186037246,2.471867925601325,2.4286229711307064,2.373515017962588,2.4010689945466472,25.96369394672596,19.414005289283406,False,True,False,1.875,1.875,1.763093432553198,1.3183295603207066,True,False,True,0.2907044477638222,0.022952431844343812,-0.06190219040641143,0.8759140525807909,0.2907044477638223
48.0,3,101.7999999999984,19,1.5,2.400000000000091,0.9999999999991616,0.9999999999991616,1.1494946843319758,1.3190370422159765,15.0,False,True,-0.221804803741116,0.6272073068898565,0.09814052139512569,-3.390847157680014,2.927164177108669,3.148968980849785,2.7925402417016896,2.165332934811833,2.4789365882567616,22.989893686639515,26.38074084431953,False,True,False,1.875,1.8666666666666667,1.5611542277912902,1.6869476683123847,True,False,True,-0.07304099488371829,0.2543775323486319,0.21435215511801997,0.907829673160244,-0.07749534523309831
48.0,3,104.1999999999985,4,0.6,0.0999999999999801,2.3999999999993378,2.3999999999993378,0.8350627478611337,0.9736734939706996,15.0,True,False,-0.3529693665438898,0.3111851935179184,0.176653107150362,-2.772214922191317,2.126469825824008,2.479439192367898,2.0312499016689145,1.720064708150996,1.8756573049099554,16.701254957222673,19.47346987941399,False,True,True,1.875,1.875,1.134117240439471,1.322367569262879,True,False,True,-0.15356915648061964,0.1662894075510296,0.5478894279072917,0.6289591606082992,-0.15356915648061967
48.0,3,108.59999999999856,8,0.6,0.10000000000070486,0.4999999999995026,0.4999999999995026,0.7874172529704095,0.7311387677100933,20.0,True,False,-0.06254571467518621,0.2539367591611894,0.0015652431153703183,1.125569705206324,2.38110561363556,2.443651328310746,1.4669692658680888,1.2130325067068994,1.3400008862874941,15.74834505940819,14.622775354201867,False,True,True,1.894736842105263,1.9047619047619047,1.2566946294187678,1.2829169473631419,True,False,True,-0.025928443413727686,0.19007512040584143,0.007213825542740082,0.292670275371179,-0.020651386312884074
48.0,3,108.79999999999843,10,0.6,0.10000000000052012,0.09999999999917009,0.09999999999917009,0.7874172529704095,0.7311387677100933,21.0,True,False,-0.06254571467518621,0.30148986896219054,-0.027695528101875977,1.125569705206324,2.38110561363556,2.443651328310746,1.5669908358055236,1.265500966843333,1.4162459013244284,15.74834505940819,14.622775354201867,False,True,False,1.894736842105263,1.9047619047619047,1.2566946294187678,1.2829169473631419,True,False,True,-0.025928443413727686,0.21368905011145023,-0.09744835013544906,0.3480096393219484,-0.020651386312884074
48.0,3,108.89999999999895,20,0.8999999999994515,0.8999999999994515,0.0999999999997101,0.0999999999997101,0.7874172529704095,0.7293709592491853,21.0,False,False,-0.05663725012032916,-0.24673978366924176,-0.0498515025702565,1.1609258744244855,2.38110561363556,2.437742863755889,2.1969115446415044,2.443651328310746,2.320281436476125,15.74834505940819,14.587419184983705,False,True,False,1.894736842105263,1.9047619047619047,1.2566946294187678,1.2798150034718418,True,False,True,-0.023507631978371357,-0.10644083606627763,-0.11586398848479329,0.841688487146814,-0.01823057487752766
48.0,3,110.99999999999864,13,1.1999999999998607,1.1999999999998607,1.2000000000002302,1.2000000000002302,0.5435689789866771,1.024193611497772,20.0,False,False,-1.4533819346814618,-0.12092591776136263,-0.0680526705406379,-9.612492650221899,1.6437221084257407,3.0971040431072026,1.6531248272742285,1.7740507450355911,1.7135877861549098,10.871379579733542,20.48387222995544,True,False,False,1.894736842105263,1.894736842105263,0.867520001669141,1.6345826894176902,False,False,True,-0.6335042466886487,-0.07059815676601755,-0.2191082298404441,0.5385892930919389,-0.6335042466886487
48.0,3,112.2999999999979,11,0.9000000000002899,0.9000000000002899,0.09999999999939746,0.09999999999939746,0.7517073623217279,0.7737263981627152,20.0,False,False,-0.18972671039628786,-1.0098938312285999,-0.1508286048144189,-0.440380716819746,2.273120906969394,2.4628476173656817,1.4994078605094183,2.509301691738018,2.0043547761237184,15.034147246434557,15.474527963254303,False,True,False,1.894736842105263,1.9,1.1997027009005135,1.296235588087201,True,False,True,-0.08016451237467159,-0.5149342334633713,-0.4201518471255169,0.6953222015478215,-0.07739058549194638
48.0,3,113.19999999999818,2,1.5,2.199999999999875,0.9000000000002899,0.9000000000002899,0.7107811695197217,0.6975894161117444,19.0,False,True,0.03989112249564997,0.04627450284635559,-0.025536281599869703,0.2638350681595458,2.1493623951283403,2.1094712726326903,2.1638234002320917,2.117548897385736,2.140686148808914,14.215623390394434,13.951788322234888,False,True,False,1.894736842105263,1.894736842105263,1.1343857085399573,1.113332060556142,True,False,True,0.018733903354945958,0.021617510315061095,-0.06906926433474736,0.7611264079273945,0.018733903354945944
48.0,3,115.39999999999806,12,1.2000000000005002,1.2000000000005002,2.199999999999875,2.199999999999875,0.9494723219895302,0.7561720817131885,18.0,False,False,0.5229997085941243,0.23523567941591983,0.0832791874922165,3.866004805526835,2.568924627350748,2.0459249187566235,1.4126574685138094,1.1774217890978895,1.2950396288058494,18.989446439790605,15.12344163426377,True,False,False,1.8823529411764706,1.8823529411764706,1.3647412082800847,1.0868976130894563,True,False,True,0.227637408145979,0.1821455364042936,0.4874061286360436,0.25854129607776627,0.227637408145979
48.0,3,117.2999999999984,14,1.5,1.7000000000002302,0.39999999999945146,0.39999999999945146,0.727512616172004,0.688487538323086,20.0,False,True,0.11800964683982551,0.5842309360823479,0.05905713420988773,0.7805015569783613,2.1999573514843327,2.081947704644507,1.909108959814477,1.3248780237321292,1.616993491773303,14.55025232344008,13.76975076646172,False,False,False,1.894736842105263,1.894736842105263,1.1610886021722868,1.0988057330068233,True,False,True,0.05513412245616489,0.36531622238129846,0.18892908316904444,0.48056855570950635,0.05513412245616493
48.0,3,120.09999999999718,18,0.6,0.20000000000071338,1.0999999999985448,1.0999999999985448,0.6787392004042201,0.6325997395833807,20.0,True,False,0.14686646522462876,0.1921302140351826,-0.0010246713525674245,0.9227892164167883,2.160493976291444,2.013627511066815,1.5406510365670525,1.34852082253187,1.4445859295494612,13.574784008084402,12.651994791667613,False,True,True,1.9,1.9,1.1371020927849704,1.0598039531930608,True,False,True,0.07039906090422177,0.13319677337600572,-0.005121862594879012,0.36782272655495923,0.07039906090422166
48.0,3,123.5999999999984,13,0.6,0.39999999999932356,0.2000000000003439,0.2000000000003439,0.8234688493010403,0.6199210284042218,22.0,True,False,0.6479128370262488,0.29768119865895426,0.046760124062554004,4.070956417936369,2.621182756969112,1.9732699199428632,1.515685335366136,1.2180041367071817,1.3668447360366587,16.469376986020805,12.398420568084436,False,True,False,1.9,1.9,1.3795698720890064,1.0385631157594017,True,False,True,0.2839336253176591,0.2186541376594729,0.2033016619181489,0.31250497121551013,0.2839336253176591
48.0,3,123.5999999999984,15,0.6,0.39999999999932356,0.2000000000003439,0.2000000000003439,0.8234688493010403,0.6199210284042218,22.0,True,False,0.6479128370262488,0.29768119865895426,0.046760124062554004,4.070956417936369,2.621182756969112,1.9732699199428632,1.515685335366136,1.2180041367071817,1.3668447360366587,16.469376986020805,12.398420568084436,False,True,False,1.9,1.9,1.3795698720890064,1.0385631157594017,True,False,True,0.2839336253176591,0.2186541376594729,0.2033016619181489,0.31250497121551013,0.2839336253176591
48.0,3,123.99999999999773,5,1.3000000000006793,1.3000000000006793,0.39999999999932356,0.39999999999932356,0.8196770555071513,0.6186523005547526,20.0,False,False,0.6398816686902242,0.6416170602980593,0.126816575564283,4.020495099047974,2.6091131024594603,1.969231433769236,2.6132513819721264,1.971634321674067,2.292442851823097,16.393541110143026,12.373046011095052,False,True,False,1.9,1.9,1.3732174223470843,1.0364375967206505,True,False,True,0.2813670246152954,0.2817323825346252,0.309722476932093,0.8296179965163263,0.2813670246152955
48.0,3,127.09999999999742,19,0.9999999999997584,0.9999999999997584,1.7999999999990166,1.7999999999990166,0.7477583922287803,0.6266875158193024,20.0,False,False,0.3661115404556905,0.05286133060608034,0.016182393187791605,2.421417528189558,2.261179442871515,1.8950679024158243,1.2859567639448453,1.233095433338765,1.259526098641805,14.955167844575605,12.533750316386048,True,False,False,1.894736842105263,1.894736842105263,1.1934002615155217,1.0001747262750185,False,True,True,0.17663188422850284,0.041975384190035187,0.10276621063788505,0.2307355380264137,0.17663188422850276
48.0,3,129.5999999999971,9,0.7000000000002444,0.7000000000002444,1.4999999999999147,1.4999999999999147,0.6473582200591128,0.642205561374567,20.0,False,False,0.015581350894505963,0.13320888073137693,0.0159379009885013,0.10305317369091682,1.9575749527979964,1.9419936019034905,1.2805225460653251,1.1473136653339482,1.2139181056996367,12.947164401182256,12.84411122749134,True,False,False,1.894736842105263,1.894736842105263,1.0331645584211648,1.0249410676712867,True,False,True,0.007991362940308333,0.10984496712239772,0.13682237414886878,0.1938532321243657,0.007991362940308347
48.0,3,130.29999999999734,11,0.6,0.19999999999933493,0.7000000000002444,0.7000000000002444,0.9857757394951978,0.6214407974002398,19.0,True,False,0.9448373508139987,0.03789532675584373,0.012678962238899916,7.28669884189916,2.8240394709731267,1.879202120159128,1.9279779273602489,1.8900826006044051,1.9090302639823271,19.715514789903956,12.428815948004797,False,True,False,1.8888888888888888,1.894736842105263,1.4950797199269494,0.9918011189728732,False,True,True,0.4073210139205635,0.01985121551816571,0.05369993766861536,0.6465953979350393,0.41041220649023624
48.0,3,130.49999999999667,17,1.1000000000016712,1.1000000000016712,0.19999999999933493,0.19999999999933493,0.9857757394951978,0.6294910590300318,19.0,False,False,1.0206804247910575,0.06761449408777609,0.019324291579601888,7.125693609303321,2.8240394709731267,1.8033590461820692,1.907724833370372,1.840110339282596,1.8739175863264839,19.715514789903956,12.589821180600635,False,False,False,1.8888888888888888,1.8888888888888888,1.4950797199269494,0.954719495037566,False,False,True,0.44851723390686293,0.0360858084902963,0.08496086738143283,0.6280312054353663,0.4485172339068628
48.0,3,132.5999999999971,22,0.6,0.49999999999980105,0.599999999999369,0.599999999999369,0.6651454777217811,0.6858981353013966,20.0,True,False,0.04310631796894482,0.825774458815614,0.07193121473193809,-0.4150531515923106,2.1172238130928323,2.0741174951238874,2.147777610509147,1.3220031516935329,1.7348903811013399,13.302909554435622,13.717962706027933,False,True,False,1.9,1.894736842105263,1.1143283226804381,1.0946731224264963,True,False,True,0.020569948723819342,0.4852855125430627,0.23311700337525254,0.5509442304814061,0.01779602184109405
48.0,3,133.0999999999969,18,1.1000000000011312,1.1000000000011312,0.49999999999980105,0.49999999999980105,0.7851742991045465,0.7122693428064215,19.0,False,False,0.20885731507341365,-0.17337382059738848,0.0173841605099333,1.4580991259624998,2.2493586760416524,2.0405013609682388,1.862226592148441,2.0356004127458296,1.9489135024471353,15.70348598209093,14.24538685612843,False,False,False,1.8888888888888888,1.8888888888888888,1.1908369461396984,1.08026542639495,True,False,True,0.09744959987504331,-0.08901795416218505,0.0567089029054062,0.6672720390619435,0.09744959987504324
48.0,3,134.19999999999803,3,0.8999999999993804,0.8999999999993804,1.1000000000011312,1.1000000000011312,0.6969569522264032,0.6615173783601715,18.0,False,False,0.20681066122107317,0.33793028906421174,0.09980426102523107,0.7087914773246329,1.9966345932436924,1.7898239320226192,2.011930219604898,1.673999930540686,1.842965075072792,13.939139044528064,13.230347567203431,True,True,False,1.8888888888888888,1.8823529411764706,1.0570418434819548,0.9508439638870165,False,False,True,0.1093458068300005,0.1838786389568695,0.35446472981120536,0.6113757284662393,0.10587959885351424
48.0,3,135.4999999999972,6,1.5,1.5000000000001137,0.3999999999997783,0.3999999999997783,0.8126717437911264,0.9175187507576608,18.0,False,True,-0.2836776302609434,-0.1783878099524423,-0.06371731326120442,-2.0969401393306875,2.1987923273029573,2.4824699575639007,1.472613958145257,1.6510017680976994,1.5618078631214782,16.253434875822528,18.350375015153215,False,False,False,1.8823529411764706,1.8823529411764706,1.1681084238796962,1.3188121649558222,True,False,True,-0.12134574767236594,-0.1143432113830889,-0.265724487082418,0.44584403688703456,-0.1213457476723658
48.0,3,136.9999999999973,2,0.6,0.5999999999997954,1.5000000000001137,1.5000000000001137,0.666015490954047,0.7089435622237881,17.0,True,False,-0.11614765057966814,-0.1273678886947991,-0.044275562627236115,-0.8585614253948215,1.801994178538905,1.9181418291185732,1.8218467036089905,1.9492145923037896,1.88553064795639,13.32030981908094,14.178871244475761,False,True,False,1.8823529411764706,1.8823529411764706,0.9573094073487933,1.019012846719242,False,True,True,-0.06246299146201639,-0.06757585929386634,-0.1793248184305407,0.6342092921354253,-0.06246299146201648
48.0,3,139.59999999999792,13,0.9999999999991758,0.9999999999991758,1.1000000000012449,1.1000000000012449,0.5504230126525815,0.6255994334982358,19.0,False,False,-0.21536458166776473,0.14556467477413237,0.0909540136132588,-1.5035284169130847,1.5768457785934418,1.7922103602612065,1.5000459059506568,1.3544812311765244,1.4272635685635906,11.00846025305163,12.511988669964715,True,False,False,1.8888888888888888,1.8888888888888888,0.834800706314175,0.9488172495500505,False,False,True,-0.12802318717342026,0.10207718580336134,0.33199143390775077,0.3557590226053349,-0.12802318717342037
48.0,3,141.69999999999715,5,0.6,0.5000000000008811,0.6000000000002501,0.6000000000002501,0.6491814533891986,0.744151873718649,20.0,True,False,-0.18386478774552195,0.11751241442174498,0.05364633545151509,-1.8994084065890071,2.0664087454094364,2.2502735331549584,1.5881376230213746,1.4706252085996296,1.5293814158105021,12.983629067783973,14.88303747437298,False,True,True,1.9,1.894736842105263,1.087583550215493,1.1876443647206725,True,False,True,-0.08523958413199728,0.07687440109726518,0.1789947486848762,0.4248633502598631,-0.08801351101472252
48.0,3,142.299999999997,22,0.6,0.20000000000010232,0.09999999999897113,0.09999999999897113,0.6464980955607516,0.6230231534023423,20.0,True,False,0.07472306166614295,0.08226271502883487,0.07602885772341078,0.4694988431681857,2.0578673521598025,1.9831442904936596,2.0664087454094364,1.9841460303806016,2.025277387895019,12.929961911215031,12.460463068046845,False,True,False,1.9,1.9,1.0830880800841067,1.0437601528913998,True,False,True,0.036986569972601746,0.04062358480983652,0.20399668535476845,0.705706672853922,0.03698656997260177
48.0,3,142.4999999999971,11,0.9000000000006025,0.9000000000006025,0.20000000000010232,0.20000000000010232,0.6325144119504689,0.6916417219309516,20.0,False,False,-0.06871947055339,0.05628597939764868,0.06733666442675729,-1.1825461996096553,1.91268810953683,1.98140758009022,2.0259154735427334,1.9696294941450847,1.997772483843909,12.650288239009377,13.832834438619033,False,True,False,1.894736842105263,1.8888888888888888,1.009474280033327,1.0489804835771752,False,True,True,-0.03529785136339858,0.028176233074937107,0.1867919826416441,0.6920328017924636,-0.03838904393307131
48.0,3,143.3999999999977,15,0.6,0.09999999999948272,0.9000000000006025,0.9000000000006025,0.6114908083953914,0.6356980302107651,18.0,True,False,-0.17052306600972034,-0.3513928362326648,-0.021337563504979007,-0.4841444363074743,1.7517921266049408,1.922315192614661,1.5378810620379189,1.8892738982705837,1.7135774801542514,12.229816167907828,12.713960604215302,False,True,True,1.8888888888888888,1.894736842105263,0.9274193611437922,1.0145552405466267,False,True,True,-0.0928909528212909,-0.20578703922808644,-0.06962815639545372,0.5385832787915725,-0.08979976025161802
48.0,3,143.99999999999673,9,1.0000000000005684,1.0000000000005684,0.49999999999954525,0.49999999999954525,0.8522975314533348,0.7726245814525132,18.0,False,False,0.21556584499685094,0.09981032258247713,0.007672276552655066,1.5934590000164306,2.306005206968912,2.090439361972061,1.7517921266049408,1.6519818040224636,1.7018869653137023,17.045950629066695,15.452491629050265,False,False,False,1.8823529411764706,1.8823529411764706,1.2250652662022345,1.1105459110476574,True,False,True,0.0981424149307496,0.058663675752854694,0.02271540807202843,0.5317376150865865,0.09814241493074966
48.0,3,145.8999999999969,23,1.5,1.7000000000010118,0.8999999999996078,0.8999999999996078,0.6346684291628311,0.6228431642950785,18.0,False,True,0.03387688842732728,0.03463989680040935,0.0034665513652907265,0.23650529735505188,1.8181911190613935,1.7843142306340662,1.8419770234604564,1.807337126660047,1.8246570750602518,12.693368583256621,12.45686328590157,False,True,False,1.8888888888888888,1.8888888888888888,0.9625717689148554,0.9446369456297998,False,False,True,0.018807959331210156,0.018984902804916826,0.011527395977963373,0.6013920653016976,0.01880795933121005
48.0,3,148.9999999999962,16,0.700000000000955,0.700000000000955,1.399999999998272,1.399999999998272,0.6242554638520894,0.6551121422787185,18.0,False,False,-0.08348687928291598,0.03725223848361492,0.027103552654482777,-0.6171335685325818,1.6890068280111283,1.7724937072940443,1.4223430722189423,1.3850908337353274,1.4037169529771347,12.485109277041788,13.10224284557437,True,False,False,1.8823529411764706,1.8823529411764706,0.8972848773809119,0.9416372819999611,False,False,True,-0.04824674877827195,0.02653984122013009,0.13443984719436286,0.33912368483588207,-0.04824674877827208
48.0,3,151.0999999999965,10,0.6,0.3000000000012051,0.5999999999993975,0.5999999999993975,0.9159316421458944,0.5700581480832603,20.0,True,False,0.9551744769088741,0.09666805904762321,-0.005167806142208131,6.917469881252684,2.769725919254125,1.814551442345251,1.5134613784723907,1.4167933194247675,1.4651273489485792,18.31863284291789,11.401162961665205,False,True,False,1.894736842105263,1.9,1.461799790717455,0.9550270749185531,False,False,True,0.4229100712169427,0.06600323891218435,-0.01823435337899304,0.3819421663009966,0.4256839980996679
48.0,4,22.700000000000053,9,1.5,2.1999999999999176,1.800000000000054,1.800000000000054,0.4255670501037105,0.6414505499390106,22.0,False,True,-0.7215374487460942,0.0543526665834011,-0.0009634147223553935,-4.3176699967060035,1.422353092461878,2.143890541207972,1.324284748852371,1.26993208226897,1.2971084155606705,8.511341002074209,12.829010998780213,True,False,False,1.9047619047619047,1.9047619047619047,0.746735373542486,1.1255425341341854,False,False,True,-0.41030958087102043,0.04190908098814039,-0.005361343973650401,0.2601374913248408,-0.41030958087102043
48.0,4,25.59999999999998,24,0.6,0.3000000000001144,0.70000000000001,0.70000000000001,0.5718552451349197,0.5839688100012408,22.0,True,False,-0.03855867453878625,-0.1597705282631412,-0.01277305679044552,-0.24227129732642183,1.820271779925,1.8588304544637864,1.189033539712054,1.3488040679751951,1.2689188038436245,11.437104902698394,11.679376200024816,False,True,False,1.9,1.9,0.9580377789078949,0.978331818138835,False,False,True,-0.020961682463114917,-0.12607749860949077,-0.07145001767684844,0.23816520232237792,-0.020961682463114792
48.0,4,25.900000000000095,2,1.5,1.8999999999999453,0.3000000000001144,0.3000000000001144,0.5718552451349197,0.5839688100012408,21.0,False,True,-0.03855867453878625,-0.07760216618548532,-0.023293675324283503,-0.24227129732642183,1.820271779925,1.8588304544637864,1.1794949846037923,1.2570971507892776,1.218296067696535,11.437104902698394,11.679376200024816,False,False,False,1.9,1.9,0.9580377789078949,0.978331818138835,False,False,True,-0.020961682463114917,-0.06371884672216299,-0.23593254769187233,0.1974532166758435,-0.020961682463114792
48.0,4,29.400000000000176,19,0.6,0.5999999999999837,1.6000000000001364,1.6000000000001364,0.557282317092084,0.5605806614173652,21.0,True,False,-0.010498956067752196,0.10742867350745033,0.033435760120897606,-0.06596688650562399,1.773884709258204,1.7843836653259562,1.2731936015120002,1.16576492800455,1.219479264758275,11.14564634184168,11.211613228347304,False,False,False,1.9,1.9,0.9336235311885285,0.939149297539977,False,False,True,-0.005901177443840333,0.08815092877813047,0.2694720107928523,0.19842393546103898,-0.005901177443840416
48.0,4,30.00000000000016,15,0.6999999999998927,0.6999999999998927,0.5999999999999837,0.5999999999999837,0.5513319105244125,0.6004529702831314,20.0,False,False,-0.06079213109547865,0.001508508512694684,0.024135829537475284,-0.9824211951743766,1.7549439768851762,1.8157361079806549,1.7631970280823317,1.761688519569637,1.7624427738259842,11.026638210488251,12.009059405662628,False,True,False,1.9,1.894736842105263,0.9236547246764086,0.9583051681009013,False,False,True,-0.03405402022566695,0.0008559191975998637,0.1194606098571962,0.5667007864259508,-0.036827947108392114
48.0,4,32.9000000000002,22,0.6,0.4000000000000057,2.200000000000145,2.200000000000145,0.7168821968033265,0.6553886772032804,20.0,True,False,0.1859529546368479,0.13152425634773302,0.05167143742039619,1.2298703920009224,2.167811559480701,1.981858604843853,1.22575793151466,1.094233675166927,1.1599958033407936,14.33764393606653,13.107773544065608,False,False,False,1.894736842105263,1.894736842105263,1.1441227675037033,1.0459809303342558,True,False,True,0.08968306701278539,0.11350509403652363,0.4081677762056215,0.14841638730206827,0.08968306701278536
48.0,4,33.3000000000002,6,0.6,0.2999999999997769,0.4000000000000057,0.4000000000000057,0.7126523194018324,0.6668337613115787,19.0,True,False,0.1385527501027335,0.18837733694558279,0.061786569473598174,0.916371161805074,2.1550206474354114,2.016467897332678,2.159840685549826,1.971463348604243,2.0656520170770345,14.253046388036648,13.336675226231574,False,True,False,1.894736842105263,1.894736842105263,1.1373720083686893,1.064246945814469,True,False,True,0.06645288947548855,0.0912583787374125,0.2249580572346992,0.7254459233440153,0.06645288947548844
48.0,4,33.80000000000023,21,0.6,0.09999999999986642,0.20000000000025153,0.20000000000025153,0.7129875419531775,0.651921507950366,19.0,True,False,0.08090373166651599,0.06530868124720546,0.0493763673034493,1.2213206800562304,2.1560343416309777,2.0751306099644617,2.062669716095568,1.9973610348483624,2.030015375471965,14.25975083906355,13.03843015900732,False,True,False,1.894736842105263,1.9,1.1379070136385716,1.0921740052444535,True,False,True,0.03824648505724082,0.0321742957326544,0.1293440090296436,0.7080433671491332,0.041020411939966125
48.0,4,34.00000000000021,16,1.5,1.5000000000000213,0.10000000000011511,0.10000000000011511,0.7129875419531775,0.6443252660331531,20.0,False,True,0.10508332066744153,0.046872543099604425,0.012029259929274616,1.3732455184004877,2.1560343416309777,2.050951020963536,2.110270345523491,2.0633978024238866,2.086834073973689,14.25975083906355,12.886505320663062,False,True,False,1.894736842105263,1.9,1.1379070136385716,1.0794479057702822,True,False,True,0.04996698307891834,0.02246202246421647,0.028589368018072436,0.7356481203698128,0.052740909961643656
48.0,4,35.500000000000234,10,1.3000000000000256,1.3000000000000256,1.5000000000000213,1.5000000000000213,0.6119170769830085,0.6330399588903362,18.0,False,False,0.040238839409931115,0.19210053693207385,0.057509856228948775,-0.4224576381465539,1.7530132961554137,1.7127744567454826,1.7674291896036936,1.5753286526716197,1.6713789211376566,12.23834153966017,12.660799177806723,True,True,False,1.8888888888888888,1.8823529411764706,0.9280658626705132,0.9099114301460376,False,False,True,0.02322164568531493,0.11506213665474063,0.17091640250954465,0.5136489870049292,0.019755437708828816
48.0,4,36.80000000000026,8,0.6,0.5999999999999162,1.3000000000000256,1.3000000000000256,0.7147013490844856,0.7805329250587096,17.0,True,False,-0.1676387316452388,-0.04368033632313617,0.036067874586279525,-1.3166315194844813,1.819972040659874,1.9876107723051128,1.5092502655916955,1.5529306019148317,1.5310904337532636,14.294026981689711,15.610658501174193,False,False,True,1.875,1.875,0.9706517550185995,1.0600590785627269,False,False,True,-0.08811216179047077,-0.02853084202951711,0.14262612996014057,0.4259801833525416,-0.08811216179047078
48.0,4,37.700000000000266,4,0.6,0.2999999999998977,0.30000000000008953,0.30000000000008953,0.7062895925607586,0.7623253742481859,17.0,True,False,-0.15161231797473018,-0.15644351039734428,0.001506726118727264,-1.1207156337485458,1.9109611584768933,2.0625734764516235,1.9172922631404168,2.073735773537761,1.995514018339089,14.125791851215173,15.246507484963718,False,True,False,1.8823529411764706,1.8823529411764706,1.0151981154408496,1.095742159364925,False,True,True,-0.07634812372129984,-0.07843779119484351,0.004024407896576543,0.6909016704577163,-0.07634812372129984
48.0,4,40.60000000000032,12,0.6,0.29999999999987637,2.6000000000001577,2.6000000000001577,0.6103169058022417,0.7127432311972708,17.0,True,False,-0.2771281518190827,0.1549540942342067,0.0739508734384182,-2.048526507900581,1.6512941909866163,1.928422342805699,1.4451014553753454,1.2901473611411387,1.367624408258242,12.206338116044835,14.254864623945416,False,True,True,1.8823529411764706,1.8823529411764706,0.8772500389616399,1.0244743696155276,False,False,True,-0.1551428910325252,0.11342308513993316,0.47771820877237814,0.31307522613635175,-0.1551428910325253
48.0,4,42.90000000000034,23,0.6,0.599999999999902,0.9000000000001265,0.9000000000001265,0.5084972966525334,0.5145072624382543,20.0,True,False,-0.01913031525221287,-0.0291042924469882,0.0498772325825535,-0.12019931571441766,1.6185971662223315,1.6377274814745444,1.631495122774935,1.6605994152219232,1.6460472689984291,10.169945933050668,10.290145248765086,False,True,False,1.9,1.9,0.8518932453801745,0.8619618323550234,False,False,True,-0.011749771543780707,-0.0176817830619182,0.17428734609669694,0.49837681933854666,-0.011749771543780735
48.0,4,43.80000000000024,10,1.0000000000000142,1.0000000000000142,0.29999999999999716,0.29999999999999716,0.4847217568363078,0.5415418238916194,20.0,False,False,-0.180863890773316,-0.18259365068973255,-0.0343466511635776,-1.1364013411062324,1.542917272493722,1.723781163267038,1.545989864324259,1.7285835150139917,1.6372866896691254,9.694435136726156,10.830836477832388,False,True,False,1.9,1.9,0.8120617223651169,0.9072532438247568,False,False,True,-0.11084527149652518,-0.11163790160056802,-0.11801317021420177,0.4930404141910213,-0.11084527149652515
48.0,4,44.80000000000025,22,0.9000000000000128,0.9000000000000128,1.0000000000000142,1.0000000000000142,0.6062643305983535,0.6073902918157597,19.0,False,False,-0.003404843576119143,0.040906733700251996,0.019586342374783294,-0.022519224348123146,1.8333093356655128,1.836714179241632,1.4503312266516124,1.4094244929513604,1.4298778598014863,12.12528661196707,12.147805836315193,False,True,False,1.894736842105263,1.894736842105263,0.9675799271567985,0.9693769279330836,False,False,True,-0.0018554892300554071,0.028610502477064537,0.11254057161969011,0.3575890278977079,-0.0018554892300553794
48.0,4,46.40000000000039,5,1.5,1.8999999999999275,0.7000000000001236,0.7000000000001236,0.5138416436561579,0.4940967442419239,20.0,False,True,0.06284996685255217,0.05940763187331033,0.007685445359058796,0.39489798828468103,1.6356087510868356,1.5727587842342834,1.6546265976927972,1.5952189658194869,1.624922781756142,10.276832873123158,9.881934884838477,False,True,False,1.9,1.9,0.8608467110983345,0.8277677811759386,False,False,True,0.039183795154311085,0.03656435318355855,0.032350618441478574,0.485460295733344,0.03918379515431114
48.0,4,48.30000000000032,21,0.6,0.30000000000000426,1.8999999999999275,1.8999999999999275,0.73296486944081,0.6837575542549406,19.0,True,False,0.14880016151412878,0.03684363031375981,0.02939579742748749,0.9841463037173881,2.216444659600002,2.067644498085873,1.1882604710154776,1.1514168407017178,1.1698386558585976,14.6592973888162,13.675151085098811,False,True,False,1.894736842105263,1.894736842105263,1.1697902370111122,1.0912568184342109,True,False,True,0.06949437169944428,0.03149722916969239,0.3779959118440597,0.15686583832489337,0.06949437169944428
48.0,4,49.10000000000038,17,1.5,1.700000000000074,0.5000000000000568,0.5000000000000568,0.7112992276176051,0.6556015885918551,19.0,False,True,0.1684265368204272,0.1666767930870836,0.05522668447928952,1.1139527805149996,2.150928973762992,1.9825024369425648,2.162801246613038,1.9961244535259544,2.079462850069496,14.225984552352102,13.112031771837103,False,True,False,1.894736842105263,1.894736842105263,1.135212513930468,1.046320730608576,True,False,True,0.08153992588640113,0.08019672750263274,0.1840957287850904,0.7321096152033075,0.08153992588640105
48.0,4,50.80000000000045,14,0.6,0.09999999999988773,1.700000000000074,1.700000000000074,0.6106641261797687,0.695612616982983,18.0,True,False,-0.24335949995150363,0.01776712924592072,0.07009964745380681,-1.6989698160642863,1.7494238565072555,1.9927833564587591,1.5865527437057756,1.5687856144598549,1.5776691790828152,12.213282523595375,13.912252339659661,False,True,False,1.8888888888888888,1.8888888888888888,0.9261655710920764,1.055002953419343,False,False,True,-0.13024582421769615,0.01126175072723734,0.3475467770912335,0.45594855474331253,-0.13024582421769615
48.0,4,53.10000000000037,6,1.3000000000000185,1.3000000000000185,0.30000000000011795,0.30000000000011795,0.6504569638943147,0.6809499785200046,20.0,False,False,-0.09220916614158825,-0.12588959845214442,-0.03477459771029409,-0.6098602925137975,1.966945380374207,2.059154546515795,1.44035885042271,1.5662484488748545,1.5033036496487822,13.009139277886295,13.618999570400092,False,False,False,1.894736842105263,1.894736842105263,1.0381100618641648,1.0867760106611142,True,False,True,-0.045813713209023166,-0.08379095265961617,-0.13531900761333393,0.40766511940682487,-0.04581371320902321
48.0,4,57.10000000000057,3,1.5,1.699999999999882,0.800000000000253,0.800000000000253,0.6097070315993642,0.6493417948278557,21.0,False,True,-0.13246943820791746,0.04865628247027409,-5.556970821832263e-05,-0.7926952645698293,2.03779564625543,2.1702650844633475,1.2331742486743558,1.1845179662040817,1.2088461074392187,12.194140631987285,12.986835896557114,False,True,False,1.9047619047619047,1.9047619047619047,1.069842714284101,1.1393891693432576,True,False,True,-0.06298066076727649,0.040255622845899675,-0.00028949061710825674,0.18966627439854664,-0.06298066076727657
48.0,4,59.900000000000354,24,1.000000000000128,1.000000000000128,1.099999999999902,1.099999999999902,0.5512583423831412,0.5455010117114858,22.0,False,False,0.01924246034357968,0.1991184959180754,0.02976884555879658,0.11514661343310806,1.8424452923293493,1.8232028319857696,1.482221319644614,1.2831028237265385,1.3826620716855762,11.025166847662824,10.910020234229716,True,False,False,1.9047619047619047,1.9047619047619047,0.9672837784729085,0.9571814867925291,False,False,True,0.010498900300161762,0.14426062859271885,0.1521427681043679,0.3240106784189935,0.010498900300161769
48.0,4,60.90000000000048,15,0.6,0.19999999999988916,1.000000000000128,1.000000000000128,0.5797401467042973,0.536833313282064,21.0,True,False,0.14340552726294886,0.0960336816181544,0.04635308236340299,0.8581366684446667,1.9376387111929996,1.7942331839300507,1.8044010965906336,1.7083674149724792,1.7563842557815565,11.594802934085946,10.73666626564128,False,True,True,1.9047619047619047,1.9047619047619047,1.0172603233763249,0.9419724215632767,False,True,True,0.07689233747245428,0.054690547898220365,0.20765060171543803,0.5632572957513097,0.07689233747245429
48.0,4,62.0000000000005,5,0.6,0.40000000000010516,0.9000000000001265,0.9000000000001265,0.5433480878659722,0.512020158464022,21.0,True,False,0.018229357240841182,-0.003638714091855233,0.0370875296797277,0.6265585880390034,1.7295306800679793,1.711301322827138,1.7223157818732986,1.7259544959651538,1.7241351389192263,10.866961757319444,10.240403169280441,False,True,True,1.9,1.9047619047619047,0.9102793052989365,0.8984331944842475,False,False,True,0.010595999911610199,-0.0021104583743453142,0.1499540610966963,0.544725556013512,0.0130991301297287
48.0,4,62.4000000000006,11,0.6,0.49999999999993605,0.40000000000010516,0.40000000000010516,0.5937776573901417,0.6588282829032561,20.0,True,False,-0.19670944343100683,0.1808593318358882,0.06254826534313979,-1.3010125102622894,1.7955503361521716,1.9922597795831785,1.717823236361277,1.536963904525389,1.627393570443333,11.875553147802833,13.176565658065122,False,False,True,1.894736842105263,1.894736842105263,0.9476515663025351,1.0514704392244554,False,False,True,-0.10395799319035182,0.11124894916056094,0.26804958354344266,0.48697969845740896,-0.10395799319035176
48.0,4,62.90000000000054,19,0.6,0.5999999999998664,0.49999999999993605,0.49999999999993605,0.5949859937116173,0.6586472100920453,19.0,True,False,-0.1925079481335692,-0.2059150905423217,0.005889400936455291,-1.2732243276085597,1.799204277423298,1.991712225556867,1.7863446890408567,1.9922597795831785,1.8893022343120176,11.899719874232346,13.172944201840906,False,True,False,1.894736842105263,1.894736842105263,0.9495800353067406,1.0511814523772354,False,False,True,-0.10165018458138442,-0.1090981032800592,0.019901433603412455,0.6362075727101117,-0.10165018458138432
48.0,4,63.500000000000405,22,1.5,1.6000000000001577,0.5999999999998664,0.5999999999998664,0.7461303180556529,0.8333089380005774,18.0,False,True,-0.23587344103479557,-0.1429178324638014,-0.020973216842019415,-1.7435723988984897,2.0187555812578486,2.254629022292644,1.6721990024646816,1.815116834928483,1.7436579186965822,14.922606361113058,16.666178760011547,False,False,False,1.8823529411764706,1.8823529411764706,1.072463902543232,1.1977716680929673,True,False,True,-0.11050417333032747,-0.0820103093134914,-0.07503370036113188,0.5559851587109805,-0.11050417333032747
48.0,4,66.30000000000051,25,0.6,0.3999999999998636,1.199999999999946,1.199999999999946,0.6986913118319293,0.6361836872773106,18.0,True,False,0.1691227562895985,0.04159023550471552,0.023696552943761606,1.2501524910923756,1.890402991548011,1.7212802352584124,1.306706374262956,1.2651161387582406,1.2859112565105983,13.973826236638587,12.723673745546211,False,False,True,1.8823529411764706,1.8823529411764706,1.0042765892598808,0.9144301249810316,False,True,True,0.0937216926048593,0.03234582587876941,0.1513797674575208,0.251467616055303,0.0937216926048594
48.0,4,66.70000000000037,14,1.1999999999999744,1.1999999999999744,0.3999999999998636,0.3999999999998636,0.6861947785780931,0.7394235762518151,17.0,False,False,-0.026334729299227533,0.1501734802611614,0.0530278103298126,-1.0645759534744403,1.856591945887386,1.8829266751866136,1.866018225028092,1.7158447447669305,1.790931484897511,13.723895571561862,14.788471525036302,False,True,False,1.8823529411764706,1.875,0.9863144712526739,1.0042275600995272,False,True,True,-0.01408478861911866,0.08390134737843224,0.22592611094783188,0.5827358671248882,-0.01799868794025486
48.0,4,69.10000000000032,7,0.6,0.4999999999997726,0.1999999999998323,0.1999999999998323,0.6161725738761312,0.766613425300112,18.0,True,False,-0.4070378875003593,0.1324347989160668,-0.03180267526917585,-3.0088170284796156,1.6671374858107195,2.074175373311079,1.471061916377066,1.3386271174609992,1.4048445169190327,12.323451477522624,15.33226850600224,False,False,False,1.8823529411764706,1.8823529411764706,0.8856667893369448,1.1019056670715106,False,False,True,-0.2184555888824925,0.09433998252875053,-0.11174404439589414,0.3399266325474167,-0.2184555888824924
48.0,4,69.6000000000001,10,0.6,0.4000000000004036,0.4999999999997726,0.4999999999997726,0.8554111733590801,0.8127756601588292,17.0,True,False,0.11535609551035497,-0.4086596507753446,-0.09523589680043221,0.8527102640050188,2.314429582474309,2.199073486963954,1.6572331254729755,2.06589277624832,1.8615629508606477,17.108223467181602,16.255513203176584,False,True,False,1.8823529411764706,1.8823529411764706,1.2295407156894766,1.1682577899496005,True,False,True,0.05112712714768308,-0.22041305030684777,-0.30712934925354385,0.6214164310355813,0.05112712714768314
48.0,4,70.70000000000014,9,0.6,0.20000000000040075,0.2999999999995424,0.2999999999995424,1.1378123690481114,1.1603362773126251,18.0,True,False,-0.06452624408482421,-0.033655150370638154,-0.04285438606723779,-0.4504781652902743,3.2595923312119224,3.3241185752967466,2.0346145362414085,2.0682696866120467,2.0514421114267276,22.75624738096223,23.206725546252503,False,True,False,1.8888888888888888,1.8888888888888888,1.7256665282886647,1.759827481039454,True,False,True,-0.019602413045392453,-0.016405973657999007,-0.10600108289788357,0.7185430148206358,-0.019602413045392564
48.0,4,73.70000000000041,11,0.6000000000000938,0.6000000000000938,2.200000000000017,2.200000000000017,1.078399936012385,0.6977709644817374,19.0,False,False,1.090421681455564,0.5897769391138734,0.09447954126320338,7.6125794306129535,3.089388248034385,1.998966566578821,1.8587779254767665,1.269000986362893,1.5638894559198298,21.5679987202477,13.955419289634747,True,False,False,1.8888888888888888,1.8888888888888888,1.635558484253498,1.0582764176005524,True,False,True,0.43534276302175534,0.38168927646552164,0.3859056474013842,0.44717595926698,0.4353427630217553
48.0,4,74.39999999999998,24,0.6,0.30000000000039506,0.09999999999946851,0.09999999999946851,1.0094163856188754,0.6105656705329991,19.0,True,False,1.2061021943714332,1.2033235067971984,0.2280467243907423,7.977014301717524,3.0524185407747773,1.846316346403344,3.076571865432766,1.8732483586355675,2.4749101120341668,20.188327712377507,12.211313410659983,False,True,False,1.894736842105263,1.894736842105263,1.6109986742977993,0.9744447383795427,False,False,True,0.5027417505965054,0.49614193235341963,0.5546659224775078,0.9062040769910921,0.5027417505965055
48.0,4,75.40000000000012,15,0.6,0.29999999999974136,0.699999999999747,0.699999999999747,1.168164934725909,0.7453380832543361,19.0,True,False,1.144014719222619,0.8695240694985404,0.1558054176094968,8.456537029431459,3.1606268030402447,2.0166120838176256,2.232084834394794,1.3625607648962537,1.7973227996455239,23.363298694518182,14.906761665086723,False,True,True,1.8823529411764706,1.8823529411764706,1.67908298911513,1.0713251695281136,True,False,True,0.44935144618867795,0.49357020738837437,0.5057747795601357,0.5862982241933741,0.44935144618867795
48.0,4,75.69999999999986,8,1.4000000000004604,1.4000000000004604,0.29999999999974136,0.29999999999974136,1.168164934725909,0.7453380832543361,18.0,False,False,1.144014719222619,0.502836800040869,0.1914064983816365,8.456537029431459,3.1606268030402447,2.0166120838176256,2.097079805095084,1.594243005054215,1.8456614050746494,23.363298694518182,14.906761665086723,False,False,False,1.8823529411764706,1.8823529411764706,1.67908298911513,1.0713251695281136,True,False,True,0.44935144618867795,0.27414678939418663,0.5901039268369048,0.612837698387358,0.44935144618867795
48.0,4,77.40000000000022,14,0.6,0.19999999999987494,0.2999999999998977,0.2999999999998977,0.9413615512096136,0.6804275132395765,18.0,True,False,0.7475209553494746,0.9415302206875109,0.16265049987811442,5.218680759400742,2.6968021940099587,1.949281238660484,2.480581021007992,1.5390508003204812,2.0098159106642366,18.827231024192272,13.60855026479153,False,True,True,1.8888888888888888,1.8888888888888888,1.4277188085935075,1.031972420467315,True,False,True,0.3246059894289949,0.4773269524342541,0.470778195768491,0.6980431311424526,0.3246059894289949
48.0,4,78.10000000000029,25,0.6,0.5999999999998522,0.500000000000199,0.500000000000199,0.8743154168828795,0.6841544739559451,18.0,True,False,0.5447709728970733,0.571366578991898,0.10171963710145576,3.8032188585386884,2.504729167530506,1.9599581946334328,2.528919865112335,1.9575532861204368,2.2432365756163857,17.48630833765759,13.683089479118902,False,True,False,1.8888888888888888,1.8888888888888888,1.3260330886926208,1.037624926570641,True,False,True,0.24525746819120453,0.2560969107631086,0.28911175340179507,0.807919722832369,0.24525746819120442
48.0,4,79.1999999999996,17,0.6,0.3000000000000398,0.49999999999946,0.49999999999946,0.6149075540078717,0.9212384941899728,18.0,True,False,-0.8288194169834748,-0.2851175654596536,-0.10441969858936981,-6.126618803642023,1.6637148050032893,2.492534221986764,1.6121530974664555,1.8972706629261091,1.7547118801962824,12.298151080157433,18.424769883799456,False,True,True,1.8823529411764706,1.8823529411764706,0.8838484901579975,1.3241588054304685,False,False,True,-0.4042470162583828,-0.16284574704096327,-0.37032697701834794,0.5623046726119945,-0.4042470162583828
48.0,4,79.49999999999964,4,1.5,1.5000000000002558,0.3000000000000398,0.3000000000000398,0.6149075540078717,0.914020213458588,17.0,False,True,-0.8092893909800518,-0.8390659570182744,-0.1869540554616408,-5.982253189014328,1.6637148050032893,2.473004195983341,1.6534682649684898,2.492534221986764,2.073001243477627,12.298151080157433,18.28040426917176,False,True,False,1.8823529411764706,1.8823529411764706,0.8838484901579975,1.31378347911615,False,False,True,-0.39638074876985163,-0.4104248921294994,-0.5351504272917337,0.7289974332979523,-0.3963807487698515
48.0,4,80.9999999999999,10,0.7000000000005144,0.7000000000005144,1.5000000000002558,1.5000000000002558,0.7940233370635692,0.6952256427524848,16.0,False,False,0.23586212123536665,-0.2137779449992372,-0.053036399879132695,1.9759538862216885,1.895591085359838,1.6597289641244712,1.4156640158235014,1.6294419608227386,1.52255298832312,15.880466741271384,13.904512855049695,True,False,True,1.8666666666666667,1.8666666666666667,1.0154952242999131,0.8891405164952524,False,True,True,0.13287639387976635,-0.14063891072214285,-0.24545487422149215,0.4203885234925895,0.1328763938797663
48.0,4,82.59999999999978,5,0.8000000000003382,0.8000000000003382,0.1999999999998039,0.1999999999998039,0.9241763569384354,0.7731680320069678,17.0,False,False,0.38453954177392236,-0.26808457531459684,-0.052502736048700205,3.020166498629351,2.3533957679265893,1.968856226152667,1.4370996188692755,1.7051841941838723,1.571141906526574,18.483527138768707,15.463360640139356,False,False,False,1.875,1.875,1.2551444095608477,1.0500566539480891,True,False,True,0.1784065144882766,-0.1710462077900501,-0.16931987536714965,0.4518026839824832,0.17840651448827663
48.0,4,84.69999999999935,12,0.7000000000008697,0.7000000000008697,0.9999999999994884,0.9999999999994884,0.7133378100472987,0.703671552305718,18.0,False,False,0.13968459447651416,0.5313758582386152,0.08216339959780267,0.19332515483161394,2.0435622941407514,1.9038776996642373,2.064864201742393,1.5334883435037778,1.7991762726230855,14.266756200945974,14.07343104611436,False,True,True,1.8888888888888888,1.8823529411764706,1.0818859204274567,1.011435027946626,False,True,True,0.0708018066635192,0.2975193590757517,0.2835111019635692,0.5873289338387297,0.06733559868703316
48.0,4,86.99999999999925,13,0.6,0.2000000000003581,0.8999999999989541,0.8999999999989541,0.6969297922065527,0.668077781195775,19.0,True,False,-0.13000083942521856,0.18509585009559282,0.05415661220512302,0.5770402202155545,1.9965567855182464,2.126557624943465,1.4140575196952991,1.2289616695997063,1.3215095946475026,13.938595844131054,13.3615556239155,False,True,True,1.8888888888888888,1.9,1.0570006511567187,1.1192408552334028,True,False,True,-0.06308044418628567,0.14029360354243436,0.2350310803885347,0.27877471545772115,-0.057215324733887754
48.0,4,88.09999999999916,23,0.9000000000007446,0.9000000000007446,0.5999999999995111,0.5999999999995111,0.5572253814527395,0.6270186702706386,20.0,False,False,-0.22215893820017962,-0.22261943016296826,-0.006444093924729499,-1.395865776357983,1.7737034774894085,1.995862415689588,1.7924956482474257,2.015115078410394,1.9038053633289098,11.14450762905479,12.540373405412772,False,True,False,1.9,1.9,0.9335281460470571,1.0504539029945201,False,False,True,-0.11800652468588746,-0.11706743890880467,-0.019836123812103645,0.6438547060014483,-0.1180065246858876
48.0,4,91.29999999999907,18,1.40000000000029,1.40000000000029,0.6999999999992923,0.6999999999992923,0.7313208784203726,0.6437133316302197,21.0,False,False,0.27886348247614645,0.11993012444923301,0.048935340395107996,1.7521509358030585,2.327866655738186,2.0490031732620397,1.3240822805325538,1.2041521560833208,1.2641172183079372,14.626417568407453,12.874266632604394,False,False,False,1.9,1.9,1.2251929767043086,1.0784227227694947,True,False,True,0.1275988318220157,0.09494388661480055,0.23964723211002492,0.23437402742806326,0.1275988318220157
48.0,4,92.7999999999992,22,0.700000000000415,0.700000000000415,0.099999999999838,0.099999999999838,0.7668408094624057,0.6480056444463536,21.0,False,False,0.3782640785089151,0.30528769200946804,0.07401534628959472,2.3767033003210436,2.440930107810643,2.062666029301728,2.127853357859531,1.8225656658500629,1.9752095118547968,15.336816189248115,12.960112888927071,False,False,True,1.9,1.9,1.2847000567424436,1.0856136996324883,True,False,True,0.1683798233534688,0.15486844342830408,0.23275257847602426,0.6806744746785887,0.16837982335346882
48.0,4,93.49999999999962,5,0.6,0.2999999999996703,0.700000000000415,0.700000000000415,0.7662640239111811,0.6431517130235527,20.0,True,False,0.3918786566646446,0.3872914860597132,0.11320303970274881,2.4622462177525684,2.439094142379015,2.0472154857143705,2.4405850449595223,2.053293558899809,2.2469393019296655,15.325280478223622,12.863034260471053,False,True,False,1.9,1.9,1.28373375914685,1.077481834586511,True,False,True,0.17514614707663168,0.17279266506463975,0.3040164388887513,0.8095689799009377,0.17514614707663156
48.0,4,93.79999999999929,12,0.6,0.19999999999998863,0.2999999999996703,0.2999999999996703,0.756739319334403,0.6219487999323423,19.0,True,False,0.4075989714504773,0.40186063398638905,0.076859815088904,2.695810388041213,2.288337262777264,1.8807382913267865,2.2953219962373943,1.8934613622510053,2.0943916792442,15.13478638668806,12.438975998646846,False,True,False,1.894736842105263,1.894736842105263,1.207733555354667,0.9926118759780262,False,True,True,0.19616105980974696,0.19246657435634384,0.2029777823814869,0.7392631433066493,0.1961610598097469
48.0,4,93.99999999999928,8,0.6,0.09999999999952536,0.19999999999998863,0.19999999999998863,0.7451116067680461,0.6231124278874693,19.0,True,False,0.34950190269593095,0.38222374874672904,0.076871808266464,2.4399835776115353,2.1345875167010235,1.7850856140050926,2.2629620400735155,1.8807382913267865,2.071850165700151,14.902232135360922,12.462248557749387,False,True,False,1.8888888888888888,1.8888888888888888,1.130075744135836,0.9450453250615196,False,False,True,0.17880705029705002,0.1850101844449109,0.2085278734463697,0.7284420079311855,0.17880705029705005
48.0,4,94.0999999999988,2,0.9000000000004462,0.9000000000004462,0.09999999999952536,0.09999999999952536,0.7380638168933977,0.6230220553295354,18.0,False,False,0.3295703702679822,0.33966844517464345,0.0696485932175176,2.3008352312772473,2.114397085965404,1.7848267156974218,2.124754059179736,1.7850856140050926,1.9549198365924143,14.761276337867955,12.460441106590707,False,True,False,1.8888888888888888,1.8888888888888888,1.1193866925699199,0.9449082612515762,False,False,True,0.16944837364331866,0.17418968171228233,0.20958784987015833,0.6703491882960745,0.1694483736433187
48.0,4,95.49999999999928,7,0.6,0.3999999999999204,0.5000000000000284,0.5000000000000284,0.7207435549553534,0.9123350848153828,17.0,True,False,-0.4878838245081947,0.23069861170336603,-0.03143119591316229,-3.8318305972005895,1.8353583915643137,2.3232422160725084,1.6538601959137416,1.4231615842103755,1.5385108900620585,14.414871099107067,18.246701696307657,False,False,False,1.875,1.875,0.9788578088343006,1.2390625152386712,False,False,True,-0.23572394581139755,0.15023120372805288,-0.10977458459201239,0.43081499411828694,-0.23572394581139752
48.0,4,95.8999999999992,13,0.6,0.1999999999999602,0.3999999999999204,0.3999999999999204,0.7207435549553534,0.9095576243691896,16.0,True,False,-0.4808110795601328,-0.4863090767388294,-0.10110100568468328,-3.7762813882767254,1.8353583915643137,2.3161694711244465,1.833014961950624,2.3193240386894534,2.076169500320039,14.414871099107067,18.191152487383793,False,True,False,1.875,1.875,0.9788578088343006,1.2352903845997047,False,False,True,-0.2326749599036435,-0.2353136492176926,-0.2794385420641624,0.7305246095236674,-0.23267495990364342
48.0,4,95.89999999999962,14,0.6,0.19999999999953388,0.40000000000034674,0.40000000000034674,0.7207435549553534,0.9095576243691896,16.0,True,False,-0.4808110795601328,-0.4863090767388294,-0.10110100568468328,-3.7762813882767254,1.8353583915643137,2.3161694711244465,1.833014961950624,2.3193240386894534,2.076169500320039,14.414871099107067,18.191152487383793,False,True,False,1.875,1.875,0.9788578088343006,1.2352903845997047,False,False,True,-0.2326749599036435,-0.2353136492176926,-0.2794385420641624,0.7305246095236674,-0.23267495990364342
48.0,4,96.2999999999992,24,1.5,2.3999999999992383,0.20000000000004547,0.20000000000004547,0.7899077712699691,0.8850016696743586,15.0,False,True,-0.352737686218374,-0.4157068925829448,-0.13006931860640192,-1.9018779680877884,1.7600481693804495,2.1127858555988235,1.7076292246880198,2.1233361172709646,1.9154826709794923,15.798155425399383,17.70003339348717,False,True,False,1.8571428571428572,1.8666666666666667,0.9477182450510112,1.1318495654993697,False,False,True,-0.18266620971286918,-0.21788250179535296,-0.3095274170029033,0.6499696383828456,-0.1775511090460987
48.0,4,98.69999999999844,21,0.6,0.40000000000050306,2.3999999999992383,2.3999999999992383,0.799368133896837,0.7693404908157735,14.0,True,False,0.062127621734755056,0.08414632527413701,0.0500564490505751,0.6005528616212708,1.6539040681777335,1.5917764464429784,1.351185306769844,1.267038981495707,1.3091121441327755,15.98736267793674,15.38680981631547,False,False,True,1.8461538461538463,1.8461538461538463,0.8958647035962722,0.8622122418232799,False,False,True,0.03828794055353257,0.06429954460987342,0.30080424495291624,0.26934915486455885,0.03828794055353263
48.0,4,99.09999999999894,19,0.6,0.20000000000013074,0.40000000000050306,0.40000000000050306,0.8026954658120538,1.1666571804204793,13.0,True,False,-0.7530419776897239,0.04422925621705165,0.0432243253818842,-7.2792342921685105,1.660788365358718,2.413830343048442,1.6301757323212536,1.585946476104202,1.6080611042127277,16.053909316241075,23.333143608409586,False,True,False,1.8461538461538463,1.8461538461538463,0.8995936979026389,1.307491435817906,False,False,True,-0.3739224312572692,0.027506445331790197,0.1947112590802509,0.47502917016708124,-0.37392243125726926
48.0,4,102.39999999999893,18,1.1000000000003496,1.1000000000003496,0.30000000000012506,0.30000000000012506,0.7052846790700138,0.7708689614572677,18.0,False,False,-0.17744706642812536,0.14855359963875925,-0.0757432764444188,-1.3116856477450778,1.9082422303365527,2.085689296764678,1.6671158489216666,1.5185622492829074,1.592839049102287,14.105693581400276,15.417379229145354,False,False,False,1.8823529411764706,1.8823529411764706,1.0137536848662936,1.1080224389062352,False,True,True,-0.08891687851297536,0.09333109821429753,-0.18575929300116134,0.4655179894783158,-0.08891687851297539
48.0,4,106.19999999999852,17,0.6,0.49999999999991473,1.8999999999993236,1.8999999999993236,0.7205959247881442,0.6308331232718687,21.0,True,False,0.30001006490893056,0.4238237017673028,0.10659057983522022,1.7952560303255094,2.4084144714400844,2.108404406531154,1.701759661864614,1.2779359600973113,1.4898478109809625,14.411918495762883,12.616662465437374,False,True,True,1.9047619047619047,1.9047619047619047,1.2644175975060443,1.1069123134288559,True,False,True,0.13303717934128234,0.2864165657051865,0.5052187343974992,0.39867397445946084,0.13303717934128229
48.0,4,107.09999999999884,22,0.8000000000000824,0.8000000000000824,0.4000000000004036,0.4000000000004036,0.9324052764336184,0.5871806322232502,21.0,False,False,0.9119787718521093,0.35110705561004796,0.10771209240586022,6.904492884207363,2.967938174187509,2.0559594023353998,2.355635615925518,2.00452856031547,2.180082088120494,18.648105528672367,11.743612644465005,False,True,False,1.9,1.9090909090909092,1.5620727232565839,1.0769311155090189,True,False,True,0.3671248928366655,0.16140169055864806,0.3163892182572924,0.7793625311932062,0.37189817158932326
48.0,4,107.0999999999993,5,0.7999999999996277,0.7999999999996277,0.40000000000085834,0.40000000000085834,0.9324052764336184,0.5871806322232502,21.0,False,False,0.9119787718521093,0.35110705561004796,0.10771209240586022,6.904492884207363,2.967938174187509,2.0559594023353998,2.355635615925518,2.00452856031547,2.180082088120494,18.648105528672367,11.743612644465005,False,True,False,1.9,1.9090909090909092,1.5620727232565839,1.0769311155090189,True,False,True,0.3671248928366655,0.16140169055864806,0.3163892182572924,0.7793625311932062,0.37189817158932326
48.0,4,107.89999999999893,11,0.6,0.5999999999995111,0.7999999999996277,0.7999999999996277,0.8431589622308282,0.6253236023792539,20.0,True,False,0.6933914860115971,0.7193604282555479,0.18364205464922584,4.356707197031486,2.68385833302538,1.990466847013783,2.7189486983205526,1.9995882700650047,2.3592684841927785,16.863179244616564,12.506472047585078,False,True,False,1.9,1.9,1.412557017381779,1.0476141300072543,True,False,True,0.2988862279718565,0.3073040032247166,0.4501871998544995,0.8583516066635541,0.29888622797185627
48.0,4,108.49999999999844,2,1.3999999999998494,1.3999999999998494,0.5999999999995111,0.5999999999995111,0.6907981434477453,0.6283201647492209,19.0,False,False,0.18892990374094598,0.2218203761695543,0.05250433513576147,1.2495595739704868,2.0889348449598444,1.9000049412188984,2.12902931852318,1.9072089423536256,2.0181191304384027,13.815962868954905,12.566403294984418,False,True,False,1.894736842105263,1.894736842105263,1.1024933903954734,1.0027803856433075,False,True,True,0.09479780569387763,0.11002527023469288,0.15298151139074956,0.7021659541029599,0.09479780569387768
48.0,4,109.89999999999829,21,0.6,0.5000000000006395,1.3999999999998494,1.3999999999998494,0.7166103132701718,0.5606492489100683,18.0,True,False,0.4467955378101065,0.04242189396818641,0.023954492574751296,3.1192212872020697,2.0529373252964307,1.6061417874863242,1.4865454619485725,1.444123567980386,1.4653345149644794,14.332206265403435,11.212984978201366,False,True,True,1.8888888888888888,1.8888888888888888,1.0868491722157574,0.8503103580809952,False,False,True,0.24543671148666446,0.02895233599994551,0.11218669622473776,0.38208355426362217,0.2454367114866644
48.0,4,112.7999999999982,4,0.7999999999999545,0.7999999999999545,2.399999999999281,2.399999999999281,0.6993771641473483,0.6875505933373169,18.0,False,False,0.031998372472127556,0.2997994347891768,0.0858449736113303,0.23653141620062712,1.89225865691392,1.8602602844417924,1.4659253394836402,1.1661259046944634,1.3160256220890518,13.987543282946966,13.751011866746339,True,False,False,1.8823529411764706,1.8823529411764706,1.00526241148552,0.9882632761097022,False,True,True,0.017054756321412734,0.22879961200966956,0.5708340322287511,0.2746163023861256,0.017054756321412706
48.0,4,113.59999999999816,9,0.6000000000003638,0.6000000000003638,0.7999999999999545,0.7999999999999545,0.6708730356148953,0.7943334526466037,17.0,False,False,-0.20761661054335567,0.020277308467967492,0.03911868598668608,-2.469208340634168,1.815136916687988,2.0227535272313437,1.8262939030495196,1.806016594581552,1.816155248815536,13.417460712297906,15.886669052932074,False,True,False,1.8823529411764706,1.875,0.9642914869904936,1.07880188119005,False,False,True,-0.10829881442108735,0.01116508025761187,0.15991057218375926,0.5967217659609558,-0.1122127137422237
48.0,4,114.49999999999774,20,0.6,0.10000000000077591,0.29999999999921556,0.29999999999921556,0.7780535712671952,0.9530294662964396,17.0,True,False,-0.2938931073800164,-0.5057445563867742,-0.053274512204545266,-3.4995179005848875,1.9812971497196223,2.2751902570996387,1.563404915109459,2.069149471496233,1.816277193302846,15.561071425343904,19.06058932592879,False,True,True,1.875,1.8666666666666667,1.0566918131837986,1.218851923446235,True,False,True,-0.13831192207448262,-0.2802715588480955,-0.15380772332110004,0.5967889080148269,-0.14276627242386286
48.0,4,114.59999999999852,19,0.6,0.5000000000003268,0.10000000000077591,0.10000000000077591,0.7780535712671952,0.9530294662964396,17.0,True,False,-0.2938931073800164,-0.5089610944931062,-0.05262559693211971,-3.4995179005848875,1.9812971497196223,2.2751902570996387,1.5316427700385982,2.0406038645317044,1.7861233172851514,15.561071425343904,19.06058932592879,False,True,False,1.875,1.8666666666666667,1.0566918131837986,1.218851923446235,True,False,True,-0.13831192207448262,-0.28690491077654473,-0.15642676716193393,0.5800475267029219,-0.14276627242386286
48.0,4,115.4999999999986,7,0.6,0.30000000000001137,0.39999999999929514,0.39999999999929514,0.8936848943717166,0.8763615094679276,17.0,True,False,-0.09536362875095117,0.018059496453569857,0.06524352361605751,0.3464676980757808,2.275749896093073,2.371113524844024,1.3740733705645176,1.3560138741109478,1.3650436223377327,17.873697887434332,17.52723018935855,False,True,True,1.875,1.8823529411764706,1.2137332779163055,1.2596540600733879,True,False,True,-0.0410500637673874,0.013230170509739791,0.2559913150641069,0.31118638588286557,-0.037136164446251174
48.0,4,115.7999999999986,25,0.6,0.10000000000032117,0.30000000000001137,0.30000000000001137,0.8936848943717166,0.8763615094679276,16.0,True,False,-0.09536362875095117,-0.9088679220793221,-0.1758893741781506,0.3464676980757808,2.275749896093073,2.371113524844024,1.3621805050743423,2.2710484271536644,1.8166144661140033,17.873697887434332,17.52723018935855,False,True,False,1.875,1.8823529411764706,1.2137332779163055,1.2596540600733879,True,False,True,-0.0410500637673874,-0.511154858680803,-0.6372243211392226,0.5969745853450341,-0.037136164446251174
48.0,4,117.3999999999984,8,0.6,0.4999999999998863,0.899999999999963,0.899999999999963,0.7525324126291251,0.7238385711177928,17.0,True,False,0.07763503411800698,0.4588123633283463,0.079826772874875,0.573876830226645,2.0360773062155166,1.9584422720975097,2.0609352353470483,1.602122872018702,1.8315290536828752,15.050648252582501,14.476771422355856,False,True,True,1.8823529411764706,1.8823529411764706,1.0816660689269932,1.040422457051802,True,False,True,0.03887566950140631,0.25183033267427635,0.2690155114245678,0.605151166437624,0.03887566950140641
48.0,4,122.59999999999822,18,0.9000000000003752,0.9000000000003752,0.10000000000047748,0.10000000000047748,0.6557636690417494,0.4180670161615314,20.0,False,False,0.6900745130799153,0.15082361798168598,0.09120581276027262,4.75393305760436,2.0873605885614426,1.3972860754815273,1.4930942394883389,1.3422706215066529,1.417682430497496,13.115273380834989,8.361340323230628,False,True,False,1.9,1.9047619047619047,1.0986108360849698,0.7335751896278019,False,False,True,0.40136855383887743,0.10648796386486198,0.3023784148376356,0.3490234471024603,0.4038716840569959
48.0,4,124.59999999999708,16,0.6,0.30000000000077875,0.7999999999984766,0.7999999999984766,1.2946672175300646,0.7354817391774091,22.0,True,False,1.7799426597006236,1.5262328516286388,0.30783168812564726,11.18370956705311,4.121053746578799,2.341111086878175,2.856568826246437,1.330335974617798,2.0934524004321173,25.893344350601293,14.709634783548182,False,True,True,1.9,1.9,2.1689756560941045,1.2321637299358816,True,False,True,0.5654832542633479,0.7641896706725658,0.8431539558959502,0.7388145693817552,0.5654832542633479
48.0,4,124.89999999999786,10,0.6,0.30000000000066507,0.30000000000077875,0.30000000000077875,1.2970824041062974,0.7354817391774091,21.0,True,False,1.7876304373425573,1.0024457611562365,0.3102485830590954,11.232013298577765,4.128741524220732,2.341111086878175,2.815597877117729,1.8131521159614925,2.3143749965396108,25.941648082125948,14.709634783548182,False,True,False,1.9,1.9,2.173021854853017,1.2321637299358816,True,False,True,0.5673470047237934,0.44010779762485985,0.7532874041822318,0.8391396711905679,0.5673470047237934
48.0,4,125.19999999999852,25,0.6,0.19999999999987494,0.30000000000066507,0.30000000000066507,1.2970824041062974,0.7317062420312972,20.0,True,False,1.7996482180112183,1.7855712873242386,0.41540161786955854,11.307523241500004,4.128741524220732,2.329093306209514,4.121053746578799,2.33548245925456,3.2282681029166795,25.941648082125948,14.634124840625944,False,True,False,1.9,1.9,2.173021854853017,1.2258385822155338,True,False,True,0.5724935919751111,0.5678904039486703,0.7135174995014242,1.171945802385272,0.5724935919751111
48.0,4,128.89999999999816,19,1.5,1.599999999999028,3.4999999999997584,3.4999999999997584,0.6593339005205134,0.5656252603895942,20.0,False,True,0.28336967245785183,0.4117692306418048,0.21226518635903,1.8741728026183857,1.9937887389020943,1.7104190664442425,1.6797546794764877,1.267985448834683,1.4738700641555853,13.186678010410269,11.312505207791883,True,False,False,1.894736842105263,1.894736842105263,1.0522773899761053,0.9027211739566836,False,False,True,0.15329830894624774,0.281218378364708,0.9549071871883756,0.3878916380196587,0.15329830894624757
48.0,4,130.4999999999972,23,0.6,0.1000000000010175,1.599999999999028,1.599999999999028,0.6390054467802422,0.594677654426401,19.0,True,False,0.13404475811983452,0.36058576387896646,0.2040881735771948,0.8865558470768242,1.932316634836692,1.7982718767168575,1.723378696588919,1.3627929327099526,1.543085814649436,12.780108935604844,11.89355308852802,False,True,False,1.894736842105263,1.894736842105263,1.019833779497143,0.9490879349338971,False,True,True,0.07189347677836355,0.23475050154687926,0.9612175768726221,0.4337841872910782,0.0718934767783635
48.0,4,132.9999999999978,22,0.6,0.20000000000069917,0.09999999999993747,0.09999999999993747,0.770297364839184,0.5823733705457723,21.0,True,False,0.6280896849647615,0.26564657076852716,0.037722386300619526,3.7584798858682333,2.5745292985611625,1.946439613596401,1.513258133778718,1.247611563010191,1.3804348483944544,15.40594729678368,11.647467410915446,False,True,False,1.9047619047619047,1.9047619047619047,1.3516278817446103,1.0218807971381105,True,False,True,0.27966485621281856,0.19303405690317846,0.1287729036226497,0.32239855706537507,0.27966485621281856
48.0,4,133.4999999999975,2,0.6,0.5999999999997385,0.2999999999989882,0.2999999999989882,0.7494379796709856,0.668428634715605,21.0,True,False,0.3771375127311467,0.5911570238248389,0.09048866060343502,1.6201868991076118,2.504811939114255,2.127674426383108,2.519979547011584,1.9288225231867453,2.2244010350991648,14.988759593419712,13.3685726943121,False,True,False,1.9047619047619047,1.9,1.315026268034984,1.1198286454647939,True,False,True,0.16318409285900193,0.2673410601030589,0.22023381754942462,0.7994876816697559,0.1606809626408834
48.0,4,134.09999999999724,15,1.5,2.800000000000921,0.5999999999997385,0.5999999999997385,0.6807958726967547,0.6632268416589691,20.0,False,True,0.05592396269997035,0.07101934454247072,0.020811718910926702,0.3513806207557124,2.1670405675249844,2.111116604825014,2.1878779914799726,2.116858646937502,2.1523683192087373,13.615917453935094,13.264536833179381,False,True,False,1.9,1.9,1.140547667118413,1.1111140025394812,True,False,True,0.026145438859604297,0.032998900963129185,0.05636370681848002,0.7665687797033668,0.026145438859604214
48.0,4,140.79999999999671,20,0.6,0.2000000000003581,2.299999999999528,2.299999999999528,0.5473108564936204,0.5472719618801758,21.0,True,False,-0.08697723254904188,0.0765269666826538,0.001657608578135794,0.0007778922688927992,1.742144564376373,1.829121796925415,1.2506692263493393,1.1741422596666855,1.2124057430080124,10.946217129872409,10.945439237603516,False,True,False,1.9,1.9047619047619047,0.9169181917770385,0.9602889433858429,False,False,True,-0.04871909670371233,0.06314089987900781,0.012301370896803165,0.19260660308241703,-0.04621596648559386
48.0,4,140.99999999999707,23,0.6,0.5000000000004263,0.2000000000003581,0.2000000000003581,0.5357119591953996,0.5472719618801758,21.0,True,False,-0.0386364629581919,0.08131750660973203,0.007980837220014608,-0.23120005369552388,1.790485333967223,1.829121796925415,1.2488784351100433,1.1675609285003112,1.2082196818051774,10.714239183907992,10.945439237603516,False,True,True,1.9047619047619047,1.9047619047619047,0.9400048003327922,0.9602889433858429,False,False,True,-0.021349239881240822,0.06732900027929051,0.061496568280817954,0.18914793877784974,-0.021349239881240822
48.0,4,141.79999999999703,4,0.6,0.3000000000002103,0.2999999999995282,0.2999999999995282,0.5631189910661956,0.5435937095067684,21.0,True,False,0.0652584465843209,0.010898200571875627,0.028383698402180746,0.3905056311885424,1.8820865905192232,1.8168281439349023,1.7192333620275737,1.708335161455698,1.713784261741636,11.262379821323911,10.871874190135369,False,True,False,1.9047619047619047,1.9047619047619047,0.9880954600225923,0.9538347755658237,False,True,True,0.035288847318413086,0.006359165235177988,0.09500829608453909,0.5387039439580811,0.03528884731841315
48.0,4,142.89999999999685,21,1.1000000000000512,1.1000000000000512,0.7999999999996135,0.7999999999996135,0.699693268373001,0.6810879665166372,21.0,False,False,0.05922251516314292,0.06944701732440883,0.0007440407347394096,0.37210603712727774,2.227192846193745,2.167970331030602,1.6235555327657174,1.5541085154413086,1.588832024103513,13.993865367460021,13.621759330332743,False,False,False,1.9,1.9,1.1722067611546025,1.141037016331896,True,False,True,0.026950580600134444,0.04371643829603994,0.003290168115940295,0.4629991702634387,0.02695058060013439
48.0,4,143.9999999999969,12,1.5,2.2999999999998977,1.1000000000000512,1.1000000000000512,0.6465832571579941,0.5646392191895622,20.0,False,True,0.2608359739917179,0.2584052079700776,0.04125210867061449,1.6388807593686394,2.0581384299430576,1.7973024559513398,2.0844196389588263,1.8260144309887487,1.9552170349737876,12.931665143159883,11.292784383791243,True,True,False,1.9,1.9,1.0832307526016094,0.945948661027021,False,False,True,0.13551499421432234,0.13235478068257422,0.16615519803057666,0.6705012026074438,0.1355149942143223
48.0,4,146.2999999999968,24,1.4000000000003183,1.4000000000003183,2.2999999999998977,2.2999999999998977,0.7408234996522065,0.6101027088664734,19.0,False,False,0.37448748033175616,-0.010339836096835864,0.0173523981622873,2.6144158157146613,2.122302994709142,1.747815514377386,1.2572613393280805,1.2676011754249163,1.2624312573764984,14.81646999304413,12.202054177329469,True,False,False,1.8888888888888888,1.8888888888888888,1.1235721736695459,0.9253140958468514,False,False,True,0.1941350866367716,-0.008190460937325034,0.15354067737947963,0.23303943108217087,0.19413508663677168
48.0,4,147.69999999999712,11,1.0999999999995964,1.0999999999995964,1.4000000000003183,1.4000000000003183,0.6992517933769147,0.7084536928685456,18.0,False,False,-0.024896972428773756,0.3819683319537772,0.09572615247165109,-0.18403798983261943,1.8919194494907463,1.91681642191952,1.9067491932238505,1.5247808612700733,1.7157650272469618,13.985035867538294,14.169073857370913,True,False,False,1.8823529411764706,1.8823529411764706,1.005082207541959,1.018308724144745,False,True,True,-0.013073800805870062,0.22354909674019485,0.5200083235724764,0.539859061181169,-0.013073800805870044
48.0,4,149.19999999999578,3,0.6000000000012449,0.6000000000012449,0.19999999999870965,0.19999999999870965,0.7657846885360797,0.7183318982460634,19.0,False,False,0.1359422304868656,-0.0827188650999795,-0.00862015040405284,0.9490558058003273,2.1938115334428825,2.057869302956017,1.819396163902171,1.9021150290021505,1.8607555964521607,15.315693770721595,14.366637964921267,False,False,False,1.8888888888888888,1.8888888888888888,1.1614296353521143,1.0894602192120089,True,False,True,0.06396932870019267,-0.04446177225114334,-0.026220075926090214,0.6209826398858528,0.06396932870019272
48.0,5,23.200000000000088,13,1.2999999999999936,1.2999999999999936,4.400000000000087,4.400000000000087,0.5937239561051468,0.5483810481808087,21.0,False,False,0.1443309586063819,0.005307139749029854,-0.0013222322455232055,0.906858158486763,1.8898820489241923,1.7455510903178104,1.079034339496893,1.0737271997478632,1.0763807696223782,11.874479122102937,10.967620963616174,True,False,False,1.9,1.9,0.9946747625916802,0.9187111001672686,False,True,True,0.07944410228052479,0.00493055120486427,-0.029599970250125285,0.07360427425429669,0.07944410228052473
48.0,5,24.50000000000008,10,0.999999999999897,0.999999999999897,1.2999999999999936,1.2999999999999936,0.5879596458813534,0.6040792593460651,20.0,False,False,-0.04874480710915141,0.13421174889248233,0.03035632734666971,-0.3223922692942338,1.777956995630977,1.8267018027401285,1.6731122924009123,1.53890054350843,1.6060064179546711,11.759192917627068,12.081585186921302,True,False,False,1.894736842105263,1.894736842105263,0.9383661921385713,0.9640926181128456,False,False,True,-0.027047097318539826,0.0836173114678766,0.2142902466590726,0.47375061175237027,-0.02704709731853979
48.0,5,30.20000000000016,19,0.6,0.5000000000000071,3.4000000000001585,3.4000000000001585,0.5485181761449347,0.5777022599324337,22.0,True,False,-0.0975406150821585,0.19592327834943846,0.05581770301113371,-0.5836816757499808,1.8332869612935636,1.930827576375722,1.2864960574924087,1.0905727791429702,1.1885344183176896,10.970363522898694,11.554045198648675,False,False,False,1.9047619047619047,1.9047619047619047,0.962475654679121,1.0136844775972542,False,True,True,-0.05183819764909037,0.1652192445387488,0.7571149896060967,0.17272096685835664,-0.05183819764909037
48.0,5,30.700000000000166,16,0.6,0.300000000000022,0.5000000000000071,0.5000000000000071,0.5461901004814287,0.5697200839725358,21.0,True,False,-0.07864317685308841,-0.08026051442675808,-0.00215546197040431,-0.47059966982214263,1.825505941549046,1.9041491184021344,1.826342977372331,1.906603491799089,1.86647323458571,10.923802009628574,11.394401679450716,False,True,False,1.9047619047619047,1.9047619047619047,0.9583906193132492,0.9996782871611206,False,True,True,-0.04217807493109893,-0.04300778808163486,-0.010432857455593192,0.6240506793745382,-0.042178074931098916
48.0,5,31.00000000000019,24,0.6,0.0999999999999801,0.300000000000022,0.300000000000022,0.6573849246801053,0.58957694327052,20.0,True,False,0.11121344817144485,-0.017582027916984266,-0.0012597699882854196,1.3561596281917065,1.9878951452617093,1.8766816970902644,1.8117940221543056,1.82937605007129,1.8205850361127978,13.147698493602107,11.7915388654104,False,True,False,1.894736842105263,1.9,1.0491668822214577,0.9877272089948761,False,True,True,0.057571200453109816,-0.009657425617741189,-0.0047388327656128215,0.5991578978488568,0.060345127335835025
48.0,5,31.10000000000017,9,0.6,0.09999999999991971,0.0999999999999801,0.0999999999999801,0.8485895083940682,0.58957694327052,20.0,True,False,0.5543481714128082,-0.029694757940082805,-0.002558652429934971,5.180251302470966,2.4310298685030727,1.8766816970902644,1.8167819565629129,1.8464767145029957,1.8316293355329543,16.971790167881366,11.7915388654104,False,True,False,1.8888888888888888,1.9,1.287015812736921,0.9877272089948761,False,True,True,0.2588098192092523,-0.016212564296308796,-0.009701619017259189,0.6052059180150602,0.26467493866165037
48.0,5,31.400000000000176,15,1.099999999999902,1.099999999999902,0.2000000000000881,0.2000000000000881,0.8485895083940682,0.5904532452474478,19.0,False,False,0.6455323682332055,0.204349258877371,0.03166142880593553,5.16272526293241,2.4310298685030727,1.7854975002698672,1.983104382126779,1.778755123249408,1.8809297526880937,16.971790167881366,11.809064904948956,False,True,False,1.8888888888888888,1.894736842105263,1.287015812736921,0.9423459029202077,False,False,True,0.3086178937328721,0.10874973597243043,0.07797121420539155,0.6317662038948331,0.31170908630254496
48.0,5,33.30000000000012,13,0.6,0.40000000000009095,0.8000000000000398,0.8000000000000398,0.9054006076192542,0.7409682920181719,19.0,True,False,0.47106388497525886,0.27188695983305,0.062156819761818194,3.2886463120216476,2.5937816792581776,2.1227177942829187,1.6066106225024823,1.3347236626694323,1.4706671425859574,18.108012152385086,14.819365840363439,False,False,False,1.8888888888888888,1.8888888888888888,1.3731785360778588,1.1237917734438982,True,False,True,0.2004196725256563,0.18540248035529494,0.28996937664557043,0.38571613633095264,0.20041967252565626
48.0,5,33.70000000000021,17,0.6000000000000085,0.6000000000000085,0.40000000000009095,0.40000000000009095,1.380385572075122,0.7412447084817457,18.0,False,False,1.6113085127438653,0.4721435670290308,0.11104834217370563,12.782817271867524,3.73481818186432,2.1235096691204545,2.578949863709346,2.106806296680315,2.3428780801948306,27.60771144150244,14.824894169634915,False,True,False,1.8823529411764706,1.8888888888888888,1.98412215911542,1.1242110012990643,True,False,True,0.5646289136961834,0.2022090891404854,0.3067215083846482,0.8513801224034329,0.5680951216726696
48.0,5,34.30000000000022,12,1.5,2.1999999999999176,0.6000000000000085,0.6000000000000085,1.3300970839826745,1.0199989860951435,17.0,False,True,1.0013498476630782,1.6657465305242776,0.2951226417194043,6.201961957750619,3.5987559370352944,2.597406089372216,3.6208307137883744,1.9550841832640968,2.7879574485262357,26.60194167965349,20.39997972190287,False,True,False,1.8823529411764706,1.875,1.91183909155,1.385283247665182,True,False,True,0.32607492359043555,0.6162702254550815,0.5907964328852584,1.0253092304167546,0.3221610242692993
48.0,5,36.500000000000135,14,1.5,1.7000000000000242,2.1999999999999176,2.1999999999999176,1.496766124685358,1.021328558038669,16.0,False,True,1.1350235829510456,0.7382031743064181,0.22657362390607322,9.50875133293378,3.573265910942624,2.4382423279915786,2.250307253566082,1.512104079259664,1.8812056664128731,29.93532249370716,20.42657116077338,True,False,False,1.8666666666666667,1.8666666666666667,1.9142495951478344,1.3062012471383457,True,False,True,0.3822025762476208,0.3975646531562486,0.8102881218639693,0.6319128832109859,0.38220257624762083
48.0,5,38.600000000000165,6,0.6,0.10000000000000142,0.4000000000000057,0.4000000000000057,1.0943312418647817,0.7503747923937301,16.0,True,False,0.637026191504455,1.557864329471462,0.3097995655806655,6.879128989421034,2.786691624362759,2.149665432858304,2.813696359444284,1.2558320299728218,2.034764194708553,21.886624837295635,15.007495847874601,False,True,True,1.875,1.8888888888888888,1.4862355329934716,1.1380581703367492,True,False,True,0.25954287709280655,0.8067007243275353,0.7880161726818625,0.7103799373444588,0.2669229843904292
48.0,5,45.90000000000038,5,0.6999999999997826,0.6999999999997826,1.4000000000002473,1.4000000000002473,0.6759988330510218,0.6506769049576606,23.0,False,False,0.08866242054287055,0.008584383516445193,-0.04491784535287768,0.506438561867224,2.3669482276973066,2.278285807154436,1.3126598010996615,1.3040754175832163,1.308367609341439,13.519976661020436,13.013538099153212,True,False,False,1.9090909090909092,1.9090909090909092,1.2398300240319224,1.1933878037475616,True,False,True,0.03817813652608393,0.0065611638891096,-0.19712264047973171,0.26878026044585046,0.03817813652608407
48.0,5,46.70000000000029,24,1.5,3.2000000000000384,0.10000000000012221,0.10000000000012221,0.5688799694815057,0.6731902200947015,23.0,False,True,-0.36523282400537993,-0.4608370486126445,-0.09739772663515728,-2.0862050122639175,1.99188130171686,2.35711412572224,1.8401984212840088,2.3010354698966533,2.070616945590331,11.377599389630113,13.46380440189403,False,False,False,1.9090909090909092,1.9090909090909092,1.043366396137403,1.2346788277592684,True,False,True,-0.16835847279393423,-0.22348582246526072,-0.31179710952213147,0.7278466042197641,-0.16835847279393412
48.0,5,49.900000000000325,19,0.6,0.19999999999988916,3.2000000000000384,3.2000000000000384,0.55767065398482,0.5858494189893912,22.0,True,False,-0.09418058455475031,-0.02305898103125048,0.028572667227489496,-0.5635753000914256,1.863876865178456,1.9580574497332064,1.3771785252975075,1.400237506328758,1.3887080158131329,11.1534130796964,11.716988379787825,False,True,False,1.9047619047619047,1.9047619047619047,0.9785353542186895,1.0279801611099335,False,False,True,-0.049294230078314794,-0.01660501026637129,0.15294348533649638,0.3283738298770094,-0.04929423007831479
48.0,5,50.100000000000215,14,1.5,1.8000000000001393,0.19999999999988916,0.19999999999988916,0.55767065398482,0.5858494189893912,22.0,False,True,-0.09418058455475031,-0.01476846533226106,0.0328638532979717,-0.5635753000914256,1.863876865178456,1.9580574497332064,1.3783966942187424,1.3931651595510035,1.3857809268848729,11.1534130796964,11.716988379787825,False,True,False,1.9047619047619047,1.9047619047619047,0.9785353542186895,1.0279801611099335,False,False,True,-0.049294230078314794,-0.010657243742584643,0.18108642020685473,0.32626382686406463,-0.04929423007831479
48.0,5,51.900000000000354,10,0.6,0.10000000000014353,1.8000000000001393,1.8000000000001393,0.5271133233189538,0.6494613613642843,20.0,True,False,-0.26660861960936577,-0.0016023004511789285,0.012452812793608992,-2.4469607609066113,1.5939611285403503,1.860569748149716,1.3809595108507156,1.3825618113018945,1.3817606610763051,10.542266466379075,12.989227227285687,False,True,False,1.894736842105263,1.8888888888888888,0.8412572622851849,0.9850075137263203,False,True,True,-0.1546605630689199,-0.001159607937803564,0.07707043968379002,0.3233585273347648,-0.1577517556385927
48.0,5,52.0000000000005,11,0.6,0.4999999999999858,0.10000000000014353,0.10000000000014353,0.5271133233189538,0.6494613613642843,20.0,True,False,-0.26660861960936577,0.004332554769442387,0.015601019977090513,-2.4469607609066113,1.5939611285403503,1.860569748149716,1.3396248645182771,1.3352923097488347,1.3374585871335558,10.542266466379075,12.989227227285687,False,True,False,1.894736842105263,1.8888888888888888,0.8412572622851849,0.9850075137263203,False,True,True,-0.1546605630689199,0.0032393964193195846,0.10155355475849248,0.29077123641786495,-0.1577517556385927
48.0,5,52.50000000000048,3,1.399999999999899,1.399999999999899,0.4999999999999858,0.4999999999999858,0.6984769634236141,0.6808497451553155,18.0,False,False,0.047692801646111116,-0.2132681953796487,-0.021645337864044906,0.3525443653659721,1.889823043199648,1.8421302415535368,1.5830264439983288,1.7962946393779775,1.6896605416881532,13.969539268472282,13.61699490310631,False,False,False,1.8823529411764706,1.8823529411764706,1.003968491699813,0.9786316908253164,False,True,True,0.025560554819955228,-0.12638752378172985,-0.09176200085132025,0.5245276458529086,0.0255605548199553
48.0,5,55.70000000000032,13,0.6,0.3000000000002032,1.0000000000000355,1.0000000000000355,0.6916308684812709,0.6758062075244076,19.0,True,False,0.04533431425268608,0.12301136740195462,0.048396385963741406,0.316493219137266,1.9813764872472268,1.9360421729945407,1.3020513954321924,1.1790400280302378,1.240545711731215,13.832617369625417,13.516124150488151,False,True,False,1.8888888888888888,1.8888888888888888,1.0489640226602965,1.024963503350051,True,False,True,0.023146026560654454,0.09924044541523278,0.27870958136240054,0.21555137291151624,0.023146026560654363
48.0,5,56.000000000000526,25,1.5,1.8999999999997996,0.3000000000002032,0.3000000000002032,0.6916308684812709,0.6747791846093221,18.0,False,True,0.048276518177567285,0.036132429476436245,0.03343363084430562,0.33703367743897594,1.9813764872472268,1.9330999690696595,1.972174602470977,1.9360421729945407,1.954108387732759,13.832617369625417,13.495583692186441,False,True,False,1.8888888888888888,1.8888888888888888,1.0489640226602965,1.0234058659780552,True,False,True,0.024666882804215584,0.018491020879034203,0.12303532803876527,0.6699340217509668,0.02466688280421544
48.0,5,59.40000000000036,24,0.6,0.4999999999999929,1.3000000000001464,1.3000000000001464,0.7790760660864473,0.7149954148385591,19.0,True,False,0.1937762956503355,0.07511128810487366,0.049569243149405,1.281613024957764,2.355882332282678,2.1621060366323426,1.2719602251850417,1.196848937080168,1.2344045811326048,15.581521321728946,14.299908296771182,False,True,True,1.894736842105263,1.894736842105263,1.24338234203808,1.1411115193337364,True,False,True,0.08583255705405202,0.06086697757832918,0.28833662660950177,0.21058873328206354,0.0858325570540519
48.0,5,62.40000000000062,2,1.2999999999997058,1.2999999999997058,1.9000000000001336,1.9000000000001336,0.7844391640589663,0.5962845064439977,21.0,False,False,0.5989148765037076,0.4184278605273757,0.11138310350859978,3.7630931522993727,2.4969474102971745,1.898032533793467,1.6035471390324212,1.1851192785050455,1.3943332087687335,15.688783281179326,11.925690128879953,True,False,False,1.9,1.9,1.3141828475248287,0.9989644914702458,False,True,True,0.2742511087880538,0.3023747108192062,0.7174806796940676,0.33241631445563413,0.2742511087880537
48.0,5,64.2000000000004,19,1.300000000000182,1.300000000000182,0.19999999999987494,0.19999999999987494,0.6069143900821983,0.6562657162096599,22.0,False,False,-0.16494465752783993,-0.024070005974596853,-0.008094239605008324,-0.9870265225492325,2.028461929518877,2.193406587046717,1.5397777361591831,1.56384774213378,1.5518127391464815,12.138287801643965,13.125314324193198,False,False,False,1.9047619047619047,1.9047619047619047,1.0649425129974106,1.1515384581995265,True,False,True,-0.07817801877214292,-0.015511206967271929,-0.029551665586735387,0.43942375671485084,-0.07817801877214284
48.0,5,65.50000000000058,18,1.2999999999998977,1.2999999999998977,1.300000000000182,1.300000000000182,0.6367457321969097,0.5651713951780026,21.0,False,False,0.1378783694649639,-0.03057119620055171,0.0544376973983173,1.4314867403781406,2.026824615436128,1.888946245971164,1.8994705407158612,1.930041736916413,1.914756138816137,12.734914643938193,11.303427903560053,True,True,False,1.9,1.9047619047619047,1.066749797597962,0.9916967791348611,False,True,True,0.07045120774814229,-0.01596644347067966,0.2018781015973079,0.6495902718690862,0.0729543379662608
48.0,5,66.80000000000048,23,0.6,0.5999999999998806,1.2999999999998977,1.2999999999998977,0.6876398154469241,0.5856027374846802,20.0,True,False,0.30855440139054013,0.38206306344678875,0.159326635179128,2.0407415592448785,2.079384238208356,1.7708298368178157,1.9372784162080765,1.5552153527612878,1.7462468844846821,13.752796308938482,11.712054749693603,False,False,True,1.894736842105263,1.894736842105263,1.0974527923877435,0.9346046360982917,False,False,True,0.16062353948443464,0.21967008331300658,0.7064927808654999,0.5574688474698666,0.16062353948443467
48.0,5,74.59999999999992,12,0.6,0.20000000000055707,1.0999999999993406,1.0999999999993406,0.5048487327948283,0.5104448306319505,23.0,True,False,-0.020484872554488387,0.04365742043443066,-0.008450272361817696,-0.11192195674244232,1.8480309407734568,1.8685158133279451,1.1744064859531271,1.1307490655186965,1.152577775735912,10.096974655896567,10.208896612639009,False,True,False,1.9130434782608696,1.9130434782608696,0.9660161735861251,0.9767241751486986,False,False,True,-0.0110237170991756,0.03788259869373288,-0.06627106475500177,0.14200097798125372,-0.011023717099175583
48.0,5,78.30000000000017,2,1.0999999999998238,1.0999999999998238,3.4999999999996874,3.4999999999996874,0.4962600563150285,0.5302730875186823,23.0,False,False,-0.11909352500320791,0.09405813633774462,0.050375479361398,-0.6802606240730764,1.7376093024751813,1.8567028274783892,1.2408052864630494,1.1467471501253048,1.1937762182941771,9.92520112630057,10.605461750373646,True,False,False,1.9090909090909092,1.9090909090909092,0.9101763012965235,0.9725586239172515,False,False,True,-0.06629203690405772,0.07883122408221496,0.6406812328531384,0.17712157554056468,-0.06629203690405773
48.0,5,79.39999999999999,19,1.5,2.699999999999534,1.0999999999998238,1.0999999999998238,0.5103928192614768,0.5530747287119349,22.0,False,True,-0.14265377426246273,-0.1011886500220669,-0.003919264138775108,-0.8536381890091604,1.7058623421855197,1.8485161164479824,1.6369132316516437,1.7381018816737106,1.6875075566626772,10.207856385229537,11.061494574238697,True,False,False,1.9047619047619047,1.9047619047619047,0.8955777296473979,0.9704709611351908,False,False,True,-0.08031246260074765,-0.05998135269524374,-0.023989103239638876,0.5232526217768487,-0.08031246260074765
48.0,5,82.09999999999953,24,0.6,0.39999999999983515,2.699999999999534,2.699999999999534,0.6236544682789864,0.5925635327329246,21.0,True,False,0.1039137976276523,0.011428241444610077,0.020830408325254603,0.6218187109212359,2.0844115195669146,1.9804977219392623,1.1228987222206153,1.1114704807760052,1.1171846014983102,12.473089365579728,11.851270654658492,False,True,True,1.9047619047619047,1.9047619047619047,1.0943160477726301,1.0397613040181128,True,False,True,0.051138382766257484,0.01022959060452762,0.3677454520350132,0.1108117718738735,0.05113838276625735
48.0,5,82.49999999999936,6,0.6,0.10000000000056275,0.39999999999983515,0.39999999999983515,0.6236544682789864,0.5925635327329246,20.0,True,False,0.1039137976276523,0.08824767309981563,0.02464602805554189,0.6218187109212359,2.0844115195669146,1.9804977219392623,1.9959358342372115,1.907688161137396,1.9518119976873036,12.473089365579728,11.851270654658492,False,True,False,1.9047619047619047,1.9047619047619047,1.0943160477726301,1.0397613040181128,True,False,True,0.051138382766257484,0.04522090808709023,0.11030048374201162,0.6687581706923459,0.05113838276625735
48.0,5,84.99999999999945,7,1.300000000000722,1.300000000000722,2.3999999999995225,2.3999999999995225,0.7632306945300789,0.6592534137836603,20.0,False,False,0.3144214658008786,0.0716792638997672,0.06451019049510731,2.079545614928371,2.3079668173245267,1.993545351523648,1.3258892720795443,1.2542100081797771,1.2900496401296606,15.264613890601577,13.185068275673206,True,False,False,1.894736842105263,1.894736842105263,1.2180935980323893,1.0521489355263698,True,False,True,0.1464523340212477,0.055577484231001395,0.4006903507712667,0.25468069835388396,0.14645233402124777
48.0,5,86.39999999999985,18,1.000000000000142,1.000000000000142,0.09999999999968168,0.09999999999968168,0.6385007024578035,0.5638221986975553,20.0,False,False,0.23770906032300365,0.247732462006939,0.06203618359763152,1.493570075204964,2.0324108592761383,1.7947017989531346,2.0550032289251754,1.8072707669182364,1.931136997921706,12.770014049156071,11.276443973951107,False,True,False,1.9,1.9,1.0696899259348096,0.9445798941858604,False,False,True,0.12438382438091422,0.12845957547381026,0.21380160312399688,0.658108947549001,0.12438382438091408
48.0,5,88.79999999999912,15,1.3000000000004093,1.3000000000004093,1.3999999999991246,1.3999999999991246,0.5167205557493975,0.7058818924929451,20.0,False,False,-0.5720132739075172,0.21037202395364396,0.07975836132743802,-3.7832267348709525,1.56253398224945,2.134547256156967,1.433846996647302,1.223474972693658,1.32866098467048,10.33441111498795,14.117637849858902,True,False,False,1.894736842105263,1.894736842105263,0.8246707128538764,1.126566607416177,False,False,True,-0.3119457151554361,0.1586658913965731,0.4786402331451294,0.2841716566485825,-0.31194571515543607
48.0,5,91.49999999999896,3,0.8999999999998352,0.8999999999998352,0.9999999999996021,0.9999999999996021,0.698095390403223,0.6713439130126932,21.0,False,False,0.08515259723427793,0.08494746604432835,0.020452971832563394,0.5350295478105949,2.2221066426467884,2.1369540454125104,1.3246802401287552,1.2397327740844268,1.282206507106591,13.96190780806446,13.426878260253865,False,False,False,1.9,1.9,1.1695298119193624,1.1247126554802687,True,False,True,0.03907421220287832,0.06627525048730332,0.10168477460406411,0.24858242751258852,0.039074212202878475
48.0,5,92.3999999999988,10,0.600000000000648,0.600000000000648,0.8999999999998352,0.8999999999998352,0.6586541561982768,0.6663898953469847,20.0,False,False,0.08143562339123722,0.1010843758428015,0.049907433402938406,-0.15471478297415686,2.096561294939542,2.015125671548305,2.1138256239686672,2.0127412481258657,2.0632834360472665,13.173083123965537,13.327797906939693,False,True,False,1.9,1.894736842105263,1.1034533131260749,1.0635385488727165,True,False,True,0.03961696252784319,0.04900179977779573,0.17816369113212316,0.7242986148832872,0.03684303564511805
48.0,5,93.4999999999993,12,0.6,0.5999999999994969,0.4999999999998579,0.4999999999998579,1.0021889382605078,0.8939168501978187,20.0,True,False,0.32740872226710094,0.16438234149987396,0.0415216823781821,2.1654417612537813,3.0305631452873847,2.7031544230202837,2.055666627471383,1.8912842859715089,1.9734754567214459,20.043778765210156,17.878337003956375,False,False,False,1.894736842105263,1.894736842105263,1.5994638822350087,1.4266648343718165,True,False,True,0.11432906288696221,0.08334407358243401,0.12276012202102415,0.679796179621565,0.11432906288696226
48.0,5,94.0999999999988,16,0.6,0.30000000000103455,0.5999999999994969,0.5999999999994969,0.9639765736737722,0.8309035024519229,19.0,True,False,0.402405504470166,0.4116407894201757,0.10176369084904102,2.661461424436986,2.91501109777442,2.512605593304254,2.933630725279316,2.5219899358591404,2.7278103305692283,19.279531473475444,16.618070049038458,False,True,False,1.894736842105263,1.894736842105263,1.5384780793809438,1.326097396466134,True,False,True,0.14855332723408987,0.15119256429985795,0.23106442005381922,1.0034992106466691,0.14855332723408987
48.0,5,94.99999999999876,5,0.6,0.5000000000007532,0.5999999999989285,0.5999999999989285,0.8099114018313589,0.6172895966276304,19.0,True,False,0.582477536463694,0.5942845386316684,0.07735469480797619,3.8524361040745703,2.449126658290995,1.8666491218273011,2.4784714941190904,1.884186955487422,2.1813292248032563,16.198228036627178,12.345791932552608,False,True,False,1.894736842105263,1.894736842105263,1.2925946252091365,0.9851759254088535,False,True,True,0.27158658499611765,0.2741456326446696,0.2010011269973928,0.7799344271357227,0.2715865849961177
48.0,5,95.49999999999952,19,0.6,0.5999999999997669,0.5000000000007532,0.5000000000007532,0.7133058945782551,0.6567525065606654,18.0,True,False,0.266538930335803,0.5467454157958402,0.1141372974445154,1.1310677603517938,2.0434708630568825,1.7769319327210795,2.070554651608116,1.5238092358122757,1.797181943710196,14.266117891565102,13.135050131213308,False,True,False,1.8888888888888888,1.8823529411764706,1.0818375157359967,0.9439950892580735,False,False,True,0.13976152173193168,0.3066032429444003,0.36562010441678305,0.5862198512627719,0.1362953137554455
48.0,5,96.09999999999928,7,0.6999999999998323,0.6999999999998323,0.5999999999997669,0.5999999999997669,0.6799277750264077,0.6524705087551324,17.0,False,False,-0.03392455227624169,-0.1092679559039289,0.032880944970151205,0.5491453254255063,1.731421861454831,1.7653464137310726,1.6676639768171506,1.7769319327210795,1.722297954769115,13.598555500528153,13.049410175102647,False,True,True,1.875,1.8823529411764706,0.9234249927759098,0.9378402822946323,False,False,True,-0.019403983349040144,-0.06346441294150484,0.11643742699420834,0.5436594193590707,-0.01549008402790375
48.0,5,98.69999999999855,22,0.7999999999999687,0.7999999999999687,1.8999999999994373,1.8999999999994373,0.650830117916291,0.8052776947804352,17.0,False,False,-0.3932975249039041,0.26799083533296364,0.05853490117584692,-3.0889515372828846,1.6573252860713412,2.0506228109752453,1.6492556620706535,1.38126482673769,1.5152602444041716,13.01660235832582,16.105553895608704,True,False,False,1.875,1.875,0.8839068192380487,1.0936654991867976,False,False,True,-0.2129385278208593,0.17732445171738626,0.3057665022079672,0.4155872026936997,-0.21293852782085926
48.0,5,99.49999999999852,9,0.6000000000008612,0.6000000000008612,0.7999999999999687,0.7999999999999687,0.9071929519252642,0.7782728772113563,16.0,False,False,0.20442629898938014,-0.3835620447922099,-0.03231152593865441,2.5784014942781575,2.310147882192544,2.105721583203164,1.6151469802730738,1.9987090250652837,1.8069280026691787,18.143859038505283,15.565457544227126,False,True,False,1.875,1.8823529411764706,1.2320788705026902,1.1186645910766808,True,False,True,0.09265333748532267,-0.21307552268533803,-0.123673542283534,0.5916281672464088,0.09656723680645907
48.0,5,100.09999999999938,2,0.6,0.2999999999994145,0.6000000000004206,0.6000000000004206,0.8965886922827435,0.7197687449891852,16.0,True,False,0.45026829838429117,0.4435184473017111,0.051269515641283514,3.5363989458711664,2.2831443567535503,1.8328760583692592,2.2896948787087203,1.8461764314070093,2.0679356550578647,17.93177384565487,14.395374899783704,False,True,False,1.875,1.875,1.2176769902685602,0.9775338977969382,False,False,True,0.21966724696371942,0.21530186145988772,0.13150277600479365,0.7265508415866136,0.21966724696371942
48.0,5,101.6999999999985,4,0.6,0.4000000000003041,0.19999999999919282,0.19999999999919282,0.7074914410717108,0.7726343760310845,17.0,True,False,-0.17625294180706907,-0.06310767690966523,-0.01248826888829041,-1.3028586991874747,1.9142129207101095,2.0904658625171786,1.3643957194616363,1.4275033963713015,1.395949557916469,14.149828821434216,15.45268752062169,False,True,False,1.8823529411764706,1.8823529411764706,1.0169256141272458,1.110559989462251,False,True,True,-0.08808041118015864,-0.04521540753668607,-0.043709120807092106,0.333574870389699,-0.08808041118015844
48.0,5,103.19999999999877,5,0.6,0.30000000000075033,0.20000000000000284,0.20000000000000284,0.6417279936371321,0.6205981268627188,18.0,True,False,0.06053260939237948,-0.3591323617637787,-0.0915997588372702,0.42259733548826617,1.8384152815402908,1.7778826721479113,1.4026976948057113,1.76183005656949,1.5822638756876006,12.834559872742641,12.411962537254375,False,True,False,1.8888888888888888,1.8888888888888888,0.9732786784625069,0.9412320029018354,False,False,True,0.033480794244783674,-0.22795576635225812,-0.31629153218643946,0.4588566542272413,0.03348079424478377
48.0,5,104.0999999999995,19,1.5,2.5999999999990564,0.5999999999999801,0.5999999999999801,0.6244972392936186,0.5710134333242332,18.0,False,True,0.2526116402979408,0.15061817717963222,0.08458894134093078,1.069676119387708,1.8884446290356107,1.63583298873767,1.8000646794178738,1.6494465022382416,1.7247555908280576,12.489944785872371,11.420268666484663,False,True,False,1.894736842105263,1.8888888888888888,0.9966791097687946,0.8660292293317077,False,True,True,0.1436013948182348,0.08738281881993593,0.29976184349167356,0.5450853539683577,0.14051020224856187
48.0,5,107.19999999999808,17,0.6,0.3000000000004377,0.49999999999953104,0.49999999999953104,0.6476897041428478,0.7445971535320064,19.0,True,False,-0.29304269226153323,0.24607256758729323,0.036816940079628296,-1.9381489877831726,1.958577342077168,2.251620034338701,1.456608999651858,1.2105364320645648,1.3335727158582116,12.953794082856955,14.891943070640128,False,True,False,1.894736842105263,1.894736842105263,1.0336935972073942,1.1883550181232034,True,False,True,-0.13943160858157266,0.1850475376653728,0.18885219601644,0.28786159323062027,-0.13943160858157275
48.0,5,109.49999999999828,6,0.6,0.200000000000216,1.3999999999988972,1.3999999999988972,0.7662254785679536,0.6196191140841032,20.0,True,False,0.4433294243304009,0.0716628403508004,0.02991932247469689,2.932127289677009,2.317022876303816,1.873693451973415,1.5072370269913984,1.435574186640598,1.4714056068159982,15.324509571359073,12.392382281682064,False,False,False,1.894736842105263,1.894736842105263,1.222873184715903,0.9888937663193024,False,True,True,0.21237152773202295,0.04871329203474867,0.16470380628092673,0.38621813904023233,0.21237152773202292
48.0,5,111.49999999999828,9,0.6,0.20000000000089813,0.299999999999514,0.299999999999514,0.6278305493706613,0.6866729594863905,21.0,True,False,-0.28722354402361816,0.031999331722119884,0.0457786632248087,-1.1768482023145843,1.8985243717723788,2.185747915795997,1.2834133690507106,1.2514140373285907,1.2674137031896506,12.556610987413226,13.73345918972781,False,True,False,1.894736842105263,1.9,1.0019989739909778,1.15039363989263,False,True,True,-0.14088112754588422,0.02524908136228704,0.20147728875753557,0.23697836989684196,-0.13810720066315885
48.0,5,111.69999999999918,2,0.6,0.4000000000003183,0.20000000000089813,0.20000000000089813,0.6235054435801297,0.6866729594863905,21.0,True,False,-0.2010684479863465,0.02848315676367741,0.019124731278719304,-1.263350318125216,1.9846794678096504,2.185747915795997,1.265177043255981,1.2366938864923036,1.2509354648741424,12.470108871602594,13.73345918972781,False,True,False,1.9,1.9,1.0445681409524477,1.15039363989263,True,False,True,-0.09650064161027083,0.02277046918006395,0.08759158817078716,0.22389164332290667,-0.0965006416102708
48.0,5,116.09999999999847,12,0.6,0.5999999999990848,0.9000000000003894,0.9000000000003894,0.6650404711555886,0.6623021677912604,21.0,True,False,0.008716290322360098,0.09796070895082343,0.03351787415086449,0.054766067286564635,2.1168895668114995,2.1081732764891394,1.2541959456712235,1.1562352367204,1.2052155911958118,13.300809423111772,13.246043355825208,False,False,False,1.9,1.9,1.114152403585,1.1095648823627051,True,False,True,0.004125999073169906,0.08132544499891126,0.2122037895174531,0.1866584647948887,0.004125999073169878
48.0,5,116.69999999999756,11,0.8000000000007219,0.8000000000007219,0.5999999999990848,0.5999999999990848,0.9810743265980104,0.6542068618026793,20.0,False,False,0.8843086265432354,0.00497294029359896,0.01795554957514295,6.537349295906623,2.966713743753892,2.082405117210657,2.094758778568027,2.089785838274428,2.0922723084212276,19.62148653196021,13.084137236053586,False,True,False,1.894736842105263,1.9,1.565765586981221,1.0960026932687668,True,False,True,0.35393132456795295,0.0023768142486504384,0.06485762085362134,0.7382507042810902,0.3567052514506781
48.0,5,117.79999999999758,8,1.5,1.7000000000006992,0.2999999999993008,0.2999999999993008,0.8812062614921672,0.6068827722530798,20.0,False,True,0.9697871794537327,1.081889729164032,0.16318193565530004,5.486469784781747,2.8049666480001543,1.8351794685464216,2.832034364339913,1.7501446351758811,2.291089499757897,17.624125229843344,12.137655445061597,False,True,False,1.9,1.894736842105263,1.4762982357895549,0.9685669417328336,False,False,True,0.42424936896124443,0.48129687686652856,0.4339843978991097,0.8290274685127171,0.42147544207851917
48.0,5,122.39999999999756,10,1.5,1.7000000000009123,2.699999999998383,2.699999999998383,0.7593880375418758,0.6281455479617719,21.0,False,True,0.417757819207202,0.33824858366145927,0.1021086826672128,2.6248497916020774,2.4172071979928664,1.9994493787856644,1.5518815042342382,1.213632920572779,1.3827572124035086,15.187760750837516,12.562910959235438,True,False,False,1.9,1.9,1.2722143147330875,1.0523417783082445,True,False,True,0.18974099127560973,0.2458497934190194,0.6777150495988795,0.3240794858642278,0.18974099127560967
48.0,5,125.79999999999748,22,1.5,4.600000000000051,1.0999999999999233,1.0999999999999233,0.5231658927828482,0.6240603187863938,22.0,False,True,-0.3532726258354426,0.31812963501473646,0.03230081551259731,-2.017888520070912,1.831817633656446,2.1850902594918886,1.5422184497912448,1.2240888147765083,1.3831536322838764,10.463317855656964,12.481206375727876,False,True,False,1.9090909090909092,1.9090909090909092,0.9595235223914717,1.1445710883052749,False,False,True,-0.17634842003665618,0.23102518908904524,0.18869002904303,0.324366132763092,-0.17634842003665618
48.0,5,130.49999999999756,6,1.5,2.399999999999636,0.10000000000002274,0.10000000000002274,0.5475046227310312,0.5688792782448493,23.0,False,True,-0.0748414058020328,0.006397390128867642,0.0009026622200389023,-0.4274931102763624,1.917037475612752,1.9918788814147848,1.1663980401936305,1.1600006500647628,1.1631993451291966,10.950092454620624,11.377585564896986,False,False,False,1.9090909090909092,1.9090909090909092,1.004162487225727,1.0433651283601253,False,True,True,-0.03829734184504763,0.00549983653399036,0.005119055522030624,0.15117426480624124,-0.03829734184504764
48.0,5,132.8999999999972,8,0.9000000000002615,0.9000000000002615,2.399999999999636,2.399999999999636,0.5390015940299753,0.6280348501723045,22.0,False,False,-0.29757173910698986,0.10207651886921787,0.041898438852456504,-1.7806651228465853,1.8014801285099131,2.099051867616903,1.2993075468999,1.1972310280306822,1.2482692874652912,10.780031880599505,12.56069700344609,True,False,False,1.9047619047619047,1.9047619047619047,0.9457770674677044,1.1020022304988741,False,False,True,-0.1528771305447898,0.08182005249873464,0.324956121648857,0.22175802188368604,-0.15287713054478985
48.0,5,134.19999999999703,24,1.5,3.10000000000025,0.39999999999957936,0.39999999999957936,0.4857384880666329,0.6050344817631883,22.0,False,True,-0.3214098074194054,0.07218488240059928,0.02543794067681579,-2.3859198739311083,1.7007689913673414,2.022178798786747,1.7180689546618206,1.6458840722612214,1.681976513461521,9.714769761332658,12.100689635263766,False,True,False,1.9090909090909092,1.9047619047619047,0.8908789954781312,1.0616438693630421,False,False,True,-0.1730950467416863,0.042923289547114774,0.11442177616059479,0.5199695979940041,-0.17536519527622546
48.0,5,137.29999999999728,9,1.2000000000002728,1.2000000000002728,3.10000000000025,3.10000000000025,0.512528256151425,0.5573722047048859,21.0,False,False,-0.14274272160083878,-0.05266344915921084,0.016141927277719598,-0.8968789710692171,1.6314281088153684,1.7741708304162072,1.1979525205833597,1.2506159697425705,1.224284245162965,10.250565123028501,11.147444094097718,True,False,False,1.9,1.9,0.8586463730607202,0.933774121271688,False,False,True,-0.0838774043815913,-0.04302233906052391,0.1658440061504689,0.20235638357007926,-0.0838774043815914
48.0,5,139.39999999999682,4,0.6,0.5000000000002842,0.8999999999992667,0.8999999999992667,0.5009823165348752,0.4539469511335952,21.0,True,False,0.14971821807494456,0.056536642901828804,0.006910837847827617,0.9407073080256012,1.5946762415630793,1.4449580234881347,1.321432235908249,1.2648955930064203,1.2931639144573346,10.019646330697505,9.078939022671904,False,False,True,1.9,1.9,0.8393032850331996,0.760504222888492,False,False,True,0.09859046063359772,0.04372659198445303,0.044487840542228874,0.25709186241032445,0.09859046063359775
48.0,5,139.8999999999971,22,0.6,0.10000000000002274,0.5000000000002842,0.5000000000002842,0.617230902358223,0.6431862288133265,20.0,True,False,-0.07848745159297787,0.1538987571434003,0.048427855878243206,-0.5191065291020713,1.8664716336482616,1.9449590852412395,1.5721919726342224,1.418293215490822,1.4952425940625222,12.34461804716446,12.86372457626653,False,True,False,1.894736842105263,1.894736842105263,0.9850822510921381,1.0265061838773208,False,True,True,-0.04119111934323949,0.10301661879046625,0.3363160197062911,0.40228846395418727,-0.04119111934323942
48.0,5,139.99999999999713,5,0.6,0.49999999999982947,0.10000000000002274,0.10000000000002274,0.617230902358223,0.6431862288133265,20.0,True,False,-0.07848745159297787,0.11088284399693515,0.03868254024508952,-0.5191065291020713,1.8664716336482616,1.9449590852412395,1.55584086748507,1.4449580234881347,1.5003994454866023,12.34461804716446,12.86372457626653,False,True,False,1.894736842105263,1.894736842105263,0.9850822510921381,1.0265061838773208,False,True,True,-0.04119111934323949,0.07393587861915896,0.26960677432324087,0.40573136964848233,-0.04119111934323942
48.0,5,140.49999999999696,10,0.6,0.40000000000023306,0.49999999999982947,0.49999999999982947,0.7226100667233348,0.8275743777738169,18.0,True,False,-0.3007006011345501,-0.06594806589259594,-0.009713008659817501,-2.099286221009642,2.070125352845695,2.370825953980245,1.7552197701491348,1.8211678360417307,1.7881938030954327,14.452201334466697,16.55148755547634,False,True,False,1.8888888888888888,1.8888888888888888,1.0959487162124266,1.2551431521071885,True,False,True,-0.1356292358487644,-0.036883889228498834,-0.03724204417030763,0.5812060618704145,-0.13562923584876455
48.0,5,141.1999999999966,3,1.0000000000004263,1.0000000000004263,0.2999999999994145,0.2999999999994145,0.8851293134103404,0.8023222734125222,18.0,False,False,0.09635198978750825,-0.25884372951420564,-0.016006778376833286,1.6561407999563649,2.394835993581449,2.298484003793941,2.058596689318476,2.317440418832682,2.1880185540755788,17.702586268206808,16.046445468250443,False,True,False,1.8823529411764706,1.8888888888888888,1.272256621590145,1.2168444725967922,True,False,True,0.041064973017495565,-0.11843877699671312,-0.0394862275725848,0.7829963644486336,0.044531180993981956
48.0,5,144.69999999999575,13,0.6000000000015291,0.6000000000015291,2.499999999998721,2.499999999998721,0.5988015515342346,0.625762768205516,18.0,False,False,-0.07294718538510292,0.29025759915686344,0.0965058285464314,-0.5392243334256275,1.6201378565820856,1.6930850419671886,1.4296462489427144,1.139388649785851,1.2845174493642828,11.976031030684693,12.51525536411032,True,False,False,1.8823529411764706,1.8823529411764706,0.860698236309233,0.899451428545069,False,False,True,-0.044041091132312915,0.22693518886359543,0.6597961178789364,0.2503831220331674,-0.0440410911323129
48.0,5,148.19999999999587,21,0.6,0.3000000000010914,0.19999999999873808,0.19999999999873808,0.5448535887341865,0.5311275965245121,21.0,True,False,0.04587574968922148,0.04880922492142048,0.05379201349254992,0.2745198441934882,1.8210389800764928,1.7751632303872713,1.3069880024237035,1.258178777502283,1.2825833899629933,10.897071774683731,10.622551930490243,False,True,False,1.9047619047619047,1.9047619047619047,0.9560454645401588,0.9319606959533175,False,False,True,0.025514826898545118,0.038059994459893665,0.17587086621040005,0.24887631736262703,0.02551482689854514
48.0,5,148.79999999999697,6,0.6,0.19999999999976126,0.30000000000001137,0.30000000000001137,0.5190466174175494,0.5247683228365911,21.0,True,False,-0.019123391707479565,-0.005345442888837537,-0.046974914033540205,-0.11443410838083423,1.7347855319997478,1.7539089237072274,1.7546582433385496,1.7600036862273871,1.7573309647829682,10.380932348350989,10.495366456731823,False,True,False,1.9047619047619047,1.9047619047619047,0.9107624042998677,0.9208021849462944,False,False,True,-0.010963174613600857,-0.003041798680804342,-0.1416189326414179,0.5637961607217998,-0.010963174613600898
48.0,5,148.99999999999673,7,0.6,0.19999999999987494,0.19999999999976126,0.19999999999976126,0.4923572764100461,0.5150126088769058,21.0,True,False,-0.07571987113931145,-0.06156947836886739,-0.06034927414203911,-0.4531066493371938,1.6455829804663509,1.7213028516056623,1.6690946964327118,1.7306641748015792,1.6998794356171456,9.847145528200922,10.300252177538116,False,True,False,1.9047619047619047,1.9047619047619047,0.8639310647448343,0.9036839970929728,False,False,True,-0.04498675909770905,-0.03622386940708122,-0.1958868346238165,0.5305573283220039,-0.044986759097708995
48.0,5,153.39999999999523,14,0.6,0.30000000000066507,0.699999999999477,0.699999999999477,0.501370627127081,0.9360758875661128,21.0,True,False,-1.234728715123153,-0.04573213152189637,-0.009027743283650996,-8.694105208780636,1.5959122725671693,2.8306409876903222,1.1734091012417325,1.2191412327636288,1.1962751670026806,10.02741254254162,18.721517751322256,False,True,True,1.9,1.894736842105263,0.8399538276669313,1.4939494101698925,False,False,True,-0.5730576529718583,-0.0382334295361583,-0.05607774584180936,0.17921270181048105,-0.5758315798545836
48.0,6,20.700000000000024,19,1.5,1.8000000000000256,0.8000000000000504,0.8000000000000504,0.7195072182310955,0.650478529353471,19.0,False,True,0.20873888395050333,0.20410800577340282,0.040407134812919576,1.3805737775524918,2.1757494770637806,1.9670105931132773,2.1979612637244044,1.9938532579510015,2.095907260837703,14.39014436462191,13.009570587069419,False,True,False,1.894736842105263,1.894736842105263,1.1483122240058843,1.0381444796986743,True,False,True,0.10085826753146654,0.0974611553751088,0.13804299275225063,0.7399865196963835,0.10085826753146643
48.0,6,22.50000000000005,5,0.7999999999999119,0.7999999999999119,1.8000000000000256,1.8000000000000256,0.6705375158815796,0.7139586607077542,18.0,False,False,-0.11748172717451077,-0.0958296556997229,0.0197123520552748,-0.8684228965234908,1.8142291230789325,1.9317108502534432,1.3437184798082429,1.4395481355079658,1.3916333076581044,13.410750317631592,14.279173214155083,True,False,False,1.8823529411764706,1.8823529411764706,0.9638092216356828,1.0262213891971417,False,False,True,-0.06274540924072913,-0.06888851382605882,0.11788451696732238,0.33047809880233636,-0.06274540924072915
48.0,6,23.800000000000068,3,0.6,0.4999999999998934,0.3000000000001073,0.3000000000001073,0.7127661467915747,0.697491696962949,20.0,True,False,0.046189079671463684,-0.04515806158526692,0.032382810919772076,0.3054889965725138,2.155364855078409,2.1091757754069453,1.9702519372235576,2.0154099988088245,1.992830968016191,14.255322935831494,13.94983393925898,False,False,False,1.894736842105263,1.894736842105263,1.137553673513605,1.113176103686999,True,False,True,0.021662772122049256,-0.022661226566432102,0.08708195957687481,0.6895562247970123,0.021662772122049437
48.0,6,24.70000000000008,18,1.5,2.499999999999922,0.40000000000011937,0.40000000000011937,0.5359350124251332,0.5975228345156545,20.0,False,True,-0.10094141367596676,0.17409704635437717,0.053174419170964715,-1.2317564418104254,1.705934128069526,1.8068755417454927,1.7069717489407408,1.5328747025863636,1.6199232257635523,10.718700248502664,11.95045669031309,False,True,False,1.9,1.894736842105263,0.8978600674050137,0.9536287581434545,False,False,True,-0.057486297205997516,0.10757603047613679,0.1898845383030563,0.48237875661729984,-0.060260224088722794
48.0,6,27.60000000000012,15,1.0999999999999055,1.0999999999999055,0.4000000000001158,0.4000000000001158,0.6853403029254972,0.6854440250222189,20.0,False,False,-0.0003136498036213631,0.08241961858509161,0.05088185441791371,-0.00207444193443429,2.072430641303107,2.072744291106728,1.3430535686167286,1.260633950031637,1.301843759324183,13.706806058509944,13.708880500444378,False,False,False,1.894736842105263,1.894736842105263,1.0937828384655286,1.0939483758618844,True,False,True,-0.0001513324814196304,0.06333107464620946,0.25386998036208897,0.2637815360666784,-0.0001513324814196998
48.0,6,34.900000000000226,6,0.6999999999998963,0.6999999999998963,2.200000000000145,2.200000000000145,0.515265300976635,0.5311276369073479,23.0,False,False,-0.0555405217918572,0.05514343404304456,0.04794292317042499,-0.3172467186142569,1.8041544323916228,1.85969495418348,1.1870642383583767,1.1319208043153322,1.1594925213368543,10.3053060195327,10.622552738146958,True,False,False,1.9090909090909092,1.9090909090909092,0.9450332741098976,0.9741259283818228,False,False,True,-0.03032044763288466,0.047567215928070644,0.4230773628793285,0.1479824277891163,-0.03032044763288469
48.0,6,36.20000000000013,3,1.0000000000000213,1.0000000000000213,0.6000000000000085,0.6000000000000085,0.4994364758592216,0.5305662852115702,23.0,False,False,-0.10899818679056117,-0.1252487512146665,0.0029638085123902813,-0.6225961870469732,1.7487312456546058,1.857729432445167,1.604218663959038,1.7294674151737044,1.6668430395663711,9.988729517184431,10.611325704231405,False,False,False,1.9090909090909092,1.9090909090909092,0.9160020810571744,0.9730963693760398,False,False,True,-0.060464484265430385,-0.07517668429561286,0.013967771193909906,0.5109314419068764,-0.060464484265430454
48.0,6,37.20000000000015,2,0.6,0.30000000000009663,1.0000000000000213,1.0000000000000213,0.7432385099731604,0.763822823264503,22.0,True,False,-0.06879799941985665,-0.09528830634370977,-0.018688664770881797,-0.41168626582685164,2.484091737928152,2.552889737348009,1.653346638151796,1.7486349444955058,1.700990791323651,14.864770199463209,15.27645646529006,False,True,False,1.9047619047619047,1.9047619047619047,1.30414816241228,1.3402671121077048,True,False,True,-0.0273188529597318,-0.05603395252995447,-0.09518020637743962,0.5312108997151501,-0.0273188529597318
48.0,6,37.50000000000025,7,1.5,2.0000000000000426,0.30000000000009663,0.30000000000009663,0.7370993419384586,0.7523898724456348,21.0,False,True,-0.05110483376700481,-0.060463109319564,-0.007367029987256468,-0.3058106101435243,2.4635730802050664,2.514677913972071,2.478185738923941,2.538648848243505,2.5084172935837232,14.741986838769172,15.047797448912696,False,True,False,1.9047619047619047,1.9047619047619047,1.2933758671076598,1.3202059048353374,True,False,True,-0.020531961579734803,-0.0241052544116086,-0.02072355457679187,0.9196519939317096,-0.020531961579734803
48.0,6,39.50000000000029,23,1.5,3.3999999999999417,2.0000000000000426,2.0000000000000426,0.6018911759348899,0.5978160095314493,20.0,False,True,0.012323074663562972,-0.1205399437138921,0.044263602015947895,0.08150332806881266,1.8200851612151965,1.8077620865516335,1.615521296778457,1.736061240492349,1.675791268635403,12.037823518697799,11.956320190628986,True,False,False,1.894736842105263,1.894736842105263,0.9606005017524648,0.95409665679114,False,False,True,0.006793627855789075,-0.07196120342336054,0.19040089361752188,0.5162854529169778,0.006793627855789013
48.0,6,49.000000000000455,22,1.29999999999999,1.29999999999999,1.5000000000001634,1.5000000000001634,0.5065174125127596,0.571311976835525,24.0,False,False,-0.23718462954143948,0.12949226764433974,-0.009899943649966797,-1.2958912864553085,1.8541392491610136,2.091323878702453,1.2379520999514375,1.1084598323070978,1.1732059661292675,10.130348250255192,11.4262395367105,True,False,False,1.9130434782608696,1.9130434782608696,0.9692091529705298,1.093192027503555,False,False,True,-0.1203767284818682,0.11048696869755005,-0.0895961191196184,0.15974014345537105,-0.12037672848186823
48.0,6,50.300000000000445,9,0.6,0.4000000000000057,1.29999999999999,1.29999999999999,0.5229783399052703,0.5404963857893419,23.0,True,False,-0.06133783910673363,-0.05146928878714285,0.001506962863200484,-0.3503609176814315,1.8311609343701785,1.892498773476912,1.6907716947040667,1.7422409834912096,1.7165063390976383,10.459566798105406,10.809927715786838,False,False,False,1.9090909090909092,1.9090909090909092,0.9591795370510459,0.9913088813450491,False,True,True,-0.032947902153470654,-0.029987157314400825,0.008864459409952063,0.5402910269455736,-0.0329479021534706
48.0,6,50.70000000000045,24,0.6,0.4000000000000057,0.4000000000000057,0.4000000000000057,0.5224808105504382,0.5399084336251514,22.0,True,False,-0.061021231891025485,-0.06111807015299231,0.0008478383137242029,-0.3485524614942648,1.8294188807347715,1.890440112625797,1.8309182781972877,1.89203634835028,1.8614773132737839,10.449616211008763,10.798168672503028,False,True,False,1.9090909090909092,1.9090909090909092,0.9582670327658327,0.9902305351849413,False,True,True,-0.032811300874033944,-0.032836049683992896,0.0036977370426154454,0.6213704269202329,-0.03281130087403403
48.0,6,51.100000000000456,12,1.5,3.2000000000000455,0.4000000000000057,0.4000000000000057,0.5308402850105853,0.5370838607615038,21.0,False,True,-0.02086761480987498,-0.04553240879863907,-0.008505175530302278,-0.1248715150183699,1.774202962386649,1.795070577196524,1.7349432230426491,1.7804756318412882,1.7577094274419687,10.616805700211707,10.741677215230077,False,True,False,1.9047619047619047,1.9047619047619047,0.9314565552529909,0.9424120530281752,False,False,True,-0.011693053133993936,-0.025905849117384583,-0.03250555907761954,0.5640114997325832,-0.011693053133993839
48.0,6,54.3000000000005,16,1.5,1.5999999999999162,3.2000000000000455,3.2000000000000455,0.5636158701482401,0.5839948841721827,20.0,False,True,-0.06162499552774081,0.1270850748348027,0.044380504228416315,-0.407580280478852,1.7043427830435125,1.7659677785712533,1.333793997021867,1.2067089221870644,1.2702514596044656,11.272317402964802,11.679897683443654,True,False,False,1.894736842105263,1.894736842105263,0.8995142466062983,0.9320385498014948,False,False,True,-0.0355192846513388,0.10013075560406107,0.38885683864835907,0.23921488055970425,-0.03551928465133877
48.0,6,55.90000000000042,8,1.100000000000037,1.100000000000037,1.5999999999999162,1.5999999999999162,0.5975809378120198,0.629256490873404,19.0,False,False,-0.09074377520800003,-0.007777659158918926,0.01612485925079618,-0.6335110612276829,1.7119432827049224,1.8026870579129224,1.4727746528557035,1.4805523120146225,1.476663482435163,11.951618756240396,12.58512981746808,True,False,False,1.8888888888888888,1.8888888888888888,0.9063229143731942,0.9543637365421354,False,False,True,-0.051649213811005734,-0.005267061339320256,0.11843951666727182,0.38978513902216017,-0.051649213811005616
48.0,6,57.80000000000055,14,0.6,0.4999999999998934,0.8000000000000966,0.8000000000000966,0.7633241868090619,0.6513628764287258,19.0,True,False,0.33856472365945134,-0.017065038688859113,0.022372379597124986,2.2392262076067215,2.308249532733007,1.9696848090735557,1.445762360019095,1.462827398707954,1.4542948793635246,15.266483736181238,13.027257528574516,False,True,True,1.894736842105263,1.894736842105263,1.2182428089424204,1.0395558714554878,True,False,True,0.15861592468200303,-0.011734370206074374,0.11190330736431142,0.37452116416357767,0.158615924682003
48.0,6,60.90000000000048,9,1.40000000000002,1.40000000000002,1.8000000000000256,1.8000000000000256,0.590958709138909,0.580332782951686,21.0,False,False,0.03382337355252307,0.35856639170280324,0.11412347673117951,0.21251852374446045,1.88107999445326,1.8472566209007368,1.5641034073953872,1.205537015692584,1.3848202115439856,11.81917418277818,11.60665565903372,True,False,False,1.9,1.9,0.9900421023438211,0.9722403267898615,False,True,True,0.018144446161326377,0.2603876333541306,0.654955100046267,0.3255703200535269,0.018144446161326495
48.0,6,66.10000000000052,21,1.5,2.7999999999999687,0.29999999999996874,0.29999999999996874,0.547015104408243,0.6093912959378542,23.0,False,True,-0.21840454269005805,0.2106448078940688,-0.0028321469190223103,-1.2475238305922254,1.915323471875024,2.133728014565082,1.3404736972350209,1.129828889340952,1.2351512932879865,10.94030208816486,12.187825918757085,False,False,False,1.9090909090909092,1.9090909090909092,1.0032646757440602,1.1176670552483763,False,True,True,-0.10798416822789336,0.17095686099749488,-0.014726944650015561,0.21119346726348287,-0.10798416822789328
48.0,6,70.50000000000016,24,1.5,2.899999999999906,1.5999999999996675,1.5999999999996675,0.5868758877137603,0.645268905376148,23.0,False,True,-0.20445782286646974,0.04365877885689162,-0.010220724856363383,-1.1678603532477538,2.05489236724396,2.2593501901104296,1.239087268402502,1.1954284895456104,1.2172578789740562,11.737517754275206,12.90537810752296,True,False,False,1.9090909090909092,1.9090909090909092,1.0763721923658838,1.183469147200701,True,False,True,-0.09485377490119262,0.03587034494210509,-0.08065842702736958,0.19660068882543147,-0.09485377490119236
48.0,6,73.40000000000006,10,0.6,0.4000000000000341,2.899999999999906,2.899999999999906,0.4910860341066083,0.507153876674959,22.0,True,False,-0.05370280796108329,0.09249129637260833,0.034650737001051604,-0.32135685136701575,1.6413341660406982,1.6950369740017814,1.3591276152806355,1.2666363189080272,1.3128819670943312,9.821720682132165,10.14307753349918,False,False,False,1.9047619047619047,1.9047619047619047,0.8617004371713666,0.8898944113509353,False,False,True,-0.032195127174979965,0.07047821555201936,0.25412339172837584,0.2722246956928561,-0.03219512717497999
48.0,6,73.8000000000001,14,0.6,0.3000000000004235,0.4000000000000341,0.4000000000000341,0.5391874920876347,0.5113062981026109,21.0,True,False,0.09318602668243159,-0.052599584968846536,0.01513005520538499,0.5576238797004773,1.8021014470004544,1.7089154203180228,1.6411612088885386,1.693760793857385,1.6674610013729618,10.783749841752694,10.226125962052217,False,True,False,1.9047619047619047,1.9047619047619047,0.9461032596752386,0.8971805956669621,False,False,True,0.053094542329664596,-0.03154733289837297,0.07858520162573424,0.5113021110516687,0.053094542329664506
48.0,6,74.9999999999999,11,1.5,3.500000000000256,0.8999999999993804,0.8999999999993804,0.6780566573800986,0.7109747777034965,21.0,False,True,-0.1047816313352512,0.10026997346739219,0.009729316012651507,-0.6583624064679583,2.1583213743682075,2.2631030057034587,1.6203734012962905,1.5201034278288983,1.5702384145625943,13.561133147601971,14.21949555406993,False,False,False,1.9,1.9,1.1359586180885304,1.1911068451070836,True,False,True,-0.047406104870307164,0.06387824014429727,0.04719765937752873,0.45122746424049504,-0.047406104870307164
48.0,6,78.99999999999967,16,1.5,1.599999999999909,0.49999999999951683,0.49999999999951683,0.655816148253384,0.6034216035617503,21.0,False,True,0.16677701557445435,0.2968416795756088,0.02968196362053238,1.0478908938326725,2.0875276350802663,1.920750619505812,1.417868730509536,1.1210270509339273,1.2694478907217317,13.11632296506768,12.068432071235007,False,False,False,1.9,1.9,1.0986987553054033,1.0109213786872695,False,True,True,0.08326435871820859,0.2349095752632575,0.1501351113967806,0.2385820742321001,0.08326435871820854
48.0,6,80.59999999999958,12,0.8000000000004803,0.8000000000004803,1.599999999999909,1.599999999999909,0.7609061437602467,0.5833408493311238,20.0,False,False,0.5369474922692912,0.26809459235838196,0.10813241098692009,3.5513058885824567,2.3009375061602766,1.7639900138909854,1.7893231439382435,1.5212285515798616,1.6552758477590526,15.218122875204934,11.666816986622477,True,False,False,1.894736842105263,1.894736842105263,1.2143836838068127,0.9309947295535757,False,False,True,0.2657383547491451,0.16231915045247558,0.5604393233214451,0.5039676703233411,0.2657383547491452
48.0,6,82.59999999999947,18,0.6,0.29999999999999716,0.7999999999993719,0.7999999999993719,0.7549640030493472,0.6555913488695531,21.0,True,False,0.21197237859664186,0.5364645430798964,0.05778996987960219,1.9874530835958826,2.403125058834967,2.191152680238325,1.8695403178705985,1.333075774790702,1.6013080463306504,15.099280060986944,13.111826977391061,False,True,True,1.9,1.9047619047619047,1.2648026625447195,1.1503551571251207,True,False,True,0.0923422548250501,0.33820369644214704,0.26652180083130816,0.4708208242076158,0.09484538504316858
48.0,6,82.89999999999947,17,0.6,0.10000000000043485,0.29999999999999716,0.29999999999999716,0.7549640030493472,0.6555913488695531,20.0,True,False,0.21197237859664186,-0.1333306657604456,0.011907379029334697,1.9874530835958826,2.403125058834967,2.191152680238325,1.9800534314339944,2.11338409719444,2.046718764314217,15.099280060986944,13.111826977391061,False,True,False,1.9,1.9047619047619047,1.2648026625447195,1.1503551571251207,True,False,True,0.0923422548250501,-0.0651666703319338,0.04069211754075286,0.7162379080436249,0.09484538504316858
48.0,6,83.59999999999941,15,1.5,2.699999999999733,0.5999999999995111,0.5999999999995111,1.0468720816146408,0.6098907370238287,20.0,False,True,1.2243399540375404,0.34092627213297755,0.0675457019447982,8.739626891816243,3.1656824649035715,1.9413425108660312,2.2990741584110634,1.958147886278086,2.1286110223445744,20.937441632292817,12.197814740476574,False,True,False,1.894736842105263,1.9,1.670776856476885,1.0217592162452795,True,False,True,0.4889889114201553,0.16050743156343272,0.1833162254370979,0.7554696648245798,0.4917628383028807
48.0,6,86.29999999999914,8,0.6,0.3000000000006793,2.699999999999733,2.699999999999733,1.142626370960356,0.7288671054098708,19.0,True,False,1.1194811501613424,1.0882138076602446,0.2792933518388381,8.275185311009702,3.0915287957734043,1.972047645612062,2.3014078235477653,1.2131940158875207,1.757300919717643,22.852527419207117,14.577342108197415,False,True,True,1.8823529411764706,1.8823529411764706,1.6423746727546211,1.047650311731408,True,False,True,0.4495933075225711,0.6402644685574487,1.307018163796085,0.5637790635882658,0.44959330752257115
48.0,6,86.59999999999982,14,0.6,0.1999999999999318,0.3000000000006793,0.3000000000006793,1.142626370960356,0.7288671054098708,18.0,True,False,1.1194811501613424,0.42874749359964537,0.20668858856798042,8.275185311009702,3.0915287957734043,1.972047645612062,2.0563775387992083,1.627630045199563,1.8420037919993857,22.852527419207117,14.577342108197415,False,True,False,1.8823529411764706,1.8823529411764706,1.6423746727546211,1.047650311731408,True,False,True,0.4495933075225711,0.23382096176313455,0.8061231717967152,0.6108539964625844,0.44959330752257115
48.0,6,86.79999999999976,10,0.6,0.19999999999991758,0.1999999999999318,0.1999999999999318,1.142626370960356,0.7288671054098708,18.0,True,False,1.1194811501613424,0.38565390389814946,0.20096627725101737,8.275185311009702,3.0915287957734043,1.972047645612062,2.013442602652298,1.6277886987541483,1.820615650703223,22.852527419207117,14.577342108197415,False,True,False,1.8823529411764706,1.8823529411764706,1.6423746727546211,1.047650311731408,True,False,True,0.4495933075225711,0.2126235274098497,0.8034846080403701,0.5991747135055916,0.44959330752257115
48.0,6,89.09999999999899,3,1.5,1.5000000000004974,0.49999999999940314,0.49999999999940314,0.5065587390687827,0.6790841970203711,18.0,False,True,-0.38616942322800574,0.3015403280026203,0.18589564123425423,-3.4505091590317694,1.4511838912054986,1.8373533144335044,1.4654762687143692,1.1639359407117489,1.314706104713059,10.131174781375654,13.581683940407423,False,True,False,1.8888888888888888,1.8823529411764706,0.7682738247558523,0.9760939482927992,False,False,True,-0.23594642004848032,0.2303729736925991,0.9343814805080701,0.27361314613632304,-0.23941262802496643
48.0,6,90.89999999999944,11,0.6,0.1999999999995623,0.2999999999999545,0.2999999999999545,0.7567526525868251,1.1189632746030045,18.0,True,False,-0.980009385882505,-0.06971206662043561,0.023014355181124907,-7.244212440323587,2.047495731070649,3.027505116953154,1.4218358712709829,1.4915479378914185,1.4566919045812008,15.135053051736502,22.37926549206009,False,True,True,1.8823529411764706,1.8823529411764706,1.0877321071312822,1.6083620933813632,True,False,True,-0.3911214348058849,-0.04786556150881971,0.10106070374415843,0.3761680460887505,-0.391121434805885
48.0,6,91.099999999999,6,0.6,0.5000000000000995,0.19999999999951967,0.19999999999951967,0.7499561516550006,1.114936996260159,19.0,True,False,-1.0455930999497856,-0.2157492637938514,-0.07954102074891897,-7.299616892103167,2.1484661154852325,3.194059215435018,1.268179096521019,1.4839283603148703,1.3760537284179446,14.999123033100012,22.29873992520318,False,True,True,1.8888888888888888,1.8888888888888888,1.137423237609829,1.690972525818539,True,False,True,-0.396538436340204,-0.1571107795052461,-0.3031595774268392,0.3192197855642116,-0.3965384363402039
48.0,6,91.5999999999991,4,1.5,2.199999999999747,0.5000000000000995,0.5000000000000995,0.7499561516550006,1.114936996260159,17.0,False,True,-1.0455930999497856,-0.9878034137670118,-0.18379454932295447,-7.299616892103167,2.1484661154852325,3.194059215435018,2.037380199883078,3.0251836136500896,2.5312819067665835,14.999123033100012,22.29873992520318,False,True,False,1.8888888888888888,1.8888888888888888,1.137423237609829,1.690972525818539,True,False,True,-0.396538436340204,-0.39530702156717745,-0.40445782518332984,0.928725856935622,-0.3965384363402039
48.0,6,91.5999999999994,16,1.5,2.1999999999994486,0.5000000000003979,0.5000000000003979,0.7499561516550006,1.114936996260159,17.0,False,True,-1.0455930999497856,-0.9878034137670118,-0.18379454932295447,-7.299616892103167,2.1484661154852325,3.194059215435018,2.037380199883078,3.0251836136500896,2.5312819067665835,14.999123033100012,22.29873992520318,False,True,False,1.8888888888888888,1.8888888888888888,1.137423237609829,1.690972525818539,True,False,True,-0.396538436340204,-0.39530702156717745,-0.40445782518332984,0.928725856935622,-0.3965384363402039
48.0,6,93.79999999999885,19,0.6,0.5000000000002984,2.1999999999994486,2.1999999999994486,0.6847578432538093,0.7135745509897164,16.0,True,False,-0.07338114367686543,-0.08412991870285924,0.06047637294130692,-0.5763341547181433,1.7437215291966242,1.8171026728734896,1.7530634622805952,1.8371933809834544,1.795128421632025,13.695156865076186,14.271491019794329,False,True,True,1.875,1.875,0.9299848155715329,0.9691214255325278,False,False,True,-0.041221655515621736,-0.04687426330551292,0.18711296297827795,0.5850765634657797,-0.041221655515621715
48.0,6,95.39999999999864,2,1.5,1.7000000000003581,0.5999999999988859,0.5999999999988859,1.0353570780147825,0.7505434424574853,18.0,False,True,0.7706014653015965,-0.12140320777157254,-0.0756017097222546,5.696272711145944,2.8012973461309736,2.030695880829377,1.6283136662627895,1.749716874034362,1.6890152701485759,20.70714156029565,15.010868849149706,False,False,False,1.8823529411764706,1.8823529411764706,1.4881892151320797,1.0788071866906066,True,False,True,0.32170411502736374,-0.07190906986401935,-0.22730863039615534,0.5241456787253362,0.32170411502736374
48.0,6,97.29999999999876,25,1.5,1.6000000000006764,0.19999999999976126,0.19999999999976126,0.7929495522286327,0.6793621227477598,18.0,False,True,0.4335278557344029,1.0223026402943618,0.20339473575918426,2.2717485896174594,2.271633135474455,1.838105279740052,2.31278595011458,1.2904833098202184,1.8016346299673993,15.858991044572655,13.587242454955195,False,True,False,1.8888888888888888,1.8823529411764706,1.2026293070158878,0.9764934298619026,False,False,True,0.2117637139551357,0.5834360298816369,0.6835099110447713,0.5886943805632445,0.2082975059786495
48.0,6,100.39999999999844,7,0.6,0.09999999999999432,0.799999999999045,0.799999999999045,0.5669599364718554,0.9107650662175786,21.0,True,False,-1.0396474313282633,0.14613011386188846,0.0065979173805568725,-6.876102594914464,1.714455052066692,2.7541024833949552,1.5784144362575494,1.432284322395661,1.505349379326605,11.339198729437108,18.21530132435157,False,True,True,1.894736842105263,1.894736842105263,0.904851277479643,1.4535540884584486,False,False,True,-0.4739963359493409,0.09715022382905786,0.022795639168519122,0.4090250169911516,-0.4739963359493407
48.0,6,100.49999999999844,5,1.3000000000004093,1.3000000000004093,0.09999999999999432,0.09999999999999432,0.5669599364718554,0.9107650662175786,21.0,False,False,-1.0396474313282633,0.12163663280507775,0.009127333475364707,-6.876102594914464,1.714455052066692,2.7541024833949552,1.5313759040341597,1.409739271229082,1.4705575876316208,11.339198729437108,18.21530132435157,False,True,False,1.894736842105263,1.894736842105263,0.904851277479643,1.4535540884584486,False,False,True,-0.4739963359493409,0.08276184170404394,0.033551005308281034,0.38564164018432245,-0.4739963359493407
48.0,6,102.6999999999993,10,0.6999999999993349,0.6999999999993349,0.9000000000004604,0.9000000000004604,0.6773139691421681,0.6097280830682914,20.0,False,False,0.1073346908238959,-0.44246797285662587,-0.03081634716100662,1.3517177214775344,2.048159458069183,1.9408247672452872,1.5367355235483433,1.9792034964049692,1.7579695099766561,13.546279382843363,12.194561661365828,False,True,False,1.894736842105263,1.9,1.0809730473142911,1.0214867196027828,True,False,True,0.053828544046552906,-0.25303411264229736,-0.10515505386183643,0.5641594555270637,0.05660247092927816
48.0,6,106.19999999999816,22,1.5,2.200000000000287,0.8999999999993946,0.8999999999993946,0.7010290290189225,0.6084161955787364,21.0,False,True,0.2947958047150405,0.163385786331129,0.07053736072823732,1.8522566688037223,2.2314447043854653,1.9366488996704248,1.5259702151641077,1.3625844288329787,1.4442773219985432,14.02058058037845,12.168323911574728,False,False,False,1.9,1.9,1.174444581255508,1.0192888945633816,False,True,True,0.14169011706309842,0.11324720267930982,0.2922852049485478,0.3676090732766834,0.1416901170630983
48.0,6,108.59999999999856,25,1.5,2.1000000000007475,0.10000000000012221,0.10000000000012221,0.5750378009213328,0.6053376088844198,22.0,False,True,-0.1012696484532698,0.3235767116147472,0.013950255634248954,-0.6059961592617391,1.9219222781077907,2.0231919265610605,1.6901592369375351,1.366582525322788,1.5283708811301615,11.500756018426657,12.106752177688396,False,False,False,1.9047619047619047,1.9047619047619047,1.0090091960065901,1.0621757614445568,False,True,True,-0.05135055423396395,0.21250963122637945,0.04755418225409236,0.4242023845445293,-0.05135055423396401
48.0,6,110.99999999999832,17,1.5,2.4999999999998437,0.2999999999990166,0.2999999999990166,0.5090035513446778,0.5488090657934501,22.0,False,True,-0.13304013212359767,0.10279178343597106,0.04396007521490522,-0.7961102889754468,1.701219056204531,1.8342591883281287,1.4727140637746676,1.3699222803386966,1.421318172056682,10.180071026893556,10.976181315869002,False,False,False,1.9047619047619047,1.9047619047619047,0.8931400045073788,0.9629860738722676,False,False,True,-0.07529560195045626,0.0723529918067925,0.1935087435384022,0.3515847311990589,-0.07529560195045631
48.0,6,113.49999999999817,24,0.6999999999999886,0.6999999999999886,2.4999999999998437,2.4999999999998437,0.7417451401216049,0.553100306080549,21.0,False,False,0.6004751565276862,0.17215384938028655,0.1144119815064323,3.772896680821116,2.36104811129488,1.7605729547671936,1.2711561349044431,1.0990022855241566,1.1850792102142997,14.834902802432097,11.062006121610981,True,False,False,1.9,1.9,1.2426569006815158,0.9266173446143124,False,False,True,0.29346633684915435,0.14552407374542592,0.9627779020305054,0.1698096164158299,0.2934663368491544
48.0,6,114.69999999999808,7,0.6,0.49999999999967315,0.49999999999992895,0.49999999999992895,0.6628232262071903,0.6647527848241621,21.0,True,False,0.09934961700945877,0.5727057367611339,0.10566331087881162,-0.03859117233943721,2.2153234497868284,2.1159738327773696,2.237748502740873,1.6650427659797389,1.9513956343603058,13.256464524143805,13.295055696483242,False,True,False,1.9047619047619047,1.9,1.1630448111380849,1.1136704383038787,True,False,True,0.045883272270704545,0.2956194193016932,0.3806692130770366,0.6685448265058063,0.0433801420525861
48.0,6,115.19999999999776,20,0.6,0.40000000000088676,0.49999999999967315,0.49999999999967315,0.7075973842857888,0.6622112425443802,20.0,True,False,0.03185095469231314,-0.2157612838819758,-0.02710145282417603,0.9077228348281707,2.139734807131596,2.107883852439283,1.8959293975216625,2.1116906814036382,2.0038100394626506,14.151947685715776,13.244224850887605,False,True,False,1.894736842105263,1.9,1.1293044815416757,1.109412553915412,True,False,True,0.01499736875588209,-0.10777973190387768,-0.09191318040884933,0.6950503880423972,0.017771295638607326
48.0,6,115.59999999999864,14,0.9999999999992326,0.9999999999992326,0.40000000000088676,0.40000000000088676,0.7019213135307041,0.8553794178611707,19.0,False,False,-0.32791083880073213,0.1821431179115811,0.025390012737044276,-3.0691620866093317,2.122570687489385,2.450481526290117,2.128319522197654,1.9461764042860727,2.0372479632418634,14.038426270614082,17.107588357223413,False,True,False,1.894736842105263,1.8888888888888888,1.1202456406193977,1.297313749212415,True,False,True,-0.14365660405709324,0.08946608227657804,0.07537285342218603,0.7115998594591273,-0.14674779662676596
48.0,6,116.59999999999788,8,1.5,2.400000000000446,0.9999999999992326,0.9999999999992326,0.5900899581640839,0.9151231463564596,18.0,False,True,-0.8372357605445242,-0.4606296315495013,-0.05991216076671391,-6.500663763847513,1.78439894050337,2.621634701047894,1.731393700929367,2.1920233324788683,1.9617085167041175,11.801799163281679,18.30246292712919,False,True,False,1.894736842105263,1.8888888888888888,0.9417661074878898,1.387924253495944,False,False,True,-0.38471642438953924,-0.23589832175237901,-0.19333159009206002,0.673815785735402,-0.387807616959212
48.0,6,119.6999999999978,15,1.399999999999963,1.399999999999963,0.699999999999477,0.699999999999477,0.5849660538081154,0.5729379079098385,19.0,False,False,0.03445809976694303,-0.06144084094072544,-0.023251519032388618,0.24056291796553886,1.6758043020813815,1.6413462023144385,1.2757214661436365,1.337162307084362,1.306441886613999,11.699321076162308,11.458758158196769,False,False,False,1.8888888888888888,1.8888888888888888,0.8871905128666138,0.8689479894605852,False,False,True,0.020776470185817353,-0.047037812851525196,-0.11625706859021334,0.26730732478565844,0.020776470185817283
48.0,6,121.09999999999776,22,0.6,0.1999999999999602,1.399999999999963,1.399999999999963,0.716583537378761,0.7911090570840349,18.0,True,False,-0.20163878240897493,0.19692276313475743,0.014391547118427106,-1.4905103941054776,1.938812805905798,2.140451588314773,1.558958707745099,1.3620359446103416,1.4604973261777203,14.33167074757522,15.822181141680698,False,False,False,1.8823529411764706,1.8823529411764706,1.0299943031374552,1.1371149062922232,True,False,True,-0.09894099931337497,0.13503750492299765,0.09550042432625849,0.37877701208583164,-0.09894099931337504
48.0,6,121.29999999999772,6,0.6,0.20000000000044338,0.1999999999999602,0.1999999999999602,0.8353743829376286,0.7911090570840349,18.0,True,False,-0.013188190284925572,0.21138721919154468,0.0142708124603379,0.8853065170718715,2.1272633980298474,2.140451588314773,1.5074026048668308,1.296015385675286,1.4017089952710584,16.70748765875257,15.822181141680698,False,True,False,1.875,1.8823529411764706,1.134540478949252,1.1371149062922232,True,False,True,-0.006180465334480689,0.15109357095592124,0.10238799544805288,0.33769220306733827,-0.002266566013344462
48.0,6,121.49999999999818,17,0.6,0.0999999999999801,0.2000000000004576,0.2000000000004576,0.9951145435939504,0.7911090570840349,17.0,True,False,0.07683199146380293,0.07905217872959902,0.022602057791568708,4.080109730198309,2.217283579778576,2.140451588314773,1.933616645334027,1.854564466604428,1.8940905559692276,19.902290871879007,15.822181141680698,False,True,False,1.8571428571428572,1.8823529411764706,1.1939219275730792,1.1371149062922232,True,False,True,0.035266004597938494,0.04174227923856011,0.08852693704019088,0.6387388056426957,0.048749354935225475
48.0,6,121.59999999999816,11,0.6,0.09999999999953957,0.0999999999999801,0.0999999999999801,0.9951145435939504,0.7897500075406807,17.0,True,False,0.08050908216023966,-0.2152095405771406,-0.0267572788658329,4.107290721065393,2.217283579778576,2.1367744976183363,1.9252420477376324,2.140451588314773,2.0328468180262025,19.902290871879007,15.795000150813614,False,True,False,1.8571428571428572,1.8823529411764706,1.1939219275730792,1.1351614518597413,True,False,True,0.03698538605144808,-0.10596513042888889,-0.0667893879828243,0.7094371840583857,0.05046873638873495
48.0,6,121.6999999999977,5,1.0000000000003837,1.0000000000003837,0.09999999999953957,0.09999999999953957,0.9951145435939504,0.7864252717096747,17.0,False,False,0.0895046005738882,-0.219799381395263,-0.026723984449297744,4.173785437685513,2.217283579778576,2.1277789792046877,1.9128270583615548,2.1326264397568178,2.0227267490591863,19.902290871879007,15.728505434193494,False,True,False,1.8571428571428572,1.8823529411764706,1.1939219275730792,1.1303825827024905,True,False,True,0.04120413101700815,-0.10877200741701665,-0.06738692283930059,0.7044464769217574,0.05468748135429506
48.0,6,124.1999999999986,14,0.6,0.39999999999928093,0.5999999999999517,0.5999999999999517,0.6226020820648523,0.6415750371426903,17.0,True,False,-0.05133387295687242,-0.03337473819316972,0.0015373909833436006,-0.3794591015567583,1.6845333819787611,1.7358672549356335,1.7166234634345685,1.7499982016277382,1.7333108325311533,12.452041641297047,12.831500742853805,False,True,False,1.8823529411764706,1.8823529411764706,0.8949083591762168,0.9221794791845553,False,False,True,-0.030018546451647143,-0.019255501534078956,0.004417298464124864,0.550033355602988,-0.03001854645164731
48.0,6,128.69999999999828,10,0.6,0.39999999999946567,1.0000000000004832,1.0000000000004832,0.7371346881811673,0.682537763630283,18.0,True,False,0.1564086675579932,0.1303014552125925,-0.010121981167277416,1.0919384910176877,2.111735328273643,1.9553266607156496,1.3387744133179256,1.208472958105333,1.2736236857116294,14.742693763623347,13.65075527260566,False,True,False,1.8888888888888888,1.8888888888888888,1.1179775267331051,1.0351729380259322,True,False,True,0.07695277057930183,0.10239703402021716,-0.06307951845520687,0.24186613338450888,0.07695277057930183
48.0,6,132.6999999999971,19,1.5,1.9999999999998863,0.49999999999849365,0.49999999999849365,0.5336320253802103,0.4315842688519247,23.0,False,True,0.3573109074241274,0.14920800370178422,-0.0050560912863519825,2.0409551305657114,1.8684638418908048,1.5111529344666774,1.3708273032766871,1.221619299574903,1.296223301425795,10.672640507604205,8.631685377038494,False,False,False,1.9090909090909092,1.9090909090909092,0.9787191552761358,0.7915562990063548,False,False,True,0.21224372610299413,0.11523715518648978,-0.026888486645413323,0.259454883570926,0.21224372610299413
48.0,6,134.69999999999698,18,1.5,2.0000000000013074,1.9999999999998863,1.9999999999998863,0.6233744856673269,0.5851640879856221,22.0,False,True,0.12770884703955887,0.2971811930624917,0.0791486551997328,0.7642079536340951,2.083475746617782,1.955766899578223,1.4421201003332262,1.1449389072707346,1.2935295038019805,12.467489713346538,11.703281759712443,True,False,False,1.9047619047619047,1.9047619047619047,1.0938247669743355,1.0267776222785672,True,False,True,0.0632551386041027,0.23076304323960695,0.8535527873103583,0.25737453166250523,0.06325513860410262
48.0,6,137.2999999999966,9,0.6,0.30000000000077875,0.5999999999983174,0.5999999999983174,0.5606573328592361,0.6052622099965461,22.0,True,False,-0.14908082033060066,0.41235093405316614,0.0677462565390706,-0.8920975427461997,1.8738591040105763,2.022939924341177,1.5762891349314303,1.1639382008782642,1.3701136679048473,11.213146657184723,12.105244199930922,False,True,False,1.9047619047619047,1.9047619047619047,0.9837760296055527,1.062043460279118,False,True,True,-0.07655186505938727,0.30326417998880595,0.37011905779915955,0.31489370567188496,-0.07655186505938724
48.0,6,137.59999999999738,25,1.5,1.6999999999997897,0.30000000000077875,0.30000000000077875,0.5598190809460952,0.6051332225436497,21.0,False,True,-0.15145136217155364,-0.1500230636865345,0.014682640628119803,-0.9062828319510885,1.871057453364392,2.0225088155359456,1.8729168606546425,2.022939924341177,1.9479283924979098,11.196381618921905,12.102664450872993,False,True,False,1.9047619047619047,1.9047619047619047,0.9823051630163059,1.0618171281563715,False,True,True,-0.07783497454949662,-0.07705482727793633,0.054494183581829336,0.6667664450467036,-0.07783497454949662
48.0,6,139.29999999999717,24,1.3999999999999204,1.3999999999999204,1.6999999999997897,1.6999999999997897,0.667613886861461,0.6294207236526503,20.0,False,False,0.11549398362295626,-0.0008002532766608894,0.0323582492519931,0.7638632641762122,2.018826953245102,1.903332969622146,1.4345623110363086,1.4353625643129695,1.434962437674639,13.352277737229219,12.588414473053007,True,False,False,1.894736842105263,1.894736842105263,1.0654920031015818,1.004536845078355,False,True,True,0.0589100826087503,-0.0005576824008705628,0.1824870532124796,0.3611386730325028,0.05891008260875025
48.0,6,141.499999999998,10,1.1999999999989654,1.1999999999989654,0.8000000000009209,0.8000000000009209,0.5481011773005724,0.6585755409507072,20.0,False,False,-0.24683526845528725,0.33116633676270046,0.0759367213204186,-2.209487273002697,1.7446602336374688,1.991495502092756,1.7612287996607483,1.4300624628980478,1.595645631279398,10.962023546011448,13.171510819014145,False,True,False,1.9,1.894736842105263,0.9182422282302468,1.0510670705489547,False,False,True,-0.13232603690552502,0.20829362339393737,0.3350303953937741,0.46727843883485304,-0.1350999637882502
48.0,6,143.29999999999637,2,0.6,0.500000000000199,0.5999999999993975,0.5999999999993975,0.7694565157478133,0.6885467091192643,20.0,True,False,0.23178952205177406,-0.2317060441959684,0.005918230274272018,1.6181961325709793,2.2043305435595637,1.9725410215077896,1.435714821904446,1.6674208661004144,1.55156784400243,15.389130314956265,13.770934182385286,False,True,False,1.8888888888888888,1.8888888888888888,1.1669985230609454,1.0442864231511828,True,False,True,0.11110128420716747,-0.14961518215461045,0.023299865950883403,0.439265931956979,0.1111012842071674
48.0,6,143.2999999999969,7,0.6,0.49999999999965894,0.5999999999999375,0.5999999999999375,0.7694565157478133,0.6885467091192643,20.0,True,False,0.23178952205177406,-0.2317060441959684,0.005918230274272018,1.6181961325709793,2.2043305435595637,1.9725410215077896,1.435714821904446,1.6674208661004144,1.55156784400243,15.389130314956265,13.770934182385286,False,True,False,1.8888888888888888,1.8888888888888888,1.1669985230609454,1.0442864231511828,True,False,True,0.11110128420716747,-0.14961518215461045,0.023299865950883403,0.439265931956979,0.1111012842071674
48.0,6,143.79999999999657,21,1.4000000000002615,1.4000000000002615,0.49999999999965894,0.49999999999965894,0.7644147360393339,0.688223324335751,18.0,False,False,0.21827231628794874,0.2226114207466814,0.05419101755980971,1.523828234071658,2.189886908633035,1.9716145923450863,2.1949970716061906,1.9723856508595092,2.08369136123285,15.288294720786677,13.764466486715019,False,True,False,1.8888888888888888,1.8888888888888888,1.1593518928057245,1.043795960653281,True,False,True,0.10499710550915109,0.106936912029446,0.13173416883553668,0.7341410137068658,0.10499710550915117
48.0,6,145.19999999999683,18,0.6,0.09999999999976694,1.4000000000002615,1.4000000000002615,0.7481404946366252,0.5887551328559377,17.0,True,False,0.456605427309956,0.1021419038292366,0.025282087837042833,3.1877072356137504,2.143264641275421,1.686659213965465,1.6792904627036074,1.5771485588743708,1.628219510788989,14.962809892732505,11.775102657118754,False,True,True,1.8888888888888888,1.8888888888888888,1.1346695159693405,0.8929372309228932,False,False,True,0.23958042387222633,0.06275285355875648,0.09216589454508961,0.487487093127947,0.23958042387222628
48.0,6,146.59999999999584,13,0.7000000000013245,0.7000000000013245,0.9999999999984652,0.9999999999984652,0.6559466146932591,0.6926396560263348,18.0,False,False,0.005119204743845529,0.30001101600241586,0.0600825541299575,-0.7338608266615143,1.879148630390887,1.8740294256470416,1.8981683800473432,1.5981573640449274,1.7481628720461353,13.118932293865182,13.852793120526696,False,True,False,1.8888888888888888,1.8823529411764706,0.9948433925598814,0.9955781323749908,False,True,True,0.0027279323506677056,0.17203809259574854,0.21019956205643342,0.5585654491204748,-0.0007382756258185056
48.0,6,147.89999999999668,19,0.8999999999994657,0.8999999999994657,0.5999999999995111,0.5999999999995111,0.7092315779792759,0.7552232623112074,18.0,False,False,-0.1244366663433325,-0.2774368303089827,-0.04224296927227872,-0.9198336866386292,1.9189210943485355,2.043357760691868,1.4872725765722536,1.7647094068812363,1.625990991726745,14.184631559585519,15.104465246224148,False,False,False,1.8823529411764706,1.8823529411764706,1.0194268313726595,1.085533810367555,False,True,True,-0.062831317799116,-0.17104207778714448,-0.16074513660327394,0.48611747096681895,-0.06283131779911598
48.0,6,148.79999999999615,12,0.7000000000018645,0.7000000000018645,0.8999999999994657,0.8999999999994657,0.7012631940470544,0.7412032363149681,17.0,False,False,-0.1080631376220409,-0.11202921673852817,-0.0277227547769221,-0.798800845358274,1.897361563596995,2.005424701219036,1.903621427362285,2.015650644100813,1.959636035731549,14.025263880941088,14.824064726299362,False,True,False,1.8823529411764706,1.8823529411764706,1.0079733306609036,1.0653818725226127,False,True,True,-0.055391589019493925,-0.057183957142766695,-0.0941917037973048,0.6727587599434465,-0.05539158901949386
48.0,6,152.2999999999962,9,0.6000000000001933,0.6000000000001933,0.4999999999996305,0.4999999999996305,0.7552808320445923,0.738682211696414,20.0,False,False,0.05019329706144715,0.03879647637976191,0.04984595109029277,0.33197240696356545,2.2839268790066725,2.2337335819452253,1.4088352059569689,1.370038729577207,1.389436967767088,15.105616640891846,14.77364423392828,False,False,False,1.894736842105263,1.894736842105263,1.2054058528090772,1.1789149460266468,True,False,True,0.022221839367927765,0.027924258714697725,0.1779132891046682,0.3288986059236105,0.022221839367927737
48.0,6,152.8999999999964,6,0.6,0.3000000000004377,0.6000000000001933,0.6000000000001933,0.7288903945076246,1.0699333066696797,19.0,True,False,-1.0312946402638765,0.0691392878995476,0.040875794923890096,-6.820858243241101,2.2041236759037126,3.235418316167589,2.216848133213297,2.1477088453137494,2.182278489263523,14.577807890152492,21.398666133393593,False,True,False,1.894736842105263,1.894736842105263,1.1632874956158483,1.70758188908845,True,False,True,-0.3838282250628481,0.03168480667153928,0.11915537567739842,0.78036950954342,-0.3838282250628482
48.0,7,22.80000000000005,22,1.2000000000000206,1.2000000000000206,0.9000000000000838,0.9000000000000838,0.5400213315968179,0.5459147771347554,24.0,False,False,-0.021573332751730234,0.12195630474479602,0.008179441511861604,-0.11786891075875161,1.9767824788701247,1.998355811621855,1.193439722753184,1.071483418008388,1.132461570380786,10.800426631936357,10.918295542695109,False,False,False,1.9130434782608696,1.9130434782608696,1.033318113954838,1.0445950833477877,True,False,True,-0.010854235993293604,0.10779560059777704,0.06360135660064525,0.12439364436070041,-0.010854235993293541
48.0,7,24.00000000000007,6,1.5,3.5000000000000497,1.2000000000000206,1.2000000000000206,0.5457435147621261,0.5179893427217932,23.0,False,True,0.09717870077612067,0.008587346360311443,0.0073013482267103025,0.5550834408066585,1.9108711167642167,1.813692415988096,1.8066989248740024,1.798111578513691,1.8024052516938467,10.914870295242523,10.359786854435864,True,False,False,1.9090909090909092,1.9090909090909092,1.0009324897336374,0.9500293607556693,False,True,True,0.052194444041708477,0.004764390580983546,0.037680064418483816,0.5891220238543817,0.05219444404170855
48.0,7,27.50000000000012,21,1.1000000000000156,1.1000000000000156,3.5000000000000497,3.5000000000000497,0.6464413647077532,0.5676614232979489,22.0,False,False,0.2633025589290652,0.0771693014996504,0.06454780916256408,1.5755988281960853,2.160571110858502,1.8972685519294368,1.1770716911509145,1.099902389651264,1.1384870404010892,12.928827294155063,11.353228465958978,True,False,False,1.9047619047619047,1.9047619047619047,1.1342998332007135,0.9960659897629544,False,True,True,0.12995734234264067,0.06780829730561946,1.0409063373192287,0.12970022340995654,0.12995734234264059
48.0,7,28.600000000000136,25,0.6,0.09999999999999787,1.1000000000000156,1.1000000000000156,0.5864806995922143,0.5767786886800819,21.0,True,False,0.12422376226004128,0.2457992147771373,0.065951870534351,0.19404021824264817,1.9601673497299703,1.835943587469929,1.9875005176948064,1.7417013029176691,1.8646009103062378,11.729613991844285,11.535573773601637,False,True,False,1.9047619047619047,1.9,1.0290878586082344,0.9662860986683838,False,False,True,0.0654712861654908,0.13201543219398504,0.3299328506244157,0.6230470410849052,0.06296815594737215
48.0,7,28.700000000000134,7,0.6,0.2000000000000064,0.09999999999999787,0.09999999999999787,0.5810011364826018,0.5767786886800819,21.0,True,False,0.1059096716075858,0.247943908934668,0.06712537512740299,0.08444895605039804,1.9418532590775148,1.835943587469929,1.9511327161451064,1.7031888072104384,1.8271607616777725,11.620022729652035,11.535573773601637,False,True,False,1.9047619047619047,1.9,1.0194729610156954,0.9662860986683838,False,True,True,0.05608423931480144,0.135907821052749,0.3492842744021796,0.6027632656855816,0.053581109096683024
48.0,7,28.90000000000014,16,0.8000000000000114,0.8000000000000114,0.2000000000000064,0.2000000000000064,0.6124814232667726,0.576317899490685,20.0,False,False,0.10935646780312691,0.008799037056515857,0.04729195008383119,0.7232704755217512,1.852109475232459,1.742753007429332,1.8447426245264449,1.835943587469929,1.840343105998187,12.249628465335451,11.5263579898137,False,False,False,1.894736842105263,1.894736842105263,0.9775022230393534,0.919786309476592,False,False,True,0.06085919531034856,0.004781202912611304,0.18196765623268152,0.6099520248885919,0.060859195310348536
48.0,7,29.700000000000152,23,1.0999999999998984,1.0999999999998984,0.8000000000000114,0.8000000000000114,0.8503617604004994,0.719052009539281,18.0,False,False,0.35527613073737907,0.05973197106126826,0.03152966479501823,2.6261950172243687,2.300767718929112,1.9454915881917327,1.644729438675986,1.5849974676147178,1.614863453145352,17.007235208009988,14.381040190785619,False,False,False,1.8823529411764706,1.8823529411764706,1.2222828506810908,1.0335424062268581,True,False,True,0.16772816837061366,0.03699308611229213,0.11381216831420216,0.47925040396413526,0.16772816837061366
48.0,7,31.3000000000001,4,0.6,0.20000000000007745,0.5000000000000497,0.5000000000000497,0.7209764984379587,0.7186105605037687,18.0,True,False,0.006401362193674709,0.12601922152870082,0.05231161866321268,0.047318758683800866,1.950698550851284,1.9442971886576093,1.3245607519913798,1.198541530462679,1.2615511412270295,14.419529968759175,14.372211210075374,False,True,False,1.8823529411764706,1.8823529411764706,1.0363086051397445,1.0329078814743549,True,False,True,0.0032869704540081646,0.09997547022037453,0.34543810087273075,0.23234202829075065,0.003286970454008137
48.0,7,31.500000000000178,9,0.6,0.4999999999998934,0.20000000000007745,0.20000000000007745,0.7209764984379587,0.7186105605037687,18.0,True,False,0.006401362193674709,0.14275649592016282,0.057278864295930515,0.047318758683800866,1.950698550851284,1.9442971886576093,1.3114567355439088,1.168700239623746,1.2400784875838275,14.419529968759175,14.372211210075374,False,False,False,1.8823529411764706,1.8823529411764706,1.0363086051397445,1.0329078814743549,True,False,True,0.0032869704540081646,0.1152463062600334,0.3982879114856859,0.21517467405238105,0.003286970454008137
48.0,7,33.000000000000085,6,1.5,2.5000000000000355,1.0000000000000142,1.0000000000000142,0.7694667043447163,0.6563171963120658,17.0,False,True,0.2881328561889991,-0.04730452811871766,0.03322999798062609,2.262990160653011,1.9594308726574652,1.671298016468466,1.621862480382218,1.6691670085009356,1.6455147444415767,15.389334086894326,13.126343926241315,True,False,False,1.875,1.875,1.045029798750648,0.8913589421165152,False,False,True,0.1590534800909711,-0.028749536565590594,0.1186251162585461,0.4980532498239368,0.1590534800909711
48.0,7,38.300000000000274,17,0.6,0.5000000000000071,0.6000000000001222,0.6000000000001222,0.5320375836935205,0.5443066412728892,21.0,True,False,-0.0390536232167118,0.18543706176543484,-0.0006168547468227981,-0.24538115158737384,1.6935282271098353,1.732581850326547,1.4989647176059608,1.313527655840526,1.4062461867232434,10.64075167387041,10.886132825457784,False,False,False,1.9,1.9,0.8913306458472818,0.9118851843823933,False,False,True,-0.022798633972392124,0.1320582965594711,-0.0024891005355338613,0.3409238753034453,-0.022798633972392027
48.0,7,38.80000000000028,2,0.6,0.49999999999981526,0.5000000000000071,0.5000000000000071,0.7360167135454425,0.6442652695664757,20.0,True,False,0.292053916901434,-0.049601868789998615,0.0013778572839071856,1.8350288795793368,2.3428139631801748,2.0507600462787408,1.6715701525907425,1.721172021380741,1.6963710869857418,14.72033427090885,12.885305391329513,False,True,True,1.9,1.9,1.2330599806211446,1.0793473927782846,True,False,True,0.13314227653482946,-0.0292420707127794,0.005551295260858735,0.5284913147249632,0.13314227653482952
48.0,7,39.60000000000032,11,1.399999999999764,1.399999999999764,0.10000000000014353,0.10000000000014353,0.7136007723872888,0.6918485970280024,21.0,False,False,0.18281241494827327,0.3084300619702742,0.0012026513160774965,0.4350435071857284,2.385034896712261,2.2022224817639877,2.4032606911404604,2.094830629170186,2.249045660155323,14.272015447745776,13.836971940560048,False,True,False,1.9047619047619047,1.9,1.2521433207739372,1.1590644640863095,True,False,True,0.07974668655834394,0.13735373173046328,0.0029651386369212718,0.8105059751967533,0.07724355634022545
48.0,7,47.90000000000041,10,0.6,0.30000000000000426,0.30000000000008953,0.30000000000008953,0.5281441200114383,0.5195668559148281,24.0,True,False,0.030032507541963183,0.10364751113885373,-0.014261525893070781,0.17154528193220386,1.8492484420242712,1.819215934482308,1.3025375192573827,1.198890008118529,1.2507137636879557,10.562882400228766,10.391337118296562,False,True,True,1.9090909090909092,1.9090909090909092,0.9686539458222373,0.9529226323478756,False,False,True,0.016373705958922402,0.08291816431324098,-0.06234786741654985,0.2237143992998551,0.016373705958922437
48.0,7,48.200000000000415,19,1.5,1.5999999999999304,0.30000000000000426,0.30000000000000426,0.5281441200114383,0.5195668559148281,23.0,False,True,0.030032507541963183,0.21802346814243112,0.03478628839713421,0.17154528193220386,1.8492484420242712,1.819215934482308,1.4378306328326416,1.2198071646902104,1.328818898761426,10.562882400228766,10.391337118296562,False,False,False,1.9090909090909092,1.9090909090909092,0.9686539458222373,0.9529226323478756,False,False,True,0.016373705958922402,0.1644426881682067,0.21760408677520893,0.2842905016431327,0.016373705958922437
48.0,7,49.800000000000345,11,0.6,0.10000000000009379,1.5999999999999304,1.5999999999999304,0.6403101627723764,0.5684160578639088,22.0,True,False,0.3193122688488481,-0.1104561647462241,0.0022109515977603023,1.4378820981693519,2.038170550343996,1.718858281495148,1.452080453542207,1.562536618288431,1.5073085359153189,12.806203255447528,11.368321157278176,False,True,False,1.9,1.894736842105263,1.0727213422863138,0.9071752041224393,False,False,True,0.17039233586224622,-0.07331321441518407,0.013928898158565906,0.41032563386834725,0.16761840897952096
48.0,7,49.80000000000044,8,0.6,0.10000000000000142,1.6000000000000227,1.6000000000000227,0.6403101627723764,0.5684160578639088,22.0,True,False,0.3193122688488481,-0.1104561647462241,0.0022109515977603023,1.4378820981693519,2.038170550343996,1.718858281495148,1.452080453542207,1.562536618288431,1.5073085359153189,12.806203255447528,11.368321157278176,False,True,False,1.9,1.894736842105263,1.0727213422863138,0.9071752041224393,False,False,True,0.17039233586224622,-0.07331321441518407,0.013928898158565906,0.41032563386834725,0.16761840897952096
48.0,7,49.90000000000044,15,1.5,2.0999999999999233,0.10000000000000142,0.10000000000000142,0.6403101627723764,0.5684160578639088,22.0,False,True,0.3193122688488481,-0.10992793162060566,0.0025519100980581078,1.4378820981693519,2.038170550343996,1.718858281495148,1.4261774478728246,1.5361053794934303,1.4811414136831274,12.806203255447528,11.368321157278176,False,True,False,1.9,1.894736842105263,1.0727213422863138,0.9071752041224393,False,False,True,0.17039233586224622,-0.07425248706432608,0.01655756674430675,0.39281301599605695,0.16761840897952096
48.0,7,52.00000000000036,17,0.6,0.29999999999999716,2.0999999999999233,2.0999999999999233,0.740517106118955,0.7834154843218686,19.0,True,False,-0.12289480094914795,0.31471802714151975,0.1401899850883449,-0.8579675640582707,2.121425241892872,2.24432004284202,1.6269937826899583,1.3122757555484386,1.4696347691191984,14.810342122379101,15.668309686437372,False,True,True,1.8888888888888888,1.8888888888888888,1.1231074810021087,1.1881694344457752,True,False,True,-0.05631445236425492,0.21497115892468638,0.7230650906968681,0.3850139135387471,-0.05631445236425486
48.0,7,52.30000000000036,23,0.6,0.4000000000001478,0.29999999999999716,0.29999999999999716,0.740517106118955,0.7834154843218686,18.0,True,False,-0.12289480094914795,-0.11020018521128438,0.05598350663230761,-0.8579675640582707,2.121425241892872,2.24432004284202,2.108099418154952,2.2182996033662365,2.1631995107605944,14.810342122379101,15.668309686437372,False,True,False,1.8888888888888888,1.8888888888888888,1.1231074810021087,1.1881694344457752,True,False,True,-0.05631445236425492,-0.05095416608965342,0.16657000364175345,0.7715883807018162,-0.05631445236425486
48.0,7,52.70000000000051,14,0.6999999999998678,0.6999999999998678,0.4000000000001478,0.4000000000001478,0.7379670262249327,0.777838732322166,17.0,False,False,-0.10787824495299314,-0.10188620510377278,0.019004189022426066,-0.7974341219446668,1.9966687010629147,2.104546946015908,1.9963593937611643,2.098245598864937,2.047302496313051,14.759340524498654,15.556774646443321,False,True,False,1.8823529411764706,1.8823529411764706,1.0607302474396734,1.118040565070951,True,False,True,-0.05262007406867186,-0.049776347776531504,0.05220753776935072,0.716523071195269,-0.052620074068672
48.0,7,53.400000000000375,9,1.5,2.5000000000000355,0.6999999999998678,0.6999999999998678,0.8964624585214107,0.7358641517260276,16.0,False,True,0.2662837984887878,0.10214732225525003,0.02522416688423429,3.2119661359076623,2.140146473549936,1.873862675061148,1.983496310110631,1.881348987855381,1.932422648983006,17.929249170428214,14.717283034520552,False,True,False,1.8666666666666667,1.875,1.1465070394017514,0.9993934266992789,False,True,True,0.13287237019390796,0.05287203441855337,0.06390194001163496,0.6587744742788829,0.1373267205432883
48.0,7,57.900000000000325,6,1.4000000000001336,1.4000000000001336,0.09999999999988773,0.09999999999988773,0.6812523801778614,0.4570413865558764,19.0,False,False,0.6052610748112608,0.40517641362457835,0.015247955930521917,4.4842198724397,2.06006899217009,1.454807917358829,1.7956401549724132,1.390463741347835,1.5930519481601242,13.625047603557228,9.140827731117527,False,True,False,1.894736842105263,1.9,1.0872586347564364,0.7656883775572785,False,False,True,0.34786559723767846,0.25572427228819156,0.04523968348953522,0.46565164066621706,0.3506395241204038
48.0,7,59.30000000000046,15,0.6000000000000085,0.6000000000000085,1.40000000000002,1.40000000000002,0.692612731831689,0.6069699436718659,19.0,False,False,0.24534851536454227,0.4850819732057652,0.01532991298717451,1.7128557631964636,1.9841893185491035,1.7388408031845612,1.7991058457445872,1.314023872538822,1.5565648591417047,13.85225463663378,12.139398873437317,True,False,True,1.8888888888888888,1.8888888888888888,1.0504531686436431,0.9205627781565324,False,False,True,0.13199174081913856,0.31419570138052016,0.06370274246058738,0.442481379894326,0.13199174081913861
48.0,7,59.90000000000047,21,0.6,0.09999999999989484,0.6000000000000085,0.6000000000000085,0.6949168078499346,0.8407556972656849,18.0,True,False,-0.307198197612923,0.24534851536454227,0.032023089185262366,-2.916777788315006,2.1013894551322005,2.4085876527451235,1.9841893185491035,1.7388408031845612,1.8615150608668323,13.898336156998692,16.815113945313698,False,True,False,1.894736842105263,1.8888888888888888,1.109066656875328,1.2751346396885948,True,False,True,-0.13644176827120957,0.13199174081913856,0.11345169110729292,0.6213907050133668,-0.13953296084088235
48.0,7,61.70000000000049,7,1.4000000000001336,1.4000000000001336,0.30000000000011795,0.30000000000011795,0.4828286144879126,0.5295189216441143,21.0,False,False,-0.14861986356776802,-0.08321512395781072,-0.049340262615442,-0.9338061431240341,1.536891213239248,1.685511076807016,1.4707783187721828,1.5539934427299935,1.5123858807510882,9.656572289758252,10.590378432882286,False,False,False,1.9,1.9,0.8088901122311832,0.8871110930563243,False,False,True,-0.09230714407565627,-0.05503630310495128,-0.17589428295375575,0.4136884573332268,-0.09230714407565631
48.0,7,63.10000000000063,20,0.6,0.19999999999989626,1.4000000000001336,1.4000000000001336,0.931143466754964,1.0389423077465212,20.0,True,False,-0.30882093126090426,-0.08719746316440724,-0.053219880960331395,-2.155976819831146,2.667529538311976,2.97635046957288,1.2520657514598827,1.33926321462429,1.2956644830420863,18.622869335099278,20.778846154930424,False,True,False,1.8888888888888888,1.8888888888888888,1.4122215202828108,1.5757149544797602,True,False,True,-0.1095450978115099,-0.06732483447343557,-0.3282389187938908,0.25902367787157726,-0.10954509781151006
48.0,7,63.30000000000052,19,0.6,0.29999999999999716,0.19999999999989626,0.19999999999989626,0.931143466754964,1.0389423077465212,20.0,True,False,-0.30882093126090426,-0.12598242570072538,-0.0521279049793386,-2.155976819831146,2.667529538311976,2.97635046957288,1.213133597578203,1.3391160232789283,1.2761248104285656,18.622869335099278,20.778846154930424,False,True,False,1.8888888888888888,1.8888888888888888,1.4122215202828108,1.5757149544797602,True,False,True,-0.1095450978115099,-0.09880295010629672,-0.3490473723107743,0.24382799395462912,-0.10954509781151006
48.0,7,63.60000000000052,10,1.5,2.299999999999798,0.29999999999999716,0.29999999999999716,0.9306211122346122,1.038198715223584,18.0,False,True,-0.3081871310701012,-0.30882093126090426,-0.08088003943858751,-2.151552059779437,2.666033102840689,2.97422023391079,2.667529538311976,2.97635046957288,2.8219400039424283,18.612422244692244,20.76397430447168,False,True,False,1.8888888888888888,1.8888888888888888,1.4114292897391882,1.5745871826586537,True,False,True,-0.10939026004441654,-0.1095450978115099,-0.1769065634898459,1.0374245930850012,-0.10939026004441671
48.0,7,68.0000000000003,2,0.6,0.5,0.099999999999838,0.099999999999838,0.6381405506267246,0.654371323486683,20.0,True,False,-0.049080946886419285,-0.26767034429951786,-0.08328896301759942,-0.32461545719916884,1.9297012373729152,1.9787821842593345,1.431399909852514,1.699070254152032,1.565235082002273,12.762811012534492,13.08742646973366,False,False,False,1.894736842105263,1.894736842105263,1.0184534308357054,1.0443572639146488,False,True,True,-0.02511640538001414,-0.17142826878656625,-0.2651307209602187,0.4480360248534298,-0.02511640538001398
48.0,7,68.5000000000003,14,0.6,0.1999999999999602,0.5,0.5,0.6333384416119072,0.7619429755528939,19.0,True,False,-0.14635891650723099,-0.04923042229156738,-0.053615819198565284,-2.572090678819734,1.9151799290204028,2.061538845527634,1.9202036842679335,1.969434106559501,1.944818895413717,12.666768832238144,15.238859511057878,False,True,False,1.894736842105263,1.8823529411764706,1.0107894069829904,1.0951925116865555,False,True,True,-0.07364114038679748,-0.02531497996133414,-0.15921347412215248,0.6651688598373028,-0.08019854093295656
48.0,7,68.70000000000026,22,1.0000000000002416,1.0000000000002416,0.1999999999999602,0.1999999999999602,0.6229519995101223,0.7619429755528939,19.0,False,False,-0.1777669349383313,-0.0492115958715571,-0.0404585180113044,-2.7798195208554333,1.8837719105893025,2.061538845527634,1.8932485549744669,1.942460150846024,1.9178543529102454,12.459039990202445,15.238859511057878,False,True,False,1.894736842105263,1.8823529411764706,0.9942129528110208,1.0951925116865555,False,True,True,-0.09017661405982602,-0.025661122924062973,-0.12776964532942148,0.6512070366176421,-0.096734014605985
48.0,7,70.40000000000028,13,0.7000000000003439,0.7000000000003439,0.6999999999997755,0.6999999999997755,0.7858466454067567,0.7029501302360259,18.0,False,False,0.22428763262674,-0.21945213844517886,-0.07796610444985139,1.6579303034146164,2.126213428187377,1.901925795560637,1.473783888618322,1.693236027063501,1.5835099578409115,15.716932908135135,14.059002604720519,False,False,False,1.8823529411764706,1.8823529411764706,1.129550883724544,1.0103980788915885,False,True,True,0.11147571497166531,-0.13880833951190524,-0.27450694517984764,0.4596438754775184,0.11147571497166517
48.0,7,71.30000000000061,20,0.6,0.2999999999999119,0.19999999999998863,0.19999999999998863,0.7239582799833655,0.6290817213389999,18.0,True,False,0.2869013925441781,0.26596514979647856,-0.004094620288369544,1.8975311728873123,2.18920923818152,1.9023078456373417,2.1081878884860066,1.842222738689528,1.9752053135877672,14.47916559966731,12.581634426779997,False,True,False,1.894736842105263,1.894736842105263,1.1554159868180245,1.0039958074197082,False,True,True,0.14047259549425706,0.1348559051464584,-0.010505741284670633,0.6806723491969797,0.14047259549425714
48.0,7,72.6000000000002,21,0.7999999999999119,0.7999999999999119,0.9999999999996732,0.9999999999996732,0.8870653422308044,0.7952042618411506,19.0,False,False,0.2631626103919573,0.3019415724730141,0.05443422097867778,1.8372216077930759,2.541255013107654,2.278092402715697,1.7055788962671368,1.4036373237941226,1.5546081100306297,17.741306844616087,15.904085236823011,False,False,False,1.8888888888888888,1.8888888888888888,1.3453703010569933,1.2060489190847807,True,False,True,0.1093196313612188,0.19483762586287146,0.16897438331787762,0.441223494596097,0.1093196313612187
48.0,7,73.4000000000001,5,0.6,0.29999999999986926,0.7999999999999119,0.7999999999999119,0.835493188027078,0.7238191564204408,18.0,True,False,0.3199225346135437,0.3180151642912712,0.08412579032453871,2.2334806321327427,2.3935116742940847,2.073589139680541,2.412288863215254,2.094273698923983,2.2532812810696186,16.70986376054156,14.476383128408816,False,True,False,1.8888888888888888,1.8888888888888888,1.2671532393321625,1.0977824857132277,True,False,True,0.1434806175981025,0.1413692223884101,0.2181660606743494,0.812387501002918,0.14348061759810243
48.0,7,73.69999999999997,25,0.6,0.4999999999999716,0.29999999999986926,0.29999999999986926,0.7907704208900546,0.8088820181220155,17.0,True,False,0.20847178926968035,0.31116834628064605,0.07392758179909359,-0.3622319446392197,2.139535362703683,1.9310635734340027,2.161130054357911,1.849961708077265,2.005545881217588,15.815408417801091,16.17764036244031,False,True,False,1.8823529411764706,1.8666666666666667,1.1366281614363316,1.0344983429110728,True,False,True,0.10251775977858724,0.15546631766307073,0.20755336964181959,0.6959162836614123,0.09414951010807074
48.0,7,73.70000000000009,18,0.6,0.4999999999998579,0.29999999999998295,0.29999999999998295,0.7907704208900546,0.8088820181220155,17.0,True,False,0.20847178926968035,0.31116834628064605,0.07392758179909359,-0.3622319446392197,2.139535362703683,1.9310635734340027,2.161130054357911,1.849961708077265,2.005545881217588,15.815408417801091,16.17764036244031,False,True,False,1.8823529411764706,1.8666666666666667,1.1366281614363316,1.0344983429110728,True,False,True,0.10251775977858724,0.15546631766307073,0.20755336964181959,0.6959162836614123,0.09414951010807074
48.0,7,74.19999999999995,8,0.7000000000002586,0.7000000000002586,0.4999999999998579,0.4999999999998579,0.8813183402574216,0.8072988928484772,15.0,False,False,0.17670841410096116,0.17346086861235088,0.023549663031804835,1.4803889481788879,2.103992554342704,1.9272841402417429,2.102585407198055,1.9291245385857043,2.01585497289188,17.626366805148432,16.145977856969544,False,True,False,1.8666666666666667,1.8666666666666667,1.1271388683978771,1.0324736465580766,True,False,True,0.08772492537309184,0.08610144071940196,0.05422941988895036,0.7010434095717939,0.08772492537309172
48.0,7,74.9000000000002,7,0.6,0.5000000000000853,0.7000000000002586,0.7000000000002586,0.9613192072656948,0.7774054375140533,14.0,True,False,0.2567922940954206,0.16593510377245613,0.037137827050853944,3.678275395032827,1.988983148431729,1.7321908543363085,1.911041865753481,1.7451067619810248,1.8280743138672528,19.226384145313894,15.548108750281067,False,True,False,1.8461538461538463,1.8571428571428572,1.0773658720671866,0.9327181523349353,False,False,True,0.1382365303494495,0.09083283735689973,0.09526639980540541,0.6032631253058911,0.1441712658692641
48.0,7,75.40000000000029,19,0.6000000000000085,0.6000000000000085,0.5000000000000853,0.5000000000000853,0.9436410940607,0.9246530378930248,13.0,False,False,0.18644966060990975,0.46113469976919164,0.11714021944956371,0.37976112335350365,1.95240688011726,1.7659572195073503,1.9612456961654197,1.500110996396228,1.7306783462808237,18.872821881213998,18.493060757860494,False,True,True,1.8461538461538463,1.8333333333333333,1.0575537267301824,0.9632493924585548,False,False,True,0.10037003157893987,0.2680407276602772,0.3506698410806248,0.5485134393323386,0.09340136226284632
48.0,7,76.29999999999983,16,0.6,0.2000000000004718,0.2999999999995282,0.2999999999995282,0.9456769342736816,0.8980064496042912,13.0,True,False,0.10621790584607815,-0.08404308597385057,0.070938552892994,0.9534096933878082,2.107128221207042,2.0009103153609638,1.850989728613925,1.9350328145877755,1.8930112716008503,18.913538685473632,17.960128992085824,False,True,False,1.8571428571428572,1.8571428571428572,1.1346075037268686,1.0774132467328266,True,False,True,0.05172375315095745,-0.04440380030635005,0.17228183246133844,0.6381688265680695,0.05172375315095744
48.0,7,79.99999999999952,11,0.6000000000006764,0.6000000000006764,0.6999999999989086,0.6999999999989086,0.6012865810170478,0.55876298827928,16.0,False,False,0.10828543971587812,0.1087915893162219,0.0343131189676093,0.8504718547553569,1.531163705339017,1.422878265623139,1.5447713190997183,1.4359797297834964,1.4903755244416073,12.025731620340956,11.175259765585599,False,True,False,1.875,1.875,0.8166206428474757,0.7588684083323407,False,False,True,0.07334627027741958,0.07302853109018514,0.09904278056228,0.3990281180297683,0.0733462702774196
48.0,7,81.49999999999999,2,0.6,0.19999999999998863,0.09999999999988063,0.09999999999988063,0.8826435286191066,0.8402780503762379,17.0,True,False,0.12136815501848419,0.18810943607604247,0.06083301497123311,0.8473095648573725,2.528587450220465,2.4072192952019806,1.468892649617362,1.2807832135413195,1.3748379315793406,17.65287057238213,16.80556100752476,False,True,False,1.8888888888888888,1.8888888888888888,1.3386639442343637,1.274410215106931,True,False,True,0.04918856482757428,0.1370370409528909,0.19299897979750757,0.3183358562292651,0.04918856482757425
48.0,7,86.89999999999911,9,1.1000000000004064,1.1000000000004064,2.5999999999992838,2.5999999999992838,0.5407833023312643,0.5906542466557312,22.0,False,False,-0.166681353423892,0.005072626179326134,0.06051947517284911,-0.9974188864893385,1.8074350498591716,1.9741164032830636,1.3418434732918,1.336770847112474,1.3393071602021371,10.815666046625285,11.813084933114624,True,False,False,1.9047619047619047,1.9047619047619047,0.9489034011760651,1.0364111117236083,False,False,True,-0.08821216678395416,0.003787504759208693,0.3919968379278076,0.2921524356238843,-0.08821216678395408
48.0,7,89.199999999999,6,0.6,0.3000000000009919,1.199999999999477,1.199999999999477,0.6075377452369874,0.6830915390949706,22.0,True,False,-0.2645447147605702,0.19836547134489946,0.04866505315880258,-1.5110758771596622,2.1272379759261653,2.3917826906867354,1.4036735497345612,1.2053080783896617,1.3044908140621114,12.150754904739749,13.661830781899411,False,True,False,1.9090909090909092,1.9090909090909092,1.1142675111994198,1.2528385522644805,True,False,True,-0.11721457025754622,0.15235756315500837,0.34756518162616756,0.26581278383900697,-0.11721457025754631
48.0,7,91.49999999999908,12,1.5,3.4000000000000483,1.9999999999990905,1.9999999999990905,0.5641474751959752,0.5290252942599656,22.0,False,True,0.11738724287081115,-0.09866383073879326,-1.5101822432028733e-06,0.7024436187201921,1.885524045515289,1.768136802644478,1.4601810620669076,1.5588448928057008,1.5095129774363043,11.282949503919504,10.580505885199312,True,False,False,1.9047619047619047,1.9047619047619047,0.9899001238955268,0.928271821388351,False,True,True,0.06427945221041165,-0.06538465051547504,-8.890183280652053e-06,0.4117870673032261,0.06427945221041166
48.0,7,95.1999999999992,25,1.0000000000000568,1.0000000000000568,0.3000000000000824,0.3000000000000824,0.5747936236305105,0.5747912173220717,22.0,False,False,8.04249353558717e-06,0.15857766932093176,-0.0183266650682527,4.8126168774587086e-05,1.9211061756284624,1.9210981331349268,1.330220892346657,1.1716432230257252,1.250932057686191,11.495872472610209,11.495824346441434,False,False,False,1.9047619047619047,1.9047619047619047,1.0085807422049429,1.0085765198958367,False,True,True,4.186395563210432e-06,0.12693778531738387,-0.09938182119724259,0.22388891960718582,4.186395563167064e-06
48.0,7,96.19999999999926,18,0.99999999999973,0.99999999999973,1.0000000000000568,1.0000000000000568,0.5373557898698662,0.5714866668759124,21.0,False,False,-0.02311912559463658,-0.01558748840685742,0.004854034197000812,-0.6826175401209245,1.7959794332936194,1.819098558888256,1.8109876976267456,1.826575186033603,1.8187814418301742,10.747115797397324,11.429733337518249,True,True,False,1.9047619047619047,1.9,0.9428892024791502,0.9574202941517137,False,False,True,-0.012790562655421889,-0.008570344659181828,0.022786377937809466,0.5981667393924561,-0.015293692873540418
48.0,7,98.7999999999993,7,0.6999999999997755,0.6999999999997755,1.600000000000307,1.600000000000307,0.5748793714185432,0.5886901874999548,21.0,False,False,-0.04176313330230452,0.08073745449860992,0.016807896124787197,-0.2762163216282332,1.7384029792136333,1.7801661125159378,1.2757397552814569,1.195002300782847,1.235371028032152,11.497587428370863,11.773803749999097,False,True,False,1.894736842105263,1.894736842105263,0.9174904612516398,0.9395321149389673,False,False,True,-0.02373981786173207,0.06537809985715323,0.12396185234802481,0.21137135251701702,-0.02373981786173212
48.0,7,98.7999999999994,19,0.699999999999676,0.699999999999676,1.6000000000004064,1.6000000000004064,0.5748793714185432,0.5886901874999548,21.0,False,False,-0.04176313330230452,0.08073745449860992,0.016807896124787197,-0.2762163216282332,1.7384029792136333,1.7801661125159378,1.2757397552814569,1.195002300782847,1.235371028032152,11.497587428370863,11.773803749999097,False,True,False,1.894736842105263,1.894736842105263,0.9174904612516398,0.9395321149389673,False,False,True,-0.02373981786173207,0.06537809985715323,0.12396185234802481,0.21137135251701702,-0.02373981786173212
48.0,7,99.59999999999886,6,1.3000000000000256,1.3000000000000256,0.09999999999978115,0.09999999999978115,0.5582293504367062,0.5722185537897184,20.0,False,False,-0.04452901727099201,-0.044730891887611035,-0.013670952146576598,-0.2797840670602447,1.7768992100195935,1.8214282272905855,1.7877034037740462,1.8324342956616573,1.8100688497178519,11.164587008734124,11.444371075794368,False,True,False,1.9,1.9,0.9352101105366282,0.9586464354160977,False,False,True,-0.02475110522530044,-0.024713517674802232,-0.04235127246013293,0.5933648830724385,-0.024751105225300468
48.0,7,100.89999999999888,22,1.1999999999995907,1.1999999999995907,1.3000000000000256,1.3000000000000256,0.6499401092643566,0.6374259156658928,19.0,False,False,0.03585052386008081,-0.24482827304780264,-0.019230910419173408,0.2502838719692768,1.8619412598559608,1.82609073599588,1.4938540657968686,1.7386823388446713,1.61626820232077,12.998802185287133,12.748518313317856,True,False,False,1.8888888888888888,1.8888888888888888,0.9857336081590381,0.9667539190566424,False,True,True,0.019442159491848243,-0.15176814807158523,-0.083713526925552,0.4801199131105955,0.019442159491848195
48.0,7,102.09999999999847,15,1.1000000000007333,1.1000000000007333,1.1999999999995907,1.1999999999995907,0.6003865086502609,0.6407449152549867,18.0,False,False,-0.013640597792355935,0.044697461498499846,0.033683368837227,-0.8071681320945157,1.719980651112732,1.733621248905088,1.7327912571983657,1.6880937956998658,1.7104425264491159,12.007730173005218,12.814898305099733,True,True,False,1.8888888888888888,1.8823529411764706,0.9105779917655641,0.920986288480828,False,False,True,-0.007899386853867374,0.026133590972457488,0.14830663732395188,0.5367521244320298,-0.011365594830353529
48.0,7,103.2999999999982,4,0.7000000000001876,0.7000000000001876,0.09999999999899956,0.09999999999899956,0.7411003307681776,0.5813562375860144,18.0,False,False,0.33968333610533086,-0.10363537843212534,-0.004221980598357211,3.194881863643264,2.0051462764695,1.6654629403641692,1.5802285395716305,1.6838639180037558,1.6320462287876931,14.822006615363552,11.627124751720288,False,True,False,1.8823529411764706,1.8888888888888888,1.065233959374422,0.8817156743104425,False,False,True,0.18561388689593805,-0.06352162189130761,-0.015612776869914358,0.4898345826037758,0.18908009487242433
48.0,7,103.9999999999984,24,0.6,0.2000000000008697,0.7000000000001876,0.7000000000001876,0.7252209340274209,0.734381412125324,17.0,True,False,-0.024784901296227124,0.6493233003877745,0.2158618412387009,-0.18320956195806204,1.9621824402311512,1.9869673415273783,1.9704864531242623,1.3211631527364878,1.645824802930375,14.504418680548419,14.68762824250648,False,True,False,1.8823529411764706,1.8823529411764706,1.042409421372799,1.0555764001864198,True,False,True,-0.012552183677644435,0.39976791788163446,1.1332018609821968,0.49824165851605307,-0.012552183677644553
48.0,7,104.79999999999924,18,0.6,0.5999999999993975,0.5999999999999801,0.5999999999999801,0.6468060791406209,0.6957894827141944,17.0,True,False,-0.13253116373939045,-0.13432192596175185,0.044771483836038406,-0.979668071471469,1.7500205401909972,1.8825517039303876,1.7636491824297942,1.897971108391546,1.8308101454106702,12.936121582812419,13.915789654283888,False,True,False,1.8823529411764706,1.8823529411764706,0.9296984119764673,1.0001055927130185,False,True,True,-0.07300062076347069,-0.07340041630634286,0.14576671036350608,0.6047585712997313,-0.0730006207634707
48.0,7,105.39999999999864,16,0.6,0.3000000000000824,0.5999999999993975,0.5999999999993975,0.9505029525018918,0.7882363996355659,16.0,True,False,0.2361056164932549,-0.06653062935965126,0.07448925977559251,3.245331057326517,2.117881406397639,1.8817757899043843,1.4866714209957346,1.5532020503553858,1.5199367356755602,19.010059050037835,15.764727992711318,False,True,True,1.8571428571428572,1.8666666666666667,1.1403976803679596,1.008094173163063,False,True,True,0.11820035229402559,-0.043778963621151135,0.3851312186563285,0.41866871272591727,0.12331545296079606
48.0,7,105.69999999999872,5,0.6,0.49999999999955946,0.3000000000000824,0.3000000000000824,0.9505029525018918,0.7882363996355659,15.0,True,False,0.2361056164932549,0.13043396203045243,0.0670439405495733,3.245331057326517,2.117881406397639,1.8817757899043843,2.0023195715896365,1.871885609559184,1.9371025905744101,19.010059050037835,15.764727992711318,False,True,False,1.8571428571428572,1.8666666666666667,1.1403976803679596,1.008094173163063,False,True,True,0.11820035229402559,0.06736002413913433,0.2295871513907819,0.6611933466642604,0.12331545296079606
48.0,7,106.19999999999828,3,0.6000000000010175,0.6000000000010175,0.49999999999955946,0.49999999999955946,0.9258612885959652,0.7757345378626281,14.0,False,False,0.33450780257349577,0.33961710586506366,0.12173659855234281,3.0025350146667407,2.0629756097647163,1.7284678071912205,2.075140293435432,1.7355231875703685,1.9053317405029002,18.517225771919303,15.514690757252563,False,True,False,1.8571428571428572,1.8571428571428572,1.1108330206425394,0.9307134346414264,False,False,True,0.17691405581919262,0.17871984571734134,0.35115525543087867,0.64465613541398,0.17691405581919253
48.0,7,108.19999999999858,13,0.7000000000003013,0.7000000000003013,0.5999999999997243,0.5999999999997243,0.8738305712921584,0.9495039095264756,16.0,False,False,-0.041582332757885254,0.7076013797211178,0.05609482855737957,-1.5134667646863456,2.22519127753539,2.266773610293275,2.239129687277091,1.5315283075559731,1.885328997416532,17.476611425843167,18.990078190529513,False,True,False,1.875,1.8666666666666667,1.186768681352208,1.2143430055142546,True,False,True,-0.01851462405784987,0.3798211272337514,0.15358582646554264,0.6341023401090895,-0.022968974407230086
48.0,7,112.09999999999827,14,0.7000000000009692,0.7000000000009692,0.09999999999988063,0.09999999999988063,0.7201924858885227,0.7638037290967961,19.0,False,False,-0.12493700875763203,0.03152131270866598,0.028616535793779208,-0.8722248641654673,2.0631994939223723,2.1881365026800044,1.3549264587102623,1.3234051460015963,1.3391658023559292,14.403849717770454,15.276074581935921,False,False,True,1.8888888888888888,1.8888888888888888,1.0922820850177266,1.1584252073011787,True,False,True,-0.05879233928176997,0.023539107785647106,0.1082184222291731,0.2920468845518256,-0.05879233928176987
48.0,7,113.3999999999992,18,0.6,0.19999999999946283,0.5999999999999517,0.5999999999999517,0.8827011424325248,0.6227254774469175,19.0,True,False,0.6870419932302403,0.10355382535429491,0.041361294089017286,5.199513299712148,2.6692387517289906,1.9821967584987503,2.038256689138275,1.93470286378398,1.9864797764611275,17.6540228486505,12.45450954893835,False,True,True,1.894736842105263,1.9,1.4087648967458561,1.0432614518414476,True,False,True,0.2975876163638024,0.05214112243770064,0.1333298538611154,0.6863641157329666,0.30036154324652753
48.0,7,113.59999999999866,20,0.6,0.10000000000006537,0.19999999999946283,0.19999999999946283,0.8890666212497669,0.5970266107783222,20.0,True,False,0.7880928774328757,-0.6240278242591533,-0.08882088593660059,5.8408002094288936,2.688487602688296,1.9003947252554203,1.3039067284487298,1.927934552707883,1.6159206405783064,17.781332424995338,11.940532215566444,False,True,True,1.894736842105263,1.9,1.418924012529934,1.0002077501344318,False,True,True,0.34691719128982523,-0.39108431623823336,-0.3267308998336189,0.47990485034001096,0.34969111817255055
48.0,7,115.8999999999984,6,0.6,0.3000000000001819,1.7000000000001165,1.7000000000001165,0.6436857761425223,0.6372904146920852,20.0,True,False,0.020357067753928426,0.8111864997447418,0.18174767137819609,0.1279072290087413,2.0489154614205125,2.028558393666584,2.077545568461503,1.2663590687167612,1.671952318589132,12.873715522850446,12.745808293841705,False,True,False,1.9,1.9,1.078376558642375,1.0676623124560969,True,False,True,0.009985220074135492,0.4950412736974744,0.7875315207783316,0.5139919966656437,0.00998522007413559
48.0,7,118.79999999999832,16,0.899999999999622,0.899999999999622,2.5999999999997385,2.5999999999997385,0.7332352018452792,0.5925900323398534,20.0,False,False,0.42530310502693447,0.1328752030905649,0.06832443118497539,2.8129033901085165,2.2172621296305364,1.791959024603602,1.367222114159292,1.234346911068727,1.3007845126140096,14.664704036905585,11.851800646797068,True,False,False,1.894736842105263,1.894736842105263,1.1702216795272276,0.9457561518741233,False,False,True,0.2129637112768954,0.10223901420994402,0.4665692914272832,0.262967553693491,0.2129637112768954
48.0,7,119.69999999999794,15,0.6,0.40000000000033253,0.899999999999622,0.899999999999622,0.993231605596412,0.826366990888229,19.0,True,False,0.3465115172349371,0.43813303746815047,0.13074667217241023,3.337292294163664,2.845398953983838,2.498887436748901,2.083256086784427,1.6451230493162767,1.864189568050352,19.86463211192824,16.527339817764577,False,True,False,1.8888888888888888,1.894736842105263,1.5063876815208554,1.3188572582841422,True,False,True,0.12985768009773335,0.23611691261352913,0.5935991005451726,0.6228264106901742,0.13294887266740613
48.0,7,120.19999999999835,13,1.2000000000008413,1.2000000000008413,0.10000000000007958,0.10000000000007958,0.9217799326360132,0.8223907175295553,19.0,False,False,0.15384157988817648,-0.596811686277801,-0.15889622651384383,1.9877843021291604,2.6407049889948446,2.486863409106668,1.9020757504711,2.498887436748901,2.20048159361,18.435598652720266,16.447814350591106,False,True,False,1.8888888888888888,1.894736842105263,1.3980202882913884,1.312511243695186,True,False,True,0.06002368143345149,-0.2728998174443238,-0.48231770339637847,0.7886762425941708,0.06311487400312427
48.0,7,121.49999999999817,25,0.6,0.1000000000004917,0.09999999999897113,0.09999999999897113,0.7869311821064766,0.6422596832138163,19.0,True,False,0.5627224867977241,0.8504104845100786,0.1915285900996901,2.8934299778532058,2.504879750107884,1.94215726331016,2.483459908986924,1.6330494244768452,2.0582546667318846,15.738623642129532,12.845193664276326,False,True,False,1.9,1.894736842105263,1.318357763214676,1.0250274445248067,True,False,True,0.2544413827679072,0.4192036328954276,0.6175925762642979,0.7218583745237853,0.251667455885182
48.0,7,121.89999999999712,17,1.5,2.000000000001279,0.2999999999984624,0.2999999999984624,0.7421529513956746,0.6422596832138163,19.0,False,True,0.3020716408421944,0.3300660233721584,0.06717572711793529,1.9978653636371657,2.2442289041523544,1.94215726331016,2.271531295853879,1.9414652724817207,2.1064982841677997,14.843059027913492,12.845193664276326,False,True,False,1.894736842105263,1.894736842105263,1.184454143858187,1.0250274445248067,True,False,True,0.1445626429883422,0.15701120066091845,0.1738472049208929,0.7450269878948506,0.1445626429883423
48.0,7,124.49999999999902,18,1.5,2.299999999999301,0.6000000000006196,0.6000000000006196,0.8170319914353783,0.6604902853654289,19.0,False,True,0.44845895377927825,0.3062448886294695,0.07440246645058068,3.1308341213989888,2.3406242418208,1.8921652880415216,1.532186392712991,1.2259415040835215,1.3790639483982563,16.340639828707566,13.209805707308577,False,False,False,1.8888888888888888,1.8888888888888888,1.2391540103757177,1.0017345642572761,False,True,True,0.21269583544367343,0.2229866066229904,0.3062308603604671,0.3214049707586353,0.21269583544367357
48.0,7,126.79999999999836,20,0.8999999999995794,0.8999999999995794,2.2999999999993435,2.2999999999993435,0.8923096942335333,0.4933138673851704,18.0,False,False,1.1430388460871888,0.4799840012829364,0.16867418210768204,7.979916536967261,2.556278974909522,1.413240128822333,1.7648754370788258,1.2848914357958894,1.5248834364373576,17.84619388467067,9.866277347703408,False,True,False,1.8888888888888888,1.8888888888888888,1.353324163187394,0.7481859505529999,False,False,True,0.5926676438594523,0.31740588498568284,0.9581427478629265,0.42191797201501785,0.5926676438594525
48.0,7,129.59999999999818,16,0.6,0.29999999999895977,0.09999999999999432,0.09999999999999432,0.8021488675130644,0.5952625901115187,21.0,True,False,0.658539474126741,0.31814948497438844,0.0742861801142615,4.1377255480309145,2.553319147205401,1.89477967307866,1.5431253146713575,1.224975829696969,1.3840505721841634,16.04297735026129,11.905251802230374,False,False,False,1.9,1.9,1.3438521827396848,0.9972524595150842,False,True,True,0.2982915748740439,0.230888672093124,0.29366260549993095,0.3250143971233803,0.29829157487404384
48.0,7,130.89999999999793,7,1.5,1.6000000000011028,1.0000000000007958,1.0000000000007958,0.6078251171964419,0.5817008522677511,21.0,False,True,0.0831561179608673,0.1541995347464331,0.04585180506947131,0.522485298573816,1.9347674387444864,1.8516113207836191,1.5401496496927465,1.3859501149463134,1.46304988231953,12.156502343928839,11.634017045355023,True,False,False,1.9,1.9,1.0182986519707824,0.9745322740966417,False,True,True,0.043930888352436304,0.10549367881174798,0.2239432671565471,0.3805232173689221,0.04393088835243628
48.0,7,134.39999999999756,5,0.6,0.29999999999998295,1.8999999999985278,1.8999999999985278,0.6912752040156676,0.593096635249732,21.0,True,False,0.3281376950205097,0.12175416445756881,0.0477252965724394,1.9635713753187112,2.31041718087499,1.98227948585448,1.2886464939577302,1.1668923295001614,1.227769411728946,13.825504080313351,11.86193270499464,False,True,False,1.9047619047619047,1.9047619047619047,1.2129690199593697,1.040696730073602,True,False,True,0.15318066800717312,0.09924835164800605,0.328824813161233,0.20519903662790306,0.1531806680071731
48.0,7,134.69999999999754,15,0.6,0.10000000000081855,0.29999999999998295,0.29999999999998295,0.6912752040156676,0.593096635249732,20.0,True,False,0.3281376950205097,0.31791740891455667,0.08105321941399968,1.9635713753187112,2.31041718087499,1.98227948585448,2.213634597762612,1.8957171888480555,2.0546758933053337,13.825504080313351,11.86193270499464,False,True,False,1.9047619047619047,1.9047619047619047,1.2129690199593697,1.040696730073602,True,False,True,0.15318066800717312,0.15503854829749952,0.3001322542110101,0.7201181193565753,0.1531806680071731
48.0,7,138.99999999999758,19,0.6,0.4000000000005173,0.09999999999965326,0.09999999999965326,0.5154617345210841,0.5576782614256848,22.0,True,False,-0.14109834767782314,0.13582835336888155,-0.020218780228045907,-0.844330538092013,1.722803943498809,1.863902291176632,1.3224126432958518,1.1865842899269703,1.2544984666114112,10.309234690421683,11.153565228513695,False,False,False,1.9047619047619047,1.9047619047619047,0.9044720703368747,0.9785487028677319,False,False,True,-0.07871913279204823,0.10837899316462479,-0.08569834855998404,0.22673586451303984,-0.07871913279204826
48.0,7,139.3999999999981,20,1.5,2.4999999999983515,0.4000000000005173,0.4000000000005173,0.5094934346803743,0.5531750039498622,21.0,False,True,-0.1459948910962503,-0.14409818489335757,-0.0328775298456066,-0.873631385389757,1.7028563706472346,1.848851261743485,1.7097100967657255,1.853808281659083,1.7817591892124043,10.189868693607487,11.063500078997244,False,True,False,1.9047619047619047,1.9047619047619047,0.8939995945897982,0.9706469124153296,False,False,True,-0.08225744752646869,-0.08091823175890567,-0.11617555707016947,0.5776011847949367,-0.08225744752646881
48.0,7,141.89999999999645,11,0.6,0.5000000000011084,2.4999999999983515,2.4999999999983515,0.6440080868357736,0.4840297416526997,20.0,True,False,0.5092268884709543,-0.02780168269090999,-0.04224209301676521,3.199566903661479,2.049941408221359,1.5407145197504046,1.2551874400884049,1.2829891227793149,1.2690882814338598,12.880161736715472,9.680594833053993,False,True,True,1.9,1.9,1.0789165306428206,0.8109023788160025,False,False,True,0.28556492869958183,-0.021907691555549114,-0.34406585431940995,0.23829875403030676,0.28556492869958183
48.0,7,144.5999999999976,7,1.1999999999991928,1.1999999999991928,1.9000000000000625,1.9000000000000625,0.5464825989505897,0.7399587982508393,21.0,False,False,-0.6158538697853486,0.0086947830812798,0.014811837534978,-3.8695239860049924,1.7395081387338434,2.355362008519192,1.3473462879422886,1.3386515048610088,1.3429988964016486,10.929651979011794,14.799175965016786,True,False,False,1.9,1.9,0.9155305993336018,1.2396642150101012,False,False,True,-0.30309204039460425,0.006474177659185343,0.08075198193188893,0.2949050957996226,-0.3030920403946042
48.0,7,145.7999999999968,2,1.2000000000007844,1.2000000000007844,1.1999999999991928,1.1999999999991928,0.5776655992406283,0.6260352169752217,20.0,False,False,-0.24590361073180644,-0.4151017841310536,-0.07430392432695818,-0.9673923546918672,1.7468283758924688,1.9927319866242752,1.6042669127176536,2.0193686968487072,1.8118178047831806,11.553311984812566,12.520704339504434,True,True,False,1.894736842105263,1.9,0.921937198387692,1.0488063087496187,False,False,True,-0.1317047678318961,-0.23011803621598664,-0.340999244792918,0.5943306533287189,-0.12893084094917093
48.0,7,147.2999999999982,18,0.6,0.09999999999990905,0.3000000000006082,0.3000000000006082,0.5711958343399721,0.4802107381981138,20.0,True,False,0.21318664326332404,-0.07777204370234281,-0.028784924638992015,1.819701922837167,1.8181728101741188,1.6049861669107948,1.5339022858660287,1.6116743295683715,1.5727883077172002,11.423916686799442,9.604214763962275,False,True,False,1.9,1.9047619047619047,0.9569330579863784,0.8426177376281673,False,False,True,0.12471690854144346,-0.04945859286785825,-0.12075641556598549,0.45285003632743565,0.12722003875956206
48.0,7,147.79999999999703,6,1.5,2.099999999999426,0.39999999999892566,0.39999999999892566,0.6850903750793647,0.7273945544636007,20.0,False,True,-0.12792546598650123,0.2884117524833387,0.038682967978062976,-0.8460835876847206,2.0716748735126687,2.19960033949917,1.8122353070469972,1.5238235545636585,1.6680294308053278,13.701807501587293,14.547891089272014,False,False,False,1.894736842105263,1.894736842105263,1.0933839610205751,1.1609001791801175,True,False,True,-0.05991828224034512,0.17333838687455416,0.12937459518640448,0.5116429481485976,-0.05991828224034523
48.0,7,149.99999999999625,3,1.5,2.2000000000010402,0.09999999999979536,0.09999999999979536,0.7918436345828859,0.7616024747740422,20.0,False,True,0.0914475712997791,0.5286063679660884,0.1703634067076952,0.6048231961768735,2.3944907433946567,2.3030431720948776,1.8353344332858976,1.3067280653198092,1.5710312493028535,15.836872691657717,15.232049495480844,False,False,False,1.894736842105263,1.894736842105263,1.263759003458291,1.2154950074945188,True,False,True,0.03893920832754649,0.3397003645769641,0.7854188609550248,0.45173225042056386,0.03893920832754649
48.0,7,152.1999999999973,19,0.6,0.4000000000003183,2.2000000000010402,2.2000000000010402,0.657346657660705,0.6354120608834695,19.0,True,False,0.06632899053466712,0.5501061263136995,0.20850709226245062,0.43869193554471053,1.9877794279411047,1.9214504374064376,2.004779940474095,1.4546738141603957,1.7297268773172454,13.1469331532141,12.70824121766939,False,True,False,1.894736842105263,1.894736842105263,1.0491058091911387,1.0140988419645087,False,True,True,0.033937813348283274,0.32075260657733,0.993841888079056,0.5479635216631202,0.033937813348283476
48.0,7,153.9999999999969,5,0.6,0.09999999999897113,0.20000000000010232,0.20000000000010232,1.160517267025292,0.7504302423306806,20.0,True,False,1.1748127874039205,0.08700351805535211,0.005954964357042847,8.201740493892228,3.324637072630301,2.1498242852263805,1.6511478164141098,1.5641442983587577,1.6076460573864337,23.21034534050584,15.008604846613611,False,True,True,1.8888888888888888,1.8888888888888888,1.7601019796278063,1.1381422686492604,True,False,True,0.43597440606378335,0.05413179212940006,0.023276769904057915,0.47477103296257767,0.4359744060637833
