method,rate_total,seed,t_fail,node,w_e,gap_next,gap_prev,lb_max,w_clip_floor,w_full,gmax_pre,egap_pre,alive_pre,gmax_peak,t_peak_rel,gmax_first,alive_first,gap_rad_first,floor_first,gap_rad_peak,alive_peak,arc_peak_m,geom_floor,n_concurrent,peak_late,m_nvals,m_shift,m_unstable,isolated,rel_floor,at_floor,above_floor,below_floor
baseline,12.0,0,52.600000000000506,22,1.5,8.0,27.20000000000053,0.9859044755051526,False,True,1.0287698874836375,0.0203088918149214,24.0,1.8657535071946445,0.2999999999986258,1.86565647193632,23.0,0.5096637101180344,1.9130434782608696,0.509690218401051,23.0,10.19380436802102,1.9130434782608696,0,False,2,-1.0,False,True,0.9752802423972005,False,False,True
baseline,12.0,0,66.80000000000048,2,1.5,5.09999999999971,6.199999999999974,0.9953389528821797,False,True,1.0386145595292309,0.0324958151835483,24.0,1.9083620636321008,0.2999999999978513,1.9083620636321008,23.0,0.5213301077822665,1.9130434782608696,0.5213301077822665,23.0,10.42660215564533,1.9130434782608696,0,False,2,-1.0,False,True,0.9975528968985982,True,False,False
baseline,12.0,0,71.90000000000019,15,1.5,2.90000000000029,5.09999999999971,1.0788176971730234,False,True,1.1278548652263427,0.0624849873067354,23.0,1.855044181591776,0.2999999999978513,1.855044181591776,22.0,0.5297993793612013,1.9090909090909092,0.5297993793612013,22.0,10.595987587224025,1.9090909090909092,0,False,2,-1.0,False,True,0.971689809405216,False,False,True
baseline,12.0,0,75.39999999999999,24,1.5,3.099999999999824,0.5999999999995111,1.1936987781249064,False,True,1.2479578134942204,0.1545173334251604,23.0,1.93209807060928,0.2999999999978513,1.93209807060928,22.0,0.5518059186037387,1.9090909090909092,0.5518059186037387,22.0,11.036118372074775,1.9090909090909092,1,False,2,-1.0,False,False,1.0120513703191467,True,False,False
baseline,12.0,0,78.49999999999982,5,0.6,0.10000000000002274,3.099999999999824,1.1095283964140583,True,False,1.1623630819575848,0.0725969244234915,22.0,1.822010717491077,0.5499999999978371,1.7695608776141185,21.0,0.5294513764945163,1.9047619047619047,0.5724015484831835,20.0,11.44803096966367,1.9,1,True,3,-2.0,True,False,0.95895300920583,False,False,True
baseline,12.0,0,78.59999999999984,21,1.3000000000003524,1.3000000000003524,0.10000000000002274,1.1031348027210504,False,False,1.155665031422053,0.0704429693124568,22.0,1.822010717491077,0.44999999999781437,1.7695608776141185,21.0,0.5294513764945163,1.9047619047619047,0.5724015484831835,20.0,11.44803096966367,1.9,1,False,3,-2.0,True,False,0.95895300920583,False,False,True
baseline,12.0,0,85.29999999999943,12,1.2000000000003865,1.2000000000003865,1.8999999999994373,1.1397873183016851,False,False,1.1940629048874796,0.1163404681690649,22.0,1.7469977141569448,0.2999999999978513,1.7469977141569448,21.0,0.5227004937746305,1.9047619047619047,0.5227004937746305,21.0,10.45400987549261,1.9047619047619047,0,False,2,-1.0,False,True,0.9171737999323961,False,False,True
baseline,12.0,0,101.89999999999849,8,1.5,2.6999999999998323,8.599999999999042,0.9831428864158397,False,True,1.0258882293034848,0.0169970429349334,24.0,1.9546394077953635,0.2999999999978513,1.9546394077953635,23.0,0.5339722438214798,1.9130434782608696,0.5339722438214798,23.0,10.679444876429596,1.9130434782608696,0,False,2,-1.0,False,True,1.0217433268021219,False,True,False
baseline,12.0,0,104.59999999999832,23,1.3999999999999204,1.3999999999999204,2.6999999999998323,1.2072793202428234,False,False,1.2621556529811335,0.1016369500026522,23.0,1.791406756329084,0.29999999999786553,1.791406756329084,22.0,0.5116245732067792,1.9090909090909092,0.5116245732067792,22.0,10.232491464135585,1.9090909090909092,0,False,2,-1.0,False,True,0.9383559199819012,False,False,True
baseline,12.0,0,105.99999999999824,7,1.5,3.9000000000002473,1.3999999999999204,1.473551046014303,False,True,1.5437201434435557,0.1418599478195057,22.0,2.101215063903445,0.29999999999786553,2.101215063903445,21.0,0.6286820769877401,1.9047619047619047,0.6286820769877401,21.0,12.573641539754803,1.9047619047619047,0,False,2,-1.0,False,True,1.1031379085493087,False,True,False
baseline,12.0,0,112.69999999999833,23,1.299999999999912,1.299999999999912,0.10000000000000853,1.1438892943902579,False,False,1.1958842623170878,0.1656191390509496,23.0,1.191340073932358,0.04999999999741078,1.1249320057900818,22.0,0.3212798295616501,1.9090909090909092,0.3254526281906971,23.0,6.509052563813942,1.9130434782608696,1,False,2,0.0,True,False,0.622745947737369,False,False,True
baseline,12.0,0,115.19999999999764,22,1.5,5.500000000000682,1.199999999999406,1.0807422171965064,False,True,1.1298668634327111,0.1240890703072356,23.0,2.0716354443827747,0.2999999999979366,2.0716354443827747,22.0,0.5916576993626501,1.9090909090909092,0.5916576993626501,22.0,11.833153987253002,1.9090909090909092,0,False,2,-1.0,False,True,1.0851423756290723,False,True,False
baseline,12.0,0,121.59999999999737,25,1.5,1.6000000000002785,0.8999999999990393,1.168996644707371,False,True,1.2221328558304334,0.144727868663227,23.0,2.105348013753559,0.24999999999785416,2.105348013753559,22.0,0.6012859866598221,1.9090909090909092,0.6012859866598221,22.0,12.025719733196443,1.9090909090909092,1,False,2,-1.0,False,False,1.1028013405375785,False,True,False
baseline,12.0,0,134.29999999999666,20,1.5,6.100000000000108,4.6999999999993065,1.010897387683923,False,True,1.0548494480180066,0.0554850709275744,24.0,1.9429902958809075,0.24999999999968736,1.9429902958809075,23.0,0.5307899164813668,1.9130434782608696,0.5307899164813668,23.0,10.615798329627335,1.9130434782608696,0,False,2,-1.0,False,True,1.0156540183013834,True,False,False
baseline,12.0,0,140.39999999999677,2,0.8999999999999488,0.8999999999999488,6.100000000000108,1.0744672977421197,False,False,1.1233067203667615,0.0563849100137104,23.0,1.7655573847451644,0.3500000000009891,1.765079221128092,22.0,0.5041054467363644,1.9090909090909092,0.5042420099460561,22.0,10.084840198921121,1.9090909090909092,0,False,2,-1.0,False,True,0.9248157729617528,False,False,True
baseline,12.0,0,141.29999999999671,8,0.9999999999999432,0.9999999999999432,0.8999999999999488,1.6210857136296442,False,False,1.6982802714215322,0.1580638349386411,22.0,1.7867160722513744,0.25000000000122213,1.7867160722513744,21.0,0.5345841987272122,1.9047619047619047,0.5345841987272122,21.0,10.691683974544244,1.9047619047619047,1,False,2,-1.0,False,False,0.9380259379319716,False,False,True
baseline,12.0,0,142.8999999999962,19,1.5,5.500000000000568,0.5999999999995396,1.4877240259747468,False,True,1.5585680272116398,0.2009663471313618,22.0,1.5583145805283658,0.20000000000209184,1.5583145805283658,21.0,0.4662466322066452,1.9047619047619047,0.4662466322066452,21.0,9.324932644132904,1.9047619047619047,1,False,2,-1.0,False,False,0.818115154777392,False,False,True
baseline,12.0,1,24.100000000000072,18,0.6,0.40000000000000924,inf,0.9595102800104951,True,False,1.001228118271821,0.0008582345179341,24.0,1.9177417148798208,0.20000000000013785,1.9177417148798208,23.0,0.5238924593868814,1.9130434782608696,0.5238924593868814,23.0,10.477849187737629,1.9130434782608696,1,False,2,-1.0,False,False,1.0024558964144517,True,False,False
baseline,12.0,1,24.50000000000008,13,0.6,0.40000000000000213,0.40000000000000924,1.8295602926838428,True,False,1.912722124169472,0.194596593835668,23.0,1.9107608636196107,1.3145040611561853e-13,1.835462752708379,22.0,0.5242069363496675,1.9090909090909092,0.5219854166881963,23.0,10.439708333763926,1.9130434782608696,2,False,2,0.0,True,False,0.9988068150738874,True,False,False
baseline,12.0,1,24.900000000000084,7,1.5,3.2000000000000455,0.40000000000000213,1.7483827419192246,False,True,1.8316390629629973,0.2527578614878646,22.0,1.8300911025972049,1.3500311979441904e-13,1.7494440214090263,21.0,0.5234324271928745,1.9047619047619047,0.5226727966654021,22.0,10.453455933308042,1.9090909090909092,2,False,2,0.0,True,False,0.9586191489794882,False,False,True
baseline,12.0,1,28.10000000000013,19,1.5,3.999999999999943,3.2000000000000455,1.0959514664907024,False,True,1.1507490398152376,0.1002619054466896,21.0,1.9780854512698636,0.20000000000013785,1.9780854512698636,20.0,0.6214338721882253,1.9,0.6214338721882253,20.0,12.428677443764506,1.9,0,False,2,-1.0,False,True,1.0410976059315071,False,True,False
baseline,12.0,1,34.30000000000022,24,1.5,1.799999999999912,1.4000000000001336,1.1768471023055753,False,True,1.230340152410374,0.1385633145880017,23.0,1.953981000338301,0.39999999999994884,1.9530552548021127,22.0,0.5577912764128419,1.9090909090909092,0.5580556687197129,22.0,11.161113374394258,1.9090909090909092,0,False,2,-1.0,False,True,1.0235138573200624,False,True,False
baseline,12.0,1,36.80000000000025,5,1.5,1.900000000000027,0.7000000000001236,1.3823672965952085,False,True,1.4452021737131724,0.1983768856837577,23.0,1.7500097560487828,0.3999999999997641,1.7459232964926392,22.0,0.4986345274538681,1.9090909090909092,0.4998016175739384,22.0,9.996032351478767,1.9090909090909092,1,False,2,-1.0,False,False,0.9166717769779338,False,False,True
baseline,12.0,1,38.70000000000028,4,1.4999999999999076,1.4999999999999076,1.900000000000027,1.3181207413842206,False,False,1.3808883957358502,0.1620121044249049,22.0,2.3865972122204675,0.2999999999996419,2.3865972122204675,21.0,0.7140682160942573,1.9047619047619047,0.7140682160942573,21.0,14.281364321885146,1.9047619047619047,0,False,2,-1.0,False,True,1.2529635364157454,False,True,False
baseline,12.0,1,40.20000000000019,7,0.6,0.20000000000011653,1.4999999999999076,1.8999460835616493,True,False,1.994943387739732,0.2611324668333221,21.0,2.2055779124839447,0.44999999999964047,2.16137737908546,20.0,0.679016729577004,1.9,0.6929027366779472,20.0,13.858054733558944,1.9,2,False,3,-1.0,True,False,1.1608304802547078,False,True,False
baseline,12.0,1,40.400000000000304,14,0.6,0.30000000000000426,0.20000000000011653,1.8044483130931133,True,False,1.894670728747769,0.2476220609410316,21.0,2.2055779124839447,0.24999999999952394,2.16137737908546,20.0,0.679016729577004,1.9,0.6929027366779472,20.0,13.858054733558944,1.9,2,False,3,-1.0,True,False,1.1608304802547078,False,True,False
baseline,12.0,1,40.70000000000031,17,1.5,1.599999999999909,0.30000000000000426,1.9782121524444416,False,True,2.088112827580244,0.3681442385843657,19.0,2.093204908999664,0.19999999999949836,1.9783780985718145,18.0,0.6905842333884618,1.8888888888888888,0.6922102278496247,19.0,13.844204556992494,1.894736842105263,2,False,2,0.0,True,False,1.1047470353053783,False,True,False
baseline,12.0,1,55.80000000000052,15,1.5,5.10000000000008,7.100000000000215,1.0295134954187597,False,True,1.0742749517413144,0.0474048744331314,24.0,1.8496467709986069,0.349999999998424,1.8488797061904652,23.0,0.5050806002034105,1.9130434782608696,0.5052901484787222,23.0,10.105802969574444,1.9130434782608696,0,False,2,-1.0,False,True,0.9668608121129081,False,False,True
baseline,12.0,1,60.9000000000006,23,1.5,2.8999999999999204,5.10000000000008,1.073084435408052,False,True,1.1218610006538725,0.0630740021071791,23.0,1.8920238633095288,0.2999999999980574,1.8920238633095288,22.0,0.5403607517627087,1.9090909090909092,0.5403607517627087,22.0,10.807215035254174,1.9090909090909092,0,False,2,-1.0,False,True,0.9910601188764198,True,False,False
baseline,12.0,1,64.10000000000063,3,1.499999999999801,1.499999999999801,0.30000000000011084,1.222791092880437,False,False,1.2783725061931843,0.1693325364792611,23.0,1.833569180756195,0.39999999999784563,1.8326637106477703,22.0,0.5234075318065132,1.9090909090909092,0.5236661334647561,22.0,10.473322669295122,1.9090909090909092,1,False,2,-1.0,False,False,0.9604409994437211,False,False,True
baseline,12.0,1,65.60000000000043,13,1.5,3.3000000000001677,1.499999999999801,1.5171178503431053,False,True,1.5893615575023008,0.1757423191490245,22.0,1.72867200392394,0.24999999999796785,1.72867200392394,21.0,0.5172174540946473,1.9047619047619047,0.5172174540946473,21.0,10.344349081892945,1.9047619047619047,0,False,2,-1.0,False,True,0.9075528020600686,False,False,True
baseline,12.0,1,69.20000000000034,21,0.8999999999999488,0.8999999999999488,0.29999999999974136,1.1529437356825893,False,False,1.2078458183341414,0.1617178273442821,22.0,2.0352209904917915,0.2999999999978513,2.0352209904917915,21.0,0.6089366963962624,1.9047619047619047,0.6089366963962624,21.0,12.178733927925247,1.9047619047619047,1,False,2,-1.0,False,False,1.0684910200081905,False,True,False
baseline,12.0,1,70.10000000000029,11,1.5,2.000000000000341,0.8999999999999488,1.7817412723303434,False,True,1.8708283359468605,0.2231806332918612,21.0,1.9253976902355767,0.2999999999978513,1.9253976902355767,20.0,0.6048815238882845,1.9,0.6048815238882845,20.0,12.09763047776569,1.9,1,False,2,-1.0,False,False,1.0133672053871456,True,False,False
baseline,12.0,1,76.59999999999981,14,0.6000000000005343,0.6000000000005343,2.9999999999993747,1.107449719119094,False,False,1.160185420029527,0.1013043775044447,22.0,1.819598628672612,0.34999999999796216,1.8187426994893665,21.0,0.5441665431891298,1.9047619047619047,0.5444226366018992,21.0,10.888452732037983,1.9047619047619047,0,False,2,-1.0,False,True,0.9552892800531214,False,False,True
baseline,12.0,1,82.8999999999998,23,1.5,1.7000000000000028,4.799999999999514,1.1193978915022083,False,True,1.1702796138432177,0.0654080433445736,23.0,1.7703388050361426,0.29999999999760973,1.7696449838351342,22.0,0.505409425516226,1.9090909090909092,0.5056075803878617,22.0,10.112151607757234,1.9090909090909092,0,False,2,-1.0,False,True,0.9273203264475033,False,False,True
baseline,12.0,1,89.59999999999964,21,1.3000000000001677,1.3000000000001677,4.9999999999998295,1.062657698165983,False,False,1.1109603208098913,0.0714963047792838,23.0,2.089679149678337,0.29999999999739657,2.089679149678337,22.0,0.5968109695444754,1.9090909090909092,0.5968109695444754,22.0,11.936219390889509,1.9090909090909092,0,False,2,-1.0,False,True,1.0945938403077005,False,True,False
baseline,12.0,1,94.09999999999891,9,1.5,2.4999999999998863,3.1999999999991076,1.1582958621640165,False,True,1.2109456740805626,0.0760384208070653,23.0,1.8444472626578885,0.29999999999786553,1.8444472626578885,22.0,0.5267729063908932,1.9090909090909092,0.5267729063908932,22.0,10.535458127817865,1.9090909090909092,0,False,2,-1.0,False,True,0.9661390423446082,False,False,True
baseline,12.0,1,96.5999999999988,8,1.0000000000008384,1.0000000000008384,2.4999999999998863,1.1586806182410254,False,False,1.2138558857763124,0.089308416676497,22.0,2.2615085063009763,0.2999999999978371,2.2615085063009763,21.0,0.6766417628024737,1.9047619047619047,0.6766417628024737,21.0,13.532835256049474,1.9047619047619047,0,False,2,-1.0,False,True,1.1872919658080126,False,True,False
baseline,12.0,1,99.99999999999837,7,0.6,0.20000000000067075,2.3999999999987267,1.3200795270919654,True,False,1.3829404569534876,0.1717701349758146,22.0,2.519765808271978,0.2999999999980787,2.519765808271978,21.0,0.7539121668603803,1.9047619047619047,0.7539121668603803,21.0,15.078243337207606,1.9047619047619047,1,False,3,-1.0,True,False,1.3228770493427884,False,True,False
baseline,12.0,1,100.19999999999904,11,1.5,1.8999999999998778,0.20000000000067075,1.305757814015654,False,True,1.367936757540209,0.1670850972334447,22.0,2.519765808271978,0.09999999999740794,2.519765808271978,21.0,0.7539121668603803,1.9047619047619047,0.7539121668603803,21.0,15.078243337207606,1.9047619047619047,1,False,3,-1.0,True,False,1.3228770493427884,False,True,False
baseline,12.0,1,103.69999999999928,21,0.8999999999995225,0.8999999999995225,1.6000000000003638,1.4050170035509093,False,False,1.4752678537284547,0.1991455132703795,21.0,1.5662540409348311,0.29999999999695603,1.5659625079837978,20.0,0.4919616310878947,1.9,0.4920532188656192,20.0,9.841064377312383,1.9,0,False,2,-1.0,False,True,0.8243442320709637,False,False,True
baseline,12.0,1,106.49999999999812,4,1.5,1.5000000000002416,1.8999999999993236,1.1385182229912876,False,True,1.195444134140852,0.1051328461617602,21.0,2.1589297181084453,0.2999999999979508,2.1589297181084453,20.0,0.6782477742026174,1.9,0.6782477742026174,20.0,13.564955484052348,1.9,0,False,2,-1.0,False,True,1.136278799004445,False,True,False
baseline,12.0,1,114.499999999998,7,0.6999999999997186,0.6999999999997186,2.799999999998718,1.1496214543851835,False,False,1.2018769750390554,0.1185626586380127,23.0,1.8786475947674264,0.2499999999976268,,,,,0.5132126506439549,23.0,10.264253012879099,1.9130434782608696,1,False,2,0.0,True,False,0.9820203336284274,True,False,False
baseline,12.0,1,115.19999999999771,22,1.5,7.300000000000281,0.6999999999995907,1.7648269354321005,False,True,1.8450463415881049,0.2304551989333886,23.0,1.838642886051466,0.04999999999787974,1.7434814212586007,22.0,0.4979371295178465,1.9090909090909092,0.5022840855125583,23.0,10.045681710251166,1.9130434782608696,2,False,2,0.0,True,False,0.9611087813450845,False,False,True
baseline,12.0,1,133.69999999999737,7,1.5,8.0,10.499999999999659,0.9971166070474853,False,True,1.0404695030060715,0.0232118009031424,24.0,1.843483357405524,0.2999999999988461,1.8433409474652984,23.0,0.503567511184194,1.9130434782608696,0.5036064150121948,23.0,10.072128300243897,1.9130434782608696,0,False,2,-1.0,False,True,0.9636390277347058,False,False,True
baseline,12.0,2,38.70000000000028,20,1.5,1.6000000000000227,22.300000000000296,0.9672803908709898,False,True,1.0093360600392938,0.0076807303472793,24.0,1.898588118841045,0.34999999999963904,1.8985083908392668,23.0,0.5186382620381931,1.9130434782608696,0.5186600422907732,23.0,10.373200845815465,1.9130434782608696,0,False,2,-1.0,False,True,0.9924437893941825,True,False,False
baseline,12.0,2,40.3000000000003,25,1.5,6.399999999999977,1.6000000000000227,1.516963871300419,False,True,1.5859167745413472,0.1309608926795948,23.0,1.8198008535919603,0.34999999999952536,1.819743943543423,22.0,0.5197176549500488,1.9090909090909092,0.5197339084219035,22.0,10.39467816843807,1.9090909090909092,0,False,2,-1.0,False,True,0.9532290185481697,False,False,True
baseline,12.0,2,49.30000000000043,23,0.9000000000000128,0.9000000000000128,1.000000000000128,1.0978178585271194,False,False,1.145549069767429,0.1188690720038606,24.0,2.107442967362512,0.2999999999988887,2.107442967362512,23.0,0.575715421228308,1.9130434782608696,0.575715421228308,23.0,11.51430842456616,1.9130434782608696,0,False,2,-1.0,False,True,1.1016179147576768,False,True,False
baseline,12.0,2,50.20000000000044,14,1.5,4.300000000000054,0.9000000000000128,1.7880299435188125,False,True,1.8693040318605767,0.1947811153990573,23.0,1.902342201950844,0.29999999999882476,1.902342201950844,22.0,0.5433076623875093,1.9090909090909092,0.5433076623875093,22.0,10.866153247750185,1.9090909090909092,1,False,2,-1.0,False,False,0.9964649629266326,True,False,False
baseline,12.0,2,54.5000000000005,12,1.5,2.799999999999933,4.300000000000054,1.106290038634385,False,True,1.1589705166645938,0.0680745506488387,22.0,2.119050202115776,0.29999999999852633,2.119050202115776,21.0,0.6340183378623703,1.9047619047619047,0.6340183378623703,21.0,12.680366757247405,1.9047619047619047,0,False,2,-1.0,False,True,1.1125013561107826,False,True,False
baseline,12.0,2,58.10000000000056,18,0.6,0.09999999999988063,0.8000000000001322,1.310488660376511,True,False,1.372892882299202,0.1879329687625796,22.0,2.0488566215347754,0.39999999999825064,,,,,0.585152082770223,22.0,11.70304165540446,1.9090909090909092,2,False,2,0.0,True,False,1.0732106112801205,False,True,False
baseline,12.0,2,59.00000000000057,7,1.5,3.0999999999999304,0.8000000000001251,1.884886530929888,False,True,1.9746430324027395,0.2720453588243007,22.0,1.9746430324027395,0.049999999998213696,1.8143102892113436,21.0,0.5428403691351171,1.9047619047619047,0.5639567312780653,22.0,11.279134625561307,1.9090909090909092,2,False,2,0.0,True,False,1.034336826496673,False,True,False
baseline,12.0,2,62.1000000000005,23,0.6,0.3999999999999986,3.0999999999999304,1.2456935459708414,True,False,1.3079782232693833,0.146975784922321,21.0,1.6058593616726329,0.49999999999808153,1.5326005965339164,20.0,0.4814806774958287,1.9,0.4804719974599178,21.0,9.609439949198356,1.9047619047619047,1,False,2,0.0,True,False,0.8430761648781323,False,False,True
baseline,12.0,2,65.30000000000057,17,0.7999999999999972,0.7999999999999972,2.800000000000068,1.1356442830869253,False,False,1.1924264972412717,0.1166049522330843,21.0,2.011530878515279,0.2999999999978513,2.011530878515279,20.0,0.6319410630412623,1.9,0.6319410630412623,20.0,12.638821260825246,1.9,0,False,2,-1.0,False,True,1.0587004623764626,False,True,False
baseline,12.0,2,66.3000000000004,12,0.6,0.29999999999998295,0.1999999999998323,1.508360639362966,True,False,1.5837786713311144,0.2025403556844377,21.0,2.006916361017392,0.599999999997948,1.6481143113085193,20.0,0.5177703812683045,1.9,0.663675125909621,19.0,13.27350251819242,1.894736842105263,3,True,3,-2.0,True,False,1.0592058572036236,False,True,False
baseline,12.0,2,66.60000000000038,20,0.6,0.4000000000001904,0.29999999999998295,1.5657085957430934,True,False,1.6481143113085193,0.2327857563893653,20.0,2.0843016945490302,0.49999999999795364,2.006916361017392,19.0,0.663675125909621,1.894736842105263,0.654802689145999,20.0,13.09605378291998,1.9,3,False,2,0.0,True,False,1.0970008918679106,False,True,False
baseline,12.0,2,70.50000000000048,23,1.5,2.8000000000000824,0.39999999999997726,1.290307707820364,False,True,1.354823093211382,0.2045603767131158,21.0,1.34803603911478,0.04999999999765237,1.2474791723647007,20.0,0.3919071403407219,1.9,0.4033314397387881,21.0,8.066628794775761,1.9047619047619047,1,False,2,0.0,True,False,0.7077189205352596,False,False,True
baseline,12.0,2,77.99999999999994,7,0.6,0.50000000000054,3.399999999999565,1.1216467048002048,True,False,1.172630645927487,0.0818541408135374,23.0,2.035317595417543,0.5999999999977348,1.9579049727713749,22.0,0.5591763526259523,1.9090909090909092,0.5560120700422431,23.0,11.120241400844861,1.9130434782608696,1,True,2,0.0,True,False,1.063916015786443,False,True,False
baseline,12.0,2,80.39999999999971,11,1.5,5.600000000000236,1.899999999999224,1.3524646456796747,False,True,1.4139403113923872,0.1536518548874489,23.0,1.8420085203216927,0.2999999999978513,1.8420085203216927,22.0,0.5260764032084033,1.9090909090909092,0.5260764032084033,22.0,10.521528064168066,1.9090909090909092,0,False,2,-1.0,False,True,0.9648616058827914,False,False,True
baseline,12.0,2,95.19999999999888,19,1.0000000000003837,1.0000000000003837,6.799999999999173,0.998782676076993,False,False,1.042208009819471,0.0238741166398436,24.0,1.888696062470545,0.2999999999978371,1.888696062470545,23.0,0.5159577108453419,1.9130434782608696,0.5159577108453419,23.0,10.319154216906838,1.9130434782608696,0,False,2,-1.0,False,True,0.9872729417459666,True,False,False
baseline,12.0,2,96.19999999999926,11,1.5,5.19999999999925,1.0000000000003837,1.697625792945426,False,True,1.7747906017156727,0.1668784889232611,23.0,1.7895461948674931,0.2499999999973994,1.7895461948674931,22.0,0.511093198095935,1.9090909090909092,0.511093198095935,22.0,10.2218639619187,1.9090909090909092,0,False,2,-1.0,False,True,0.9373813401686868,False,False,True
baseline,12.0,2,101.39999999999851,13,1.5,1.8000000000003666,5.19999999999925,1.0278923720874298,False,True,1.0768396279011168,0.0518416321595614,22.0,1.995167934988429,0.2999999999978513,1.995167934988429,21.0,0.5969528502131016,1.9047619047619047,0.5969528502131016,21.0,11.939057004262033,1.9047619047619047,0,False,2,-1.0,False,True,1.0474631658689253,False,True,False
baseline,12.0,2,112.69999999999789,24,1.3999999999997925,1.3999999999997925,3.299999999999372,1.006079973674442,False,False,1.0498225812255046,0.0573864829507935,24.0,1.9449524533751488,0.2999999999978371,1.9449524533751488,23.0,0.5313259425308532,1.9130434782608696,0.5313259425308532,23.0,10.626518850617064,1.9130434782608696,0,False,2,-1.0,False,True,1.0166796915370095,True,False,False
baseline,12.0,2,114.09999999999768,14,1.1999999999999176,1.1999999999999176,1.3999999999997925,1.6091349215814703,False,False,1.682277418016992,0.1573432799406767,23.0,1.7381223053993184,0.34999999999796216,1.7361414620705051,22.0,0.4958408420757583,1.9090909090909092,0.4964065696075503,22.0,9.928131392151005,1.9090909090909092,0,False,2,-1.0,False,True,0.9104450171139287,False,False,True
baseline,12.0,2,115.2999999999976,25,0.6,0.20000000000013074,1.1999999999999176,1.499740490458634,True,False,1.5711567042899977,0.1581373875073372,22.0,2.258839467535642,0.299999999997965,2.258839467535642,21.0,0.6758431882713003,1.9047619047619047,0.6758431882713003,21.0,13.516863765426006,1.9047619047619047,1,False,3,-1.0,True,False,1.185890720456212,False,True,False
baseline,12.0,2,115.49999999999773,16,0.999999999999929,0.999999999999929,0.20000000000013074,1.4136847128728793,False,False,1.4810030325334926,0.1405350591564992,22.0,2.258839467535642,0.09999999999783427,2.258839467535642,21.0,0.6758431882713003,1.9047619047619047,0.6758431882713003,21.0,13.516863765426006,1.9047619047619047,1,False,3,-1.0,True,False,1.185890720456212,False,True,False
baseline,12.0,2,116.49999999999766,6,1.5,2.5000000000004263,0.999999999999929,1.798138404709133,False,True,1.892777268114877,0.2931669940832947,20.0,1.8728119478540808,0.04999999999786553,1.6817102727685842,19.0,0.5561314356206601,1.894736842105263,0.5883612256933572,20.0,11.767224513867145,1.9,1,False,2,0.0,True,False,0.9856904988705689,True,False,False
baseline,12.0,2,118.99999999999808,7,1.5,1.699999999999804,2.5000000000004263,1.1300800776174493,False,True,1.192862304151752,0.1240378226363942,19.0,1.97394173931917,0.2999999999972829,1.97394173931917,18.0,0.6890356518732625,1.8888888888888888,0.6890356518732625,18.0,13.780713037465251,1.8888888888888888,0,False,2,-1.0,False,True,1.0450279796395607,False,True,False
baseline,12.0,2,122.89999999999765,12,0.6,0.39999999999994884,0.7999999999999687,1.3481897943942012,True,False,1.419147151993896,0.2290114921712432,20.0,1.7373553252902532,0.49999999999747047,1.7291586517816764,19.0,0.5718223281398469,1.894736842105263,0.5458062726606965,20.0,10.91612545321393,1.9,2,False,2,0.0,True,False,0.9143975396264491,False,False,True
baseline,12.0,2,124.99999999999716,2,1.5,2.0000000000009237,0.4999999999995026,1.298461287096953,False,True,1.3602927769587128,0.2805951024578186,22.0,1.6607517841145631,0.3499999999978627,1.6503695282588182,21.0,0.4937894081606053,1.9047619047619047,0.4968957718486146,21.0,9.937915436972292,1.9047619047619047,1,False,2,-1.0,False,False,0.8718946866601457,False,False,True
baseline,12.0,2,129.1999999999974,24,1.5,1.7000000000002444,2.1999999999993207,1.1333229951117867,False,True,1.1872907567837765,0.1299750367277007,22.0,2.168796761658905,0.24999999999781153,2.168796761658905,21.0,0.6489024736720905,1.9047619047619047,0.6489024736720905,21.0,12.97804947344181,1.9047619047619047,0,False,2,-1.0,False,True,1.138618299870925,False,True,False
baseline,12.0,2,134.79999999999663,5,1.5,2.400000000000773,1.7999999999994714,1.1848849123260152,False,True,1.238743317431743,0.1090385831928941,23.0,2.1741444939592016,0.24999999999982947,2.1741444939592016,22.0,0.6209342154604478,1.9090909090909092,0.6209342154604478,22.0,12.418684309208956,1.9090909090909092,0,False,2,-1.0,False,True,1.1388375920738674,False,True,False
baseline,12.0,2,147.89999999999588,9,1.5,inf,5.099999999999255,1.0102840577589103,False,True,1.054209451574515,0.0405031247873579,24.0,1.9790959696132169,0.20000000000354134,1.9790959696132169,23.0,0.5406533355553087,1.9130434782608696,0.5406533355553087,23.0,10.813066711106174,1.9130434782608696,0,False,2,-1.0,False,True,1.0345274386614542,False,True,False
baseline,12.0,3,25.60000000000012,25,1.5,2.300000000000008,3.500000000000149,1.0330325425119289,False,True,1.077947000882013,0.0381910802907819,24.0,1.933610453817233,0.20000000000011298,1.933610453817233,23.0,0.5282275127492735,1.9130434782608696,0.5282275127492735,23.0,10.56455025498547,1.9130434782608696,0,False,2,-1.0,False,True,1.0107509190408264,True,False,False
baseline,12.0,3,27.900000000000126,14,1.5,1.8000000000000256,2.300000000000008,1.2688454303093568,False,True,1.3265202225961457,0.1083695735133079,23.0,1.858947559467552,0.20000000000013785,1.858947559467552,22.0,0.5309141814756306,1.9090909090909092,0.5309141814756306,22.0,10.618283629512613,1.9090909090909092,0,False,2,-1.0,False,True,0.9737344359115748,False,False,True
baseline,12.0,3,29.700000000000152,15,1.5,3.89999999999997,1.8000000000000256,1.355302018884629,False,True,1.4198402102600876,0.1276004341580555,22.0,2.3575764895878595,0.20000000000013785,2.3575764895878595,21.0,0.7053852361871651,1.9047619047619047,0.7053852361871651,21.0,14.107704723743302,1.9047619047619047,0,False,2,-1.0,False,True,1.2377276570336262,False,True,False
baseline,12.0,3,36.80000000000025,7,0.8999999999998991,0.8999999999998991,0.9000000000001265,1.1557981192559539,False,False,1.2083343974039518,0.1542884231083545,23.0,1.91876336247373,0.3999999999997641,1.9180458139990484,22.0,0.5477926035007332,1.9090909090909092,0.5479975348658837,22.0,10.959950697317673,1.9090909090909092,1,False,2,-1.0,False,False,1.0050665232005251,True,False,False
baseline,12.0,3,41.60000000000035,17,1.5,3.1999999999999034,3.9000000000001975,1.20530186146013,False,True,1.2600883097083178,0.1251064766720093,23.0,1.6584360029009495,0.4499999999993989,1.6489710441053067,22.0,0.4709450289221384,1.9090909090909092,0.4736482148329495,22.0,9.47296429665899,1.9090909090909092,0,False,2,-1.0,False,True,0.8687045729481163,False,False,True
baseline,12.0,3,45.50000000000038,22,1.0000000000000142,1.0000000000000142,0.7000000000001236,1.1430195047789573,False,False,1.1949749368143645,0.1366223509881734,23.0,1.893544787462039,0.2999999999991587,1.893544787462039,22.0,0.540795126684908,1.9090909090909092,0.540795126684908,22.0,10.81590253369816,1.9090909090909092,1,False,2,-1.0,False,False,0.9918567934324966,True,False,False
baseline,12.0,3,46.50000000000039,6,1.5,1.6999999999999105,1.0000000000000142,1.709180871179398,False,True,1.7905704364736552,0.1928616117681192,22.0,1.7757304494301582,0.049999999999101874,1.6249823604906584,21.0,0.4861935853267098,1.9047619047619047,0.5071474304259533,22.0,10.142948608519067,1.9090909090909092,0,False,2,0.0,True,True,0.9301445211300828,False,False,True
baseline,12.0,3,48.2000000000003,7,1.4000000000000483,1.4000000000000483,1.6999999999999105,1.2493702250024612,False,False,1.3118387362525843,0.1228096737673547,21.0,2.1566424645479096,0.29999999999908056,2.1566424645479096,20.0,0.6775292123043499,1.9,0.6775292123043499,20.0,13.550584246086999,1.9,0,False,2,-1.0,False,True,1.135074981341005,False,True,False
baseline,12.0,3,51.40000000000046,23,1.5,2.099999999999916,1.8000000000001108,1.281475377045721,False,True,1.3455491458980071,0.1660521016751155,21.0,2.063766104209915,0.2999999999987395,2.063766104209915,20.0,0.6483512431713496,1.9,0.6483512431713496,20.0,12.967024863426992,1.9,0,False,2,-1.0,False,True,1.0861926864262712,False,True,False
baseline,12.0,3,64.20000000000051,22,1.0000000000000568,1.0000000000000568,4.800000000000054,1.0162392035745347,False,False,1.0604235167734275,0.041330852117154,24.0,1.8342887271203845,0.4499999999979565,1.833410168641033,23.0,0.5008546014625646,1.9130434782608696,0.5010946077986063,23.0,10.021892155972125,1.9130434782608696,0,False,2,-1.0,False,True,0.9588327437220191,False,False,True
baseline,12.0,3,65.20000000000057,2,1.5,3.399999999999693,1.0000000000000568,1.658434158297146,False,True,1.7338175291288345,0.1589600795943605,23.0,1.8347812107665715,0.2999999999978513,1.8347812107665715,22.0,0.5240122884262588,1.9090909090909092,0.5240122884262588,22.0,10.480245768525176,1.9090909090909092,0,False,2,-1.0,False,True,0.9610758723062993,False,False,True
baseline,12.0,3,68.60000000000026,15,0.6,0.100000000000108,3.399999999999693,1.2650477955190065,True,False,1.3252881667341971,0.1140943396845854,22.0,1.84414607610613,0.4499999999979565,1.8040186498514672,21.0,0.5397611178392712,1.9047619047619047,0.6098479752464696,19.0,12.196959504929392,1.894736842105263,2,False,3,-3.0,True,False,0.973299317944902,False,False,True
baseline,12.0,3,68.70000000000037,8,1.5,3.500000000000142,0.100000000000108,1.2627019431728719,False,True,1.3228306071334848,0.1133135290850416,22.0,1.84414607610613,0.3499999999978485,1.8040186498514672,21.0,0.5397611178392712,1.9047619047619047,0.6098479752464696,19.0,12.196959504929392,1.894736842105263,1,False,3,-3.0,True,False,0.973299317944902,False,False,True
baseline,12.0,3,68.70000000000037,21,1.5,3.500000000000142,0.100000000000108,1.2627019431728719,False,True,1.3228306071334848,0.1133135290850416,22.0,1.84414607610613,0.3499999999978485,1.8040186498514672,21.0,0.5397611178392712,1.9047619047619047,0.6098479752464696,19.0,12.196959504929392,1.894736842105263,1,False,3,-3.0,True,False,0.973299317944902,False,False,True
baseline,12.0,3,75.99999999999984,23,0.6000000000004206,0.6000000000004206,2.7999999999992724,1.0784553272370931,False,False,1.1323780935989478,0.0903542856844128,21.0,1.8432714172235467,0.299999999997965,1.8432714172235467,20.0,0.5790807942921541,1.9,0.5790807942921541,20.0,11.581615885843082,1.9,0,False,2,-1.0,False,True,0.9701428511702878,False,False,True
baseline,12.0,3,77.99999999999962,7,1.5,6.000000000000227,1.299999999999244,1.2849947882115638,False,True,1.3434036422211804,0.1655855523858077,23.0,1.6556059639271727,0.2999999999980787,1.6556059639271727,22.0,0.4728399575920958,1.9090909090909092,0.4728399575920958,22.0,9.456799151841915,1.9090909090909092,0,False,2,-1.0,False,True,0.8672221715809,False,False,True
baseline,12.0,3,85.7999999999994,19,0.6,0.200000000000216,1.7999999999995566,1.0686234260579197,True,False,1.1171972181514616,0.1087030963888549,23.0,2.0150982783126925,0.2999999999978513,,,,,0.5504885171659648,23.0,11.009770343319296,1.9130434782608696,1,False,1,0.0,True,False,1.0533468272998165,False,True,False
baseline,12.0,3,89.09999999999921,12,1.5,3.6999999999997897,3.0999999999995964,1.230563535164125,False,True,1.286498241307949,0.1011601796343071,23.0,1.9615301727039725,0.2999999999978513,1.9615301727039725,22.0,0.5602117073055926,1.9090909090909092,0.5602117073055926,22.0,11.204234146111851,1.9090909090909092,0,False,2,-1.0,False,True,1.0274681857020809,False,True,False
baseline,12.0,3,92.799999999999,10,1.000000000000398,1.000000000000398,3.6999999999997897,1.1893316736990984,False,False,1.2459665153038175,0.0968340289982559,22.0,2.112849713858461,0.2999999999978371,2.112849713858461,21.0,0.6321631561140038,1.9047619047619047,0.6321631561140038,21.0,12.643263122280075,1.9047619047619047,0,False,2,-1.0,False,True,1.109246099775692,False,True,False
baseline,12.0,3,96.0999999999988,18,1.000000000000398,1.000000000000398,2.2999999999994003,1.3619305800081565,False,False,1.426784417151402,0.1740176736078913,22.0,1.5461295677819054,0.49999999999783995,1.5373729590770036,21.0,0.459980913720373,1.9047619047619047,0.4626008849182472,21.0,9.252017698364943,1.9047619047619047,0,False,2,-1.0,False,True,0.8117180230855003,False,False,True
baseline,12.0,3,99.59999999999896,15,1.2000000000000455,1.2000000000000455,2.4999999999997584,1.166068219141771,False,False,1.2215952771961411,0.1003098981573778,22.0,2.144529273245459,0.2499999999975273,2.144529273245459,21.0,0.6416416581177327,1.9047619047619047,0.6416416581177327,21.0,12.832833162354653,1.9047619047619047,0,False,2,-1.0,False,True,1.1258778684538662,False,True,False
baseline,12.0,3,107.39999999999864,12,0.6,0.20000000000031548,3.299999999999841,1.1127275876500482,True,False,1.163306114361414,0.0642711868244661,23.0,2.138158685603947,0.29999999999738236,,,,,0.5841064016437016,23.0,11.682128032874033,1.9130434782608696,2,False,1,0.0,True,False,1.1176738583838814,False,True,False
baseline,12.0,3,107.99999999999814,5,1.100000000000378,1.100000000000378,0.39999999999918145,2.0171863825805443,False,False,2.108876672697842,0.2718415773775628,23.0,2.106717177519892,0.04999999999786553,1.95937770816028,22.0,0.5595969648694492,1.9090909090909092,0.575517148529384,23.0,11.51034297058768,1.9130434782608696,2,False,2,0.0,True,False,1.1012385246126708,False,True,False
baseline,12.0,3,109.09999999999852,18,1.5,2.3999999999993236,1.100000000000378,1.6624628825073202,False,True,1.7416277816743353,0.2446123498276132,22.0,1.8232158498435045,0.29999999999739657,1.8232158498435045,21.0,0.5455049066454118,1.9047619047619047,0.5455049066454118,21.0,10.910098132908237,1.9047619047619047,0,False,2,-1.0,False,True,0.9571883211678399,False,False,True
baseline,12.0,3,111.49999999999784,6,1.5,2.0999999999998806,2.3999999999993236,1.1013369025194657,False,True,1.156403747645439,0.0923925050427233,21.0,2.0407812802629905,0.299999999997965,2.0407812802629905,20.0,0.6411303477657784,1.9,0.6411303477657784,20.0,12.822606955315567,1.9,0,False,2,-1.0,False,True,1.074095410664732,False,True,False
baseline,12.0,3,113.59999999999772,9,1.5,1.8000000000009209,2.0999999999998806,1.4266794599405228,False,True,1.5017678525689715,0.1482817701748381,20.0,1.9422459297427388,0.44999999999794227,1.9365483390122464,19.0,0.6404048458065672,1.894736842105263,0.6422890046678384,19.0,12.845780093356769,1.894736842105263,0,False,2,-1.0,False,True,1.0250742406975566,False,True,False
baseline,12.0,3,119.39999999999829,15,0.6,0.09999999999955378,2.29999999999977,1.208945520267071,True,False,1.2665143545655029,0.1275096833035278,22.0,1.8355813130911387,0.2999999999970555,,,,,0.5242407971158025,22.0,10.48481594231605,1.9090909090909092,1,False,2,0.0,True,False,0.9614949735239298,False,False,True
baseline,12.0,3,129.89999999999725,23,1.5,2.299999999999528,2.4999999999989626,1.0287076223807463,False,True,1.0734340407451266,0.0727486720888976,24.0,2.019508335869481,0.24999999999809575,2.019508335869481,23.0,0.5516932653766009,1.9130434782608696,0.5516932653766009,23.0,11.033865307532018,1.9130434782608696,0,False,2,-1.0,False,True,1.055652084659047,False,True,False
baseline,12.0,3,132.19999999999678,20,0.6,0.4000000000003183,2.299999999999528,1.3478184945697542,True,False,1.409082971595652,0.1334687758001156,23.0,2.000972244159228,0.3999999999991246,1.995499893725431,22.0,0.569913436942457,1.9090909090909092,0.5714763365716102,22.0,11.429526731432205,1.9090909090909092,1,False,2,-1.0,False,False,1.0481283183691192,False,True,False
baseline,12.0,3,132.5999999999971,22,0.6,0.3999999999996646,0.4000000000003183,1.9100189603338082,True,False,2.000972244159228,0.2501128024207583,22.0,2.350246157123524,0.24999999999886313,2.350246157123524,21.0,0.7031920058425625,1.9047619047619047,0.7031920058425625,21.0,14.06384011685125,1.9047619047619047,2,False,2,-1.0,False,False,1.23387923248985,False,True,False
baseline,12.0,3,132.99999999999676,16,1.5,4.900000000000489,0.3999999999996646,2.221806454565274,False,True,2.3328967772935374,0.3739897703768772,21.0,2.3329535897038145,0.04999999999924398,2.190540199828169,20.0,0.6881784999173295,1.9,0.6980180817694706,21.0,13.960361635389411,1.9047619047619047,2,False,2,0.0,True,False,1.2248006345945026,False,True,False
baseline,12.0,3,140.99999999999673,21,0.6,0.0999999999994543,0.3999999999996362,1.2890973139910087,True,False,1.3476926464451455,0.2270532815870104,23.0,1.9602086766579585,0.5000000000011937,1.9533897394273727,22.0,0.5578868049984287,1.9090909090909092,0.5598342889174193,22.0,11.196685778348385,1.9090909090909092,4,False,3,-1.0,True,False,1.026775973487502,False,True,False
baseline,12.0,3,141.0999999999962,25,1.5,7.900000000000546,0.09999999999942588,1.3464169445653262,False,True,1.4049568117203404,0.2477429244476738,24.0,1.9602086766579585,0.4000000000017394,1.919213953800968,23.0,0.5242946485154905,1.9130434782608696,0.5598342889174193,22.0,11.196685778348385,1.9090909090909092,4,False,3,-2.0,True,False,1.026775973487502,False,True,False
baseline,12.0,3,150.39999999999574,11,1.5,inf,1.2999999999995566,1.119723102791535,False,True,1.1684067159563845,0.1209329037372501,24.0,1.9403454426442368,0.25000000000426326,1.940040866304196,23.0,0.5299841854995861,1.9130434782608696,0.5300673902641364,23.0,10.601347805282728,1.9130434782608696,0,False,2,-1.0,False,True,1.0142714813822147,True,False,False
baseline,12.0,4,21.400000000000038,19,1.5,8.0,4.300000000000054,1.0139456069476862,False,True,1.0580301985541074,0.0379611190347117,24.0,1.9902344989878185,0.20000000000013074,1.9902344989878185,23.0,0.5436961809513994,1.9130434782608696,0.5436961809513994,23.0,10.873923619027988,1.9130434782608696,0,False,2,-1.0,False,True,1.0403498517436323,False,True,False
baseline,12.0,4,45.10000000000037,6,1.5,8.0,15.700000000000333,0.9661260986013686,False,True,1.0081315811492542,0.0066115667117441,24.0,1.9253461247731745,0.29999999999918714,1.9253461247731745,23.0,0.5259698470613028,1.9130434782608696,0.5259698470613028,23.0,10.519396941226056,1.9130434782608696,0,False,2,-1.0,False,True,1.0064309288587048,True,False,False
baseline,12.0,4,54.4000000000005,11,1.5,7.0000000000000995,1.3000000000001322,1.0618466708345895,False,True,1.1080139173926151,0.093540752680765,24.0,2.0142429852412054,0.3499999999985235,2.0136743423548005,23.0,0.5500995235360087,1.9130434782608696,0.5502548665198734,23.0,11.005097330397469,1.9130434782608696,0,False,2,-1.0,False,True,1.0528997422851756,False,True,False
baseline,12.0,4,61.4000000000006,14,0.9999999999999005,0.9999999999999005,7.0000000000000995,1.0760231576303643,False,False,1.1249333011590172,0.0589710539806524,23.0,2.061406542785857,0.3999999999980304,2.0612882751421178,22.0,0.5887025547379321,1.9090909090909092,0.5887363318979983,22.0,11.774726637959967,1.9090909090909092,0,False,2,-1.0,False,True,1.0797843795544966,False,True,False
baseline,12.0,4,63.20000000000063,17,1.5,3.3999999999998636,0.8000000000001251,1.6421568885840534,False,True,1.716800383519692,0.2037389277792679,23.0,1.9080778032592245,0.44999999999789253,1.9022990454601048,22.0,0.5432953369225766,1.9090909090909092,0.54494574629063,22.0,10.8989149258126,1.9090909090909092,1,False,2,-1.0,False,False,0.9994693255167366,True,False,False
baseline,12.0,4,66.60000000000049,5,1.5,2.800000000000111,3.3999999999998636,1.3633526561205107,False,True,1.4282742111738684,0.1450294358423294,22.0,1.7823703320343185,0.3499999999978485,1.7822942941708964,21.0,0.5332612058192661,1.9047619047619047,0.5332839562948015,21.0,10.66567912589603,1.9047619047619047,0,False,2,-1.0,False,True,0.9357444243180173,False,False,True
baseline,12.0,4,71.00000000000024,13,0.6,0.20000000000038654,1.599999999999639,1.1169549818231639,True,False,1.1701433142909337,0.1101767653543239,22.0,1.679904320831044,0.5499999999978371,,,,,0.4797795520960508,22.0,9.595591041921015,1.9090909090909092,1,True,1,0.0,True,False,0.8799498823400707,False,False,True
baseline,12.0,4,74.70000000000003,21,1.5,1.9999999999998863,0.09999999999953957,1.1620131649954037,False,True,1.2148319452224674,0.1604006096189024,23.0,2.0104051115246198,0.2999999999978513,2.0104051115246198,22.0,0.5741703571913739,1.9090909090909092,0.5741703571913739,22.0,11.483407143827478,1.9090909090909092,1,False,2,-1.0,False,False,1.0530693441319436,False,True,False
baseline,12.0,4,76.69999999999992,12,1.5,2.300000000000324,1.9999999999998863,1.3832633169084216,False,True,1.4491329986659656,0.1480323866062331,22.0,2.005035636318262,0.24999999999785416,2.005035636318262,21.0,0.5999052595469703,1.9047619047619047,0.5999052595469703,21.0,11.998105190939405,1.9047619047619047,0,False,2,-1.0,False,True,1.0526437090670877,False,True,False
baseline,12.0,4,79.9,14,1.5,2.8000000000000256,0.8999999999997641,1.2709623116434867,False,True,1.331484326483653,0.1670566847724915,22.0,1.6529786283999033,0.6999999999975586,1.6149810621421998,21.0,0.4832012038583406,1.9047619047619047,0.4945700490973399,21.0,9.891400981946799,1.9047619047619047,1,False,2,-1.0,False,False,0.8678137799099492,False,False,True
baseline,12.0,4,91.89999999999894,11,1.5,8.0,3.999999999998934,1.0267402829237355,False,True,1.071381164789985,0.0682054331186979,24.0,1.7232563374874623,0.34999999999796216,1.7228535207453155,23.0,0.4706525186073733,1.9130434782608696,0.4707625608784926,23.0,9.415251217569852,1.9130434782608696,0,False,2,-1.0,False,True,0.9007930855048099,False,False,True
baseline,12.0,4,106.29999999999824,24,0.6,0.29999999999998295,6.399999999999295,1.0115823325663549,True,False,1.055564173112718,0.0428738753854338,24.0,1.975426728331931,0.2999999999978513,1.975426728331931,23.0,0.5396509649941317,1.9130434782608696,0.5396509649941317,23.0,10.793019299882634,1.9130434782608696,1,False,3,-1.0,True,False,1.0326094261735093,False,True,False
baseline,12.0,4,106.59999999999822,18,1.5,7.700000000000017,0.29999999999998295,1.8895386097088036,False,True,1.975426728331931,0.2117416080997697,23.0,1.975426728331931,0.04999999999786553,1.8705602555247904,22.0,0.5342307597139753,1.9090909090909092,0.5396509649941317,23.0,10.793019299882634,1.9130434782608696,1,False,2,0.0,True,False,1.0326094261735093,False,True,False
baseline,12.0,4,116.59999999999764,16,1.199999999999946,1.199999999999946,1.9999999999994174,1.129849070361298,False,False,1.1789729429857023,0.0885507021828915,24.0,1.793978535310672,0.29999999999786553,1.793978535310672,23.0,0.4900825901938943,1.9130434782608696,0.4900825901938943,23.0,9.801651803877885,1.9130434782608696,0,False,2,-1.0,False,True,0.9377615070942149,False,False,True
baseline,12.0,4,117.79999999999758,4,1.5,6.599999999999625,1.199999999999946,1.4969161441673702,False,True,1.5649577870840687,0.1296625296667804,23.0,1.9804788435835592,0.29999999999786553,1.9804788435835592,22.0,0.565623435053829,1.9090909090909092,0.565623435053829,22.0,11.312468701076579,1.9090909090909092,0,False,2,-1.0,False,True,1.0373936799723404,False,True,False
baseline,12.0,4,124.3999999999972,8,0.6,0.20000000000042917,6.599999999999625,1.0549692125485814,True,False,1.1052058417175616,0.0482747015606124,22.0,1.9918374159953969,0.3999999999978314,,,,,0.5688674357487651,22.0,11.377348714975302,1.9090909090909092,1,False,1,0.0,True,False,1.0433434083785411,False,True,False
baseline,12.0,4,130.69999999999726,17,0.6999999999995623,0.6999999999995623,4.899999999999679,1.143309378015827,False,False,1.1952779861074556,0.0890413402846035,23.0,1.7267289476025378,0.24999999999826628,1.7267289476025378,22.0,0.4931526342299062,1.9090909090909092,0.4931526342299062,22.0,9.863052684598124,1.9090909090909092,0,False,2,-1.0,False,True,0.9044770677918055,False,False,True
baseline,12.0,4,131.39999999999682,7,1.0000000000003695,1.0000000000003695,0.6999999999995623,1.6061007408195322,False,False,1.6825817284776052,0.1650022903010207,22.0,2.034851643433437,0.24999999999886313,2.034851643433437,21.0,0.6088261880148194,1.9047619047619047,0.6088261880148194,21.0,12.176523760296387,1.9047619047619047,1,False,2,-1.0,False,False,1.0682971128025545,False,True,False
baseline,12.0,4,137.59999999999692,4,1.1000000000003354,1.1000000000003354,5.199999999999733,1.020422739350691,False,False,1.0690142983673905,0.0360425778810288,22.0,1.923291321375268,0.25000000000017053,1.923291321375268,21.0,0.5754474177090998,1.9047619047619047,0.5754474177090998,21.0,11.508948354181996,1.9047619047619047,0,False,2,-1.0,False,True,1.0097279437220157,True,False,False
baseline,12.0,4,139.09999999999724,17,0.6,0.29999999999958504,0.39999999999997726,1.6125065333144362,True,False,1.6892925587103618,0.2126493044467856,22.0,1.6693989441931538,1.4210854715202004e-13,1.518022318143342,21.0,0.4541912154918543,1.9047619047619047,0.4767792235443426,22.0,9.535584470886851,1.9090909090909092,2,False,2,0.0,True,False,0.8744470660059377,False,False,True
baseline,12.0,4,140.69999999999675,24,0.6,0.49999999999954525,1.299999999999926,1.2351140474172573,True,False,1.2939290020561744,0.1505094553657708,22.0,1.8480025264845696,0.35000000000107434,1.8462599787250984,21.0,0.552399693883773,1.9047619047619047,0.5529210629542192,21.0,11.058421259084383,1.9047619047619047,2,False,2,-1.0,False,False,0.9702013264043992,False,False,True
baseline,12.0,4,141.1999999999963,3,0.6,0.0999999999999659,0.49999999999954525,1.7576544952397684,True,False,1.8455372200017568,0.2283488354741252,21.0,3.0378827909658903,0.3500000000016428,2.178101340871767,20.0,0.6842707171256821,1.9,1.0046095009016105,19.0,20.09219001803221,1.894736842105263,2,False,3,-2.0,True,False,1.6033270285653312,False,True,False
baseline,12.0,4,141.29999999999626,2,1.5,4.300000000000665,0.0999999999999659,1.7548698771095403,False,True,1.8426133709650172,0.2263496432827675,21.0,3.0378827909658903,0.2500000000016769,2.178101340871767,20.0,0.6842707171256821,1.9,1.0046095009016105,19.0,20.09219001803221,1.894736842105263,2,False,3,-2.0,True,False,1.6033270285653312,False,True,False
baseline,12.0,4,146.7999999999963,11,0.6,0.3000000000009493,1.1999999999993634,1.459262731272318,True,False,1.5360660329182296,0.186162264299993,20.0,1.7262033077700194,0.35000000000292175,1.63934963050954,19.0,0.542123026934096,1.894736842105263,0.5423027630292694,20.0,10.846055260585388,1.9,2,False,2,0.0,True,False,0.9085280567210628,False,False,True
baseline,12.0,4,147.3999999999959,23,1.3000000000008356,1.3000000000008356,0.29999999999867555,1.6274268354092283,False,False,1.713080879378135,0.2802509721039886,20.0,2.625501180717901,0.20000000000339924,2.625501180717901,19.0,0.8682373917194406,1.894736842105263,0.8682373917194406,19.0,17.36474783438881,1.894736842105263,2,False,2,-1.0,False,False,1.3856811787122256,False,True,False
baseline,12.0,4,150.89999999999662,4,1.5,1.8999999999988688,1.6000000000003638,1.2870916294892691,False,True,1.3483817070839963,0.1837845308546077,22.0,1.631998980353646,0.2000000000034845,1.631998980353646,21.0,0.4882929530804807,1.9047619047619047,0.4882929530804807,21.0,9.765859061609614,1.9047619047619047,0,False,2,-1.0,False,True,0.8567994646856643,False,False,True
baseline,12.0,4,152.7999999999955,6,0.6,0.100000000000108,1.8999999999988688,1.1360375456142615,True,False,1.1928394228949746,0.1144994182308085,21.0,2.15073906621622,0.25000000000505906,2.15073906621622,20.0,0.6756746050213449,1.9,0.6756746050213449,20.0,13.513492100426898,1.9,2,False,3,-1.0,True,False,1.1319679295874843,False,True,False
baseline,12.0,4,152.8999999999956,9,0.6,0.3000000000004377,0.100000000000108,1.1102214971612656,True,False,1.1657325720193288,0.111123039125033,21.0,2.15073906621622,0.15000000000495106,2.15073906621622,20.0,0.6756746050213449,1.9,0.6756746050213449,20.0,13.513492100426898,1.9,2,False,4,-1.0,True,False,1.1319679295874843,False,True,False
baseline,12.0,4,153.19999999999604,16,1.5,1.6000000000002501,0.3000000000004377,1.916827829299373,False,True,2.0233182642604493,0.3525371218947234,19.0,2.012396362675178,4.575895218295045e-12,1.8446006412709188,18.0,0.6438870914915267,1.8888888888888888,0.665487329378017,19.0,13.30974658756034,1.894736842105263,2,False,2,0.0,True,False,1.0620980803007884,False,True,False
baseline,12.0,5,30.20000000000016,19,0.9000000000000092,0.9000000000000092,inf,0.9592497064634234,False,False,1.000956215440094,0.0006765532377081,24.0,1.9171166021374848,0.20000000000013785,1.9171166021374848,23.0,0.5237216898565347,1.9130434782608696,0.5237216898565347,23.0,10.474433797130693,1.9130434782608696,0,False,2,-1.0,False,True,1.0021291329355033,True,False,False
baseline,12.0,5,31.10000000000017,9,1.5,4.300000000000065,0.9000000000000092,1.7520272657976892,False,True,1.831664868788493,0.1777204253902522,23.0,1.8337708801225212,0.2000000000001414,1.8337708801225212,22.0,0.523723738669073,1.9090909090909092,0.523723738669073,22.0,10.47447477338146,1.9090909090909092,1,False,2,-1.0,False,False,0.9605466514927492,False,False,True
baseline,12.0,5,35.40000000000023,24,1.5,2.799999999999926,4.300000000000065,1.0609222833311176,False,True,1.111442392061171,0.0704494130786659,22.0,1.7734241292677788,0.3999999999998707,1.7711142943632123,21.0,0.5299161576989846,1.9047619047619047,0.5306072586863362,21.0,10.612145173726724,1.9047619047619047,0,False,2,-1.0,False,True,0.9310476678655839,False,False,True
baseline,12.0,5,45.90000000000038,5,1.5,3.999999999999943,2.500000000000149,1.081402215220911,False,True,1.1284197028392116,0.0652080939204042,24.0,2.022265009164642,0.2999999999991303,2.022265009164642,23.0,0.5524463388176812,1.9130434782608696,0.5524463388176812,23.0,11.048926776353625,1.9130434782608696,0,False,2,-1.0,False,True,1.0570930729724264,False,True,False
baseline,12.0,5,49.900000000000325,19,1.5,4.000000000000057,3.999999999999943,1.1829226737456833,False,True,1.2366918861886689,0.0884107129860418,23.0,1.846686753149184,0.29999999999895977,1.846686753149184,22.0,0.5274125033795514,1.9090909090909092,0.5274125033795514,22.0,10.548250067591027,1.9090909090909092,0,False,2,-1.0,False,True,0.9673121087924297,False,False,True
baseline,12.0,5,57.50000000000055,18,0.6,0.3999999999997783,3.600000000000165,1.0489015349049247,True,False,1.0965788774006031,0.0697661956791707,23.0,2.09235782200092,0.29999999999830607,2.09235782200092,22.0,0.5975759965708392,1.9090909090909092,0.5975759965708392,22.0,11.951519931416783,1.9090909090909092,1,False,2,-1.0,False,False,1.0959969543814343,False,True,False
baseline,12.0,5,78.3999999999998,18,1.5,1.6999999999996902,12.899999999999267,0.9798773227088741,False,True,1.0224806845657817,0.01603607879745,24.0,1.8681153802658792,0.24999999999786837,1.8681153802658792,23.0,0.5103354395392512,1.9130434782608696,0.5103354395392512,23.0,10.206708790785024,1.9130434782608696,0,False,2,-1.0,False,True,0.976514857866255,False,False,True
baseline,12.0,5,80.0999999999995,19,0.7000000000001876,0.7000000000001876,1.6999999999996902,1.4197154792393345,False,False,1.4842480010229404,0.1127791503496698,23.0,2.4283978806156648,0.2999999999980787,2.4283978806156648,22.0,0.6935488128850178,1.9090909090909092,0.6935488128850178,22.0,13.870976257700356,1.9090909090909092,0,False,2,-1.0,False,True,1.2720179374653482,False,True,False
baseline,12.0,5,80.79999999999968,15,1.5,5.299999999999699,0.7000000000001876,2.218907448089617,False,True,2.324569707522456,0.29376562224658,22.0,2.2878171107798257,0.04999999999786553,2.082047041560579,21.0,0.622947018113817,1.9047619047619047,0.6533990389075388,22.0,13.067980778150776,1.9090909090909092,1,False,2,0.0,True,False,1.198380391360861,False,True,False
baseline,12.0,5,86.09999999999938,16,0.6,0.3000000000004235,5.299999999999699,1.2588960820677542,True,False,1.321840886171142,0.15550806323012,21.0,2.579552534860027,0.39999999999784563,2.4626516146967505,20.0,0.7736648221082354,1.9,0.7718003136252563,21.0,15.436006272505125,1.9047619047619047,1,False,2,0.0,True,False,1.3542650808015142,False,True,False
baseline,12.0,5,92.09999999999904,12,1.5,2.000000000000341,3.2999999999993577,1.0953196050549052,False,True,1.1451068598301282,0.0718661626708071,23.0,2.052443492045897,0.2999999999978513,2.052443492045897,22.0,0.5861764905926883,1.9090909090909092,0.5861764905926883,22.0,11.723529811853766,1.9090909090909092,0,False,2,-1.0,False,True,1.0750894482145175,False,True,False
baseline,12.0,5,99.19999999999864,17,0.9000000000004036,0.9000000000004036,5.099999999999255,1.1185876290134966,False,False,1.1694325212413827,0.0821226757983502,23.0,1.70771549518938,0.39999999999784563,1.7060656750431198,22.0,0.487251217387016,1.9090909090909092,0.4877224049189466,22.0,9.754448098378932,1.9090909090909092,0,False,2,-1.0,False,True,0.8945176403372943,False,False,True
baseline,12.0,5,100.69999999999855,11,1.5,6.500000000000085,0.5999999999995111,1.4527785718075976,False,True,1.5188139614352156,0.179017070284821,23.0,1.7076219761340383,0.2999999999978513,1.7076219761340383,22.0,0.4876956959391982,1.9090909090909092,0.4876956959391982,22.0,9.753913918783963,1.9090909090909092,1,False,2,-1.0,False,False,0.8944686541654486,False,False,True
baseline,12.0,5,112.69999999999789,13,1.5,3.1999999999997897,3.999999999999332,1.0561950516472345,False,True,1.102116575631897,0.0650440710265097,24.0,1.7732875216498878,0.3999999999978314,1.77188609203601,23.0,0.484047333020718,1.9130434782608696,0.4844301783232816,23.0,9.688603566465632,1.9130434782608696,0,False,2,-1.0,False,True,0.9269457499533504,False,False,True
baseline,12.0,5,115.89999999999768,22,1.5,1.8999999999999062,3.1999999999997897,1.1402783342757352,False,True,1.192109167651905,0.0657020567421149,23.0,1.8441171535705283,0.29999999999786553,1.8441171535705283,22.0,0.5266786274560085,1.9090909090909092,0.5266786274560085,22.0,10.53357254912017,1.9090909090909092,0,False,2,-1.0,False,True,0.9659661280607529,False,False,True
baseline,12.0,5,117.79999999999758,8,1.5,2.900000000000304,1.8999999999999062,1.3483818294751349,False,True,1.4125904880215698,0.1071319975086032,22.0,1.8199467428676237,0.3499999999978627,1.8196942003360836,21.0,0.5444512315767422,1.9047619047619047,0.5445267921254855,21.0,10.89053584250971,1.9047619047619047,0,False,2,-1.0,False,True,0.9554720400055025,False,False,True
baseline,12.0,5,123.99999999999712,5,1.5,1.8000000000004661,0.09999999999944009,1.1599446846785233,False,True,1.2126694430730016,0.1733715830886608,23.0,2.160321209790933,0.299999999997965,2.160321209790933,22.0,0.6169862947339464,1.9090909090909092,0.6169862947339464,22.0,12.339725894678928,1.9090909090909092,1,False,2,-1.0,False,False,1.1315968241762029,False,True,False
baseline,12.0,5,129.39999999999694,14,1.5,2.600000000000165,3.599999999999355,1.2354117138621854,False,True,1.291566791765012,0.1126380682504759,23.0,1.801843092821664,0.34999999999831743,1.8009546086539026,22.0,0.5143514334541619,1.9090909090909092,0.5146051839390955,22.0,10.29210367878191,1.9090909090909092,0,False,2,-1.0,False,True,0.9438225724303954,False,False,True
baseline,12.0,5,139.59999999999624,24,1.5,8.0,2.1999999999993065,1.037449173672386,False,True,1.082555659484229,0.0715647556795508,24.0,1.9915841578378533,0.2500000000013074,1.9915841578378533,23.0,0.5440648834147144,1.9130434782608696,0.5440648834147144,23.0,10.881297668294287,1.9130434782608696,0,False,2,-1.0,False,True,1.0410553552334232,False,True,False
baseline,12.0,5,149.29999999999623,18,0.6,0.2999999999995566,1.6999999999999886,1.0706028345765823,True,False,1.117150783905999,0.0759841184021555,24.0,1.94370852860615,0.30000000000353566,1.9434392096072897,23.0,0.5309125516174449,1.9130434782608696,0.5309861247120788,23.0,10.619722494241577,1.9130434782608696,1,False,3,-1.0,True,False,1.0160294581350329,True,False,False
baseline,12.0,5,149.5999999999958,7,1.5,inf,0.2999999999995566,1.8589418526678423,False,True,1.9434392096072897,0.2122347258527266,23.0,1.94370852860615,3.979039320256561e-12,1.867802255463993,22.0,0.533443076738557,1.9090909090909092,0.5309861247120788,23.0,10.619722494241577,1.9130434782608696,1,False,2,0.0,True,False,1.0160294581350329,True,False,False
baseline,12.0,6,22.50000000000005,5,0.9999999999999112,0.9999999999999112,4.000000000000071,1.0731651579269867,False,False,1.1219453923782134,0.060078589480936,23.0,1.9488382049884705,0.35000000000014,1.9417259689870792,22.0,0.5545556399503937,1.9090909090909092,0.5565868898024453,22.0,11.131737796048906,1.9090909090909092,0,False,2,-1.0,False,True,1.0208200121368178,False,True,False
baseline,12.0,6,28.20000000000013,3,1.5,2.299999999999919,4.70000000000017,1.1126319877202948,False,True,1.1632061689803082,0.059822086831427,23.0,2.1364480287293035,0.20000000000013785,2.1364480287293035,22.0,0.6101681301665796,1.9090909090909092,0.6101681301665796,22.0,12.203362603331591,1.9090909090909092,0,False,2,-1.0,False,True,1.1190918245724923,False,True,False
baseline,12.0,6,50.300000000000445,9,0.8000000000000114,0.8000000000000114,14.100000000000314,0.9865114046620208,False,False,1.0294032048647173,0.0241430114255428,24.0,1.8970097380589277,0.29999999999881766,1.8970097380589277,23.0,0.5182288571194977,1.9130434782608696,0.5182288571194977,23.0,10.364577142389955,1.9130434782608696,0,False,2,-1.0,False,True,0.9916187267126213,True,False,False
baseline,12.0,6,51.100000000000456,12,1.5,3.2000000000000455,0.8000000000000114,1.7591630446054207,False,True,1.8391250011783944,0.1803383738002268,23.0,1.8556611309613555,0.34999999999875797,1.8553594802343043,22.0,0.5298894284429334,1.9090909090909092,0.5299755796891201,22.0,10.599511593782402,1.9090909090909092,1,False,2,-1.0,False,False,0.97201297336071,False,False,True
baseline,12.0,6,54.3000000000005,16,1.5,3.999999999999943,3.2000000000000455,1.3789247351493428,False,True,1.4445878177755018,0.1398694569440987,22.0,1.8107750427666895,0.39999999999852776,1.8085039488038923,21.0,0.5411031161476609,1.9047619047619047,0.5417826258723406,21.0,10.835652517446812,1.9047619047619047,0,False,2,-1.0,False,True,0.950656897452512,False,False,True
baseline,12.0,6,67.00000000000047,11,1.5,3.799999999999784,4.699999999999967,1.0360598307072515,False,True,1.081105910303219,0.0374100867740947,24.0,1.882719792309021,0.2999999999978513,1.882719792309021,23.0,0.5143251015900976,1.9130434782608696,0.5143251015900976,23.0,10.286502031801952,1.9130434782608696,0,False,2,-1.0,False,True,0.9841489823433519,True,False,False
baseline,12.0,6,70.80000000000025,10,1.5,3.799999999999784,3.799999999999784,1.1271593027622118,False,True,1.1783938165241303,0.0632337241469532,23.0,2.1119242856964378,0.2999999999978513,2.1119242856964378,22.0,0.6031641655347091,1.9090909090909092,0.6031641655347091,22.0,12.063283310694182,1.9090909090909092,0,False,2,-1.0,False,True,1.1062460544124197,False,True,False
baseline,12.0,6,74.60000000000004,18,0.6,0.400000000000432,3.799999999999784,1.2277659025539978,True,False,1.2862309455327596,0.1132355899970136,22.0,1.849719907018576,0.49999999999783995,1.770850642610663,21.0,0.5298372732790879,1.9047619047619047,0.5282787700989413,22.0,10.565575401978826,1.9090909090909092,1,False,2,0.0,True,False,0.9689009036763969,False,False,True
baseline,12.0,6,80.59999999999958,12,1.5,2.0000000000004547,1.7999999999993292,1.1350000536167015,False,True,1.1865909651447335,0.1419503479420276,23.0,1.481298899971907,0.299999999997965,1.481298899971907,22.0,0.4230579765383986,1.9090909090909092,0.4230579765383986,22.0,8.461159530767972,1.9090909090909092,0,False,2,-1.0,False,True,0.7759184714138561,False,False,True
baseline,12.0,6,92.19999999999904,14,1.5,5.299999999999699,3.5999999999994543,1.0089372060675281,False,True,1.0528040411139423,0.05814819864886,24.0,1.7350507183648824,0.3499999999978485,1.733473467811889,23.0,0.4735536966670133,1.9130434782608696,0.4739845730800702,23.0,9.479691461601403,1.9130434782608696,0,False,2,-1.0,False,True,0.9069583300543703,False,False,True
baseline,12.0,6,97.49999999999874,24,1.1999999999999034,1.1999999999999034,5.299999999999699,1.0432552303399683,False,False,1.0906759226281486,0.0403255336036503,23.0,1.902815342451451,0.29999999999786553,1.902815342451451,22.0,0.5434427909984931,1.9090909090909092,0.5434427909984931,22.0,10.868855819969863,1.9090909090909092,0,False,2,-1.0,False,True,0.9967127984269504,True,False,False
baseline,12.0,6,98.69999999999864,7,1.5,1.500000000000398,1.1999999999999034,1.6466411157930507,False,True,1.7250525974974815,0.163205225393763,22.0,1.7455443245259927,0.29999999999787974,1.7454227848744523,21.0,0.5222292760352207,1.9047619047619047,0.5222656406139254,21.0,10.445312812278509,1.9047619047619047,0,False,2,-1.0,False,True,0.9164107703761463,False,False,True
baseline,12.0,6,105.29999999999828,6,0.6,0.2000000000004576,5.099999999999241,1.068689554038424,True,False,1.1195795328021585,0.0998596926287483,22.0,2.178596972824996,0.29999999999786553,,,,,0.6222058404509063,22.0,12.444116809018126,1.9090909090909092,1,False,1,0.0,True,False,1.141169842908331,False,True,False
baseline,12.0,6,109.49999999999852,10,1.5,3.7999999999997556,2.7999999999998835,1.1826771828438776,False,True,1.2364352366095084,0.0981973847805507,23.0,1.95503280584232,0.29999999999738236,1.95503280584232,22.0,0.5583560636692066,1.9090909090909092,0.5583560636692066,22.0,11.167121273384133,1.9090909090909092,0,False,2,-1.0,False,True,1.0240648030602628,False,True,False
baseline,12.0,6,123.29999999999772,24,1.5,5.899999999999679,5.799999999999201,1.004560795587558,False,True,1.0482373519174517,0.0430490018771589,24.0,1.980126176300195,0.2499999999973994,1.980126176300195,23.0,0.5409347694474382,1.9130434782608696,0.5409347694474382,23.0,10.818695388948765,1.9130434782608696,0,False,2,-1.0,False,True,1.0350659557932838,False,True,False
baseline,12.0,6,129.1999999999974,18,1.5,1.6999999999999034,5.899999999999679,1.1208209517659244,False,True,1.1717673586643755,0.0813041256399877,23.0,1.892261479614992,0.2999999999977945,1.8917351852766409,22.0,0.540278305509311,1.9090909090909092,0.5404286148208555,22.0,10.80857229641711,1.9090909090909092,0,False,2,-1.0,False,True,0.9911845845602338,True,False,False
baseline,12.0,6,130.8999999999973,11,0.6,0.400000000000432,1.6999999999999034,1.4571112977149832,True,False,1.5264975499871254,0.1451328496440237,22.0,1.756612614142142,0.4999999999983231,1.6869324482444412,21.0,0.5047290082387601,1.9047619047619047,0.5016873894356468,22.0,10.033747788712937,1.9090909090909092,1,False,2,0.0,True,False,0.9201304169315982,False,False,True
baseline,12.0,6,135.79999999999657,21,1.40000000000083,1.40000000000083,4.499999999998835,1.0905369680292318,False,False,1.1424672998401475,0.0839523652146686,22.0,1.96179610286019,0.2500000000001137,1.9616974976921733,21.0,0.5869385187919249,1.9047619047619047,0.5869680213892057,21.0,11.739360427784113,1.9047619047619047,0,False,2,-1.0,False,True,1.0299429540015999,False,True,False
baseline,12.0,6,138.6999999999963,3,0.6,0.2000000000010118,1.4999999999988916,1.208808256116656,True,False,1.266370554026973,0.1356286949604506,22.0,1.8199303237229087,0.25000000000108,,,,,0.519770885004835,22.0,10.3954177000967,1.9090909090909092,1,False,1,0.0,True,False,0.9532968362358093,False,False,True
baseline,12.0,6,140.79999999999674,14,1.5,2.9999999999998295,1.8999999999994373,1.2700433081089864,False,True,1.330521560876081,0.1355697123186152,22.0,1.977403835097517,0.25000000000108,1.977403835097517,21.0,0.5916378439545373,1.9047619047619047,0.5916378439545373,21.0,11.832756879090747,1.9047619047619047,0,False,2,-1.0,False,True,1.0381370134261965,False,True,False
baseline,12.0,6,150.69999999999607,3,1.5,3.49999999999946,1.8999999999993236,1.056405364597749,False,True,1.102336032623738,0.0766808514966877,24.0,1.8843645739297148,0.2000000000039961,1.8843645739297148,23.0,0.5147744262732568,1.9130434782608696,0.5147744262732568,23.0,10.295488525465135,1.9130434782608696,0,False,2,-1.0,False,True,0.985008754554169,True,False,False
baseline,12.0,7,23.30000000000006,4,1.5,1.7000000000000242,7.500000000000073,1.0045581714603609,False,True,1.0482346136977678,0.0267000017509059,24.0,1.9213455958466503,0.20000000000013785,1.9213455958466503,23.0,0.5248769746886035,1.9130434782608696,0.5248769746886035,23.0,10.49753949377207,1.9130434782608696,0,False,2,-1.0,False,True,1.0043397432834762,True,False,False
baseline,12.0,7,25.000000000000085,6,1.5,3.600000000000051,1.7000000000000242,1.4666833607612721,False,True,1.5333507862504208,0.1266937331712549,23.0,2.1479875952260503,0.5500000000001428,2.110739135071752,22.0,0.6028256873078082,1.9090909090909092,0.6134638226512878,22.0,12.269276453025757,1.9090909090909092,0,False,2,-1.0,False,True,1.1251363594041215,False,True,False
baseline,12.0,7,28.600000000000136,25,0.6,0.30000000000000426,3.600000000000051,1.3013689028503004,True,False,1.3633388506050768,0.144778913007557,22.0,1.9592471810361916,0.3000000000001428,1.9529422851443348,21.0,0.5843189653232672,1.9047619047619047,0.5862053857628391,21.0,11.724107715256782,1.9047619047619047,1,False,3,-1.0,True,False,1.0286047700440006,False,True,False
baseline,12.0,7,28.90000000000014,16,1.5,2.3999999999999204,0.30000000000000426,1.863625217050463,False,True,1.956806477902986,0.2536742914769023,21.0,1.9592471810361916,1.3855583347321954e-13,1.857010293221376,20.0,0.5833969894824902,1.9,0.5862053857628391,21.0,11.724107715256782,1.9047619047619047,1,False,2,0.0,True,False,1.0286047700440006,False,True,False
baseline,12.0,7,38.80000000000028,2,1.5,6.600000000000094,1.9000000000001407,1.1133041342244288,False,True,1.161708661799404,0.1134744054443686,24.0,1.6154232997832738,0.44999999999962625,1.6112183352945435,23.0,0.4401557987383055,1.9130434782608696,0.4413045192206013,23.0,8.826090384412026,1.9130434782608696,0,False,2,-1.0,False,True,0.8444258157958022,False,False,True
baseline,12.0,7,45.400000000000375,9,1.3999999999999062,1.3999999999999062,6.600000000000094,1.0213650618635872,False,False,1.0677907464937504,0.0371591521226973,23.0,1.8958659031265603,0.2999999999991658,1.8958659031265603,22.0,0.5414580357685255,1.9090909090909092,0.5414580357685255,22.0,10.82916071537051,1.9090909090909092,0,False,2,-1.0,False,True,0.9930726159234363,True,False,False
baseline,12.0,7,49.80000000000044,8,0.6,0.09999999999988773,3.0000000000001563,1.165928005367675,True,False,1.2189247328843875,0.1098680549254043,23.0,2.247030005805021,0.2999999999988532,2.247030005805021,22.0,0.6417502689666259,1.9090909090909092,0.6417502689666259,22.0,12.835005379332518,1.9090909090909092,1,False,3,-1.0,True,False,1.1770157173264395,False,True,False
baseline,12.0,7,49.900000000000325,6,1.5,3.5000000000000497,0.09999999999988773,1.160002850043033,False,True,1.2127302523177164,0.1082934481873038,23.0,2.247030005805021,0.19999999999896545,2.247030005805021,22.0,0.6417502689666259,1.9090909090909092,0.6417502689666259,22.0,12.835005379332518,1.9090909090909092,1,False,3,-1.0,True,False,1.1770157173264395,False,True,False
baseline,12.0,7,53.70000000000049,7,1.5,2.900000000000034,0.30000000000011795,1.4839817436216642,False,True,1.5546475409369818,0.2976753225896428,22.0,2.788815434807508,0.2999999999985761,2.788815434807508,21.0,0.8344116268770563,1.9047619047619047,0.8344116268770563,21.0,16.688232537541126,1.9047619047619047,1,False,2,-1.0,False,False,1.4641281032739417,False,True,False
baseline,12.0,7,56.60000000000053,21,1.1999999999999105,1.1999999999999105,2.900000000000034,1.5031497345325255,False,False,1.5783072212591518,0.193573926149379,21.0,1.6812779016651072,0.29999999999837,1.6812779016651072,20.0,0.5281890304513963,1.9,0.5281890304513963,20.0,10.563780609027926,1.9,0,False,2,-1.0,False,True,0.8848831061395301,False,False,True
baseline,12.0,7,74.80000000000003,19,1.5,7.999999999999432,10.199999999999491,1.0127066786057888,False,True,1.0567374037625623,0.0366826154256394,24.0,1.9593777755740915,0.2999999999978513,1.9593777755740915,23.0,0.5352666804652761,1.9130434782608696,0.5352666804652761,23.0,10.705333609305523,1.9130434782608696,0,False,2,-1.0,False,True,1.024220200868275,False,True,False
baseline,12.0,7,82.79999999999946,7,0.7999999999998408,0.7999999999998408,7.999999999999432,1.0792142489619692,False,False,1.1282694420966042,0.071779734027111,23.0,1.850753413343988,0.299999999997965,,,,,0.5055924632145832,23.0,10.111849264291664,1.9130434782608696,1,False,2,0.0,True,False,0.9674392842479937,False,False,True
baseline,12.0,7,83.5999999999993,6,1.5,5.199999999999932,0.7999999999992724,1.7199056515908127,False,True,1.798083181208577,0.2080665746610529,23.0,1.8907943883723652,0.6499999999980588,1.8404502548009585,22.0,0.5256313636163776,1.9090909090909092,0.5400096145417663,22.0,10.800192290835327,1.9090909090909092,2,False,2,-1.0,False,False,0.9904161081950484,True,False,False
baseline,12.0,7,88.79999999999923,18,1.5,2.0000000000002274,5.199999999999932,1.1678257284811453,False,True,1.223436477456438,0.1077473095891206,22.0,1.7194273541123068,0.2999999999978513,1.7194273541123068,21.0,0.5144514613391009,1.9047619047619047,0.5144514613391009,21.0,10.289029226782018,1.9047619047619047,0,False,2,-1.0,False,True,0.9026993609089612,False,False,True
baseline,12.0,7,95.69999999999884,15,1.1000000000004064,1.1000000000004064,4.09999999999954,1.0669190176348258,False,False,1.115415336618227,0.094619082602713,23.0,2.073673677319565,0.2999999999978371,2.073673677319565,22.0,0.5922398173281525,1.9090909090909092,0.5922398173281525,22.0,11.844796346563049,1.9090909090909092,0,False,2,-1.0,False,True,1.0862100214531056,False,True,False
baseline,12.0,7,100.19999999999858,13,1.5,3.500000000000256,3.3999999999993378,1.2369584333199708,False,True,1.2931838166526968,0.1043566461953009,23.0,2.351444074397152,0.2999999999978513,2.351444074397152,22.0,0.6715708572230312,1.9090909090909092,0.6715708572230312,22.0,13.431417144460625,1.9090909090909092,0,False,2,-1.0,False,True,1.2317088008746986,False,True,False
baseline,12.0,7,105.49999999999817,25,1.5,2.700000000000415,1.7999999999993292,1.208957400161563,False,True,1.263910009259816,0.1001389962941872,23.0,1.867122143295712,0.2999999999979508,1.867122143295712,22.0,0.5332488371575126,1.9090909090909092,0.5332488371575126,22.0,10.664976743150252,1.9090909090909092,0,False,2,-1.0,False,True,0.9780163607739443,False,False,True
baseline,12.0,7,120.1999999999979,19,1.5,7.999999999999986,6.699999999999733,1.0040190148510715,False,True,1.0476720154967702,0.0265712067354746,24.0,1.9926881225950288,0.2499999999973994,1.9926881225950288,23.0,0.5443664666817547,1.9130434782608696,0.5443664666817547,23.0,10.887329333635094,1.9130434782608696,0,False,2,-1.0,False,True,1.0416324277201288,False,True,False
baseline,12.0,7,129.2999999999974,18,0.6,0.49999999999940314,1.0999999999995111,1.0652593579849217,True,False,1.1115749822451355,0.1052955545277709,24.0,1.6333715201257697,0.2999999999978229,1.633305500069237,23.0,0.4461896139204624,1.9130434782608696,0.4462076494095575,23.0,8.92415298819115,1.9130434782608696,1,False,2,-1.0,False,False,0.8538078400657432,False,False,True
baseline,12.0,7,129.7999999999968,2,1.5,7.500000000000597,0.49999999999940314,1.5542684929630142,False,True,1.6249170608249692,0.1460606716064867,23.0,1.8496314303240715,0.3499999999985448,1.8494296833782236,22.0,0.528195882421084,1.9090909090909092,0.5282535012140803,22.0,10.565070024281606,1.9090909090909092,1,False,2,-1.0,False,False,0.9688545587411803,False,False,True
baseline,12.0,7,137.99999999999736,18,1.5,8.0,0.20000000000055707,1.1141233877876229,False,True,1.1625635350827368,0.1901889072867264,24.0,1.3603182216504346,1.0,1.220642190542954,23.0,0.3334574381279562,1.9130434782608696,0.3716144114505511,23.0,7.4322882290110215,1.9130434782608696,2,False,2,-1.0,False,False,0.7110754340445453,False,False,True
baseline,12.0,7,150.09999999999576,22,0.6,0.10000000000044906,4.099999999998403,1.0149771769505715,True,False,1.0591066194266834,0.0479969230014814,24.0,1.9652988509301883,0.20000000000416662,1.9652988509301883,23.0,0.5368842114948471,1.9130434782608696,0.5368842114948471,23.0,10.737684229896942,1.9130434782608696,1,False,3,-1.0,True,False,1.0273153084407802,False,True,False
baseline,12.0,7,150.1999999999962,13,1.5,3.1999999999997044,0.10000000000044906,1.0142920495615761,False,True,1.0583917038903403,0.0471940015659079,24.0,1.9652988509301883,0.10000000000371756,1.9652988509301883,23.0,0.5368842114948471,1.9130434782608696,0.5368842114948471,23.0,10.737684229896942,1.9130434782608696,1,False,3,-1.0,True,False,1.0273153084407802,False,True,False
baseline,12.0,7,153.3999999999959,2,0.6,0.20000000000010232,3.1999999999997044,1.1860766847917856,True,False,1.2425565269247278,0.1083868302691537,22.0,1.9867916231039315,0.4500000000048203,1.786124935475796,21.0,0.5344073310175528,1.9047619047619047,0.6241689967357051,20.0,12.483379934714103,1.9,1,False,3,-2.0,True,False,1.0456798016336482,False,True,False
baseline,24.0,0,32.100000000000186,20,1.200000000000017,1.200000000000017,6.700000000000209,1.0528188063923765,False,False,1.0985935371050883,0.0634806575229494,24.0,1.8246207459886248,0.2500000000001137,1.8246207459886248,23.0,0.4984534896682948,1.9130434782608696,0.4984534896682948,23.0,9.969069793365895,1.9130434782608696,0,False,2,-1.0,False,True,0.9537790263122357,False,False,True
baseline,24.0,0,33.3000000000002,4,1.5,3.2000000000000455,1.200000000000017,1.5636664033669592,False,True,1.6347421489745482,0.1456363907639311,23.0,1.7932649584520153,0.3000000000000256,1.791998245759795,22.0,0.5117935021931608,1.9090909090909092,0.5121552744920779,22.0,10.243105489841557,1.9090909090909092,0,False,2,-1.0,False,True,0.9393292639510555,False,False,True
baseline,24.0,0,36.50000000000025,14,1.1999999999999034,1.1999999999999034,3.2000000000000455,1.141770834528813,False,False,1.1961408742682802,0.0709246977012875,22.0,1.8113139556086824,0.2999999999997982,1.8113139556086824,21.0,0.5419438682176101,1.9047619047619047,0.5419438682176101,21.0,10.838877364352202,1.9047619047619047,0,False,2,-1.0,False,True,0.9509398266945583,False,False,True
baseline,24.0,0,37.70000000000015,18,1.5,2.400000000000034,1.1999999999999034,1.569244182510198,False,True,1.6477063916357078,0.1507651299777009,21.0,1.837559235798048,0.24999999999982947,1.837559235798048,20.0,0.5772862595719221,1.9,0.5772862595719221,20.0,11.545725191438443,1.9,0,False,2,-1.0,False,True,0.9671364398937095,False,False,True
baseline,24.0,0,51.000000000000455,7,1.5,1.6000000000000512,5.300000000000303,1.046362605185638,False,True,1.0918566314980571,0.0536406334118161,24.0,2.0020173511460837,0.2999999999987679,2.0020173511460837,23.0,0.5469150437147681,1.9130434782608696,0.5469150437147681,23.0,10.938300874295361,1.9130434782608696,0,False,2,-1.0,False,True,1.046509069917271,False,True,False
baseline,24.0,0,52.600000000000506,22,0.6,0.19999999999997442,1.6000000000000512,1.591330872763011,True,False,1.663664094252239,0.1591711242631054,23.0,2.5507017223156416,0.49999999999861444,1.7701498074653852,22.0,0.5055536028078764,1.9090909090909092,0.7631681706976812,21.0,15.263363413953623,1.9047619047619047,1,False,3,-2.0,True,False,1.3391184042157118,False,True,False
baseline,24.0,0,52.80000000000048,23,1.5,3.7000000000000526,0.19999999999997442,1.5146062858699012,False,True,1.583452026136715,0.148031691455551,23.0,2.5507017223156416,0.29999999999864,1.7701498074653852,22.0,0.5055536028078764,1.9090909090909092,0.7631681706976812,21.0,15.263363413953623,1.9047619047619047,1,False,2,-2.0,True,False,1.3391184042157118,False,True,False
baseline,24.0,0,56.50000000000053,2,1.5,2.499999999999922,3.7000000000000526,1.2488275524603887,False,True,1.3112689300834082,0.1345034167558265,21.0,2.2473324123209544,0.2999999999983771,2.2473324123209544,20.0,0.7060202996721738,1.9,0.7060202996721738,20.0,14.120405993443477,1.9,0,False,2,-1.0,False,True,1.1828065328005024,False,True,False
baseline,24.0,0,69.90000000000029,25,1.5,1.9999999999999005,5.39999999999975,1.0322576598269997,False,True,1.0771384276455649,0.0613925633519597,24.0,1.812215937600285,0.24999999999786837,1.812215937600285,23.0,0.495064719676817,1.9130434782608696,0.495064719676817,23.0,9.90129439353634,1.9130434782608696,0,False,2,-1.0,False,True,0.9472946946546944,False,False,True
baseline,24.0,0,71.90000000000019,15,1.5,2.899999999999764,1.9999999999999005,1.2569460780912645,False,True,1.3140799907317764,0.0924036216009905,23.0,1.9154969436426328,0.2999999999978513,1.9154969436426328,22.0,0.547064647829218,1.9090909090909092,0.547064647829218,22.0,10.94129295658436,1.9090909090909092,0,False,2,-1.0,False,True,1.0033555419080458,True,False,False
baseline,24.0,0,74.79999999999995,2,1.5,3.1000000000003354,2.899999999999764,1.188594930252617,False,True,1.245194688836075,0.1004501884440574,22.0,1.9323904102919685,0.24999999999792522,1.9323904102919685,21.0,0.5781698587467252,1.9047619047619047,0.5781698587467252,21.0,11.563397174934504,1.9047619047619047,0,False,2,-1.0,False,True,1.0145049654032834,True,False,False
baseline,24.0,0,78.49999999999982,5,0.6,0.10000000000002274,0.5999999999995254,1.173977343136084,True,False,1.2298810261425643,0.170237639196893,22.0,2.060624654482476,0.2999999999978513,2.060624654482476,21.0,0.6165374548883955,1.9047619047619047,0.6165374548883955,21.0,12.33074909776791,1.9047619047619047,2,False,3,-1.0,True,False,1.0818279436033,False,True,False
baseline,24.0,0,78.59999999999984,21,1.3000000000003524,1.3000000000003524,0.10000000000002274,1.1635559454270519,False,False,1.2189633713997687,0.1605394569280425,22.0,2.060624654482476,0.19999999999782858,2.060624654482476,21.0,0.6165374548883955,1.9047619047619047,0.6165374548883955,21.0,12.33074909776791,1.9047619047619047,2,False,3,-1.0,True,False,1.0818279436033,False,True,False
baseline,24.0,0,83.39999999999942,24,1.5,1.9000000000000057,0.5999999999994685,1.1516625421294904,False,True,1.206503615564228,0.193262061729603,22.0,1.9468154591504665,0.24999999999796785,1.9468154591504665,21.0,0.5824858232725854,1.9047619047619047,0.5824858232725854,21.0,11.649716465451707,1.9047619047619047,1,False,2,-1.0,False,False,1.022078116053995,False,True,False
baseline,24.0,0,85.29999999999943,12,1.2000000000003865,1.2000000000003865,1.9000000000000057,1.2053768615256313,False,False,1.265645704601913,0.1349103009167865,21.0,1.6975950449429058,0.39999999999784563,1.6974026110757277,20.0,0.5332547573139639,1.9,0.5333152121963067,20.0,10.666304243926135,1.9,0,False,2,-1.0,False,True,0.89347107628574,False,False,True
baseline,24.0,0,89.89999999999961,25,0.6,0.5999999999999943,3.29999999999977,1.1516144640830914,True,False,1.206453248087048,0.0969381522249121,22.0,1.9027169011483147,0.2999999999974108,1.9027169011483147,21.0,0.5692915655722555,1.9047619047619047,0.5692915655722555,21.0,11.38583131144511,1.9047619047619047,0,False,2,-1.0,False,True,0.9989263731028653,True,False,False
baseline,24.0,0,90.4999999999996,15,0.6,0.19999999999990337,0.5999999999999943,1.7598201374033278,True,False,1.8478111442734944,0.2068936007810168,21.0,2.403004175966028,0.44999999999737383,1.906258712251212,20.0,0.5988688366249946,1.9,0.7946589753432072,19.0,15.893179506864143,1.894736842105263,2,False,3,-2.0,True,False,1.2682522039820705,False,True,False
baseline,24.0,0,90.6999999999995,2,0.6999999999999176,0.6999999999999176,0.19999999999990337,1.7063270322246713,False,False,1.791643383835905,0.1941900017472462,21.0,2.403004175966028,0.24999999999747047,1.906258712251212,20.0,0.5988688366249946,1.9,0.7946589753432072,19.0,15.893179506864143,1.894736842105263,2,False,2,-2.0,True,False,1.2682522039820705,False,True,False
baseline,24.0,0,95.29999999999876,7,1.5,2.6000000000008328,1.9999999999993179,1.1245644114062803,False,True,1.1807926319765942,0.0963046958195045,21.0,1.8488996989796107,0.34999999999796216,1.846401240378692,20.0,0.580064057235278,1.9,0.5808489711538725,20.0,11.61697942307745,1.9,0,False,2,-1.0,False,True,0.9731051047261109,False,False,True
baseline,24.0,0,101.89999999999849,8,1.4000000000002757,1.4000000000002757,3.1999999999989797,1.2236147723215367,False,False,1.2792336256088794,0.1598888617523054,23.0,2.384008030866266,0.2999999999978513,2.384008030866266,22.0,0.6808711014425937,1.9090909090909092,0.6808711014425937,22.0,13.617422028851873,1.9090909090909092,0,False,2,-1.0,False,True,1.2487661114061392,False,True,False
baseline,24.0,0,103.3999999999984,9,1.4000000000004036,1.4000000000004036,0.09999999999963904,1.5325142579753235,False,False,1.602173996974202,0.2010326536057131,23.0,2.760832787946788,0.2999999999978371,2.760832787946788,22.0,0.7884920004003142,1.9090909090909092,0.7884920004003142,22.0,15.769840008006284,1.9090909090909092,1,False,2,-1.0,False,False,1.446150507972127,False,True,False
baseline,24.0,0,104.7999999999988,21,1.5,2.199999999999278,1.4000000000004036,2.1413704871842256,False,True,2.2433405103834745,0.2868255300921355,22.0,2.196683297178993,0.04999999999739657,1.9552003325677405,21.0,0.5849945715324889,1.9047619047619047,0.6273712826073572,22.0,12.547425652147144,1.9090909090909092,0,False,2,0.0,True,True,1.150643631855663,False,True,False
baseline,24.0,0,106.99999999999808,3,1.5,2.9000000000004036,2.199999999999278,1.3672652119903101,False,True,1.4356284725898256,0.1644571901292038,21.0,1.675746676268867,0.299999999997965,1.6754043136487011,20.0,0.526343788355141,1.9,0.5264513447443786,20.0,10.529026894887572,1.9,0,False,2,-1.0,False,True,0.8819719348783511,False,False,True
baseline,24.0,0,112.59999999999776,23,0.6,0.20000000000104023,1.1999999999993634,1.164461628027391,True,False,1.219912181742981,0.1663794871371953,22.0,1.5272875910427102,0.34999999999796216,,,,,0.436192315994421,22.0,8.72384631988842,1.9090909090909092,1,False,1,0.0,True,False,0.8000077857842767,False,False,True
baseline,24.0,0,115.19999999999764,22,1.5,4.999999999999801,0.1999999999995623,1.2349127341472248,False,True,1.2910451311539168,0.1692782668068929,23.0,2.095450885232387,0.499999999997911,2.0837545160183653,22.0,0.5951188981279865,1.9090909090909092,0.5984593733640269,22.0,11.969187467280538,1.9090909090909092,1,False,2,-1.0,False,False,1.0976171303598217,False,True,False
baseline,24.0,0,120.19999999999744,13,0.6,0.4000000000003183,4.999999999999801,1.1730914623770967,True,False,1.2289529605855298,0.1180326200799997,22.0,1.932697346494052,0.49999999999783995,1.8527573240070891,21.0,0.5543436950462244,1.9047619047619047,0.5519770713962,22.0,11.039541427924,1.9090909090909092,2,False,2,0.0,True,False,1.0123652767349796,True,False,False
baseline,24.0,0,120.69999999999776,23,1.299999999999926,1.299999999999926,0.09999999999999432,1.8448474671079587,False,False,1.932697346494052,0.2639753213468552,22.0,1.9275380948984928,0.04999999999752447,1.8082282699472108,21.0,0.5410206332266227,1.9047619047619047,0.5505035925861428,22.0,11.010071851722856,1.9090909090909092,2,False,2,0.0,True,False,1.0096628116134962,True,False,False
baseline,24.0,0,121.99999999999768,7,1.1999999999999602,1.1999999999999602,1.299999999999926,1.3950007540662264,False,False,1.4647507917695377,0.1498026813510354,21.0,1.6287645936522743,0.29999999999751026,1.6287645936522743,20.0,0.5116914881845149,1.9,0.5116914881845149,20.0,10.233829763690299,1.9,0,False,2,-1.0,False,True,0.8572445229748813,False,False,True
baseline,24.0,0,124.39999999999766,12,1.5,3.79999999999977,1.200000000000017,1.1119290182111008,False,True,1.167525469121656,0.1377762020518776,21.0,2.070442446114581,0.3499999999973795,2.069323097942647,20.0,0.6500970242400292,1.9,0.650448677839405,20.0,13.0089735567881,1.9,0,False,2,-1.0,False,True,1.0897065505866217,False,True,False
baseline,24.0,0,137.19999999999683,3,0.6,0.4000000000005173,4.799999999999187,1.076672658336807,True,False,1.123484513047103,0.0542292665351941,24.0,1.9059029149046347,0.25000000000017053,1.9059029149046347,23.0,0.5206583126886759,1.9130434782608696,0.5206583126886759,23.0,10.413166253773518,1.9130434782608696,1,False,2,-1.0,False,False,0.996267432791059,True,False,False
baseline,24.0,0,137.59999999999735,25,1.5,3.6999999999993634,0.4000000000005173,1.8185857777552032,False,True,1.901248767653167,0.1976689969432306,23.0,2.697524125587542,0.2499999999997442,2.697524125587542,22.0,0.7704110887115503,1.9090909090909092,0.7704110887115503,22.0,15.408221774231006,1.9090909090909092,1,False,2,-1.0,False,False,1.4129888276887126,False,True,False
baseline,24.0,0,141.29999999999671,8,0.9999999999993747,0.9999999999993747,3.6999999999993634,1.356651491044018,False,False,1.421253942998495,0.1507205439694468,22.0,1.8212530448828057,0.4500000000012676,1.8136906787135847,21.0,0.5426549821077034,1.9047619047619047,0.5449176367744633,21.0,10.898352735489265,1.9047619047619047,0,False,2,-1.0,False,True,0.9561578485634731,False,False,True
baseline,24.0,0,142.2999999999961,20,0.600000000000108,0.600000000000108,0.9999999999993747,1.6772571555120952,False,False,1.7611200132876998,0.2125014703077673,21.0,1.7427016201359338,2.0179413695586845e-12,1.681862604647954,20.0,0.5283727203109407,1.9,0.521415105449341,21.0,10.42830210898682,1.9047619047619047,1,False,2,0.0,True,False,0.9149183505713653,False,False,True
baseline,24.0,0,142.8999999999962,19,1.5,2.3000000000006366,0.600000000000108,1.5807876687923466,False,True,1.6639870197814175,0.2319896031797372,20.0,2.380028881225709,0.20000000000209184,2.380028881225709,19.0,0.7870611840621287,1.894736842105263,0.7870611840621287,19.0,15.741223681242573,1.894736842105263,1,False,2,-1.0,False,False,1.2561263539802354,False,True,False
baseline,24.0,0,150.3999999999962,9,0.6,0.5,0.100000000000108,1.2811543951298274,True,False,1.3393886858175468,0.2312626076708713,23.0,1.958755440717161,0.2500000000038085,1.958755440717161,22.0,0.5594192457032792,1.9090909090909092,0.5594192457032792,22.0,11.188384914065583,1.9090909090909092,2,False,2,-1.0,False,False,1.02601475466137,False,True,False
baseline,24.0,1,24.100000000000072,18,0.6,0.40000000000000924,3.5000000000000995,1.1334408940255292,True,False,1.1849609346630532,0.0923837464562431,23.0,1.917370191894864,0.20000000000013785,1.917370191894864,22.0,0.547599646278996,1.9090909090909092,0.547599646278996,22.0,10.95199292557992,1.9090909090909092,1,False,2,-1.0,False,False,1.004336767183024,True,False,False
baseline,24.0,1,24.50000000000008,13,0.6,0.40000000000000213,0.40000000000000924,1.8199355780329263,True,False,1.906599176986875,0.2149212320844846,22.0,1.906599176986875,1.3145040611561853e-13,1.7830379711224855,21.0,0.533483713442862,1.9047619047619047,0.5445234516147557,22.0,10.890469032295114,1.9090909090909092,2,False,2,0.0,True,False,0.998694806993125,True,False,False
baseline,24.0,1,24.900000000000084,7,1.0999999999998984,1.0999999999998984,0.40000000000000213,1.6645311789675232,False,False,1.7477577379158993,0.2532342771106754,21.0,1.7769134464698078,0.25000000000013856,1.7760368390265533,20.0,0.5579584285990657,1.9,0.5582338229494468,20.0,11.164676458988936,1.9,2,False,2,-1.0,False,False,0.935217603405162,False,False,True
baseline,24.0,1,28.10000000000013,19,1.5,3.999999999999943,2.100000000000147,1.1735631328159077,False,True,1.232241289456703,0.1427995246851039,21.0,2.018284293545304,0.20000000000013785,2.018284293545304,20.0,0.6340627109457593,1.9,0.6340627109457593,20.0,12.681254218915186,1.9,0,False,2,-1.0,False,True,1.0622548913396337,False,True,False
baseline,24.0,1,34.30000000000022,24,0.6,0.4000000000000057,1.4000000000001336,1.2201985429185342,True,False,1.275662113051195,0.1383490089593967,23.0,1.9099405567251144,0.3499999999999517,1.9041283836536544,22.0,0.5438177946889207,1.9090909090909092,0.5454777474364381,22.0,10.909554948728761,1.9090909090909092,1,False,2,-1.0,False,False,1.000445053522679,True,False,False
baseline,24.0,1,34.70000000000022,6,0.6,0.4000000000000057,0.4000000000000057,1.8226957247310935,True,False,1.909490759242098,0.2305316409307647,22.0,1.9098757690334904,0.049999999999940314,1.8061391321371625,21.0,0.5403955646555385,1.9047619047619047,0.545459244114979,22.0,10.90918488229958,1.9090909090909092,2,False,2,0.0,True,False,1.0004111171127807,True,False,False
baseline,24.0,1,35.10000000000023,20,0.9999999999999005,0.9999999999999005,0.4000000000000057,1.708441551488058,False,False,1.7938636290624608,0.2295513192913285,21.0,1.7816964074845918,0.04999999999991189,1.7484421450460568,20.0,0.5492892998103471,1.9,0.53308231854104,21.0,10.661646370820801,1.9047619047619047,2,False,2,0.0,True,False,0.9353906139294107,False,False,True
baseline,24.0,1,36.80000000000025,5,1.5,1.900000000000027,0.7000000000001236,1.403887179192537,False,True,1.4740815381521637,0.2287029618673458,21.0,2.060570773932552,0.2999999999997769,2.060570773932552,20.0,0.647347400558834,1.9,0.647347400558834,20.0,12.94694801117668,1.9,1,False,2,-1.0,False,False,1.0845109336487118,False,True,False
baseline,24.0,1,38.70000000000028,4,1.4999999999999076,1.4999999999999076,1.900000000000027,1.4542903483397263,False,False,1.5308319456207644,0.1931558566526134,20.0,2.491519550386138,0.2999999999996419,2.491519550386138,19.0,0.8239304753440457,1.894736842105263,0.8239304753440457,19.0,16.478609506880915,1.894736842105263,0,False,2,-1.0,False,True,1.314968651592684,False,True,False
baseline,24.0,1,40.20000000000019,7,0.6,0.20000000000011653,1.4999999999999076,1.965347612959084,True,False,2.074533591456811,0.2883883695853381,19.0,3.118092206996188,0.24999999999965183,3.118092206996188,18.0,1.0884195078572008,1.8888888888888888,1.0884195078572008,18.0,21.768390157144015,1.8888888888888888,2,False,3,-1.0,True,False,1.6507546978215113,False,True,False
baseline,24.0,1,40.400000000000304,14,0.6,0.30000000000000426,0.20000000000011653,1.9239743778689504,True,False,2.0308618433061145,0.2797600073004112,19.0,3.118092206996188,0.049999999999535305,3.118092206996188,18.0,1.0884195078572008,1.8888888888888888,1.0884195078572008,18.0,21.768390157144015,1.8888888888888888,2,False,3,-1.0,True,False,1.6507546978215113,False,True,False
baseline,24.0,1,40.70000000000031,17,1.5,1.599999999999909,0.30000000000000426,2.702145994086199,False,True,2.8710301187165865,0.5058385014184796,17.0,2.845289469432697,0.04999999999951399,2.589099133691605,16.0,1.0167368522276554,1.875,1.0516165287654309,17.0,21.032330575308617,1.8823529411764706,2,False,2,0.0,True,False,1.5115600306361203,False,True,False
baseline,24.0,1,42.90000000000034,21,0.6,0.19999999999988916,0.20000000000011653,1.4823311187616413,True,False,1.5695270669240906,0.2785715772339213,18.0,1.7031538452740849,0.29999999999934346,,,,,0.5945128453606969,18.0,11.890256907213939,1.8888888888888888,3,False,1,0.0,True,False,0.9016696827921626,False,False,True
baseline,24.0,1,53.30000000000037,18,1.5,2.5000000000001563,2.400000000000027,1.1441236266347594,False,True,1.1938681321406184,0.1070676079168966,24.0,1.92530512034238,0.24999999999872813,1.92530512034238,23.0,0.5259586453901246,1.9130434782608696,0.5259586453901246,23.0,10.519172907802492,1.9130434782608696,0,False,2,-1.0,False,True,1.006409494724426,True,False,False
baseline,24.0,1,55.80000000000052,15,1.099999999999902,1.099999999999902,2.5000000000001563,1.173058192603509,False,False,1.2263790195400324,0.0903509258563193,23.0,1.947288903232316,0.4999999999984155,1.9421239300146724,22.0,0.5546692973540939,1.9090909090909092,0.5561444102555972,22.0,11.122888205111945,1.9090909090909092,0,False,2,-1.0,False,True,1.0200084731216892,False,True,False
baseline,24.0,1,56.900000000000425,13,1.5,4.000000000000178,1.099999999999902,1.779260378632428,False,True,1.8639870633292104,0.205821300474531,22.0,2.0275828786139223,0.7499999999984368,1.9739954792333343,21.0,0.5906180662646578,1.9047619047619047,0.6066513786664709,21.0,12.133027573329418,1.9047619047619047,0,False,2,-1.0,False,True,1.0644810112723093,False,True,False
baseline,24.0,1,60.9000000000006,23,0.6,0.3999999999997641,4.000000000000178,1.328277398688291,True,False,1.3946912686227055,0.1789215943422635,21.0,1.8257104896905536,0.499999999998046,1.744865156610984,20.0,0.5481655557513871,1.9,0.5462513011422541,21.0,10.925026022845081,1.9047619047619047,1,False,2,0.0,True,False,0.9584980070875407,False,False,True
baseline,24.0,1,62.50000000000039,18,1.3000000000001322,1.3000000000001322,1.2000000000000242,1.4531215476291717,False,False,1.5257776250106303,0.2101094363726912,21.0,1.556988671492958,0.9499999999981412,1.4337211992053565,20.0,0.4504167986719496,1.9,0.4891424172084808,20.0,9.782848344169615,1.9,0,False,2,-1.0,False,True,0.819467721838399,False,False,True
baseline,24.0,1,70.10000000000029,11,0.6,0.40000000000010516,1.1999999999996902,1.1491936416112316,True,False,1.201429716229924,0.1180000636947771,23.0,1.9338060792203715,0.49999999999783995,1.8580614645097784,22.0,0.5306611133474739,1.9090909090909092,0.5282809540822608,23.0,10.565619081645217,1.9130434782608696,1,False,2,0.0,True,False,1.010853177774285,True,False,False
baseline,24.0,1,72.10000000000007,3,1.499999999999872,1.499999999999872,1.5999999999996675,1.3777506606950833,False,False,1.440375690726678,0.1451344775581238,23.0,1.9602419134660636,0.24999999999796785,1.9602419134660636,22.0,0.5598437813276167,1.9090909090909092,0.5598437813276167,22.0,11.196875626552334,1.9090909090909092,0,False,2,-1.0,False,True,1.0267933832441285,False,True,False
baseline,24.0,1,73.59999999999994,13,1.5,2.999999999999872,1.499999999999872,1.5435121537224867,False,True,1.6170127324711767,0.1741774844397548,22.0,2.1375625211230784,0.29999999999800764,2.1375625211230784,21.0,0.6395572107570611,1.9047619047619047,0.6395572107570611,21.0,12.791144215141221,1.9047619047619047,0,False,2,-1.0,False,True,1.1222203235896162,False,True,False
baseline,24.0,1,76.59999999999981,14,0.6,0.5999999999999659,2.999999999999872,1.288707715230155,True,False,1.3531431009916628,0.1462700981944367,21.0,2.288268032934595,0.299999999997965,2.288268032934595,20.0,0.7188806041711691,1.9,0.7188806041711691,20.0,14.377612083423381,1.9,1,False,2,-1.0,False,False,1.2043515962813658,False,True,False
baseline,24.0,1,77.19999999999978,21,0.9000000000005173,0.9000000000005173,0.5999999999999659,2.1196227122286437,False,False,2.2311818023459407,0.3067057462471504,20.0,2.2183848283589565,0.049999999997979216,2.0293952588859763,19.0,0.6711087617416989,1.894736842105263,0.6969261479607551,20.0,13.938522959215103,1.9,1,False,2,0.0,True,False,1.1675709622941877,False,True,False
baseline,24.0,1,82.8999999999998,23,1.5,1.7000000000000028,1.2999999999998693,1.1129634775459276,False,True,1.165961738381448,0.1346759395671193,22.0,2.0931648641323317,0.29999999999760973,2.0931648641323317,21.0,0.6262734628486104,1.9047619047619047,0.6262734628486104,21.0,12.525469256972208,1.9047619047619047,0,False,2,-1.0,False,True,1.0989115536694742,False,True,False
baseline,24.0,1,92.69999999999897,10,1.3999999999999488,1.3999999999999488,1.7999999999991587,1.0682621611098986,False,False,1.1147083420277202,0.0919733001004022,24.0,1.9049756966303573,0.29999999999789395,1.9038178982842409,23.0,0.5200887237410896,1.9130434782608696,0.5204050133740026,23.0,10.408100267480052,1.9130434782608696,0,False,2,-1.0,False,True,0.995782750511323,True,False,False
baseline,24.0,1,94.09999999999891,9,0.6,0.10000000000005116,1.3999999999999488,1.566055280308214,True,False,1.6372396112313146,0.1536428919835586,23.0,2.556503405422186,0.29999999999786553,2.556503405422186,22.0,0.7301356652137843,1.9090909090909092,0.7301356652137843,22.0,14.602713304275685,1.9090909090909092,2,False,4,-1.0,True,False,1.339120831411621,False,True,False
baseline,24.0,1,94.19999999999897,2,0.6,0.1999999999999602,0.10000000000005116,1.5453552014547964,True,False,1.6155986197027417,0.1494430405151492,23.0,2.556503405422186,0.19999999999781437,2.556503405422186,22.0,0.7301356652137843,1.9090909090909092,0.7301356652137843,22.0,14.602713304275685,1.9090909090909092,3,False,4,-1.0,True,False,1.339120831411621,False,True,False
baseline,24.0,1,94.39999999999893,25,0.6,0.39999999999984936,0.1999999999999602,2.4402987051757226,True,False,2.556503405422186,0.3458100086922336,22.0,2.4664937169301844,0.2999999999978371,2.4302507654675205,21.0,0.7271293286832128,1.9047619047619047,0.774871854123325,20.0,15.4974370824665,1.9,3,False,2,-2.0,True,False,1.2981545878579919,False,True,False
baseline,24.0,1,94.79999999999878,15,1.5,1.8000000000000256,0.39999999999984936,2.335591759436957,False,True,2.4585176415125862,0.4522424387738741,20.0,2.452321764028065,0.049999999997979216,2.2775540822260973,19.0,0.7531733866184158,1.894736842105263,0.7704196038108932,20.0,15.408392076217865,1.9,3,False,2,0.0,True,False,1.290695665277929,False,True,False
baseline,24.0,1,96.5999999999988,8,1.0000000000002842,1.0000000000002842,1.8000000000000256,1.5010861426270155,False,False,1.5844798172174053,0.2262813388103047,19.0,2.316365628128876,0.2999999999978371,2.316365628128876,18.0,0.808564137817509,1.8888888888888888,0.808564137817509,18.0,16.17128275635018,1.8888888888888888,0,False,2,-1.0,False,True,1.2263112148917579,False,True,False
baseline,24.0,1,97.59999999999908,21,1.5,2.399999999999281,1.0000000000002842,1.990688776982025,False,True,2.107788116804497,0.3102263535028356,18.0,2.0882828725300264,0.04999999999751026,1.875741146969544,17.0,0.6932723067477191,1.8823529411764706,0.7289482367730802,18.0,14.578964735461604,1.8888888888888888,0,False,2,0.0,True,True,1.1055615207511904,False,True,False
baseline,24.0,1,99.99999999999837,7,0.6,0.20000000000067075,2.399999999999281,1.2018397482613072,True,False,1.276954732527639,0.1398526432375017,17.0,2.147834591467182,0.44999999999807017,2.105358782365795,16.0,0.8267724604813917,1.875,0.8996828498239111,15.0,17.993656996478222,1.8666666666666667,1,False,3,-2.0,True,False,1.150625674000276,False,True,False
baseline,24.0,1,100.19999999999904,11,0.6,0.49999999999992895,0.20000000000067075,1.199228730645074,True,False,1.2741805263103911,0.1372306889882024,17.0,2.147834591467182,0.2499999999973994,2.105358782365795,16.0,0.8267724604813917,1.875,0.8996828498239111,15.0,17.993656996478222,1.8666666666666667,2,False,3,-2.0,True,False,1.150625674000276,False,True,False
baseline,24.0,1,106.49999999999812,4,1.5,1.5000000000002416,0.8999999999990393,1.3313850723412257,False,True,1.3947843615003317,0.184187914351613,22.0,2.405091199630039,0.2999999999979508,2.405091199630039,21.0,0.7196016041877327,1.9047619047619047,0.7196016041877327,21.0,14.392032083754653,1.9047619047619047,1,False,2,-1.0,False,False,1.2626728798057705,False,True,False
baseline,24.0,1,111.69999999999872,21,0.6,0.09999999999907061,3.4999999999996874,1.190143017861964,True,False,1.2442404277647805,0.1137345890952431,23.0,1.8456764460391888,0.5499999999970413,1.769753218078176,22.0,0.5054403371437539,1.9090909090909092,0.5522251013124224,21.0,11.044502026248448,1.9047619047619047,2,True,4,-2.0,True,False,0.9689801341705742,False,False,True
baseline,24.0,1,111.7999999999978,24,0.6,0.20000000000057128,0.09999999999907061,1.187262084502331,True,False,1.2412285428888006,0.1108499334968353,23.0,1.8456764460391888,0.4499999999979707,1.769753218078176,22.0,0.5054403371437539,1.9090909090909092,0.5522251013124224,21.0,11.044502026248448,1.9047619047619047,2,False,4,-2.0,True,False,0.9689801341705742,False,False,True
baseline,24.0,1,111.99999999999837,8,1.5,2.4999999999996305,0.20000000000057128,1.6893098899837136,False,True,1.769753218078176,0.1958899956849479,22.0,1.8456764460391888,0.2499999999973994,1.8391861935296796,21.0,0.5502832223025349,1.9047619047619047,0.5522251013124224,21.0,11.044502026248448,1.9047619047619047,2,False,3,-1.0,True,False,0.9689801341705742,False,False,True
baseline,24.0,1,114.499999999998,7,1.000000000000398,1.000000000000398,2.4999999999996305,1.31489532136826,False,False,1.3841003382823789,0.1460791498077758,20.0,1.855247092138576,0.3499999999976211,,,,,0.5828430635256376,20.0,11.656861270512753,1.9,1,False,2,0.0,True,False,0.9764458379676716,False,False,True
baseline,24.0,1,115.4999999999984,23,1.1999999999992497,1.1999999999992497,1.00000000000027,1.6284360328040015,False,False,1.714143192425265,0.2454391641550012,20.0,2.398313492120069,0.24999999999717204,2.398313492120069,19.0,0.7931077945104938,1.894736842105263,0.7931077945104938,19.0,15.862155890209877,1.894736842105263,0,False,2,-1.0,False,True,1.2657765652855921,False,True,False
baseline,24.0,1,116.69999999999764,16,1.5,3.00000000000108,1.1999999999992497,2.034288216188146,False,True,2.1473042281985983,0.2982081721623079,19.0,2.1273762849523408,0.04999999999787974,1.9173430473262496,18.0,0.6692789813212903,1.8888888888888888,0.7035104956028864,19.0,14.070209912057727,1.894736842105263,0,False,2,0.0,True,True,1.122781928169291,False,True,False
baseline,24.0,1,120.39999999999787,25,0.6,0.4000000000004462,0.3999999999995083,1.2082219963169365,True,False,1.2686330961327834,0.3202363152835182,21.0,1.5434946206360445,0.5999999999974079,1.4464756328251862,20.0,0.4544237221680252,1.9,0.4849031361045561,20.0,9.698062722091121,1.9,4,True,2,-1.0,False,False,0.8123655898084445,False,False,True
baseline,24.0,1,120.79999999999832,11,1.5,1.699999999999676,0.4000000000004462,1.4184084315746261,False,True,1.4930615069206592,0.2312061209019172,20.0,1.5434946206360445,0.19999999999696172,1.4754982232692138,19.0,0.4879383556428793,1.894736842105263,0.4849031361045561,20.0,9.698062722091121,1.9,2,False,2,0.0,True,False,0.8123655898084445,False,False,True
baseline,24.0,1,123.19999999999725,22,0.6,0.30000000000114824,0.6999999999992497,1.2396424877778636,True,False,1.3048868292398563,0.203801084476239,20.0,1.7947881356157047,0.3499999999978769,1.7727202199026186,19.0,0.5862278757595947,1.894736842105263,0.5935256022737283,19.0,11.870512045474566,1.894736842105263,2,False,2,-1.0,False,False,0.9472492937971776,False,False,True
baseline,24.0,1,124.99999999999751,24,1.5,3.400000000000361,0.29999999999986926,1.209944722092101,False,True,1.270441958196706,0.1979559065883476,21.0,2.0252760980112985,0.6999999999974875,1.9634480849734972,20.0,0.6168354079457687,1.9,0.6362592511003298,20.0,12.725185022006595,1.9,1,False,2,-1.0,False,False,1.0659347884269992,False,True,False
baseline,24.0,1,130.19999999999678,17,1.0000000000004832,1.0000000000004832,1.399999999998471,1.2199488722083032,False,False,1.2780416756467938,0.1483689978903492,22.0,1.904850554437172,0.3499999999986585,1.9045353129857785,21.0,0.569835633121758,1.9047619047619047,0.5699299531434536,21.0,11.398599062869073,1.9047619047619047,0,False,2,-1.0,False,True,1.0000465410795154,True,False,False
baseline,24.0,1,133.69999999999737,7,0.6,0.299999999999784,0.6999999999998749,1.3829174722294069,True,False,1.4457773573307435,0.228822514023734,23.0,1.9997748165228395,0.2499999999988347,1.9997748165228395,22.0,0.5711343520383663,1.9090909090909092,0.5711343520383663,22.0,11.422687040767325,1.9090909090909092,2,False,3,-1.0,True,False,1.0475010943691063,False,True,False
baseline,24.0,1,133.99999999999716,2,0.6999999999998181,0.6999999999998181,0.299999999999784,1.906933203913266,False,False,1.997739546956755,0.3001563448721813,22.0,1.99511009715055,0.04999999999907345,1.8839279750126376,21.0,0.5636699320182856,1.9047619047619047,0.5698021113009988,22.0,11.396042226019976,1.9090909090909092,2,False,2,0.0,True,False,1.0450576699360024,False,True,False
baseline,24.0,1,134.69999999999698,14,0.6,0.100000000000108,0.6999999999998181,1.689543714662392,True,False,1.7740209003955114,0.2623135995194655,21.0,1.7576345606862998,0.04999999999941451,1.7360112589689038,20.0,0.5453840217725876,1.9,0.5258830308140574,21.0,10.517660616281148,1.9047619047619047,3,False,3,0.0,True,False,0.9227581443603075,False,False,True
baseline,24.0,1,134.79999999999708,9,1.5,1.5999999999997954,0.100000000000108,1.6577713551108186,False,True,1.7406599228663595,0.2519158563600164,21.0,1.7360112589689038,0.14999999999935199,1.7360112589689038,20.0,0.5453840217725876,1.9,0.5453840217725876,20.0,10.907680435451752,1.9,2,False,3,-1.0,True,False,0.9136901362994231,False,False,True
baseline,24.0,1,136.39999999999688,4,1.5,1.7999999999998977,1.5999999999997954,1.5146713678237158,False,True,1.5988197771472556,0.2220333743523524,19.0,2.091075175715332,0.39999999999997726,2.0850764164935085,18.0,0.7278289724699265,1.8888888888888888,0.7299229344590303,18.0,14.598458689180607,1.8888888888888888,0,False,2,-1.0,False,True,1.107039798908117,False,True,False
baseline,24.0,1,148.89999999999617,3,1.5,inf,4.4999999999992895,1.0190841082103972,False,True,1.063392112915197,0.0659864126654607,24.0,1.727392855374266,0.30000000000350724,1.726830548368541,23.0,0.4717389708477428,1.9130434782608696,0.4718925829832425,23.0,9.43785165966485,1.9130434782608696,0,False,2,-1.0,False,True,0.9029553562183662,False,False,True
baseline,24.0,2,20.50000000000002,14,1.200000000000017,1.200000000000017,2.2000000000000313,1.2369392742547751,False,False,1.2958411444573836,0.1285975793988224,22.0,2.1456670058703806,0.20000000000013785,2.1456670058703806,21.0,0.6419820669230853,1.9047619047619047,0.6419820669230853,21.0,12.839641338461707,1.9047619047619047,0,False,2,-1.0,False,True,1.12647517808195,False,True,False
baseline,24.0,2,21.70000000000004,7,1.5,3.4999999999999325,1.200000000000017,1.8237101378935299,False,True,1.9148956447882064,0.2322912595607943,21.0,2.0397586269454475,0.20000000000013785,2.0397586269454475,20.0,0.6408090717508221,1.9,0.6408090717508221,20.0,12.816181435016443,1.9,0,False,2,-1.0,False,True,1.0735571720765513,False,True,False
baseline,24.0,2,25.900000000000095,9,0.6,0.39999999999989555,0.7000000000001236,1.2551130417797844,True,False,1.3178686938687736,0.2240074323074127,21.0,2.548983399595522,0.45000000000014495,2.437780701137949,20.0,0.7658513941757956,1.9,0.7626540497420597,21.0,15.253080994841195,1.9047619047619047,2,False,2,0.0,True,False,1.338216284787649,False,True,False
baseline,24.0,2,38.70000000000028,20,1.5,1.6000000000000227,4.800000000000182,0.99969947796213,False,True,1.0431646726561357,0.0466919117629827,24.0,1.9678896463258928,0.2999999999996419,1.9678896463258928,23.0,0.5375919700845948,1.9130434782608696,0.5375919700845948,23.0,10.751839401691896,1.9130434782608696,0,False,2,-1.0,False,True,1.0286695878521712,False,True,False
baseline,24.0,2,40.3000000000003,25,1.5,4.300000000000068,1.6000000000000227,1.56617941066341,False,True,1.637369383875383,0.1501995776145797,23.0,1.8984248414781,0.34999999999952536,1.8982801655289476,22.0,0.5421475474982689,1.9090909090909092,0.5421888668527242,22.0,10.843777337054483,1.9090909090909092,0,False,2,-1.0,False,True,0.9944130122028142,True,False,False
baseline,24.0,2,44.60000000000037,17,1.5,2.099999999999909,4.300000000000068,1.193088806549301,False,True,1.249902559242125,0.1208781104924181,22.0,1.993367638388688,0.3499999999992127,1.992814969072234,21.0,0.5962488444572478,1.9047619047619047,0.5964142027300512,21.0,11.928284054601024,1.9047619047619047,0,False,2,-1.0,False,True,1.0465180101540612,False,True,False
baseline,24.0,2,47.500000000000405,15,0.7999999999998977,0.7999999999998977,0.8000000000001251,1.2698235427902684,False,False,1.330291330542186,0.1835623099167704,22.0,2.220397744582224,0.3999999999990109,2.2172589712645854,21.0,0.6634023328791319,1.9047619047619047,0.664341451659701,21.0,13.28682903319402,1.9047619047619047,1,False,2,-1.0,False,False,1.1657088159056677,False,True,False
baseline,24.0,2,49.30000000000043,18,0.6,0.20000000000000284,1.000000000000128,1.8193372238671643,True,False,1.9059723297656008,0.2436870853422826,22.0,2.955184691621787,0.5499999999988745,2.143154250603811,20.0,0.6732917649206671,1.9,0.977261738652634,19.0,19.54523477305268,1.894736842105263,1,True,3,-3.0,True,False,1.5596808094670542,False,True,False
baseline,24.0,2,49.30000000000043,23,0.6,0.20000000000000284,1.000000000000128,1.8193372238671643,True,False,1.9059723297656008,0.2436870853422826,22.0,2.955184691621787,0.5499999999988745,2.143154250603811,20.0,0.6732917649206671,1.9,0.977261738652634,19.0,19.54523477305268,1.894736842105263,1,True,3,-3.0,True,False,1.5596808094670542,False,True,False
baseline,24.0,2,49.50000000000043,19,1.5,2.5000000000000355,0.20000000000000284,1.7246970679389335,False,True,1.8068254997455495,0.2262702276325402,22.0,2.957956961757557,0.449999999998866,2.143154250603811,20.0,0.6732917649206671,1.9,0.9781785116518238,19.0,19.563570233036476,1.894736842105263,2,False,3,-3.0,True,False,1.5611439520387107,False,True,False
baseline,24.0,2,52.00000000000047,8,0.6,0.599999999999902,2.5000000000000355,2.0211269792131175,True,False,2.133411811391624,0.3358692146627913,19.0,2.108771608096398,0.049999999998711075,1.8861291175970487,18.0,0.6583832643960763,1.8888888888888888,0.6973580412730924,19.0,13.947160825461848,1.894736842105263,1,False,2,0.0,True,False,1.1129627931619879,False,True,False
baseline,24.0,2,53.50000000000049,2,1.000000000000007,1.000000000000007,0.9000000000001194,1.4808031851763126,False,False,1.5630700287972188,0.2639790192773892,19.0,1.65231664176815,0.3999999999985917,1.6498686399245857,18.0,0.5759127998416957,1.8888888888888888,0.5767673136869975,18.0,11.53534627373995,1.8888888888888888,1,False,2,-1.0,False,False,0.8747558691713736,False,False,True
baseline,24.0,2,54.5000000000005,12,0.9999999999999076,0.9999999999999076,1.000000000000007,1.4902997932122382,False,False,1.577964486930605,0.2036380275119153,18.0,1.7511812260125927,0.49999999999851497,1.74812033269731,17.0,0.6461037640932723,1.8823529411764706,0.647235067617121,17.0,12.94470135234242,1.8823529411764706,0,False,2,-1.0,False,True,0.9303150263191899,False,False,True
baseline,24.0,2,56.000000000000526,5,1.2999999999999048,1.2999999999999048,0.5000000000001208,1.5678743329029257,False,False,1.660102234838392,0.276861128566976,18.0,1.637548272664363,0.5499999999984055,1.6196404799976962,17.0,0.5986177215785187,1.8823529411764706,0.6052364262707082,17.0,12.104728525414163,1.8823529411764706,1,False,2,-1.0,False,False,0.8699475198529429,False,False,True
baseline,24.0,2,57.90000000000044,14,1.5,1.6000000000000227,0.4000000000000057,1.585173000965143,False,True,1.668603158910677,0.3466714807542979,20.0,2.008243728106417,0.49999999999837996,1.9946409354772776,19.0,0.6596157167836725,1.894736842105263,0.6641140781933577,19.0,13.282281563867153,1.894736842105263,3,False,2,-1.0,False,False,1.0599064120561648,False,True,False
baseline,24.0,2,59.50000000000046,9,0.6,0.5000000000000071,1.6000000000000227,1.661323351926501,True,False,1.7536190937001956,0.306303814128097,19.0,2.143508342125122,0.4999999999982663,2.1285376562886715,18.0,0.7429998070984141,1.8888888888888888,0.748225562280969,18.0,14.96451124561938,1.8888888888888888,1,False,2,-1.0,False,False,1.1347985340662412,False,True,False
baseline,24.0,2,62.1000000000005,23,0.6,0.3999999999999986,0.6000000000000085,1.3463010669590234,True,False,1.4171590178516036,0.2496399486882094,20.0,1.9154757172714745,0.49999999999808153,1.8343489542312488,19.0,0.6066081261824223,1.894736842105263,0.6017644441509704,20.0,12.035288883019408,1.9,2,False,2,0.0,True,False,1.0081451143534077,True,False,False
baseline,24.0,2,62.90000000000051,7,0.6,0.20000000000011653,0.4000000000000128,1.7651820096028057,True,False,1.8580863258976903,0.2970436401313245,20.0,2.987044237356726,0.4999999999980247,2.2033575461442987,19.0,0.7286370400209012,1.894736842105263,1.0426751368919571,18.0,20.853502737839143,1.8888888888888888,3,False,3,-2.0,True,False,1.5813763609535607,False,True,False
baseline,24.0,2,63.10000000000063,4,0.8999999999998991,0.8999999999998991,0.20000000000011653,1.7104377505368238,False,False,1.800460790038762,0.2805241338390028,20.0,2.987044237356726,0.29999999999790816,2.2033575461442987,19.0,0.7286370400209012,1.894736842105263,1.0426751368919571,18.0,20.853502737839143,1.8888888888888888,2,False,2,-2.0,True,False,1.5813763609535607,False,True,False
baseline,24.0,2,66.1000000000004,18,0.6,0.10000000000000853,0.19999999999997442,1.3839059227192656,True,False,1.4567430765465954,0.2461468576126846,20.0,1.73314507064957,0.299999999997965,1.73314507064957,19.0,0.5731406127955845,1.894736842105263,0.5731406127955845,19.0,11.46281225591169,1.894736842105263,4,False,4,-1.0,True,False,0.9147154539539397,False,False,True
baseline,24.0,2,66.20000000000041,14,0.6,0.0999999999999801,0.10000000000000853,1.376837082831204,True,False,1.449302192453899,0.2445075111272785,20.0,1.73314507064957,0.19999999999795648,1.73314507064957,19.0,0.5731406127955845,1.894736842105263,0.5731406127955845,19.0,11.46281225591169,1.894736842105263,4,False,4,-1.0,True,False,0.9147154539539397,False,False,True
baseline,24.0,2,66.3000000000004,12,0.6,0.29999999999998295,0.0999999999999801,1.3694283264197433,True,False,1.4415035014944666,0.2417556243108428,20.0,1.73314507064957,0.09999999999797637,1.73314507064957,19.0,0.5731406127955845,1.894736842105263,0.5731406127955845,19.0,11.46281225591169,1.894736842105263,4,False,5,-1.0,True,False,0.9147154539539397,False,False,True
baseline,24.0,2,66.60000000000038,20,0.6000000000000796,0.6000000000000796,0.29999999999998295,1.585062886897825,False,False,1.684129317328939,0.2613312597391257,17.0,1.6807444796126376,0.049999999997979216,1.55514739919823,16.0,0.610704955571304,1.875,0.6212017070250191,17.0,12.424034140500382,1.8823529411764706,4,False,2,0.0,True,False,0.8928955047942138,False,False,True
baseline,24.0,2,67.20000000000046,11,0.6,0.29999999999999716,0.6000000000000796,1.4062924742844713,True,False,1.500045305903436,0.2387876647153253,16.0,2.359940687467132,0.39999999999784563,2.2245209837132607,15.0,0.9318051706919892,1.8666666666666667,0.9267465408317984,16.0,18.534930816635967,1.875,3,False,2,0.0,True,False,1.2586350333158038,False,True,False
baseline,24.0,2,69.50000000000021,5,0.6000000000002927,0.6000000000002927,1.9999999999997584,1.5212688579438665,False,False,1.622686781806791,0.2059160867708633,16.0,1.8388055817913704,0.24999999999796785,1.8388055817913704,15.0,0.7702370809514232,1.8666666666666667,0.7702370809514232,15.0,15.404741619028464,1.8666666666666667,0,False,2,-1.0,False,True,0.9850744188168056,True,False,False
baseline,24.0,2,70.50000000000048,23,0.6,0.4000000000000341,0.39999999999997726,1.6914374378875712,True,False,1.8041999337467425,0.3054204122973248,16.0,1.7879902367926113,0.04999999999765237,1.625122534987598,15.0,0.6807297356133679,1.8666666666666667,0.7021421240747427,16.0,14.042842481494855,1.875,2,False,2,0.0,True,False,0.9535947929560593,False,False,True
baseline,24.0,2,73.3,17,0.8000000000004093,0.8000000000004093,2.1999999999993776,1.1596045074658086,False,False,1.2320797891824216,0.1932364455906927,17.0,2.1063821828380864,0.299999999997965,2.1063821828380864,16.0,0.8271743489070706,1.875,0.8271743489070706,16.0,16.543486978141413,1.875,0,False,2,-1.0,False,True,1.1234038308469794,False,True,False
baseline,24.0,2,75.00000000000028,7,0.6,0.20000000000017337,0.3999999999999062,1.6094325171649853,True,False,1.694139491752616,0.3176378716372272,20.0,1.8602474650255287,0.5499999999975671,1.7463416548995916,19.0,0.5775046435463578,1.894736842105263,0.5844139769983236,20.0,11.688279539966473,1.9,5,True,2,0.0,True,False,0.9790776131713309,False,False,True
baseline,24.0,2,76.9999999999999,21,0.6,0.5000000000003126,1.799999999999443,1.4290442311318146,True,False,1.50425708540191,0.2304235054800231,20.0,2.0496955586542613,0.5999999999978343,1.9359193788559492,19.0,0.6401968524795754,1.894736842105263,0.6439308509163855,20.0,12.87861701832771,1.9,1,True,2,0.0,True,False,1.0787871361338217,False,True,False
baseline,24.0,2,82.1,4,0.9000000000002899,0.9000000000002899,0.7999999999999972,1.216141124554895,False,False,1.2740526066765565,0.154211029880203,22.0,2.0584046348630816,0.39999999999746194,2.057611381859631,21.0,0.615635885827901,1.9047619047619047,0.6158732265715274,21.0,12.317464531430549,1.9047619047619047,1,False,2,-1.0,False,False,1.0806624333031178,False,True,False
baseline,24.0,2,88.39999999999971,11,1.5,1.700000000000287,3.3999999999998067,1.1484198735217734,False,True,1.2006207768636723,0.0934868635127059,23.0,1.9109757533190943,0.29999999999739657,1.9109757533190943,22.0,0.545773398892317,1.9090909090909092,0.545773398892317,22.0,10.91546797784634,1.9090909090909092,0,False,2,-1.0,False,True,1.0009872993576208,True,False,False
baseline,24.0,2,93.99999999999966,7,1.5,2.4000000000000625,3.8999999999996646,1.119657113135513,False,True,1.1705506182780363,0.0912839068897109,23.0,1.7730713099597566,0.44999999999711804,1.7610238931408615,22.0,0.5029472477715844,1.9090909090909092,0.5063879819691275,22.0,10.12775963938255,1.9090909090909092,0,False,2,-1.0,False,True,0.9287516385503487,False,False,True
baseline,24.0,2,103.1999999999983,19,1.0000000000009663,1.0000000000009663,1.1999999999986386,1.0739260528187413,False,False,1.120618489897817,0.096396834739546,24.0,1.9438690314505096,0.299999999997965,1.9438690314505096,23.0,0.531029971195272,1.9130434782608696,0.531029971195272,23.0,10.620599423905439,1.9130434782608696,0,False,2,-1.0,False,True,1.0161133573491299,True,False,False
baseline,24.0,2,104.19999999999926,11,1.5,3.599999999998772,1.0000000000009663,1.7479857809519384,False,True,1.8274396800861172,0.1890995483643253,23.0,1.8709296762340224,0.2999999999969418,1.8702642275669208,22.0,0.5341462143269116,1.9090909090909092,0.5343362660218123,22.0,10.686725320436246,1.9090909090909092,0,False,2,-1.0,False,True,0.9800107827892498,True,False,False
baseline,24.0,2,107.79999999999804,15,0.6,0.19999999999998863,3.599999999998772,1.1333110926286578,True,False,1.1872782875157366,0.0935155349580992,22.0,1.862403528809192,0.4499999999979707,1.856764831322624,21.0,0.5555427384311473,1.9047619047619047,0.557229832773968,21.0,11.14459665547936,1.9047619047619047,1,False,3,-1.0,True,False,0.9777618526248258,False,False,True
baseline,24.0,2,107.99999999999802,25,1.0000000000005116,1.0000000000005116,0.19999999999998863,1.120454221194071,False,False,1.1738091841080742,0.08924893154375,22.0,1.862403528809192,0.24999999999798206,1.856764831322624,21.0,0.5555427384311473,1.9047619047619047,0.557229832773968,21.0,11.14459665547936,1.9047619047619047,1,False,3,-1.0,True,False,0.9777618526248258,False,False,True
baseline,24.0,2,108.99999999999854,21,0.6,0.39999999999942304,1.0000000000005116,1.5928609328963066,True,False,1.6766957188382174,0.228950029788082,20.0,1.837419554768481,0.29999999999738236,1.837419554768481,19.0,0.6076235552445146,1.894736842105263,0.6076235552445146,19.0,12.152471104890292,1.894736842105263,1,False,2,-1.0,False,False,0.9697492094611428,False,False,True
baseline,24.0,2,109.39999999999796,13,1.5,1.8000000000003382,0.39999999999942304,1.7374740127271735,False,True,1.834000346767572,0.2737515297882903,19.0,1.9562403466391185,0.5999999999979337,1.933078711231437,18.0,0.6747717642239452,1.8888888888888888,0.6828567001841561,18.0,13.657134003683122,1.8888888888888888,1,False,2,-1.0,False,False,1.0356566541030627,False,True,False
baseline,24.0,2,112.69999999999789,24,1.5,2.799999999999841,0.49999999999862155,1.3667727813278734,False,True,1.4387081908714456,0.2361579822285242,20.0,2.106763700384983,0.3999999999978314,2.1047094097235486,19.0,0.6960146967925063,1.894736842105263,0.6966940383135904,19.0,13.933880766271809,1.894736842105263,1,False,2,-1.0,False,False,1.1119030640920744,False,True,False
baseline,24.0,2,115.49999999999773,16,0.6,0.3000000000003098,2.799999999999841,1.3717893225460567,True,False,1.447999840465282,0.1728552046928958,19.0,2.1033636117391223,0.2999999999978371,2.1033636117391223,18.0,0.7342124078297467,1.8888888888888888,0.7342124078297467,18.0,14.684248156594935,1.8888888888888888,2,False,3,-1.0,True,False,1.1135454415089472,False,True,False
baseline,24.0,2,117.09999999999846,4,0.6,0.2999999999994998,0.09999999999992326,1.2869861205357944,True,False,1.351335426562584,0.2337179448058995,21.0,2.1569819598412048,0.3999999999970214,2.0552424145367185,20.0,0.6456734470854704,1.9,0.6453674932345566,21.0,12.907349864691131,1.9047619047619047,2,False,2,0.0,True,False,1.1324155289166327,False,True,False
baseline,24.0,2,122.89999999999765,12,0.6,0.39999999999994884,2.1999999999997613,1.172906397050209,True,False,1.2287590826240284,0.1310329673216184,22.0,1.824715152369372,0.39999999999749036,1.823612053437311,21.0,0.5456234504834718,1.9047619047619047,0.5459534969121522,21.0,10.919069938243045,1.9047619047619047,1,False,2,-1.0,False,False,0.9579754549939204,False,False,True
baseline,24.0,2,123.2999999999976,25,0.6,0.20000000000013074,0.39999999999994884,1.7378239546374972,True,False,1.824715152369372,0.2157395163649349,21.0,1.8240627945296628,0.04999999999752447,,,,,0.5457583119029388,21.0,10.915166238058776,1.9047619047619047,2,False,1,0.0,True,False,0.957632967128073,False,False,True
baseline,24.0,2,124.49999999999709,6,0.6000000000013728,0.6000000000013728,0.9999999999993605,1.6245347227265394,False,False,1.7057614588628665,0.2441663384822605,21.0,1.9924945166375536,0.24999999999795364,1.9924945166375536,20.0,0.6259606135786484,1.9,0.6259606135786484,20.0,12.519212271572968,1.9,1,False,2,-1.0,False,False,1.0486813245460809,False,True,False
baseline,24.0,2,129.1999999999974,24,0.8999999999998352,0.8999999999998352,4.099999999998943,1.1595601609074873,False,False,1.2175381689528617,0.0954189498377819,21.0,1.8668805435747735,0.24999999999781153,1.8668805435747735,20.0,0.5864978200824229,1.9,0.5864978200824229,20.0,11.729956401648458,1.9,0,False,2,-1.0,False,True,0.9825687071446176,True,False,False
baseline,24.0,2,130.09999999999724,14,0.6,0.5000000000009095,0.8999999999998352,1.6667095896311916,True,False,1.7544311469802016,0.1921667486219011,20.0,1.7398780408302703,0.049999999998107114,1.7268197093300317,19.0,0.5710488539900305,1.894736842105263,0.546598807121458,20.0,10.93197614242916,1.9,2,False,2,0.0,True,False,0.9157252846475107,False,False,True
baseline,24.0,2,130.59999999999815,4,0.6,0.2999999999994998,0.5000000000009095,1.6235525041933994,True,False,1.7137498655374772,0.2270362626085831,19.0,1.9295324717264688,0.3999999999973909,1.827993417396212,18.0,0.6380900767669377,1.8888888888888888,0.6380847408461925,19.0,12.76169481692385,1.894736842105263,2,False,2,0.0,True,False,1.0183643600778587,True,False,False
baseline,24.0,2,131.69999999999715,15,0.7999999999999545,0.7999999999999545,0.3999999999995225,1.818166047281053,False,False,1.9138589971379505,0.2771427479868638,20.0,1.906683932714835,0.04999999999856186,1.8173626511207608,19.0,0.6009908582809951,1.894736842105263,0.5990024235734621,20.0,11.980048471469242,1.9,2,False,2,0.0,True,False,1.0035178593235974,True,False,False
baseline,24.0,2,132.99999999999662,2,1.5,2.0000000000011653,0.49999999999951683,1.6233539900052452,False,True,1.708793673689732,0.2391639429266238,20.0,1.763048272449205,0.24999999999943157,1.763048272449205,19.0,0.5830294211211156,1.894736842105263,0.5830294211211156,19.0,11.660588422422311,1.894736842105263,1,False,2,-1.0,False,False,0.9304976993481915,False,False,True
baseline,24.0,2,134.99999999999778,7,1.5,2.199999999999619,2.0000000000011653,1.3541472331315447,False,True,1.429377634972186,0.1635383430198962,19.0,1.6943120764738555,0.24999999999872102,1.6943120764738555,18.0,0.5914264858154148,1.8888888888888888,0.5914264858154148,18.0,11.828529716308296,1.8888888888888888,0,False,2,-1.0,False,True,0.8969887463685118,False,False,True
baseline,24.0,2,141.69999999999658,6,1.300000000001205,1.300000000001205,0.6999999999999602,1.1913106872296388,False,False,1.2454611730128042,0.2200376625453797,23.0,2.2300007468702856,0.2500000000014495,2.2300007468702856,22.0,0.6368867239879492,1.9090909090909092,0.6368867239879492,22.0,12.737734479758984,1.9090909090909092,1,False,2,-1.0,False,False,1.1680956293130067,False,True,False
baseline,24.0,2,144.09999999999644,20,0.6,0.3000000000005514,1.0999999999986585,1.3837512754889365,True,False,1.4466490607384337,0.1866672625945925,23.0,3.0254738371667944,0.5500000000021998,2.1552632133238907,22.0,0.6155417343209697,1.9090909090909092,0.9052196552829832,21.0,18.104393105659664,1.9047619047619047,1,True,3,-2.0,True,False,1.588373764512567,False,True,False
baseline,24.0,2,144.399999999997,21,1.5,5.299999999999585,0.3000000000005514,2.05729670362735,False,True,2.1552632133238907,0.2892488581758196,22.0,3.0254738371667944,0.25000000000164846,3.0254738371667944,21.0,0.9052196552829832,1.9047619047619047,0.9052196552829832,21.0,18.104393105659664,1.9047619047619047,1,False,2,-1.0,False,False,1.588373764512567,False,True,False
baseline,24.0,2,150.79999999999606,5,1.3000000000003809,1.3000000000003809,1.0999999999994827,1.2430780034114652,False,False,1.3022721940501063,0.1722249127434094,22.0,1.4928519779465603,0.2500000000040359,1.4928519779465603,21.0,0.4466602673156101,1.9047619047619047,0.4466602673156101,21.0,8.933205346312201,1.9047619047619047,0,False,2,-1.0,False,True,0.7837472884219442,False,False,True
baseline,24.0,3,27.900000000000126,14,1.5,1.8000000000000256,1.600000000000108,1.110147391874959,False,True,1.1584146697825657,0.131579259108667,24.0,2.0903886993440906,0.20000000000013785,2.0903886993440906,23.0,0.5710565026962189,1.9130434782608696,0.5710565026962189,23.0,11.421130053924378,1.9130434782608696,0,False,2,-1.0,False,True,1.0927031837480472,False,True,False
baseline,24.0,3,29.700000000000152,15,1.5,3.3000000000000753,1.8000000000000256,1.5375192351485778,False,True,1.607406473109877,0.1561988806572721,23.0,2.15454822773472,0.5500000000001393,2.1185071203854355,22.0,0.6050442187255047,1.9090909090909092,0.6153375349142096,22.0,12.306750698284192,1.9090909090909092,0,False,2,-1.0,False,True,1.1285728811943772,False,True,False
baseline,24.0,3,33.00000000000023,21,0.6,0.5999999999998948,3.3000000000000753,1.2928338944367808,True,False,1.3543974132194847,0.1527714217236038,22.0,1.7186855480758805,0.2500000000000213,1.7186855480758805,21.0,0.5142295134920127,1.9047619047619047,0.5142295134920127,21.0,10.284590269840255,1.9047619047619047,1,False,2,-1.0,False,False,0.9023099127398373,False,False,True
baseline,24.0,3,33.60000000000012,25,1.100000000000101,1.100000000000101,0.5999999999998948,1.6219779003902286,False,False,1.70307679540974,0.2073269172946386,21.0,1.697991329476824,1.0658141036401503e-13,1.621523224486174,20.0,0.5094165449670998,1.9,0.508037817766053,21.0,10.160756355321059,1.9047619047619047,1,False,2,0.0,True,False,0.8914454479753326,False,False,True
baseline,24.0,3,34.70000000000022,13,1.1999999999999034,1.1999999999999034,1.100000000000101,1.4114383110525697,False,False,1.4857245379500734,0.1724212320643608,20.0,2.1186788047066645,0.2999999999999261,2.1186788047066645,19.0,0.7006342913876695,1.894736842105263,0.7006342913876695,19.0,14.01268582775339,1.894736842105263,0,False,2,-1.0,False,True,1.1181915913729619,False,True,False
baseline,24.0,3,36.80000000000025,7,0.8999999999998991,0.8999999999998991,0.9000000000001265,1.177284014092788,False,False,1.2392463306239874,0.1398242962684268,20.0,1.6138540771674557,0.34999999999977405,1.6132422742433676,19.0,0.5334894818129952,1.894736842105263,0.5336918013468646,19.0,10.673836026937291,1.894736842105263,1,False,2,-1.0,False,False,0.8517563185050461,False,False,True
baseline,24.0,3,41.60000000000035,17,1.0999999999998735,1.0999999999998735,0.6000000000001222,1.0944314680515976,False,False,1.1491530414541775,0.1522717171655739,21.0,1.8902897738104123,0.2999999999994074,,,,,0.5655733777674956,21.0,11.311467555349912,1.9047619047619047,2,False,2,0.0,True,False,0.9924021312504665,True,False,False
baseline,24.0,3,45.50000000000038,22,1.0000000000000142,1.0000000000000142,0.7000000000001236,1.1849432638189668,False,False,1.2388043212652835,0.1621845704341963,23.0,1.7941361968739842,0.2999999999991587,1.7941361968739842,22.0,0.5124040996035308,1.9090909090909092,0.5124040996035308,22.0,10.248081992070617,1.9090909090909092,1,False,2,-1.0,False,False,0.9397856269339917,False,False,True
baseline,24.0,3,46.50000000000039,6,1.5,1.6999999999999105,1.0000000000000142,1.5905250164003262,False,True,1.6662643028955797,0.1728967825127619,22.0,1.6597183495416747,0.049999999999101874,1.6519731256103911,21.0,0.4942692033662261,1.9047619047619047,0.4740144521771183,22.0,9.480289043542365,1.9090909090909092,0,False,2,0.0,True,True,0.8693762783313534,False,False,True
baseline,24.0,3,48.2000000000003,7,0.6,0.49999999999992184,1.6999999999999105,1.314367073027002,True,False,1.3800854266783522,0.1239072196738619,21.0,2.265505501153873,0.29999999999908056,2.265505501153873,20.0,0.711729543909227,1.9,0.711729543909227,20.0,14.234590878184541,1.9,1,False,2,-1.0,False,False,1.1923713163967755,False,True,False
baseline,24.0,3,48.70000000000022,25,0.9000000000001265,0.9000000000001265,0.49999999999992184,2.128037190612736,False,False,2.2400391480134063,0.2967650871002526,20.0,2.221778838042557,0.04999999999914451,2.035369646842628,19.0,0.6730844557747844,1.894736842105263,0.6979924075495765,20.0,13.95984815099153,1.9,1,False,2,0.0,True,False,1.1693572831802932,False,True,False
baseline,24.0,3,51.40000000000046,23,1.5,2.099999999999916,1.8000000000001108,1.2593933750754887,False,True,1.325677236921567,0.2033175220113448,20.0,2.220173725400422,0.44999999999873097,2.2146589431983044,19.0,0.7323743438061818,1.894736842105263,0.7341980489906366,19.0,14.683960979812731,1.894736842105263,0,False,2,-1.0,False,True,1.1717583550724449,False,True,False
baseline,24.0,3,64.20000000000051,22,1.0000000000000568,1.0000000000000568,4.800000000000054,1.0104260528278035,False,False,1.054357620342056,0.0459006637202271,24.0,1.7903268215407564,0.299999999997965,1.7903268215407564,23.0,0.4890850078328004,1.9130434782608696,0.4890850078328004,23.0,9.781700156656008,1.9130434782608696,0,False,2,-1.0,False,True,0.9358526567144863,False,False,True
baseline,24.0,3,65.20000000000057,2,1.5,3.2999999999998124,1.0000000000000568,1.6057777280146919,False,True,1.6787676247426322,0.1475354272445815,23.0,1.7638240110405428,0.3499999999978485,1.763206078878235,22.0,0.5035704785607935,1.9090909090909092,0.5037469595736592,22.0,10.074939191473185,1.9090909090909092,0,False,2,-1.0,False,True,0.923907815306951,False,False,True
baseline,24.0,3,68.50000000000038,24,0.6,0.09999999999988063,3.2999999999998124,1.298013014981432,True,False,1.3598231585519762,0.1129877427742811,22.0,2.331863277405392,0.2999999999978513,2.331863277405392,21.0,0.6976918610926282,1.9047619047619047,0.6976918610926282,21.0,13.953837221852563,1.9047619047619047,2,False,4,-1.0,True,False,1.2242282206378308,False,True,False
baseline,24.0,3,68.60000000000026,15,0.6,0.100000000000108,0.09999999999988063,1.2874239449007676,True,False,1.3487298470388995,0.1109948381301117,22.0,2.331863277405392,0.1999999999979707,2.331863277405392,21.0,0.6976918610926282,1.9047619047619047,0.6976918610926282,21.0,13.953837221852563,1.9047619047619047,2,False,4,-1.0,True,False,1.2242282206378308,False,True,False
baseline,24.0,3,68.70000000000037,8,0.6,0.5999999999999659,0.100000000000108,1.285656158559654,True,False,1.346877880395828,0.1100437541943689,22.0,2.331863277405392,0.09999999999786269,2.331863277405392,21.0,0.6976918610926282,1.9047619047619047,0.6976918610926282,21.0,13.953837221852563,1.9047619047619047,3,False,4,-1.0,True,False,1.2242282206378308,False,True,False
baseline,24.0,3,69.30000000000034,3,0.8999999999998352,0.8999999999998352,0.5999999999999659,1.933843664413147,False,False,2.041279423547211,0.3383475191028446,19.0,2.028446797424865,0.04999999999786553,1.965435012249578,18.0,0.6860662439546044,1.8888888888888888,0.6707951112618629,19.0,13.415902225237257,1.894736842105263,3,False,2,0.0,True,False,1.0705691430853455,False,True,False
baseline,24.0,3,70.20000000000017,13,1.5,2.000000000000341,0.8999999999998352,1.8599061862589277,False,True,1.9693124325094529,0.3286940779197412,18.0,1.964418930253319,0.049999999997979216,1.8231985367588377,17.0,0.6738526034255559,1.8823529411764706,0.6857115644285052,18.0,13.714231288570105,1.8888888888888888,1,False,2,0.0,True,False,1.0399864924870512,False,True,False
baseline,24.0,3,74.9999999999999,4,0.9999999999999432,0.9999999999999432,1.7999999999993292,1.1370111215200847,False,False,1.2001784060489782,0.1335693436681748,19.0,1.840433203778034,0.24999999999796785,1.840433203778034,18.0,0.6424323813790886,1.8888888888888888,0.6424323813790886,18.0,12.848647627581773,1.8888888888888888,0,False,2,-1.0,False,True,0.9743469902354298,False,False,True
baseline,24.0,3,75.99999999999984,23,0.6,0.50000000000054,0.9999999999999432,1.6397162332875304,True,False,1.7361701293632674,0.2013100177564409,18.0,1.7181605630218753,0.049999999997979216,1.5653204954689863,17.0,0.5785411022445768,1.8823529411764706,0.5997511780530251,18.0,11.995023561060503,1.8888888888888888,2,False,2,0.0,True,False,0.9096144157174634,False,False,True
baseline,24.0,3,77.99999999999962,7,0.6,0.20000000000055707,0.6999999999992781,1.3655170370888299,True,False,1.4337928889432714,0.2460436858221451,21.0,1.8734384935778252,0.399999999998073,,,,,0.5605314865120405,21.0,11.21062973024081,1.9047619047619047,2,False,1,0.0,True,False,0.9835552091283583,True,False,False
baseline,24.0,3,84.69999999999938,21,0.6,0.10000000000042064,0.6999999999995339,1.2118177187118564,True,False,1.266900342289668,0.2044515102764598,23.0,2.083291644723799,0.2999999999979366,2.083291644723799,22.0,0.5949867023953894,1.9090909090909092,0.5949867023953894,22.0,11.899734047907788,1.9090909090909092,2,False,3,-1.0,True,False,1.0912480043791326,False,True,False
baseline,24.0,3,84.7999999999998,15,1.199999999999818,1.199999999999818,0.10000000000042064,1.2117572813243525,False,False,1.2668371577481865,0.1940674854922383,23.0,2.083291644723799,0.19999999999751594,2.083291644723799,22.0,0.5949867023953894,1.9090909090909092,0.5949867023953894,22.0,11.899734047907788,1.9090909090909092,2,False,3,-1.0,True,False,1.0912480043791326,False,True,False
baseline,24.0,3,89.09999999999921,12,1.5,3.0000000000001705,3.0999999999995964,1.2046260987111468,False,True,1.2619892462688205,0.1334449694418716,22.0,1.968689844228116,0.39999999999784563,1.9651297500502087,21.0,0.587965446296046,1.9047619047619047,0.589030623983227,21.0,11.78061247966454,1.9047619047619047,0,False,2,-1.0,False,True,1.0335621682197609,False,True,False
baseline,24.0,3,92.09999999999938,23,0.6,0.5999999999999943,3.0000000000001705,1.2686539160581352,True,False,1.332086611861042,0.1562576760323369,21.0,1.756897492408196,0.2499999999975131,1.756897492408196,20.0,0.5519456255259918,1.9,0.5519456255259918,20.0,11.038912510519836,1.9,0,False,2,-1.0,False,True,0.9246828907411558,False,False,True
baseline,24.0,3,93.79999999999896,19,1.2000000000002586,1.2000000000002586,0.9999999999991616,1.477765006502038,False,False,1.5481347687164209,0.2263778611325493,22.0,2.0942152338276565,0.24999999999783995,2.0942152338276565,21.0,0.6265877327265521,1.9047619047619047,0.6265877327265521,21.0,12.531754654531042,1.9047619047619047,1,False,2,-1.0,False,False,1.0994629977595198,False,True,False
baseline,24.0,3,94.99999999999922,13,1.0999999999995822,1.0999999999995822,1.2000000000002586,1.6779790078039432,False,False,1.7618779581941404,0.2052816035123229,21.0,1.96253004263565,0.2499999999974989,1.96253004263565,20.0,0.6165469964393422,1.9,0.6165469964393422,20.0,12.330939928786844,1.9,0,False,2,-1.0,False,True,1.0329105487556054,False,True,False
baseline,24.0,3,96.0999999999988,18,1.000000000000398,1.000000000000398,1.0999999999995822,1.6719423411376468,False,False,1.759939306460681,0.2028196679581326,20.0,1.979289921503368,0.29999999999787974,1.979289921503368,19.0,0.6545392291283472,1.894736842105263,0.6545392291283472,19.0,13.090784582566943,1.894736842105263,0,False,2,-1.0,False,True,1.0446252363489998,False,True,False
baseline,24.0,3,100.79999999999843,10,1.0000000000005258,1.0000000000005258,0.6999999999990507,1.3723243317264058,False,False,1.440940548312726,0.2209409616325554,21.0,1.7430909490024429,0.3999999999979593,1.736474459595247,20.0,0.5455295405410734,1.9,0.5476081719924935,20.0,10.952163439849869,1.9,1,False,2,-1.0,False,False,0.9174162889486542,False,False,True
baseline,24.0,3,105.19999999999877,2,1.5,2.199999999999875,1.099999999999966,1.2296021136165667,False,True,1.2854931187809562,0.1483822443364268,23.0,1.867069240040453,0.29999999999739657,1.867069240040453,22.0,0.5332337280231423,1.9090909090909092,0.5332337280231423,22.0,10.664674560462846,1.9090909090909092,0,False,2,-1.0,False,True,0.9779886495449991,False,False,True
baseline,24.0,3,107.39999999999864,12,0.6,0.20000000000031548,2.199999999999875,1.2586160681284897,True,False,1.3185501666107988,0.1421652571296532,22.0,2.0071147467020203,0.3999999999973767,2.003817802676237,21.0,0.5995408845733436,1.9047619047619047,0.6005273279191243,21.0,12.010546558382487,1.9047619047619047,2,False,3,-1.0,True,False,1.0537352420185606,False,True,False
baseline,24.0,3,107.59999999999896,15,0.6,0.39999999999918145,0.20000000000031548,1.2024615076619336,True,False,1.2597215794553591,0.1385797109131066,22.0,2.0071147467020203,0.1999999999970612,2.003817802676237,21.0,0.5995408845733436,1.9047619047619047,0.6005273279191243,21.0,12.010546558382487,1.9047619047619047,2,False,2,-1.0,False,False,1.0537352420185606,False,True,False
baseline,24.0,3,107.99999999999814,5,0.6000000000004206,0.6000000000004206,0.39999999999918145,1.8044089788873652,False,False,1.899377872513016,0.2697709296929964,20.0,2.0767335321905684,0.29999999999786553,2.0767335321905684,19.0,0.686763242967734,1.894736842105263,0.686763242967734,19.0,13.735264859354679,1.894736842105263,2,False,2,-1.0,False,False,1.0960538086561333,False,True,False
baseline,24.0,3,108.59999999999856,8,0.6,0.19999999999987494,0.6000000000004206,1.924271897965095,True,False,2.0311758922964893,0.3344890517834308,19.0,2.0204789031889034,0.04999999999739657,,,,,0.6681601767359391,19.0,13.363203534718782,1.894736842105263,4,False,1,0.0,True,False,1.0663638655719214,False,True,False
baseline,24.0,3,109.09999999999852,18,1.5,2.3999999999993236,0.3000000000000824,1.8268672184833303,False,True,1.9283598417324044,0.3887199907846117,19.0,1.9233399925515875,0.04999999999742499,1.7765045101835777,18.0,0.6201170575846513,1.8888888888888888,0.6360369253637383,19.0,12.720738507274767,1.894736842105263,2,False,2,0.0,True,False,1.0150961071800046,True,False,False
baseline,24.0,3,111.49999999999784,6,1.5,1.7000000000009265,2.3999999999993236,1.3768803590385525,False,True,1.4578733213349382,0.1813731335383941,18.0,2.468448225596798,0.299999999997965,2.468448225596798,17.0,0.912336330741372,1.8823529411764706,0.912336330741372,17.0,18.24672661482744,1.8823529411764706,0,False,2,-1.0,False,True,1.3113631198482991,False,True,False
baseline,24.0,3,113.59999999999772,9,1.5,1.8000000000009209,0.3999999999989541,1.8635599420971414,False,True,1.9731811151616792,0.2981185413156663,18.0,2.3738427404759563,0.5999999999979195,2.3422634670300355,17.0,0.865698553034508,1.8823529411764706,0.8773702252066737,17.0,17.547404504133475,1.8823529411764706,1,False,2,-1.0,False,False,1.2611039558778518,False,True,False
baseline,24.0,3,119.099999999998,19,0.6,0.39999999999983515,1.9999999999994884,1.2025642551884097,True,False,1.259829219721191,0.1387852173774297,22.0,1.7163012286497707,0.4999999999973568,1.632307217855041,21.0,0.4883851775252372,1.9047619047619047,0.490174484661205,22.0,9.8034896932241,1.9090909090909092,1,False,2,0.0,True,False,0.8990149292927371,False,False,True
baseline,24.0,3,122.49999999999724,17,1.5,4.600000000000762,0.8999999999995225,1.2039993091716885,False,True,1.2587265504976743,0.1530214039966939,23.0,1.877416792788251,0.44999999999791385,1.8672943055635447,22.0,0.5332980065862261,1.9090909090909092,0.5361889821772436,22.0,10.723779643544873,1.9090909090909092,1,False,2,-1.0,False,False,0.9834087962224172,True,False,False
baseline,24.0,3,127.39999999999829,15,1.5,3.0999999999989,0.3000000000002814,1.2127905744606688,False,True,1.2679174187543356,0.1685841285035996,23.0,2.3381464861476497,0.29999999999660076,2.3381464861476497,22.0,0.6677730748998405,1.9090909090909092,0.6677730748998405,22.0,13.35546149799681,1.9090909090909092,1,False,2,-1.0,False,False,1.2247433975059117,False,True,False
baseline,24.0,3,132.19999999999678,20,0.6,0.4000000000003183,1.6999999999995907,1.220392761126557,True,False,1.2758651593595824,0.1083189252781417,23.0,1.8075802934382976,0.5999999999991701,1.7691821595866055,22.0,0.5052772432199459,1.9090909090909092,0.5162437246035854,22.0,10.324874492071707,1.9090909090909092,1,True,2,-1.0,False,False,0.9468277727533939,False,False,True
baseline,24.0,3,132.5999999999971,22,0.6,0.3999999999996646,0.4000000000003183,1.7129725634808537,True,False,1.7945426855513704,0.1960692539115693,22.0,1.85293264484155,0.34999999999888587,1.851537935612028,21.0,0.5539788548915769,1.9047619047619047,0.5543961509172304,21.0,11.087923018344608,1.9047619047619047,2,False,2,-1.0,False,False,0.9727896385418138,False,False,True
baseline,24.0,3,132.99999999999676,16,1.5,2.400000000001512,0.3999999999996646,1.763812521544517,False,True,1.852003147621743,0.2664445111420619,21.0,1.8498326916613943,0.04999999999924398,1.7463397589790737,20.0,0.5486288157480428,1.9,0.5534686470946353,21.0,11.069372941892706,1.9047619047619047,2,False,2,0.0,True,False,0.971162163122232,False,False,True
baseline,24.0,3,137.39999999999694,5,0.6,0.5000000000003126,1.9999999999986642,1.2537566098672281,True,False,1.3164444403605895,0.1567376588902267,21.0,1.680153917650394,0.2500000000001137,1.680153917650394,20.0,0.5278359204590588,1.9,0.5278359204590588,20.0,10.556718409181176,1.9,1,False,2,-1.0,False,False,0.8842915356054705,False,False,True
baseline,24.0,3,137.89999999999725,23,1.5,2.299999999999528,0.5000000000003126,1.5868762524927973,False,True,1.670396055255576,0.2099680032051112,20.0,1.9622238538178756,0.24999999999991473,1.9622238538178756,19.0,0.648895583563462,1.894736842105263,0.648895583563462,19.0,12.97791167126924,1.894736842105263,1,False,2,-1.0,False,False,1.0356181450705455,False,True,False
baseline,24.0,3,140.9999999999972,2,1.5,2.099999999999312,0.40000000000009095,1.3504335465875552,False,True,1.4179552239169328,0.2096077545379291,21.0,2.330727698873992,0.35000000000070486,,,,,0.6973520967905502,21.0,13.947041935811004,1.9047619047619047,3,False,2,0.0,True,False,1.2236320419088458,False,True,False
baseline,24.0,3,143.0999999999965,10,1.5,2.3000000000004377,2.099999999999312,1.8082141546727075,False,True,1.8986248624063429,0.2760706502104768,21.0,1.8810988815434155,1.7905676941154525e-12,1.81573637432638,20.0,0.5704304054439522,1.9,0.5628234692316925,21.0,11.25646938463385,1.9047619047619047,0,False,2,0.0,True,True,0.9875769128102933,True,False,False
baseline,24.0,3,150.39999999999574,11,0.700000000000756,0.700000000000756,1.3999999999985562,1.2031106775654612,False,False,1.2577975265457093,0.1456250922407356,23.0,2.2681412732123496,0.2000000000042519,2.2681412732123496,22.0,0.6477796328388834,1.9090909090909092,0.6477796328388834,22.0,12.955592656777668,1.9090909090909092,0,False,2,-1.0,False,True,1.188074000254088,False,True,False
baseline,24.0,4,25.800000000000097,21,0.6,0.09999999999999787,7.000000000000121,0.9973759244364655,True,False,1.040740095064138,0.0314347669370349,24.0,1.9405507637661532,0.20000000000013785,1.9405507637661532,23.0,0.5301234802926791,1.9130434782608696,0.5301234802926791,23.0,10.602469605853582,1.9130434782608696,1,False,3,-1.0,True,False,1.0143788083323073,True,False,False
baseline,24.0,4,25.900000000000095,2,1.5,3.5000000000000817,0.09999999999999787,0.9967715373106979,False,True,1.04010943023725,0.0309336150924786,24.0,1.9405507637661532,0.10000000000013998,1.9405507637661532,23.0,0.5301234802926791,1.9130434782608696,0.5301234802926791,23.0,10.602469605853582,1.9130434782608696,1,False,3,-1.0,True,False,1.0143788083323073,True,False,False
baseline,24.0,4,29.400000000000176,19,1.5,3.5000000000000213,3.5000000000000817,1.1631744341046795,False,True,1.218563692871569,0.1223275847669014,22.0,2.1446001261050367,0.20000000000011298,2.1446001261050367,21.0,0.6416628572437455,1.9047619047619047,0.6416628572437455,21.0,12.83325714487491,1.9047619047619047,0,False,2,-1.0,False,True,1.1259150662051443,False,True,False
baseline,24.0,4,32.9000000000002,22,0.8999999999998991,0.8999999999998991,3.5000000000000213,1.3083313052686572,False,False,1.37374787053209,0.1547638090833712,21.0,2.453187255367415,0.25000000000005684,2.453187255367415,20.0,0.7706915059342379,1.9,0.7706915059342379,20.0,15.413830118684757,1.9,0,False,2,-1.0,False,True,1.2911511870354817,False,True,False
baseline,24.0,4,40.30000000000019,21,0.6000000000000085,0.6000000000000085,2.900000000000013,1.0715875015954905,False,False,1.1202960243952855,0.0575911313040215,23.0,1.9562045760156452,0.24999999999965183,1.9562045760156452,22.0,0.5586907204481353,1.9090909090909092,0.5586907204481353,22.0,11.173814408962706,1.9090909090909092,0,False,2,-1.0,False,True,1.0246785874367665,False,True,False
baseline,24.0,4,41.10000000000032,17,1.5,1.8000000000000185,0.20000000000012363,1.1030715789885983,False,True,1.1532111962153528,0.0490008998294972,23.0,1.856023982413304,0.4499999999994557,1.851121094013084,22.0,0.5286789481687824,1.9090909090909092,0.5300792098214644,22.0,10.601584196429288,1.9090909090909092,2,False,2,-1.0,False,False,0.9722030384069688,False,False,True
baseline,24.0,4,42.90000000000034,23,1.0000000000000142,1.0000000000000142,1.8000000000000185,1.4390921858297412,False,False,1.507620385154967,0.130827565815607,22.0,1.8685094589592817,0.29999999999934346,1.8685094589592817,21.0,0.5590567228028114,1.9047619047619047,0.5590567228028114,21.0,11.181134456056228,1.9047619047619047,0,False,2,-1.0,False,True,0.9809674659536229,True,False,False
baseline,24.0,4,43.900000000000354,24,1.200000000000017,1.200000000000017,1.0000000000000142,1.6606243928782662,False,False,1.7436556125221796,0.1950090843415176,21.0,2.595838251583803,0.2999999999992724,2.595838251583803,20.0,0.8155066381083049,1.9,0.8155066381083049,20.0,16.3101327621661,1.9,0,False,2,-1.0,False,True,1.3662306587283175,False,True,False
baseline,24.0,4,45.10000000000037,6,1.3000000000000185,1.3000000000000185,1.200000000000017,2.1529960623524884,False,False,2.2663116445815668,0.3090493932201041,20.0,2.2409302007329157,0.04999999999920135,2.00469694792588,19.0,0.6629411793976656,1.894736842105263,0.7040089855830027,20.0,14.080179711660055,1.9,0,False,2,0.0,True,True,1.1794369477541662,False,True,False
baseline,24.0,4,46.40000000000039,5,1.5,1.8999999999997996,1.3000000000000185,1.45027680345013,False,True,1.5308477369751374,0.218723020480296,19.0,2.164500865837984,0.2999999999991019,2.164500865837984,18.0,0.7555533354228174,1.8888888888888888,0.7555533354228174,18.0,15.111066708456349,1.8888888888888888,0,False,2,-1.0,False,True,1.1459122230906973,False,True,False
baseline,24.0,4,55.500000000000405,22,1.5,2.8000000000001535,1.1000000000000156,1.2541056695650687,False,True,1.3086320030244196,0.1960075705191285,24.0,1.684258841430873,0.44999999999855333,1.6779184347228695,23.0,0.4583770632911523,1.9130434782608696,0.4601091480854684,23.0,9.202182961709367,1.9130434782608696,0,False,2,-1.0,False,True,0.8804080307479564,False,False,True
baseline,24.0,4,58.30000000000056,25,1.400000000000034,1.400000000000034,2.8000000000001535,1.186070213388975,False,False,1.2399824958157466,0.0955487004531312,23.0,2.239360491040036,0.2999999999982492,2.239360491040036,22.0,0.6395598606718735,1.9090909090909092,0.6395598606718735,22.0,12.79119721343747,1.9090909090909092,0,False,2,-1.0,False,True,1.1729983524495426,False,True,False
baseline,24.0,4,59.70000000000059,8,1.5,1.70000000000001,1.400000000000034,1.8130873843920623,False,True,1.8994248788869224,0.2059604657191267,22.0,1.8746253997004372,0.04999999999814975,1.7604893999160816,21.0,0.5267371967141967,1.9047619047619047,0.5353917621756112,22.0,10.707835243512225,1.9090909090909092,0,False,2,0.0,True,True,0.9819466379383242,True,False,False
baseline,24.0,4,61.4000000000006,14,1.0,1.0,1.70000000000001,1.383117527855881,False,False,1.452273404248675,0.1516176190474933,21.0,1.7824030903534678,0.3499999999980261,1.7821692859987688,20.0,0.5598849936347099,1.9,0.5599584454390198,20.0,11.199168908780397,1.9,0,False,2,-1.0,False,True,0.9381068896597199,False,False,True
baseline,24.0,4,62.4000000000006,11,0.6,0.49999999999993605,1.0,1.6031774454685468,True,False,1.6875552057563652,0.1881797119131918,20.0,1.789416217250609,0.3999999999979664,1.779822101408837,19.0,0.5885764251034473,1.894736842105263,0.5917491412977842,19.0,11.834982825955684,1.894736842105263,1,False,2,-1.0,False,False,0.9444141146600437,False,False,True
baseline,24.0,4,62.90000000000054,19,0.6,0.5999999999998664,0.49999999999993605,1.695031657196479,True,False,1.7892000825962833,0.2351881419150657,19.0,1.7869544030151057,0.04999999999802185,1.6718836129664554,18.0,0.5835974751280641,1.8888888888888888,0.5909350341907569,19.0,11.818700683815138,1.894736842105263,2,False,2,0.0,True,False,0.9431148238135281,False,False,True
baseline,24.0,4,70.10000000000034,25,0.6,0.30000000000026716,0.6999999999997328,1.2616920477395792,True,False,1.321772621441464,0.1959576283489823,22.0,1.6708391505693578,0.399999999997803,1.5959797040143844,21.0,0.4775160108009526,1.9047619047619047,0.4771905455235368,22.0,9.543810910470736,1.9090909090909092,2,False,2,0.0,True,False,0.8752014598220446,False,False,True
baseline,24.0,4,71.00000000000024,13,0.6,0.19999999999987494,0.09999999999969589,1.5967493403646482,True,False,1.6693288558357686,0.235839615647876,23.0,2.2393660503085973,0.49999999999783995,1.9736456316244484,22.0,0.5636718742819049,1.9090909090909092,0.6700167554617029,21.0,13.400335109234058,1.9047619047619047,5,False,3,-2.0,True,False,1.1756671764120137,False,True,False
baseline,24.0,4,71.20000000000012,17,0.6,0.30000000000009663,0.19999999999987494,1.5403242475526184,True,False,1.6103389860777375,0.2221136376292708,23.0,2.2393660503085973,0.299999999997965,1.9736456316244484,22.0,0.5636718742819049,1.9090909090909092,0.6700167554617029,21.0,13.400335109234058,1.9047619047619047,4,False,4,-2.0,True,False,1.1756671764120137,False,True,False
baseline,24.0,4,71.50000000000021,4,1.5,3.09999999999971,0.30000000000009663,2.1327295717224737,False,True,2.2393660503085973,0.3819465601527584,21.0,2.228909303993728,0.04999999999786553,2.05798699880284,20.0,0.6465356836622309,1.9,0.6668881042804413,21.0,13.337762085608826,1.9047619047619047,3,False,2,0.0,True,False,1.1701773845967074,False,True,False
baseline,24.0,4,74.59999999999992,5,1.5,2.0999999999999943,3.09999999999971,1.2454356111391998,False,True,1.3109848538307365,0.1474104189580553,20.0,2.164809219836764,0.299999999997965,2.164809219836764,19.0,0.7158893412065925,1.894736842105263,0.7158893412065925,19.0,14.31778682413185,1.894736842105263,0,False,2,-1.0,False,True,1.1425381993582922,False,True,False
baseline,24.0,4,76.69999999999992,12,1.4000000000004178,1.4000000000004178,2.0999999999999943,1.5441365711331674,False,False,1.6299219361961212,0.1875979883536824,19.0,1.8400710065068129,0.3499999999978485,1.838623014430831,18.0,0.6418005060952243,1.8888888888888888,0.6423059506805977,18.0,12.846119013611954,1.8888888888888888,0,False,2,-1.0,False,True,0.974155238738901,False,False,True
baseline,24.0,4,79.9,14,1.5,2.6999999999999176,0.3999999999997925,1.316727106690334,False,True,1.3794283974851118,0.2789256702896143,22.0,1.9574388804057703,0.34999999999757847,1.9514100671076808,21.0,0.5838605267587291,1.9047619047619047,0.5856643434794093,21.0,11.713286869588186,1.9047619047619047,3,False,2,-1.0,False,False,1.0276554122130295,False,True,False
baseline,24.0,4,88.09999999999916,23,1.5,2.5999999999997385,0.1999999999991502,1.1407139041471643,False,True,1.1903101608492148,0.1936936732223814,24.0,1.975556717964697,0.299999999997965,1.975556717964697,23.0,0.5396864758180744,1.9130434782608696,0.5396864758180744,23.0,10.793729516361488,1.9130434782608696,1,False,2,-1.0,False,False,1.0326773752997278,False,True,False
baseline,24.0,4,90.6999999999989,21,0.6,0.3999999999999915,2.5999999999997385,1.2377071219347082,True,False,1.293966536568104,0.1361346126600129,23.0,2.415912258618189,0.2999999999980645,2.415912258618189,22.0,0.6899829275811298,1.9090909090909092,0.6899829275811298,22.0,13.799658551622596,1.9090909090909092,2,False,2,-1.0,False,False,1.2654778497523846,False,True,False
baseline,24.0,4,91.09999999999889,22,1.5,1.8000000000001108,0.3999999999999915,2.288725407471006,False,True,2.3977123316362925,0.3193999103565738,22.0,3.197800068337066,0.2999999999980787,2.257202876187595,21.0,0.675353521285019,1.9047619047619047,1.0046185202336666,20.0,20.092370404673332,1.9,2,False,3,-2.0,True,False,1.6830526675458244,False,True,False
baseline,24.0,4,91.09999999999944,5,1.5,1.7999999999995566,0.4000000000005457,2.288725407471006,False,True,2.3977123316362925,0.3193999103565738,22.0,3.197800068337066,0.29999999999752447,2.257202876187595,21.0,0.675353521285019,1.9047619047619047,1.0046185202336666,20.0,20.092370404673332,1.9,2,False,3,-2.0,True,False,1.6830526675458244,False,True,False
baseline,24.0,4,92.899999999999,10,0.6,0.5000000000001279,1.7999999999995566,2.290330806847752,True,False,2.4108745335239496,0.3645672441904654,20.0,2.3942466062864445,0.04999999999786553,2.138177342412059,19.0,0.707082340104618,1.894736842105263,0.7521747549191788,20.0,15.043495098383577,1.9,1,False,2,0.0,True,False,1.2601297927823392,False,True,False
baseline,24.0,4,93.39999999999912,8,1.5,2.7000000000000313,0.5000000000001279,1.9033850179945397,False,True,2.0091286301053475,0.3306954791940636,19.0,1.9814313995746344,0.04999999999770921,1.7526357863907505,18.0,0.6117853012159724,1.8888888888888888,0.6552474029995592,19.0,13.104948059991184,1.894736842105263,1,False,2,0.0,True,False,1.0457554608866126,False,True,False
baseline,24.0,4,98.49999999999868,20,0.6,0.200000000000216,2.3999999999995225,1.1439673396611716,True,False,1.2075210807534589,0.125886075792,19.0,1.4605726828161838,0.3499999999978485,,,,,0.4830025695125535,19.0,9.66005139025107,1.894736842105263,1,False,1,0.0,True,False,0.7708578048196526,False,False,True
baseline,24.0,4,99.89999999999893,11,1.000000000000071,1.000000000000071,0.7999999999994856,1.295928867897094,False,False,1.3607253112919486,0.248570955061732,21.0,2.2671752493828485,0.29999999999751026,2.2671752493828485,20.0,0.7122541107861764,1.9,0.7122541107861764,20.0,14.245082215723528,1.9,2,False,2,-1.0,False,False,1.1932501312541308,False,True,False
baseline,24.0,4,106.59999999999822,18,1.3000000000007077,1.3000000000007077,0.09999999999953957,1.1120854396462225,False,False,1.16263477781196,0.1999694995393361,23.0,2.047828104317352,0.29999999999786553,2.047828104317352,22.0,0.5848583389398279,1.9090909090909092,0.5848583389398279,22.0,11.697166778796557,1.9090909090909092,1,False,2,-1.0,False,False,1.072671864166232,False,True,False
baseline,24.0,4,110.09999999999802,15,1.5,4.199999999999662,2.1999999999990933,1.3156440410247874,False,True,1.3754460428895503,0.1538324870839712,23.0,2.280998591638597,0.4499999999978428,2.2770205970254844,22.0,0.6503155617898098,1.9090909090909092,0.6514516743945893,22.0,13.029033487891786,1.9090909090909092,0,False,2,-1.0,False,True,1.1948087860964078,False,True,False
baseline,24.0,4,114.29999999999768,24,0.6,0.30000000000053717,4.199999999999662,1.3074561880039646,True,False,1.3697160064803438,0.1436507550011972,22.0,1.8365975635892149,0.3999999999979593,1.752924915714126,21.0,0.5244739083335244,1.9047619047619047,0.5245310375793446,22.0,10.490620751586892,1.9090909090909092,1,False,2,0.0,True,False,0.9620272952133982,False,False,True
baseline,24.0,4,116.59999999999764,16,0.6,0.40000000000020464,1.9999999999994174,1.2280516202752674,True,False,1.286530268859804,0.1454432587590545,22.0,2.192181014037163,0.29999999999786553,2.192181014037163,21.0,0.6558990256226833,1.9047619047619047,0.6558990256226833,21.0,13.117980512453666,1.9047619047619047,1,False,2,-1.0,False,False,1.1508950323695106,False,True,False
baseline,24.0,4,116.99999999999784,22,1.100000000000179,1.100000000000179,0.40000000000020464,2.069830618052553,False,False,2.173322148955181,0.2906211730106067,21.0,2.162364370263974,0.049999999997638156,2.1567264180300145,20.0,0.6775555870686123,1.9,0.6469779066672019,21.0,12.939558133344038,1.9047619047619047,1,False,2,0.0,True,False,1.1352412943885863,False,True,False
baseline,24.0,4,125.79999999999758,4,1.5,5.599999999999241,0.7999999999997414,1.1648242256335248,False,True,1.2154687571828084,0.1965446571047083,24.0,2.162112672629277,0.29999999999739657,2.162112672629277,23.0,0.5906501990056983,1.9130434782608696,0.5906501990056983,23.0,11.813003980113965,1.9130434782608696,1,False,2,-1.0,False,False,1.1301952606925767,False,True,False
baseline,24.0,4,131.39999999999682,7,1.5,2.4000000000007446,5.599999999999241,1.1260354925494054,False,True,1.1772189240289237,0.0850808825936386,23.0,2.173526829309937,0.24999999999886313,2.173526829309937,22.0,0.6207578108491285,1.9090909090909092,0.6207578108491285,22.0,12.41515621698257,1.9090909090909092,0,False,2,-1.0,False,True,1.1385140534480622,False,True,False
baseline,24.0,4,138.69999999999675,17,0.7000000000000739,0.7000000000000739,4.8999999999991815,1.1184830885325683,False,False,1.1693232289204123,0.0752435110235801,23.0,1.799825792084974,0.2500000000006253,1.799825792084974,22.0,0.5140290441959623,1.9090909090909092,0.5140290441959623,22.0,10.280580883919246,1.9090909090909092,0,False,2,-1.0,False,True,0.9427658910921293,False,False,True
baseline,24.0,4,139.99999999999633,9,1.1999999999999602,1.1999999999999602,0.5999999999995111,1.5857688884679484,False,False,1.6578492924892188,0.195063974415682,23.0,2.1083950598026173,0.20000000000129603,2.1083950598026173,22.0,0.6021562209764468,1.9090909090909092,0.6021562209764468,22.0,12.043124419528937,1.9090909090909092,2,False,3,-1.0,True,False,1.1043974122775615,False,True,False
baseline,24.0,4,139.99999999999704,14,1.1999999999992497,1.1999999999992497,0.6000000000002217,1.5857688884679484,False,False,1.6578492924892188,0.195063974415682,23.0,2.1083950598026173,0.2000000000005855,2.1083950598026173,22.0,0.6021562209764468,1.9090909090909092,0.6021562209764468,22.0,12.043124419528937,1.9090909090909092,2,False,3,-1.0,True,False,1.1043974122775615,False,True,False
baseline,24.0,4,141.1999999999963,3,0.9000000000004036,0.9000000000004036,1.1999999999992497,1.6018619262199065,False,False,1.681955022530902,0.244983237736924,21.0,1.7354490401094458,0.25000000000162004,1.7353631838532992,20.0,0.5451804229703718,1.9,0.5452073955087293,20.0,10.904147910174586,1.9,0,False,2,-1.0,False,True,0.9133942316365504,False,False,True
baseline,24.0,4,142.0999999999967,25,1.5,3.500000000000199,0.9000000000004036,1.5747089350732142,False,True,1.6575883527086464,0.2228799092598587,20.0,1.711977635317788,0.650000000001512,1.6783396067239242,19.0,0.5550167767065961,1.894736842105263,0.5661406697078304,19.0,11.322813394156608,1.894736842105263,1,False,2,-1.0,False,False,0.9035437519732771,False,False,True
baseline,24.0,4,145.5999999999969,4,1.0999999999998522,1.0999999999998522,3.500000000000199,1.0885092708308426,False,False,1.1489820080992228,0.0947385223253469,19.0,2.038839838106468,0.25000000000201794,2.038839838106468,18.0,0.7116893619157203,1.8888888888888888,0.7116893619157203,18.0,14.233787238314406,1.8888888888888888,0,False,2,-1.0,False,True,1.0793857966446008,False,True,False
baseline,24.0,4,147.09999999999673,17,0.8999999999996078,0.8999999999996078,0.39999999999997726,1.784870658728386,False,False,1.884030139768852,0.2747680827154473,19.0,1.8656154597898695,2.4726887204451486e-12,1.6965833271043866,18.0,0.59221930184823,1.8888888888888888,0.6169477708315156,19.0,12.338955416630313,1.894736842105263,1,False,2,0.0,True,False,0.9846303815557645,True,False,False
baseline,24.0,4,148.39999999999645,8,0.6,0.29999999999972715,0.39999999999940883,1.4393665607464448,True,False,1.5151226955225734,0.2918494179372654,20.0,1.985178535515526,0.5500000000031662,1.3675756592757715,19.0,0.4522490152009455,1.894736842105263,0.6929580336933023,18.0,13.859160673866047,1.8888888888888888,3,True,3,-2.0,True,False,1.0509768717435137,False,True,False
baseline,24.0,4,148.69999999999618,24,0.6,0.5000000000001137,0.29999999999972715,1.2955979929980994,True,False,1.3675756592757715,0.2229190852561126,19.0,2.091084131442705,0.5500000000035072,1.985178535515526,18.0,0.6929580336933023,1.8888888888888888,0.6915088995135363,19.0,13.830177990270727,1.894736842105263,5,True,2,0.0,True,False,1.1036277360392055,False,True,False
baseline,24.0,4,149.2999999999957,2,0.8000000000010061,0.8000000000010061,0.09999999999939746,1.9810270718930891,False,False,2.091084131442705,0.3448150300929071,19.0,2.086707984821952,4.007461029686965e-12,1.951091179208147,18.0,0.6810593016760178,1.8888888888888888,0.6900617342425059,19.0,13.801234684850119,1.894736842105263,3,False,2,0.0,True,False,1.1013181031004748,False,True,False
baseline,24.0,4,152.7999999999955,6,0.6,0.4000000000005457,2.699999999998795,1.2498188031259938,True,False,1.319253181077438,0.1460204988284835,19.0,2.1211659025186127,0.25000000000505906,2.1211659025186127,18.0,0.7404265795997373,1.8888888888888888,0.7404265795997373,18.0,14.808531591994747,1.8888888888888888,1,False,2,-1.0,False,False,1.1229701836863244,False,True,False
baseline,24.0,4,153.19999999999604,16,0.6,0.40000000000085834,0.4000000000005457,2.0001526125762403,True,False,2.117808648610137,0.2998304382359744,18.0,2.114852734509083,4.575895218295045e-12,1.9691401155432364,17.0,0.7277924848093633,1.8823529411764706,0.73822286823978,18.0,14.7644573647956,1.8888888888888888,2,False,2,0.0,True,False,1.1196279182695146,False,True,False
baseline,24.0,5,30.20000000000016,19,0.6,0.5000000000000071,4.7000000000001805,1.00644624862178,True,False,1.050204781170553,0.0348970301272246,24.0,1.8716551632539251,0.20000000000013785,1.8716551632539251,23.0,0.5113024444288641,1.9130434782608696,0.5113024444288641,23.0,10.226048888577282,1.9130434782608696,1,False,2,-1.0,False,False,0.9783651989736426,False,False,True
baseline,24.0,5,30.700000000000166,24,0.6,0.40000000000000213,0.5000000000000071,1.7763110339940191,True,False,1.8570524446301109,0.1850697145520043,23.0,1.8497153005436175,1.3500311979441904e-13,1.76738307248564,22.0,0.5047634251454403,1.9090909090909092,0.5053088695148231,23.0,10.106177390296462,1.9130434782608696,2,False,2,0.0,True,False,0.9668966343750728,False,False,True
baseline,24.0,5,31.10000000000017,9,1.5,3.200000000000049,0.40000000000000213,1.6842940335880685,False,True,1.7644985113779768,0.2305578047258924,22.0,1.7644985113779768,1.3855583347321954e-13,1.7517105024509814,21.0,0.5241105567348656,1.9047619047619047,0.5039395964195617,22.0,10.078791928391233,1.9090909090909092,2,False,2,0.0,True,False,0.9242611250075116,False,False,True
baseline,24.0,5,34.30000000000022,12,1.5,3.8999999999999417,3.200000000000049,1.0899307738181203,False,True,1.1444273125090263,0.0853161643120651,21.0,1.8061627304031769,0.5499999999999403,1.7975318629810844,20.0,0.5647112895334949,1.9,0.5674227565022303,20.0,11.348455130044606,1.9,0,False,2,-1.0,False,True,0.9506119633700931,False,False,True
baseline,24.0,5,43.40000000000023,24,0.6000000000001293,0.6000000000001293,1.1000000000000156,1.168778905827007,False,False,1.2195953799933987,0.1201447813369012,24.0,1.85289172726176,0.2999999999994216,1.85289172726176,23.0,0.5061766120228564,1.9130434782608696,0.5061766120228564,23.0,10.123532240457127,1.9130434782608696,0,False,2,-1.0,False,True,0.9685570392504654,False,False,True
baseline,24.0,5,44.00000000000036,11,1.5,1.90000000000002,0.6000000000001293,1.7526301552227006,False,True,1.832295162278278,0.1990449321027972,23.0,1.8198197251385355,0.04999999999927951,1.6777202119678023,22.0,0.4791557720633781,1.9090909090909092,0.4971419373350452,23.0,9.942838746700904,1.9130434782608696,1,False,2,0.0,True,False,0.9512694017769617,False,False,True
baseline,24.0,5,45.90000000000038,5,1.5,3.999999999999943,1.90000000000002,1.176821759484643,False,True,1.2328608908886738,0.0956759320597047,22.0,1.830717859785567,0.2999999999991303,1.830717859785567,21.0,0.5477495027712349,1.9047619047619047,0.5477495027712349,21.0,10.954990055424698,1.9047619047619047,0,False,2,-1.0,False,True,0.9611268763874227,False,False,True
baseline,24.0,5,49.900000000000325,19,1.4999999999999076,1.4999999999999076,3.999999999999943,1.165222597318174,False,False,1.2234837271840826,0.0883720922408635,21.0,1.728302031875644,0.3499999999989569,1.7271005947333224,20.0,0.5425846540424768,1.9,0.5429620966524835,20.0,10.85924193304967,1.9,0,False,2,-1.0,False,True,0.9096326483556021,False,False,True
baseline,24.0,5,57.50000000000055,18,0.6,0.3999999999997783,3.600000000000165,1.1081634491302295,True,False,1.1585345149997854,0.0773454701940265,23.0,2.1954928264520435,0.29999999999830607,2.1954928264520435,22.0,0.6270312849628028,1.9090909090909092,0.6270312849628028,22.0,12.540625699256056,1.9090909090909092,1,False,2,-1.0,False,False,1.1500200519510704,False,True,False
baseline,24.0,5,66.80000000000048,23,1.5,3.499999999999801,1.2999999999999403,1.0603564960183858,False,True,1.1064589523670112,0.0999181012684697,24.0,2.022963816057024,0.2999999999978513,2.022963816057024,23.0,0.5526372402611059,1.9130434782608696,0.5526372402611059,23.0,11.052744805222119,1.9130434782608696,0,False,2,-1.0,False,True,1.0574583583934443,False,True,False
baseline,24.0,5,70.30000000000028,2,1.5,4.500000000000199,3.499999999999801,1.2260881673606108,False,True,1.281819447695184,0.0959869363849955,23.0,2.0249619374179564,0.49999999999783995,2.0156917250156194,22.0,0.5756802104737098,1.9090909090909092,0.5783277769446551,22.0,11.566555538893102,1.9090909090909092,0,False,2,-1.0,False,True,1.0606943481713105,False,True,False
baseline,24.0,5,78.3999999999998,18,1.0999999999997243,1.0999999999997243,0.09999999999952536,1.1668194795772664,False,False,1.2175507612980172,0.1477159829000946,24.0,1.9712474408149336,0.24999999999786837,1.9712474408149336,23.0,0.5385092589975544,1.9130434782608696,0.5385092589975544,23.0,10.770185179951088,1.9130434782608696,1,False,2,-1.0,False,False,1.0304247986078061,False,True,False
baseline,24.0,5,79.49999999999953,19,1.3000000000001535,1.3000000000001535,1.0999999999997243,1.7354836038562964,False,False,1.8143692222134007,0.2038801857405068,23.0,2.65729319216194,0.2999999999980787,2.65729319216194,22.0,0.7589211609936473,1.9090909090909092,0.7589211609936473,22.0,15.178423219872945,1.9090909090909092,0,False,2,-1.0,False,True,1.391915481608635,False,True,False
baseline,24.0,5,80.79999999999968,15,1.5,4.199999999999761,1.3000000000001535,2.0882595400948643,False,True,2.1877004705755723,0.2807676204226044,22.0,2.1877004705755723,0.04999999999786553,1.9216931291090604,21.0,0.5749692397012387,1.9047619047619047,0.6248057933286502,22.0,12.496115866573003,1.9090909090909092,0,False,2,0.0,True,True,1.1459383417300617,False,True,False
baseline,24.0,5,84.99999999999945,7,1.0999999999999375,1.0999999999999375,4.199999999999761,1.3844835832212803,False,False,1.4537077623823442,0.1828535552093087,21.0,1.7441418813111351,0.2999999999978513,1.7441418813111351,20.0,0.5479383321145344,1.9,0.5479383321145344,20.0,10.958766642290687,1.9,0,False,2,-1.0,False,True,0.917969411216387,False,False,True
baseline,24.0,5,86.09999999999938,16,0.6,0.3000000000004235,1.0999999999999375,1.5280805583423083,True,False,1.6085058508866403,0.2093163631788447,20.0,2.4767438039724325,0.39999999999784563,2.3609796634300304,19.0,0.7807617227270196,1.894736842105263,0.7780920139383833,20.0,15.561840278767667,1.9,1,False,2,0.0,True,False,1.3035493705118066,False,True,False
baseline,24.0,5,88.0999999999995,19,0.7000000000001876,0.7000000000001876,0.5999999999999659,1.7137765801472729,False,False,1.7994654091546365,0.2774450999868811,21.0,1.7994654091546365,0.049999999997638156,1.5496715469625606,20.0,0.486843674741471,1.9,0.5383987914084911,21.0,10.767975828169822,1.9047619047619047,1,False,2,0.0,True,False,0.9447193398061842,False,False,True
baseline,24.0,5,98.49999999999868,6,0.6999999999999602,0.6999999999999602,2.3999999999991815,1.109601218638672,False,False,1.1578447498838316,0.1066173887070548,24.0,1.8950648702711288,0.3499999999978485,1.8950301552282227,23.0,0.5176880707822704,1.9130434782608696,0.5176975543060758,23.0,10.353951086121516,1.9130434782608696,0,False,2,-1.0,False,True,0.9906020912780901,True,False,False
baseline,24.0,5,99.19999999999864,17,0.8999999999998352,0.8999999999998352,0.6999999999999602,1.7796572353784652,False,False,1.8605507460774864,0.2052242654869479,23.0,1.850474441141212,0.04999999999786553,1.7070958930050235,22.0,0.4875454469488991,1.9090909090909092,0.5055162530386879,23.0,10.110325060773757,1.9130434782608696,1,False,2,0.0,True,False,0.9672934578692699,False,False,True
baseline,24.0,5,100.09999999999847,12,1.5,6.400000000000205,0.8999999999998352,1.4309095422207785,False,True,1.4990480918503393,0.1666788718637365,22.0,1.8807017530704777,0.299999999997965,1.8807017530704777,21.0,0.5627046486704437,1.9047619047619047,0.5627046486704437,21.0,11.254092973408873,1.9047619047619047,1,False,2,-1.0,False,False,0.9873684203620009,True,False,False
baseline,24.0,5,108.49999999999812,10,0.6,0.19999999999986073,0.3999999999996504,1.2119255687508028,True,False,1.2646179847834464,0.180712255271887,24.0,2.8915953297119423,0.49999999999783995,2.3805343017875003,23.0,0.6503190499229667,1.9130434782608696,0.8258376949979631,22.0,16.516753899959262,1.9090909090909092,2,False,3,-2.0,True,False,1.5146451727062555,False,True,False
baseline,24.0,5,108.69999999999798,11,1.5,3.9999999999999005,0.19999999999986073,1.1953068406901328,False,True,1.2472767033288343,0.1701432002886007,24.0,2.8915953297119423,0.2999999999979792,2.3805343017875003,23.0,0.6503190499229667,1.9130434782608696,0.8258376949979631,22.0,16.516753899959262,1.9090909090909092,2,False,3,-2.0,True,False,1.5146451727062555,False,True,False
baseline,24.0,5,112.69999999999789,13,1.5,3.8000000000002387,3.9999999999999005,1.3689977122052512,False,True,1.4341880794531203,0.1668395977152146,22.0,2.408342287692622,0.2999999999978371,2.408342287692622,21.0,0.7205743274614074,1.9047619047619047,0.7205743274614074,21.0,14.411486549228147,1.9047619047619047,0,False,2,-1.0,False,True,1.2643797010386266,False,True,False
baseline,24.0,5,117.79999999999758,8,1.5,2.900000000000304,1.0999999999995964,1.2664410233003636,False,True,1.3240065243594712,0.1639808518364117,23.0,2.116366846966597,0.29999999999786553,2.116366846966597,22.0,0.6044329580664778,1.9090909090909092,0.6044329580664778,22.0,12.088659161329556,1.9090909090909092,0,False,2,-1.0,False,True,1.1085731103158365,False,True,False
baseline,24.0,5,123.89999999999712,22,0.6,0.09999999999999432,3.1999999999992355,1.1177636874322487,True,False,1.1685711277700783,0.0969113787515574,23.0,2.082184637395505,0.3999999999979593,1.8499390171394023,22.0,0.5283413478031154,1.9090909090909092,0.6229881866913569,21.0,12.459763733827138,1.9047619047619047,1,False,3,-2.0,True,False,1.0931469346326401,False,True,False
baseline,24.0,5,123.99999999999712,5,1.2000000000000455,1.2000000000000455,0.09999999999999432,1.1168692251610473,False,False,1.167636008122913,0.0951028734616461,23.0,2.082184637395505,0.299999999997965,1.8499390171394023,22.0,0.5283413478031154,1.9090909090909092,0.6229881866913569,21.0,12.459763733827138,1.9047619047619047,1,False,3,-2.0,True,False,1.0931469346326401,False,True,False
baseline,24.0,5,125.19999999999716,3,0.6000000000004206,0.6000000000004206,1.2000000000000455,1.8034902172763398,False,False,1.893664728140157,0.2560058205978329,21.0,2.015134278535841,0.5999999999978343,1.9587725050932063,20.0,0.6153665312054493,1.9,0.6330731045445166,20.0,12.661462090890332,1.9,0,True,2,-1.0,False,True,1.0605969887030742,False,True,False
baseline,24.0,5,129.39999999999694,14,1.5,2.500000000000199,3.599999999999355,1.3377880421645536,False,True,1.4046774442727812,0.1951156192823807,21.0,1.617255710463472,0.29999999999830607,1.616855187804048,20.0,0.5079500379923743,1.9,0.5080758658968185,20.0,10.16151731793637,1.9,0,False,2,-1.0,False,True,0.8511872160334063,False,False,True
baseline,24.0,5,132.8999999999972,8,0.6,0.2999999999993008,0.900000000000091,1.2670372447381575,True,False,1.3273723516304508,0.2068150242126857,22.0,2.239904786034547,0.5499999999989029,1.9545073815306315,21.0,0.5847872410670147,1.9047619047619047,0.6701779448139762,21.0,13.403558896279524,1.9047619047619047,3,True,2,-1.0,False,False,1.1759500126681373,False,True,False
baseline,24.0,5,133.1999999999965,24,1.5,2.800000000000523,0.2999999999993008,1.8605442702615977,False,True,1.9535714837746776,0.2730303653497499,21.0,2.239904786034547,0.2499999999996021,,,,,0.6701779448139762,21.0,13.403558896279524,1.9047619047619047,2,False,2,0.0,True,False,1.1759500126681373,False,True,False
baseline,24.0,5,135.99999999999702,10,1.3999999999999204,1.3999999999999204,2.7999999999998693,1.2167975381855944,False,False,1.2776374150948742,0.13384455967167,21.0,2.076354295873562,0.3499999999997385,2.0752590051477675,20.0,0.6519618444868289,1.9,0.6523059402165989,20.0,13.046118804331979,1.9,0,False,2,-1.0,False,True,1.0928180504597695,False,True,False
baseline,24.0,5,146.29999999999688,10,1.5,2.9999999999993463,2.2999999999998693,1.0433078616844982,False,True,1.088669073062085,0.0853377255897338,24.0,1.6957396775551643,0.5000000000022453,1.662548038975761,23.0,0.4541781483031624,1.9130434782608696,0.4632455055137416,23.0,9.264910110274831,1.9130434782608696,0,False,2,-1.0,False,True,0.8864093769038358,False,False,True
baseline,24.0,5,149.29999999999623,18,1.5,3.299999999999386,2.9999999999993463,1.123713668997726,False,True,1.1747915630430772,0.0563763668646866,23.0,1.9157170084137656,0.2500000000035243,1.9157170084137656,22.0,0.547127498180882,1.9090909090909092,0.547127498180882,22.0,10.94254996361764,1.9090909090909092,0,False,2,-1.0,False,True,1.00347081393102,True,False,False
baseline,24.0,5,152.59999999999562,25,1.5,1.7000000000012676,3.299999999999386,1.1860516673290693,False,True,1.242530318154263,0.0876849295466267,22.0,1.775826113067894,0.25000000000488853,1.7757216432167653,21.0,0.5312946732523987,1.9047619047619047,0.5313259305587632,21.0,10.626518611175264,1.9047619047619047,0,False,2,-1.0,False,True,0.9323087093606445,False,False,True
baseline,24.0,6,20.700000000000024,19,1.5,1.8000000000000256,2.2000000000000455,1.2063352046261409,False,True,1.266651964857448,0.1564215314092721,21.0,1.6135835659783562,0.25000000000013856,1.6127251042896436,20.0,0.5066525339896177,1.9,0.5069222276830825,20.0,10.13844455366165,1.9,0,False,2,-1.0,False,True,0.8492545084096612,False,False,True
baseline,24.0,6,22.50000000000005,5,0.9999999999999112,0.9999999999999112,1.8000000000000256,1.1984822065511769,False,False,1.2615602174222913,0.0951819903875679,20.0,1.9049427008382396,0.4000000000001407,1.8975478595928024,19.0,0.6275076226875562,1.894736842105263,0.6299530520487275,19.0,12.59906104097455,1.894736842105263,0,False,2,-1.0,False,True,1.0053864254424043,True,False,False
baseline,24.0,6,24.70000000000008,18,1.5,2.9000000000000377,0.40000000000011937,1.5973981518793727,False,True,1.6734647305402952,0.2555515998104085,22.0,2.063210692493503,0.20000000000013785,2.063210692493503,21.0,0.6173111956519524,1.9047619047619047,0.6173111956519524,21.0,12.346223913039047,1.9047619047619047,1,False,2,-1.0,False,False,1.0831856135590892,False,True,False
baseline,24.0,6,27.60000000000012,15,0.6000000000000121,0.6000000000000121,2.9000000000000377,1.2718250718468445,False,False,1.3354163254391866,0.1657362208157948,21.0,2.0118023993387486,0.2000000000001414,2.0118023993387486,20.0,0.6320263638236931,1.9,0.6320263638236931,20.0,12.640527276473863,1.9,0,False,2,-1.0,False,True,1.0588433680730256,False,True,False
baseline,24.0,6,28.20000000000013,3,0.6,0.4999999999998934,0.6000000000000121,1.8973115732614474,True,False,1.997170077117313,0.2717367404868339,20.0,1.9909553843423988,1.3500311979441904e-13,1.8661211666205115,19.0,0.6171150050277276,1.894736842105263,0.6254770809075123,20.0,12.509541618150246,1.9,2,False,2,0.0,True,False,1.0478712549170521,False,True,False
baseline,24.0,6,37.50000000000025,7,1.5,2.0000000000000426,1.300000000000118,1.1126734584428746,False,True,1.1610505653316952,0.1374554769848461,24.0,1.9682003479432504,0.29999999999974136,1.9674848717374072,23.0,0.5374813929651561,1.9130434782608696,0.5376768481644687,23.0,10.753536963289374,1.9130434782608696,0,False,2,-1.0,False,True,1.0288320000612445,False,True,False
baseline,24.0,6,39.50000000000029,23,1.5,5.999999999999957,2.0000000000000426,1.4000985282009937,False,True,1.463739370391948,0.134473344091709,23.0,2.002563960598562,0.29999999999959215,2.002563960598562,22.0,0.5719309297236475,1.9090909090909092,0.5719309297236475,22.0,11.438618594472949,1.9090909090909092,0,False,2,-1.0,False,True,1.0489620745992467,False,True,False
baseline,24.0,6,50.300000000000445,9,0.6,0.4000000000000057,2.8000000000001535,1.0629454922258401,True,False,1.1091605136269636,0.062528204798878,24.0,1.8497748962529892,0.399999999998812,1.8477506239009531,23.0,0.504772155279408,1.9130434782608696,0.5053251499881055,23.0,10.10650299976211,1.9130434782608696,1,False,2,-1.0,False,False,0.9669277866776989,False,False,True
baseline,24.0,6,50.70000000000045,24,0.6,0.4000000000000057,0.4000000000000057,1.7693499007637288,True,False,1.8497748962529892,0.1880415246508325,23.0,1.8490980857469832,0.04999999999879634,1.7483904320693755,22.0,0.499339139726894,1.9090909090909092,0.505140257560841,23.0,10.10280515121682,1.9130434782608696,2,False,2,0.0,True,False,0.9665739993677412,False,False,True
baseline,24.0,6,51.100000000000456,12,1.5,3.2000000000000455,0.4000000000000057,1.655496289908193,False,True,1.7343294465704882,0.2346802997715095,22.0,1.8267707601485703,0.2999999999987608,1.8267707601485703,21.0,0.5465685333214658,1.9047619047619047,0.5465685333214658,21.0,10.931370666429316,1.9047619047619047,2,False,2,-1.0,False,False,0.9590546490779994,False,False,True
baseline,24.0,6,54.3000000000005,16,1.5,1.5999999999999162,3.2000000000000455,1.317430658547713,False,True,1.3833021914750985,0.127984347939551,21.0,1.7412774610564443,0.39999999999852776,1.7395714338597827,20.0,0.5465024837008556,1.9,0.5470384479516412,20.0,10.940768959032825,1.9,0,False,2,-1.0,False,True,0.916461821608655,False,False,True
baseline,24.0,6,55.90000000000042,8,1.5,2.400000000000027,1.5999999999999162,1.4270540842696424,False,True,1.5021621939680447,0.1475026562120144,20.0,1.9970013929036587,0.3499999999985235,1.9939988012980037,19.0,0.6594033668868065,1.894736842105263,0.6603963058057598,19.0,13.207926116115196,1.894736842105263,0,False,2,-1.0,False,True,1.0539729573658199,False,True,False
baseline,24.0,6,65.40000000000056,10,1.5,8.0,1.500000000000142,1.0828643852567796,False,True,1.1299454454853353,0.1109467147731524,24.0,1.6838268843434587,0.2999999999978513,1.6838268843434587,23.0,0.4599911451974261,1.9130434782608696,0.4599911451974261,23.0,9.199822903948522,1.9130434782608696,0,False,2,-1.0,False,True,0.8801822349977171,False,False,True
baseline,24.0,6,74.9999999999999,11,1.5,3.8000000000003524,1.5999999999993406,1.0301170258678531,False,True,1.0749047226447164,0.0889020781256891,24.0,1.5748246314880094,0.24999999999796785,1.5748246314880094,23.0,0.4302136950413029,1.9130434782608696,0.4302136950413029,23.0,8.604273900826058,1.9130434782608696,0,False,2,-1.0,False,True,0.8232037846414595,False,False,True
baseline,24.0,6,78.80000000000025,10,1.5,1.7999999999993292,3.8000000000003524,1.0857308960966754,False,True,1.135082300464706,0.0462265702092526,23.0,2.0156122218567685,0.2499999999973994,2.0156122218567685,22.0,0.5756575044246386,1.9090909090909092,0.5756575044246386,22.0,11.513150088492772,1.9090909090909092,0,False,2,-1.0,False,True,1.05579687811545,False,True,False
baseline,24.0,6,80.59999999999958,12,1.5,1.9999999999998863,1.7999999999993292,1.5265683591512167,False,True,1.59926209053937,0.1497025955467303,22.0,2.6010735233721918,0.299999999997965,2.6010735233721918,21.0,0.7782393783307615,1.9047619047619047,0.7782393783307615,21.0,15.56478756661523,1.9047619047619047,0,False,2,-1.0,False,True,1.3655635997704008,False,True,False
baseline,24.0,6,82.59999999999947,18,0.6,0.400000000000432,1.9999999999998863,1.7856083889716485,True,False,1.8748888084202309,0.2351625864893034,21.0,1.838787873282223,0.049999999997979216,1.7211479463639436,20.0,0.5407145744038124,1.9,0.550164045163184,21.0,11.00328090326368,1.9047619047619047,1,False,2,0.0,True,False,0.9653636334731671,False,False,True
baseline,24.0,6,91.59999999999908,14,1.5,3.100000000000719,0.9999999999996021,1.1746597737778564,False,True,1.2257319378551546,0.1477140358234099,24.0,1.9776897781820573,0.2999999999978371,1.9776897781820573,23.0,0.5402691894101199,1.9130434782608696,0.5402691894101199,23.0,10.805383788202398,1.9130434782608696,1,False,2,-1.0,False,False,1.0337923840497116,False,True,False
baseline,24.0,6,94.6999999999998,10,1.5,2.599999999998957,3.100000000000719,1.1702150219481509,False,True,1.223406613854885,0.0932063207005603,23.0,1.6471508519844238,0.39999999999693614,1.6419440724163514,22.0,0.4689381305007742,1.9090909090909092,0.4704251832680395,22.0,9.40850366536079,1.9090909090909092,0,False,2,-1.0,False,True,0.8627933034204124,False,False,True
baseline,24.0,6,97.29999999999876,25,0.6,0.19999999999997442,2.599999999998957,1.1949876055274329,True,False,1.2518917772192155,0.0823572363220654,22.0,1.866494591931095,0.2999999999978371,1.866494591931095,21.0,0.5584538759976958,1.9047619047619047,0.5584538759976958,21.0,11.169077519953916,1.9047619047619047,1,False,3,-1.0,True,False,0.9799096607638249,False,False,True
baseline,24.0,6,97.49999999999874,17,1.5,2.1000000000003496,0.19999999999997442,1.1965794893544552,False,True,1.2535594650380006,0.0803679160518635,22.0,1.866494591931095,0.09999999999786269,1.866494591931095,21.0,0.5584538759976958,1.9047619047619047,0.5584538759976958,21.0,11.169077519953916,1.9047619047619047,1,False,3,-1.0,True,False,0.9799096607638249,False,False,True
baseline,24.0,6,100.19999999999904,14,0.6,0.2999999999994003,0.5999999999999517,1.182943962617349,True,False,1.2420911607482163,0.1882014446420451,21.0,1.6521930418264432,0.5999999999973795,1.182840651696604,20.0,0.3716003501737415,1.9,0.5463702655278029,19.0,10.927405310556058,1.894736842105263,2,True,3,-2.0,True,False,0.8719907720750673,False,False,True
baseline,24.0,6,100.49999999999844,5,1.5,2.200000000001367,0.2999999999994003,1.1236986191117737,False,True,1.182840651696604,0.10883596809874,20.0,1.6538433187509878,0.3999999999979593,1.6484061523655205,19.0,0.5451179640424986,1.894736842105263,0.5469160021449122,19.0,10.938320042898244,1.894736842105263,2,False,2,-1.0,False,False,0.8728617515630214,False,False,True
baseline,24.0,6,105.29999999999828,6,0.6,0.19999999999988916,2.5999999999984738,1.107036004491499,True,False,1.1653010573594726,0.1272986887601217,20.0,2.3490609819675115,0.29999999999786553,,,,,0.7028374022651009,21.0,14.056748045302019,1.9047619047619047,3,False,2,1.0,True,False,1.2332570155329436,False,True,False
baseline,24.0,6,105.49999999999817,24,1.1999999999999176,1.1999999999999176,0.199999999999406,1.153884066529884,False,False,1.211578269856378,0.1915789915264234,21.0,2.3490609819675115,0.09999999999797637,2.2218965133137343,20.0,0.6980293763263203,1.9,0.7028374022651009,21.0,14.056748045302019,1.9047619047619047,3,False,2,0.0,True,False,1.2332570155329436,False,True,False
baseline,24.0,6,106.69999999999808,7,1.5,1.5000000000009521,1.1999999999993491,1.8640859244130514,False,True,1.962195709908475,0.2752269411105167,20.0,2.770280650182416,0.2999999999979792,2.770280650182416,19.0,0.9161150883152668,1.894736842105263,0.9161150883152668,19.0,18.322301766305337,1.894736842105263,0,False,2,-1.0,False,True,1.4620925653740529,False,True,False
baseline,24.0,6,115.19999999999776,20,1.5,5.500000000001023,0.49999999999967315,1.230652951032935,False,True,1.284159601077845,0.2144298185825869,24.0,2.184226187934099,0.24999999999782574,2.184226187934099,23.0,0.596691212677583,1.9130434782608696,0.596691212677583,23.0,11.93382425355166,1.9130434782608696,1,False,2,-1.0,False,False,1.141754598238279,False,True,False
baseline,24.0,6,120.69999999999878,10,1.5,2.499999999998977,5.500000000001023,1.1434775662550394,False,True,1.1954538192666322,0.1039085953164988,23.0,1.7574071601909027,0.3999999999964814,1.7565232695280957,22.0,0.5016618726735445,1.9090909090909092,0.501914311256531,22.0,10.03828622513062,1.9090909090909092,0,False,2,-1.0,False,True,0.9205466077190443,False,False,True
baseline,24.0,6,124.69999999999708,19,1.5,2.599999999999838,1.4999999999993179,1.1176598850021457,False,True,1.1684626070476978,0.1037169968595042,23.0,1.6335885814354925,0.4499999999979707,1.625688563491762,22.0,0.4642955680082421,1.9090909090909092,0.4665518078569013,22.0,9.331036157138026,1.9090909090909092,0,False,2,-1.0,False,True,0.8556892569424007,False,False,True
baseline,24.0,6,127.29999999999691,2,1.4000000000018815,1.4000000000018815,2.599999999999838,1.12024062102506,False,False,1.1735854125024436,0.0723706854764328,22.0,1.8121336307938376,0.299999999997965,1.812021619661403,21.0,0.5421556008070612,1.9047619047619047,0.5421891144595161,21.0,10.843782289190322,1.9047619047619047,0,False,2,-1.0,False,True,0.9513701561667648,False,False,True
baseline,24.0,6,129.29999999999683,9,1.5,2.000000000000341,0.5999999999980332,1.356573504006136,False,True,1.4211722422921425,0.1811725566239367,22.0,1.4143041647660972,0.3499999999984027,1.4136378479076237,21.0,0.4229594550307691,1.9047619047619047,0.4231588165686304,21.0,8.463176331372608,1.9047619047619047,1,False,2,-1.0,False,False,0.7425096865022011,False,False,True
baseline,24.0,6,131.29999999999717,24,1.3999999999999204,1.3999999999999204,2.000000000000341,1.0785371859760877,False,False,1.1324640452748922,0.073866219351397,21.0,2.071958009910837,0.24999999999849365,2.071958009910837,20.0,0.6509248062482413,1.9,0.6509248062482413,20.0,13.018496124964827,1.9,0,False,2,-1.0,False,True,1.0905042157425457,False,True,False
baseline,24.0,6,133.49999999999852,10,1.1999999999984539,1.1999999999984539,0.8000000000014325,1.4948516066722244,False,False,1.5695941870058356,0.2112391913257483,21.0,1.8186290960332991,0.249999999997641,1.8186290960332991,20.0,0.5713391807702859,1.9,0.5713391807702859,20.0,11.426783615405718,1.9,1,False,2,-1.0,False,False,0.9571732084385786,False,False,True
baseline,24.0,6,134.69999999999698,18,0.6,0.5999999999999375,1.1999999999984539,1.5718223241233145,True,False,1.6545498148666469,0.2203252655149122,20.0,1.6385330166363172,0.04999999999941451,1.492874832336389,19.0,0.4936846953681151,1.894736842105263,0.5147603287728977,20.0,10.295206575457954,1.9,2,False,2,0.0,True,False,0.8623857982296407,False,False,True
baseline,24.0,6,135.2999999999969,7,0.6,0.49999999999965894,0.5999999999999375,1.3345545784315207,True,False,1.408696499455494,0.1850420905682822,19.0,2.023549791904117,0.5999999999997385,,,,,0.6691757010967505,19.0,13.38351402193501,1.894736842105263,3,True,2,0.0,True,False,1.0679846123938397,False,True,False
baseline,24.0,6,135.79999999999657,21,1.1000000000003922,1.1000000000003922,0.4999999999996305,1.9123377581930088,False,False,2.018578744759287,0.3208988562933644,19.0,2.023549791904117,0.10000000000007958,1.9140524908018608,18.0,0.668130360409819,1.8888888888888888,0.6691757010967505,19.0,13.38351402193501,1.894736842105263,2,False,2,0.0,True,False,1.0679846123938397,False,True,False
baseline,24.0,6,136.89999999999696,6,0.6,0.3999999999998636,1.1000000000003922,1.6345083126923028,True,False,1.7306558604977322,0.2605524455863513,18.0,2.066352903909558,0.5500000000000398,1.9171113908393145,17.0,0.7085627131263648,1.8823529411764706,0.7212932336273559,18.0,14.425864672547117,1.8888888888888888,1,True,2,0.0,True,False,1.0939515373638837,False,True,False
baseline,24.0,6,138.6999999999963,3,0.6,0.20000000000044338,1.3999999999994657,1.7443170490457254,True,False,1.8469239342837092,0.2562399761876994,18.0,1.815913285605832,9.947598300641403e-13,1.7782775435104548,17.0,0.6572498431454292,1.8823529411764706,0.6338733152905984,18.0,12.677466305811969,1.8888888888888888,1,False,3,0.0,True,False,0.9613658570854405,False,False,True
baseline,24.0,6,138.89999999999674,11,0.6,0.400000000000432,0.20000000000044338,1.678309840242922,True,False,1.7770339484925055,0.2350816534880654,18.0,1.8566879190611865,0.4500000000006992,1.7782775435104548,17.0,0.6572498431454292,1.8823529411764706,0.6862302501801816,17.0,13.724605003603632,1.8823529411764706,2,False,3,-1.0,True,False,0.9863654570012553,True,False,False
baseline,24.0,6,145.19999999999683,18,1.49999999999946,1.49999999999946,0.29999999999986926,1.291758218829318,False,False,1.3532705149640474,0.2167089044074578,22.0,1.8534954691525276,0.4000000000020236,1.8395187769074344,21.0,0.5503827310164646,1.9047619047619047,0.5545645475572902,21.0,11.091290951145805,1.9047619047619047,1,False,2,-1.0,False,False,0.9730851213050771,False,False,True
baseline,24.0,6,148.79999999999615,12,1.5,1.8999999999999204,1.8999999999994088,1.3058883386852906,False,True,1.365246899534622,0.1761814499954747,23.0,1.947262049492345,0.25000000000349587,1.947262049492345,21.0,0.5826194427904148,1.9047619047619047,0.5826194427904148,21.0,11.652388855808296,1.9047619047619047,1,False,2,-2.0,True,False,1.0223125759834812,False,True,False
baseline,24.0,6,148.79999999999674,14,1.5,1.8999999999993236,1.9000000000000057,1.3058883386852906,False,True,1.365246899534622,0.1761814499954747,23.0,1.947262049492345,0.250000000002899,1.947262049492345,21.0,0.5826194427904148,1.9047619047619047,0.5826194427904148,21.0,11.652388855808296,1.9047619047619047,1,False,2,-2.0,True,False,1.0223125759834812,False,True,False
baseline,24.0,6,150.69999999999607,3,1.5,2.5000000000007674,1.8999999999993236,1.36569294758845,False,True,1.4339775949678724,0.1834432111446497,21.0,1.6020810609592468,0.2000000000039961,1.6020810609592468,20.0,0.5033086091564911,1.9,0.5033086091564911,20.0,10.066172183129822,1.9,0,False,2,-1.0,False,True,0.8432005583996036,False,False,True
baseline,24.0,7,22.80000000000005,22,0.6,0.5000000000000107,7.000000000000062,1.0053476833578008,True,False,1.0490584521994444,0.029222290829281,24.0,1.8965467380568657,0.25000000000014566,1.896489718595676,23.0,0.5180867971781522,1.9130434782608696,0.5181023738668813,23.0,10.362047477337626,1.9130434782608696,1,False,2,-1.0,False,False,0.9913767039842707,True,False,False
baseline,24.0,7,23.30000000000006,4,1.5,1.7000000000000242,0.5000000000000107,1.8032586072833579,False,True,1.8852249076144196,0.1904591771490473,23.0,1.8791899896426851,1.3855583347321954e-13,1.8380696085727397,22.0,0.5249514526435259,1.9090909090909092,0.5133608231444295,23.0,10.267216462888591,1.9130434782608696,1,False,2,0.0,True,False,0.9823038582223127,True,False,False
baseline,24.0,7,25.000000000000085,6,1.5,2.5000000000000355,1.7000000000000242,1.403418278525047,False,True,1.4702477203595732,0.1455929548171798,22.0,2.054340636539705,0.5000000000001421,2.014127512563852,21.0,0.6026255425584459,1.9047619047619047,0.6146572811165827,21.0,12.293145622331654,1.9047619047619047,0,False,2,-1.0,False,True,1.078528834183345,False,True,False
baseline,24.0,7,27.50000000000012,21,1.1000000000000156,1.1000000000000156,2.5000000000000355,1.4114745325734392,False,False,1.4820482592021111,0.1586986404404813,21.0,1.9487817971444528,0.20000000000013785,1.9487817971444528,20.0,0.6122278577358529,1.9,0.6122278577358529,20.0,12.244557154717057,1.9,0,False,2,-1.0,False,True,1.0256746300760278,False,True,False
baseline,24.0,7,28.600000000000136,25,0.6,0.30000000000000426,1.1000000000000156,1.7153701442406988,True,False,1.8056527834112617,0.2286019185525234,20.0,1.9655551773722455,0.35000000000014353,1.9642532549679756,19.0,0.6495666942733926,1.894736842105263,0.6499972321534768,19.0,12.999944643069536,1.894736842105263,1,False,3,-1.0,True,False,1.0373763436131296,False,True,False
baseline,24.0,7,28.90000000000014,16,1.5,1.8999999999999098,0.30000000000000426,1.8619707307386641,False,True,1.9654135491130345,0.3035241144246926,19.0,1.9655551773722455,0.050000000000139266,1.855289802003864,18.0,0.6476183124728223,1.8888888888888888,0.6499972321534768,19.0,12.999944643069536,1.894736842105263,1,False,2,0.0,True,False,1.0373763436131296,False,True,False
baseline,24.0,7,31.500000000000178,9,0.6,0.10000000000000142,0.20000000000011653,1.4171626861865594,True,False,1.491750195985852,0.3048989941862385,20.0,1.8830200216613109,0.20000000000013785,1.8830200216613109,19.0,0.6227033543803859,1.894736842105263,0.6227033543803859,19.0,12.454067087607719,1.894736842105263,3,False,3,-1.0,True,False,0.9938161225434697,True,False,False
baseline,24.0,7,31.60000000000018,11,1.3999999999999062,1.3999999999999062,0.10000000000000142,1.4068719547022124,False,False,1.4809178470549604,0.2971493923567417,20.0,1.8830200216613109,0.10000000000013642,1.8830200216613109,19.0,0.6227033543803859,1.894736842105263,0.6227033543803859,19.0,12.454067087607719,1.894736842105263,3,False,3,-1.0,True,False,0.9938161225434697,True,False,False
baseline,24.0,7,38.80000000000028,2,0.6999999999998963,0.6999999999998963,1.9000000000001407,1.2722067947730271,False,False,1.3327880707145998,0.1702462316170934,22.0,1.585466940191568,0.44999999999962625,1.580429544415788,21.0,0.4728634139288479,1.9047619047619047,0.4743705992205065,21.0,9.48741198441013,1.9047619047619047,0,False,2,-1.0,False,True,0.8323701436005733,False,False,True
baseline,24.0,7,44.00000000000036,17,1.5,2.799999999999919,4.400000000000183,1.1256480630066745,False,True,1.1768138840524325,0.0806355145810088,23.0,1.9111973703815823,0.34999999999925535,1.910925615678852,22.0,0.5457590796157485,1.9090909090909092,0.5458366925773555,22.0,10.916733851547109,1.9090909090909092,0,False,2,-1.0,False,True,1.0011033844855908,True,False,False
baseline,24.0,7,48.200000000000415,19,1.5,1.6000000000000227,1.4000000000001336,1.1768239560290374,False,True,1.2303159540303574,0.1275198889180705,23.0,2.2337448674028924,0.29999999999896687,2.2337448674028924,22.0,0.6379560423115302,1.9090909090909092,0.6379560423115302,22.0,12.759120846230605,1.9090909090909092,0,False,2,-1.0,False,True,1.1700568353062768,False,True,False
baseline,24.0,7,49.80000000000044,8,0.6,0.09999999999988773,1.6000000000000227,1.7607232262506107,True,False,1.8445671894054017,0.2171659488978577,22.0,1.8130856804821425,0.049999999998867395,1.7777259699555477,21.0,0.5318943664102989,1.9047619047619047,0.5178160594665044,22.0,10.356321189330089,1.9090909090909092,1,False,3,0.0,True,False,0.9497115469192174,False,False,True
baseline,24.0,7,49.900000000000325,6,1.4000000000001336,1.4000000000001336,0.09999999999988773,1.6990112329420144,False,False,1.7799165297487771,0.2085544206990011,22.0,1.7777259699555477,0.19999999999896545,1.7777259699555477,21.0,0.5318943664102989,1.9047619047619047,0.5318943664102989,21.0,10.637887328205977,1.9047619047619047,1,False,3,-1.0,True,False,0.9333061342266625,False,False,True
baseline,24.0,7,51.30000000000046,15,0.6999999999999034,0.6999999999999034,1.4000000000001336,1.5223287038875153,False,False,1.6024512672500162,0.2450682613540165,20.0,1.9226629393628305,0.4499999999987381,1.9178664792072293,19.0,0.6342268675414267,1.894736842105263,0.6358130279612237,19.0,12.716260559224475,1.894736842105263,0,False,2,-1.0,False,True,1.014738773552605,True,False,False
baseline,24.0,7,52.70000000000051,14,0.6999999999998678,0.6999999999998678,0.700000000000145,1.718292038134532,False,False,1.808728461194244,0.26447196171089,20.0,2.6336402061495323,0.24999999999862155,2.6336402061495323,19.0,0.8709289182987452,1.894736842105263,0.8709289182987452,19.0,17.418578365974902,1.894736842105263,1,False,2,-1.0,False,False,1.3899767754678087,False,True,False
baseline,24.0,7,53.400000000000375,9,0.6,0.30000000000011795,0.6999999999998678,2.3221421884491473,True,False,2.451150087807433,0.3686362710759894,19.0,2.9799491533831,0.599999999998694,2.1561201190633845,18.0,0.7526279029229643,1.8888888888888888,1.1013866315693497,17.0,22.027732631386993,1.8823529411764706,2,True,3,-2.0,True,False,1.583097987734772,False,True,False
baseline,24.0,7,53.70000000000049,7,1.5,2.499999999999922,0.30000000000011795,2.0363356680043077,False,True,2.1561201190633845,0.4168042341773635,18.0,2.9799491533831,0.2999999999985761,2.9799491533831,17.0,1.1013866315693497,1.8823529411764706,1.1013866315693497,17.0,22.027732631386993,1.8823529411764706,2,False,2,-1.0,False,False,1.583097987734772,False,True,False
baseline,24.0,7,63.30000000000052,19,0.7000000000000028,0.7000000000000028,1.6000000000000298,1.3162622367759125,False,False,1.373491029679213,0.1886680219446642,24.0,1.998671949557265,0.29999999999800053,1.998671949557265,23.0,0.5460011403187037,1.9130434782608696,0.5460011403187037,23.0,10.920022806374075,1.9130434782608696,0,False,2,-1.0,False,True,1.0447603372685703,False,True,False
baseline,24.0,7,64.00000000000053,11,0.6,0.5999999999999659,0.7000000000000028,1.8512920802942234,True,False,1.935441720307597,0.2504852863543768,23.0,2.1488790624374468,0.299999999997965,2.1488790624374468,22.0,0.6137184250914913,1.9090909090909092,0.6137184250914913,22.0,12.274368501829827,1.9090909090909092,2,False,2,-1.0,False,False,1.1256033184196148,False,True,False
baseline,24.0,7,64.60000000000049,21,1.5,3.3999999999998067,0.5999999999999659,1.9647331994318156,False,True,2.058291923214283,0.2948456721471919,22.0,2.042595214947051,0.049999999997979216,1.992567820875872,21.0,0.5961748978898154,1.9047619047619047,0.5833638292304837,22.0,11.667276584609674,1.9090909090909092,1,False,2,0.0,True,False,1.0699308268770267,False,True,False
baseline,24.0,7,68.0000000000003,2,0.6,0.5,3.3999999999998067,1.2667344017986513,True,False,1.3300711218885837,0.1560298215908635,21.0,1.7734996460380092,0.299999999997965,1.7734996460380092,20.0,0.5571613459137108,1.9,0.5571613459137108,20.0,11.143226918274216,1.9,1,False,2,-1.0,False,False,0.9334208663357944,False,False,True
baseline,24.0,7,68.5000000000003,14,0.6,0.1999999999999602,0.5,1.6777066232073619,True,False,1.766006971797223,0.2236671263881109,20.0,2.138412320086359,0.44999999999792806,1.806899728782156,19.0,0.5975308330226747,1.894736842105263,0.7464467150143568,18.0,14.928934300287136,1.8888888888888888,2,False,3,-2.0,True,False,1.1321006400457194,False,True,False
baseline,24.0,7,68.70000000000026,22,1.5,2.6000000000002643,0.1999999999999602,1.6489259387082043,False,True,1.7357115144296886,0.2152812807731761,20.0,2.138412320086359,0.24999999999796785,1.806899728782156,19.0,0.5975308330226747,1.894736842105263,0.7464467150143568,18.0,14.928934300287136,1.8888888888888888,2,False,3,-2.0,True,False,1.1321006400457194,False,True,False
baseline,24.0,7,73.70000000000009,18,1.5,2.3000000000002103,1.0999999999995964,1.4076819223575403,False,True,1.4780660184754173,0.2254868621311139,21.0,1.9874067533363171,0.5499999999978371,1.9661076844959329,20.0,0.6176709457778862,1.9,0.6243622455976117,20.0,12.487244911952233,1.9,0,False,2,-1.0,False,True,1.0460035543875355,False,True,False
baseline,24.0,7,82.79999999999946,7,0.7999999999998408,0.7999999999998408,1.099999999999369,1.0721717185410373,False,False,1.1187878802167346,0.1110750672878062,24.0,1.9801900007277704,0.299999999997965,1.9801900007277704,23.0,0.5409522051302895,1.9130434782608696,0.5409522051302895,23.0,10.81904410260579,1.9130434782608696,0,False,2,-1.0,False,True,1.0350993185622437,False,True,False
baseline,24.0,7,83.5999999999993,6,1.5,7.200000000000102,0.7999999999998408,1.830142646864615,False,True,1.9133309489948247,0.2087418172284975,23.0,2.0127362636183843,0.699999999998056,1.984381598004516,22.0,0.5667380591099782,1.9090909090909092,0.5748361326724805,22.0,11.49672265344961,1.9090909090909092,1,False,2,-1.0,False,False,1.054290423800106,False,True,False
baseline,24.0,7,90.7999999999994,19,0.7999999999998977,0.7999999999998977,7.200000000000102,1.17798855388299,False,False,1.2340832469250371,0.1232277709917735,22.0,1.7620717934574517,0.2999999999975529,,,,,0.5032465274021565,22.0,10.06493054804313,1.9090909090909092,1,False,2,0.0,True,False,0.9229899870491414,False,False,True
baseline,24.0,7,96.19999999999926,18,1.1999999999993776,1.1999999999993776,4.599999999999966,1.0629581815825662,False,False,1.111274462563592,0.0775069514219247,23.0,2.0758890779852783,0.2499999999973994,2.0758890779852783,22.0,0.5928725342787127,1.9090909090909092,0.5928725342787127,22.0,11.857450685574253,1.9090909090909092,0,False,2,-1.0,False,True,1.0873704694208601,False,True,False
baseline,24.0,7,97.39999999999864,16,0.800000000000054,0.800000000000054,1.1999999999993776,1.8048530913048708,False,False,1.890798476605103,0.2075385045717782,22.0,2.0863285352813365,0.6499999999979167,2.0515378482723654,21.0,0.6138186888279882,1.9047619047619047,0.6242280380394858,21.0,12.484560760789716,1.9047619047619047,0,False,2,-1.0,False,True,1.0953224810227018,False,True,False
baseline,24.0,7,98.1999999999987,3,0.6000000000007049,0.6000000000007049,0.800000000000054,1.9834479884345722,False,False,2.0826203878563008,0.2871801803069362,21.0,2.079064643555654,0.04999999999786553,1.9487087757782997,20.0,0.6122049173971065,1.9,0.6220546867174024,21.0,12.441093734348048,1.9047619047619047,1,False,2,0.0,True,False,1.0915089378667184,False,True,False
baseline,24.0,7,100.19999999999858,13,1.5,3.4999999999997016,1.3999999999991815,1.448664725001948,False,True,1.5210979612520454,0.1800488982807016,21.0,1.8659179924746945,0.5499999999978371,1.852401400181322,20.0,0.5819490630309088,1.9,0.5861954257359514,20.0,11.723908514719028,1.9,0,False,2,-1.0,False,True,0.9820621013024708,True,False,False
baseline,24.0,7,103.69999999999828,15,0.6,0.30000000000011084,3.4999999999997016,1.2618192891153146,True,False,1.3282308306476995,0.1319497379846494,20.0,2.2967149330333285,0.2999999999979508,2.2967149330333285,19.0,0.7595097643165767,1.894736842105263,0.7595097643165767,19.0,15.190195286331534,1.894736842105263,2,False,3,-1.0,True,False,1.212155103545368,False,True,False
baseline,24.0,7,103.9999999999984,24,0.6,0.2000000000008697,0.30000000000011084,2.175835199715785,True,False,2.2967149330333285,0.3206968591045459,19.0,2.295897163334275,0.04999999999785132,2.16327159156502,18.0,0.7551242377533516,1.8888888888888888,0.7592393328135372,19.0,15.184786656270743,1.894736842105263,2,False,2,0.0,True,False,1.2117235028708675,False,True,False
baseline,24.0,7,104.79999999999924,18,0.6,0.5999999999993975,0.5999999999999801,2.047935324419131,True,False,2.1617095091090825,0.3948084541987878,19.0,2.145655322450656,0.049999999996956035,1.948887539478444,18.0,0.6802900862997965,1.8888888888888888,0.709555262962823,19.0,14.19110525925646,1.894736842105263,3,False,2,0.0,True,False,1.1324291979600685,False,True,False
baseline,24.0,7,105.49999999999817,25,0.7000000000005286,0.7000000000005286,0.09999999999952536,1.5340836512231675,False,False,1.6193105207355658,0.2660736092130777,19.0,2.472970896142591,0.2999999999979508,2.472970896142591,18.0,0.863229688873659,1.8888888888888888,0.863229688873659,18.0,17.26459377747318,1.8888888888888888,2,False,2,-1.0,False,False,1.3092198861931363,False,True,False
baseline,24.0,7,110.79999999999832,16,0.899999999999963,0.899999999999963,2.5999999999997385,1.2640664514017805,False,False,1.3305962646334533,0.1644586967769596,20.0,1.8406763772619383,0.29999999999752447,1.8406763772619383,19.0,0.6087005667834084,1.894736842105263,0.6087005667834084,19.0,12.174011335668169,1.894736842105263,0,False,2,-1.0,False,True,0.9714680879993564,False,False,True
baseline,24.0,7,112.09999999999827,14,0.7000000000009692,0.7000000000009692,0.09999999999988063,1.2697195880419327,False,False,1.3332055674440295,0.2111989696686793,21.0,1.7402347077523042,0.4499999999974875,1.731884325960407,20.0,0.5440875075304525,1.9,0.546710857339662,20.0,10.93421714679324,1.9,2,False,2,-1.0,False,False,0.9159130040801601,False,False,True
baseline,24.0,7,116.49999999999902,18,1.5,2.299999999999301,3.0000000000008527,1.162445789827187,False,True,1.217800351247529,0.1190199680008144,22.0,1.9922524313074776,0.3999999999964814,1.991228679721228,21.0,0.5957742277932869,1.9047619047619047,0.5960805335516168,21.0,11.921610671032337,1.9047619047619047,0,False,2,-1.0,False,True,1.0459325264364259,False,True,False
baseline,24.0,7,130.99999999999758,19,0.9999999999994316,0.9999999999994316,6.499999999998565,1.0277625178391123,False,False,1.0724478447016823,0.0579451534163773,24.0,1.7329312220167126,0.29999999999802185,1.7327209055250163,23.0,0.47334811021903,1.9130434782608696,0.4734055648925293,23.0,9.468111297850585,1.9130434782608696,0,False,2,-1.0,False,True,0.9058504115087361,False,False,True
baseline,24.0,7,131.99999999999702,6,1.5,5.799999999999784,0.9999999999994316,1.545821571308705,False,True,1.6160861881863733,0.1372043924574217,23.0,1.930561532447982,0.2499999999988063,1.930561532447982,22.0,0.5513670843310576,1.9090909090909092,0.5513670843310576,22.0,11.027341686621153,1.9090909090909092,1,False,2,-1.0,False,False,1.0112465169965619,True,False,False
baseline,24.0,7,137.7999999999968,2,1.2000000000007844,1.2000000000007844,5.799999999999784,1.0935893019737208,False,False,1.1456649830200885,0.0668745870409068,22.0,2.0216166455765787,0.25000000000034106,2.0216166455765787,21.0,0.604866285916021,1.9047619047619047,0.604866285916021,21.0,12.09732571832042,1.9047619047619047,0,False,2,-1.0,False,True,1.0613487389277039,False,True,False
baseline,24.0,7,140.79999999999615,17,1.4000000000000625,1.4000000000000625,0.7999999999991303,1.33576647357033,False,False,1.3964831314598904,0.1983729425645919,23.0,1.5045592006240036,0.45000000000172236,1.498462795191565,22.0,0.4279599735501316,1.9090909090909092,0.4297011028701183,22.0,8.594022057402366,1.9090909090909092,1,False,2,-1.0,False,False,0.7881024384220972,False,False,True
baseline,24.0,7,142.1999999999962,23,1.5,2.00000000000108,1.4000000000000625,1.2770711528744783,False,True,1.33788406491612,0.1295291240257967,22.0,2.078203355427384,0.3500000000019554,2.072678438421167,21.0,0.6201439386093242,1.9047619047619047,0.6217969899120313,21.0,12.435939798240625,1.9047619047619047,0,False,2,-1.0,False,True,1.0910567615993767,False,True,False
baseline,24.0,7,144.1999999999973,19,1.5,1.5999999999995111,2.00000000000108,1.5514021334413326,False,True,1.6289722401133993,0.1691616015749115,21.0,1.8039965011199548,0.2500000000013074,1.8039965011199548,20.0,0.5667422155020141,1.9,0.5667422155020141,20.0,11.334844310040282,1.9,0,False,2,-1.0,False,True,0.9494718426947131,False,False,True
baseline,24.0,7,146.09999999999587,8,1.5,2.700000000000273,0.29999999999907345,1.3842680451886489,False,True,1.4534814474480813,0.2050699573744648,21.0,1.7345881032811108,0.3000000000031662,1.7339705546691055,20.0,0.544742915608948,1.9,0.5449369242272191,20.0,10.898738484544381,1.9,1,False,2,-1.0,False,False,0.9129411069900584,False,False,True
baseline,24.0,7,150.1999999999962,13,1.5,2.00000000000108,1.4000000000000625,1.162475943119258,False,True,1.220599740275221,0.1339752493023424,21.0,2.00477196342212,0.30000000000376303,,,,,0.5998263688009255,21.0,11.996527376018511,1.9047619047619047,0,False,2,0.0,True,True,1.052505280796613,False,True,False
baseline,24.0,7,153.2999999999974,18,0.7999999999984766,0.7999999999984766,1.100000000000108,1.3549402891190054,False,False,1.4194612552675296,0.1902941635286608,22.0,1.585020090524209,0.2500000000032969,1.585020090524209,21.0,0.4742369021126746,1.9047619047619047,0.4742369021126746,21.0,9.484738042253491,1.9047619047619047,0,False,2,-1.0,False,True,0.8321355475252097,False,False,True
baseline,48.0,0,21.200000000000053,10,1.5,1.8999999999999382,2.900000000000073,1.382020913229804,False,True,1.458799852853682,0.1819294057320055,19.0,1.8647300468575263,0.20000000000011653,1.8647300468575263,18.0,0.6509135795706396,1.8888888888888888,0.6509135795706396,18.0,13.018271591412791,1.8888888888888888,0,False,2,-1.0,False,True,0.9872100248069258,True,False,False
baseline,48.0,0,23.800000000000097,19,1.3999999999998742,1.3999999999998742,0.5000000000001066,1.2974846129299638,False,False,1.3657732767683828,0.3059296786811444,20.0,2.006243805942125,0.25000000000011013,,,,,0.6302800802057806,20.0,12.605601604115613,1.9,3,False,2,0.0,True,False,1.0559177926011185,False,True,False
baseline,48.0,0,25.40000000000012,18,0.6,0.2999999999999723,0.2000000000001485,1.6215702681584063,True,False,1.7026487815663267,0.2923751615311415,21.0,2.6415077872371278,0.450000000000113,2.6078557987176314,20.0,0.8192820618872854,1.9,0.7903372817889895,21.0,15.80674563577979,1.9047619047619047,3,False,2,0.0,True,False,1.3867915882994921,False,True,False
baseline,48.0,0,25.70000000000009,12,0.6,0.09999999999989129,0.2999999999999723,2.4616975214772645,True,False,2.591260548923436,0.4327564948839424,20.0,2.6415077872371278,0.1500000000001407,,,,,0.7903372817889895,21.0,15.80674563577979,1.9047619047619047,3,False,2,1.0,True,False,1.3867915882994921,False,True,False
baseline,48.0,0,27.60000000000012,16,0.6,0.2000000000000064,1.8000000000001357,1.6711592249376523,True,False,1.7591149736185812,0.2910998739375726,20.0,2.562919692820265,0.2500000000001421,2.562919692820265,19.0,0.8475420714426058,1.894736842105263,0.8475420714426058,19.0,16.950841428852115,1.894736842105263,1,False,3,-1.0,True,False,1.3526520600995844,False,True,False
baseline,48.0,0,27.800000000000125,23,1.3999999999999275,1.3999999999999275,0.2000000000000064,1.6064125851804492,False,False,1.6909606159794202,0.2766443423304329,20.0,2.562919692820265,0.050000000000135714,2.562919692820265,19.0,0.8475420714426058,1.894736842105263,0.8475420714426058,19.0,16.950841428852115,1.894736842105263,1,False,3,-1.0,True,False,1.3526520600995844,False,True,False
baseline,48.0,0,30.00000000000016,13,1.5,1.7999999999999368,0.8000000000001073,1.6235358328362857,False,True,1.7137322679938571,0.296612291167205,19.0,2.279758984899395,0.20000000000013074,2.279758984899395,18.0,0.7957860087683626,1.8888888888888888,0.7957860087683626,18.0,15.915720175367252,1.8888888888888888,1,False,2,-1.0,False,False,1.2069312272996797,False,True,False
baseline,48.0,0,32.100000000000186,20,0.6,0.5000000000000071,0.30000000000008953,1.7062380155245778,True,False,1.8010290163870544,0.3106117016235733,19.0,1.8010290163870544,1.2789769243681803e-13,1.750848556206805,18.0,0.611161440191955,1.8888888888888888,0.5955894238719601,19.0,11.911788477439202,1.894736842105263,2,False,2,0.0,True,False,0.9505430919820566,False,False,True
baseline,48.0,0,32.60000000000019,4,0.7999999999999261,0.7999999999999261,0.5000000000000071,1.6406823759788163,False,False,1.73719310397757,0.3186320048144584,18.0,1.7312528418316286,9.237055564881302e-14,1.592891245256951,17.0,0.5887312275372629,1.8823529411764706,0.6043212454894107,18.0,12.086424909788214,1.8888888888888888,2,False,2,0.0,True,False,0.9165456221461563,False,False,True
baseline,48.0,0,34.200000000000145,21,1.3999999999999773,1.3999999999999773,0.5000000000000497,1.4939447588588057,False,False,1.5769416899065172,0.2839492125036433,19.0,2.278137190374142,0.2500000000000355,2.278137190374142,18.0,0.7952198956832328,1.8888888888888888,0.7952198956832328,18.0,15.904397913664656,1.8888888888888888,2,False,2,-1.0,False,False,1.206072630198075,False,True,False
baseline,48.0,0,36.50000000000025,14,1.4999999999999147,1.4999999999999147,0.7000000000001236,1.4643543885992156,False,False,1.5414256722097006,0.2423927105141221,20.0,2.0563649632717773,0.2999999999997982,2.0563649632717773,19.0,0.6800274801804274,1.894736842105263,0.6800274801804274,19.0,13.600549603608547,1.894736842105263,2,False,2,-1.0,False,False,1.0853037306156603,False,True,False
baseline,48.0,0,38.1000000000002,22,1.5,1.9999999999999858,0.10000000000003695,1.669760162294137,False,True,1.7576422760990915,0.2310243300603522,20.0,1.8790537848434616,0.24999999999975842,1.8790537848434616,19.0,0.62139174380677,1.894736842105263,0.62139174380677,19.0,12.4278348761354,1.894736842105263,1,False,2,-1.0,False,False,0.9917228308896048,True,False,False
baseline,48.0,0,40.400000000000304,11,0.6,0.19999999999988916,0.30000000000011795,1.3575465175074242,True,False,1.4289963342183414,0.1955639322752583,20.0,1.916849197409988,0.5499999999995069,1.916849197409988,19.0,0.6338904585918641,1.894736842105263,0.6338904585918641,19.0,12.677809171837282,1.894736842105263,3,True,2,-1.0,False,False,1.0116704097441604,True,False,False
baseline,48.0,0,40.70000000000032,7,0.6,0.5999999999998806,0.10000000000012932,1.7730073148087897,True,False,1.8663234892724103,0.3017108652808612,20.0,1.916849197409988,0.2499999999994884,1.916849197409988,19.0,0.6338904585918641,1.894736842105263,0.6338904585918641,19.0,12.677809171837282,1.894736842105263,4,False,2,-1.0,False,False,1.0116704097441604,True,False,False
baseline,48.0,0,41.3000000000002,4,0.8999999999999488,0.8999999999999488,0.5999999999998806,1.794531706167855,False,False,1.894227912066069,0.3320932276790324,19.0,1.8901156518935809,0.04999999999958504,1.7392491876362597,18.0,0.6071124967377877,1.8888888888888888,0.6250498364656796,19.0,12.500996729313592,1.894736842105263,3,False,2,0.0,True,False,0.9975610384993899,True,False,False
baseline,48.0,0,45.70000000000029,18,0.6,0.0999999999999801,1.2000000000000384,1.192282331397844,True,False,1.255034033050362,0.1687105367539036,20.0,1.6755054189712688,0.34999999999923403,1.6739803663726325,19.0,0.5535752022368223,1.894736842105263,0.5540795279252659,19.0,11.081590558505319,1.894736842105263,2,False,3,-1.0,True,False,0.8842945266792808,False,False,True
baseline,48.0,0,45.80000000000027,14,0.6,0.2999999999999332,0.0999999999999801,1.1817995733849354,True,False,1.243999550931511,0.1639908670084065,20.0,1.6755054189712688,0.24999999999925393,1.6739803663726325,19.0,0.5535752022368223,1.894736842105263,0.5540795279252659,19.0,11.081590558505319,1.894736842105263,2,False,3,-1.0,True,False,0.8842945266792808,False,False,True
baseline,48.0,0,46.600000000000286,24,1.5,1.8000000000000185,0.5000000000000853,1.5375736085376261,False,True,1.6229943645674942,0.3040890740124394,19.0,1.6509586626484347,0.29999999999918714,1.650706864187601,18.0,0.5762053953068902,1.8888888888888888,0.5762932895507502,18.0,11.525865791015004,1.8888888888888888,3,False,2,-1.0,False,False,0.8740369390491713,False,False,True
baseline,48.0,0,53.90000000000051,2,0.6999999999997755,0.6999999999997755,0.100000000000243,1.115538096952751,False,False,1.166244374086967,0.2565531241449106,23.0,2.1310107642914877,0.29999999999854765,2.1310107642914877,22.0,0.608615251074446,1.9090909090909092,0.608615251074446,22.0,12.17230502148892,1.9090909090909092,2,False,2,-1.0,False,False,1.1162437336764934,False,True,False
baseline,48.0,0,60.80000000000048,23,1.1000000000000298,1.1000000000000298,6.200000000000195,1.0669081212465696,False,False,1.1154039449395954,0.0686440050513184,23.0,1.9963767093178548,0.2999999999981853,1.9963767093178548,22.0,0.5701638548900672,1.9090909090909092,0.5701638548900672,22.0,11.403277097801343,1.9090909090909092,0,False,2,-1.0,False,True,1.0457211334522096,False,True,False
baseline,48.0,0,66.2000000000004,12,0.7999999999999687,0.7999999999999687,4.299999999999891,1.0494895318653292,False,False,1.0971936014955714,0.0520078463626518,23.0,1.8756684461094315,0.24999999999796785,1.8756684461094315,22.0,0.5356896555334156,1.9090909090909092,0.5356896555334156,22.0,10.713793110668313,1.9090909090909092,0,False,2,-1.0,False,True,0.9824929955811308,True,False,False
baseline,48.0,0,67.00000000000037,7,1.5,1.5999999999998238,0.7999999999999687,1.73400774588112,False,True,1.8165795433040304,0.1837700286934056,22.0,1.9079308824441847,0.2999999999979508,1.9079308824441847,21.0,0.5708515851279756,1.9047619047619047,0.5708515851279756,21.0,11.417031702559512,1.9047619047619047,1,False,2,-1.0,False,False,1.0016637132831971,True,False,False
baseline,48.0,0,68.6000000000002,22,0.6,0.20000000000028706,1.5999999999998238,1.519158845214375,True,False,1.5951167874750936,0.169293397199795,21.0,2.427903984223293,0.599999999998019,2.427903984223293,20.0,0.7627485320457286,1.9,0.7627485320457286,20.0,15.254970640914571,1.9,2,True,2,-1.0,False,False,1.2778442022227858,False,True,False
baseline,48.0,0,68.90000000000036,6,0.999999999999929,0.999999999999929,0.09999999999988063,1.7858539583036661,False,False,1.8751466562188492,0.3000592548123243,21.0,2.427903984223293,0.2999999999978513,2.427903984223293,20.0,0.7627485320457286,1.9,0.7627485320457286,20.0,15.254970640914571,1.9,2,False,2,-1.0,False,False,1.2778442022227858,False,True,False
baseline,48.0,0,69.90000000000029,25,1.5,1.9999999999999005,0.999999999999929,2.0994545464024643,False,True,2.209952154107857,0.3525415986542959,20.0,2.177874715647502,0.04999999999787974,2.007028703298315,19.0,0.6637122768237722,1.894736842105263,0.6841995207117151,20.0,13.683990414234302,1.9,1,False,2,0.0,True,False,1.1462498503407905,False,True,False
baseline,48.0,0,71.90000000000019,15,0.6,0.5999999999998664,1.9999999999999005,1.3777751084920957,True,False,1.45431817007499,0.1974642910873177,19.0,1.583292724156728,0.4499999999978428,1.581109499437649,18.0,0.551911331994928,1.8888888888888888,0.5526734211881053,18.0,11.053468423762105,1.8888888888888888,1,False,2,-1.0,False,False,0.8382137951417973,False,False,True
baseline,48.0,0,72.50000000000006,2,1.5,1.700000000000344,0.5999999999998664,1.4868289800774146,False,True,1.5742895083172623,0.219799329244066,18.0,1.7622656613862469,0.2999999999979508,1.7622656613862469,17.0,0.6513318653511284,1.8823529411764706,0.6513318653511284,17.0,13.026637307022568,1.8823529411764706,1,False,2,-1.0,False,False,0.9362036326114437,False,False,True
baseline,48.0,0,75.39999999999976,4,1.2000000000004292,1.2000000000004292,0.3999999999993946,1.3933951594484624,False,False,1.4708060016400435,0.2801919848200824,19.0,2.6258968948373687,0.34999999999807585,2.625229094917036,18.0,0.91637782650906,1.8888888888888888,0.9166109326561472,18.0,18.332218653122943,1.8888888888888888,1,False,2,-1.0,False,False,1.3901807090315481,False,True,False
baseline,48.0,0,77.20000000000034,6,0.699999999999946,0.699999999999946,0.29999999999998295,2.2797339531830554,False,False,2.399719950719006,0.4273030821267229,20.0,2.3558025517451537,0.04999999999741078,2.09197221391801,19.0,0.6918025830272416,1.894736842105263,0.7400971989870664,20.0,14.801943979741328,1.9,2,False,2,0.0,True,False,1.2398960798658705,False,True,False
baseline,48.0,0,78.49999999999982,5,1.199999999999747,1.199999999999747,0.5999999999995254,1.637837917923866,False,False,1.7240399136040696,0.2438508173407247,20.0,3.019890249227786,0.2999999999978513,3.019890249227786,19.0,0.998659475960154,1.894736842105263,0.998659475960154,19.0,19.973189519203082,1.894736842105263,1,False,2,-1.0,False,False,1.5938309648702205,False,True,False
baseline,48.0,0,79.69999999999956,21,0.6,0.20000000000062812,1.199999999999747,2.4530417937854505,True,False,2.589321893440198,0.3852359882534037,19.0,2.558879974093963,0.04999999999805027,,,,,0.8462061608454352,19.0,16.924123216908704,1.894736842105263,1,False,1,0.0,True,False,1.3505199863273694,False,True,False
baseline,48.0,0,81.59999999999953,8,0.6,0.19999999999998863,1.0999999999994685,1.5688898443201542,True,False,1.651462994021215,0.2741944296098107,20.0,2.4265397578206,0.3999999999979593,2.410192734708472,19.0,0.7970361883258557,1.894736842105263,0.802442050190816,19.0,16.04884100381632,1.894736842105263,1,False,3,-1.0,True,False,1.2806737610719834,False,True,False
baseline,48.0,0,81.79999999999951,13,1.5,1.6000000000002501,0.19999999999998863,1.5016145771614844,False,True,1.5806469233278784,0.2580651018007321,20.0,2.4265397578206,0.1999999999979707,2.410192734708472,19.0,0.7970361883258557,1.894736842105263,0.802442050190816,19.0,16.04884100381632,1.894736842105263,1,False,2,-1.0,False,False,1.2806737610719834,False,True,False
baseline,48.0,0,83.49999999999989,2,1.5,1.7000000000004576,0.10000000000012221,1.9339588363697466,False,True,2.0414009939458437,0.3711916457830867,19.0,2.034254988829942,0.04999999999751026,1.8321518971818385,18.0,0.6395416600496739,1.8888888888888888,0.6727158450985824,19.0,13.454316901971648,1.894736842105263,1,False,2,0.0,True,False,1.0736345774380252,False,True,False
baseline,48.0,0,89.89999999999961,25,0.6,0.5999999999999943,0.10000000000009379,1.3200217107096968,True,False,1.3800226975601375,0.2600152197139825,23.0,2.1440665571412607,0.2999999999974108,2.1440665571412607,22.0,0.6123439767929586,1.9090909090909092,0.6123439767929586,22.0,12.246879535859172,1.9090909090909092,2,False,2,-1.0,False,False,1.1230824823120888,False,True,False
baseline,48.0,0,90.4999999999996,15,0.8999999999992383,0.8999999999992383,0.5999999999999943,2.0110975938701845,False,False,2.106864145959241,0.3169730477484512,22.0,2.11547635264841,0.3499999999973795,2.1150333547264686,21.0,0.6328164999339094,1.9047619047619047,0.6329490446022072,21.0,12.658980892044145,1.9047619047619047,3,False,2,-1.0,False,False,1.1106250851404154,False,True,False
baseline,48.0,0,91.39999999999884,24,0.6,0.10000000000104592,0.8999999999992383,1.9415231411332248,True,False,2.0385992981898857,0.3171500256336456,21.0,2.0698624715329883,0.1999999999980986,,,,,0.5911513395008408,22.0,11.823026790016815,1.9090909090909092,2,False,2,1.0,True,False,1.0842136755648986,False,True,False
baseline,48.0,0,92.1999999999988,14,1.300000000000523,1.300000000000523,0.6999999999989086,1.6514500725889532,False,False,1.7340225762184007,0.2510844294270089,21.0,1.9988893638679728,0.7499999999980673,1.9419457257755637,20.0,0.6100802425766609,1.9,0.62796961408664,20.0,12.5593922817328,1.9,2,False,2,-1.0,False,False,1.0520470336147225,False,True,False
baseline,48.0,0,93.49999999999932,7,1.5,3.5999999999996817,1.300000000000523,1.8307258468868728,False,True,1.927079838828287,0.2597323026706573,20.0,1.9151034073443172,0.04999999999752447,1.7681070379063992,19.0,0.584702324320753,1.894736842105263,0.6016474795377689,20.0,12.032949590755377,1.9,0,False,2,0.0,True,True,1.007949161760167,True,False,False
baseline,48.0,0,97.099999999999,4,0.800000000000594,0.800000000000594,3.5999999999996817,1.1281643010641647,False,False,1.1908400955677294,0.0900616204944114,19.0,1.9411791248985448,0.3499999999976069,1.9406057133087504,18.0,0.6773991836050168,1.8888888888888888,0.6775993420092368,18.0,13.551986840184735,1.8888888888888888,0,False,2,-1.0,False,True,1.027683066122759,False,True,False
baseline,48.0,0,98.49999999999856,16,0.6,0.30000000000092086,0.5999999999989711,1.2417270610896096,True,False,1.31071189781681,0.1363278179987637,19.0,2.085204159114156,0.2999999999979508,1.9191262827695164,18.0,0.6699014479177556,1.8888888888888888,0.6895644281587279,19.0,13.791288563174557,1.894736842105263,3,False,3,0.0,True,False,1.100524417310249,False,True,False
baseline,48.0,0,98.79999999999949,2,0.6,0.5999999999993548,0.29999999999988347,1.9754565717923585,True,False,2.085204159114156,0.3202632507657061,19.0,2.0765955702321968,0.0499999999970413,1.9191262827695164,18.0,0.6699014479177556,1.8888888888888888,0.6867176197809028,19.0,13.734352395618057,1.894736842105263,4,False,2,0.0,True,False,1.0959809954003261,False,True,False
baseline,48.0,0,101.29999999999886,12,0.6,0.2000000000004576,1.1000000000000654,1.2169467524505049,True,False,1.2809965815268471,0.1808472211893703,20.0,1.9161647426016428,0.29999999999749605,,,,,0.6019809078425098,20.0,12.039618156850196,1.9,1,False,1,0.0,True,False,1.0085077592640226,True,False,False
baseline,48.0,0,102.59999999999872,21,0.7999999999996845,0.7999999999996845,1.0999999999993975,1.4902381907158622,False,False,1.5686717797009075,0.2052505033049519,20.0,2.07324748931693,0.4499999999975586,2.0680138664616416,19.0,0.6838797021471281,1.894736842105263,0.6856104296327947,19.0,13.712208592655895,1.894736842105263,0,False,2,-1.0,False,True,1.0942139526950465,False,True,False
baseline,48.0,0,103.3999999999984,9,0.6,0.40000000000088676,0.7999999999996845,1.9386293845776525,True,False,2.0463310170541886,0.2781779435901009,19.0,2.03790092037481,0.04999999999787974,2.03768978142534,18.0,0.7112879164023154,1.8888888888888888,0.673921532651935,19.0,13.4784306530387,1.894736842105263,2,False,2,0.0,True,False,1.0755588190867054,False,True,False
baseline,48.0,0,103.79999999999929,25,1.299999999999713,1.299999999999713,0.40000000000088676,1.9230976722803108,False,False,2.0362210647673877,0.3502602124061293,18.0,2.033674534234136,0.049999999996956035,1.889831553095574,17.0,0.6984801086737935,1.8823529411764706,0.7098863307269561,18.0,14.197726614539121,1.8888888888888888,1,False,2,0.0,True,False,1.0766512240063073,False,True,False
baseline,48.0,0,106.99999999999808,3,0.6000000000003212,0.6000000000003212,0.19999999999859597,1.2650768629340017,False,False,1.3316598557200017,0.3145766482771419,20.0,1.8390181489184545,0.24999999999795364,1.8390181489184545,19.0,0.6081522006800544,1.894736842105263,0.6081522006800544,19.0,12.163044013601088,1.894736842105263,2,False,2,-1.0,False,False,0.9705929119291844,False,False,True
baseline,48.0,0,107.5999999999984,24,1.5,1.7000000000004576,0.6000000000003212,1.7057368201162788,False,True,1.8004999767894054,0.3143800006840146,19.0,1.791156224612806,0.049999999997638156,1.6532929166131918,18.0,0.577108097896005,1.8888888888888888,0.5923245512289705,19.0,11.84649102457941,1.894736842105263,2,False,2,0.0,True,False,0.9453324518789811,False,False,True
baseline,48.0,0,114.19999999999769,10,0.6,0.5000000000013358,2.3999999999984,1.2108744867136854,True,False,1.2685351765571942,0.1315092225354975,22.0,1.652362129449876,0.5499999999979366,1.6258680409740571,21.0,0.4864585803076693,1.9047619047619047,0.4943855930428302,21.0,9.887711860856603,1.9047619047619047,1,True,2,-1.0,False,False,0.8674901179611849,False,False,True
baseline,48.0,0,114.69999999999902,2,0.6,0.29999999999905924,0.5000000000013358,1.57243914620217,True,False,1.6510611035122786,0.171824697111049,21.0,1.8804871289911247,0.4999999999965752,1.7830541105447186,20.0,0.5601629694640371,1.9,0.5626404332960648,21.0,11.252808665921297,1.9047619047619047,2,False,2,0.0,True,False,0.9872557427203406,True,False,False
baseline,48.0,0,116.19999999999813,5,0.6,0.4999999999998579,0.5999999999997243,1.5917718461210308,True,False,1.6675705054601275,0.2699564196096424,22.0,1.6427957329905418,0.04999999999741078,1.521584440148788,21.0,0.4552569999036162,1.9047619047619047,0.4691813641919768,22.0,9.383627283839536,1.9090909090909092,2,False,2,0.0,True,False,0.8605120506140933,False,False,True
baseline,48.0,0,116.69999999999798,13,1.1999999999999318,1.1999999999999318,0.4999999999998579,1.5034046519475817,False,False,1.5785748845449608,0.2150790920801118,21.0,2.1838926333579707,0.29999999999751026,2.1838926333579707,20.0,0.6860901053186268,1.9,0.6860901053186268,20.0,13.721802106372536,1.9,1,False,2,-1.0,False,False,1.1494171754515636,False,True,False
baseline,48.0,0,117.89999999999792,8,0.6,0.4999999999997442,1.1999999999999318,1.8364681803051173,True,False,1.933124400321176,0.254985791133013,20.0,2.1381088158419903,0.44999999999750173,2.1273479992159854,19.0,0.7035011416806194,1.894736842105263,0.7070596787815546,19.0,14.141193575631092,1.894736842105263,1,False,2,-1.0,False,False,1.1284463194721617,False,True,False
baseline,48.0,0,118.39999999999766,23,0.9000000000006452,0.9000000000006452,0.4999999999997442,2.0254220685889397,False,False,2.137945516843881,0.3314625660637132,19.0,2.136570739486838,0.04999999999773763,2.0014261473959216,18.0,0.6986295201512833,1.8888888888888888,0.7065510462154485,19.0,14.13102092430897,1.894736842105263,1,False,2,0.0,True,False,1.1276345569513868,False,True,False
baseline,48.0,0,119.2999999999983,7,1.5,2.099999999998957,0.9000000000006452,1.7622135782329884,False,True,1.8658732004819876,0.2961656987085942,18.0,1.897363305119316,0.7999999999970129,1.8228459542211048,17.0,0.6737222892243411,1.8823529411764706,0.7012638377121991,17.0,14.025276754243983,1.8823529411764706,1,False,2,-1.0,False,False,1.0079742558446365,True,False,False
baseline,48.0,0,121.39999999999726,11,0.8000000000004235,0.8000000000004235,2.099999999998957,1.574109911608415,False,False,1.6724917810839408,0.2448209812068059,17.0,1.6737639701309668,0.4499999999979565,1.6696933383428432,16.0,0.6556870406857116,1.875,0.6572855740508414,16.0,13.145711481016829,1.875,0,False,2,-1.0,False,True,0.8926741174031823,False,False,True
baseline,48.0,0,124.39999999999893,2,0.6,0.29999999999905924,0.20000000000079865,1.305823808232663,True,False,1.3783695753566998,0.2863953719577714,19.0,1.6964582102991672,0.5999999999961148,1.5373984069628055,18.0,0.5366532823283334,1.8888888888888888,0.5610084895366265,19.0,11.22016979073253,1.894736842105263,2,True,2,0.0,True,False,0.8953529443245605,False,False,True
baseline,48.0,0,125.49999999999748,3,0.6,0.400000000000432,0.7999999999994998,1.5879094719676892,True,False,1.676126664854783,0.2578265352938471,19.0,2.1520144438232576,0.4999999999974989,2.1314108121169757,18.0,0.7440027276809493,1.8888888888888888,0.7116581860141338,19.0,14.233163720282676,1.894736842105263,3,False,2,0.0,True,False,1.1357854009067194,False,True,False
baseline,48.0,0,125.99999999999748,10,0.6,0.4000000000001762,0.09999999999956799,2.0387505257272966,True,False,2.1520144438232576,0.3520173096417795,19.0,2.130813353582773,0.04999999999749605,1.9315246874865304,18.0,0.6742293076038894,1.8888888888888888,0.7046471134512284,19.0,14.092942269024569,1.894736842105263,3,False,2,0.0,True,False,1.1245959366131304,False,True,False
baseline,48.0,0,127.09999999999783,8,0.6,0.2000000000004718,0.7000000000001734,1.5077224646601415,True,False,1.591484823807927,0.2685691251981452,19.0,1.78359956417304,0.5999999999970527,,,,,0.5898256092370504,19.0,11.796512184741008,1.894736842105263,2,True,1,0.0,True,False,0.9413442144246601,False,False,True
baseline,48.0,0,128.59999999999755,23,0.6,0.20000000000013074,1.299999999999244,1.725156358703029,True,False,1.820998378630975,0.2560372856762928,19.0,1.8101683245518232,0.049999999997453415,1.665766559526728,18.0,0.5814622206671904,1.8888888888888888,0.5986117379129423,19.0,11.972234758258846,1.894736842105263,1,False,3,0.0,True,False,0.9553666157356845,False,False,True
baseline,48.0,0,128.79999999999768,21,0.6,0.599999999999568,0.20000000000013074,1.6791427409323183,True,False,1.7724284487618915,0.2398064238640353,19.0,1.665766559526728,0.04999999999736815,1.665766559526728,18.0,0.5814622206671904,1.8888888888888888,0.5814622206671904,18.0,11.629244413343809,1.8888888888888888,2,False,2,-1.0,False,False,0.8818764138670913,False,False,True
baseline,48.0,0,129.4999999999976,24,0.6,0.5999999999995396,0.1000000000003638,1.5797122890244673,True,False,1.6726365413200242,0.304626977011122,18.0,2.179849457103469,0.249999999997641,2.179849457103469,17.0,0.8056704753374069,1.8823529411764706,0.8056704753374069,17.0,16.113409506748138,1.8823529411764706,4,False,2,-1.0,False,False,1.158045024086218,False,True,False
baseline,48.0,0,130.09999999999715,22,1.5,2.3000000000017735,0.5999999999995396,2.0256484460199666,False,True,2.1522514738962144,0.3585155754109618,17.0,2.24502384084984,0.5499999999983061,2.233153972565757,16.0,0.8769575143184305,1.875,0.8816188006934746,16.0,17.632376013869493,1.875,2,False,2,-1.0,False,False,1.197346048453248,False,True,False
baseline,48.0,0,135.9999999999968,14,0.6000000000007617,0.6000000000007617,0.8999999999989257,1.527480941941339,False,False,1.6078746757277254,0.3019647377417689,20.0,1.853751840357494,0.24999999999994316,1.853751840357494,19.0,0.6130245434995434,1.894736842105263,0.6130245434995434,19.0,12.260490869990868,1.894736842105263,1,False,2,-1.0,False,False,0.9783690268553441,False,False,True
baseline,48.0,0,136.69999999999754,23,0.6,0.10000000000013642,0.09999999999999432,1.793325766529835,True,False,1.8877113331893,0.3627089192025618,20.0,1.9226789443433652,0.19999999999933493,,,,,0.5752641949296091,21.0,11.505283898592182,1.9047619047619047,3,False,2,1.0,True,False,1.0094064457802667,True,False,False
baseline,48.0,0,138.4999999999963,20,0.7000000000007844,0.7000000000007844,0.39999999999915303,1.4264170288008,False,False,1.4943416492198858,0.3143249381185984,22.0,1.4758908265360555,9.379164112033322e-13,1.3290985302011804,21.0,0.397665350321621,1.9047619047619047,0.4215134343769309,22.0,8.430268687538618,1.9090909090909092,2,False,2,0.0,True,False,0.7730856710426958,False,False,True
baseline,48.0,0,139.1999999999971,22,1.200000000000017,1.200000000000017,0.7000000000007844,1.2745401469773223,False,False,1.3382671543261884,0.2072828614449929,21.0,2.14909103549228,0.4000000000004036,2.1343692041608184,20.0,0.6705318611839921,1.9,0.6751568608998229,20.0,13.503137217996457,1.9,1,False,2,-1.0,False,False,1.131100544995937,False,True,False
baseline,48.0,0,140.3999999999971,12,1.5,3.5999999999996817,1.200000000000017,1.8975939274623006,False,True,1.9974672920655796,0.2781739217184962,20.0,1.997875884334091,0.2500000000006253,1.997875884334091,19.0,0.6606854948429675,1.894736842105263,0.6606854948429675,19.0,13.21370989685935,1.894736842105263,0,False,2,-1.0,False,True,1.054434494509659,False,True,False
baseline,48.0,0,144.1999999999969,13,0.6,0.5000000000006537,0.20000000000010232,1.319934693304076,True,False,1.38940494032008,0.2337270851642949,20.0,1.8933050012812795,0.5500000000017735,1.8736843978003903,19.0,0.6196161199237391,1.894736842105263,0.5947993083030081,20.0,11.895986166060162,1.9,2,True,2,0.0,True,False,0.9964763164638314,True,False,False
baseline,48.0,0,145.19999999999683,3,0.6,0.4000000000005173,0.49999999999928946,1.6429159725210234,True,False,1.729385234232656,0.2784733908322161,20.0,1.705979340497184,1.9326762412674725e-12,1.5519697041507452,19.0,0.5132270127530427,1.894736842105263,0.5359492163281914,20.0,10.718984326563827,1.9,3,False,2,0.0,True,False,0.8978838634195705,False,False,True
baseline,48.0,0,145.59999999999735,25,0.6,0.399999999999892,0.4000000000005173,1.4698268328094084,True,False,1.551483879076598,0.2532562100702681,19.0,1.6415635604921313,0.5500000000016314,1.622584129325925,18.0,0.5663887089468576,1.8888888888888888,0.5730137802269759,18.0,11.460275604539518,1.8888888888888888,3,True,2,-1.0,False,False,0.8690630614370107,False,False,True
baseline,48.0,0,145.99999999999724,7,0.6,0.4999999999990621,0.399999999999892,1.540344244445782,True,False,1.630952729413181,0.2592427975139473,18.0,2.1535012861130505,0.5500000000018304,2.052505755052517,17.0,0.7586043531204423,1.8823529411764706,0.7517137577721034,18.0,15.034275155442067,1.8888888888888888,3,True,2,0.0,True,False,1.1400889161774974,False,True,False
baseline,48.0,0,146.89999999999674,10,0.6,0.30000000000035243,0.400000000000432,1.9872812181346413,True,False,2.104180113319032,0.3752473731935605,18.0,2.09331551045071,2.4158453015843406e-12,1.917525878017574,17.0,0.7087159072292151,1.8823529411764706,0.7307049588086132,18.0,14.614099176172264,1.8888888888888888,3,False,2,0.0,True,False,1.1082258584739053,False,True,False
baseline,48.0,0,149.39999999999614,16,0.8999999999999488,0.8999999999999488,0.9999999999990337,1.4110372072086108,False,False,1.4894281631646449,0.3125714092354108,19.0,2.094786917045929,0.250000000003638,2.094786917045929,18.0,0.7312185766030557,1.8888888888888888,0.7312185766030557,18.0,14.624371532061113,1.8888888888888888,1,False,2,-1.0,False,False,1.10900483843608,False,True,False
baseline,48.0,0,150.2999999999961,20,0.6,0.100000000000108,0.8999999999999488,1.8650536209454514,True,False,1.9747626574716544,0.3550994618298069,18.0,1.958975765649128,3.836930773104541e-12,1.6730495231155305,16.0,0.6570050113639572,1.875,0.6838115415470822,18.0,13.676230830941645,1.8888888888888888,4,False,3,0.0,True,False,1.0371048171083619,False,True,False
baseline,48.0,0,150.299999999997,12,0.6,0.09999999999919851,0.9000000000008583,1.8650536209454514,True,False,1.9747626574716544,0.3550994618298069,18.0,1.958975765649128,2.9274360713316128e-12,1.6730495231155305,16.0,0.6570050113639572,1.875,0.6838115415470822,18.0,13.676230830941645,1.8888888888888888,4,False,3,0.0,True,False,1.0371048171083619,False,True,False
baseline,48.0,0,150.3999999999962,9,0.6,0.49999999999943157,0.09999999999919851,1.8282213183980462,True,False,1.935763748892049,0.347410737089476,18.0,1.9254118462311065,3.751665644813329e-12,1.6730495231155305,16.0,0.6570050113639572,1.875,0.6720955234727115,18.0,13.44191046945423,1.8888888888888888,3,False,3,0.0,True,False,1.0193356832988212,True,False,False
baseline,48.0,0,150.89999999999563,19,1.300000000001262,1.300000000001262,0.49999999999943157,1.7475836868535544,False,False,1.8724110930573796,0.3819775473116172,15.0,1.8683363509100577,4.433786671143025e-12,1.725976923448521,14.0,0.7746166318530552,1.8571428571428572,0.7826069005938399,15.0,15.652138011876797,1.8666666666666667,3,False,2,0.0,True,False,1.0008944737018166,True,False,False
baseline,48.0,0,152.29999999999688,8,0.6,0.3000000000002103,0.09999999999999432,1.5748630005370428,True,False,1.6873532148611172,0.2551362060637235,15.0,2.698804776905891,0.2500000000035527,2.698804776905891,14.0,1.2112207515143698,1.8571428571428572,1.2112207515143698,14.0,24.224415030287396,1.8571428571428572,2,False,3,-1.0,True,False,1.4532025721800952,False,True,False
baseline,48.0,0,152.5999999999971,23,0.6,0.5999999999997385,0.3000000000002103,2.506033007126899,True,False,2.698804776905891,0.4923669435298306,14.0,2.6907411704911377,3.353761712787673e-12,2.458238467796733,13.0,1.1881206017233916,1.8461538461538463,1.20760181341808,14.0,24.1520362683616,1.8571428571428572,3,False,2,0.0,True,False,1.4488606302644587,False,True,False
baseline,48.0,1,21.80000000000004,13,0.6,0.4999999999999254,1.2000000000000668,1.4755493283201255,True,False,1.5493267947361318,0.2057181753843616,21.0,1.8095790104327365,0.5500000000001428,1.7278791254336654,20.0,0.542829236675356,1.9,0.5414247738348354,21.0,10.828495476696709,1.9047619047619047,1,True,2,0.0,True,False,0.9500289804771868,False,False,True
baseline,48.0,1,22.70000000000008,19,1.3999999999999915,1.3999999999999915,0.4000000000001158,1.6695920396087298,False,False,1.7530716415891665,0.2981790600796167,21.0,1.743750954593121,1.0658141036401503e-13,1.733854270705222,20.0,0.5447063839242814,1.9,0.521729065584756,21.0,10.43458131169512,1.9047619047619047,2,False,2,0.0,True,False,0.9154692511613886,False,False,True
baseline,48.0,1,24.100000000000072,18,0.8000000000000114,0.8000000000000114,1.3999999999999915,1.3914361140940115,False,False,1.46466959378317,0.1884537379705677,20.0,2.328249924611075,0.20000000000013785,2.328249924611075,19.0,0.7699381956714886,1.894736842105263,0.7699381956714886,19.0,15.398763913429772,1.894736842105263,0,False,2,-1.0,False,True,1.2287985713225118,False,True,False
baseline,48.0,1,24.900000000000084,7,1.0999999999998984,1.0999999999998984,0.8000000000000114,2.0145295943395154,False,False,2.126447905136155,0.2901964120665352,19.0,2.1032027291872093,1.3500311979441904e-13,1.8996632942799845,18.0,0.6631075832893538,1.8888888888888888,0.6955164466341621,19.0,13.910328932683242,1.894736842105263,1,False,2,0.0,True,False,1.1100236626265827,False,True,False
baseline,48.0,1,27.900000000000126,6,1.5,1.8999999999999133,1.500000000000135,1.286698096428061,False,True,1.354419048871643,0.2143065498285121,20.0,2.295857627946744,0.20000000000013785,2.295857627946744,19.0,0.7592262586995346,1.894736842105263,0.7592262586995346,19.0,15.184525173990693,1.894736842105263,0,False,2,-1.0,False,True,1.2117026369718928,False,True,False
baseline,48.0,1,31.800000000000097,19,0.6,0.29999999999997584,1.1000000000000156,1.3569747340660296,True,False,1.424823470769331,0.2181150256866984,21.0,1.5205515785291617,0.5500000000002032,1.3688630804524322,20.0,0.4300410197319655,1.9,0.454947968429674,21.0,9.09895936859348,1.9047619047619047,1,True,2,0.0,True,False,0.7982895787278099,False,False,True
baseline,48.0,1,32.50000000000008,13,0.6,0.4000000000000057,0.4000000000000057,1.4586346702409692,True,False,1.5315664037530177,0.2848370824355561,21.0,2.41145870428298,0.4500000000001876,2.3444750689799423,19.0,0.7753037529717695,1.894736842105263,0.757582094981057,20.0,15.15164189962114,1.9,4,False,3,-1.0,True,False,1.2691887917278843,False,True,False
baseline,48.0,1,32.50000000000019,9,0.6,0.399999999999892,0.40000000000011937,1.4586346702409692,True,False,1.5315664037530177,0.2848370824355561,21.0,2.41145870428298,0.4500000000000739,2.3444750689799423,19.0,0.7753037529717695,1.894736842105263,0.757582094981057,20.0,15.15164189962114,1.9,4,False,3,-1.0,True,False,1.2691887917278843,False,True,False
baseline,48.0,1,34.70000000000022,11,0.6,0.4999999999999787,1.8000000000001393,1.3363257550963066,True,False,1.4066586895750597,0.1851123691246801,20.0,2.452110838077163,0.599999999999909,2.404048601346044,19.0,0.7950043605117418,1.894736842105263,0.8108982520727501,19.0,16.217965041455003,1.894736842105263,1,True,2,-1.0,False,False,1.2941696089851695,False,True,False
baseline,48.0,1,35.2000000000002,22,0.6999999999999247,0.6999999999999247,0.4999999999999787,2.3144713658620635,False,False,2.443053108409956,0.3708304434936965,19.0,2.45415096505907,0.19999999999992468,2.3235683531229103,18.0,0.811078363142741,1.8888888888888888,0.8115729097505131,19.0,16.231458195010262,1.894736842105263,1,False,2,0.0,True,False,1.2952463426700647,False,True,False
baseline,48.0,1,36.80000000000025,5,0.8000000000000398,0.8000000000000398,0.9000000000001265,1.914691466217117,False,False,2.0210632143402902,0.3197303869416236,19.0,1.998723097132178,0.049999999999798206,1.7889095634999184,18.0,0.624447238069763,1.8888888888888888,0.6609656630011251,19.0,13.219313260022503,1.894736842105263,1,False,2,0.0,True,False,1.0548816345975385,False,True,False
baseline,48.0,1,37.60000000000029,20,1.0999999999999872,1.0999999999999872,0.8000000000000398,1.5087256373803986,False,False,1.597474204285128,0.2200161632569064,18.0,1.789540140881791,0.49999999999968026,1.7747739557364606,17.0,0.6559549201322543,1.8823529411764706,0.6614124893997975,17.0,13.22824978799595,1.8823529411764706,1,False,2,-1.0,False,False,0.9506931998434515,False,False,True
baseline,48.0,1,38.70000000000028,4,1.0999999999998167,1.0999999999998167,1.0999999999999872,1.607930533496365,False,False,1.7084261918398878,0.236379823191309,17.0,1.6957835726953707,0.0499999999996561,1.6938667488159007,16.0,0.6651799167800077,1.875,0.6267601428303564,17.0,12.535202856607128,1.8823529411764706,0,False,2,0.0,True,True,0.9008850229944158,False,False,True
baseline,48.0,1,40.20000000000019,7,0.6,0.20000000000011653,0.40000000000009095,1.4535407041216903,True,False,1.544386998129296,0.2145171287121357,17.0,2.0284066810426564,0.34999999999965326,2.020180130300141,16.0,0.7933228820348743,1.875,0.7965534409570081,16.0,15.931068819140162,1.875,5,False,3,-1.0,True,False,1.0818168965560835,False,True,False
baseline,48.0,1,40.400000000000304,14,0.6,0.09999999999977405,0.20000000000011653,1.3968885028838776,True,False,1.48419403431412,0.2052491809837498,17.0,2.0284066810426564,0.14999999999953673,2.020180130300141,16.0,0.7933228820348743,1.875,0.7965534409570081,16.0,15.931068819140162,1.875,5,False,3,-1.0,True,False,1.0818168965560835,False,True,False
baseline,48.0,1,40.70000000000031,17,1.5,1.599999999999909,0.20000000000011653,1.313976646173579,False,True,1.3961001865594276,0.1941307609042111,17.0,1.8686831752107829,0.2999999999994998,1.8686831752107829,16.0,0.7338301668911305,1.875,0.7338301668911305,16.0,14.676603337822609,1.875,5,False,2,-1.0,False,False,0.9966310267790842,True,False,False
baseline,48.0,1,42.30000000000022,24,0.6,0.4000000000000057,1.599999999999909,1.4528352288510258,True,False,1.5496909107744274,0.180420193091886,16.0,1.6040312829990322,0.4999999999994884,1.5308170127187746,15.0,0.6412271308196766,1.8666666666666667,0.6299016118497462,16.0,12.598032236994925,1.875,2,False,2,0.0,True,False,0.8554833509328171,False,False,True
baseline,48.0,1,42.70000000000022,6,0.6,0.20000000000000995,0.4000000000000057,1.4165919770834772,True,False,1.5177771183037254,0.1853271805576425,15.0,1.9941778418913223,0.29999999999947136,1.8488388163994651,14.0,0.8297569204674584,1.8571428571428572,0.8353192610716436,15.0,16.70638522143287,1.8666666666666667,3,False,3,0.0,True,False,1.0683095581560655,False,True,False
baseline,48.0,1,42.90000000000023,11,0.6,0.29999999999996874,0.20000000000000995,1.492034684717874,True,False,1.5915036636990656,0.2524848210004858,16.0,1.9941778418913223,0.09999999999946141,1.9941778418913223,15.0,0.8353192610716436,1.8666666666666667,0.8353192610716436,15.0,16.70638522143287,1.8666666666666667,4,False,3,-1.0,True,False,1.0683095581560655,False,True,False
baseline,48.0,1,44.60000000000037,8,0.6,0.19999999999988205,1.400000000000169,1.5342855072788089,True,False,1.643877329227295,0.2233677574580247,15.0,2.0755529081452933,0.29999999999921556,,,,,0.8694055691154912,15.0,17.388111382309823,1.8666666666666667,1,False,1,0.0,True,False,1.1119033436492642,False,True,False
baseline,48.0,1,47.60000000000026,22,0.6,0.10000000000015064,0.8999999999999773,1.3600261554917772,True,False,1.4450277902100133,0.2537338147040946,17.0,2.4558251855827544,0.39999999999915303,1.7039690324907728,16.0,0.6691470743021899,1.875,1.028693648203676,15.0,20.57387296407352,1.8666666666666667,3,False,3,-2.0,True,False,1.3156206351336184,False,True,False
baseline,48.0,1,47.70000000000041,23,0.6,0.49999999999977973,0.10000000000015064,1.3622224503487628,True,False,1.4473613534955605,0.245826686911502,17.0,2.569264063020688,0.5999999999989853,1.7039690324907728,16.0,0.6691470743021899,1.875,1.008947638189757,16.0,20.17895276379514,1.875,2,True,3,-1.0,True,False,1.370274166944367,False,True,False
baseline,48.0,1,48.60000000000039,12,0.6,0.09999999999991616,0.2000000000000881,2.474691557205367,True,False,2.6293597795307027,0.4955152041320256,17.0,2.692362983284743,0.19999999999897256,,,,,0.9398119743427163,18.0,18.796239486854326,1.8888888888888888,4,False,2,1.0,True,False,1.4253686382095698,False,True,False
baseline,48.0,1,49.300000000000345,20,0.6,0.4000000000000057,0.600000000000037,2.1546440789508505,True,False,2.289309333885279,0.5178833480992285,17.0,2.262614933699236,0.04999999999898819,2.0039146012082227,16.0,0.786935423697134,1.875,0.8362605239543619,17.0,16.725210479087238,1.8823529411764706,4,False,2,0.0,True,False,1.2020141835277192,False,True,False
baseline,48.0,1,49.70000000000035,21,0.6,0.5999999999998664,0.4000000000000057,1.8321836529277336,True,False,1.9543292297895825,0.4244029466641311,16.0,2.8022263269777,0.2499999999989484,2.8022263269777,15.0,1.1737938190038737,1.8666666666666667,1.1737938190038737,15.0,23.475876380077473,1.8666666666666667,2,False,2,-1.0,False,False,1.5011926751666251,False,True,False
baseline,48.0,1,52.10000000000027,19,0.6,0.5000000000000995,1.2000000000000384,1.3834230533243073,True,False,1.464800879990443,0.2884098343575466,18.0,2.5890230380878,0.5999999999988717,2.487876488321992,17.0,0.9195169998530756,1.8823529411764706,0.9037395284923732,18.0,18.074790569847462,1.8888888888888888,1,True,2,0.0,True,False,1.370659255458247,False,True,False
baseline,48.0,1,53.30000000000037,18,1.1999999999999105,1.1999999999999105,0.6999999999999957,2.281500681070176,False,False,2.415706603486069,0.4443973468220262,18.0,3.359514702747982,0.24999999999872813,3.359514702747982,17.0,1.241673730562348,1.8823529411764706,1.241673730562348,17.0,24.83347461124696,1.8823529411764706,1,False,2,-1.0,False,False,1.7847421858348653,False,True,False
baseline,48.0,1,54.50000000000028,6,1.09999999999998,1.09999999999998,1.1999999999999105,2.810864258358452,False,False,2.986543274505855,0.5550857387624502,17.0,2.960755563422737,0.04999999999876081,2.661916218996927,16.0,1.045332054759033,1.875,1.0942926973087037,17.0,21.885853946174073,1.8823529411764706,0,False,2,0.0,True,True,1.572901393068329,False,True,False
baseline,48.0,1,55.80000000000052,15,0.7999999999998693,0.7999999999998693,0.10000000000011511,2.3089498014650416,False,False,2.4447703780218086,0.4493283475849692,18.0,2.419089881232685,0.049999999998433964,2.158751779943497,17.0,0.7978727920934565,1.8823529411764706,0.8444216665837789,18.0,16.88843333167558,1.8888888888888888,2,False,2,0.0,True,False,1.2806946430055393,False,True,False
baseline,48.0,1,57.60000000000055,16,0.6,0.09999999999980247,0.3000000000002032,1.752926509161755,True,False,1.850311315226297,0.3950743298145305,19.0,3.597082734868712,0.29999999999829896,,,,,1.1895335467598134,19.0,23.790670935196268,1.894736842105263,2,False,2,0.0,True,False,1.8984603322918203,False,True,False
baseline,48.0,1,58.90000000000037,21,0.6,0.20000000000000284,1.200000000000017,2.821754930633499,True,False,2.978519093446471,0.5059927652247163,19.0,2.939979610604864,0.04999999999841975,2.6018651835274964,18.0,0.9082222829112268,1.8888888888888888,0.9722335101452652,19.0,19.444670202905304,1.894736842105263,1,False,3,0.0,True,False,1.5516559055970116,False,True,False
baseline,48.0,1,59.10000000000037,20,0.9999999999999005,0.9999999999999005,0.20000000000000284,2.6751584580106176,False,False,2.8237783723445404,0.4706820323884252,19.0,2.7850489573539225,0.04999999999840554,2.6018651835274964,18.0,0.9082222829112268,1.8888888888888888,0.920998878348526,19.0,18.41997756697052,1.894736842105263,1,False,3,0.0,True,False,1.4698869497145703,False,True,False
baseline,48.0,1,60.10000000000036,11,1.20000000000001,1.20000000000001,0.9999999999999858,1.9083529302332758,False,False,2.0276249883728554,0.4076838454286324,17.0,2.091802578670773,0.24999999999835154,,,,,0.730176845990254,18.0,14.60353691980508,1.8888888888888888,2,False,2,1.0,True,False,1.1074248945904093,False,True,False
baseline,48.0,1,62.50000000000039,18,1.3000000000001322,1.3000000000001322,1.2000000000000242,1.3780587165975269,False,False,1.4591209940444403,0.2277777607985233,18.0,1.7870007779000303,0.8999999999981441,,,,,0.623780946201109,18.0,12.47561892402218,1.8888888888888888,1,False,2,0.0,True,False,0.9460592353588396,False,False,True
baseline,48.0,1,64.90000000000036,13,0.7000000000001876,0.7000000000001876,1.099999999999838,1.5536690272229419,False,False,1.6399839731797718,0.2381567168436747,19.0,2.0184983488942945,0.2999999999980787,2.0184983488942945,18.0,0.7045888426854936,1.8888888888888888,0.7045888426854936,18.0,14.091776853709872,1.8888888888888888,0,False,2,-1.0,False,True,1.0686167729440383,False,True,False
baseline,48.0,1,66.70000000000037,15,0.6,0.20000000000000284,1.0999999999998238,1.5730349037399016,True,False,1.6604257317254518,0.2504446408541457,19.0,2.7826079522975258,0.49999999999795364,,,,,0.8741820700758445,20.0,17.48364140151689,1.9,3,False,2,1.0,True,False,1.4645305012092242,False,True,False
baseline,48.0,1,67.20000000000049,2,0.6999999999998181,0.6999999999998181,0.10000000000012221,2.6434775546826494,False,False,2.7826079522975258,0.4685841948810496,20.0,2.75956839293487,0.04999999999783711,2.5270133527997443,19.0,0.8356680615451566,1.894736842105263,0.8669439790322779,20.0,17.33887958064556,1.9,3,False,2,0.0,True,False,1.4524044173341424,False,True,False
baseline,48.0,1,67.9000000000003,17,0.6,0.20000000000005969,0.6999999999998181,2.1685619209300824,True,False,2.2890375832039758,0.4104145799516913,19.0,2.261853703459162,0.049999999997979216,,,,,0.7479813661349652,19.0,14.959627322699305,1.894736842105263,4,False,1,0.0,True,False,1.1937561212701133,False,True,False
baseline,48.0,1,68.90000000000025,23,0.999999999999801,0.999999999999801,0.7999999999998835,1.692737817273528,False,False,1.7867788071220574,0.3486768501720677,19.0,1.8739214258089136,0.3999999999979593,1.8719963363239327,18.0,0.6534499930824751,1.8888888888888888,0.6541219760806438,18.0,13.082439521612876,1.8888888888888888,2,False,2,-1.0,False,False,0.9920760489576602,True,False,False
baseline,48.0,1,69.90000000000005,22,0.6000000000003496,0.6000000000003496,0.999999999999801,1.7018297383206926,False,False,1.801937369986616,0.3055313524451508,18.0,2.434393124531298,0.2999999999981071,2.434393124531298,17.0,0.8997495948208272,1.8823529411764706,0.8997495948208272,17.0,17.994991896416543,1.8823529411764706,1,False,2,-1.0,False,False,1.2932713474072521,False,True,False
baseline,48.0,1,72.10000000000007,3,0.8000000000002956,0.8000000000002956,1.5999999999996675,1.6799834569390824,False,False,1.7788060132296166,0.272088608051944,18.0,2.299877223317273,0.5499999999979508,2.2819956431242554,17.0,0.8434236174074208,1.8823529411764706,0.8500326339920043,17.0,17.000652679840087,1.8823529411764706,0,False,2,-1.0,False,True,1.2218097748873014,False,True,False
baseline,48.0,1,74.79999999999997,10,0.6,0.4000000000005173,0.09999999999959641,1.8105830693661182,True,False,1.911171017664236,0.3532854223902852,19.0,1.9356037987996637,0.4999999999978968,1.864270116640212,18.0,0.6507530336382086,1.8888888888888888,0.6400924920599493,19.0,12.801849841198987,1.894736842105263,2,False,2,0.0,True,False,1.0215686715887116,False,True,False
baseline,48.0,1,76.59999999999981,14,0.6,0.3000000000004377,0.6999999999995055,1.4607728298278988,True,False,1.5376556103451566,0.2877159064455296,20.0,1.5160628695289464,0.049999999997979216,1.3426296883110869,19.0,0.4439995331883857,1.894736842105263,0.4762851973292399,20.0,9.525703946584798,1.9,2,False,2,0.0,True,False,0.7979278260678666,False,False,True
baseline,48.0,1,81.09999999999944,7,0.6,0.5000000000004263,0.9999999999993747,1.244462925932065,True,False,1.3037230652621634,0.195588168939167,22.0,2.2767611217733728,0.2999999999980787,2.2767611217733728,21.0,0.6812053346801985,1.9047619047619047,0.6812053346801985,21.0,13.62410669360397,1.9047619047619047,2,False,2,-1.0,False,False,1.1952995889310207,False,True,False
baseline,48.0,1,81.59999999999987,13,1.2000000000001023,1.2000000000001023,0.5000000000004263,2.1612951489425756,False,False,2.2693599063897043,0.3305899076100668,21.0,2.264844567888711,0.049999999997638156,2.119086220505948,20.0,0.6657305702664846,1.9,0.6776399100954213,21.0,13.552798201908427,1.9047619047619047,1,False,2,0.0,True,False,1.1890433981415733,False,True,False
baseline,48.0,1,87.69999999999895,6,1.4000000000004889,1.4000000000004889,3.0999999999991417,1.2534142079982986,False,False,1.3131005988553606,0.1526334038278308,22.0,2.065157656076567,0.2999999999981924,2.065157656076567,21.0,0.6178937257937962,1.9047619047619047,0.6178937257937962,21.0,12.357874515875924,1.9047619047619047,0,False,2,-1.0,False,True,1.0842077694401977,False,True,False
baseline,48.0,1,90.89999999999944,23,1.5,1.5999999999994827,1.2999999999995708,1.4302055274972358,False,True,1.4952148696562009,0.1924916878516625,23.0,1.7410817283934972,0.3499999999975216,1.740440652028305,22.0,0.4970686878564683,1.9090909090909092,0.4972517788382209,22.0,9.945035576764418,1.9090909090909092,0,False,2,-1.0,False,True,0.9119951910632604,False,False,True
baseline,48.0,1,92.49999999999892,20,0.6999999999999602,0.6999999999999602,1.5999999999994827,1.3849138457988581,False,False,1.4508621241702324,0.1752137172018543,22.0,1.7042238150872409,0.24999999999795364,1.7042238150872409,21.0,0.5099025731000806,1.9047619047619047,0.5099025731000806,21.0,10.198051462001612,1.9047619047619047,1,False,3,-1.0,True,False,0.8947175029208015,False,False,True
baseline,48.0,1,92.49999999999936,17,0.6999999999995197,0.6999999999995197,1.5999999999999233,1.3849138457988581,False,False,1.4508621241702324,0.1752137172018543,22.0,1.7042238150872409,0.2499999999975131,1.7042238150872409,21.0,0.5099025731000806,1.9047619047619047,0.5099025731000806,21.0,10.198051462001612,1.9047619047619047,1,False,3,-1.0,True,False,0.8947175029208015,False,False,True
baseline,48.0,1,93.19999999999888,21,0.9000000000000057,0.9000000000000057,0.6999999999995197,1.6024089456438813,False,False,1.6867462585725064,0.2554009575869882,20.0,1.9059881698026997,0.7999999999979224,1.8358058954100271,19.0,0.6070899278354709,1.894736842105263,0.6302987823243384,19.0,12.605975646486769,1.894736842105263,2,False,2,-1.0,False,False,1.0059382007292026,True,False,False
baseline,48.0,1,94.09999999999889,11,1.199999999999875,1.199999999999875,0.9000000000000057,1.8042052429017992,False,False,1.9044388675074548,0.3008708863851121,19.0,1.902219129396856,0.04999999999790816,1.785607462028089,18.0,0.6232945872113955,1.8888888888888888,0.6290523834138035,19.0,12.58104766827607,1.894736842105263,1,False,2,0.0,True,False,1.0039489849594518,True,False,False
baseline,48.0,1,95.29999999999876,9,0.6,0.40000000000020464,1.199999999999875,1.514570269327462,True,False,1.6036626381114305,0.2343795587829904,18.0,1.775442184728294,0.4999999999979394,1.6869961048198885,17.0,0.6235123022984421,1.8823529411764706,0.6197462360462023,18.0,12.394924720924045,1.8888888888888888,1,False,2,0.0,True,False,0.9399399801502732,False,False,True
baseline,48.0,1,98.49999999999916,2,0.6,0.39999999999928093,2.800000000000196,1.1831082271390578,True,False,1.2527028287354731,0.1710656054199502,18.0,2.021171945680029,0.4999999999973568,1.9210635971608865,17.0,0.7100234451669909,1.8823529411764706,0.7055221040211297,18.0,14.110442080422594,1.8888888888888888,2,False,2,0.0,True,False,1.0700322065364858,False,True,False
baseline,48.0,1,98.89999999999844,24,1.5,1.6000000000004775,0.39999999999928093,1.8038134990459456,False,True,1.916551842736317,0.2721699659692552,17.0,2.31422954313346,0.2999999999980645,,,,,0.8553372389915932,17.0,17.106744779831864,1.8823529411764706,2,False,2,0.0,True,False,1.2294344447896506,False,True,False
baseline,48.0,1,100.69999999999897,10,0.6,0.49999999999991473,0.19999999999960494,1.6937957241256782,True,False,1.7878954865771046,0.3519825460174039,19.0,2.138710800301634,0.5999999999974364,2.058754976309048,18.0,0.7186410565682149,1.8888888888888888,0.7072587514085011,19.0,14.145175028170023,1.894736842105263,3,True,2,0.0,True,False,1.128764033492529,False,True,False
baseline,48.0,1,102.39999999999849,25,0.6,0.30000000000063665,0.29999999999959925,1.6801777713005102,True,False,1.7686081803163265,0.3312495136005793,20.0,2.284600046989981,0.24999999999783995,2.284600046989981,19.0,0.7555034446331179,1.894736842105263,0.7555034446331179,19.0,15.110068892662358,1.894736842105263,3,False,3,-1.0,True,False,1.205761135911379,False,True,False
baseline,48.0,1,102.69999999999912,13,0.6,0.09999999999965326,0.30000000000063665,2.163193109795557,True,False,2.283370504784199,0.4222658298383657,19.0,2.7478910968531665,0.34999999999715214,2.1433956803064547,18.0,0.7481862358874283,1.8888888888888888,1.0156181744398478,17.0,20.312363488796954,1.8823529411764706,4,False,3,-2.0,True,False,1.4598171452032447,False,True,False
baseline,48.0,1,102.79999999999878,15,0.6,0.4999999999999858,0.09999999999965326,2.158623585282457,True,False,2.2785471177981496,0.4159475937125321,19.0,2.7952080685250085,0.5999999999975074,2.1433956803064547,18.0,0.7481862358874283,1.8888888888888888,0.9757116814814536,18.0,19.51423362962907,1.8888888888888888,4,True,3,-1.0,True,False,1.4798160362779458,False,True,False
baseline,48.0,1,104.59999999999822,8,0.6,0.20000000000030127,1.2999999999994571,1.950768196879121,True,False,2.065519267283775,0.3510749228826615,18.0,2.034084848152873,0.049999999997979216,1.7787421655172002,17.0,0.6574215670375572,1.8823529411764706,0.7100295573039306,18.0,14.200591146078612,1.8888888888888888,1,False,3,0.0,True,False,1.0768684490221092,False,True,False
baseline,48.0,1,104.79999999999852,22,1.00000000000054,1.00000000000054,0.20000000000030127,1.834337631639642,False,False,1.9422398452655032,0.3283386597910903,18.0,1.912551436785301,0.04999999999768079,1.7787421655172002,17.0,0.6574215670375572,1.8823529411764706,0.6676063937130339,18.0,13.352127874260677,1.8888888888888888,1,False,3,0.0,True,False,1.012527231239277,True,False,False
baseline,48.0,1,105.79999999999906,23,0.6999999999990649,0.6999999999990649,1.00000000000054,1.3351355709938892,False,False,1.4241446090601486,0.2801494584271335,16.0,2.044803778352544,0.449999999997047,2.042481523916248,15.0,0.855552660083756,1.8666666666666667,0.8565254037473338,15.0,17.130508074946675,1.8666666666666667,0,False,2,-1.0,False,True,1.0954305955460057,False,True,False
baseline,48.0,1,106.49999999999812,4,0.6,0.4000000000003183,0.6999999999990649,1.8999280176636486,True,False,2.0356371617824807,0.3443398389625197,15.0,2.32327749820861,0.4999999999979394,,,,,0.9123489400778304,16.0,18.246978801556608,1.875,3,False,2,1.0,True,False,1.2390813323779253,False,True,False
baseline,48.0,1,107.19999999999852,9,0.7999999999998408,0.7999999999998408,0.3000000000000824,2.1532951302609753,False,False,2.29684813894504,0.5309677925665741,16.0,2.2856294009238685,0.04999999999751026,2.085977171950758,15.0,0.873772074527535,1.8666666666666667,0.8975645668464081,16.0,17.95129133692816,1.875,3,False,2,0.0,True,False,1.2190023471593965,False,True,False
baseline,48.0,1,107.99999999999837,7,0.6000000000006764,0.6000000000006764,0.7999999999998408,1.7290147159811893,False,False,1.8525157671227028,0.395101030835205,15.0,2.4981621412662998,0.39999999999761826,2.497039764620576,14.0,1.1206688257505126,1.8571428571428572,1.1211725472111933,14.0,22.423450944223866,1.8571428571428572,1,False,2,-1.0,False,False,1.345164229912623,False,True,False
baseline,48.0,1,108.59999999999904,2,0.6,0.09999999999992326,0.6000000000006764,2.3097423833107524,True,False,2.4874148743346565,0.4729611025548186,14.0,2.4819139125875287,0.0499999999969134,,,,,1.1138803592324686,14.0,22.277607184649373,1.8571428571428572,2,False,2,0.0,True,False,1.336415183700977,False,True,False
baseline,48.0,1,113.59999999999818,21,0.6,0.20000000000088392,0.7999999999996561,1.519645491717726,True,False,1.6040702412575998,0.2880165030538174,19.0,1.598131051245045,0.29999999999751026,,,,,0.528492291585807,19.0,10.56984583171614,1.894736842105263,3,False,1,0.0,True,False,0.8434580548237738,False,False,True
baseline,48.0,1,118.09999999999836,9,0.6,0.10000000000060538,1.4999999999993179,1.1350704083974363,True,False,1.186664517870047,0.1435609914521038,23.0,1.6653944802404193,0.2999999999970555,1.662254479806064,22.0,0.4747387692868594,1.9090909090909092,0.4756355513138448,22.0,9.512711026276895,1.9090909090909092,1,False,3,-1.0,True,False,0.8723494896497433,False,False,True
baseline,48.0,1,118.19999999999897,2,1.5,1.7999999999988319,0.10000000000060538,1.1340293741213645,False,True,1.1855761638541538,0.1418315366929954,23.0,1.6653944802404193,0.19999999999645013,1.662254479806064,22.0,0.4747387692868594,1.9090909090909092,0.4756355513138448,22.0,9.512711026276895,1.9090909090909092,1,False,3,-1.0,True,False,0.8723494896497433,False,False,True
baseline,48.0,1,119.9999999999978,8,1.199999999999278,1.199999999999278,1.7999999999988319,1.2809437870333353,False,False,1.344990976385002,0.120121863048409,21.0,1.9978905838503571,0.549999999997496,1.9707842353247915,20.0,0.6191401275506943,1.9,0.6276558380900505,20.0,12.55311676180101,1.9,0,False,2,-1.0,False,True,1.0515213599212407,False,True,False
baseline,48.0,1,121.19999999999708,19,0.6,0.4000000000010999,1.199999999999278,1.8065961785781801,True,False,1.901680187977032,0.2226588708610262,20.0,1.8875396090280567,0.04999999999816396,1.7262112297080294,19.0,0.5708476334520998,1.894736842105263,0.5929880569082293,20.0,11.859761138164586,1.9,1,False,2,0.0,True,False,0.993441899488451,True,False,False
baseline,48.0,1,122.499999999998,7,1.5,1.6999999999996476,0.8999999999998209,1.5560042388240445,False,True,1.637899198762152,0.240207594495932,20.0,1.8467864892076336,0.3999999999971635,1.845439558188706,19.0,0.6102757219631192,1.894736842105263,0.6107211439203777,19.0,12.214422878407554,1.894736842105263,1,False,2,-1.0,False,False,0.9746928693040289,False,False,True
baseline,48.0,1,124.19999999999764,11,0.6,0.49999999999955946,1.6999999999996476,1.5024766751977447,True,False,1.5859476015976195,0.2176928637402406,19.0,2.427063045491541,0.24999999999744205,2.427063045491541,18.0,0.8472048259461662,1.8888888888888888,0.8472048259461662,18.0,16.944096518923324,1.8888888888888888,1,False,2,-1.0,False,False,1.28491572996611,False,True,False
baseline,48.0,1,124.6999999999972,16,0.6,0.10000000000047748,0.49999999999955946,2.254232644703966,True,False,2.3868345649806697,0.3715189907899715,18.0,2.375895613018483,0.04999999999783711,2.1934421547011604,17.0,0.8106943246215685,1.8823529411764706,0.8293440226172315,18.0,16.58688045234463,1.8888888888888888,2,False,3,0.0,True,False,1.2578270892450794,False,True,False
baseline,48.0,1,124.79999999999768,25,1.3000000000006793,1.3000000000006793,0.10000000000047748,2.2326173666823257,False,False,2.36394780001658,0.3660341948982742,18.0,2.351028194371233,0.04999999999735394,2.1934421547011604,17.0,0.8106943246215685,1.8823529411764706,0.8206636559799048,18.0,16.413273119598095,1.8888888888888888,2,False,3,0.0,True,False,1.2446619852553586,False,True,False
baseline,48.0,1,127.69999999999784,21,0.6,0.09999999999939746,1.4999999999988773,1.2174745816575272,True,False,1.2890907335197346,0.1955283795378339,18.0,2.1421356638613127,0.3999999999970356,1.38879320792818,17.0,0.5132967693391262,1.8823529411764706,0.791731489950517,17.0,15.83462979901034,1.8823529411764706,2,False,3,-1.0,True,False,1.1380095714263223,False,True,False
baseline,48.0,1,127.79999999999724,24,0.6,0.20000000000055707,0.09999999999939746,1.2190356475297337,True,False,1.2907436267961885,0.1905409834337577,18.0,2.1421356638613127,0.29999999999763816,1.38879320792818,17.0,0.5132967693391262,1.8823529411764706,0.791731489950517,17.0,15.83462979901034,1.8823529411764706,2,False,3,-1.0,True,False,1.1380095714263223,False,True,False
baseline,48.0,1,129.2999999999982,9,1.199999999999818,1.199999999999818,0.10000000000110276,1.7331618453080009,False,False,1.8351125420908243,0.3403409903282297,18.0,1.8785949416052312,0.24999999999701572,1.8785949416052312,17.0,0.6943270667785812,1.8823529411764706,0.6943270667785812,17.0,13.886541335571625,1.8823529411764706,1,False,2,-1.0,False,False,0.9980035627277791,True,False,False
baseline,48.0,1,131.49999999999807,23,0.6999999999995623,0.6999999999995623,1.0000000000000568,1.2570562897073854,False,False,1.3310007773372317,0.2201283624561217,18.0,2.3362761712081057,0.249999999997641,2.3362761712081057,17.0,0.8634856536734441,1.8823529411764706,0.8634856536734441,17.0,17.269713073468882,1.8823529411764706,0,False,2,-1.0,False,True,1.2411467159543061,False,True,False
baseline,48.0,1,133.39999999999785,7,1.2999999999991303,1.2999999999991303,0.6000000000001648,2.0634911515440693,False,False,2.172095948993757,0.3812311361268796,20.0,2.1445448405100183,0.04999999999824922,1.9301435708367556,19.0,0.6382868276330864,1.894736842105263,0.6737286316240167,20.0,13.474572632480335,1.9,2,False,2,0.0,True,False,1.1287078107947466,False,True,False
baseline,48.0,1,134.69999999999698,14,0.7999999999994429,0.7999999999994429,1.2999999999991303,1.400595730187666,False,False,1.4784066040869808,0.2398465118135175,19.0,1.5051924219156902,0.24999999999946,1.5051924219156902,18.0,0.5254112727699289,1.8888888888888888,0.5254112727699289,18.0,10.508225455398579,1.8888888888888888,0,False,2,-1.0,False,True,0.7968665763083066,False,False,True
baseline,48.0,1,135.49999999999642,12,0.6,0.20000000000140972,0.7999999999994429,1.3933508710790996,True,False,1.4753126870249291,0.2020859303435207,18.0,1.8906763644010172,0.5500000000002672,1.6555779834227906,17.0,0.6119001917842404,1.8823529411764706,0.6252352607071678,19.0,12.504705214143357,1.894736842105263,3,True,3,1.0,True,False,0.9978569701005369,True,False,False
baseline,48.0,1,136.39999999999688,4,0.9000000000013131,0.9000000000013131,0.5999999999996533,1.7798305737974691,False,False,1.8787100501195508,0.3390749370441299,19.0,1.8885232817710111,0.24999999999994316,1.8885232817710111,17.0,0.6979965727229525,1.8823529411764706,0.6979965727229525,17.0,13.95993145445905,1.8823529411764706,4,False,2,-2.0,True,False,1.0032779934408498,True,False,False
baseline,48.0,1,136.39999999999748,25,0.9000000000007162,0.9000000000007162,0.6000000000002501,1.7798305737974691,False,False,1.8787100501195508,0.3390749370441299,19.0,1.8885232817710111,0.2499999999993463,1.8885232817710111,17.0,0.6979965727229525,1.8823529411764706,0.6979965727229525,17.0,13.95993145445905,1.8823529411764706,4,False,2,-2.0,True,False,1.0032779934408498,True,False,False
baseline,48.0,1,139.4999999999975,13,1.299999999999585,1.299999999999585,2.1999999999993065,1.3300842509897994,False,False,1.408324501048023,0.2009637512491489,18.0,2.441559866977866,0.2500000000000284,,,,,0.8522651712663709,18.0,17.04530342532742,1.8888888888888888,1,False,2,0.0,True,False,1.2925905178118116,False,True,False
baseline,48.0,1,140.79999999999708,15,0.6,0.19999999999984652,1.2999999999990166,2.0305553714951703,True,False,2.1499998051125333,0.3340615599611806,18.0,3.1011350720420845,0.25000000000073896,3.1011350720420845,17.0,1.1461768423667138,1.8823529411764706,1.1461768423667138,17.0,22.923536847334276,1.8823529411764706,1,False,3,-1.0,True,False,1.6474780070223574,False,True,False
baseline,48.0,1,140.99999999999693,24,0.6,0.4000000000009152,0.19999999999984652,1.9790170539350613,True,False,2.0954298218135943,0.3194277354615785,18.0,3.1011350720420845,0.05000000000089244,3.1011350720420845,17.0,1.1461768423667138,1.8823529411764706,1.1461768423667138,17.0,22.923536847334276,1.8823529411764706,2,False,3,-1.0,True,False,1.6474780070223574,False,True,False
baseline,48.0,1,143.399999999998,2,0.6,0.09999999999843112,0.7000000000010118,1.9341088391778953,True,False,2.04787994736483,0.3310470549056412,18.0,2.010862978843347,3.694822225952521e-13,,,,,0.7019235957455496,18.0,14.038471914910993,1.8888888888888888,2,False,2,0.0,True,False,1.0645745182111839,False,True,False
baseline,48.0,1,144.7999999999969,11,1.0000000000006821,1.0000000000006821,0.39999999999943725,1.2780384704926004,False,False,1.3453036531501057,0.227989425005743,20.0,1.839158380458281,0.250000000001819,1.839158380458281,19.0,0.6081985744037723,1.894736842105263,0.6081985744037723,19.0,12.163971488075447,1.894736842105263,2,False,2,-1.0,False,False,0.9706669230196483,False,False,True
baseline,48.0,1,145.7999999999976,7,0.6,0.39999999999918145,1.0000000000006821,1.6290853414347541,True,False,1.719590082625574,0.2344131528792095,19.0,1.845638511687908,0.20000000000135287,1.845638511687908,18.0,0.6442493766112367,1.8888888888888888,0.6442493766112367,18.0,12.884987532224734,1.8888888888888888,1,False,2,-1.0,False,False,0.9771027414818336,False,False,True
baseline,48.0,1,146.19999999999678,17,1.300000000000722,1.300000000000722,0.39999999999918145,1.7279703367770864,False,False,1.8296156507051504,0.2824497743120653,18.0,1.8921586108854744,0.25000000000227374,1.8921586108854744,17.0,0.6993401872217029,1.8823529411764706,0.6993401872217029,17.0,13.986803744434058,1.8823529411764706,1,False,2,-1.0,False,False,1.0052092620329083,True,False,False
baseline,48.0,1,148.89999999999617,3,0.6,0.1000000000007617,0.09999999999908482,1.45111501170061,True,False,1.5317325123506438,0.3289035693195437,19.0,1.708490270595793,0.45000000000354134,,,,,0.564987419245619,19.0,11.29974838491238,1.894736842105263,2,False,2,0.0,True,False,0.9017031983700019,False,False,True
baseline,48.0,1,150.29999999999586,6,1.1000000000009322,1.1000000000009322,1.2999999999989313,1.4521845652679215,False,False,1.5328614855605838,0.2693996642854603,19.0,1.8655326193990327,0.7000000000042235,1.8176597337181255,18.0,0.6344829406860937,1.8888888888888888,0.6511937302373472,18.0,13.023874604746943,1.8888888888888888,0,False,2,-1.0,False,True,0.9876349161524292,True,False,False
baseline,48.0,1,151.3999999999968,24,1.4000000000001194,1.4000000000001194,1.1000000000009322,1.7425301572015026,False,False,1.845031931154532,0.2627204691750868,18.0,1.9336163000564588,0.05000000000339355,,,,,0.6394352382230366,19.0,12.788704764460732,1.894736842105263,1,False,2,1.0,True,False,1.0205197139186866,False,True,False
baseline,48.0,1,153.69999999999544,5,0.6,0.10000000000215437,0.8999999999985278,1.3155259317440275,True,False,1.388610705729807,0.2509591767886446,19.0,2.629722598064616,0.5500000000053831,,,,,0.8261517195058863,20.0,16.523034390117726,1.9,3,True,2,1.0,True,False,1.3840645252971664,False,True,False
baseline,48.0,2,20.50000000000002,14,1.200000000000017,1.200000000000017,0.4000000000000483,1.41707137706797,False,False,1.5004285168954976,0.2923690314095089,18.0,2.5821096384420565,0.40000000000013713,2.566746324375593,17.0,0.9486672230925844,1.8823529411764706,0.9543454906932896,17.0,19.08690981386579,1.8823529411764706,1,False,2,-1.0,False,False,1.3717457454223425,False,True,False
baseline,48.0,2,21.70000000000004,7,1.0999999999999446,1.0999999999999446,1.200000000000017,2.32392256931098,False,False,2.4691677298929164,0.4107536402133803,17.0,2.454233034671939,1.3500311979441904e-13,2.264124243112579,16.0,0.8891195111221286,1.875,0.9070824084614996,17.0,18.141648169229992,1.8823529411764706,0,False,2,0.0,True,True,1.3038112996694675,False,True,False
baseline,48.0,2,23.29999999999999,18,0.6,0.2000000000000739,0.5000000000000071,1.7323983586147162,True,False,1.840673256028136,0.3947483494309095,17.0,2.7119818202948185,0.4000000000002082,1.6551398578148346,16.0,0.6499719022468424,1.875,1.13599228844097,15.0,22.719845768819404,1.8666666666666667,2,False,3,-2.0,True,False,1.452847403729367,False,True,False
baseline,48.0,2,23.500000000000064,12,1.5,1.699999999999907,0.2000000000000739,1.672114318556514,False,True,1.776621463466296,0.3808635869904349,17.0,2.7119818202948185,0.2000000000001343,1.6551398578148346,16.0,0.6499719022468424,1.875,1.13599228844097,15.0,22.719845768819404,1.8666666666666667,2,False,2,-2.0,True,False,1.452847403729367,False,True,False
baseline,48.0,2,28.90000000000014,17,0.7999999999998977,0.7999999999998977,0.40000000000011937,1.2558015505226865,False,False,1.3185916280488208,0.1860733162596114,21.0,2.145933848830754,0.20000000000013785,2.145933848830754,20.0,0.6741650014576366,1.9,0.6741650014576366,20.0,13.483300029152732,1.9,1,False,2,-1.0,False,False,1.1294388678056602,False,True,False
baseline,48.0,2,33.40000000000009,13,0.6,0.5000000000001492,1.900000000000027,1.1979561277776951,True,False,1.2524086790403175,0.1258327627046572,23.0,1.6861228162409465,0.5000000000001208,1.6636154598876698,22.0,0.475127464289228,1.9090909090909092,0.4815555502320627,22.0,9.631111004641253,1.9090909090909092,1,False,2,-1.0,False,False,0.8832071894595434,False,False,True
baseline,48.0,2,33.90000000000024,9,1.5,2.299999999999997,0.5000000000001492,1.6094808700481762,False,True,1.6861228162409465,0.1764497140166037,22.0,1.908592456980189,0.24999999999995737,1.908592456980189,21.0,0.5710495277662719,1.9047619047619047,0.5710495277662719,21.0,11.420990555325439,1.9047619047619047,1,False,2,-1.0,False,False,1.0020110399145994,True,False,False
baseline,48.0,2,36.20000000000024,2,0.6999999999999034,0.6999999999999034,2.299999999999997,1.302038123834661,False,False,1.367140030026394,0.136594149272172,21.0,1.695202264641588,0.2999999999998266,1.695202264641588,19.0,0.5605931558891362,1.894736842105263,0.5605931558891362,19.0,11.211863117782723,1.894736842105263,0,False,2,-2.0,True,True,0.8946900841163937,False,False,True
baseline,48.0,2,36.20000000000024,15,0.6999999999999034,0.6999999999999034,2.299999999999997,1.302038123834661,False,False,1.367140030026394,0.136594149272172,21.0,1.695202264641588,0.2999999999998266,1.695202264641588,19.0,0.5605931558891362,1.894736842105263,0.5605931558891362,19.0,11.211863117782723,1.894736842105263,0,False,2,-2.0,True,True,0.8946900841163937,False,False,True
baseline,48.0,2,40.3000000000003,25,1.0999999999997883,1.0999999999997883,3.400000000000162,1.157577910900797,False,False,1.2185030641061023,0.1183091090300638,20.0,2.0192875388585003,0.34999999999952536,2.019174542984161,19.0,0.6677288326899546,1.894736842105263,0.6677661997435029,19.0,13.355323994870059,1.894736842105263,0,False,2,-1.0,False,True,1.0657350899530975,False,True,False
baseline,48.0,2,46.7000000000004,20,1.5,1.599999999999902,2.5000000000001634,1.2579442263722582,False,True,1.315123509389179,0.1680369126315592,23.0,1.8071992453725851,0.2499999999990692,1.8071992453725851,22.0,0.5161348975305029,1.9090909090909092,0.5161348975305029,22.0,10.322697950610058,1.9090909090909092,0,False,2,-1.0,False,True,0.9466281761475446,False,False,True
baseline,48.0,2,49.30000000000043,23,1.200000000000017,1.200000000000017,1.000000000000128,1.2295003033164102,False,False,1.2853866807398835,0.1626214181377737,23.0,2.043364545382506,0.2999999999988887,2.043364545382506,22.0,0.583583549489048,1.9090909090909092,0.583583549489048,22.0,11.67167098978096,1.9090909090909092,0,False,2,-1.0,False,True,1.0703338094860744,False,True,False
baseline,48.0,2,50.50000000000045,10,1.5,1.5000000000000213,1.200000000000017,1.7199465896612158,False,True,1.8018488082165116,0.2165706397504698,22.0,1.7941357865651928,0.04999999999882476,1.6346534035957996,21.0,0.4890871546573443,1.9047619047619047,0.512403982419614,22.0,10.248079648392281,1.9090909090909092,0,False,2,0.0,True,True,0.939785412010339,False,False,True
baseline,48.0,2,52.00000000000047,8,0.6,0.599999999999902,1.5000000000000213,1.3012099114048088,True,False,1.366270406975049,0.1406451319118899,21.0,1.7667951652786849,0.349999999998694,1.766373103102603,20.0,0.5549224764205745,1.9,0.5550550711637481,20.0,11.101101423274962,1.9,1,False,2,-1.0,False,False,0.9298921922519394,False,False,True
baseline,48.0,2,52.60000000000037,17,1.0000000000001208,1.0000000000001208,0.599999999999902,1.666903848689096,False,False,1.7546356301990482,0.2066363150471657,20.0,1.811052902351137,0.2999999999987608,1.811052902351137,19.0,0.5989042624514531,1.894736842105263,0.5989042624514531,19.0,11.978085249029062,1.894736842105263,1,False,2,-1.0,False,False,0.9558334762408779,False,False,True
baseline,48.0,2,53.60000000000049,3,1.099999999999909,1.099999999999909,1.0000000000001208,1.620321811071932,False,False,1.710339689464817,0.2247168143387717,19.0,1.6965483985494023,0.04999999999859739,1.56456142419463,18.0,0.5461349640377593,1.8888888888888888,0.5610383142465611,19.0,11.220766284931223,1.894736842105263,0,False,2,0.0,True,True,0.8954005436788512,False,False,True
baseline,48.0,2,55.500000000000405,15,1.5,1.8000000000000256,0.8000000000000043,1.2450808294102103,False,True,1.3142519865996665,0.1678971782870465,19.0,1.6643378794657029,0.29999999999856186,1.6643378794657029,18.0,0.5809635172467407,1.8888888888888888,0.5809635172467407,18.0,11.619270344934813,1.8888888888888888,1,False,2,-1.0,False,False,0.8811200538347839,False,False,True
baseline,48.0,2,57.5000000000005,19,0.6,0.39999999999994174,0.2000000000000668,1.1507603193548737,True,False,1.214691448207922,0.2030946382381072,19.0,1.818804968560432,0.34999999999835296,1.8183642687334929,18.0,0.6347288698003686,1.8888888888888888,0.6348827030602298,18.0,12.697654061204595,1.8888888888888888,2,False,2,-1.0,False,False,0.9628967480614051,False,False,True
baseline,48.0,2,57.90000000000044,14,0.6000000000000085,0.6000000000000085,0.39999999999994174,1.7136412479283714,False,False,1.814443674277099,0.2670122462971571,18.0,1.931996281785611,0.39999999999838565,1.9265048396683169,17.0,0.7120345236949608,1.8823529411764706,0.7140641559553496,17.0,14.281283119106991,1.8823529411764706,2,False,2,-1.0,False,False,1.0263730246986058,False,True,False
baseline,48.0,2,61.100000000000485,2,0.6,0.5000000000000071,0.5000000000001137,1.4459625425515665,True,False,1.522065834264807,0.2790948990576133,20.0,1.942677704667067,0.29999999999816396,1.942677704667067,19.0,0.6424317900289198,1.894736842105263,0.6424317900289198,19.0,12.848635800578396,1.894736842105263,2,False,2,-1.0,False,False,1.0253021219076186,False,True,False
baseline,48.0,2,62.1000000000005,23,0.6,0.3999999999999986,0.5000000000000071,1.3316457790047158,True,False,1.4017323989523325,0.208911279157533,20.0,1.9555090925637384,0.49999999999808153,1.951326787553328,19.0,0.645291989529527,1.894736842105263,0.646675052550135,19.0,12.9335010510027,1.894736842105263,2,False,2,-1.0,False,False,1.0320742432975287,False,True,False
baseline,48.0,2,62.5000000000005,12,0.6,0.4000000000000128,0.3999999999999986,1.851982312622785,True,False,1.9548702188796063,0.279656900838605,19.0,2.082916005110837,0.24999999999807443,2.082916005110837,18.0,0.7270748466334229,1.8888888888888888,0.7270748466334229,18.0,14.541496932668458,1.8888888888888888,3,False,2,-1.0,False,False,1.1027202379998549,False,True,False
baseline,48.0,2,62.90000000000051,7,0.6,0.20000000000011653,0.4000000000000128,1.9576756715352661,True,False,2.0728330639785173,0.3628244509697892,18.0,2.2623785572901567,0.4999999999980247,1.923647143813999,17.0,0.7109783217770644,1.8823529411764706,0.8884339819027289,16.0,17.76867963805458,1.875,4,False,3,-2.0,True,False,1.206601897221417,False,True,False
baseline,48.0,2,63.10000000000063,4,0.6,0.3999999999997783,0.20000000000011653,1.9324865706555363,True,False,2.0461622512823325,0.3535790062835992,18.0,2.3627075043425223,0.4999999999978968,1.923647143813999,17.0,0.7109783217770644,1.8823529411764706,0.873254651555758,17.0,17.46509303111516,1.8823529411764706,3,False,2,-1.0,False,False,1.255188361681965,False,True,False
baseline,48.0,2,64.00000000000053,5,1.4999999999999858,1.4999999999999858,0.5000000000001208,2.097347037215967,False,False,2.228431227041965,0.4324771120551215,17.0,2.978679551812323,0.24999999999796785,2.978679551812323,16.0,1.1697247246714664,1.875,1.1697247246714664,16.0,23.394494493429328,1.875,2,False,2,-1.0,False,False,1.5886290942999055,False,True,False
baseline,48.0,2,66.2000000000004,8,1.2999999999999545,1.2999999999999545,0.29999999999996874,2.1722992628447613,False,False,2.300081572423865,0.4329325473714238,18.0,2.270735657726311,0.049999999997979216,2.0378756463423127,17.0,0.7531970775857131,1.8823529411764706,0.7926362733952628,18.0,15.852725467905255,1.8888888888888888,3,False,3,0.0,True,False,1.2021541717374586,False,True,False
baseline,48.0,2,66.20000000000041,14,1.2999999999999403,1.2999999999999403,0.29999999999998295,2.1722992628447613,False,False,2.300081572423865,0.4329325473714238,18.0,2.270735657726311,0.049999999997965006,2.0378756463423127,17.0,0.7531970775857131,1.8823529411764706,0.7926362733952628,18.0,15.852725467905255,1.8888888888888888,3,False,3,0.0,True,False,1.2021541717374586,False,True,False
baseline,48.0,2,67.50000000000036,9,1.5,1.6000000000001222,1.2999999999999403,1.9803536437905134,False,True,2.1123772200432143,0.3913559863550621,16.0,2.839206698397696,0.34999999999793374,2.839036784247809,15.0,1.1892129472885475,1.8666666666666667,1.1892841207612177,15.0,23.785682415224354,1.8666666666666667,0,False,2,-1.0,False,True,1.5210035884273372,False,True,False
baseline,48.0,2,69.50000000000045,2,0.6,0.09999999999986642,0.39999999999997726,2.3727534832747503,True,False,2.5309370488264005,0.4672091659411798,16.0,2.5092188935874398,0.04999999999773763,2.251398853074393,15.0,0.9430637462825332,1.8666666666666667,0.985367955292876,16.0,19.70735910585752,1.875,2,False,3,0.0,True,False,1.3382500765799679,False,True,False
baseline,48.0,2,69.60000000000032,24,0.6,0.5000000000001847,0.09999999999986642,2.332057791801504,True,False,2.4875283112549376,0.4593758469197749,16.0,2.465889236861482,0.04999999999786553,2.251398853074393,15.0,0.9430637462825332,1.8666666666666667,0.9683524388862716,16.0,19.367048777725433,1.875,3,False,3,0.0,True,False,1.3151409263261238,False,True,False
baseline,48.0,2,70.50000000000048,23,0.6,0.4000000000000341,0.39999999999997726,1.8573031911206266,True,False,1.9899677047721,0.451616594771398,15.0,2.086883988147941,0.09999999999764952,,,,,0.8195174257574678,16.0,16.390348515149356,1.875,4,False,2,1.0,True,False,1.1130047936789018,False,True,False
baseline,48.0,2,73.29999999999993,18,0.6999999999999176,0.6999999999999176,1.2999999999994003,1.6374507678091283,False,False,1.7337714012096652,0.3389978936098997,18.0,1.721703991381516,0.04999999999805027,1.6069683205834475,17.0,0.5939341024113514,1.8823529411764706,0.6009880678867106,18.0,12.019761357734211,1.8888888888888888,0,False,2,0.0,True,True,0.9114903483784497,False,False,True
baseline,48.0,2,73.99999999999984,15,0.6,0.20000000000055707,0.6999999999999176,1.4961831598001933,True,False,1.5896946072877054,0.2993673921157362,17.0,1.6479157383147192,0.4999999999980673,,,,,0.5752311085805024,18.0,11.504622171610048,1.8888888888888888,4,False,2,1.0,True,False,0.8724259791077925,False,False,True
baseline,48.0,2,74.3000000000003,12,0.6,0.2999999999996277,0.09999999999988063,1.542206282605198,True,False,1.6329242992290334,0.4154164385802979,18.0,2.15815796806192,0.5999999999975927,1.5585604554097028,17.0,0.5760425972812571,1.8823529411764706,0.8475066522187005,16.0,16.95013304437401,1.875,4,True,3,-2.0,True,False,1.1510175829663574,False,True,False
baseline,48.0,2,74.59999999999992,20,0.6,0.40000000000036096,0.2999999999996277,1.4682587145255486,True,False,1.5600248841833952,0.3595358890925252,17.0,2.15815796806192,0.299999999997965,2.15815796806192,16.0,0.8475066522187005,1.875,0.8475066522187005,16.0,16.95013304437401,1.875,6,False,2,-1.0,False,False,1.1510175829663574,False,True,False
baseline,48.0,2,75.00000000000028,7,0.6,0.19999999999960494,0.40000000000036096,2.02190254801151,True,False,2.1566960512122773,0.4047965917705409,16.0,2.1540964275804986,0.04999999999759552,1.997503825807753,15.0,0.8367124459566857,1.8666666666666667,0.845911689001364,16.0,16.91823378002728,1.875,6,False,3,0.0,True,False,1.1488514280429325,False,True,False
baseline,48.0,2,75.19999999999989,11,0.6,0.3000000000004661,0.19999999999960494,2.0047709875450623,True,False,2.1384223867147334,0.3856380947304805,16.0,1.997503825807753,0.049999999997979216,1.997503825807753,15.0,0.8367124459566857,1.8666666666666667,0.8367124459566857,15.0,16.734248919133712,1.8666666666666667,6,False,2,-1.0,False,False,1.0700913352541535,False,True,False
baseline,48.0,2,76.9999999999999,21,0.6,0.5000000000003126,1.4999999999995453,1.356329448417443,True,False,1.4532101233044032,0.2035189957696258,15.0,2.2725516611229635,0.5999999999978343,2.1297073891385767,14.0,0.9558104411448074,1.8571428571428572,0.9519242137982912,15.0,19.038484275965825,1.8666666666666667,2,True,2,0.0,True,False,1.2174383898873018,False,True,False
baseline,48.0,2,77.50000000000021,5,0.6,0.100000000000108,0.5000000000003126,1.9753862660752664,True,False,2.127339055773364,0.3528346201672976,14.0,2.4129526266294,0.19999999999751594,,,,,0.9475642806598898,16.0,18.951285613197797,1.875,3,False,3,2.0,True,False,1.28690806753568,False,True,False
baseline,48.0,2,78.60000000000048,23,1.5,2.6999999999989512,0.09999999999999432,1.9896948826253462,False,True,2.1223412081337028,0.4888475781510793,16.0,2.0995453227819647,0.04999999999719762,1.852051964579768,15.0,0.7757857127987124,1.8666666666666667,0.8244895202413289,16.0,16.48979040482658,1.875,1,False,2,0.0,True,False,1.1197575054837146,False,True,False
baseline,48.0,2,81.29999999999943,17,0.700000000000415,0.700000000000415,2.6999999999989512,1.3260920345576868,False,False,1.4208128941689502,0.1936764065275099,15.0,1.95963848268939,0.2999999999980787,,,,,0.8208514481211782,15.0,16.417028962423565,1.8666666666666667,1,False,2,0.0,True,False,1.0498063300121732,False,True,False
baseline,48.0,2,82.1,4,0.6,0.20000000000030127,0.10000000000015064,1.3362914306712543,True,False,1.425377526049338,0.1858882311534792,16.0,2.029942981872149,0.5999999999974506,,,,,0.750265171653612,17.0,15.005303433072239,1.8823529411764706,5,True,2,1.0,True,False,1.078407209119579,False,True,False
baseline,48.0,2,87.59999999999907,13,1.5,1.7000000000003581,0.9999999999985931,1.303198744654811,False,True,1.3652558277336115,0.1872479022858587,22.0,1.83559937967142,0.2999999999980787,1.83559937967142,21.0,0.5492100501056871,1.9047619047619047,0.5492100501056871,21.0,10.984201002113743,1.9047619047619047,1,False,2,-1.0,False,False,0.9636896743274956,False,False,True
baseline,48.0,2,90.09999999999944,18,0.6,0.3999999999996362,0.8000000000000114,1.2470813054119498,True,False,1.3064661294791855,0.1858755332745497,22.0,1.671343337337272,0.2999999999975529,,,,,0.4773345409277292,22.0,9.546690818554584,1.9090909090909092,3,False,2,0.0,True,False,0.8754655576528567,False,False,True
baseline,48.0,2,90.49999999999908,19,1.5,3.5000000000005826,0.399999999999082,1.5732022756677433,False,True,1.6481166697471596,0.2436944103075807,22.0,2.426082582340926,0.29999999999790816,2.426082582340926,21.0,0.725882211208039,1.9047619047619047,0.725882211208039,21.0,14.51764422416078,1.9047619047619047,2,False,2,-1.0,False,False,1.2736933557289862,False,True,False
baseline,48.0,2,93.99999999999966,7,1.5,1.5999999999994259,3.5000000000005826,1.2338513764067973,False,True,1.2955439452271371,0.1445547966605873,21.0,1.6237419311896093,0.44999999999711804,1.6177756926621187,20.0,0.5082392231223452,1.9,0.510113572235098,20.0,10.20227144470196,1.9,0,False,2,-1.0,False,True,0.8546010164155838,False,False,True
baseline,48.0,2,96.39999999999914,11,1.5,1.7000000000003013,0.800000000000054,1.1673910125709046,False,True,1.2257605631994497,0.1737806536792065,21.0,2.1867847861163274,0.44999999999750173,2.1803687283028075,20.0,0.6849830378953019,1.9,0.6869987019044981,20.0,13.739974038089962,1.9,1,False,2,-1.0,False,False,1.1509393611138565,False,True,False
baseline,48.0,2,98.99999999999888,13,1.5,3.0000000000007816,0.49999999999980105,1.5100857914561516,False,True,1.5819946386683494,0.257497073579232,22.0,1.865290802787764,0.5499999999976097,1.8496441460082436,21.0,0.5534122343671299,1.9047619047619047,0.558093703128252,21.0,11.16187406256504,1.9047619047619047,2,False,2,-1.0,False,False,0.9792776714635761,False,False,True
baseline,48.0,2,105.6999999999985,15,1.3000000000003809,1.3000000000003809,1.2999999999993577,1.3021745448904978,False,False,1.361364296930975,0.1576140377551396,23.0,1.816059204250818,0.39999999999761826,1.81327240243478,22.0,0.5178693871314746,1.9090909090909092,0.5186652958689542,22.0,10.373305917379083,1.9090909090909092,0,False,2,-1.0,False,True,0.9512691069885236,False,False,True
baseline,48.0,2,107.99999999999802,25,1.0000000000005116,1.0000000000005116,0.9999999999991473,1.3009165730749028,False,False,1.3600491445783076,0.1619141134079986,23.0,1.9504633182166444,0.2999999999979792,1.9504633182166444,22.0,0.557051021055071,1.9090909090909092,0.557051021055071,22.0,11.14102042110142,1.9090909090909092,1,False,2,-1.0,False,False,1.0216712619230042,False,True,False
baseline,48.0,2,108.99999999999854,21,1.5,3.200000000000159,1.0000000000005116,1.7459294393600182,False,True,1.8290689364724,0.2251174654838688,22.0,1.8128519035924195,0.04999999999742499,1.704384489218247,21.0,0.5099506466876607,1.9047619047619047,0.5177492929429288,22.0,10.354985858858576,1.9090909090909092,0,False,2,0.0,True,True,0.949589092357934,False,False,True
baseline,48.0,2,112.1999999999987,11,0.6,0.19999999999906493,3.200000000000159,1.2414664404806948,True,False,1.3035397625047296,0.1457002214730514,21.0,1.9681861112488075,0.49999999999704414,1.5559164505659877,20.0,0.4888055690697612,1.9,0.6508672661049175,19.0,13.01734532209835,1.894736842105263,1,False,3,-2.0,True,False,1.0387648920479817,False,True,False
baseline,48.0,2,112.39999999999776,3,1.3000000000007361,1.3000000000007361,0.19999999999906493,1.2437084476985172,False,False,1.305893870083443,0.1438589897043462,21.0,1.9681861112488075,0.2999999999979792,1.5559164505659877,20.0,0.4888055690697612,1.9,0.6508672661049175,19.0,13.01734532209835,1.894736842105263,1,False,3,-2.0,True,False,1.0387648920479817,False,True,False
baseline,48.0,2,117.09999999999846,4,1.5,2.0999999999994543,0.09999999999992326,1.3069798797473748,False,True,1.3692170168782023,0.1964601723739857,22.0,2.217907161909131,0.4999999999970015,2.210367153408714,21.0,0.6613403057985714,1.9047619047619047,0.663596271066468,21.0,13.27192542132936,1.9047619047619047,1,False,2,-1.0,False,False,1.1644012600022937,False,True,False
baseline,48.0,2,119.19999999999791,19,0.6,0.09999999999992326,2.0999999999994543,1.6630726959337854,True,False,1.7462263307304746,0.205503764959128,21.0,1.8803527598401597,0.549999999997425,1.5512009020022464,20.0,0.4873241357972118,1.9,0.6218213069969618,19.0,12.436426139939236,1.894736842105263,1,True,3,-2.0,True,False,0.992408401026751,True,False,False
baseline,48.0,2,119.29999999999784,8,0.9000000000008583,0.9000000000008583,0.09999999999992326,1.625043573293201,False,False,1.7062957519578612,0.1991328373193974,21.0,1.8803527598401597,0.44999999999750173,1.5512009020022464,20.0,0.4873241357972118,1.9,0.6218213069969618,19.0,12.436426139939236,1.894736842105263,1,False,3,-2.0,True,False,0.992408401026751,True,False,False
baseline,48.0,2,120.69999999999789,24,1.5,2.59999999999971,0.30000000000012506,1.4723003958349412,False,True,1.5459154156266883,0.301356037976893,21.0,1.8640802258223657,0.2499999999973994,1.8640802258223657,20.0,0.5856180743145547,1.9,0.5856180743145547,20.0,11.712361486291094,1.9,3,False,3,-1.0,True,False,0.981094855695982,True,False,False
baseline,48.0,2,120.69999999999814,18,1.5,2.5999999999994543,0.30000000000038085,1.4723003958349412,False,True,1.5459154156266883,0.301356037976893,21.0,1.8640802258223657,0.24999999999714362,1.8640802258223657,20.0,0.5856180743145547,1.9,0.5856180743145547,20.0,11.712361486291094,1.9,3,False,3,-1.0,True,False,0.981094855695982,True,False,False
baseline,48.0,2,123.2999999999976,25,0.6,0.1999999999995481,2.5999999999994543,1.2341955416822217,True,False,1.3027619606645673,0.1515259289429299,19.0,1.9237783854935837,0.29999999999752447,1.9237783854935837,18.0,0.6715253381112749,1.8888888888888888,0.6715253381112749,18.0,13.430506762225498,1.8888888888888888,1,False,3,-1.0,True,False,1.0184709099671914,True,False,False
baseline,48.0,2,123.49999999999714,16,0.9999999999999432,0.9999999999999432,0.1999999999995481,1.1853061138992242,False,False,1.2511564535602924,0.1426197640445628,19.0,1.9237783854935837,0.09999999999797637,1.9237783854935837,18.0,0.6715253381112749,1.8888888888888888,0.6715253381112749,18.0,13.430506762225498,1.8888888888888888,1,False,3,-1.0,True,False,1.0184709099671914,True,False,False
baseline,48.0,2,124.49999999999709,6,0.6000000000013728,0.6000000000013728,0.9999999999999432,1.679015183725953,False,False,1.783953632708825,0.2824370277976715,17.0,1.7849949370430698,0.24999999999795364,1.7849949370430698,16.0,0.7009658726136854,1.875,0.7009658726136854,16.0,14.019317452273707,1.875,1,False,2,-1.0,False,False,0.9519972997563039,False,False,True
baseline,48.0,2,126.1999999999979,5,1.0000000000000142,1.0000000000000142,1.09999999999944,1.198263887428574,False,False,1.27315538039286,0.2065554106243579,17.0,1.9540044527639877,0.2999999999970555,1.9540044527639877,16.0,0.7673357542356358,1.875,0.7673357542356358,16.0,15.346715084712717,1.875,0,False,2,-1.0,False,True,1.0421357081407934,False,True,False
baseline,48.0,2,128.7999999999973,3,1.299999999999926,1.299999999999926,0.09999999999917009,1.6013481197209913,False,False,1.6856295997063064,0.3236072806575843,20.0,2.7033719528971725,0.2499999999977831,2.7033719528971725,19.0,0.8939887860149947,1.894736842105263,0.8939887860149947,19.0,17.879775720299893,1.894736842105263,2,False,2,-1.0,False,False,1.426779641806841,False,True,False
baseline,48.0,2,130.09999999999724,14,0.6,0.4000000000000057,1.299999999999926,2.119588072140919,True,False,2.2373429650376364,0.3553057114616452,19.0,2.208853359543867,0.049999999998107114,2.0400061485422785,18.0,0.7120964810598256,1.8888888888888888,0.7304544723368576,19.0,14.609089446737151,1.894736842105263,2,False,2,0.0,True,False,1.1657837175370411,False,True,False
baseline,48.0,2,130.49999999999724,9,0.6,0.10000000000090381,0.4000000000000057,1.9179679919071317,True,False,2.030789638489904,0.3883512377777931,18.0,2.2186907305011894,0.44999999999828333,1.883734788500604,17.0,0.6962267497488259,1.8823529411764706,0.8712778124412885,16.0,17.42555624882577,1.875,4,False,3,-2.0,True,False,1.1833017229339677,False,True,False
baseline,48.0,2,130.59999999999815,4,0.6,0.2999999999993861,0.10000000000090381,1.9073430043288522,True,False,2.0195396516423143,0.3792085339693665,18.0,2.4149341911489968,0.549999999997425,1.883734788500604,17.0,0.6962267497488259,1.8823529411764706,1.0115652685088663,15.0,20.231305370177324,1.8666666666666667,4,True,4,-3.0,True,False,1.293714745258391,False,True,False
baseline,48.0,2,130.89999999999753,12,0.6,0.10000000000022169,0.2999999999993861,2.079791831210487,True,False,2.2184446199578525,0.4518768502966127,16.0,2.4149341911489968,0.2499999999980389,2.4149341911489968,15.0,1.0115652685088663,1.8666666666666667,1.0115652685088663,15.0,20.231305370177324,1.8666666666666667,6,False,3,-1.0,True,False,1.293714745258391,False,True,False
baseline,48.0,2,130.99999999999775,21,0.6,0.29999999999986926,0.10000000000022169,2.0794964610651148,True,False,2.218129558469456,0.4475034137075103,16.0,2.4545040996791765,0.5999999999979195,2.4149341911489968,15.0,1.0115652685088663,1.8666666666666667,0.9638815059697664,16.0,19.27763011939533,1.875,6,True,3,0.0,True,False,1.3090688531622274,False,True,False
baseline,48.0,2,131.79999999999748,15,0.6999999999996191,0.6999999999996191,0.300000000000324,2.224366941634245,False,False,2.372658071076528,0.5503712315768313,16.0,2.349650344005359,0.04999999999824922,2.1087745392828947,15.0,0.8833214134251124,1.8666666666666667,0.9227055324039956,16.0,18.45411064807991,1.875,4,False,2,0.0,True,False,1.2531468501361913,False,True,False
baseline,48.0,2,133.3999999999974,13,0.8000000000004945,0.8000000000004945,0.9000000000002899,1.4178818473560797,False,False,1.512407303846485,0.273780916949089,16.0,2.593800396071952,0.24999999999874944,2.593800396071952,15.0,1.0864885692237252,1.8666666666666667,1.0864885692237252,15.0,21.729771384474503,1.8666666666666667,1,False,2,-1.0,False,False,1.3895359264671172,False,True,False
baseline,48.0,2,134.99999999999778,7,1.5,1.7999999999995282,0.7999999999998977,2.092028596688736,False,True,2.2314971698013184,0.3744148621868063,16.0,2.208811350581869,0.04999999999867555,1.9869110624866688,15.0,0.8322753596325878,1.8666666666666667,0.8673981890192186,16.0,17.347963780384372,1.875,1,False,2,0.0,True,False,1.1780327203103302,False,True,False
baseline,48.0,2,137.1999999999974,24,0.8999999999998352,0.8999999999998352,0.40000000000009095,1.415355658052541,False,False,1.5097127019227103,0.360838975074186,16.0,1.5013941608406811,0.04999999999955662,1.3793905848721708,15.0,0.5777977770487119,1.8666666666666667,0.5895961082299621,16.0,11.791922164599242,1.875,1,False,2,0.0,True,False,0.8007435524483633,False,False,True
baseline,48.0,2,138.3999999999963,10,0.6,0.10000000000093223,0.29999999999907345,1.352784279775724,True,False,1.4429698984274388,0.2599795399297271,16.0,2.641756518645732,0.3000000000009777,,,,,0.9763909260647504,17.0,19.527818521295007,1.8823529411764706,4,False,2,1.0,True,False,1.4034331505305453,False,True,False
baseline,48.0,2,140.19999999999712,25,0.9999999999991758,0.9999999999991758,0.3999999999996362,2.027436173525328,False,False,2.1341433405529773,0.3476392241447063,20.0,2.1090272085029604,5.115907697472721e-13,2.0666442925445807,19.0,0.68342679232014,1.894736842105263,0.662570438445389,20.0,13.25140876890778,1.9,1,False,2,0.0,True,False,1.1100143202647161,False,True,False
baseline,48.0,2,141.1999999999963,22,0.6,0.20000000000109708,0.9999999999991758,1.8176483136900463,True,False,1.9186287755617155,0.3017657821594808,19.0,1.9019699628725637,1.5631940186722204e-12,1.7338381996937844,18.0,0.6052237056301495,1.8888888888888888,0.6289699855483049,19.0,12.579399710966097,1.894736842105263,3,False,2,0.0,True,False,1.0038174804049642,True,False,False
baseline,48.0,2,141.69999999999658,6,1.300000000001205,1.300000000001205,0.29999999999918714,1.7018701964653293,False,False,1.796418540713403,0.3439567995896023,19.0,1.8505521784346357,0.2500000000014495,1.8505521784346357,18.0,0.6459645698727599,1.8888888888888888,0.6459645698727599,18.0,12.919291397455197,1.8888888888888888,2,False,2,-1.0,False,False,0.9797040944653954,False,False,True
baseline,48.0,2,144.19999999999726,18,0.6,0.2999999999999261,1.199999999999477,1.3944155645807088,True,False,1.4718830959463038,0.2214727185333228,19.0,1.707277822140704,0.550000000001404,1.5740900011851915,18.0,0.5494610648680607,1.8888888888888888,0.6310084074910609,17.0,12.620168149821218,1.8823529411764706,1,True,3,-2.0,True,False,0.9069913430122489,False,False,True
baseline,48.0,2,144.4999999999972,12,0.700000000000216,0.700000000000216,0.2999999999999261,1.486640556674903,False,False,1.5740900011851915,0.239029951709615,18.0,1.708034072770132,0.35000000000150067,1.707277822140704,17.0,0.6310084074910609,1.8823529411764706,0.6312879170700825,17.0,12.62575834140165,1.8823529411764706,1,False,2,-1.0,False,False,0.9073931011591326,False,False,True
baseline,48.0,2,148.69999999999607,17,0.6,0.300000000000324,0.4999999999989484,1.2489438656654959,True,False,1.3146777533321008,0.2118991604888734,20.0,2.312744418682767,0.2500000000035527,2.312744418682767,19.0,0.7648106184594292,1.894736842105263,0.7648106184594292,19.0,15.296212369188584,1.894736842105263,3,False,2,-1.0,False,False,1.2206151098603493,False,True,False
baseline,48.0,2,148.9999999999964,2,0.6,0.19999999999990337,0.300000000000324,2.1910210282257796,True,False,2.312744418682767,0.3527292498079764,19.0,2.3102288236897235,3.240074875066057e-12,,,,,0.7639787263805289,19.0,15.279574527610578,1.894736842105263,3,False,1,0.0,True,False,1.219287434725132,False,True,False
baseline,48.0,2,150.79999999999694,5,0.7999999999995282,0.7999999999995282,1.1000000000003638,1.7739068144127608,False,False,1.8672703309608008,0.3130835894750652,20.0,2.408361491803217,0.2500000000031548,2.408361491803217,19.0,0.7964306073513203,1.894736842105263,0.7964306073513203,19.0,15.928612147026406,1.894736842105263,0,False,2,-1.0,False,True,1.2710796762294758,False,True,False
baseline,48.0,2,151.59999999999647,14,0.6,0.29999999999998295,0.7999999999995282,2.076765885081668,True,False,2.192141767586205,0.3498165113096774,19.0,2.165909702764252,3.751665644813329e-12,1.9201676005766843,18.0,0.6702649364036501,1.8888888888888888,0.7162532642676869,19.0,14.325065285353737,1.894736842105263,3,False,3,0.0,True,False,1.1431190097922443,False,True,False
baseline,48.0,2,151.89999999999645,6,0.6,0.19999999999953388,0.29999999999998295,1.8134916227668687,True,False,1.9201676005766843,0.3722359582976627,18.0,2.639439517339026,0.45000000000393925,1.7970582737596756,17.0,0.664191184813665,1.8823529411764706,0.975534564384338,17.0,19.51069128768676,1.8823529411764706,4,False,2,-1.0,False,False,1.4022022435863577,False,True,False
baseline,48.0,2,152.099999999996,20,0.6,0.10000000000127329,0.19999999999953388,1.7982199947769004,True,False,1.9039976415284827,0.3527506055659603,18.0,2.782423753078435,0.45000000000445084,1.7970582737596756,17.0,0.664191184813665,1.8823529411764706,0.971249113538328,18.0,19.42498227076656,1.8888888888888888,5,False,2,0.0,True,False,1.4730478692768185,False,True,False
baseline,48.0,2,152.399999999997,21,0.6,0.10000000000019327,0.19999999999973284,2.4841783692602597,True,False,2.639439517339026,0.5465559865597651,17.0,2.782423753078435,0.1500000000034447,,,,,0.971249113538328,18.0,19.42498227076656,1.8888888888888888,5,False,2,1.0,True,False,1.4730478692768185,False,True,False
baseline,48.0,3,23.600000000000065,2,0.6,0.09999999999991971,0.7000000000000739,1.3401485260083954,True,False,1.4039651224849858,0.284079339658818,22.0,2.531665797352489,0.20000000000013785,2.531665797352489,21.0,0.7574726352673453,1.9047619047619047,0.7574726352673453,21.0,15.149452705346906,1.9047619047619047,2,False,3,-1.0,True,False,1.329124543610057,False,True,False
baseline,48.0,3,23.699999999999985,4,1.5,2.1999999999999993,0.09999999999991971,1.3399452286992526,False,True,1.403752144351598,0.2742576343630863,22.0,2.531665797352489,0.10000000000021814,2.531665797352489,21.0,0.7574726352673453,1.9047619047619047,0.7574726352673453,21.0,15.149452705346906,1.9047619047619047,2,False,3,-1.0,True,False,1.329124543610057,False,True,False
baseline,48.0,3,26.100000000000065,18,0.6,0.1999999999999531,0.200000000000081,1.6768713902817707,True,False,1.7607149597958591,0.3472802401591363,21.0,1.733709232128711,1.7408297026122455e-13,1.6057766218312095,20.0,0.5044696038451164,1.9,0.5187245892491772,21.0,10.374491784983544,1.9047619047619047,2,False,2,0.0,True,False,0.9101973468675734,False,False,True
baseline,48.0,3,27.800000000000047,9,0.6,0.10000000000007958,1.5000000000000284,1.428382028247048,True,False,1.4998011296594005,0.191512793999785,21.0,1.8052632165832607,0.3000000000002174,1.534930285744166,20.0,0.4822125709466354,1.9,0.5969896483172477,19.0,11.939792966344953,1.894736842105263,1,False,3,-2.0,True,False,0.9527778087522766,False,False,True
baseline,48.0,3,27.900000000000126,14,0.9000000000000128,0.9000000000000128,0.10000000000007958,1.412514155028677,False,False,1.483139862780111,0.1828513764811427,21.0,1.8052632165832607,0.20000000000013785,1.534930285744166,20.0,0.4822125709466354,1.9,0.5969896483172477,19.0,11.939792966344953,1.894736842105263,1,False,3,-2.0,True,False,0.9527778087522766,False,False,True
baseline,48.0,3,28.80000000000014,23,0.9000000000000128,0.9000000000000128,0.9000000000000128,1.636288603082787,False,False,1.7271935254762751,0.2455619192599852,19.0,1.7163611084070136,1.3500311979441904e-13,1.6077871660226408,18.0,0.5612235943680757,1.8888888888888888,0.5675902577977587,19.0,11.351805155955175,1.894736842105263,1,False,2,0.0,True,False,0.9058572516592572,False,False,True
baseline,48.0,3,29.700000000000152,15,1.5,1.8999999999999133,0.9000000000000128,1.4472773476990546,False,True,1.5324113093284109,0.1999775425092217,18.0,2.3008905819786327,0.20000000000013785,2.3008905819786327,17.0,0.8504071704774137,1.8823529411764706,0.8504071704774137,17.0,17.008143409548275,1.8823529411764706,1,False,2,-1.0,False,False,1.2223481216761487,False,True,False
baseline,48.0,3,33.00000000000023,21,0.6,0.5999999999998948,1.3000000000002423,1.320777078729657,True,False,1.394153583103527,0.2224101000531921,19.0,2.0370406279154163,0.2500000000000213,2.0370406279154163,18.0,0.7110613190803345,1.8888888888888888,0.7110613190803345,18.0,14.22122638160669,1.8888888888888888,1,False,2,-1.0,False,False,1.0784332736022793,False,True,False
baseline,48.0,3,33.60000000000012,25,0.6,0.49999999999994316,0.5999999999998948,1.8864262839545733,True,False,1.9973925359519011,0.3194125381335114,18.0,1.9921570180289847,1.0658141036401503e-13,1.8141618072007604,17.0,0.6705126359911873,1.8823529411764706,0.6953939836263565,18.0,13.90787967252713,1.8888888888888888,2,False,2,0.0,True,False,1.0546713624859332,False,True,False
baseline,48.0,3,34.70000000000022,13,1.0999999999998238,1.0999999999998238,0.6000000000001577,1.6222063922182992,False,False,1.717630297642905,0.3424634354455059,18.0,2.251532006524492,0.2999999999999261,2.251532006524492,17.0,0.8321642836493681,1.8823529411764706,0.8321642836493681,17.0,16.64328567298736,1.8823529411764706,1,False,2,-1.0,False,False,1.1961263784661365,False,True,False
baseline,48.0,3,36.80000000000025,7,0.8999999999998991,0.8999999999998991,0.9000000000001265,1.3263539490042782,False,False,1.4000402795045157,0.2378101257477838,19.0,1.6890998793080838,0.2999999999997769,,,,,0.5585751338961771,19.0,11.171502677923542,1.894736842105263,2,False,2,0.0,True,False,0.8914693807459332,False,False,True
baseline,48.0,3,38.30000000000016,15,0.8000000000001606,0.8000000000001606,0.6000000000000085,1.3011209657563334,False,False,1.369601016585614,0.2198619434587771,20.0,1.3614078822854894,0.049999999999798206,1.182574779022713,19.0,0.3910703408524556,1.894736842105263,0.4276989001527331,20.0,8.553978003054661,1.9,1,False,2,0.0,True,False,0.7165304643607839,False,False,True
baseline,48.0,3,39.10000000000032,16,0.7999999999999119,0.7999999999999119,0.8000000000001606,1.1600123163855212,False,False,1.2244574450736057,0.1003978911517461,19.0,1.952951023454512,0.4499999999995694,1.945851675948684,18.0,0.6792303700150857,1.8888888888888888,0.6817085097894848,18.0,13.634170195789697,1.8888888888888888,1,False,2,-1.0,False,False,1.0339152477112123,False,True,False
baseline,48.0,3,39.90000000000023,6,1.0999999999999943,1.0999999999999943,0.7999999999999119,1.8132480561639133,False,False,1.9199097065264965,0.2312359138824384,18.0,1.910743376562822,0.04999999999963478,1.7617405349651316,17.0,0.6511377790797424,1.8823529411764706,0.666975261633902,18.0,13.33950523267804,1.8888888888888888,1,False,2,0.0,True,False,1.0115700228862,True,False,False
baseline,48.0,3,45.50000000000038,22,0.799999999999784,0.799999999999784,0.7000000000001236,1.2460491288171398,False,False,1.3083515852579968,0.2475222977731441,21.0,1.7576846392319545,0.3499999999991559,1.7575525616370031,20.0,0.5521514215936731,1.9,0.5521929149938734,20.0,11.043858299877467,1.9,1,False,2,-1.0,False,False,0.925097178543134,False,False,True
baseline,48.0,3,47.00000000000029,13,0.6,0.10000000000002984,0.7000000000001307,1.489888241817636,True,False,1.564382653908518,0.2309114599341079,21.0,2.252901780378677,0.5999999999991417,2.2403844121858407,20.0,0.7038375210540124,1.9,0.7077699682497016,20.0,14.155399364994032,1.9,3,True,3,-1.0,True,False,1.185737779146672,False,True,False
baseline,48.0,3,47.10000000000043,19,0.7999999999998053,0.7999999999998053,0.10000000000013642,1.4541273116636162,False,False,1.526833677246797,0.2226383309845172,21.0,2.252901780378677,0.49999999999900524,2.2403844121858407,20.0,0.7038375210540124,1.9,0.7077699682497016,20.0,14.155399364994032,1.9,3,False,3,-1.0,True,False,1.185737779146672,False,True,False
baseline,48.0,3,48.2000000000003,7,0.6,0.49999999999992184,0.3000000000000682,2.1581552473970453,True,False,2.266063009766898,0.404535805584209,21.0,2.25070866404158,0.049999999999101874,2.0595808223305165,20.0,0.6470363980907976,1.9,0.6734104575546596,21.0,13.468209151093191,1.9047619047619047,2,False,2,0.0,True,False,1.1816220486218294,False,True,False
baseline,48.0,3,48.70000000000022,25,0.9000000000001478,0.9000000000001478,0.49999999999992184,1.883255443676423,False,False,1.98237415123834,0.3879475700621266,20.0,1.962066800086088,0.04999999999914451,1.7638128600194118,19.0,0.5832822656151775,1.894736842105263,0.6164014645002887,20.0,12.328029290005773,1.9,2,False,2,0.0,True,False,1.0326667368874147,False,True,False
baseline,48.0,3,49.60000000000037,17,1.5,3.9000000000000057,0.9000000000001478,1.4913305946703197,False,True,1.5741822943742263,0.265330768378691,19.0,1.6852108150984657,0.6999999999989086,1.6433761560612477,18.0,0.5736464954407388,1.8888888888888888,0.5882495462737118,18.0,11.764990925474237,1.8888888888888888,1,False,2,-1.0,False,False,0.8921704315227171,False,False,True
baseline,48.0,3,53.800000000000296,4,0.6,0.20000000000005258,0.299999999999919,1.2177178118822791,True,False,1.2853688014312947,0.2503925000899822,19.0,2.191395912255388,0.4499999999987594,1.7652315402350285,18.0,0.6161820487430401,1.8888888888888888,0.8099380351821446,17.0,16.19876070364289,1.8823529411764706,2,False,3,-2.0,True,False,1.164179078385675,False,True,False
baseline,48.0,3,54.00000000000035,18,0.6,0.4000000000001549,0.20000000000005258,1.212395905607686,True,False,1.2797512336970018,0.2346499127126747,19.0,2.191395912255388,0.2499999999987068,1.7652315402350285,18.0,0.6161820487430401,1.8888888888888888,0.8099380351821446,17.0,16.19876070364289,1.8823529411764706,3,False,2,-2.0,True,False,1.164179078385675,False,True,False
baseline,48.0,3,54.4000000000005,12,0.6,0.5999999999997883,0.4000000000001549,2.054076189908262,True,False,2.1824559517775284,0.3816435986635618,17.0,2.1778264862786365,0.04999999999853344,2.012962984856721,16.0,0.7904887156467573,1.875,0.804922787068969,17.0,16.098455741379382,1.8823529411764706,4,False,2,0.0,True,False,1.1569703208355258,False,True,False
baseline,48.0,3,59.40000000000046,23,1.5,2.399999999999835,1.8000000000000895,1.182765527763078,False,True,1.241903804151232,0.1642789211384085,21.0,1.7941284586991324,0.29999999999828475,1.7941284586991324,20.0,0.5636420785445573,1.9,0.5636420785445573,20.0,11.272841570891146,1.9,0,False,2,-1.0,False,True,0.9442781361574382,False,False,True
baseline,48.0,3,62.30000000000043,6,0.6,0.10000000000007248,0.3000000000000824,1.2858112979767133,True,False,1.347040407404176,0.2506180652644609,22.0,2.4280656609525084,0.39999999999814406,2.4280656609525084,21.0,0.7264755469411472,1.9047619047619047,0.7264755469411472,21.0,14.529510938822945,1.9047619047619047,4,False,3,-1.0,True,False,1.274734472000067,False,True,False
baseline,48.0,3,62.40000000000053,21,0.6,0.599999999999902,0.1000000000001009,1.2931270480354906,True,False,1.354704526513371,0.246623932974811,22.0,2.4280656609525084,0.29999999999804317,2.4280656609525084,21.0,0.7264755469411472,1.9047619047619047,0.7264755469411472,21.0,14.529510938822945,1.9047619047619047,5,False,3,-1.0,True,False,1.274734472000067,False,True,False
baseline,48.0,3,63.00000000000043,9,1.200000000000081,1.200000000000081,0.599999999999902,2.2595343580213267,False,False,2.372511075922393,0.4361075201210339,21.0,2.359724333590477,0.04999999999812843,2.1954523491314437,20.0,0.6897216971337796,1.9,0.7060278696099918,21.0,14.120557392199835,1.9047619047619047,3,False,2,0.0,True,False,1.2388552751350004,False,True,False
baseline,48.0,3,64.20000000000051,22,0.6,0.10000000000007958,1.200000000000081,1.733437610279577,True,False,1.824671168715344,0.3387771294647431,20.0,3.047016698796191,0.34999999999796216,2.5833303156023057,18.0,0.9017523934768894,1.8888888888888888,1.1261747383886511,17.0,22.523494767773023,1.8823529411764706,2,False,3,-3.0,True,False,1.6187276212354764,False,True,False
baseline,48.0,3,64.20000000000054,16,0.6,0.10000000000005116,1.2000000000001094,1.733437610279577,True,False,1.824671168715344,0.3387771294647431,20.0,3.047016698796191,0.34999999999793374,2.5833303156023057,18.0,0.9017523934768894,1.8888888888888888,1.1261747383886511,17.0,22.523494767773023,1.8823529411764706,2,False,3,-3.0,True,False,1.6187276212354764,False,True,False
baseline,48.0,3,64.3000000000006,20,1.5,3.0999999999998664,0.10000000000005116,1.7042310396420732,False,True,1.7939274101495508,0.330484664845681,20.0,3.047016698796191,0.24999999999788258,2.5833303156023057,18.0,0.9017523934768894,1.8888888888888888,1.1261747383886511,17.0,22.523494767773023,1.8823529411764706,2,False,3,-3.0,True,False,1.6187276212354764,False,True,False
baseline,48.0,3,68.50000000000038,24,0.6,0.19999999999998863,1.0999999999999233,1.3924567029115122,True,False,1.4743659207298363,0.1749192856860033,18.0,1.9979852199590007,0.4499999999978428,1.9946341287703904,17.0,0.7372150500640631,1.8823529411764706,0.7384536104710806,17.0,14.769072209421612,1.8823529411764706,1,False,3,-1.0,True,False,1.061429648103219,False,True,False
baseline,48.0,3,68.70000000000037,8,0.6,0.5999999999999659,0.19999999999998863,1.3903676808767216,True,False,1.4721540150459405,0.1704922390502132,18.0,1.9979852199590007,0.24999999999785416,1.9946341287703904,17.0,0.7372150500640631,1.8823529411764706,0.7384536104710806,17.0,14.769072209421612,1.8823529411764706,2,False,3,-1.0,True,False,1.061429648103219,False,True,False
baseline,48.0,3,69.30000000000034,3,1.0000000000000995,1.0000000000000995,0.5999999999999659,1.740303870685684,False,False,1.856324128731396,0.3407492094851571,16.0,1.849392926998697,0.04999999999786553,1.6915692533841542,15.0,0.7085628719293373,1.8666666666666667,0.7262549041325039,16.0,14.525098082650079,1.875,2,False,2,0.0,True,False,0.9863428943993051,True,False,False
baseline,48.0,3,70.50000000000043,6,0.6,0.5,0.09999999999989484,1.668303237902541,True,False,1.77257219027145,0.3814029146068571,17.0,1.7600139180548806,0.04999999999770921,1.606441473894632,16.0,0.630848091601167,1.875,0.6504996229620001,17.0,13.009992459240003,1.8823529411764706,3,False,2,0.0,True,False,0.9350073939666553,False,False,True
baseline,48.0,3,71.20000000000012,14,0.6,0.20000000000013074,0.1999999999996902,1.4888572247168692,True,False,1.5819108012616736,0.3278330426107895,17.0,2.3961744705826384,0.4499999999979565,1.7205739203412764,16.0,0.675667798512793,1.875,1.003707215133577,15.0,20.07414430267154,1.8666666666666667,5,False,3,-2.0,True,False,1.283664894954985,False,True,False
baseline,48.0,3,71.40000000000025,5,0.8000000000002672,0.8000000000002672,0.20000000000013074,1.439423927708663,False,False,1.5293879231904544,0.3150259028878858,17.0,2.3961744705826384,0.24999999999782574,1.7205739203412764,16.0,0.675667798512793,1.875,1.003707215133577,15.0,20.07414430267154,1.8666666666666667,4,False,3,-2.0,True,False,1.283664894954985,False,True,False
baseline,48.0,3,73.2,2,1.5,3.300000000000381,0.8999999999994088,2.2599975885505836,False,True,2.392938623171206,0.4355314387172219,18.0,2.688887147684221,0.4499999999979565,2.6796831959769394,17.0,0.9904085932269612,1.8823529411764706,0.9938103658231484,17.0,19.876207316462967,1.8823529411764706,3,False,2,-1.0,False,False,1.4284712972072424,False,True,False
baseline,48.0,3,76.5999999999997,15,0.6,0.10000000000067644,0.0999999999993122,1.8616730977994937,True,False,1.9711832800229936,0.4020795403162322,18.0,2.017528477887625,0.19999999999808438,,,,,0.6671844888989433,19.0,13.343689777978867,1.894736842105263,2,False,2,1.0,True,False,1.0648066966629133,False,True,False
baseline,48.0,3,77.99999999999962,7,0.6,0.19999999999998863,0.6999999999992781,1.6230140936751698,True,False,1.7131815433237905,0.3053677022643318,19.0,2.578776753028589,0.5999999999980616,2.3136931114296884,18.0,0.8076312535032022,1.8888888888888888,0.9001629002847507,18.0,18.003258005695013,1.8888888888888888,4,True,3,-1.0,True,False,1.3652347516033707,False,True,False
baseline,48.0,3,78.1999999999996,13,0.6,0.3000000000004661,0.19999999999998863,1.5629329616858096,True,False,1.6497625706683547,0.2888674565541001,19.0,2.578776753028589,0.399999999998073,2.3136931114296884,18.0,0.8076312535032022,1.8888888888888888,0.9001629002847507,18.0,18.003258005695013,1.8888888888888888,4,False,3,-1.0,True,False,1.3652347516033707,False,True,False
baseline,48.0,3,78.50000000000007,21,0.7000000000000455,0.7000000000000455,0.3000000000004661,2.3121609946723116,False,False,2.456671056839331,0.5114250263213058,17.0,2.578776753028589,0.09999999999760689,,,,,0.9001629002847507,18.0,18.003258005695013,1.8888888888888888,3,False,2,1.0,True,False,1.3652347516033707,False,True,False
baseline,48.0,3,83.99999999999952,23,0.6000000000001791,0.6000000000001791,2.799999999999514,1.2437123805284958,False,False,1.3091709268721008,0.1492795091393736,20.0,1.8541829740939928,0.24999999999783995,1.8541829740939928,19.0,0.6131671168236803,1.894736842105263,0.6131671168236803,19.0,12.263342336473606,1.894736842105263,0,False,2,-1.0,False,True,0.9785965696607185,False,False,True
baseline,48.0,3,85.59999999999987,3,0.6,0.3999999999997499,1.0000000000001705,1.5218354317515665,True,False,1.6019320334227016,0.1929856828287244,20.0,1.782479239218007,0.4999999999973852,1.681453317528423,19.0,0.5560464620738399,1.894736842105263,0.5599823683103615,20.0,11.19964736620723,1.9,2,False,2,0.0,True,False,0.9381469680094775,False,False,True
baseline,48.0,3,87.49999999999919,10,1.5,3.4999999999996163,0.9999999999991189,1.5678611219079805,False,True,1.6425211753321702,0.2714046430350341,22.0,2.2421192439507154,0.24999999999796785,2.2421192439507154,21.0,0.6708405090731304,1.9047619047619047,0.6708405090731304,21.0,13.416810181462608,1.9047619047619047,1,False,2,-1.0,False,False,1.1771126030741257,False,True,False
baseline,48.0,3,90.9999999999988,4,0.6,0.40000000000061675,3.4999999999996163,1.1446801621113802,True,False,1.2019141702169491,0.1113487294846812,21.0,1.9991559184041152,0.29999999999814975,1.9991559184041152,20.0,0.6280533546638924,1.9,0.6280533546638924,20.0,12.561067093277849,1.9,1,False,2,-1.0,False,False,1.0521873254758503,False,True,False
baseline,48.0,3,91.39999999999942,14,0.6,0.3999999999998636,0.40000000000061675,1.8932604064732665,True,False,1.9929056910244909,0.2476077830903877,20.0,1.9882807090650003,0.04999999999753868,1.8603475897326789,19.0,0.6152057180029118,1.894736842105263,0.624636806887291,20.0,12.492736137745819,1.9,3,False,2,0.0,True,False,1.0464635310868424,False,True,False
baseline,48.0,3,91.79999999999929,7,0.6,0.19999999999998863,0.3999999999998636,1.7319261403137336,True,False,1.8281442592200523,0.2491163602648391,19.0,1.922219108002348,0.4499999999976154,1.827728554990084,18.0,0.6379976223459041,1.8888888888888888,0.6356662556094843,19.0,12.713325112189686,1.894736842105263,4,False,2,0.0,True,False,1.0145045292234616,True,False,False
baseline,48.0,3,91.99999999999928,15,1.5,1.6000000000006054,0.19999999999998863,1.6802490055430221,False,True,1.7735961725176344,0.235877756953433,19.0,1.922219108002348,0.2499999999976268,1.827728554990084,18.0,0.6379976223459041,1.8888888888888888,0.6356662556094843,19.0,12.713325112189686,1.894736842105263,3,False,2,0.0,True,False,1.0145045292234616,True,False,False
baseline,48.0,3,93.79999999999916,13,1.5,1.7000000000000455,0.1999999999992781,1.6880190687309042,False,True,1.7817979058826214,0.3258681701031827,19.0,2.70762837147376,0.29999999999763816,2.70762837147376,18.0,0.9451406000525844,1.8888888888888888,0.9451406000525844,18.0,18.902812001051686,1.8888888888888888,1,False,2,-1.0,False,False,1.4334503143096375,False,True,False
baseline,48.0,3,96.29999999999848,25,0.6,0.4000000000011994,0.7999999999992724,1.759110394161582,True,False,1.856838749392781,0.3111776910612033,19.0,1.836347935457948,0.04999999999820659,1.6487512507394004,18.0,0.5755227574355426,1.8888888888888888,0.6072691772073129,19.0,12.145383544146258,1.894736842105263,2,False,2,0.0,True,False,0.9691836326028059,False,False,True
baseline,48.0,3,96.69999999999968,3,0.6,0.3999999999989683,0.4000000000011994,1.5255333395144435,True,False,1.6152705947799988,0.2822714762300376,18.0,1.8055944360776084,0.5999999999969248,1.7864981760520389,17.0,0.6602881818278412,1.8823529411764706,0.6673461430287082,17.0,13.346922860574164,1.8823529411764706,2,True,2,-1.0,False,False,0.9592220441662295,False,False,True
baseline,48.0,3,97.09999999999864,12,0.7000000000005002,0.7000000000005002,0.3999999999989683,1.6927778263752742,False,False,1.7985764405237288,0.3148441311824906,17.0,2.3824810163354977,0.2999999999979508,2.3824810163354977,16.0,0.9355981072795928,1.875,0.9355981072795928,16.0,18.711962145591855,1.875,2,False,2,-1.0,False,False,1.2706565420455989,False,True,False
baseline,48.0,3,97.79999999999914,20,0.6,0.20000000000001705,0.7000000000005002,2.127960914316958,True,False,2.2698249752714217,0.4143565099924634,16.0,2.2386340844864425,0.049999999997439204,2.011106226757822,15.0,0.8424102063428083,1.8666666666666667,0.87910954923729,16.0,17.5821909847458,1.875,2,False,3,0.0,True,False,1.1939381783927694,False,True,False
baseline,48.0,3,97.99999999999916,24,0.9999999999996447,0.9999999999996447,0.20000000000001705,2.042754121784302,False,False,2.1789377299032555,0.3901222163109236,16.0,2.011106226757822,0.04999999999739657,2.011106226757822,15.0,0.8424102063428083,1.8666666666666667,0.8424102063428083,15.0,16.848204126856167,1.8666666666666667,2,False,2,-1.0,False,False,1.077378335763119,False,True,False
baseline,48.0,3,100.09999999999906,23,0.6000000000002075,0.6000000000002075,0.09999999999978115,1.4370022153685367,False,False,1.5215317574490388,0.2848114562067513,18.0,2.58305949145558,0.2499999999973852,2.58305949145558,17.0,0.9546965555461452,1.8823529411764706,0.9546965555461452,17.0,19.093931110922902,1.8823529411764706,3,False,2,-1.0,False,False,1.3722503548357767,False,True,False
baseline,48.0,3,100.69999999999926,21,0.6,0.0999999999999801,0.6000000000002075,2.3071082983909195,True,False,2.451302567040352,0.4250059211104514,17.0,3.305800186037246,0.2499999999971294,3.305800186037246,16.0,1.298184697336298,1.875,1.298184697336298,16.0,25.96369394672596,1.875,4,False,3,-1.0,True,False,1.763093432553198,False,True,False
baseline,48.0,3,100.79999999999924,15,0.9999999999991616,0.9999999999991616,0.0999999999999801,2.285762796358312,False,False,2.4286229711307064,0.4178357817503689,17.0,3.305800186037246,0.1499999999971493,3.305800186037246,16.0,1.298184697336298,1.875,1.298184697336298,16.0,25.96369394672596,1.875,4,False,3,-1.0,True,False,1.763093432553198,False,True,False
baseline,48.0,3,101.7999999999984,19,1.5,2.400000000000091,0.9999999999991616,2.60637089225491,False,True,2.7925402417016896,0.5086691134325938,15.0,2.927164177108669,0.09999999999794795,,,,,1.1494946843319758,16.0,22.989893686639515,1.875,2,False,2,1.0,True,False,1.5611542277912902,False,True,False
baseline,48.0,3,104.1999999999985,4,0.6,0.0999999999999801,2.3999999999993378,1.8958332415576535,True,False,2.0312499016689145,0.4187767598962513,15.0,2.126469825824008,0.19999999999770068,,,,,0.8350627478611337,16.0,16.701254957222673,1.875,2,False,2,1.0,True,False,1.134117240439471,False,True,False
baseline,48.0,3,108.59999999999856,8,0.6,0.10000000000070486,0.4999999999995026,1.3936208025746843,True,False,1.4669692658680888,0.2177617949427816,20.0,2.38110561363556,0.5499999999973824,2.38110561363556,19.0,0.7874172529704095,1.894736842105263,0.7874172529704095,19.0,15.74834505940819,1.894736842105263,5,True,3,-1.0,True,False,1.2566946294187678,False,True,False
baseline,48.0,3,108.79999999999843,10,0.6,0.10000000000052012,0.09999999999917009,1.492372224576689,True,False,1.5669908358055236,0.2705843623786051,21.0,2.38110561363556,0.3499999999975074,2.0796337957320006,20.0,0.653336225482871,1.9,0.7874172529704095,19.0,15.74834505940819,1.894736842105263,5,False,3,-2.0,True,False,1.2566946294187678,False,True,False
baseline,48.0,3,108.89999999999895,20,0.8999999999994515,0.8999999999994515,0.0999999999997101,2.0922967091823854,False,False,2.1969115446415044,0.4058142904667616,21.0,2.38110561363556,0.2499999999969873,2.0796337957320006,20.0,0.653336225482871,1.9,0.7874172529704095,19.0,15.74834505940819,1.894736842105263,5,False,3,-2.0,True,False,1.2566946294187678,False,True,False
baseline,48.0,3,110.99999999999864,13,1.1999999999998607,1.1999999999998607,1.2000000000002302,1.570468585910517,False,False,1.6531248272742285,0.2778045412153729,20.0,1.6437221084257407,0.2999999999971834,1.6437221084257407,19.0,0.5435689789866771,1.894736842105263,0.5435689789866771,19.0,10.871379579733542,1.894736842105263,0,False,2,-1.0,False,True,0.867520001669141,False,False,True
baseline,48.0,3,112.2999999999979,11,0.9000000000002899,0.9000000000002899,0.09999999999939746,1.4244374674839473,False,False,1.4994078605094183,0.2888370729429079,20.0,2.273120906969394,0.29999999999786553,2.273120906969394,19.0,0.7517073623217279,1.894736842105263,0.7517073623217279,19.0,15.034147246434557,1.894736842105263,1,False,2,-1.0,False,False,1.1997027009005135,False,True,False
baseline,48.0,3,113.19999999999818,2,1.5,2.199999999999875,0.9000000000002899,2.049937958114613,False,True,2.1638234002320917,0.3570987299340631,19.0,2.1493623951283403,0.04999999999753868,1.976223329554034,18.0,0.6898320771088571,1.8888888888888888,0.7107811695197217,19.0,14.215623390394434,1.894736842105263,2,False,2,0.0,True,False,1.1343857085399573,False,True,False
baseline,48.0,3,115.39999999999806,12,1.2000000000005002,1.2000000000005002,2.199999999999875,1.33417649804082,False,False,1.4126574685138094,0.2158708447752413,18.0,2.568924627350748,0.29999999999749605,2.568924627350748,17.0,0.9494723219895302,1.8823529411764706,0.9494723219895302,17.0,18.989446439790605,1.8823529411764706,0,False,2,-1.0,False,True,1.3647412082800847,False,True,False
baseline,48.0,3,117.2999999999984,14,1.5,1.7000000000002302,0.39999999999945146,1.8136535118237531,False,True,1.909108959814477,0.3430467148828458,20.0,2.1999573514843327,0.5499999999970413,2.190505020793857,19.0,0.7243867874713197,1.894736842105263,0.727512616172004,19.0,14.55025232344008,1.894736842105263,3,False,2,-1.0,False,False,1.1610886021722868,False,True,False
baseline,48.0,3,120.09999999999718,18,0.6,0.20000000000071338,1.0999999999985448,1.4636184847386997,True,False,1.5406510365670525,0.1995464463864348,20.0,2.160493976291444,0.4499999999981128,,,,,0.6787392004042201,20.0,13.574784008084402,1.9,1,False,1,0.0,True,False,1.1371020927849704,False,True,False
baseline,48.0,3,123.5999999999984,13,0.6,0.39999999999932356,0.2000000000003439,1.446790547394948,True,False,1.515685335366136,0.2541753666340229,22.0,2.621182756969112,0.24999999999670308,2.621182756969112,20.0,0.8234688493010403,1.9,0.8234688493010403,20.0,16.469376986020805,1.9,2,False,2,-2.0,True,False,1.3795698720890064,False,True,False
baseline,48.0,3,123.5999999999984,15,0.6,0.39999999999932356,0.2000000000003439,1.446790547394948,True,False,1.515685335366136,0.2541753666340229,22.0,2.621182756969112,0.24999999999670308,2.621182756969112,20.0,0.8234688493010403,1.9,0.8234688493010403,20.0,16.469376986020805,1.9,2,False,2,-2.0,True,False,1.3795698720890064,False,True,False
baseline,48.0,3,123.99999999999773,5,1.3000000000006793,1.3000000000006793,0.39999999999932356,2.4825888128735203,False,False,2.6132513819721264,0.4761285124955248,20.0,2.6091131024594603,0.04999999999736815,2.4467705290490205,19.0,0.8091322441137279,1.894736842105263,0.8196770555071513,20.0,16.393541110143026,1.9,3,False,2,0.0,True,False,1.3732174223470843,False,True,False
baseline,48.0,3,127.09999999999742,19,0.9999999999997584,0.9999999999997584,1.7999999999990166,1.2216589257476032,False,False,1.2859567639448453,0.1656977901696719,20.0,2.261179442871515,0.24999999999748468,2.261179442871515,19.0,0.7477583922287803,1.894736842105263,0.7477583922287803,19.0,14.955167844575605,1.894736842105263,0,False,2,-1.0,False,True,1.1934002615155217,False,True,False
baseline,48.0,3,129.5999999999971,9,0.7000000000002444,0.7000000000002444,1.4999999999999147,1.2164964187620588,False,False,1.2805225460653251,0.1246366880633954,20.0,1.9575749527979964,0.34999999999820375,1.9565440293123848,19.0,0.6470172998855537,1.894736842105263,0.6473582200591128,19.0,12.947164401182256,1.894736842105263,0,False,2,-1.0,False,True,1.0331645584211648,False,True,False
baseline,48.0,3,130.29999999999734,11,0.6,0.19999999999933493,0.7000000000002444,1.8265054048676042,True,False,1.9279779273602489,0.2425037950034021,19.0,2.8240394709731267,0.24999999999809575,2.8240394709731267,18.0,0.9857757394951978,1.8888888888888888,0.9857757394951978,18.0,19.715514789903956,1.8888888888888888,2,False,3,-1.0,True,False,1.4950797199269494,False,True,False
baseline,48.0,3,130.49999999999667,17,1.1000000000016712,1.1000000000016712,0.19999999999933493,1.807318263192984,False,False,1.907724833370372,0.2372482675034772,19.0,2.8240394709731267,0.04999999999876081,2.8240394709731267,18.0,0.9857757394951978,1.8888888888888888,0.9857757394951978,18.0,19.715514789903956,1.8888888888888888,2,False,2,-1.0,False,False,1.4950797199269494,False,True,False
baseline,48.0,3,132.5999999999971,22,0.6,0.49999999999980105,0.599999999999369,2.0403887299836896,True,False,2.147777610509147,0.3459244209565301,20.0,2.1172238130928323,0.04999999999881766,1.8957569946083892,19.0,0.6269153944477033,1.894736842105263,0.6651454777217811,20.0,13.302909554435622,1.9,4,False,2,0.0,True,False,1.1143283226804381,False,True,False
baseline,48.0,3,133.0999999999969,18,1.1000000000011312,1.1000000000011312,0.49999999999980105,1.7642146662458917,False,False,1.862226592148441,0.3153250457863641,19.0,2.2493586760416524,0.24999999999917577,2.2493586760416524,18.0,0.7851742991045465,1.8888888888888888,0.7851742991045465,18.0,15.70348598209093,1.8888888888888888,1,False,2,-1.0,False,False,1.1908369461396984,False,True,False
baseline,48.0,3,134.19999999999803,3,0.8999999999993804,0.8999999999993804,1.1000000000011312,1.9001563185157369,False,False,2.011930219604898,0.3344073717778738,18.0,1.9966345932436924,0.04999999999824922,1.827940863477008,17.0,0.6756053632818766,1.8823529411764706,0.6969569522264032,18.0,13.939139044528064,1.8888888888888888,0,False,2,0.0,True,True,1.0570418434819548,False,True,False
baseline,48.0,3,135.4999999999972,6,1.5,1.5000000000001137,0.3999999999997783,1.3908020715816316,False,True,1.472613958145257,0.2093377575251452,18.0,2.1987923273029573,0.24999999999943157,2.1987923273029573,17.0,0.8126717437911264,1.8823529411764706,0.8126717437911264,17.0,16.253434875822528,1.8823529411764706,1,False,2,-1.0,False,False,1.1681084238796962,False,True,False
baseline,48.0,3,136.9999999999973,2,0.6,0.5999999999997954,1.5000000000001137,1.7146792504555204,True,False,1.8218467036089905,0.2254249841393495,17.0,1.801994178538905,0.049999999999613465,1.650855938486097,16.0,0.6482896110603757,1.875,0.666015490954047,17.0,13.32030981908094,1.8823529411764706,1,False,2,0.0,True,False,0.9573094073487933,False,False,True
baseline,48.0,3,139.59999999999792,13,0.9999999999991758,0.9999999999991758,1.1000000000012449,1.421096121426938,False,False,1.5000459059506568,0.3219536669579654,19.0,1.5768457785934418,0.24999999999963052,1.5768457785934418,18.0,0.5504230126525815,1.8888888888888888,0.5504230126525815,18.0,11.00846025305163,1.8888888888888888,0,False,2,-1.0,False,True,0.834800706314175,False,False,True
baseline,48.0,3,141.69999999999715,5,0.6,0.5000000000008811,0.6000000000002501,1.508730741870306,True,False,1.5881376230213746,0.3273319323861343,20.0,2.0664087454094364,0.5500000000009493,1.9897679849327323,19.0,0.6580042614539829,1.894736842105263,0.6491814533891986,20.0,12.983629067783973,1.9,3,True,2,0.0,True,False,1.087583550215493,False,True,False
baseline,48.0,3,142.299999999997,22,0.6,0.20000000000010232,0.09999999999897113,1.9630883081389647,True,False,2.0664087454094364,0.4120025376086637,20.0,2.0578673521598025,1.1084466677857563e-12,1.91268810953683,19.0,0.6325144119504689,1.894736842105263,0.6464980955607516,20.0,12.929961911215031,1.9,3,False,3,0.0,True,False,1.0830880800841067,False,True,False
baseline,48.0,3,142.4999999999971,11,0.9000000000006025,0.9000000000006025,0.20000000000010232,1.924619699865597,False,False,2.0259154735427334,0.3952060066252367,20.0,1.91268810953683,1.0516032489249483e-12,1.91268810953683,19.0,0.6325144119504689,1.894736842105263,0.6325144119504689,19.0,12.650288239009377,1.894736842105263,3,False,2,-1.0,False,False,1.009474280033327,True,False,False
baseline,48.0,3,143.3999999999977,15,0.6,0.09999999999948272,0.9000000000006025,1.4524432252580344,True,False,1.5378810620379189,0.295905231287156,18.0,1.7517921266049408,0.5500000000007788,,,,,0.6114908083953914,18.0,12.229816167907828,1.8888888888888888,3,True,2,0.0,True,False,0.9274193611437922,False,False,True
baseline,48.0,3,143.99999999999673,9,1.0000000000005684,1.0000000000005684,0.49999999999954525,1.6544703417935551,False,False,1.7517921266049408,0.3416071537401957,18.0,2.306005206968912,0.250000000001819,2.306005206968912,17.0,0.8522975314533348,1.8823529411764706,0.8522975314533348,17.0,17.045950629066695,1.8823529411764706,2,False,2,-1.0,False,False,1.2250652662022345,False,True,False
baseline,48.0,3,145.8999999999969,23,1.5,1.7000000000010118,0.8999999999996078,1.739644966601542,False,True,1.8419770234604564,0.3024594551562532,18.0,1.8181911190613935,2.0179413695586845e-12,1.6081140929954785,17.0,0.5943575789045656,1.8823529411764706,0.6346684291628311,18.0,12.693368583256621,1.8888888888888888,1,False,2,0.0,True,False,0.9625717689148554,False,False,True
baseline,48.0,3,148.9999999999962,16,0.700000000000955,0.700000000000955,1.399999999998272,1.3433240126512234,False,False,1.4223430722189423,0.2154589010406477,18.0,1.6890068280111283,0.25000000000349587,1.6890068280111283,17.0,0.6242554638520894,1.8823529411764706,0.6242554638520894,17.0,12.485109277041788,1.8823529411764706,0,False,2,-1.0,False,True,0.8972848773809119,False,False,True
baseline,48.0,3,151.0999999999965,10,0.6,0.3000000000012051,0.5999999999993975,1.4377883095487711,True,False,1.5134613784723907,0.2808343910519397,20.0,2.769725919254125,0.2500000000036664,2.769725919254125,19.0,0.9159316421458944,1.894736842105263,0.9159316421458944,19.0,18.31863284291789,1.894736842105263,3,False,2,-1.0,False,False,1.461799790717455,False,True,False
baseline,48.0,4,22.700000000000053,9,1.5,2.1999999999999176,1.800000000000054,1.2640899875408995,False,True,1.324284748852371,0.1792152184076896,22.0,1.422353092461878,0.40000000000014424,1.4152684227261962,21.0,0.4234473218756411,1.9047619047619047,0.4255670501037105,21.0,8.511341002074209,1.9047619047619047,0,False,2,-1.0,False,True,0.746735373542486,False,False,True
baseline,48.0,4,25.59999999999998,24,0.6,0.3000000000001144,0.70000000000001,1.1349865606342333,True,False,1.189033539712054,0.1724586381515482,22.0,1.820271779925,0.5000000000002593,1.1629115472396705,21.0,0.3479423212936083,1.9047619047619047,0.5718552451349197,20.0,11.437104902698394,1.9,2,False,3,-2.0,True,False,0.9580377789078949,False,False,True
baseline,48.0,4,25.900000000000095,2,1.5,1.8999999999999453,0.3000000000001144,1.1233285567655165,False,True,1.1794949846037923,0.0875409486852006,21.0,1.820271779925,0.20000000000014495,1.820271779925,20.0,0.5718552451349197,1.9,0.5718552451349197,20.0,11.437104902698394,1.9,1,False,2,-1.0,False,False,0.9580377789078949,False,False,True
baseline,48.0,4,29.400000000000176,19,0.6,0.5999999999999837,1.6000000000001364,1.2125653347733336,True,False,1.2731936015120002,0.1415465929862786,21.0,1.773884709258204,0.30000000000011084,1.773519362858199,20.0,0.557167540135457,1.9,0.557282317092084,20.0,11.14564634184168,1.9,1,False,2,-1.0,False,False,0.9336235311885285,False,False,True
baseline,48.0,4,30.00000000000016,15,0.6999999999998927,0.6999999999998927,0.5999999999999837,1.6750371766782153,False,False,1.7631970280823317,0.214348197363571,20.0,1.7549439768851762,1.3145040611561853e-13,1.6341623425575564,19.0,0.5404076221212533,1.894736842105263,0.5513319105244125,20.0,11.026638210488251,1.9,1,False,2,0.0,True,False,0.9236547246764086,False,False,True
baseline,48.0,4,32.9000000000002,22,0.6,0.4000000000000057,2.200000000000145,1.164470034938927,True,False,1.22575793151466,0.1541820317400352,20.0,2.167811559480701,0.25000000000005684,2.167811559480701,19.0,0.7168821968033265,1.894736842105263,0.7168821968033265,19.0,14.33764393606653,1.894736842105263,1,False,2,-1.0,False,False,1.1441227675037033,False,True,False
baseline,48.0,4,33.3000000000002,6,0.6,0.2999999999997769,0.4000000000000057,2.0461648599945716,True,False,2.159840685549826,0.3067087662931299,19.0,2.1550206474354114,4.263256414560601e-14,2.008960513112538,18.0,0.70125950992737,1.8888888888888888,0.7126523194018324,19.0,14.253046388036648,1.894736842105263,4,False,2,0.0,True,False,1.1373720083686893,False,True,False
baseline,48.0,4,33.80000000000023,21,0.6,0.09999999999986642,0.20000000000025153,1.954108152090538,True,False,2.062669716095568,0.4069647718698522,19.0,2.1560343416309777,0.29999999999996874,1.992770669151561,18.0,0.6956081882773066,1.8888888888888888,0.7129875419531775,19.0,14.25975083906355,1.894736842105263,5,False,3,0.0,True,False,1.1379070136385716,False,True,False
baseline,48.0,4,34.00000000000021,16,1.5,1.5000000000000213,0.10000000000011511,2.0047568282473165,False,True,2.110270345523491,0.4268031991783381,20.0,2.1560343416309777,0.09999999999998721,2.1560343416309777,19.0,0.7129875419531775,1.894736842105263,0.7129875419531775,19.0,14.25975083906355,1.894736842105263,4,False,3,-1.0,True,False,1.1379070136385716,False,True,False
baseline,48.0,4,35.500000000000234,10,1.3000000000000256,1.3000000000000256,1.5000000000000213,1.669238679070155,False,False,1.7674291896036936,0.366053089228709,18.0,1.7530132961554137,0.04999999999988347,1.5870374230559932,17.0,0.5865676599111511,1.8823529411764706,0.6119170769830085,18.0,12.23834153966017,1.8888888888888888,0,False,2,0.0,True,True,0.9280658626705132,False,False,True
baseline,48.0,4,36.80000000000026,8,0.6,0.5999999999999162,1.3000000000000256,1.4204708382039488,True,False,1.5092502655916955,0.2713465355940489,17.0,1.819972040659874,0.5999999999997527,1.7887901765002154,16.0,0.7024562596633332,1.875,0.7147013490844856,16.0,14.294026981689711,1.875,1,True,2,-1.0,False,False,0.9706517550185995,False,False,True
baseline,48.0,4,37.700000000000266,4,0.6,0.2999999999998977,0.30000000000008953,1.8045103653086276,True,False,1.9172922631404168,0.3751508374229289,17.0,1.9109611584768933,0.04999999999972715,1.757078121745103,16.0,0.690002964882221,1.875,0.7062895925607586,17.0,14.125791851215173,1.8823529411764706,3,False,2,0.0,True,False,1.0151981154408496,True,False,False
baseline,48.0,4,40.60000000000032,12,0.6,0.29999999999987637,2.6000000000001577,1.3600954874120899,True,False,1.4451014553753454,0.1947084710961246,17.0,1.6512941909866163,0.5999999999994756,1.5350605987981534,16.0,0.6028168874999285,1.875,0.6103169058022417,17.0,12.206338116044835,1.8823529411764706,1,True,2,0.0,True,False,0.8772500389616399,False,False,True
baseline,48.0,4,42.90000000000034,23,0.6,0.599999999999902,0.9000000000001265,1.5499203666361883,True,False,1.631495122774935,0.3118408272603185,20.0,1.6185971662223315,0.04999999999935767,1.4768132483503398,19.0,0.4883732264991058,1.894736842105263,0.5084972966525334,20.0,10.169945933050668,1.9,2,False,2,0.0,True,False,0.8518932453801745,False,False,True
baseline,48.0,4,43.80000000000024,10,1.0000000000000142,1.0000000000000142,0.29999999999999716,1.4686903711080461,False,False,1.545989864324259,0.2742052071058606,20.0,1.542917272493722,0.04999999999940741,1.442820825266797,19.0,0.4771321373794244,1.894736842105263,0.4847217568363078,20.0,9.694435136726156,1.9,2,False,2,0.0,True,False,0.8120617223651169,False,False,True
baseline,48.0,4,44.80000000000025,22,0.9000000000000128,0.9000000000000128,1.0000000000000142,1.3739980041962645,False,False,1.4503312266516124,0.1840148772177588,19.0,1.8333093356655128,0.4499999999993136,,,,,0.6062643305983535,19.0,12.12528661196707,1.894736842105263,1,False,2,0.0,True,False,0.9675799271567985,False,False,True
baseline,48.0,4,46.40000000000039,5,1.5,1.8999999999999275,0.7000000000001236,1.5718952678081572,False,True,1.6546265976927972,0.241430626483885,20.0,1.6356087510868356,0.04999999999910898,1.592689008880487,19.0,0.5266926410265418,1.894736842105263,0.5138416436561579,20.0,10.276832873123158,1.9,1,False,2,0.0,True,False,0.8608467110983345,False,False,True
baseline,48.0,4,48.30000000000032,21,0.6,0.30000000000000426,1.8999999999999275,1.1257204462251893,True,False,1.1882604710154776,0.0933891596993416,19.0,2.216444659600002,0.39999999999905356,2.100976852358313,18.0,0.7333792716367871,1.8888888888888888,0.73296486944081,19.0,14.6592973888162,1.894736842105263,1,False,2,0.0,True,False,1.1697902370111122,False,True,False
baseline,48.0,4,49.10000000000038,17,1.5,1.700000000000074,0.5000000000000568,2.048969602054457,False,True,2.162801246613038,0.328449064332133,19.0,2.150928973762992,0.049999999998973976,1.984237964182711,18.0,0.6926297123611524,1.8888888888888888,0.7112992276176051,19.0,14.225984552352102,1.894736842105263,2,False,2,0.0,True,False,1.135212513930468,False,True,False
baseline,48.0,4,50.80000000000045,14,0.6,0.09999999999988773,1.700000000000074,1.4984109246110104,True,False,1.5865527437057756,0.2387744439714931,18.0,1.7494238565072555,0.29999999999878213,,,,,0.6106641261797687,18.0,12.213282523595375,1.8888888888888888,1,False,2,0.0,True,False,0.9261655710920764,False,False,True
baseline,48.0,4,53.10000000000037,6,1.3000000000000185,1.3000000000000185,0.30000000000011795,1.3683409079015747,False,False,1.44035885042271,0.2399870785736344,20.0,1.966945380374207,0.2999999999987324,1.966945380374207,19.0,0.6504569638943147,1.894736842105263,0.6504569638943147,19.0,13.009139277886295,1.894736842105263,1,False,2,-1.0,False,False,1.0381100618641648,False,True,False
baseline,48.0,4,57.10000000000057,3,1.5,1.699999999999882,0.800000000000253,1.1744516654041484,False,True,1.2331742486743558,0.1919290708171298,21.0,2.03779564625543,0.2499999999983089,,,,,0.6097070315993642,21.0,12.194140631987285,1.9047619047619047,2,False,2,0.0,True,False,1.069842714284101,False,True,False
baseline,48.0,4,59.900000000000354,24,1.000000000000128,1.000000000000128,1.099999999999902,1.4148476232971314,False,False,1.482221319644614,0.2109255916002596,22.0,1.8424452923293493,0.5999999999983459,1.8104824508361324,21.0,0.5416950825714322,1.9047619047619047,0.5512583423831412,21.0,11.025166847662824,1.9047619047619047,0,False,2,-1.0,False,True,0.9672837784729085,False,False,True
baseline,48.0,4,60.90000000000048,15,0.6,0.19999999999988916,1.000000000000128,1.7184772348482227,True,False,1.8044010965906336,0.2472044021176374,21.0,1.9376387111929996,0.29999999999817817,,,,,0.5797401467042973,21.0,11.594802934085946,1.9047619047619047,1,False,1,0.0,True,False,1.0172603233763249,True,False,False
baseline,48.0,4,62.0000000000005,5,0.6,0.40000000000010516,0.9000000000001265,1.6403007446412368,True,False,1.7223157818732986,0.2663329871345923,21.0,1.7295306800679793,0.599999999998083,1.704625580031074,20.0,0.5355239199346862,1.9,0.5433480878659722,20.0,10.866961757319444,1.9,2,True,2,-1.0,False,False,0.9102793052989365,False,False,True
baseline,48.0,4,62.4000000000006,11,0.6,0.49999999999993605,0.40000000000010516,1.6319320745432133,True,False,1.717823236361277,0.2660155098260746,20.0,1.7955503361521716,0.5999999999979551,1.7408307410512802,19.0,0.5756822176031555,1.894736842105263,0.5937776573901417,19.0,11.875553147802833,1.894736842105263,2,True,2,-1.0,False,False,0.9476515663025351,False,False,True
baseline,48.0,4,62.90000000000054,19,0.6,0.5999999999998664,0.49999999999993605,1.6923265475123908,True,False,1.7863446890408567,0.2988829447012887,19.0,1.799204277423298,0.19999999999801332,1.7029716259097762,18.0,0.5944492388033353,1.8888888888888888,0.5949859937116173,19.0,11.899719874232346,1.894736842105263,3,False,2,0.0,True,False,0.9495800353067406,False,False,True
baseline,48.0,4,63.500000000000405,22,1.5,1.6000000000001577,0.5999999999998664,1.5792990578833104,False,True,1.6721990024646816,0.2691618142245867,18.0,2.0187555812578486,0.2999999999981071,2.0187555812578486,17.0,0.7461303180556529,1.8823529411764706,0.7461303180556529,17.0,14.922606361113058,1.8823529411764706,1,False,2,-1.0,False,False,1.072463902543232,False,True,False
baseline,48.0,4,66.30000000000051,25,0.6,0.3999999999998636,1.199999999999946,1.2341115756927918,True,False,1.306706374262956,0.1686842147098917,18.0,1.890402991548011,0.24999999999785416,1.890402991548011,17.0,0.6986913118319293,1.8823529411764706,0.6986913118319293,17.0,13.973826236638587,1.8823529411764706,1,False,2,-1.0,False,False,1.0042765892598808,True,False,False
baseline,48.0,4,66.70000000000037,14,1.1999999999999744,1.1999999999999744,0.3999999999998636,1.756252447085263,False,False,1.866018225028092,0.2622244874095464,17.0,1.856591945887386,0.049999999997979216,1.8365407517391303,16.0,0.7212078667102411,1.875,0.6861947785780931,17.0,13.723895571561862,1.8823529411764706,1,False,2,0.0,True,False,0.9863144712526739,True,False,False
baseline,48.0,4,69.10000000000032,7,0.6,0.4999999999997726,0.1999999999998323,1.3893362543561179,True,False,1.471061916377066,0.2689976131640697,18.0,1.6671374858107195,0.24999999999788258,1.6671374858107195,17.0,0.6161725738761312,1.8823529411764706,0.6161725738761312,17.0,12.323451477522624,1.8823529411764706,2,False,2,-1.0,False,False,0.8856667893369448,False,False,True
baseline,48.0,4,69.6000000000001,10,0.6,0.4000000000004036,0.4999999999997726,1.5597488239745652,True,False,1.6572331254729755,0.2648997052923983,17.0,2.314429582474309,0.4999999999980673,2.218104386245057,16.0,0.8710475555903461,1.875,0.8554111733590801,17.0,17.108223467181602,1.8823529411764706,3,False,2,0.0,True,False,1.2295407156894766,False,True,False
baseline,48.0,4,70.70000000000014,9,0.6,0.20000000000040075,0.2999999999995424,1.921580395339108,True,False,2.0346145362414085,0.3832338178922486,18.0,3.2595923312119224,0.299999999997965,3.084324269822327,17.0,1.139963584395591,1.8823529411764706,1.1378123690481114,18.0,22.75624738096223,1.8888888888888888,3,False,2,0.0,True,False,1.7256665282886647,False,True,False
baseline,48.0,4,73.70000000000041,11,0.6000000000000938,0.6000000000000938,2.200000000000017,1.7609475083464103,False,False,1.8587779254767665,0.2950961002720743,19.0,3.089388248034385,0.2499999999975273,3.089388248034385,18.0,1.078399936012385,1.8888888888888888,1.078399936012385,18.0,21.5679987202477,1.8888888888888888,0,False,2,-1.0,False,True,1.635558484253498,False,True,False
baseline,48.0,4,74.39999999999998,24,0.6,0.30000000000039506,0.09999999999946851,2.9146470304099887,True,False,3.076571865432766,0.535653001165756,19.0,3.0524185407747773,0.049999999997936584,2.769570939369024,18.0,0.9667626351908344,1.8888888888888888,1.0094163856188754,19.0,20.188327712377507,1.894736842105263,3,False,2,0.0,True,False,1.6109986742977993,False,True,False
baseline,48.0,4,75.40000000000012,15,0.6,0.29999999999974136,0.699999999999747,2.1146066852161205,True,False,2.232084834394794,0.3924947108447564,19.0,3.1606268030402447,0.5999999999977064,2.097079805095084,18.0,0.7320189455198034,1.8888888888888888,1.168164934725909,17.0,23.363298694518182,1.8823529411764706,2,True,3,-2.0,True,False,1.67908298911513,False,True,False
baseline,48.0,4,75.69999999999986,8,1.4000000000004604,1.4000000000004604,0.29999999999974136,1.9805753714786904,False,False,2.097079805095084,0.4294222067476146,18.0,3.1606268030402447,0.299999999997965,3.1606268030402447,17.0,1.168164934725909,1.8823529411764706,1.168164934725909,17.0,23.363298694518182,1.8823529411764706,2,False,2,-1.0,False,False,1.67908298911513,False,True,False
baseline,48.0,4,77.40000000000022,14,0.6,0.19999999999987494,0.2999999999998977,2.342770964285326,True,False,2.480581021007992,0.4331756772266272,18.0,2.6968021940099587,0.29999999999751026,,,,,0.9413615512096136,18.0,18.827231024192272,1.8888888888888888,2,False,1,0.0,True,False,1.4277188085935075,False,True,False
baseline,48.0,4,78.10000000000029,25,0.6,0.5999999999998522,0.500000000000199,2.3884243170505384,True,False,2.528919865112335,0.4051421180675326,18.0,2.504729167530506,0.04999999999741078,2.245182591882898,17.0,0.8298175454855299,1.8823529411764706,0.8743154168828795,18.0,17.48630833765759,1.8888888888888888,4,False,2,0.0,True,False,1.3260330886926208,False,True,False
baseline,48.0,4,79.1999999999996,17,0.6,0.3000000000000398,0.49999999999946,1.5225890364960968,True,False,1.6121530974664555,0.2329714836521389,18.0,1.6637148050032893,0.5499999999980076,1.6534682649684898,17.0,0.6111204416669258,1.8823529411764706,0.6149075540078717,17.0,12.298151080157433,1.8823529411764706,2,True,3,-1.0,True,False,0.8838484901579975,False,False,True
baseline,48.0,4,79.49999999999964,4,1.5,1.5000000000002558,0.3000000000000398,1.5562054258526963,False,True,1.6534682649684898,0.2641694305236401,17.0,1.6637148050032893,0.24999999999796785,1.6005350251216042,16.0,0.6285286345918983,1.875,0.6149075540078717,17.0,12.298151080157433,1.8823529411764706,2,False,2,0.0,True,False,0.8838484901579975,False,False,True
baseline,48.0,4,80.9999999999999,10,0.7000000000005144,0.7000000000005144,1.5000000000002558,1.3271850148345326,False,False,1.4156640158235014,0.1906394815190579,16.0,1.895591085359838,0.29999999999762395,1.895591085359838,15.0,0.7940233370635692,1.8666666666666667,0.7940233370635692,15.0,15.880466741271384,1.8666666666666667,0,False,2,-1.0,False,True,1.0154952242999131,True,False,False
baseline,48.0,4,82.59999999999978,5,0.8000000000003382,0.8000000000003382,0.1999999999998039,1.3525643471710829,False,False,1.4370996188692755,0.2845692631355683,17.0,2.3533957679265893,0.29999999999765237,2.3533957679265893,16.0,0.9241763569384354,1.875,0.9241763569384354,16.0,18.483527138768707,1.875,2,False,2,-1.0,False,False,1.2551444095608477,False,True,False
baseline,48.0,4,84.69999999999935,12,0.7000000000008697,0.7000000000008697,0.9999999999994884,1.9501495238678157,False,False,2.064864201742393,0.3328269296656718,18.0,2.0435622941407514,0.049999999997979216,1.831171579210368,17.0,0.676799433024672,1.8823529411764706,0.7133378100472987,18.0,14.266756200945974,1.8888888888888888,1,False,2,0.0,True,False,1.0818859204274567,False,True,False
baseline,48.0,4,86.99999999999925,13,0.6,0.2000000000003581,0.8999999999989541,1.339633439711336,True,False,1.4140575196952991,0.2585612319746332,19.0,1.9965567855182464,0.24999999999793943,1.9965567855182464,18.0,0.6969297922065527,1.8888888888888888,0.6969297922065527,18.0,13.938595844131054,1.8888888888888888,3,False,3,-1.0,True,False,1.0570006511567187,False,True,False
baseline,48.0,4,88.09999999999916,23,0.9000000000007446,0.9000000000007446,0.5999999999995111,1.7028708658350546,False,False,1.7924956482474257,0.3216551962847357,20.0,1.7737034774894085,0.049999999997979216,1.739330512708939,19.0,0.5751861011464179,1.894736842105263,0.5572253814527395,20.0,11.14450762905479,1.9,2,False,2,0.0,True,False,0.9335281460470571,False,False,True
baseline,48.0,4,91.29999999999907,18,1.40000000000029,1.40000000000029,0.6999999999992923,1.261030743364337,False,False,1.3240822805325538,0.2296413987893684,21.0,2.327866655738186,0.29999999999786553,2.327866655738186,20.0,0.7313208784203726,1.9,0.7313208784203726,20.0,14.626417568407453,1.9,1,False,2,-1.0,False,False,1.2251929767043086,False,True,False
baseline,48.0,4,92.7999999999992,22,0.700000000000415,0.700000000000415,0.099999999999838,2.0265270074852673,False,False,2.127853357859531,0.3564420969793493,21.0,2.440930107810643,0.6499999999976325,2.3999485964133065,20.0,0.7539660879485179,1.9,0.7668408094624057,20.0,15.336816189248115,1.9,1,True,2,-1.0,False,False,1.2847000567424436,False,True,False
baseline,48.0,4,93.49999999999962,5,0.6,0.2999999999996703,0.700000000000415,2.318555792711546,True,False,2.4405850449595223,0.4318233617505,20.0,2.439094142379015,0.04999999999722604,2.30149486514573,19.0,0.7610904590122587,1.894736842105263,0.7662640239111811,20.0,15.325280478223622,1.9,5,False,3,0.0,True,False,1.28373375914685,False,True,False
baseline,48.0,4,93.79999999999929,12,0.6,0.19999999999998863,0.2999999999996703,2.1745155753827947,True,False,2.2953219962373943,0.4183903071430158,19.0,2.288337262777264,0.04999999999751026,2.1345875167010235,18.0,0.7451116067680461,1.8888888888888888,0.756739319334403,19.0,15.13478638668806,1.894736842105263,3,False,4,0.0,True,False,1.207733555354667,False,True,False
baseline,48.0,4,93.99999999999928,8,0.6,0.09999999999952536,0.19999999999998863,2.143858774806488,True,False,2.2629620400735155,0.4084112092246361,19.0,2.1345875167010235,0.04999999999752447,2.1345875167010235,18.0,0.7451116067680461,1.8888888888888888,0.7451116067680461,18.0,14.902232135360922,1.8888888888888888,3,False,3,-1.0,True,False,1.130075744135836,False,True,False
baseline,48.0,4,94.0999999999988,2,0.9000000000004462,0.9000000000004462,0.09999999999952536,2.006712167003084,False,False,2.124754059179736,0.3683520352927916,18.0,2.114397085965404,0.04999999999799343,1.9760256768775195,17.0,0.7303373823274368,1.8823529411764706,0.7380638168933977,18.0,14.761276337867955,1.8888888888888888,3,False,3,0.0,True,False,1.1193866925699199,False,True,False
baseline,48.0,4,95.49999999999928,7,0.6,0.3999999999999204,0.5000000000000284,1.5565743020364626,True,False,1.6538601959137416,0.2708967636868429,17.0,1.8353583915643137,0.4999999999973994,1.828280533706008,16.0,0.7179640866740025,1.875,0.7207435549553534,16.0,14.414871099107067,1.875,4,False,2,-1.0,False,False,0.9788578088343006,False,False,True
baseline,48.0,4,95.8999999999992,13,0.6,0.1999999999999602,0.3999999999999204,1.71845152682871,True,False,1.833014961950624,0.3136012372040454,16.0,1.8353583915643137,0.099999999997479,1.6033403852372152,14.0,0.7195774822092948,1.8571428571428572,0.7207435549553534,16.0,14.414871099107067,1.875,5,False,3,0.0,True,False,0.9788578088343006,False,False,True
baseline,48.0,4,95.89999999999962,14,0.6,0.19999999999953388,0.40000000000034674,1.71845152682871,True,False,1.833014961950624,0.3136012372040454,16.0,1.8353583915643137,0.09999999999705267,1.6033403852372152,14.0,0.7195774822092948,1.8571428571428572,0.7207435549553534,16.0,14.414871099107067,1.875,5,False,3,0.0,True,False,0.9788578088343006,False,False,True
baseline,48.0,4,96.2999999999992,24,1.5,2.3999999999992383,0.20000000000004547,1.5937872763754852,False,True,1.7076292246880198,0.3585340521458575,15.0,1.7600481693804495,0.2999999999974392,1.7600481693804495,14.0,0.7899077712699691,1.8571428571428572,0.7899077712699691,14.0,15.798155425399383,1.8571428571428572,4,False,2,-1.0,False,False,0.9477182450510112,False,False,True
baseline,48.0,4,98.69999999999844,21,0.6,0.40000000000050306,2.3999999999992383,1.254672070571998,True,False,1.351185306769844,0.1926898212963838,14.0,1.6539040681777335,0.5999999999980616,1.612061272010228,13.0,0.7791445921975306,1.8461538461538463,0.799368133896837,13.0,15.98736267793674,1.8461538461538463,1,True,2,-1.0,False,False,0.8958647035962722,False,False,True
baseline,48.0,4,99.09999999999894,19,0.6,0.20000000000013074,0.40000000000050306,1.5047775990657724,True,False,1.6301757323212536,0.2443049907043633,13.0,1.660788365358718,0.399999999997533,1.6175989545275504,12.0,0.8469728319997136,1.8333333333333333,0.8026954658120538,13.0,16.053909316241075,1.8461538461538463,2,False,2,0.0,True,False,0.8995936979026389,False,False,True
baseline,48.0,4,102.39999999999893,18,1.1000000000003496,1.1000000000003496,0.30000000000012506,1.574498301759352,False,False,1.6671158489216666,0.3710497842340624,18.0,1.9082422303365527,0.29999999999739657,1.9082422303365527,17.0,0.7052846790700138,1.8823529411764706,0.7052846790700138,17.0,14.105693581400276,1.8823529411764706,4,False,2,-1.0,False,False,1.0137536848662936,True,False,False
baseline,48.0,4,106.19999999999852,17,0.6,0.49999999999991473,1.8999999999993236,1.6207234874901086,True,False,1.701759661864614,0.2687430163869745,21.0,2.4084144714400844,0.59999999999755,2.311677583166595,20.0,0.7262349312744383,1.9,0.7205959247881442,21.0,14.411918495762883,1.9047619047619047,1,True,2,0.0,True,False,1.2644175975060443,False,True,False
baseline,48.0,4,107.09999999999884,22,0.8000000000000824,0.8000000000000824,0.4000000000004036,2.2434624913576364,False,False,2.355635615925518,0.3971329602065411,21.0,2.967938174187509,0.2999999999971976,2.967938174187509,20.0,0.9324052764336184,1.9,0.9324052764336184,20.0,18.648105528672367,1.9,4,False,3,-1.0,True,False,1.5620727232565839,False,True,False
baseline,48.0,4,107.0999999999993,5,0.7999999999996277,0.7999999999996277,0.40000000000085834,2.2434624913576364,False,False,2.355635615925518,0.3971329602065411,21.0,2.967938174187509,0.29999999999674287,2.967938174187509,20.0,0.9324052764336184,1.9,0.9324052764336184,20.0,18.648105528672367,1.9,4,False,3,-1.0,True,False,1.5620727232565839,False,True,False
baseline,48.0,4,107.89999999999893,11,0.6,0.5999999999995111,0.7999999999996277,2.583001263404525,True,False,2.7189486983205526,0.5066110683241117,20.0,2.68385833302538,0.04999999999706972,2.3669871949333743,19.0,0.7827483771309263,1.894736842105263,0.8431589622308282,20.0,16.863179244616564,1.9,4,False,2,0.0,True,False,1.412557017381779,False,True,False
baseline,48.0,4,108.49999999999844,2,1.3999999999998494,1.3999999999998494,0.5999999999995111,2.016975143864065,False,False,2.12902931852318,0.3701283184726212,19.0,2.0889348449598444,0.04999999999753868,1.8290916090828389,18.0,0.6384734179819311,1.8888888888888888,0.6907981434477453,19.0,13.815962868954905,1.894736842105263,1,False,2,0.0,True,False,1.1024933903954734,False,True,False
baseline,48.0,4,109.89999999999829,21,0.6,0.5000000000006395,1.3999999999998494,1.4039596029514296,True,False,1.4865454619485725,0.2257246164625866,18.0,2.0529373252964307,0.5999999999975785,1.909494853926374,17.0,0.7057476476661897,1.8823529411764706,0.7166103132701718,18.0,14.332206265403435,1.8888888888888888,1,True,2,0.0,True,False,1.0868491722157574,False,True,False
baseline,48.0,4,112.7999999999982,4,0.7999999999999545,0.7999999999999545,2.399999999999281,1.38448504284566,False,False,1.4659253394836402,0.1973692538205262,18.0,1.89225865691392,0.29999999999751026,1.89225865691392,17.0,0.6993771641473483,1.8823529411764706,0.6993771641473483,17.0,13.987543282946966,1.8823529411764706,0,False,2,-1.0,False,True,1.00526241148552,True,False,False
baseline,48.0,4,113.59999999999816,9,0.6000000000003638,0.6000000000003638,0.7999999999999545,1.7188648499289596,False,False,1.8262939030495196,0.2647089280437528,17.0,1.815136916687988,0.04999999999752447,1.660527480649119,16.0,0.6520876167864049,1.875,0.6708730356148953,17.0,13.417460712297906,1.8823529411764706,1,False,2,0.0,True,False,0.9642914869904936,False,False,True
baseline,48.0,4,114.49999999999774,20,0.6,0.10000000000077591,0.29999999999921556,1.4714399201030202,True,False,1.563404915109459,0.3204161629919987,17.0,1.9812971497196223,0.3499999999978769,1.9778826457354164,16.0,0.776712698688141,1.875,0.7780535712671952,16.0,15.561071425343904,1.875,3,False,3,-1.0,True,False,1.0566918131837986,False,True,False
baseline,48.0,4,114.59999999999852,19,0.6,0.5000000000003268,0.10000000000077591,1.441546136506916,True,False,1.5316427700385982,0.3107961477281286,17.0,1.9812971497196223,0.24999999999710099,1.9778826457354164,16.0,0.776712698688141,1.875,0.7780535712671952,16.0,15.561071425343904,1.875,4,False,3,-1.0,True,False,1.0566918131837986,False,True,False
baseline,48.0,4,115.4999999999986,7,0.6,0.30000000000001137,0.39999999999929514,1.293245525237193,True,False,1.3740733705645176,0.2888782192589095,17.0,2.275749896093073,0.5999999999969674,1.3525061303108274,16.0,0.5311279153649568,1.875,0.8936848943717166,16.0,17.873697887434332,1.875,5,True,2,-1.0,False,False,1.2137332779163055,False,True,False
baseline,48.0,4,115.7999999999986,25,0.6,0.10000000000032117,0.30000000000001137,1.277044223507196,True,False,1.3621805050743423,0.1973570542703273,16.0,2.275749896093073,0.29999999999695603,,,,,0.8936848943717166,16.0,17.873697887434332,1.875,4,False,2,0.0,True,False,1.2137332779163055,False,True,False
baseline,48.0,4,117.3999999999984,8,0.6,0.4999999999998863,0.899999999999963,1.939703750914869,True,False,2.0609352353470483,0.3384374767094885,17.0,2.0360773062155166,0.04999999999708393,1.9408554905595008,16.0,0.7621721688526426,1.875,0.7525324126291251,17.0,15.050648252582501,1.8823529411764706,2,False,2,0.0,True,False,1.0816660689269932,False,True,False
baseline,48.0,4,122.59999999999822,18,0.9000000000003752,0.9000000000003752,0.10000000000047748,1.4184395275139219,False,False,1.4930942394883389,0.3495256879386197,20.0,2.0873605885614426,0.24999999999694467,,,,,0.6557636690417494,20.0,13.115273380834989,1.9,2,False,2,0.0,True,False,1.0986108360849698,False,True,False
baseline,48.0,4,124.59999999999708,16,0.6,0.30000000000077875,0.7999999999984766,2.7267247886897805,True,False,2.856568826246437,0.54038842737498,22.0,4.121053746578799,0.5999999999979622,2.815597877117729,21.0,0.8424249148777214,1.9047619047619047,1.2946672175300646,20.0,25.893344350601293,1.9,2,True,3,-2.0,True,False,2.1689756560941045,False,True,False
baseline,48.0,4,124.89999999999786,10,0.6,0.30000000000066507,0.30000000000077875,2.68152178773117,True,False,2.815597877117729,0.5862775996486975,21.0,4.128741524220732,0.44999999999716067,4.113848383448518,20.0,1.2924035859424112,1.9,1.2970824041062974,20.0,25.941648082125948,1.9,3,False,3,-1.0,True,False,2.173021854853017,False,True,False
baseline,48.0,4,125.19999999999852,25,0.6,0.19999999999987494,0.30000000000066507,3.915001059249859,True,False,4.121053746578799,0.8143818402781042,20.0,4.128741524220732,0.1499999999964956,3.9156123685672273,19.0,1.2948693738311716,1.894736842105263,1.2970824041062974,20.0,25.941648082125948,1.9,3,False,2,0.0,True,False,2.173021854853017,False,True,False
baseline,48.0,4,128.89999999999816,19,1.5,1.599999999999028,3.4999999999997584,1.5957669455026633,False,True,1.6797546794764877,0.3450612834545877,20.0,1.9937887389020943,0.399999999996993,1.9911005913533504,19.0,0.6584449463530504,1.894736842105263,0.6593339005205134,19.0,13.186678010410269,1.894736842105263,0,False,2,-1.0,False,True,1.0522773899761053,False,True,False
baseline,48.0,4,130.4999999999972,23,0.6,0.1000000000010175,1.599999999999028,1.6326745546631865,True,False,1.723378696588919,0.3304680791640347,19.0,1.932316634836692,0.2499999999982947,,,,,0.6390054467802422,19.0,12.780108935604844,1.894736842105263,1,False,2,0.0,True,False,1.019833779497143,True,False,False
baseline,48.0,4,132.9999999999978,22,0.6,0.20000000000069917,0.09999999999993747,1.4411982226463982,True,False,1.513258133778718,0.3122031799812206,21.0,2.5745292985611625,0.2999999999982492,2.4642835047175407,20.0,0.7741774954783134,1.9,0.770297364839184,21.0,15.40594729678368,1.9047619047619047,4,False,2,0.0,True,False,1.3516278817446103,False,True,False
baseline,48.0,4,133.4999999999975,2,0.6,0.5999999999997385,0.2999999999989882,2.3999805209634135,True,False,2.519979547011584,0.4577791236528686,21.0,2.504811939114255,0.049999999998618705,2.321378353017794,20.0,0.7292825180043074,1.9,0.7494379796709856,21.0,14.988759593419712,1.9047619047619047,5,False,2,0.0,True,False,1.315026268034984,False,True,False
baseline,48.0,4,134.09999999999724,15,1.5,2.800000000000921,0.5999999999997385,2.078484091905974,False,True,2.1878779914799726,0.3797433190898767,20.0,2.1670405675249844,0.04999999999901661,2.0655516968246714,19.0,0.683065477510981,1.894736842105263,0.6807958726967547,20.0,13.615917453935094,1.9,2,False,2,0.0,True,False,1.140547667118413,False,True,False
baseline,48.0,4,140.79999999999671,20,0.6,0.2000000000003581,2.299999999999528,1.1911135489041327,True,False,1.2506692263493393,0.1355804100204813,21.0,1.742144564376373,0.4500000000011539,1.7406323924052074,20.0,0.5468357936580626,1.9,0.5473108564936204,20.0,10.946217129872409,1.9,2,False,2,-1.0,False,False,0.9169181917770385,False,False,True
baseline,48.0,4,140.99999999999707,23,0.6,0.5000000000004263,0.2000000000003581,1.1894080334381365,True,False,1.2488784351100433,0.1338082680297179,21.0,1.790485333967223,0.550000000000864,1.7406323924052074,20.0,0.5468357936580626,1.9,0.5357119591953996,21.0,10.714239183907992,1.9047619047619047,3,True,2,0.0,True,False,0.9400048003327922,False,False,True
baseline,48.0,4,141.79999999999703,4,0.6,0.3000000000002103,0.2999999999995282,1.6373651066929273,True,False,1.7192333620275737,0.3131662229815069,21.0,1.8820865905192232,0.3500000000010459,1.8073779623786128,20.0,0.5678045328868739,1.9,0.5631189910661956,21.0,11.262379821323911,1.9047619047619047,4,False,2,0.0,True,False,0.9880954600225923,True,False,False
baseline,48.0,4,142.89999999999685,21,1.1000000000000512,1.1000000000000512,0.7999999999996135,1.5462433645387785,False,False,1.6235555327657174,0.2265128678012907,21.0,2.227192846193745,0.35000000000147224,2.208386476850383,20.0,0.6937850731960209,1.9,0.699693268373001,20.0,13.993865367460021,1.9,1,False,2,-1.0,False,False,1.1722067611546025,False,True,False
baseline,48.0,4,143.9999999999969,12,1.5,2.2999999999998977,1.1000000000000512,1.980198657010885,False,True,2.0844196389588263,0.2694715393071165,20.0,2.0581384299430576,1.5916157281026244e-12,1.8511036802046543,19.0,0.6121488129225234,1.894736842105263,0.6465832571579941,20.0,12.931665143159883,1.9,0,False,2,0.0,True,True,1.0832307526016094,False,True,False
baseline,48.0,4,146.2999999999968,24,1.4000000000003183,1.4000000000003183,2.2999999999998977,1.1910896898897605,False,False,1.2572613393280805,0.1219131270920585,19.0,2.122302994709142,0.3500000000022965,2.118879591185816,18.0,0.739628506390078,1.8888888888888888,0.7408234996522065,18.0,14.81646999304413,1.8888888888888888,0,False,2,-1.0,False,True,1.1235721736695459,False,True,False
baseline,48.0,4,147.69999999999712,11,1.0999999999995964,1.0999999999995964,1.4000000000003183,1.800818682489192,False,False,1.9067491932238505,0.2360785084289441,18.0,1.8919194494907463,0.25000000000227374,1.8919194494907463,17.0,0.6992517933769147,1.8823529411764706,0.6992517933769147,17.0,13.985035867538294,1.8823529411764706,0,False,2,-1.0,False,True,1.005082207541959,True,False,False
baseline,48.0,4,149.19999999999578,3,0.6000000000012449,0.6000000000012449,0.19999999999870965,1.7236384710652146,False,False,1.819396163902171,0.3244702181886265,19.0,2.1938115334428825,0.4500000000039961,2.1843268333412875,18.0,0.7624739036293384,1.8888888888888888,0.7657846885360797,18.0,15.315693770721595,1.8888888888888888,2,False,2,-1.0,False,False,1.1614296353521143,False,True,False
baseline,48.0,5,23.200000000000088,13,1.2999999999999936,1.2999999999999936,4.400000000000087,1.027651751901803,False,False,1.079034339496893,0.0440121985234759,21.0,1.8898820489241923,0.25000000000011013,1.88657452947894,20.0,0.5926848682260659,1.9,0.5937239561051468,20.0,11.874479122102937,1.9,0,False,2,-1.0,False,True,0.9946747625916802,True,False,False
baseline,48.0,5,24.50000000000008,10,0.999999999999897,0.999999999999897,1.2999999999999936,1.5894566777808667,False,False,1.6731122924009123,0.1573797026772129,20.0,1.777956995630977,0.40000000000013713,1.7707958475388597,19.0,0.5855914974353045,1.894736842105263,0.5879596458813534,19.0,11.759192917627068,1.894736842105263,0,False,2,-1.0,False,True,0.9383661921385713,False,False,True
baseline,48.0,5,30.20000000000016,19,0.6,0.5000000000000071,3.4000000000001585,1.2280189639700263,True,False,1.2864960574924087,0.1051215685561294,22.0,1.8332869612935636,0.20000000000013785,1.8332869612935636,21.0,0.5485181761449347,1.9047619047619047,0.5485181761449347,21.0,10.970363522898694,1.9047619047619047,1,False,2,-1.0,False,False,0.962475654679121,False,False,True
baseline,48.0,5,30.700000000000166,16,0.6,0.300000000000022,0.5000000000000071,1.7393742641641248,True,False,1.826342977372331,0.2055273654991039,21.0,1.825505941549046,1.3500311979441904e-13,1.803884775609489,20.0,0.5667071158977244,1.9,0.5461901004814287,21.0,10.923802009628574,1.9047619047619047,4,False,2,0.0,True,False,0.9583906193132492,False,False,True
baseline,48.0,5,31.00000000000019,24,0.6,0.0999999999999801,0.300000000000022,1.7212043210465904,True,False,1.8117940221543056,0.2652103351824054,20.0,1.9878951452617093,0.3000000000001215,1.9878951452617093,19.0,0.6573849246801053,1.894736842105263,0.6573849246801053,19.0,13.147698493602107,1.894736842105263,5,False,2,-1.0,False,False,1.0491668822214577,False,True,False
baseline,48.0,5,31.10000000000017,9,0.6,0.09999999999991971,0.0999999999999801,1.7259428587347672,True,False,1.8167819565629129,0.2624573237211375,20.0,2.4310298685030727,0.5000000000001492,1.9878951452617093,19.0,0.6573849246801053,1.894736842105263,0.8485895083940682,18.0,16.971790167881366,1.8888888888888888,5,False,3,-2.0,True,False,1.287015812736921,False,True,False
baseline,48.0,5,31.400000000000176,15,1.099999999999902,1.099999999999902,0.2000000000000881,1.8787304672780012,False,False,1.983104382126779,0.4221020287859749,19.0,2.4310298685030727,0.2000000000001414,2.4310298685030727,18.0,0.8485895083940682,1.8888888888888888,0.8485895083940682,18.0,16.971790167881366,1.8888888888888888,4,False,2,-1.0,False,False,1.287015812736921,False,True,False
baseline,48.0,5,33.30000000000012,13,0.6,0.40000000000009095,0.8000000000000398,1.5220521686865622,True,False,1.6066106225024823,0.2469347706167161,19.0,2.5937816792581776,0.2500000000001137,2.5937816792581776,18.0,0.9054006076192542,1.8888888888888888,0.9054006076192542,18.0,18.108012152385086,1.8888888888888888,2,False,2,-1.0,False,False,1.3731785360778588,False,True,False
baseline,48.0,5,33.70000000000021,17,0.6000000000000085,0.6000000000000085,0.40000000000009095,2.435674871281049,False,False,2.578949863709346,0.4204075534354445,18.0,3.73481818186432,0.25,3.73481818186432,17.0,1.380385572075122,1.8823529411764706,1.380385572075122,17.0,27.60771144150244,1.8823529411764706,1,False,2,-1.0,False,False,1.98412215911542,False,True,False
baseline,48.0,5,34.30000000000022,12,1.5,2.1999999999999176,0.6000000000000085,3.407840671800823,False,True,3.6208307137883744,0.6615408300404252,17.0,3.5987559370352944,0.049999999999968736,3.267017084957799,16.0,1.2829546091569703,1.875,1.3300970839826745,17.0,26.60194167965349,1.8823529411764706,1,False,2,0.0,True,False,1.91183909155,False,True,False
baseline,48.0,5,36.500000000000135,14,1.5,1.7000000000000242,2.1999999999999176,2.109663050218202,False,True,2.250307253566082,0.4080421916066364,16.0,3.573265910942624,0.24999999999991473,3.573265910942624,15.0,1.496766124685358,1.8666666666666667,1.496766124685358,15.0,29.93532249370716,1.8666666666666667,0,False,2,-1.0,False,True,1.9142495951478344,False,True,False
baseline,48.0,5,38.600000000000165,6,0.6,0.10000000000000142,0.4000000000000057,2.637840336979016,True,False,2.813696359444284,0.568174809424674,16.0,2.786691624362759,0.04999999999977689,,,,,1.0943312418647817,16.0,21.886624837295635,1.875,4,False,3,0.0,True,False,1.4862355329934716,False,True,False
baseline,48.0,5,45.90000000000038,5,0.6999999999997826,0.6999999999997826,1.4000000000002473,1.2555876358344589,False,False,1.3126598010996615,0.2061459707852945,23.0,2.3669482276973066,0.2999999999991303,2.3669482276973066,22.0,0.6759988330510218,1.9090909090909092,0.6759988330510218,22.0,13.519976661020436,1.9090909090909092,0,False,2,-1.0,False,True,1.2398300240319224,False,True,False
baseline,48.0,5,46.70000000000029,24,1.5,3.2000000000000384,0.10000000000012221,1.7601897942716604,False,True,1.8401984212840088,0.2662030751357089,23.0,1.99188130171686,0.39999999999917435,1.989779660787552,22.0,0.5682797422356876,1.9090909090909092,0.5688799694815057,22.0,11.377599389630113,1.9090909090909092,2,False,2,-1.0,False,False,1.043366396137403,False,True,False
baseline,48.0,5,49.900000000000325,19,0.6,0.19999999999988916,3.2000000000000384,1.314579501420348,True,False,1.3771785252975075,0.2014688240867143,22.0,1.863876865178456,0.3999999999989541,1.8627450411755109,21.0,0.5573320130350288,1.9047619047619047,0.55767065398482,21.0,11.1534130796964,1.9047619047619047,1,False,3,-1.0,True,False,0.9785353542186895,False,False,True
baseline,48.0,5,50.100000000000215,14,1.5,1.8000000000001393,0.19999999999988916,1.3157422990269814,False,True,1.3783966942187424,0.1984091890565688,22.0,1.863876865178456,0.19999999999906493,1.8627450411755109,21.0,0.5573320130350288,1.9047619047619047,0.55767065398482,21.0,11.1534130796964,1.9047619047619047,1,False,3,-1.0,True,False,0.9785353542186895,False,False,True
baseline,48.0,5,51.900000000000354,10,0.6,0.10000000000014353,1.8000000000001393,1.3119115353081798,True,False,1.3809595108507156,0.1678834077586704,20.0,1.5939611285403503,0.2499999999988134,1.5939611285403503,19.0,0.5271133233189538,1.894736842105263,0.5271133233189538,19.0,10.542266466379075,1.894736842105263,1,False,3,-1.0,True,False,0.8412572622851849,False,False,True
baseline,48.0,5,52.0000000000005,11,0.6,0.4999999999999858,0.10000000000014353,1.2726436212923633,True,False,1.3396248645182771,0.1615560889890602,20.0,1.5939611285403503,0.14999999999866986,1.5939611285403503,19.0,0.5271133233189538,1.894736842105263,0.5271133233189538,19.0,10.542266466379075,1.894736842105263,2,False,3,-1.0,True,False,0.8412572622851849,False,False,True
baseline,48.0,5,52.50000000000048,3,1.399999999999899,1.399999999999899,0.4999999999999858,1.495080530442866,False,False,1.5830264439983288,0.2252284614022718,18.0,1.889823043199648,0.29999999999865423,1.889823043199648,17.0,0.6984769634236141,1.8823529411764706,0.6984769634236141,17.0,13.969539268472282,1.8823529411764706,2,False,2,-1.0,False,False,1.003968491699813,True,False,False
baseline,48.0,5,55.70000000000032,13,0.6,0.3000000000002032,1.0000000000000355,1.2335223746199717,True,False,1.3020513954321924,0.1989652853545595,19.0,1.9813764872472268,0.49999999999862155,1.972174602470977,18.0,0.6884188047465769,1.8888888888888888,0.6916308684812709,18.0,13.832617369625417,1.8888888888888888,1,False,3,-1.0,True,False,1.0489640226602965,False,True,False
baseline,48.0,5,56.000000000000526,25,1.5,1.8999999999997996,0.3000000000002032,1.862609346778145,False,True,1.972174602470977,0.2887996099177008,18.0,1.9813764872472268,0.19999999999841833,1.8694493020710037,17.0,0.6909468463111565,1.8823529411764706,0.6916308684812709,18.0,13.832617369625417,1.8888888888888888,1,False,2,0.0,True,False,1.0489640226602965,False,True,False
baseline,48.0,5,59.40000000000036,24,0.6,0.4999999999999929,1.3000000000001464,1.2050149501753027,True,False,1.2719602251850417,0.1978885134974242,19.0,2.355882332282678,0.5999999999983672,2.29033161068768,18.0,0.7994765513800992,1.8888888888888888,0.7790760660864473,19.0,15.581521321728946,1.894736842105263,1,True,2,0.0,True,False,1.24338234203808,False,True,False
baseline,48.0,5,62.40000000000062,2,1.2999999999997058,1.2999999999997058,1.9000000000001336,1.5271877514594487,False,False,1.6035471390324212,0.2175366633946615,21.0,2.4969474102971745,0.2999999999979579,2.4969474102971745,20.0,0.7844391640589663,1.9,0.7844391640589663,20.0,15.688783281179326,1.9,0,False,2,-1.0,False,True,1.3141828475248287,False,True,False
baseline,48.0,5,64.2000000000004,19,1.300000000000182,1.300000000000182,0.19999999999987494,1.4697878390610384,False,False,1.5397777361591831,0.2698741125421383,22.0,2.028461929518877,0.5499999999980645,2.0210115429588,21.0,0.6046852396361464,1.9047619047619047,0.6069143900821983,21.0,12.138287801643965,1.9047619047619047,2,False,2,-1.0,False,False,1.0649425129974106,False,True,False
baseline,48.0,5,65.50000000000058,18,1.2999999999998977,1.2999999999998977,1.300000000000182,1.8090195625865344,False,False,1.8994705407158612,0.2977903197191058,21.0,2.026824615436128,0.649999999997803,1.9758946974918612,20.0,0.6207456265907458,1.9,0.6367457321969097,20.0,12.734914643938193,1.9,0,False,2,-1.0,False,True,1.066749797597962,False,True,False
baseline,48.0,5,66.80000000000048,23,0.6,0.5999999999998806,1.2999999999998977,1.8404144953976727,True,False,1.9372784162080765,0.3144841717396366,20.0,2.079384238208356,0.4499999999978428,2.0769594413867067,19.0,0.686837949775204,1.894736842105263,0.6876398154469241,19.0,13.752796308938482,1.894736842105263,1,False,2,-1.0,False,False,1.0974527923877435,False,True,False
baseline,48.0,5,74.59999999999992,12,0.6,0.20000000000055707,1.0999999999993406,1.1233453343899478,True,False,1.1744064859531271,0.1233322655841646,23.0,1.8480309407734568,0.34999999999796216,,,,,0.5048487327948283,23.0,10.096974655896567,1.9130434782608696,1,False,1,0.0,True,False,0.9660161735861251,False,False,True
baseline,48.0,5,78.30000000000017,2,1.0999999999998238,1.0999999999998238,3.4999999999996874,1.1868572305298735,False,False,1.2408052864630494,0.1064870627098331,23.0,1.7376093024751813,0.4999999999974989,1.7302167191294098,22.0,0.4941487394486534,1.9090909090909092,0.4962600563150285,22.0,9.92520112630057,1.9090909090909092,0,False,2,-1.0,False,True,0.9101763012965235,False,False,True
baseline,48.0,5,79.39999999999999,19,1.5,2.699999999999534,1.0999999999998238,1.5625080847583872,False,True,1.6369132316516437,0.1614250535400508,22.0,1.7058623421855197,0.29999999999762395,1.7058623421855197,21.0,0.5103928192614768,1.9047619047619047,0.5103928192614768,21.0,10.207856385229537,1.9047619047619047,0,False,2,-1.0,False,True,0.8955777296473979,False,False,True
baseline,48.0,5,82.09999999999953,24,0.6,0.39999999999983515,2.699999999999534,1.069427354495824,True,False,1.1228987222206153,0.0676956784419805,21.0,2.0844115195669146,0.5999999999979195,1.994492012585061,20.0,0.6265881454380748,1.9,0.6236544682789864,21.0,12.473089365579728,1.9047619047619047,2,True,2,0.0,True,False,1.0943160477726301,False,True,False
baseline,48.0,5,82.49999999999936,6,0.6,0.10000000000056275,0.39999999999983515,1.8961390425253508,True,False,1.9959358342372115,0.2359939311637364,20.0,2.0844115195669146,0.19999999999808438,,,,,0.6236544682789864,21.0,12.473089365579728,1.9047619047619047,2,False,2,1.0,True,False,1.0943160477726301,False,True,False
baseline,48.0,5,84.99999999999945,7,1.300000000000722,1.300000000000722,2.3999999999995225,1.259594808475567,False,False,1.3258892720795443,0.1954010182879505,20.0,2.3079668173245267,0.2999999999978513,2.3079668173245267,19.0,0.7632306945300789,1.894736842105263,0.7632306945300789,19.0,15.264613890601577,1.894736842105263,0,False,2,-1.0,False,True,1.2180935980323893,False,True,False
baseline,48.0,5,86.39999999999985,18,1.000000000000142,1.000000000000142,0.09999999999968168,1.9522530674789167,False,False,2.0550032289251754,0.322280247132674,20.0,2.0324108592761383,0.04999999999738236,1.8567464055740917,19.0,0.6140148281400863,1.894736842105263,0.6385007024578035,20.0,12.770014049156071,1.9,1,False,2,0.0,True,False,1.0696899259348096,False,True,False
baseline,48.0,5,88.79999999999912,15,1.3000000000004093,1.3000000000004093,1.3999999999991246,1.3621546468149368,False,False,1.433846996647302,0.2096837013944627,20.0,1.56253398224945,0.34999999999796216,1.5618468330269186,19.0,0.5164933196494581,1.894736842105263,0.5167205557493975,19.0,10.33441111498795,1.894736842105263,0,False,2,-1.0,False,True,0.8246707128538764,False,False,True
baseline,48.0,5,91.49999999999896,3,0.8999999999998352,0.8999999999998352,0.9999999999996021,1.2616002286940524,False,False,1.3246802401287552,0.2115407157791639,21.0,2.2221066426467884,0.2999999999979508,2.2221066426467884,20.0,0.698095390403223,1.9,0.698095390403223,20.0,13.96190780806446,1.9,1,False,2,-1.0,False,False,1.1695298119193624,False,True,False
baseline,48.0,5,92.3999999999988,10,0.600000000000648,0.600000000000648,0.8999999999998352,2.008134342770234,False,False,2.1138256239686672,0.3058155355562636,20.0,2.096561294939542,0.04999999999807869,2.0513302424132265,19.0,0.678362528384417,1.894736842105263,0.6586541561982768,20.0,13.173083123965537,1.9,1,False,2,0.0,True,False,1.1034533131260749,False,True,False
baseline,48.0,5,93.4999999999993,12,0.6,0.5999999999994969,0.4999999999998579,1.9528832960978135,True,False,2.055666627471383,0.3594197890525503,20.0,3.0305631452873847,0.2499999999975131,3.0305631452873847,19.0,1.0021889382605078,1.894736842105263,1.0021889382605078,19.0,20.043778765210156,1.894736842105263,2,False,2,-1.0,False,False,1.5994638822350087,False,True,False
baseline,48.0,5,94.0999999999988,16,0.6,0.30000000000103455,0.5999999999994969,2.779229108159352,True,False,2.933630725279316,0.4932522396199075,19.0,2.91501109777442,0.04999999999799343,2.6585926156094395,18.0,0.9280238922318542,1.8888888888888888,0.9639765736737722,19.0,19.279531473475444,1.894736842105263,2,False,2,0.0,True,False,1.5384780793809438,False,True,False
baseline,48.0,5,94.99999999999876,5,0.6,0.5000000000007532,0.5999999999989285,2.3480256260075594,True,False,2.4784714941190904,0.4248192442582629,19.0,2.449126658290995,0.049999999997979216,2.1806960552978216,18.0,0.7612065230039864,1.8888888888888888,0.8099114018313589,19.0,16.198228036627178,1.894736842105263,3,False,2,0.0,True,False,1.2925946252091365,False,True,False
baseline,48.0,5,95.49999999999952,19,0.6,0.5999999999997669,0.5000000000007532,1.9555238376298871,True,False,2.070554651608116,0.3727130656695507,18.0,2.0434708630568825,0.04999999999719762,1.8057995976534051,17.0,0.667421970569805,1.8823529411764706,0.7133058945782551,18.0,14.266117891565102,1.8888888888888888,2,False,2,0.0,True,False,1.0818375157359967,False,True,False
baseline,48.0,5,96.09999999999928,7,0.6999999999998323,0.6999999999998323,0.5999999999997669,1.5695660958279065,False,False,1.6676639768171506,0.2991509936969927,17.0,1.731421861454831,0.6999999999973596,1.6209750788566184,16.0,0.636555424923511,1.875,0.6799277750264077,16.0,13.598555500528153,1.875,1,True,2,-1.0,False,False,0.9234249927759098,False,False,True
baseline,48.0,5,98.69999999999855,22,0.7999999999999687,0.7999999999999687,1.8999999999994373,1.552240623125321,False,False,1.6492556620706535,0.2221932378932683,17.0,1.6573252860713412,0.34999999999796216,1.656199200824225,16.0,0.6503879052738339,1.875,0.650830117916291,16.0,13.01660235832582,1.875,0,False,2,-1.0,False,True,0.8839068192380487,False,False,True
baseline,48.0,5,99.49999999999852,9,0.6000000000008612,0.6000000000008612,0.7999999999999687,1.5142002940060066,False,False,1.6151469802730738,0.2454418186113516,16.0,2.310147882192544,0.34999999999796216,,,,,0.9071929519252642,16.0,18.143859038505283,1.875,2,False,2,0.0,True,False,1.2320788705026902,False,True,False
baseline,48.0,5,100.09999999999938,2,0.6,0.2999999999994145,0.6000000000004206,2.146588948789425,True,False,2.2896948787087203,0.4160704541225278,16.0,2.2831443567535503,0.04999999999705551,2.096838895196957,15.0,0.8783218225216132,1.8666666666666667,0.8965886922827435,16.0,17.93177384565487,1.875,3,False,2,0.0,True,False,1.2176769902685602,False,True,False
baseline,48.0,5,101.6999999999985,4,0.6,0.4000000000003041,0.19999999999919282,1.2841371477285988,True,False,1.3643957194616363,0.279514462790262,17.0,1.9142129207101095,0.49999999999783995,1.799624554219582,16.0,0.7067109098445057,1.875,0.7074914410717108,17.0,14.149828821434216,1.8823529411764706,2,False,2,0.0,True,False,1.0169256141272458,True,False,False
baseline,48.0,5,103.19999999999877,5,0.6,0.30000000000075033,0.20000000000000284,1.3247700450942828,True,False,1.4026976948057113,0.246215930107658,18.0,1.8384152815402908,0.39999999999749036,1.7423293963181663,17.0,0.6439634390125519,1.8823529411764706,0.6417279936371321,18.0,12.834559872742641,1.8888888888888888,2,False,2,0.0,True,False,0.9732786784625069,False,False,True
baseline,48.0,5,104.0999999999995,19,1.5,2.5999999999990564,0.5999999999999801,1.7000610861168808,False,True,1.8000646794178738,0.3265915111321956,18.0,1.8884446290356107,0.09999999999672582,,,,,0.6244972392936186,19.0,12.489944785872371,1.894736842105263,3,False,2,1.0,True,False,0.9966791097687946,True,False,False
baseline,48.0,5,107.19999999999808,17,0.6,0.3000000000004377,0.49999999999953104,1.379945368091234,True,False,1.456608999651858,0.2139386219282233,19.0,1.958577342077168,0.4999999999979394,1.852087199475048,18.0,0.6465003932976114,1.8888888888888888,0.6476897041428478,19.0,12.953794082856955,1.894736842105263,2,False,2,0.0,True,False,1.0336935972073942,False,True,False
baseline,48.0,5,109.49999999999828,6,0.6,0.200000000000216,1.3999999999988972,1.4318751756418284,True,False,1.5072370269913984,0.1970254469088384,20.0,2.317022876303816,0.249999999997641,2.317022876303816,19.0,0.7662254785679536,1.894736842105263,0.7662254785679536,19.0,15.324509571359073,1.894736842105263,1,False,2,-1.0,False,False,1.222873184715903,False,True,False
baseline,48.0,5,111.49999999999828,9,0.6,0.20000000000089813,0.299999999999514,1.2222984467149625,True,False,1.2834133690507106,0.2508724307802548,21.0,1.8985243717723788,0.44999999999750173,1.691470604225462,20.0,0.53139116239978,1.9,0.6278305493706613,19.0,12.556610987413226,1.894736842105263,2,False,3,-2.0,True,False,1.0019989739909778,True,False,False
baseline,48.0,5,111.69999999999918,2,0.6,0.4000000000003183,0.20000000000089813,1.2049305173866487,True,False,1.265177043255981,0.2280417613166002,21.0,1.9846794678096504,0.4999999999965752,1.691470604225462,20.0,0.53139116239978,1.9,0.6235054435801297,20.0,12.470108871602594,1.9,3,False,3,-1.0,True,False,1.0445681409524477,False,True,False
baseline,48.0,5,116.09999999999847,12,0.6,0.5999999999990848,0.9000000000003894,1.194472329210689,True,False,1.2541959456712235,0.1753025568982044,21.0,2.1168895668114995,0.2999999999970413,2.1168895668114995,20.0,0.6650404711555886,1.9,0.6650404711555886,20.0,13.300809423111772,1.9,2,False,2,-1.0,False,False,1.114152403585,False,True,False
baseline,48.0,5,116.69999999999756,11,0.8000000000007219,0.8000000000007219,0.5999999999990848,1.9900208396396255,False,False,2.094758778568027,0.2859204544945129,20.0,2.966713743753892,0.2999999999979366,2.966713743753892,19.0,0.9810743265980104,1.894736842105263,0.9810743265980104,19.0,19.62148653196021,1.894736842105263,1,False,2,-1.0,False,False,1.565765586981221,False,True,False
baseline,48.0,5,117.79999999999758,8,1.5,1.7000000000006992,0.2999999999993008,2.6904326461229173,False,True,2.832034364339913,0.4634828206486044,20.0,2.8049666480001543,0.04999999999786553,2.528812409623589,19.0,0.83626299877686,1.894736842105263,0.8812062614921672,20.0,17.624125229843344,1.9,1,False,2,0.0,True,False,1.4762982357895549,False,True,False
baseline,48.0,5,122.39999999999756,10,1.5,1.7000000000009123,2.699999999998383,1.4779823849849887,False,True,1.5518815042342382,0.2074434893891078,21.0,2.4172071979928664,0.2999999999975955,2.4172071979928664,20.0,0.7593880375418758,1.9,0.7593880375418758,20.0,15.187760750837516,1.9,0,False,2,-1.0,False,True,1.2722143147330875,False,True,False
baseline,48.0,5,125.79999999999748,22,1.5,4.600000000000051,1.0999999999999233,1.4721176111643701,False,True,1.5422184497912448,0.1878425484549941,22.0,1.831817633656446,0.2499999999974989,,,,,0.5231658927828482,22.0,10.463317855656964,1.9090909090909092,1,False,2,0.0,True,False,0.9595235223914717,False,False,True
baseline,48.0,5,130.49999999999756,6,1.5,2.399999999999636,0.10000000000002274,1.1156850819243422,False,True,1.1663980401936305,0.1767854590212277,23.0,1.917037475612752,0.24999999999792522,1.917037475612752,22.0,0.5475046227310312,1.9090909090909092,0.5475046227310312,22.0,10.950092454620624,1.9090909090909092,1,False,2,-1.0,False,False,1.004162487225727,True,False,False
baseline,48.0,5,132.8999999999972,8,0.9000000000002615,0.9000000000002615,2.399999999999636,1.2402481129499046,False,False,1.2993075468999,0.1510175048320046,22.0,1.8014801285099131,0.4499999999988802,1.7902108679899744,21.0,0.5356298391670391,1.9047619047619047,0.5390015940299753,21.0,10.780031880599505,1.9047619047619047,0,False,2,-1.0,False,True,0.9457770674677044,False,False,True
baseline,48.0,5,134.19999999999703,24,1.5,3.10000000000025,0.39999999999957936,1.6399749112681015,False,True,1.7180689546618206,0.235278774925487,22.0,1.7007689913673414,0.04999999999924398,1.5541790141279772,21.0,0.4650092736331315,1.9047619047619047,0.4857384880666329,22.0,9.714769761332658,1.9090909090909092,1,False,2,0.0,True,False,0.8908789954781312,False,False,True
baseline,48.0,5,137.29999999999728,9,1.2000000000002728,1.2000000000002728,3.10000000000025,1.1409071624603424,False,False,1.1979525205833597,0.1056259390467932,21.0,1.6314281088153684,0.3999999999997783,1.6256238749178595,20.0,0.510704802294212,1.9,0.512528256151425,20.0,10.250565123028501,1.9,0,False,2,-1.0,False,True,0.8586463730607202,False,False,True
baseline,48.0,5,139.39999999999682,4,0.6,0.5000000000002842,0.8999999999992667,1.2585068913411896,True,False,1.321432235908249,0.158823212349146,21.0,1.5946762415630793,0.2500000000006821,1.5946762415630793,20.0,0.5009823165348752,1.9,0.5009823165348752,20.0,10.019646330697505,1.9,2,False,2,-1.0,False,False,0.8393032850331996,False,False,True
baseline,48.0,5,139.8999999999971,22,0.6,0.10000000000002274,0.5000000000002842,1.4935823740025111,True,False,1.5721919726342224,0.1695637225506523,20.0,1.8664716336482616,0.30000000000052296,1.8662929844982945,19.0,0.617171824162738,1.894736842105263,0.617230902358223,19.0,12.34461804716446,1.894736842105263,3,False,3,-1.0,True,False,0.9850822510921381,True,False,False
baseline,48.0,5,139.99999999999713,5,0.6,0.49999999999982947,0.10000000000002274,1.4780488241108165,True,False,1.55584086748507,0.1636869358019354,20.0,1.8664716336482616,0.20000000000050022,1.8662929844982945,19.0,0.617171824162738,1.894736842105263,0.617230902358223,19.0,12.34461804716446,1.894736842105263,3,False,3,-1.0,True,False,0.9850822510921381,True,False,False
baseline,48.0,5,140.49999999999696,10,0.6,0.40000000000023306,0.49999999999982947,1.6577075606964051,True,False,1.7552197701491348,0.2559812527749775,18.0,2.070125352845695,0.4500000000008413,1.9441835696670364,17.0,0.7185685670230519,1.8823529411764706,0.7226100667233348,18.0,14.452201334466697,1.8888888888888888,3,False,2,0.0,True,False,1.0959487162124266,False,True,False
baseline,48.0,5,141.1999999999966,3,1.0000000000004263,1.0000000000004263,0.2999999999994145,1.9442302065785608,False,False,2.058596689318476,0.3974255178138737,18.0,2.394835993581449,0.2500000000013074,2.394835993581449,17.0,0.8851293134103404,1.8823529411764706,0.8851293134103404,17.0,17.702586268206808,1.8823529411764706,2,False,2,-1.0,False,False,1.272256621590145,False,True,False
baseline,48.0,5,144.69999999999575,13,0.6000000000015291,0.6000000000015291,2.499999999998721,1.3502214573347857,False,False,1.4296462489427144,0.1997871266156713,18.0,1.6201378565820856,0.3000000000029672,1.6197448506290466,17.0,0.59865629687366,1.8823529411764706,0.5988015515342346,17.0,11.976031030684693,1.8823529411764706,0,False,2,-1.0,False,True,0.860698236309233,False,False,True
baseline,48.0,5,148.19999999999587,21,0.6,0.3000000000010914,0.19999999999873808,1.2447504784987653,True,False,1.3069880024237035,0.33354482620838,21.0,1.8210389800764928,0.3500000000036607,1.767402289520961,20.0,0.5552458048696831,1.9,0.5448535887341865,21.0,10.897071774683731,1.9047619047619047,4,False,2,0.0,True,False,0.9560454645401588,False,False,True
baseline,48.0,5,148.79999999999697,6,0.6,0.19999999999976126,0.30000000000001137,1.6711030888938567,True,False,1.7546582433385496,0.3087661291370479,21.0,1.7347855319997478,2.6432189770275727e-12,1.5442536869742431,20.0,0.4851416038277234,1.9,0.5190466174175494,21.0,10.380932348350989,1.9047619047619047,6,False,2,0.0,True,False,0.9107624042998677,False,False,True
baseline,48.0,5,148.99999999999673,7,0.6,0.19999999999987494,0.19999999999976126,1.5896139966025826,True,False,1.6690946964327118,0.2788922079269997,21.0,1.6455829804663509,2.8990143619012088e-12,1.5442536869742431,20.0,0.4851416038277234,1.9,0.4923572764100461,21.0,9.847145528200922,1.9047619047619047,5,False,2,0.0,True,False,0.8639310647448343,False,False,True
baseline,48.0,5,153.39999999999523,14,0.6,0.30000000000066507,0.699999999999477,1.1175324773730786,True,False,1.1734091012417325,0.1565145154604521,21.0,1.5959122725671693,0.25000000000545697,1.5959122725671693,20.0,0.501370627127081,1.9,0.501370627127081,20.0,10.02741254254162,1.9,2,False,3,-1.0,True,False,0.8399538276669313,False,False,True
baseline,48.0,6,20.700000000000024,19,1.5,1.8000000000000256,0.8000000000000504,2.082279091949436,False,True,2.1979612637244044,0.3133823787415739,19.0,2.1757494770637806,1.3500311979441904e-13,1.9725070242558709,18.0,0.688534841839612,1.8888888888888888,0.7195072182310955,19.0,14.39014436462191,1.894736842105263,1,False,2,0.0,True,False,1.1483122240058843,False,True,False
baseline,48.0,6,22.50000000000005,5,0.7999999999999119,0.7999999999999119,1.8000000000000256,1.2690674531522292,False,False,1.3437184798082429,0.1772672612870471,18.0,1.8142291230789325,0.4000000000001407,1.805904628517996,17.0,0.6674607898865812,1.8823529411764706,0.6705375158815796,17.0,13.410750317631592,1.8823529411764706,0,False,2,-1.0,False,True,0.9638092216356828,False,False,True
baseline,48.0,6,23.800000000000068,3,0.6,0.4999999999998934,0.3000000000001073,1.8717393403623799,True,False,1.9702519372235576,0.3882922682744786,20.0,2.155364855078409,0.4500000000001414,2.1237849533579074,19.0,0.7023228639235519,1.894736842105263,0.7127661467915747,19.0,14.255322935831494,1.894736842105263,4,False,2,-1.0,False,False,1.137553673513605,False,True,False
baseline,48.0,6,24.70000000000008,18,1.5,2.499999999999922,0.40000000000011937,1.6216231614937038,False,True,1.7069717489407408,0.3074636607860659,20.0,1.705934128069526,1.3500311979441904e-13,1.6751708893196953,19.0,0.5539689009888669,1.894736842105263,0.5359350124251332,20.0,10.718700248502664,1.9,2,False,2,0.0,True,False,0.8978600674050137,False,False,True
baseline,48.0,6,27.60000000000012,15,1.0999999999999055,1.0999999999999055,0.4000000000001158,1.2759008901858921,False,False,1.3430535686167286,0.2269410772796766,20.0,2.072430641303107,0.2500000000001421,2.071803697553185,19.0,0.6851329764119218,1.894736842105263,0.6853403029254972,19.0,13.706806058509944,1.894736842105263,1,False,2,-1.0,False,False,1.0937828384655286,False,True,False
baseline,48.0,6,34.900000000000226,6,0.6999999999998963,0.6999999999998963,2.200000000000145,1.1354527497340994,False,False,1.1870642383583767,0.1389762563267662,23.0,1.8041544323916228,0.2999999999999119,1.8041544323916228,22.0,0.515265300976635,1.9090909090909092,0.515265300976635,22.0,10.3053060195327,1.9090909090909092,0,False,2,-1.0,False,True,0.9450332741098976,False,False,True
baseline,48.0,6,36.20000000000013,3,1.0000000000000213,1.0000000000000213,0.6000000000000085,1.5344700263956015,False,False,1.604218663959038,0.2136744335678674,23.0,1.7487312456546058,0.34999999999993037,1.7478686669154786,22.0,0.4991901239474048,1.9090909090909092,0.4994364758592216,22.0,9.988729517184431,1.9090909090909092,1,False,2,-1.0,False,False,0.9160020810571744,False,False,True
baseline,48.0,6,37.20000000000015,2,0.6,0.30000000000009663,1.0000000000000213,1.5781945182358053,True,False,1.653346638151796,0.187154206129492,22.0,2.484091737928152,0.2499999999998579,2.484091737928152,21.0,0.7432385099731604,1.9047619047619047,0.7432385099731604,21.0,14.864770199463209,1.9047619047619047,1,False,3,-1.0,True,False,1.30414816241228,False,True,False
baseline,48.0,6,37.50000000000025,7,1.5,2.0000000000000426,0.30000000000009663,2.3601768942132773,False,True,2.478185738923941,0.3518198623494113,21.0,2.4635730802050664,0.09999999999975273,2.3073735522207874,20.0,0.7248827800744211,1.9,0.7370993419384586,21.0,14.741986838769172,1.9047619047619047,1,False,2,0.0,True,False,1.2933758671076598,False,True,False
baseline,48.0,6,39.50000000000029,23,1.5,3.3999999999999417,2.0000000000000426,1.534745231939534,False,True,1.615521296778457,0.2553095063911593,20.0,1.8200851612151965,0.5499999999995708,1.802912079218952,19.0,0.5962121413834272,1.894736842105263,0.6018911759348899,19.0,12.037823518697799,1.894736842105263,0,False,2,-1.0,False,True,0.9606005017524648,False,False,True
baseline,48.0,6,49.000000000000455,22,1.29999999999999,1.29999999999999,1.5000000000001634,1.186370762453461,False,False,1.2379520999514375,0.1056191631107595,24.0,1.8541392491610136,0.5499999999988674,1.8255434789010905,23.0,0.4987055636629929,1.9130434782608696,0.5065174125127596,23.0,10.130348250255192,1.9130434782608696,0,False,2,-1.0,False,True,0.9692091529705298,False,False,True
baseline,48.0,6,50.300000000000445,9,0.6,0.4000000000000057,1.29999999999999,1.6172598818908464,True,False,1.6907716947040667,0.17075513200266,23.0,1.8311609343701785,0.3499999999988148,1.8303435252799212,22.0,0.5227448884150041,1.9090909090909092,0.5229783399052703,22.0,10.459566798105406,1.9090909090909092,1,False,2,-1.0,False,False,0.9591795370510459,False,False,True
baseline,48.0,6,50.70000000000045,24,0.6,0.4000000000000057,0.4000000000000057,1.747694720097411,True,False,1.8309182781972877,0.2297099040747405,22.0,1.8294188807347715,0.04999999999879634,1.7196735404002772,21.0,0.5145251201042154,1.9047619047619047,0.5224808105504382,22.0,10.449616211008763,1.9090909090909092,2,False,2,0.0,True,False,0.9582670327658327,False,False,True
baseline,48.0,6,51.100000000000456,12,1.5,3.2000000000000455,0.4000000000000057,1.6523268790882373,False,True,1.7349432230426491,0.2574234038880947,21.0,1.774202962386649,0.24999999999876366,1.7367760121217604,20.0,0.54562427606127,1.9,0.5308402850105853,21.0,10.616805700211707,1.9047619047619047,2,False,2,0.0,True,False,0.9314565552529909,False,False,True
baseline,48.0,6,54.3000000000005,16,1.5,1.5999999999999162,3.2000000000000455,1.2671042971707736,False,True,1.333793997021867,0.1377554819792433,20.0,1.7043427830435125,0.39999999999852776,1.7024380615065,19.0,0.5629859902337335,1.894736842105263,0.5636158701482401,19.0,11.272317402964802,1.894736842105263,0,False,2,-1.0,False,True,0.8995142466062983,False,False,True
baseline,48.0,6,55.90000000000042,8,1.100000000000037,1.100000000000037,1.5999999999999162,1.3952601974422454,False,False,1.4727746528557035,0.1443657948469625,19.0,1.7119432827049224,0.29999999999852633,1.7117149861079053,18.0,0.5975012472662389,1.8888888888888888,0.5975809378120198,18.0,11.951618756240396,1.8888888888888888,0,False,2,-1.0,False,True,0.9063229143731942,False,False,True
baseline,48.0,6,57.80000000000055,14,0.6,0.4999999999998934,0.8000000000000966,1.3696696042286163,True,False,1.445762360019095,0.2113207656621676,19.0,2.308249532733007,0.5999999999982677,2.203933598983981,18.0,0.7693179559519763,1.8888888888888888,0.7633241868090619,19.0,15.266483736181238,1.894736842105263,2,True,2,0.0,True,False,1.2182428089424204,False,True,False
baseline,48.0,6,60.90000000000048,9,1.40000000000002,1.40000000000002,1.8000000000000256,1.4896222927575116,False,False,1.5641034073953872,0.2374927287538685,21.0,1.88107999445326,0.44999999999816964,1.8768493315417456,20.0,0.5896296071866463,1.9,0.590958709138909,20.0,11.81917418277818,1.9,0,False,2,-1.0,False,True,0.9900421023438211,True,False,False
baseline,48.0,6,66.10000000000052,21,1.5,2.7999999999999687,0.29999999999996874,1.282192232137846,False,True,1.3404736972350209,0.1908979586200296,23.0,1.915323471875024,0.3499999999978485,1.914646691725004,22.0,0.5468218164493885,1.9090909090909092,0.547015104408243,22.0,10.94030208816486,1.9090909090909092,1,False,2,-1.0,False,False,1.0032646757440602,True,False,False
baseline,48.0,6,70.50000000000016,24,1.5,2.899999999999906,1.5999999999996675,1.185213908906741,False,True,1.239087268402502,0.1216744731189287,23.0,2.05489236724396,0.4499999999979565,2.0488573153546232,22.0,0.5851522809247083,1.9090909090909092,0.5868758877137603,22.0,11.737517754275206,1.9090909090909092,0,False,2,-1.0,False,True,1.0763721923658838,False,True,False
baseline,48.0,6,73.40000000000006,10,0.6,0.4000000000000341,2.899999999999906,1.297349087313334,True,False,1.3591276152806355,0.1544123612578083,22.0,1.6413341660406982,0.3499999999978911,1.6388545604193478,21.0,0.4903441378395765,1.9047619047619047,0.4910860341066083,21.0,9.821720682132165,1.9047619047619047,1,False,2,-1.0,False,False,0.8617004371713666,False,False,True
baseline,48.0,6,73.8000000000001,14,0.6,0.3000000000004235,0.4000000000000341,1.5630106751319413,True,False,1.6411612088885386,0.200194690241493,21.0,1.8021014470004544,0.3999999999978314,1.7178445029801388,20.0,0.5396767670572014,1.9,0.5391874920876347,21.0,10.783749841752694,1.9047619047619047,2,False,2,0.0,True,False,0.9461032596752386,False,False,True
baseline,48.0,6,74.9999999999999,11,1.5,3.500000000000256,0.8999999999993804,1.5432127631393242,False,True,1.6203734012962905,0.2110427222312952,21.0,2.1583213743682075,0.24999999999796785,2.1583213743682075,20.0,0.6780566573800986,1.9,0.6780566573800986,20.0,13.561133147601971,1.9,1,False,2,-1.0,False,False,1.1359586180885304,False,True,False
baseline,48.0,6,78.99999999999967,16,1.5,1.599999999999909,0.49999999999951683,1.350351171913844,False,True,1.417868730509536,0.2129138802542566,21.0,2.0875276350802663,0.299999999997965,2.0875276350802663,20.0,0.655816148253384,1.9,0.655816148253384,20.0,13.11632296506768,1.9,1,False,2,-1.0,False,False,1.0986987553054033,False,True,False
baseline,48.0,6,80.59999999999958,12,0.8000000000004803,0.8000000000004803,1.599999999999909,1.6998569867413313,False,False,1.7893231439382435,0.2520323295031684,20.0,2.3009375061602766,0.299999999997965,2.3009375061602766,19.0,0.7609061437602467,1.894736842105263,0.7609061437602467,19.0,15.218122875204934,1.894736842105263,0,False,2,-1.0,False,True,1.2143836838068127,False,True,False
baseline,48.0,6,82.59999999999947,18,0.6,0.29999999999999716,0.7999999999993719,1.780514588448189,True,False,1.8695403178705985,0.2470071712151043,21.0,2.403125058834967,0.5499999999979508,1.976409471193268,20.0,0.6209073475186058,1.9,0.7549640030493472,20.0,15.099280060986944,1.9,3,True,2,-1.0,False,False,1.2648026625447195,False,True,False
baseline,48.0,6,82.89999999999947,17,0.6,0.10000000000043485,0.29999999999999716,1.8810507598622948,True,False,1.9800534314339944,0.2986153343644598,20.0,2.403125058834967,0.24999999999795364,,,,,0.7549640030493472,20.0,15.099280060986944,1.9,2,False,2,0.0,True,False,1.2648026625447195,False,True,False
baseline,48.0,6,83.59999999999941,15,1.5,2.699999999999733,0.5999999999995111,2.1841204504905103,False,True,2.2990741584110634,0.4032696106089444,20.0,3.1656824649035715,0.299999999997965,3.1656824649035715,19.0,1.0468720816146408,1.894736842105263,1.0468720816146408,19.0,20.937441632292817,1.894736842105263,3,False,2,-1.0,False,False,1.670776856476885,False,True,False
baseline,48.0,6,86.29999999999914,8,0.6,0.3000000000006793,2.699999999999733,2.18028109599262,True,False,2.3014078235477653,0.3829219049550236,19.0,3.0915287957734043,0.5999999999980616,2.0764563272301504,18.0,0.7248199936806983,1.8888888888888888,1.142626370960356,17.0,22.852527419207117,1.8823529411764706,2,True,3,-2.0,True,False,1.6423746727546211,False,True,False
baseline,48.0,6,86.59999999999982,14,0.6,0.1999999999999318,0.3000000000006793,1.9421343421992523,True,False,2.0563775387992083,0.3734791818684886,18.0,3.0915287957734043,0.29999999999738236,3.0915287957734043,17.0,1.142626370960356,1.8823529411764706,1.142626370960356,17.0,22.852527419207117,1.8823529411764706,3,False,3,-1.0,True,False,1.6423746727546211,False,True,False
baseline,48.0,6,86.79999999999976,10,0.6,0.19999999999991758,0.1999999999999318,1.9015846802827256,True,False,2.013442602652298,0.3639150439335412,18.0,3.0915287957734043,0.09999999999745057,3.0915287957734043,17.0,1.142626370960356,1.8823529411764706,1.142626370960356,17.0,22.852527419207117,1.8823529411764706,3,False,3,-1.0,True,False,1.6423746727546211,False,True,False
baseline,48.0,6,89.09999999999899,3,1.5,1.5000000000004974,0.49999999999940314,1.3840609204524599,False,True,1.4654762687143692,0.3061667447329333,18.0,1.4511838912054986,0.0499999999980929,1.4441278160355195,17.0,0.5337483926708071,1.8823529411764706,0.5065587390687827,18.0,10.131174781375654,1.8888888888888888,1,False,2,0.0,True,False,0.7682738247558523,False,False,True
baseline,48.0,6,90.89999999999944,11,0.6,0.1999999999995623,0.2999999999999545,1.342844989533706,True,False,1.4218358712709829,0.2394289972326093,18.0,2.047495731070649,0.4999999999975273,2.047495731070649,17.0,0.7567526525868251,1.8823529411764706,0.7567526525868251,17.0,15.135053051736502,1.8823529411764706,3,False,3,-1.0,True,False,1.0877321071312822,False,True,False
baseline,48.0,6,91.099999999999,6,0.6,0.5000000000000995,0.19999999999951967,1.2014328282830704,True,False,1.268179096521019,0.224609325354826,19.0,2.1484661154852325,0.5999999999979195,1.903052974716857,18.0,0.6642908049736311,1.8888888888888888,0.7499561516550006,18.0,14.999123033100012,1.8888888888888888,6,True,3,-1.0,True,False,1.137423237609829,False,True,False
baseline,48.0,6,91.5999999999991,4,1.5,2.199999999999747,0.5000000000000995,1.9175343057723087,False,True,2.037380199883078,0.3687027015018708,17.0,2.1484661154852325,0.09999999999782005,1.8876903325558383,16.0,0.7412942601262369,1.875,0.7499561516550006,18.0,14.999123033100012,1.8888888888888888,6,False,3,1.0,True,False,1.137423237609829,False,True,False
baseline,48.0,6,91.5999999999994,16,1.5,2.1999999999994486,0.5000000000003979,1.9175343057723087,False,True,2.037380199883078,0.3687027015018708,17.0,2.1484661154852325,0.09999999999752163,1.8876903325558383,16.0,0.7412942601262369,1.875,0.7499561516550006,18.0,14.999123033100012,1.8888888888888888,5,False,3,1.0,True,False,1.137423237609829,False,True,False
baseline,48.0,6,93.79999999999885,19,0.6,0.5000000000002984,2.1999999999994486,1.643496995888058,True,False,1.7530634622805952,0.3543884498959362,16.0,1.7437215291966242,0.049999999997950795,1.608731145147226,15.0,0.6738637262927494,1.8666666666666667,0.6847578432538093,16.0,13.695156865076186,1.875,1,False,2,0.0,True,False,0.9299848155715329,False,False,True
baseline,48.0,6,95.39999999999864,2,1.5,1.7000000000003581,0.5999999999988859,1.5378517959148568,False,True,1.6283136662627895,0.2962249716775499,18.0,2.8012973461309736,0.2999999999980645,2.8012973461309736,17.0,1.0353570780147825,1.8823529411764706,1.0353570780147825,17.0,20.70714156029565,1.8823529411764706,2,False,2,-1.0,False,False,1.4881892151320797,False,True,False
baseline,48.0,6,97.29999999999876,25,1.5,1.6000000000006764,0.19999999999976126,2.1842978417748813,False,True,2.31278595011458,0.4107672833714803,18.0,2.271633135474455,0.04999999999783711,2.177478223339973,17.0,0.804794069387837,1.8823529411764706,0.7929495522286327,18.0,15.858991044572655,1.8888888888888888,1,False,2,0.0,True,False,1.2026293070158878,False,True,False
baseline,48.0,6,100.39999999999844,7,0.6,0.09999999999999432,0.799999999999045,1.503251844054809,True,False,1.5784144362575494,0.2927491926477829,21.0,1.714455052066692,0.5499999999979508,1.4828657957170035,20.0,0.4658560290084121,1.9,0.5669599364718554,19.0,11.339198729437108,1.894736842105263,3,True,3,-2.0,True,False,0.904851277479643,False,False,True
baseline,48.0,6,100.49999999999844,5,1.3000000000004093,1.3000000000004093,0.09999999999999432,1.458453241937295,False,False,1.5313759040341597,0.2766327023006505,21.0,1.714455052066692,0.4499999999979565,1.4828657957170035,20.0,0.4658560290084121,1.9,0.5669599364718554,19.0,11.339198729437108,1.894736842105263,3,False,3,-2.0,True,False,0.904851277479643,False,False,True
baseline,48.0,6,102.6999999999993,10,0.6999999999993349,0.6999999999993349,0.9000000000004604,1.4598987473709262,False,False,1.5367355235483433,0.2779180812733083,20.0,2.048159458069183,0.2499999999969873,2.048159458069183,19.0,0.6773139691421681,1.894736842105263,0.6773139691421681,19.0,13.546279382843363,1.894736842105263,1,False,2,-1.0,False,False,1.0809730473142911,False,True,False
baseline,48.0,6,106.19999999999816,22,1.5,2.200000000000287,0.8999999999993946,1.4533049668229598,False,True,1.5259702151641077,0.278314913833809,21.0,2.2314447043854653,0.2999999999979224,2.2314447043854653,20.0,0.7010290290189225,1.9,0.7010290290189225,20.0,14.02058058037845,1.9,1,False,2,-1.0,False,False,1.174444581255508,False,True,False
baseline,48.0,6,108.59999999999856,25,1.5,2.1000000000007475,0.10000000000012221,1.6133338170767382,False,True,1.6901592369375351,0.3003853769216406,22.0,1.9219222781077907,0.3999999999974051,1.91534765779678,21.0,0.5730706791242648,1.9047619047619047,0.5750378009213328,21.0,11.500756018426657,1.9047619047619047,2,False,2,-1.0,False,False,1.0090091960065901,True,False,False
baseline,48.0,6,110.99999999999832,17,1.5,2.4999999999998437,0.2999999999990166,1.4057725154212737,False,True,1.4727140637746676,0.2498620699505935,22.0,1.701219056204531,0.4499999999974733,1.6979802145700238,21.0,0.508034492193715,1.9047619047619047,0.5090035513446778,21.0,10.180071026893556,1.9047619047619047,1,False,2,-1.0,False,False,0.8931400045073788,False,False,True
baseline,48.0,6,113.49999999999817,24,0.6999999999999886,0.6999999999999886,2.4999999999998437,1.210624890385184,False,False,1.2711561349044431,0.1850819601813804,21.0,2.36104811129488,0.29999999999751026,2.36104811129488,20.0,0.7417451401216049,1.9,0.7417451401216049,20.0,14.834902802432097,1.9,0,False,2,-1.0,False,True,1.2426569006815158,False,True,False
baseline,48.0,6,114.69999999999808,7,0.6,0.49999999999967315,0.49999999999992895,2.131189050229403,True,False,2.237748502740873,0.3337480004392762,21.0,2.2153234497868284,0.04999999999753868,1.9945968869896635,20.0,0.6266210927039797,1.9,0.6628232262071903,21.0,13.256464524143805,1.9047619047619047,2,False,2,0.0,True,False,1.1630448111380849,False,True,False
baseline,48.0,6,115.19999999999776,20,0.6,0.40000000000088676,0.49999999999967315,1.8011329276455794,True,False,1.8959293975216625,0.2815160911475785,20.0,2.139734807131596,0.24999999999782574,2.139734807131596,19.0,0.7075973842857888,1.894736842105263,0.7075973842857888,19.0,14.151947685715776,1.894736842105263,3,False,2,-1.0,False,False,1.1293044815416757,False,True,False
baseline,48.0,6,115.59999999999864,14,0.9999999999992326,0.9999999999992326,0.40000000000088676,2.0163027052398825,False,False,2.128319522197654,0.3497133179059055,19.0,2.122570687489385,0.0499999999969134,1.9667462111725929,18.0,0.6865239387217086,1.8888888888888888,0.7019213135307041,19.0,14.038426270614082,1.894736842105263,2,False,2,0.0,True,False,1.1202456406193977,False,True,False
baseline,48.0,6,116.59999999999788,8,1.5,2.400000000000446,0.9999999999992326,1.6352051619888466,False,True,1.731393700929367,0.2809018425865123,18.0,1.78439894050337,0.09999999999764952,,,,,0.5900899581640839,19.0,11.801799163281679,1.894736842105263,2,False,2,1.0,True,False,0.9417661074878898,False,False,True
baseline,48.0,6,119.6999999999978,15,1.399999999999963,1.399999999999963,0.699999999999477,1.208578231083445,False,False,1.2757214661436365,0.1886003584187267,19.0,1.6758043020813815,0.5999999999975216,1.6475019404139233,18.0,0.5750866658643679,1.8888888888888888,0.5849660538081154,18.0,11.699321076162308,1.8888888888888888,1,False,2,-1.0,False,False,0.8871905128666138,False,False,True
baseline,48.0,6,121.09999999999776,22,0.6,0.1999999999999602,1.399999999999963,1.4723498906481491,True,False,1.558958707745099,0.1580064482823457,18.0,1.938812805905798,0.29999999999748184,1.938812805905798,17.0,0.716583537378761,1.8823529411764706,0.716583537378761,17.0,14.33167074757522,1.8823529411764706,5,False,2,-1.0,False,False,1.0299943031374552,False,True,False
baseline,48.0,6,121.29999999999772,6,0.6,0.20000000000044338,0.1999999999999602,1.4236580157075622,True,False,1.5074026048668308,0.1466368909765967,18.0,2.1272633980298474,0.4999999999974989,1.938812805905798,17.0,0.716583537378761,1.8823529411764706,0.8353743829376286,16.0,16.70748765875257,1.875,5,False,4,-2.0,True,False,1.134540478949252,False,True,False
baseline,48.0,6,121.49999999999818,17,0.6,0.0999999999999801,0.2000000000004576,1.8198744897261432,True,False,1.933616645334027,0.2667805211531144,17.0,2.217283579778576,0.44999999999701856,2.1272633980298474,16.0,0.8353743829376286,1.875,0.9951145435939504,14.0,19.902290871879007,1.8571428571428572,5,False,4,-3.0,True,False,1.1939219275730792,False,True,False
baseline,48.0,6,121.59999999999816,11,0.6,0.09999999999953957,0.0999999999999801,1.8119925155177716,True,False,1.9252420477376324,0.3873919853194132,17.0,2.217283579778576,0.34999999999703846,2.1272633980298474,16.0,0.8353743829376286,1.875,0.9951145435939504,14.0,19.902290871879007,1.8571428571428572,5,False,4,-3.0,True,False,1.1939219275730792,False,True,False
baseline,48.0,6,121.6999999999977,5,1.0000000000003837,1.0000000000003837,0.09999999999953957,1.8003078196344044,False,False,1.9128270583615548,0.3833632973841696,17.0,2.217283579778576,0.2499999999974989,2.1272633980298474,16.0,0.8353743829376286,1.875,0.9951145435939504,14.0,19.902290871879007,1.8571428571428572,5,False,4,-3.0,True,False,1.1939219275730792,False,True,False
baseline,48.0,6,124.1999999999986,14,0.6,0.39999999999928093,0.5999999999999517,1.6156456126442997,True,False,1.7166234634345685,0.3488079995354923,17.0,1.6845333819787611,0.04999999999648708,1.4419423611935782,16.0,0.5662494411032082,1.875,0.6226020820648523,17.0,12.452041641297047,1.8823529411764706,2,False,2,0.0,True,False,0.8949083591762168,False,False,True
baseline,48.0,6,128.69999999999828,10,0.6,0.39999999999946567,1.0000000000004832,1.2643980570224853,True,False,1.3387744133179256,0.1554560440192531,18.0,2.111735328273643,0.4999999999968452,2.00703950866051,17.0,0.7418000677496854,1.8823529411764706,0.7371346881811673,18.0,14.742693763623347,1.8888888888888888,2,False,2,0.0,True,False,1.1179775267331051,False,True,False
baseline,48.0,6,132.6999999999971,19,1.5,1.9999999999998863,0.49999999999849365,1.3112261161777006,False,True,1.3708273032766871,0.1855225492061766,23.0,1.8684638418908048,0.44999999999893703,1.859081920422896,22.0,0.5309525548747431,1.9090909090909092,0.5336320253802103,22.0,10.672640507604205,1.9090909090909092,1,False,2,-1.0,False,False,0.9787191552761358,False,False,True
baseline,48.0,6,134.69999999999698,18,1.5,2.0000000000013074,1.9999999999998863,1.376569186681716,False,True,1.4421201003332262,0.1378654115311882,22.0,2.083475746617782,0.5999999999995396,2.0513102412186863,21.0,0.6137505889567745,1.9047619047619047,0.6233744856673269,21.0,12.467489713346538,1.9047619047619047,0,False,2,-1.0,False,True,1.0938247669743355,False,True,False
baseline,48.0,6,137.2999999999966,9,0.6,0.30000000000077875,0.5999999999983174,1.5046396287981836,True,False,1.5762891349314303,0.2189969809072922,22.0,1.8738591040105763,0.2500000000004263,1.8738591040105763,21.0,0.5606573328592361,1.9047619047619047,0.5606573328592361,21.0,11.213146657184723,1.9047619047619047,2,False,3,-1.0,True,False,0.9837760296055527,True,False,False
baseline,48.0,6,137.59999999999738,25,1.5,1.6999999999997897,0.30000000000077875,1.7837303434806118,False,True,1.8729168606546425,0.2768429985988679,21.0,1.871057453364392,0.04999999999967031,1.7635921958150558,20.0,0.5540488286300871,1.9,0.5598190809460952,21.0,11.196381618921905,1.9047619047619047,2,False,2,0.0,True,False,0.9823051630163059,True,False,False
baseline,48.0,6,139.29999999999717,24,1.3999999999999204,1.3999999999999204,1.6999999999997897,1.3628341954844931,False,False,1.4345623110363086,0.1939889863817707,20.0,2.018826953245102,0.700000000000415,1.9723883061424992,19.0,0.6522569065898622,1.894736842105263,0.667613886861461,19.0,13.352277737229219,1.894736842105263,0,False,2,-1.0,False,True,1.0654920031015818,False,True,False
baseline,48.0,6,141.499999999998,10,1.1999999999989654,1.1999999999989654,0.8000000000009209,1.673167359677711,False,False,1.7612287996607483,0.2667407125066757,20.0,1.7446602336374688,0.049999999999926104,1.6095768615776775,19.0,0.5322773519705839,1.894736842105263,0.5481011773005724,20.0,10.962023546011448,1.9,1,False,2,0.0,True,False,0.9182422282302468,False,False,True
baseline,48.0,6,143.29999999999637,2,0.6,0.500000000000199,0.5999999999993975,1.3639290808092237,True,False,1.435714821904446,0.2569733668463297,20.0,2.2043305435595637,0.25000000000201794,2.2043305435595637,18.0,0.7694565157478133,1.8888888888888888,0.7694565157478133,18.0,15.389130314956265,1.8888888888888888,3,False,2,-2.0,True,False,1.1669985230609454,False,True,False
baseline,48.0,6,143.2999999999969,7,0.6,0.49999999999965894,0.5999999999999375,1.3639290808092237,True,False,1.435714821904446,0.2569733668463297,20.0,2.2043305435595637,0.25000000000147793,2.2043305435595637,18.0,0.7694565157478133,1.8888888888888888,0.7694565157478133,18.0,15.389130314956265,1.8888888888888888,3,False,2,-2.0,True,False,1.1669985230609454,False,True,False
baseline,48.0,6,143.79999999999657,21,1.4000000000002615,1.4000000000002615,0.49999999999965894,2.073052789850291,False,False,2.1949970716061906,0.4390566888916605,18.0,2.189886908633035,1.8758328224066645e-12,2.0284462344463265,17.0,0.7497119750986423,1.8823529411764706,0.7644147360393339,18.0,15.288294720786677,1.8888888888888888,2,False,2,0.0,True,False,1.1593518928057245,False,True,False
baseline,48.0,6,145.19999999999683,18,0.6,0.09999999999976694,1.4000000000002615,1.5805086707798657,True,False,1.6792904627036074,0.2871458604390406,17.0,2.143264641275421,0.450000000002035,,,,,0.7481404946366252,18.0,14.962809892732505,1.8888888888888888,2,False,2,1.0,True,False,1.1346695159693405,False,True,False
baseline,48.0,6,146.59999999999584,13,0.7000000000013245,0.7000000000013245,0.9999999999984652,1.792714581155824,False,False,1.8981683800473432,0.3169287189115576,18.0,1.879148630390887,3.240074875066057e-12,1.7015481108540311,17.0,0.6288907111516018,1.8823529411764706,0.6559466146932591,18.0,13.118932293865182,1.8888888888888888,1,False,2,0.0,True,False,0.9948433925598814,True,False,False
baseline,48.0,6,147.89999999999668,19,0.8999999999994657,0.8999999999994657,0.5999999999995111,1.4046463223182395,False,False,1.4872725765722536,0.2422388302636116,18.0,1.9189210943485355,0.6000000000028365,1.878740445632293,17.0,0.6943808449412265,1.8823529411764706,0.7092315779792759,17.0,14.184631559585519,1.8823529411764706,1,False,2,-1.0,False,False,1.0194268313726595,True,False,False
baseline,48.0,6,148.79999999999615,12,0.7000000000018645,0.7000000000018645,0.8999999999994657,1.791643696340974,False,False,1.903621427362285,0.2806788757660839,17.0,1.897361563596995,3.467448550509289e-12,1.8634216983006568,16.0,0.7317639897401449,1.875,0.7012631940470544,17.0,14.025263880941088,1.8823529411764706,1,False,2,0.0,True,False,1.0079733306609036,True,False,False
baseline,48.0,6,152.2999999999962,9,0.6000000000001933,0.6000000000001933,0.4999999999996305,1.3383934456591204,False,False,1.4088352059569689,0.3058315224169777,20.0,2.2839268790066725,0.20000000000422347,2.2839268790066725,19.0,0.7552808320445923,1.894736842105263,0.7552808320445923,19.0,15.105616640891846,1.894736842105263,3,False,2,-1.0,False,False,1.2054058528090772,False,True,False
baseline,48.0,6,152.8999999999964,6,0.6,0.3000000000004377,0.6000000000001933,2.1001719156757552,True,False,2.216848133213297,0.3638898495115971,19.0,2.2041236759037126,4.121147867408581e-12,2.0167691427205514,18.0,0.703985235861941,1.8888888888888888,0.7288903945076246,19.0,14.577807890152492,1.894736842105263,2,False,2,0.0,True,False,1.1632874956158483,False,True,False
baseline,48.0,7,22.80000000000005,22,1.2000000000000206,1.2000000000000206,0.9000000000000838,1.1437130676384681,False,False,1.193439722753184,0.1327378975728451,24.0,1.9767824788701247,0.30000000000014637,1.9747643664931056,23.0,0.5394700196822297,1.9130434782608696,0.5400213315968179,23.0,10.800426631936357,1.9130434782608696,1,False,2,-1.0,False,False,1.033318113954838,False,True,False
baseline,48.0,7,24.00000000000007,6,1.5,3.5000000000000497,1.2000000000000206,1.7281467977055676,False,True,1.8066989248740024,0.1974457798912714,23.0,1.9108711167642167,0.20000000000013785,1.9108711167642167,22.0,0.5457435147621261,1.9090909090909092,0.5457435147621261,22.0,10.914870295242523,1.9090909090909092,0,False,2,-1.0,False,True,1.0009324897336374,True,False,False
baseline,48.0,7,27.50000000000012,21,1.1000000000000156,1.1000000000000156,3.5000000000000497,1.1235684324622366,False,False,1.1770716911509145,0.0997855148545135,22.0,2.160571110858502,0.20000000000013785,2.160571110858502,21.0,0.6464413647077532,1.9047619047619047,0.6464413647077532,21.0,12.928827294155063,1.9047619047619047,0,False,2,-1.0,False,True,1.1342998332007135,False,True,False
baseline,48.0,7,28.600000000000136,25,0.6,0.09999999999999787,1.1000000000000156,1.8928576358998157,True,False,1.9875005176948064,0.2346807896693911,21.0,1.9601673497299703,1.3500311979441904e-13,1.842488524075067,20.0,0.5788348411557731,1.9,0.5864806995922143,21.0,11.729613991844285,1.9047619047619047,2,False,4,0.0,True,False,1.0290878586082344,False,True,False
baseline,48.0,7,28.700000000000134,7,0.6,0.2000000000000064,0.09999999999999787,1.8582216344239109,True,False,1.9511327161451064,0.2276923264765925,21.0,1.9418532590775148,1.4210854715202004e-13,1.842488524075067,20.0,0.5788348411557731,1.9,0.5810011364826018,21.0,11.620022729652035,1.9047619047619047,2,False,4,0.0,True,False,1.0194729610156954,True,False,False
baseline,48.0,7,28.90000000000014,16,0.8000000000000114,0.8000000000000114,0.2000000000000064,1.7525054933001225,False,False,1.8447426245264449,0.2842547791470675,20.0,1.852109475232459,1.3855583347321954e-13,1.852109475232459,19.0,0.6124814232667726,1.894736842105263,0.6124814232667726,19.0,12.249628465335451,1.894736842105263,2,False,2,-1.0,False,False,0.9775022230393534,False,False,True
baseline,48.0,7,29.700000000000152,23,1.0999999999998984,1.0999999999998984,0.8000000000000114,1.5533555809717647,False,False,1.644729438675986,0.2930962646495606,18.0,2.300767718929112,0.20000000000013785,2.300767718929112,17.0,0.8503617604004994,1.8823529411764706,0.8503617604004994,17.0,17.007235208009988,1.8823529411764706,1,False,2,-1.0,False,False,1.2222828506810908,False,True,False
baseline,48.0,7,31.3000000000001,4,0.6,0.20000000000007745,0.5000000000000497,1.2509740435474144,True,False,1.3245607519913798,0.1790942703690667,18.0,1.950698550851284,0.3500000000002146,1.9331289440033683,17.0,0.7144827869320913,1.8823529411764706,0.7209764984379587,17.0,14.419529968759175,1.8823529411764706,2,False,3,-1.0,True,False,1.0363086051397445,False,True,False
baseline,48.0,7,31.500000000000178,9,0.6,0.4999999999998934,0.20000000000007745,1.2385980280136917,True,False,1.3114567355439088,0.1743482589369204,18.0,1.950698550851284,0.15000000000013713,1.9331289440033683,17.0,0.7144827869320913,1.8823529411764706,0.7209764984379587,17.0,14.419529968759175,1.8823529411764706,3,False,2,-1.0,False,False,1.0363086051397445,False,True,False
baseline,48.0,7,33.000000000000085,6,1.5,2.5000000000000355,1.0000000000000142,1.526458805065617,False,True,1.621862480382218,0.2970695720043746,17.0,1.9594308726574652,0.6500000000001407,1.9290455272337963,16.0,0.757534407099743,1.875,0.7694667043447163,16.0,15.389334086894326,1.875,0,False,2,-1.0,False,True,1.045029798750648,False,True,False
baseline,48.0,7,38.300000000000274,17,0.6,0.5000000000000071,0.6000000000001222,1.4275854453390104,True,False,1.4989647176059608,0.2475140516706961,21.0,1.6935282271098353,0.2999999999996703,1.6935282271098353,20.0,0.5320375836935205,1.9,0.5320375836935205,20.0,10.64075167387041,1.9,2,False,2,-1.0,False,False,0.8913306458472818,False,False,True
baseline,48.0,7,38.80000000000028,2,0.6,0.49999999999981526,0.5000000000000071,1.5879916449612055,True,False,1.6715701525907425,0.2488942136425306,20.0,2.3428139631801748,0.5999999999996177,2.2641136766847065,19.0,0.7487287256384052,1.894736842105263,0.7360167135454425,20.0,14.72033427090885,1.9,2,True,2,0.0,True,False,1.2330599806211446,False,True,False
baseline,48.0,7,39.60000000000032,11,1.399999999999764,1.399999999999764,0.10000000000014353,2.2888197058480575,False,False,2.4032606911404604,0.4061986162027228,21.0,2.385034896712261,0.04999999999956373,2.188475439114608,20.0,0.687529836208415,1.9,0.7136007723872888,21.0,14.272015447745776,1.9047619047619047,3,False,2,0.0,True,False,1.2521433207739372,False,True,False
baseline,48.0,7,47.90000000000041,10,0.6,0.30000000000000426,0.30000000000008953,1.2482651226216583,True,False,1.3025375192573827,0.2216845283501223,24.0,1.8492484420242712,0.5999999999989711,1.4378306328326416,23.0,0.3927894046272513,1.9130434782608696,0.5281441200114383,22.0,10.562882400228766,1.9090909090909092,2,True,3,-2.0,True,False,0.9686539458222373,False,False,True
baseline,48.0,7,48.200000000000415,19,1.5,1.5999999999999304,0.30000000000000426,1.3753162574920919,False,True,1.4378306328326416,0.1778839054904853,23.0,1.8492484420242712,0.29999999999896687,1.8492484420242712,22.0,0.5281441200114383,1.9090909090909092,0.5281441200114383,22.0,10.562882400228766,1.9090909090909092,2,False,2,-1.0,False,False,0.9686539458222373,False,False,True
baseline,48.0,7,49.800000000000345,11,0.6,0.10000000000009379,1.5999999999999304,1.3860767965630159,True,False,1.452080453542207,0.1598393051951071,22.0,2.038170550343996,0.29999999999894555,2.038170550343996,20.0,0.6403101627723764,1.9,0.6403101627723764,20.0,12.806203255447528,1.9,2,False,3,-2.0,True,False,1.0727213422863138,False,True,False
baseline,48.0,7,49.80000000000044,8,0.6,0.10000000000000142,1.6000000000000227,1.3860767965630159,True,False,1.452080453542207,0.1598393051951071,22.0,2.038170550343996,0.2999999999988532,2.038170550343996,20.0,0.6403101627723764,1.9,0.6403101627723764,20.0,12.806203255447528,1.9,2,False,3,-2.0,True,False,1.0727213422863138,False,True,False
baseline,48.0,7,49.90000000000044,15,1.5,2.0999999999999233,0.10000000000000142,1.3613512002422417,False,True,1.4261774478728246,0.1554029737321019,22.0,2.038170550343996,0.19999999999885176,2.038170550343996,20.0,0.6403101627723764,1.9,0.6403101627723764,20.0,12.806203255447528,1.9,2,False,3,-2.0,True,False,1.0727213422863138,False,True,False
baseline,48.0,7,52.00000000000036,17,0.6,0.29999999999999716,2.0999999999999233,1.541362530969434,True,False,1.6269937826899583,0.272352436726993,19.0,2.121425241892872,0.5499999999987892,2.108099418154952,18.0,0.7358655161236127,1.8888888888888888,0.740517106118955,18.0,14.810342122379101,1.8888888888888888,1,True,3,-1.0,True,False,1.1231074810021087,False,True,False
baseline,48.0,7,52.30000000000036,23,0.6,0.4000000000001478,0.29999999999999716,1.9909827838130103,True,False,2.108099418154952,0.3648644600565465,18.0,2.121425241892872,0.24999999999879208,2.002396056170089,17.0,0.7400838517224857,1.8823529411764706,0.740517106118955,18.0,14.810342122379101,1.8888888888888888,2,False,2,0.0,True,False,1.1231074810021087,False,True,False
baseline,48.0,7,52.70000000000051,14,0.6999999999998678,0.6999999999998678,0.4000000000001478,1.8789264882458017,False,False,1.9963593937611643,0.3735971307086475,17.0,1.9966687010629147,0.049999999998632916,1.9688690586892876,16.0,0.7731730713323146,1.875,0.7379670262249327,17.0,14.759340524498654,1.8823529411764706,2,False,2,0.0,True,False,1.0607302474396734,False,True,False
baseline,48.0,7,53.400000000000375,9,1.5,2.5000000000000355,0.6999999999998678,1.8595277907287167,False,True,1.983496310110631,0.4074788086291454,16.0,2.140146473549936,0.2999999999987111,2.140146473549936,15.0,0.8964624585214107,1.8666666666666667,0.8964624585214107,15.0,17.929249170428214,1.8666666666666667,1,False,2,-1.0,False,False,1.1465070394017514,False,True,False
baseline,48.0,7,57.900000000000325,6,1.4000000000001336,1.4000000000001336,0.09999999999988773,1.701132778394918,False,False,1.7956401549724132,0.3447297055292542,19.0,2.06006899217009,0.3499999999985022,,,,,0.6812523801778614,19.0,13.625047603557228,1.894736842105263,3,False,2,0.0,True,False,1.0872586347564364,False,True,False
baseline,48.0,7,59.30000000000046,15,0.6000000000000085,0.6000000000000085,1.40000000000002,1.7044160643896091,False,False,1.7991058457445872,0.2483939449194511,19.0,1.9841893185491035,0.5999999999982748,1.9386468251766595,18.0,0.6767154026533522,1.8888888888888888,0.692612731831689,18.0,13.85225463663378,1.8888888888888888,0,True,2,-1.0,False,True,1.0504531686436431,False,True,False
baseline,48.0,7,59.90000000000047,21,0.6,0.09999999999989484,0.6000000000000085,1.8739565786297088,True,False,1.9841893185491035,0.2985761295868843,18.0,2.1013894551322005,0.24999999999825206,,,,,0.6949168078499346,19.0,13.898336156998692,1.894736842105263,3,False,2,1.0,True,False,1.109066656875328,False,True,False
baseline,48.0,7,61.70000000000049,7,1.4000000000001336,1.4000000000001336,0.30000000000011795,1.4007412559735075,False,False,1.4707783187721828,0.2565636128593606,21.0,1.536891213239248,0.2999999999981142,1.536891213239248,20.0,0.4828286144879126,1.9,0.4828286144879126,20.0,9.656572289758252,1.9,2,False,2,-1.0,False,False,0.8088901122311832,False,False,True
baseline,48.0,7,63.10000000000063,20,0.6,0.19999999999989626,1.4000000000001336,1.1894624638868887,True,False,1.2520657514598827,0.1369808203274837,20.0,2.667529538311976,0.4999999999978968,1.9202039490812268,19.0,0.6349998547187043,1.894736842105263,0.931143466754964,18.0,18.622869335099278,1.8888888888888888,2,False,3,-2.0,True,False,1.4122215202828108,False,True,False
baseline,48.0,7,63.30000000000052,19,0.6,0.29999999999999716,0.19999999999989626,1.1524769176992928,True,False,1.213133597578203,0.124792589691169,20.0,2.667529538311976,0.29999999999800053,1.9202039490812268,19.0,0.6349998547187043,1.894736842105263,0.931143466754964,18.0,18.622869335099278,1.8888888888888888,2,False,4,-2.0,True,False,1.4122215202828108,False,True,False
baseline,48.0,7,63.60000000000052,10,1.5,2.299999999999798,0.29999999999999716,2.5193334528501996,False,True,2.667529538311976,0.4179424313523396,18.0,2.666033102840689,0.04999999999800053,2.492178790413748,17.0,0.9211071269877796,1.8823529411764706,0.9306211122346122,18.0,18.612422244692244,1.8888888888888888,2,False,2,0.0,True,False,1.4114292897391882,False,True,False
baseline,48.0,7,68.0000000000003,2,0.6,0.5,0.099999999999838,1.3598299143598882,True,False,1.431399909852514,0.2743365824954761,20.0,1.9297012373729152,0.299999999997965,1.9297012373729152,19.0,0.6381405506267246,1.894736842105263,0.6381405506267246,19.0,12.762811012534492,1.894736842105263,3,False,2,-1.0,False,False,1.0184534308357054,True,False,False
baseline,48.0,7,68.5000000000003,14,0.6,0.1999999999999602,0.5,1.819140332464358,True,False,1.9202036842679335,0.3106574356722479,19.0,1.9151799290204028,0.049999999997950795,1.7747043535494371,18.0,0.6194886843783038,1.8888888888888888,0.6333384416119072,19.0,12.666768832238144,1.894736842105263,3,False,3,0.0,True,False,1.0107894069829904,True,False,False
baseline,48.0,7,68.70000000000026,22,1.0000000000002416,1.0000000000002416,0.1999999999999602,1.7936038941863373,False,False,1.8932485549744669,0.2968534381914107,19.0,1.8837719105893025,0.049999999997979216,1.7747043535494371,18.0,0.6194886843783038,1.8888888888888888,0.6229519995101223,19.0,12.459039990202445,1.894736842105263,3,False,3,0.0,True,False,0.9942129528110208,True,False,False
baseline,48.0,7,70.40000000000028,13,0.7000000000003439,0.7000000000003439,0.6999999999997755,1.3919070059173042,False,False,1.473783888618322,0.2468205699262894,18.0,2.126213428187377,0.2999999999978513,2.126213428187377,17.0,0.7858466454067567,1.8823529411764706,0.7858466454067567,17.0,15.716932908135135,1.8823529411764706,1,False,2,-1.0,False,False,1.129550883724544,False,True,False
baseline,48.0,7,71.30000000000061,20,0.6,0.2999999999999119,0.19999999999998863,1.9910663391256729,True,False,2.1081878884860066,0.3877070001727624,18.0,2.18920923818152,0.099999999997479,,,,,0.7239582799833655,19.0,14.47916559966731,1.894736842105263,4,False,2,1.0,True,False,1.1554159868180245,False,True,False
baseline,48.0,7,72.6000000000002,21,0.7999999999999119,0.7999999999999119,0.9999999999996732,1.6158115859372875,False,False,1.7055788962671368,0.3501280572470975,19.0,2.541255013107654,0.2999999999978087,2.541255013107654,18.0,0.8870653422308044,1.8888888888888888,0.8870653422308044,18.0,17.741306844616087,1.8888888888888888,1,False,2,-1.0,False,False,1.3453703010569933,False,True,False
baseline,48.0,7,73.4000000000001,5,0.6,0.29999999999986926,0.7999999999999119,2.278272815258851,True,False,2.412288863215254,0.429195520692355,18.0,2.3935116742940847,0.04999999999786553,2.161130054357911,17.0,0.7987518002615204,1.8823529411764706,0.835493188027078,18.0,16.70986376054156,1.8888888888888888,3,False,3,0.0,True,False,1.2671532393321625,False,True,False
baseline,48.0,7,73.69999999999997,25,0.6,0.4999999999999716,0.29999999999986926,2.03400475704274,True,False,2.161130054357911,0.3944274242225415,17.0,2.139535362703683,0.049999999997979216,2.090130702452352,15.0,0.875511901315571,1.8666666666666667,0.7907704208900546,17.0,15.815408417801091,1.8823529411764706,3,False,2,0.0,True,False,1.1366281614363316,False,True,False
baseline,48.0,7,73.70000000000009,18,0.6,0.4999999999998579,0.29999999999998295,2.03400475704274,True,False,2.161130054357911,0.3944274242225415,17.0,2.139535362703683,0.04999999999786553,2.090130702452352,15.0,0.875511901315571,1.8666666666666667,0.7907704208900546,17.0,15.815408417801091,1.8823529411764706,3,False,2,0.0,True,False,1.1366281614363316,False,True,False
baseline,48.0,7,74.19999999999995,8,0.7000000000002586,0.7000000000002586,0.4999999999998579,1.9624130467181848,False,False,2.102585407198055,0.4461411605942087,15.0,2.103992554342704,0.09999999999797637,1.956885209358692,14.0,0.878248028234256,1.8571428571428572,0.8813183402574216,15.0,17.626366805148432,1.8666666666666667,3,False,2,0.0,True,False,1.1271388683978771,False,True,False
baseline,48.0,7,74.9000000000002,7,0.6,0.5000000000000853,0.7000000000002586,1.774538875342518,True,False,1.911041865753481,0.4086950281550654,14.0,1.988983148431729,0.2999999999976666,1.988983148431729,13.0,0.9613192072656948,1.8461538461538463,0.9613192072656948,13.0,19.226384145313894,1.8461538461538463,2,False,2,-1.0,False,False,1.0773658720671866,False,True,False
baseline,48.0,7,75.40000000000029,19,0.6000000000000085,0.6000000000000085,0.5000000000000853,1.8103806426142337,False,False,1.9612456961654197,0.3960332745500536,13.0,1.95240688011726,0.0499999999975671,1.7498855986726438,12.0,0.9162379569020924,1.8333333333333333,0.9436410940607,13.0,18.872821881213998,1.8461538461538463,1,False,2,0.0,True,False,1.0575537267301824,False,True,False
baseline,48.0,7,76.29999999999983,16,0.6,0.2000000000004718,0.2999999999995282,1.7086059033359307,True,False,1.850989728613925,0.4482459802687907,13.0,2.107128221207042,0.49999999999795364,,,,,0.9456769342736816,14.0,18.913538685473632,1.8571428571428572,4,False,2,1.0,True,False,1.1346075037268686,False,True,False
baseline,48.0,7,79.99999999999952,11,0.6000000000006764,0.6000000000006764,0.6999999999989086,1.4482231116559858,False,False,1.5447713190997183,0.3638871707807525,16.0,1.531163705339017,0.04999999999807869,1.506944708502865,15.0,0.6312275234131484,1.8666666666666667,0.6012865810170478,16.0,12.025731620340956,1.875,1,False,2,0.0,True,False,0.8166206428474757,False,False,True
baseline,48.0,7,81.49999999999999,2,0.6,0.19999999999998863,0.09999999999988063,1.3824871996398702,True,False,1.468892649617362,0.3465929280236652,17.0,2.528587450220465,0.29999999999751026,2.249360220914737,16.0,0.8833216931628565,1.875,0.8826435286191066,18.0,17.65287057238213,1.8888888888888888,4,False,3,1.0,True,False,1.3386639442343637,False,True,False
baseline,48.0,7,86.89999999999911,9,1.1000000000004064,1.1000000000004064,2.5999999999992838,1.2808505881421728,False,False,1.3418434732918,0.1866193082130135,22.0,1.8074350498591716,0.5499999999980645,1.7942774300434687,21.0,0.5368465516882415,1.9047619047619047,0.5407833023312643,21.0,10.815666046625285,1.9047619047619047,0,False,2,-1.0,False,True,0.9489034011760651,False,False,True
baseline,48.0,7,89.199999999999,6,0.6,0.3000000000009919,1.199999999999477,1.3398702065648083,True,False,1.4036735497345612,0.165756275030723,22.0,2.1272379759261653,0.3999999999980588,2.027754201291217,21.0,0.60670263829165,1.9047619047619047,0.6075377452369874,22.0,12.150754904739749,1.9090909090909092,1,False,2,0.0,True,False,1.1142675111994198,False,True,False
baseline,48.0,7,91.49999999999908,12,1.5,3.4000000000000483,1.9999999999990905,1.3938091956093208,False,True,1.4601810620669076,0.1698700108437603,22.0,1.885524045515289,0.39999999999784563,1.881995018928969,21.0,0.5630915929104603,1.9047619047619047,0.5641474751959752,21.0,11.282949503919504,1.9047619047619047,0,False,2,-1.0,False,True,0.9899001238955268,True,False,False
baseline,48.0,7,95.1999999999992,25,1.0000000000000568,1.0000000000000568,0.3000000000000824,1.2697563063308999,False,False,1.330220892346657,0.1753950338764481,22.0,1.9211061756284624,0.29999999999751026,1.9203135072544704,21.0,0.574556457807609,1.9047619047619047,0.5747936236305105,21.0,11.495872472610209,1.9047619047619047,1,False,2,-1.0,False,False,1.0085807422049429,True,False,False
baseline,48.0,7,96.19999999999926,18,0.99999999999973,0.99999999999973,1.0000000000000568,1.7247501882159484,False,False,1.8109876976267456,0.2154597436689539,21.0,1.7959794332936194,0.04999999999741078,1.6481259062283673,20.0,0.5177740239198059,1.9,0.5373557898698662,21.0,10.747115797397324,1.9047619047619047,0,False,2,0.0,True,True,0.9428892024791502,False,False,True
baseline,48.0,7,98.7999999999993,7,0.6999999999997755,0.6999999999997755,1.600000000000307,1.214990243125197,False,False,1.2757397552814569,0.1441667941657866,21.0,1.7384029792136333,0.39999999999720615,1.7340499191079528,19.0,0.5734398407186863,1.894736842105263,0.5748793714185432,19.0,11.497587428370863,1.894736842105263,1,False,2,-2.0,True,False,0.9174904612516398,False,False,True
baseline,48.0,7,98.7999999999994,19,0.699999999999676,0.699999999999676,1.6000000000004064,1.214990243125197,False,False,1.2757397552814569,0.1441667941657866,21.0,1.7384029792136333,0.39999999999710667,1.7340499191079528,19.0,0.5734398407186863,1.894736842105263,0.5748793714185432,19.0,11.497587428370863,1.894736842105263,1,False,2,-2.0,True,False,0.9174904612516398,False,False,True
baseline,48.0,7,99.59999999999886,6,1.3000000000000256,1.3000000000000256,0.09999999999978115,1.698318233585344,False,False,1.7877034037740462,0.3160118594939797,20.0,1.7768992100195935,0.049999999997623945,1.6231265744326293,19.0,0.5367581602193594,1.894736842105263,0.5582293504367062,20.0,11.164587008734124,1.9,3,False,2,0.0,True,False,0.9352101105366282,False,False,True
baseline,48.0,7,100.89999999999888,22,1.1999999999995907,1.1999999999995907,1.3000000000000256,1.4152301675970336,False,False,1.4938540657968686,0.2202415415416133,19.0,1.8619412598559608,0.29999999999751026,1.861449011725034,18.0,0.6497682822519275,1.8888888888888888,0.6499401092643566,18.0,12.998802185287133,1.8888888888888888,0,False,2,-1.0,False,True,0.9857336081590381,True,False,False
baseline,48.0,7,102.09999999999847,15,1.1000000000007333,1.1000000000007333,1.1999999999995907,1.636525076242901,False,False,1.7327912571983657,0.2443775873106212,18.0,1.719980651112732,0.04999999999786553,1.7018939886191444,17.0,0.6290185472746512,1.8823529411764706,0.6003865086502609,18.0,12.007730173005218,1.8888888888888888,0,False,2,0.0,True,True,0.9105779917655641,False,False,True
baseline,48.0,7,103.2999999999982,4,0.7000000000001876,0.7000000000001876,0.09999999999899956,1.4924380651509843,False,False,1.5802285395716305,0.2683128039601412,18.0,2.0051462764695,0.29999999999805027,2.0051462764695,17.0,0.7411003307681776,1.8823529411764706,0.7411003307681776,17.0,14.822006615363552,1.8823529411764706,1,False,2,-1.0,False,False,1.065233959374422,False,True,False
baseline,48.0,7,103.9999999999984,24,0.6,0.2000000000008697,0.7000000000001876,1.8545754852934233,True,False,1.9704864531242623,0.3183805799414463,17.0,1.9621824402311512,0.04999999999785132,1.808268605300124,16.0,0.7101054207659914,1.875,0.7252209340274209,17.0,14.504418680548419,1.8823529411764706,3,False,2,0.0,True,False,1.042409421372799,False,True,False
baseline,48.0,7,104.79999999999924,18,0.6,0.5999999999993975,0.5999999999999801,1.6599051128751003,True,False,1.7636491824297942,0.3300741763469284,17.0,1.7500205401909972,0.049999999996956035,1.5921448702007153,16.0,0.6252338284591552,1.875,0.6468060791406209,17.0,12.936121582812419,1.8823529411764706,3,False,2,0.0,True,False,0.9296984119764673,False,False,True
baseline,48.0,7,105.39999999999864,16,0.6,0.3000000000000824,0.5999999999993975,1.3937544571835012,True,False,1.4866714209957346,0.2330420953932974,16.0,2.117881406397639,0.599999999997479,2.0023195715896365,15.0,0.8387296608326751,1.8666666666666667,0.9505029525018918,14.0,19.010059050037835,1.8571428571428572,2,True,3,-2.0,True,False,1.1403976803679596,False,True,False
baseline,48.0,7,105.69999999999872,5,0.6,0.49999999999955946,0.3000000000000824,1.8688316001503273,True,False,2.0023195715896365,0.326823114155876,15.0,2.117881406397639,0.29999999999739657,2.117881406397639,14.0,0.9505029525018918,1.8571428571428572,0.9505029525018918,14.0,19.010059050037835,1.8571428571428572,3,False,2,-1.0,False,False,1.1403976803679596,False,True,False
baseline,48.0,7,106.19999999999828,3,0.6000000000010175,0.6000000000010175,0.49999999999955946,1.926915986761473,False,False,2.075140293435432,0.4110979438778551,14.0,2.0629756097647163,0.0499999999978229,1.86445496778338,13.0,0.9011320045749632,1.8461538461538463,0.9258612885959652,14.0,18.517225771919303,1.8571428571428572,2,False,2,0.0,True,False,1.1108330206425394,False,True,False
baseline,48.0,7,108.19999999999858,13,0.7000000000003013,0.7000000000003013,0.5999999999997243,2.0991840818222727,False,False,2.239129687277091,0.3939994887145893,16.0,2.22519127753539,0.04999999999742499,2.012969924689424,15.0,0.8431908703068656,1.8666666666666667,0.8738305712921584,16.0,17.476611425843167,1.875,1,False,2,0.0,True,False,1.186768681352208,False,True,False
baseline,48.0,7,112.09999999999827,14,0.7000000000009692,0.7000000000009692,0.09999999999988063,1.2836145398307748,False,False,1.3549264587102623,0.278999414278705,19.0,2.0631994939223723,0.6499999999974619,2.0130011378569312,18.0,0.7026699540399144,1.8888888888888888,0.7201924858885227,18.0,14.403849717770454,1.8888888888888888,2,True,2,-1.0,False,False,1.0922820850177266,False,True,False
baseline,48.0,7,113.3999999999992,18,0.6,0.19999999999946283,0.5999999999999517,1.9309800212888921,True,False,2.038256689138275,0.3313578700095532,19.0,2.6692387517289906,0.5999999999964842,,,,,0.8827011424325248,19.0,17.6540228486505,1.894736842105263,4,True,2,0.0,True,False,1.4087648967458561,False,True,False
baseline,48.0,7,113.59999999999866,20,0.6,0.10000000000006537,0.19999999999946283,1.2387113920262933,True,False,1.3039067284487298,0.2298508597842781,20.0,2.688487602688296,0.5999999999969816,1.422442201652534,19.0,0.4703930495650201,1.894736842105263,0.8890666212497669,19.0,17.781332424995338,1.894736842105263,5,True,2,-1.0,False,False,1.418924012529934,False,True,False
baseline,48.0,7,115.8999999999984,6,0.6,0.3000000000001819,1.7000000000001165,1.9736682900384277,True,False,2.077545568461503,0.3334614598451064,20.0,2.0489154614205125,0.04999999999715499,1.841339914223354,19.0,0.6089199944511314,1.894736842105263,0.6436857761425223,20.0,12.873715522850446,1.9,1,False,2,0.0,True,False,1.078376558642375,False,True,False
baseline,48.0,7,118.79999999999832,16,0.899999999999622,0.899999999999622,2.5999999999997385,1.2988610084513275,False,False,1.367222114159292,0.1832491857087599,20.0,2.2172621296305364,0.24999999999705835,2.2172621296305364,19.0,0.7332352018452792,1.894736842105263,0.7332352018452792,19.0,14.664704036905585,1.894736842105263,0,False,2,-1.0,False,True,1.1702216795272276,False,True,False
baseline,48.0,7,119.69999999999794,15,0.6,0.40000000000033253,0.899999999999622,1.973611029585247,True,False,2.083256086784427,0.2920641622824626,19.0,2.845398953983838,0.249999999997371,2.845398953983838,18.0,0.993231605596412,1.8888888888888888,0.993231605596412,18.0,19.86463211192824,1.8888888888888888,3,False,2,-1.0,False,False,1.5063876815208554,False,True,False
baseline,48.0,7,120.19999999999835,13,1.2000000000008413,1.2000000000008413,0.10000000000007958,1.801966500446305,False,False,1.9020757504711,0.2563568732745647,19.0,2.6407049889948446,0.2999999999969418,2.6407049889948446,18.0,0.9217799326360132,1.8888888888888888,0.9217799326360132,18.0,18.435598652720266,1.8888888888888888,2,False,2,-1.0,False,False,1.3980202882913884,False,True,False
baseline,48.0,7,121.49999999999817,25,0.6,0.1000000000004917,0.09999999999897113,2.352751492724454,True,False,2.483459908986924,0.4156806794472538,19.0,2.504879750107884,0.1999999999970754,,,,,0.7869311821064766,20.0,15.738623642129532,1.9,3,False,2,1.0,True,False,1.318357763214676,False,True,False
baseline,48.0,7,121.89999999999712,17,1.5,2.000000000001279,0.2999999999984624,2.1519770171247274,False,True,2.271531295853879,0.4209672799767827,19.0,2.2442289041523544,0.04999999999807869,1.9972852602828093,18.0,0.6971840778697391,1.8888888888888888,0.7421529513956746,19.0,14.843059027913492,1.894736842105263,3,False,2,0.0,True,False,1.184454143858187,False,True,False
baseline,48.0,7,124.49999999999902,18,1.5,2.299999999999301,0.6000000000006196,1.4515450036228337,False,True,1.532186392712991,0.2820589801073963,19.0,2.3406242418208,0.2999999999960181,2.3401913678725803,18.0,0.8168808899225275,1.8888888888888888,0.8170319914353783,18.0,16.340639828707566,1.8888888888888888,1,False,2,-1.0,False,False,1.2391540103757177,False,True,False
baseline,48.0,7,126.79999999999836,20,0.8999999999995794,0.8999999999995794,2.2999999999993435,1.6668268016855576,False,False,1.7648754370788258,0.2736461088729201,18.0,2.556278974909522,0.24999999999656097,,,,,0.8923096942335333,18.0,17.84619388467067,1.8888888888888888,1,False,2,0.0,True,False,1.353324163187394,False,True,False
baseline,48.0,7,129.59999999999818,16,0.6,0.29999999999895977,0.09999999999999432,1.4696431568298642,True,False,1.5431253146713575,0.2919227893200988,21.0,2.553319147205401,0.24999999999710099,2.553319147205401,20.0,0.8021488675130644,1.9,0.8021488675130644,20.0,16.04297735026129,1.9,2,False,2,-1.0,False,False,1.3438521827396848,False,True,False
baseline,48.0,7,130.89999999999793,7,1.5,1.6000000000011028,1.0000000000007958,1.466809190183568,False,True,1.5401496496927465,0.2285282868123489,21.0,1.9347674387444864,0.3999999999976751,1.9307725498927408,20.0,0.6065700858495866,1.9,0.6078251171964419,20.0,12.156502343928839,1.9,0,False,2,-1.0,False,True,1.0182986519707824,True,False,False
baseline,48.0,7,134.39999999999756,5,0.6,0.29999999999998295,1.8999999999985278,1.2272823751978383,True,False,1.2886464939577302,0.1703070451341398,21.0,2.31041718087499,0.49999999999886313,2.214097365928734,20.0,0.6955792019134224,1.9,0.6912752040156676,21.0,13.825504080313351,1.9047619047619047,2,False,2,0.0,True,False,1.2129690199593697,False,True,False
baseline,48.0,7,134.69999999999754,15,0.6,0.10000000000081855,0.29999999999998295,2.1029528678744813,True,False,2.213634597762612,0.3126091400265233,20.0,2.31041718087499,0.19999999999888018,,,,,0.6912752040156676,21.0,13.825504080313351,1.9047619047619047,2,False,2,1.0,True,False,1.2129690199593697,False,True,False
baseline,48.0,7,138.99999999999758,19,0.6,0.4000000000005173,0.09999999999965326,1.262302977691495,True,False,1.3224126432958518,0.2259646217636098,22.0,1.722803943498809,0.24999999999982947,1.722803943498809,21.0,0.5154617345210841,1.9047619047619047,0.5154617345210841,21.0,10.309234690421683,1.9047619047619047,2,False,2,-1.0,False,False,0.9044720703368747,False,False,True
baseline,48.0,7,139.3999999999981,20,1.5,2.4999999999983515,0.4000000000005173,1.6282953302530718,False,True,1.7097100967657255,0.2668781453165604,21.0,1.7028563706472346,0.04999999999935767,1.5820618334526575,20.0,0.4970193833499667,1.9,0.5094934346803743,21.0,10.189868693607487,1.9047619047619047,2,False,2,0.0,True,False,0.8939995945897982,False,False,True
baseline,48.0,7,141.89999999999645,11,0.6,0.5000000000011084,2.4999999999983515,1.1924280680839847,True,False,1.2551874400884049,0.1028610210376841,20.0,2.049941408221359,0.5500000000016882,1.996553323810842,19.0,0.6602481320615183,1.894736842105263,0.6440080868357736,20.0,12.880161736715472,1.9,1,True,2,0.0,True,False,1.0789165306428206,False,True,False
baseline,48.0,7,144.5999999999976,7,1.1999999999991928,1.1999999999991928,1.9000000000000625,1.2831869408974177,False,False,1.3473462879422886,0.1909294083495422,21.0,1.7395081387338434,0.25000000000108,1.7395081387338434,20.0,0.5464825989505897,1.9,0.5464825989505897,20.0,10.929651979011794,1.9,0,False,2,-1.0,False,True,0.9155305993336018,False,False,True
baseline,48.0,7,145.7999999999968,2,1.2000000000007844,1.2000000000007844,1.1999999999991928,1.524053567081771,False,False,1.6042669127176536,0.1828559761904612,20.0,1.7468283758924688,0.25000000000216005,1.7468283758924688,19.0,0.5776655992406283,1.894736842105263,0.5776655992406283,19.0,11.553311984812566,1.894736842105263,0,False,2,-1.0,False,True,0.921937198387692,False,False,True
baseline,48.0,7,147.2999999999982,18,0.6,0.09999999999990905,0.3000000000006082,1.4572071715727273,True,False,1.5339022858660287,0.2242689351320622,20.0,1.8181728101741188,0.3000000000011198,,,,,0.5711958343399721,20.0,11.423916686799442,1.9,3,False,2,0.0,True,False,0.9569330579863784,False,False,True
baseline,48.0,7,147.79999999999703,6,1.5,2.099999999999426,0.39999999999892566,1.7216235416946475,False,True,1.8122353070469972,0.3187581390097326,20.0,2.0716748735126687,0.7000000000024897,2.011529881009672,19.0,0.6652007891217195,1.894736842105263,0.6850903750793647,19.0,13.701807501587293,1.894736842105263,3,False,2,-1.0,False,False,1.0933839610205751,False,True,False
baseline,48.0,7,149.99999999999625,3,1.5,2.2000000000010402,0.09999999999979536,1.7435677116216026,False,True,1.8353344332858976,0.3131269815329628,20.0,2.3944907433946567,0.5500000000037346,2.37514949712173,19.0,0.7854476011931704,1.894736842105263,0.7918436345828859,19.0,15.836872691657717,1.894736842105263,1,False,2,-1.0,False,False,1.263759003458291,False,True,False
baseline,48.0,7,152.1999999999973,19,0.6,0.4000000000003183,2.2000000000010402,1.899265206764932,True,False,2.004779940474095,0.3310434429492739,19.0,1.9877794279411047,3.069544618483633e-12,1.8196369311543783,18.0,0.6351731127905857,1.8888888888888888,0.657346657660705,19.0,13.1469331532141,1.894736842105263,1,False,2,0.0,True,False,1.0491058091911387,False,True,False
baseline,48.0,7,153.9999999999969,5,0.6,0.09999999999897113,0.20000000000010232,1.5685904255934042,True,False,1.6511478164141098,0.2588219678945555,20.0,3.324637072630301,0.35000000000394493,2.708440782481756,19.0,0.8956650173608081,1.894736842105263,1.160517267025292,18.0,23.21034534050584,1.8888888888888888,2,False,3,-2.0,True,False,1.7601019796278063,False,True,False
baseline,6.0,0,71.90000000000019,15,1.5,3.499999999999801,53.60000000000021,0.9664687554830028,False,True,1.008489136156177,0.0059981547350541,24.0,1.923958160746715,0.2999999999978513,1.923958160746715,23.0,0.5255906803144357,1.9130434782608696,0.5255906803144357,23.0,10.511813606288714,1.9130434782608696,0,False,2,-1.0,False,True,1.0057054022085101,True,False,False
baseline,6.0,0,75.39999999999999,24,1.5,3.1999999999998465,3.499999999999801,1.1881606325872924,False,True,1.242167934068533,0.0856186573030764,23.0,1.8207216153641916,0.2999999999978513,1.8207216153641916,22.0,0.5199968773691168,1.9090909090909092,0.5199968773691168,22.0,10.399937547382336,1.9090909090909092,0,False,2,-1.0,False,True,0.9537113223336241,False,False,True
baseline,6.0,0,78.59999999999984,21,1.3000000000003524,1.3000000000003524,3.1999999999998465,1.1313501284756808,False,False,1.18522394411738,0.0787410269504329,22.0,1.880000223917652,0.44999999999781437,1.8696315350897597,21.0,0.5593924471959806,1.9047619047619047,0.5624947516387486,21.0,11.249895032774972,1.9047619047619047,0,False,2,-1.0,False,True,0.9870001175567674,True,False,False
baseline,6.0,0,85.29999999999943,12,1.3000000000004093,1.3000000000004093,1.8999999999994373,1.202277995122688,False,False,1.256926994900992,0.0968889101637095,23.0,1.8000798658655532,0.3499999999978485,1.7997957727999592,22.0,0.5140204707082106,1.9090909090909092,0.5141016074980111,22.0,10.282032149960223,1.9090909090909092,0,False,2,-1.0,False,True,0.9428989773581469,False,False,True
baseline,6.0,0,101.89999999999849,8,1.5,2.6999999999998323,8.599999999999042,1.0007141818841248,False,True,1.0442234941399564,0.0204644910807147,24.0,1.9606321387661287,0.2999999999978513,1.9606321387661287,23.0,0.5356093498730186,1.9130434782608696,0.5356093498730186,23.0,10.712186997460371,1.9130434782608696,0,False,2,-1.0,False,True,1.0248758907186581,False,True,False
baseline,6.0,0,104.59999999999832,23,1.3999999999999204,1.3999999999999204,2.6999999999998323,1.2209902830412342,False,False,1.2764898413612904,0.102840460029762,23.0,1.8039565299981355,0.29999999999786553,1.8039565299981355,22.0,0.5152087801852252,1.9090909090909092,0.5152087801852252,22.0,10.304175603704504,1.9090909090909092,0,False,2,-1.0,False,True,0.9449296109514043,False,False,True
baseline,6.0,0,105.99999999999824,7,1.1999999999999602,1.1999999999999602,1.3999999999999204,1.4856474183340211,False,False,1.556392533492784,0.1460252704378513,22.0,2.114665426323763,0.29999999999786553,2.114665426323763,21.0,0.6327064160132441,1.9047619047619047,0.6327064160132441,21.0,12.654128320264881,1.9047619047619047,0,False,2,-1.0,False,True,1.1101993488199757,False,True,False
baseline,6.0,0,107.1999999999982,22,1.5,2.700000000000287,1.1999999999999602,1.8421839812062466,False,True,1.9342931802665588,0.2301396865355413,21.0,2.083832699252248,0.24999999999783995,2.083832699252248,20.0,0.6546553499281051,1.9,0.6546553499281051,20.0,13.093106998562103,1.9,0,False,2,-1.0,False,True,1.0967540522380252,False,True,False
baseline,6.0,0,112.69999999999833,23,1.299999999999912,1.299999999999912,0.10000000000000853,1.165979221842337,False,False,1.2215020419300675,0.2315345916159727,22.0,1.2697698485458009,1.2499999999973568,1.1818542343591305,21.0,0.353609960026346,1.9047619047619047,0.3799142502801249,21.0,7.598285005602498,1.9047619047619047,1,True,2,-1.0,False,False,0.6666291704865455,False,False,True
baseline,6.0,0,121.59999999999737,25,1.5,7.999999999999986,0.8999999999990393,1.0473984295533396,False,True,1.0929374917078325,0.1289995003763007,24.0,2.012426214327933,0.24999999999785416,2.012426214327933,23.0,0.5497585574629698,1.9130434782608696,0.5497585574629698,23.0,10.995171149259395,1.9130434782608696,1,False,2,-1.0,False,False,1.0519500665805104,False,True,False
baseline,6.0,0,132.39999999999677,2,1.5,1.899999999999892,2.7999999999994145,1.0255812593397133,False,True,1.0701717488762226,0.0713289377484015,24.0,1.6704927397418268,0.5499999999992156,1.6482427981764851,23.0,0.450270214442046,1.9130434782608696,0.4563484973085225,23.0,9.12696994617045,1.9130434782608696,0,False,2,-1.0,False,True,0.8732121139559549,False,False,True
baseline,6.0,0,134.29999999999666,20,1.5,6.100000000000108,1.899999999999892,1.2746973159085753,False,True,1.3326381029953287,0.0839660704495397,23.0,1.8804036661810144,0.24999999999968736,1.8804036661810144,22.0,0.5370420312234172,1.9090909090909092,0.5370420312234172,22.0,10.740840624468344,1.9090909090909092,0,False,2,-1.0,False,True,0.9849733489519599,True,False,False
baseline,6.0,0,141.29999999999671,8,0.9999999999999432,0.9999999999999432,0.8999999999999488,1.0894420720035451,False,False,1.1389621661855245,0.1365581310573251,23.0,1.9131801099683217,0.25000000000122213,1.9131801099683217,22.0,0.5464029616791448,1.9090909090909092,0.5464029616791448,22.0,10.928059233582896,1.9090909090909092,1,False,2,-1.0,False,False,1.0021419623643588,True,False,False
baseline,6.0,1,24.100000000000072,18,1.5,8.0,inf,0.9595102800104951,False,True,1.001228118271821,0.0008582345179341,24.0,1.9177417148798208,0.20000000000013785,1.9177417148798208,23.0,0.5238924593868814,1.9130434782608696,0.5238924593868814,23.0,10.477849187737629,1.9130434782608696,0,False,2,-1.0,False,True,1.0024558964144517,True,False,False
baseline,6.0,1,32.20000000000019,7,1.5,2.10000000000003,0.10000000000011511,1.093893068686846,False,True,1.1414536368906218,0.1383092807686833,24.0,1.916238909113366,0.2500000000001066,1.916238909113366,23.0,0.5234819199472582,1.9130434782608696,0.5234819199472582,23.0,10.469638398945165,1.9130434782608696,1,False,2,-1.0,False,False,1.0016703388547141,True,False,False
baseline,6.0,1,34.30000000000022,24,1.5,4.4000000000000625,2.10000000000003,1.3143963706788062,False,True,1.3741416602551155,0.1232011158356933,23.0,1.8889814063136037,0.2999999999999545,1.8889814063136037,22.0,0.5394918280765939,1.9090909090909092,0.5394918280765939,22.0,10.789836561531878,1.9090909090909092,0,False,2,-1.0,False,True,0.9894664509261734,True,False,False
baseline,6.0,1,38.70000000000028,4,1.4999999999999076,1.4999999999999076,4.4000000000000625,1.1025664727181037,False,False,1.1550696380856325,0.0873134078455272,22.0,2.005908157783092,0.34999999999963904,2.005119318702965,21.0,0.5999302972579246,1.9047619047619047,0.6001663173587808,21.0,12.003326347175616,1.9047619047619047,0,False,2,-1.0,False,True,1.0531017828361235,False,True,False
baseline,6.0,1,40.400000000000304,14,1.5,1.8999999999999133,0.20000000000011653,1.6964014438781347,False,True,1.7771824650151886,0.2416667450190481,22.0,1.7600825292831097,0.34999999999951825,1.758939222093846,21.0,0.5262733845943783,1.9047619047619047,0.5266154613054819,21.0,10.532309226109637,1.9047619047619047,1,False,2,-1.0,False,False,0.9240433278736326,False,False,True
baseline,6.0,1,60.9000000000006,23,1.5,3.2000000000000313,12.500000000000298,0.9740286943012965,False,True,1.0163777679665702,0.0108610135765268,24.0,1.9222637605081587,0.2999999999980574,1.9222637605081587,23.0,0.5251278007195062,1.9130434782608696,0.5251278007195062,23.0,10.502556014390123,1.9130434782608696,0,False,2,-1.0,False,True,1.0048196929929012,True,False,False
baseline,6.0,1,64.10000000000063,3,1.5,4.799999999999969,3.2000000000000313,1.1975316387105872,False,True,1.251964895015614,0.0871050728394284,23.0,1.830346224904286,0.39999999999784563,1.8274440941081695,22.0,0.5219168128087528,1.9090909090909092,0.5227456594259197,22.0,10.454913188518393,1.9090909090909092,0,False,2,-1.0,False,True,0.9587527844736735,False,False,True
baseline,6.0,1,82.8999999999998,23,1.5,4.799999999999486,10.799999999999173,0.9823291878676278,False,True,1.0250391525575246,0.0225342506732666,24.0,1.8712351199335324,0.24999999999761258,1.8712351199335324,23.0,0.5111876961671653,1.9130434782608696,0.5111876961671653,23.0,10.223753923343306,1.9130434782608696,0,False,2,-1.0,False,True,0.9781456308743465,False,False,True
baseline,6.0,1,87.69999999999929,21,1.5,3.2000000000005144,4.799999999999486,1.0635281932382317,False,True,1.1118703838399695,0.0553990516363116,23.0,2.1091811647029157,0.2999999999978513,2.1091811647029157,22.0,0.6023807320109675,1.9090909090909092,0.6023807320109675,22.0,12.04761464021935,1.9090909090909092,0,False,2,-1.0,False,True,1.104809181511051,False,True,False
baseline,6.0,1,91.99999999999892,7,0.6,0.20000000000011653,1.0999999999991132,1.2385773715317865,True,False,1.2948763429650496,0.1160869147491975,23.0,1.8365009108881811,0.2999999999979792,1.8365009108881811,22.0,0.5245034336324794,1.9090909090909092,0.5245034336324794,22.0,10.490068672649588,1.9090909090909092,1,False,3,-1.0,True,False,0.9619766676080949,False,False,True
baseline,6.0,1,92.19999999999904,11,1.5,3.5000000000002416,0.20000000000011653,1.2211066005047093,False,True,1.276611445982196,0.1016112609523676,23.0,1.8365009108881811,0.09999999999786269,1.8365009108881811,22.0,0.5245034336324794,1.9090909090909092,0.5245034336324794,22.0,10.490068672649588,1.9090909090909092,1,False,3,-1.0,True,False,0.9619766676080949,False,False,True
baseline,6.0,1,106.49999999999812,4,1.5,8.0,6.299999999999088,1.018652265931678,False,True,1.0629414948852292,0.0345485237329946,24.0,1.858772014600132,0.34999999999796216,1.858713087466593,22.0,0.5308472164287501,1.9090909090909092,0.5308640459787339,22.0,10.617280919574679,1.9090909090909092,1,False,2,-2.0,True,False,0.9736424838381644,False,False,True
baseline,6.0,1,106.49999999999856,7,1.5,7.9999999999995595,6.299999999999528,1.018652265931678,False,True,1.0629414948852292,0.0345485237329946,24.0,1.858772014600132,0.3499999999975216,1.858713087466593,22.0,0.5308472164287501,1.9090909090909092,0.5308640459787339,22.0,10.617280919574679,1.9090909090909092,1,False,2,-2.0,True,False,0.9736424838381644,False,False,True
baseline,6.0,1,115.19999999999771,22,1.5,8.0,0.6999999999991502,1.176177572334182,False,True,1.2273157276530595,0.1777528007690008,24.0,1.9449423896344569,0.3499999999978627,1.9447115126974677,23.0,0.5312601218819006,1.9130434782608696,0.5313231932983467,23.0,10.626463865966933,1.9130434782608696,2,False,2,-1.0,False,False,1.0166744309452842,True,False,False
baseline,6.0,1,125.69999999999791,7,1.5,8.000000000000028,2.500000000000199,1.056720569483245,False,True,1.1026649420694732,0.0645165660722908,24.0,1.8353715992196664,0.2999999999970697,1.83475935797973,23.0,0.5012231756638474,1.9130434782608696,0.5013904289318134,23.0,10.027808578636268,1.9130434782608696,0,False,2,-1.0,False,True,0.9593987905011893,False,False,True
baseline,6.0,1,149.89999999999577,9,1.5,1.7999999999998977,16.19999999999783,0.9826084742659585,False,True,1.0253305818427394,0.0176638378203472,24.0,1.8922706671763412,0.20000000000410978,1.8922706671763412,23.0,0.5169342284004044,1.9130434782608696,0.5169342284004044,23.0,10.338684568008087,1.9130434782608696,0,False,2,-1.0,False,True,0.9891414851149056,True,False,False
baseline,6.0,1,151.69999999999567,19,1.5,inf,1.7999999999998977,1.4044255817014,False,True,1.4682631081423727,0.1134206994889673,23.0,1.8615344354672896,0.25000000000463274,1.8614521341675885,22.0,0.531629486337267,1.9090909090909092,0.5316529915334964,22.0,10.633059830669929,1.9090909090909092,0,False,2,-1.0,False,True,0.9750894661971516,False,False,True
baseline,6.0,2,38.70000000000028,20,1.5,1.6000000000000227,inf,0.9589858083371211,False,True,1.0006808434822134,0.0004841141780554,24.0,1.9166606319076236,0.34999999999963904,1.916660612393735,23.0,0.5235971216800932,1.9130434782608696,0.5235971270109356,23.0,10.471942540218713,1.9130434782608696,0,False,2,-1.0,False,True,1.0018907848608032,True,False,False
baseline,6.0,2,40.3000000000003,25,1.5,6.399999999999977,1.6000000000000227,1.5389378105083589,False,True,1.6088895291678298,0.1361333919832088,23.0,1.8322296663159163,0.34999999999952536,1.83222574256772,22.0,0.5232824484153502,1.9090909090909092,0.5232835690352147,22.0,10.465671380704293,1.9090909090909092,0,False,2,-1.0,False,True,0.9597393490226228,False,False,True
baseline,6.0,2,65.30000000000057,17,1.2999999999998124,1.2999999999998124,17.000000000000263,0.9759788718447,False,False,1.0184127358379478,0.0143305089101385,24.0,1.91624737792378,0.2999999999978513,1.91624737792378,23.0,0.5234842334735696,1.9130434782608696,0.5234842334735696,23.0,10.469684669471393,1.9130434782608696,0,False,2,-1.0,False,True,1.001674765732885,True,False,False
baseline,6.0,2,66.60000000000038,20,1.5,3.3999999999999204,1.2999999999998124,1.626972313463352,False,True,1.7009256004389588,0.1528321239253338,23.0,1.817395156191224,0.3999999999979593,1.8143057844007184,22.0,0.5181645203307967,1.9090909090909092,0.5190468428509112,22.0,10.380936857018224,1.9090909090909092,0,False,2,-1.0,False,True,0.9519688913382601,False,False,True
baseline,6.0,2,70.0000000000003,7,1.5,3.300000000000267,3.3999999999999204,1.3163768117087813,False,True,1.3790614217901518,0.1270372205613446,22.0,1.7676220897854311,0.2999999999978513,1.7676220897854311,21.0,0.5288712925326617,1.9047619047619047,0.5288712925326617,21.0,10.577425850653235,1.9047619047619047,0,False,2,-1.0,False,True,0.9280015971373514,False,False,True
baseline,6.0,2,95.19999999999888,19,1.5,6.199999999999633,17.19999999999858,0.9697924712508846,False,True,1.011957361305271,0.0096261774045145,24.0,1.8837909088034612,0.2999999999978371,1.8837909088034612,23.0,0.5146177113040169,1.9130434782608696,0.5146177113040169,23.0,10.292354226080338,1.9130434782608696,0,False,2,-1.0,False,True,0.9847088841472638,True,False,False
baseline,6.0,2,101.39999999999851,13,1.5,1.8000000000003666,6.199999999999633,1.0727516956144445,False,True,1.121513136324192,0.0513818427575651,23.0,1.8513723952100636,0.2999999999978513,1.8513723952100636,22.0,0.5287507196228067,1.9090909090909092,0.5287507196228067,22.0,10.575014392456135,1.9090909090909092,0,False,2,-1.0,False,True,0.9697664927290809,False,False,True
baseline,6.0,2,106.8999999999982,12,1.5,2.5000000000003126,3.6999999999993207,1.1292706373870522,False,True,1.1806011209046456,0.0908064838923113,23.0,2.203550897092728,0.2999999999978371,2.203550897092728,22.0,0.6293326645561557,1.9090909090909092,0.6293326645561557,22.0,12.586653291123113,1.9090909090909092,0,False,2,-1.0,False,True,1.1542409460961909,False,True,False
baseline,6.0,2,110.99999999999842,7,1.5,3.8999999999997783,1.599999999999909,1.2472376934316307,False,True,1.3039303158603412,0.0978105450158922,23.0,1.9047270142758488,0.34999999999739373,1.9035835976959528,22.0,0.5436622041832395,1.9090909090909092,0.5439887631948208,22.0,10.879775263896416,1.9090909090909092,0,False,2,-1.0,False,True,0.9977141503349684,True,False,False
baseline,6.0,2,115.49999999999773,16,1.5,3.5000000000006963,0.5999999999995254,1.2325475101722208,False,True,1.2885723969982308,0.1930532210305769,23.0,1.922058522088624,0.34999999999783427,1.9201049756316264,22.0,0.5483806986877751,1.9090909090909092,0.5489386302512069,22.0,10.978772605024139,1.9090909090909092,1,False,2,-1.0,False,False,1.0067925591892792,True,False,False
baseline,6.0,2,134.79999999999663,5,1.5,8.0,11.299999999998903,0.9948811633584436,False,True,1.0381368661131585,0.024039133727604,24.0,1.9359848901414725,0.29999999999984084,1.935818598970551,23.0,0.5288307381920321,1.9130434782608696,0.5288761659416776,23.0,10.577523318833553,1.9130434782608696,0,False,2,-1.0,False,True,1.0119921016648605,True,False,False
baseline,6.0,2,147.89999999999588,9,1.5,inf,5.099999999999255,1.0204420793242714,False,True,1.0648091262514137,0.0313282725062678,24.0,1.9358577636657268,0.20000000000354134,1.9358577636657268,23.0,0.5288414372806098,1.9130434782608696,0.5288414372806098,23.0,10.576828745612197,1.9130434782608696,0,False,2,-1.0,False,True,1.0119256491889026,True,False,False
baseline,6.0,3,27.900000000000126,14,1.5,1.8000000000000256,13.000000000000135,0.9918521149111368,False,True,1.0349761199072731,0.0204852047004417,24.0,1.8791484104361764,0.20000000000013785,1.8791484104361764,23.0,0.5133494644548895,1.9130434782608696,0.5133494644548895,23.0,10.26698928909779,1.9130434782608696,0,False,2,-1.0,False,True,0.9822821236370922,True,False,False
baseline,6.0,3,29.700000000000152,15,1.5,6.199999999999974,1.8000000000000256,1.3894997027485372,False,True,1.452658780146198,0.1104469990588022,23.0,2.419662918078259,0.20000000000013785,2.419662918078259,22.0,0.6910541134180272,1.9090909090909092,0.6910541134180272,22.0,13.821082268360545,1.9090909090909092,0,False,2,-1.0,False,True,1.2674424808981355,False,True,False
baseline,6.0,3,36.80000000000025,7,0.8999999999998991,0.8999999999998991,0.9000000000001265,1.1522896118190602,False,False,1.2046664123562902,0.1380172499052123,23.0,1.8844744285204809,0.34999999999977405,1.8840920440967492,22.0,0.5380954294928477,1.9090909090909092,0.5382046382288879,22.0,10.764092764577757,1.9090909090909092,1,False,2,-1.0,False,False,0.9871056530345376,True,False,False
baseline,6.0,3,48.2000000000003,7,1.5,3.200000000000159,3.4000000000000483,1.0396069632402758,False,True,1.084807265989853,0.0471406999006495,24.0,1.8760605283158,0.3499999999990777,1.8758781179965336,23.0,0.5124560795241528,1.9130434782608696,0.5125059107344958,23.0,10.250118214689916,1.9130434782608696,0,False,2,-1.0,False,True,0.9806680034378046,True,False,False
baseline,6.0,3,51.40000000000046,23,1.5,4.799999999999841,3.200000000000159,1.1841358249856708,False,True,1.2379601806668377,0.0840922175554909,23.0,1.8912477616078516,0.2999999999987395,1.8912477616078516,22.0,0.5401390976350333,1.9090909090909092,0.5401390976350333,22.0,10.802781952700666,1.9090909090909092,0,False,2,-1.0,False,True,0.9906535894136365,True,False,False
baseline,6.0,3,56.20000000000053,22,1.5,3.199999999999932,4.800000000000068,1.075080427446606,False,True,1.126274733515492,0.0772220272101011,22.0,2.1995652185703025,0.29999999999839844,,,,,0.6281943574320081,22.0,12.563887148640163,1.9090909090909092,1,False,2,0.0,True,False,1.1521532097273013,False,True,False
baseline,6.0,3,65.20000000000057,2,1.5,3.499999999999801,1.0000000000000426,1.083441639642466,False,True,1.1305477978877905,0.1189060551179418,24.0,2.0742113753111444,0.39999999999784563,2.07320660326774,23.0,0.5663626638434591,1.9130434782608696,0.5666371494495541,23.0,11.332742988991082,1.9130434782608696,0,False,2,-1.0,False,True,1.08424685527628,False,True,False
baseline,6.0,3,68.70000000000037,21,1.5,4.500000000000199,3.499999999999801,1.2524788314320003,False,True,1.3094096874061822,0.097024608067381,23.0,1.7528360682828237,0.39999999999784563,1.7515609579132922,22.0,0.5002446397904636,1.9090909090909092,0.5006088104604123,22.0,10.012176209208246,1.9090909090909092,0,False,2,-1.0,False,True,0.9181522262433838,False,False,True
baseline,6.0,3,77.99999999999962,7,1.5,8.0,1.299999999999244,1.0768355748410718,False,True,1.12365451287764,0.0902392480744839,24.0,2.010992905794092,0.2999999999980787,2.010992905794092,23.0,0.549367003414253,1.9130434782608696,0.549367003414253,23.0,10.98734006828506,1.9130434782608696,0,False,2,-1.0,False,True,1.051200837119639,False,True,False
baseline,6.0,3,91.59999999999896,15,1.2000000000000455,1.2000000000000455,5.599999999999341,1.0216385236157817,False,False,1.066057589859946,0.0315805866434311,24.0,1.978083614688439,0.299999999997965,1.978083614688439,23.0,0.5403767784427429,1.9130434782608696,0.5403767784427429,23.0,10.807535568854858,1.9130434782608696,0,False,2,-1.0,False,True,1.033998253132593,False,True,False
baseline,6.0,3,92.799999999999,10,1.5,6.599999999999639,1.2000000000000455,1.7224066028812446,False,True,1.8006978121031192,0.1756134592756695,23.0,1.8501240982742264,0.34999999999783427,1.8486773149421472,22.0,0.527981006498214,1.9090909090909092,0.5283942068516136,22.0,10.567884137032273,1.9090909090909092,0,False,2,-1.0,False,True,0.9691126229055471,False,False,True
baseline,6.0,3,99.39999999999864,12,0.6,0.20000000000031548,6.599999999999639,1.1166207445721024,True,False,1.1697931609802976,0.0944190583301572,22.0,2.308083315607969,0.2999999999978371,,,,,0.6591870534715607,22.0,13.183741069431214,1.9090909090909092,1,False,1,0.0,True,False,1.208996022461317,False,True,False
baseline,6.0,3,101.09999999999852,18,1.5,2.399999999999878,0.299999999999514,1.9072595593954131,False,True,1.993953175731568,0.2567213794139004,23.0,2.006207559250037,0.29999999999786553,2.006207559250037,22.0,0.5729715390651116,1.9090909090909092,0.5729715390651116,22.0,11.459430781302231,1.9090909090909092,1,False,2,-1.0,False,False,1.0508706262738288,False,True,False
baseline,6.0,3,103.4999999999984,6,1.5,3.9000000000002473,2.399999999999878,1.1914069397816849,False,True,1.2481406035808127,0.1073844847281686,22.0,1.858040686002619,0.2999999999978513,1.858040686002619,21.0,0.5559244732587398,1.9047619047619047,0.5559244732587398,21.0,11.118489465174797,1.9047619047619047,0,False,2,-1.0,False,True,0.975471360151375,False,False,True
baseline,6.0,3,107.99999999999814,5,1.100000000000378,1.100000000000378,0.5999999999994969,1.12795569073138,False,False,1.1816678664804934,0.1644119817549555,22.0,2.102750310408286,0.29999999999786553,2.102750310408286,21.0,0.6291414216678408,1.9047619047619047,0.6291414216678408,21.0,12.582828433356816,1.9047619047619047,1,False,2,-1.0,False,False,1.1039439129643502,False,True,False
baseline,6.0,3,111.39999999999829,15,0.6,0.100000000000108,2.29999999999977,1.340710216027671,True,False,1.404553559648036,0.1660779539812742,22.0,1.9146963088428524,0.29999999999751026,,,,,0.5468359870651089,22.0,10.936719741302179,1.9090909090909092,1,False,2,0.0,True,False,1.0029361617748274,True,False,False
baseline,6.0,3,121.89999999999723,23,1.5,8.000000000000014,2.4999999999989484,1.0509602517071017,False,True,1.096654175694367,0.0779580831558038,24.0,2.0552726132801498,0.299999999997965,2.0552726132801498,23.0,0.5614634211308882,1.9130434782608696,0.5614634211308882,23.0,11.229268422617764,1.9130434782608696,0,False,2,-1.0,False,True,1.0743470478509873,False,True,False
baseline,6.0,3,132.99999999999676,16,0.6,0.09999999999999432,3.099999999999511,1.0405587798834837,True,False,1.0858004659653742,0.0477326547445762,24.0,1.9204756260849225,0.2999999999993008,1.9202501419183196,23.0,0.5245777164265522,1.9130434782608696,0.524639314635361,23.0,10.492786292707219,1.9130434782608696,1,False,3,-1.0,True,False,1.0038849863625732,True,False,False
baseline,6.0,3,133.09999999999675,25,1.5,7.899999999999977,0.09999999999999432,1.038807637874257,False,True,1.0839731873470508,0.0459993599078386,24.0,1.9204756260849225,0.1999999999993065,1.9202501419183196,23.0,0.5245777164265522,1.9130434782608696,0.524639314635361,23.0,10.492786292707219,1.9130434782608696,1,False,3,-1.0,True,False,1.0038849863625732,True,False,False
baseline,6.0,3,140.99999999999673,21,0.6,0.10000000000002274,7.899999999999977,1.0066522135734117,True,False,1.0545880332673836,0.0460448024385456,22.0,2.136365684849745,0.30000000000114824,,,,,0.583616586165677,23.0,11.67233172331354,1.9130434782608696,2,False,3,1.0,True,False,1.1167366079896395,False,True,False
baseline,6.0,3,150.39999999999574,11,1.5,1.6999999999997897,1.399999999999011,1.0521964731369817,False,True,1.0979441458820678,0.0871141431117929,24.0,1.937415771183056,0.25000000000426326,1.9373151501152768,23.0,0.5292395689817706,1.9130434782608696,0.5292670568432776,23.0,10.585341136865551,1.9130434782608696,0,False,2,-1.0,False,True,1.0127400622093248,True,False,False
baseline,6.0,3,152.09999999999553,22,1.5,inf,1.6999999999997897,1.488521336759843,False,True,1.5561813975216543,0.1399665735965045,23.0,1.676758215357382,0.4000000000048942,1.6708727843136737,22.0,0.4772001512984509,1.9090909090909092,0.4788810264739167,22.0,9.577620529478335,1.9090909090909092,0,False,2,-1.0,False,True,0.8783019223300571,False,False,True
baseline,6.0,4,21.400000000000038,19,1.5,8.0,8.800000000000038,0.9802848795348708,False,True,1.022905961253778,0.0183316311148208,24.0,1.9498505266709647,0.20000000000013074,1.9498505266709647,23.0,0.5326640078424081,1.9130434782608696,0.5326640078424081,23.0,10.653280156848162,1.9130434782608696,0,False,2,-1.0,False,True,1.0192400480325496,True,False,False
baseline,6.0,4,45.10000000000037,6,1.5,8.0,15.700000000000333,0.971610220909687,False,True,1.0138541435579342,0.0091348947179055,24.0,1.923937162323741,0.3499999999991914,1.923896533123986,23.0,0.5255738447590597,1.9130434782608696,0.5255849439238833,23.0,10.511698878477667,1.9130434782608696,0,False,2,-1.0,False,True,1.0056944257601372,True,False,False
baseline,6.0,4,63.20000000000063,17,1.5,5.499999999999744,10.100000000000257,0.9782749650696406,False,True,1.0208086592031034,0.0138976161360904,24.0,1.9204827303053509,0.3499999999978982,1.920251542202712,23.0,0.524578098959001,1.9130434782608696,0.5246412553802919,23.0,10.492825107605839,1.9130434782608696,0,False,2,-1.0,False,True,1.0038886999323424,True,False,False
baseline,6.0,4,68.70000000000037,12,1.5,2.2999999999998693,5.499999999999744,1.095409106571191,False,True,1.1452004295971543,0.0679197124647613,23.0,1.8770130690057,0.3499999999978485,1.8749805220071405,22.0,0.5354931848692353,1.9090909090909092,0.5360736789345761,22.0,10.721473578691523,1.9090909090909092,0,False,2,-1.0,False,True,0.9831973218601285,True,False,False
baseline,6.0,4,71.00000000000024,13,0.6,0.20000000000038654,2.2999999999998693,1.291436655777785,True,False,1.352933639386251,0.1209236422180689,22.0,2.554337928682621,0.2999999999978513,,,,,0.7295172065031901,22.0,14.590344130063801,1.9090909090909092,1,False,1,0.0,True,False,1.337986534071849,False,True,False
baseline,6.0,4,71.90000000000019,14,1.5,4.800000000000182,0.6999999999995623,2.261257772887935,False,True,2.368936714454027,0.3320079379511684,22.0,3.282294303832097,0.2999999999978513,3.282294303832097,21.0,0.9820601592227184,1.9047619047619047,0.9820601592227184,21.0,19.64120318445437,1.9047619047619047,2,False,2,-1.0,False,False,1.7232045095118511,False,True,False
baseline,6.0,4,83.89999999999951,11,1.5,8.000000000000014,3.999999999999318,1.0712690190578353,False,True,1.117845932929915,0.0874314808088491,24.0,1.6478769521858103,0.4499999999978428,1.6436322411731037,23.0,0.4490106933976303,1.9130434782608696,0.4501702719136418,23.0,9.003405438272836,1.9130434782608696,0,False,2,-1.0,False,True,0.861390225006219,False,False,True
baseline,6.0,4,106.29999999999824,24,1.5,8.0,14.399999999998712,0.9924723318414705,False,True,1.0356233027910997,0.0306286362560035,24.0,1.9824995935959828,0.2999999999978513,1.9824995935959828,23.0,0.5415831442596426,1.9130434782608696,0.5415831442596426,23.0,10.831662885192852,1.9130434782608696,0,False,2,-1.0,False,True,1.0363066057433545,False,True,False
baseline,6.0,4,116.59999999999764,16,1.199999999999946,1.199999999999946,2.2999999999994003,1.0581397362061187,False,False,1.1041458116933414,0.0654874887958899,24.0,1.886151311968896,0.3499999999978627,1.8861371732071404,23.0,0.515258668435667,1.9130434782608696,0.515262530890455,23.0,10.3052506178091,1.9130434782608696,0,False,2,-1.0,False,True,0.9859427312564684,True,False,False
baseline,6.0,4,117.79999999999758,4,1.5,6.599999999999625,1.199999999999946,1.6477633771248292,False,True,1.7226617124486852,0.1619658708911821,23.0,1.9716068311623896,0.29999999999786553,1.9716068311623896,22.0,0.563089594231565,1.9090909090909092,0.563089594231565,22.0,11.2617918846313,1.9090909090909092,0,False,2,-1.0,False,True,1.0327464353707754,False,True,False
baseline,6.0,4,124.3999999999972,8,0.6,0.20000000000042917,6.599999999999625,1.045719419784054,True,False,1.0955155826309138,0.0499868216742045,22.0,1.9845598116688632,0.3999999999978314,,,,,0.566788956813495,22.0,11.335779136269899,1.9090909090909092,1,False,1,0.0,True,False,1.0395313299217854,False,True,False
baseline,6.0,4,137.59999999999692,4,1.5,3.099999999999824,5.199999999999733,1.0029351679743348,False,True,1.046541044842784,0.0285516115860641,24.0,1.9213182764232608,0.25000000000017053,1.9213182764232608,23.0,0.524869511514706,1.9130434782608696,0.524869511514706,23.0,10.497390230294119,1.9130434782608696,0,False,2,-1.0,False,True,1.0043254626757954,True,False,False
baseline,6.0,4,140.69999999999675,24,0.6,0.49999999999954525,3.099999999999824,1.1997535958888499,True,False,1.254287850247434,0.0859581263212155,23.0,1.8921172693721728,0.35000000000107434,1.891693567316137,22.0,0.5402664194475859,1.9090909090909092,0.540387428471818,22.0,10.80774856943636,1.9090909090909092,1,False,2,-1.0,False,False,0.9911090458616143,True,False,False
baseline,6.0,4,141.1999999999963,3,1.5,4.400000000000631,0.49999999999954525,1.8026966908609297,False,True,1.8885393904257357,0.2085788800399843,22.0,2.0974544871419165,0.20000000000160867,2.0974544871419165,21.0,0.6275569150518088,1.9047619047619047,0.6275569150518088,21.0,12.551138301036175,1.9047619047619047,1,False,2,-1.0,False,False,1.1011636057495062,False,True,False
baseline,6.0,4,152.7999999999955,6,0.6,0.100000000000108,3.5999999999991985,1.0525414230063999,True,False,1.0983040935718955,0.0771103594172935,24.0,1.9129044323556217,0.30000000000507043,1.778206284003,23.0,0.4857738955122634,1.9130434782608696,0.5463242283370704,22.0,10.926484566741408,1.9090909090909092,2,False,3,-2.0,True,False,1.0019975598053257,True,False,False
baseline,6.0,4,152.8999999999956,9,0.6,0.3000000000004377,0.100000000000108,1.051375293126281,True,False,1.097087262392641,0.0766705204314086,24.0,1.9129044323556217,0.20000000000496243,1.778206284003,23.0,0.4857738955122634,1.9130434782608696,0.5463242283370704,22.0,10.926484566741408,1.9090909090909092,2,False,4,-2.0,True,False,1.0019975598053257,True,False,False
baseline,6.0,4,153.19999999999604,16,1.5,inf,0.3000000000004377,1.8250950613883583,False,True,1.9120043500258992,0.2640342372724912,22.0,1.910950926460675,4.575895218295045e-12,1.8031440943320596,21.0,0.5394994514397542,1.9047619047619047,0.5457663083581332,22.0,10.915326167162664,1.9090909090909092,2,False,2,0.0,True,False,1.0009742948127345,True,False,False
baseline,6.0,5,31.10000000000017,9,1.5,8.000000000000004,inf,0.9592170465538722,False,True,1.0009221355344753,0.0006537637784741,24.0,1.917124061837633,0.2000000000001414,1.917124061837633,23.0,0.5237237277121158,1.9130434782608696,0.5237237277121158,23.0,10.474474554242317,1.9130434782608696,0,False,2,-1.0,False,True,1.0021330323242172,True,False,False
baseline,6.0,5,80.79999999999968,15,1.5,5.299999999999699,41.69999999999951,0.9629642220691901,False,True,1.0048322317243723,0.0034561712690634,24.0,1.9170429898119523,0.3499999999978485,1.917011668440507,23.0,0.5236930238624877,1.9130434782608696,0.5237015802964384,23.0,10.474031605928769,1.9130434782608696,0,False,2,-1.0,False,True,1.0020906537653387,True,False,False
baseline,6.0,5,86.09999999999938,16,1.5,2.7000000000003013,5.299999999999699,1.085957431640812,False,True,1.1353191330790309,0.0633614426956935,23.0,2.1395041818918767,0.2999999999978513,2.1395041818918767,22.0,0.6110409654687419,1.9090909090909092,0.6110409654687419,22.0,12.220819309374837,1.9090909090909092,0,False,2,-1.0,False,True,1.1206926667052688,False,True,False
baseline,6.0,5,92.09999999999904,12,1.5,2.000000000000341,3.2999999999993577,1.1074241547952872,False,True,1.1577616163768911,0.0609719670457701,23.0,1.971686254191518,0.2999999999978513,1.971686254191518,22.0,0.563112277395641,1.9090909090909092,0.563112277395641,22.0,11.26224554791282,1.9090909090909092,0,False,2,-1.0,False,True,1.0327880379098429,False,True,False
baseline,6.0,5,99.19999999999864,17,0.9000000000004036,0.9000000000004036,5.099999999999255,1.0793241478313085,False,False,1.1283843363690953,0.0566239517609935,23.0,1.8187355632172637,0.3499999999978485,1.8184631629473,22.0,0.5193518648671724,1.9090909090909092,0.51942966220235,22.0,10.388593244047,1.9090909090909092,0,False,2,-1.0,False,True,0.952671009304281,False,False,True
baseline,6.0,5,115.99999999999768,5,1.5,8.0,8.799999999999045,0.9999688737624495,False,True,1.0434457813173386,0.0332073432255868,24.0,1.9650014803381148,0.2999999999978371,1.9650014803381148,23.0,0.5368029752107208,1.9130434782608696,0.5368029752107208,23.0,10.736059504214417,1.9130434782608696,0,False,2,-1.0,False,True,1.0271598647221964,False,True,False
baseline,6.0,5,129.39999999999694,14,1.5,2.199999999999875,5.3999999999992525,1.018149926194821,False,True,1.062417314290248,0.0287942813842053,24.0,1.8810550642461932,0.29999999999830607,1.8807753073969025,23.0,0.5137939033714081,1.9130434782608696,0.5138703278985841,23.0,10.277406557971682,1.9130434782608696,0,False,2,-1.0,False,True,0.9832787835832373,True,False,False
baseline,6.0,5,131.5999999999968,24,1.5,1.6999999999999034,2.199999999999875,1.2715205175437647,False,True,1.329316904704845,0.0977141517948746,23.0,1.8909366038762307,0.24999999999891998,1.8909366038762307,22.0,0.5400502311946909,1.9090909090909092,0.5400502311946909,22.0,10.801004623893817,1.9090909090909092,0,False,2,-1.0,False,True,0.9904906020304065,True,False,False
baseline,6.0,5,133.29999999999671,18,1.5,4.100000000000222,1.6999999999999034,1.4352494685508392,False,True,1.5035946813389744,0.1374968895655671,22.0,1.769314446780175,0.3499999999994259,1.766198062190295,21.0,0.5284452244725295,1.9047619047619047,0.5293776445614178,21.0,10.587552891228356,1.9047619047619047,0,False,2,-1.0,False,True,0.9288900845595919,False,False,True
baseline,6.0,5,149.5999999999958,7,1.5,inf,8.299999999999073,0.9864931562155558,False,True,1.0293841630075364,0.0198159453405022,24.0,1.9711025256869683,0.20000000000402451,1.9711025256869683,23.0,0.5384696707974319,1.9130434782608696,0.5384696707974319,23.0,10.769393415948638,1.9130434782608696,0,False,2,-1.0,False,True,1.030349047518188,False,True,False
baseline,6.0,6,28.20000000000013,3,1.5,8.0,4.70000000000017,1.019810706365484,False,True,1.064150302294418,0.0484171614770593,24.0,2.007965591783168,0.20000000000013785,2.007965591783168,23.0,0.5485399958093113,1.9130434782608696,0.5485399958093113,23.0,10.970799916186227,1.9130434782608696,0,False,2,-1.0,False,True,1.0496183775230195,False,True,False
baseline,6.0,6,51.100000000000456,12,1.5,8.0,14.900000000000325,0.9771638093980638,False,True,1.019649192415371,0.0155558516733262,24.0,1.93162435133877,0.2999999999987608,1.93162435133877,23.0,0.5276849453618286,1.9130434782608696,0.5276849453618286,23.0,10.553698907236573,1.9130434782608696,0,False,2,-1.0,False,True,1.0097127291089025,True,False,False
baseline,6.0,6,67.00000000000047,11,1.5,3.799999999999784,7.900000000000013,0.9935878563639643,False,True,1.0367873283797888,0.0196993285997978,24.0,1.8523187112659008,0.2999999999978513,1.8523187112659008,23.0,0.5060200743843364,1.9130434782608696,0.5060200743843364,23.0,10.120401487686728,1.9130434782608696,0,False,2,-1.0,False,True,0.9682575081617208,False,False,True
baseline,6.0,6,70.80000000000025,10,1.5,4.200000000000216,3.799999999999784,1.1370643144195618,False,True,1.1887490559840874,0.0674218419657946,23.0,2.135345531808084,0.2999999999978513,2.135345531808084,22.0,0.6098532577821878,1.9090909090909092,0.6098532577821878,22.0,12.197065155643756,1.9090909090909092,0,False,2,-1.0,False,True,1.1185143261851866,False,True,False
baseline,6.0,6,97.49999999999874,24,1.1999999999999034,1.1999999999999034,18.699999999998482,0.9811862600550011,False,False,1.0238465322313055,0.019717608900426,24.0,1.958905666187953,0.29999999999786553,1.958905666187953,23.0,0.5351377086931732,1.9130434782608696,0.5351377086931732,23.0,10.702754173863465,1.9130434782608696,0,False,2,-1.0,False,True,1.0239734164164298,False,True,False
baseline,6.0,6,98.69999999999864,7,1.5,6.800000000000097,1.1999999999999034,1.713188153819009,False,True,1.791060342628964,0.1719847900081375,23.0,1.8045333553583824,0.24999999999788258,1.8045333553583824,22.0,0.5153735211228758,1.9090909090909092,0.5153735211228758,22.0,10.307470422457516,1.9090909090909092,0,False,2,-1.0,False,True,0.9452317575686765,False,False,True
baseline,6.0,6,109.49999999999852,10,1.5,8.0,2.7999999999998835,1.0776559588876802,False,True,1.12451056579584,0.0630412213577273,24.0,1.9383278452368813,0.29999999999738236,1.9383278452368813,23.0,0.5295162190299756,1.9130434782608696,0.5295162190299756,23.0,10.590324380599512,1.9130434782608696,0,False,2,-1.0,False,True,1.0132168281920062,True,False,False
baseline,6.0,6,130.8999999999973,11,1.5,4.899999999999267,13.399999999998784,0.9810459802060835,False,True,1.023700153258522,0.0176423492522599,24.0,1.873040541222176,0.24999999999826628,1.873040541222176,23.0,0.5116809047112554,1.9130434782608696,0.5116809047112554,23.0,10.233618094225108,1.9130434782608696,0,False,2,-1.0,False,True,0.9790893738206828,False,False,True
baseline,6.0,6,135.79999999999657,21,1.5,2.8999999999997215,4.899999999999267,1.0623534384647875,False,True,1.110642231122278,0.0567473420203562,23.0,1.8628390636335388,0.20000000000010232,1.8628390636335388,22.0,0.5320255924664741,1.9090909090909092,0.5320255924664741,22.0,10.640511849329481,1.9090909090909092,0,False,2,-1.0,False,True,0.9757728428556631,False,False,True
baseline,6.0,6,138.6999999999963,3,0.6,0.2000000000010118,2.8999999999997215,1.159376873278828,True,False,1.2145852958159151,0.0849392970553629,22.0,1.830390325059857,0.30000000000106297,,,,,0.5227582544008982,22.0,10.455165088017964,1.9090909090909092,1,False,1,0.0,True,False,0.9587758845551632,False,False,True
baseline,6.0,7,25.000000000000085,6,1.5,3.9000000000000554,10.000000000000094,0.9766043876461173,False,True,1.0190654479785572,0.0160070577083886,24.0,1.9375840199591423,0.20000000000013785,1.9375840199591423,23.0,0.5293130193753584,1.9130434782608696,0.5293130193753584,23.0,10.586260387507167,1.9130434782608696,0,False,2,-1.0,False,True,1.012828010433188,True,False,False
baseline,6.0,7,28.90000000000014,16,1.5,4.099999999999945,3.9000000000000554,1.1636779448116459,False,True,1.216572396848539,0.0803613202265509,23.0,1.8538213675737256,0.20000000000013785,1.8538213675737256,22.0,0.5294501444943092,1.9090909090909092,0.5294501444943092,22.0,10.589002889886183,1.9090909090909092,0,False,2,-1.0,False,True,0.9710492877767134,False,False,True
baseline,6.0,7,45.400000000000375,9,1.5,4.4000000000000625,8.500000000000234,0.9861251039853823,False,True,1.029000108506486,0.0174369934673672,24.0,1.9470185256870405,0.2999999999991658,1.9470185256870405,23.0,0.5318903562349249,1.9130434782608696,0.5318903562349249,23.0,10.637807124698497,1.9130434782608696,0,False,2,-1.0,False,True,1.017759683881862,True,False,False
baseline,6.0,7,49.80000000000044,8,1.5,3.5999999999999375,4.4000000000000625,1.124897280288748,False,True,1.1760289748473276,0.0735898080279775,23.0,2.164878634787023,0.2999999999988532,2.164878634787023,22.0,0.6182878922691284,1.9090909090909092,0.6182878922691284,22.0,12.365757845382568,1.9090909090909092,0,False,2,-1.0,False,True,1.1339840467932023,False,True,False
baseline,6.0,7,74.80000000000003,7,0.7999999999998408,0.7999999999998408,16.999999999999588,0.9764992340035278,False,False,1.0189557224384638,0.0174059596277933,24.0,1.869494028529764,0.2999999999978513,1.869494028529764,23.0,0.5107120613877472,1.9130434782608696,0.5107120613877472,23.0,10.214241227754943,1.9130434782608696,0,False,2,-1.0,False,True,0.9772355149132858,False,False,True
baseline,6.0,7,75.59999999999987,6,1.5,7.200000000000159,0.7999999999998408,1.7304413688315392,False,True,1.8090977946875184,0.1729953113102035,23.0,2.626676374739037,0.24999999999796785,2.626676374739037,22.0,0.7501770183852754,1.9090909090909092,0.7501770183852754,22.0,15.003540367705508,1.9090909090909092,1,False,2,-1.0,False,False,1.3758781010537813,False,True,False
baseline,6.0,7,95.69999999999884,15,1.5,1.7999999999998977,12.099999999998971,0.9921387467946317,False,True,1.0352752140465722,0.0320684470762542,24.0,1.9670644948090583,0.2999999999978371,1.9670644948090583,23.0,0.5373665535677787,1.9130434782608696,0.5373665535677787,23.0,10.747331071355575,1.9130434782608696,0,False,2,-1.0,False,True,1.0282382586501895,False,True,False
baseline,6.0,7,97.49999999999874,25,1.5,2.6999999999998465,1.7999999999998977,1.4753820173274312,False,True,1.54244483629686,0.1337474684681809,23.0,1.853246362687292,0.29999999999786553,1.853246362687292,22.0,0.5292859234827638,1.9090909090909092,0.5292859234827638,22.0,10.585718469655276,1.9090909090909092,0,False,2,-1.0,False,True,0.9707480947409624,False,False,True
baseline,6.0,7,100.19999999999858,13,1.5,3.500000000000256,2.6999999999998465,1.15528506625776,False,True,1.2102986408414629,0.1086750561168045,22.0,2.072699892916761,0.2999999999978513,2.072699892916761,21.0,0.6201503577793952,1.9047619047619047,0.6201503577793952,21.0,12.403007155587904,1.9047619047619047,0,False,2,-1.0,False,True,1.0881674437812996,False,True,False
baseline,6.0,7,137.39999999999648,2,1.5,8.0,29.1999999999979,0.9668687893452602,False,True,1.0089065627950542,0.0062716092363675,24.0,1.92574492466472,0.20000000000055707,1.92574492466472,23.0,0.526078792001262,1.9130434782608696,0.526078792001262,23.0,10.521575840025239,1.9130434782608696,0,False,2,-1.0,False,True,1.0066393924383763,True,False,False
baseline,6.0,7,150.09999999999576,22,0.6,0.10000000000044906,4.699999999999278,1.0107180440078523,True,False,1.0546623067908023,0.033584320493443,24.0,1.9776739206830212,0.20000000000416662,1.9776739206830212,23.0,0.5402648574272959,1.9130434782608696,0.5402648574272959,23.0,10.805297148545918,1.9130434782608696,1,False,3,-1.0,True,False,1.0337840949024883,False,True,False
baseline,6.0,7,150.1999999999962,13,1.5,inf,0.10000000000044906,1.0099593197687307,False,True,1.053870594541284,0.0331090041557416,24.0,1.9776739206830212,0.10000000000371756,1.9776739206830212,23.0,0.5402648574272959,1.9130434782608696,0.5402648574272959,23.0,10.805297148545918,1.9130434782608696,1,False,3,-1.0,True,False,1.0337840949024883,False,True,False
B2,12.0,0,52.600000000000506,22,1.5,8.0,27.20000000000053,0.9685647139912598,False,True,1.0106762232952275,0.0075658721485202,24.0,1.9034723411568064,0.2999999999986258,1.9034496604029545,23.0,0.5199881277912963,1.9130434782608696,0.5199943237643119,23.0,10.399886475286237,1.9130434782608696,0,False,2,-1.0,False,True,0.9949969056046942,True,False,False
B2,12.0,0,66.80000000000048,2,1.5,5.09999999999971,6.199999999999974,0.9762440693005529,False,True,1.0186894636179682,0.0140146684369653,24.0,1.888280850929923,0.2999999999978513,1.888280850929923,23.0,0.515844282538759,1.9130434782608696,0.515844282538759,23.0,10.31688565077518,1.9130434782608696,0,False,2,-1.0,False,True,0.9870558993497324,True,False,False
B2,12.0,0,71.90000000000019,15,1.5,2.90000000000029,5.09999999999971,1.0102137778715556,False,True,1.0561325859566264,0.0199798489615281,23.0,1.897580320135346,0.2999999999978513,1.897580320135346,22.0,0.5419476721212519,1.9090909090909092,0.5419476721212519,22.0,10.838953442425039,1.9090909090909092,0,False,2,-1.0,False,True,0.9939706438804193,True,False,False
B2,12.0,0,75.39999999999999,24,1.5,3.099999999999824,0.5999999999995111,1.0873856165656581,False,True,1.1368122355004606,0.1455292690649809,23.0,1.9098867049547628,0.2999999999978513,1.9098867049547628,22.0,0.5454623674067909,1.9090909090909092,0.5454623674067909,22.0,10.909247348135818,1.9090909090909092,1,False,2,-1.0,False,False,1.0004168454524947,True,False,False
B2,12.0,0,78.49999999999982,5,0.6,0.10000000000002274,3.099999999999824,1.0486145869790997,True,False,1.0985486149304853,0.0353868164243147,22.0,1.8455800606718105,0.4499999999978428,1.8108421264715773,21.0,0.5418026972699073,1.9047619047619047,0.5798060760218364,20.0,11.596121520436729,1.9,1,False,3,-2.0,True,False,0.9713579266693739,False,False,True
B2,12.0,0,78.59999999999984,21,1.3000000000003524,1.3000000000003524,0.10000000000002274,1.0456563946028221,False,False,1.0954495562505755,0.0341112384625229,22.0,1.8455800606718105,0.34999999999782005,1.8108421264715773,21.0,0.5418026972699073,1.9047619047619047,0.5798060760218364,20.0,11.596121520436729,1.9,1,False,3,-2.0,True,False,0.9713579266693739,False,False,True
B2,12.0,0,85.29999999999943,12,1.2000000000003865,1.2000000000003865,1.8999999999994373,1.030707437955046,False,False,1.079788744524334,0.0966388513349359,22.0,1.880017042935319,0.2999999999978513,1.880017042935319,21.0,0.5624997838770671,1.9047619047619047,0.5624997838770671,21.0,11.249995677541342,1.9047619047619047,0,False,2,-1.0,False,True,0.9870089475410425,True,False,False
B2,12.0,0,101.89999999999849,8,1.5,2.6999999999998323,8.599999999999042,0.9699185719687038,False,True,1.0120889446629953,0.0063583616152257,24.0,1.913494420527985,0.2999999999978513,1.913494420527985,23.0,0.5227321751491978,1.9130434782608696,0.5227321751491978,23.0,10.454643502983956,1.9130434782608696,0,False,2,-1.0,False,True,1.0002357198214467,True,False,False
B2,12.0,0,104.59999999999832,23,1.3999999999999204,1.3999999999999204,2.6999999999998323,1.0946346398214022,False,False,1.144390759813284,0.0556650307544171,23.0,1.8643092738294769,0.3499999999978627,1.8639151954558408,22.0,0.5323329349962229,1.9090909090909092,0.532445483516546,22.0,10.64890967033092,1.9090909090909092,0,False,2,-1.0,False,True,0.9765429529582974,False,False,True
B2,12.0,0,105.99999999999824,7,1.5,3.9000000000002473,1.3999999999999204,1.5363943059645238,False,True,1.609555939581882,0.1377741432976298,22.0,1.85097358969656,0.3499999999978627,1.8506528491619447,21.0,0.5537140376449701,1.9047619047619047,0.5538100029885182,21.0,11.076200059770365,1.9047619047619047,0,False,2,-1.0,False,True,0.971761134590694,False,False,True
B2,12.0,0,112.69999999999833,23,1.299999999999912,1.299999999999912,0.10000000000000853,1.0694955737938034,False,False,1.118109008966249,0.1640780842765443,23.0,1.115817994731119,0.04999999999741078,1.0624793601882232,22.0,0.3034433956871005,1.9090909090909092,0.3048213578252676,23.0,6.096427156505352,1.9130434782608696,1,False,2,0.0,True,False,0.5832684972458122,False,False,True
B2,12.0,0,115.19999999999764,22,1.5,5.500000000000682,1.199999999999406,1.0592346581327348,False,True,1.107381688047859,0.122863331195616,23.0,1.8445548989999403,0.2999999999979366,1.8445548989999403,22.0,0.5268036472582978,1.9090909090909092,0.5268036472582978,22.0,10.536072945165955,1.9090909090909092,0,False,2,-1.0,False,True,0.966195423285683,False,False,True
B2,12.0,0,121.59999999999737,25,1.5,1.6000000000002785,0.8999999999990393,1.0508464765065297,False,True,1.0986122254386448,0.1553486268896526,23.0,1.5816211221374343,0.24999999999785416,1.5816211221374343,22.0,0.451709936188128,1.9090909090909092,0.451709936188128,22.0,9.03419872376256,1.9090909090909092,1,False,2,-1.0,False,False,0.8284682068338941,False,False,True
B2,12.0,0,134.29999999999666,20,1.5,6.100000000000108,4.6999999999993065,1.0072022614483742,False,True,1.0509936641200428,0.0440601761796653,24.0,1.8397554359959944,0.24999999999968736,1.8397554359959944,23.0,0.5025880140979915,1.9130434782608696,0.5025880140979915,23.0,10.05176028195983,1.9130434782608696,0,False,2,-1.0,False,True,0.9616903415433607,False,False,True
B2,12.0,0,140.39999999999677,2,0.8999999999999488,0.8999999999999488,6.100000000000108,0.9903907341894801,False,False,1.0354084948344564,0.0262720319603831,23.0,1.8678343117454732,0.25000000000096634,1.8678343117454732,22.0,0.5334522319911388,1.9090909090909092,0.5334522319911388,22.0,10.669044639822776,1.9090909090909092,0,False,2,-1.0,False,True,0.9783894013904859,False,False,True
B2,12.0,0,141.29999999999671,8,0.9999999999999432,0.9999999999999432,0.8999999999999488,1.7058542694224073,False,False,1.7870854251091886,0.1733008514739211,22.0,1.8882905523746976,0.3000000000012335,1.888072129216276,21.0,0.564909860056523,1.9047619047619047,0.5649752121127012,21.0,11.299504242254024,1.9047619047619047,1,False,2,-1.0,False,False,0.9913525399967162,True,False,False
B2,12.0,0,142.8999999999962,19,1.5,5.500000000000568,0.5999999999995396,1.560875699472269,False,True,1.635203113732853,0.2136241092656817,22.0,1.6125175450540954,2.0463630789890885e-12,1.465892367232783,21.0,0.4385939706525583,1.9047619047619047,0.4605339339387813,22.0,9.210678678775626,1.9090909090909092,1,False,2,0.0,True,False,0.844652047409288,False,False,True
B2,12.0,1,24.100000000000072,18,0.6,0.40000000000000924,inf,0.9595102800104951,True,False,1.001228118271821,0.0008582345179341,24.0,1.9177417148798208,0.20000000000013785,1.9177417148798208,23.0,0.5238924593868814,1.9130434782608696,0.5238924593868814,23.0,10.477849187737629,1.9130434782608696,1,False,2,-1.0,False,False,1.0024558964144517,True,False,False
B2,12.0,1,24.50000000000008,13,0.6,0.40000000000000213,0.40000000000000924,1.8295602926838428,True,False,1.912722124169472,0.194596593835668,23.0,1.9107608636196107,1.3145040611561853e-13,1.835462752708379,22.0,0.5242069363496675,1.9090909090909092,0.5219854166881963,23.0,10.439708333763926,1.9130434782608696,2,False,2,0.0,True,False,0.9988068150738874,True,False,False
B2,12.0,1,24.900000000000084,7,1.5,3.2000000000000455,0.40000000000000213,1.7483827419192246,False,True,1.8316390629629973,0.2527578796376045,22.0,1.8300911025972049,1.3500311979441904e-13,1.7496039822851293,21.0,0.5234802873750866,1.9047619047619047,0.5226727966654021,22.0,10.453455933308042,1.9090909090909092,2,False,2,0.0,True,False,0.9586191489794882,False,False,True
B2,12.0,1,28.10000000000013,19,1.5,3.999999999999943,3.2000000000000455,1.092330598102989,False,True,1.1469471280081385,0.0518224646573544,21.0,1.9414766701685944,0.25000000000013856,1.9390620084829973,20.0,0.6091742960705253,1.9,0.6099328844117631,20.0,12.198657688235262,1.9,0,False,2,-1.0,False,True,1.0218298264045234,False,True,False
B2,12.0,1,34.30000000000022,24,1.5,1.799999999999912,1.4000000000001336,1.1038971864341884,False,True,1.154074331272106,0.1202614770670753,23.0,2.095045422690617,0.2999999999999545,2.095045422690617,22.0,0.5983435735328877,1.9090909090909092,0.5983435735328877,22.0,11.966871470657754,1.9090909090909092,0,False,2,-1.0,False,True,1.0974047452188946,False,True,False
B2,12.0,1,36.80000000000025,5,1.5,1.900000000000027,0.7000000000001236,1.2812259154666663,False,True,1.3394634570787876,0.1731974487293049,23.0,1.873506738137825,0.2999999999997769,1.873506738137825,22.0,0.5350722731804334,1.9090909090909092,0.5350722731804334,22.0,10.701445463608668,1.9090909090909092,1,False,2,-1.0,False,False,0.9813606723579082,True,False,False
B2,12.0,1,38.70000000000028,4,1.4999999999999076,1.4999999999999076,1.900000000000027,1.3464982650093265,False,False,1.4106172300097706,0.1210802095519683,22.0,2.324281047276942,0.2999999999996419,2.324281047276942,21.0,0.6954232631431649,1.9047619047619047,0.6954232631431649,21.0,13.908465262863299,1.9047619047619047,0,False,2,-1.0,False,True,1.2202475498203946,False,True,False
B2,12.0,1,40.20000000000019,7,0.6,0.20000000000011653,1.4999999999999076,1.678639615614522,True,False,1.762571596395248,0.1835286419833189,21.0,2.1061600108090546,0.44999999999964047,2.0738774484885365,20.0,0.651527815661713,1.9,0.6616696817242325,20.0,13.23339363448465,1.9,2,False,3,-1.0,True,False,1.1085052688468708,False,True,False
B2,12.0,1,40.400000000000304,14,0.6,0.30000000000000426,0.20000000000011653,1.5512490318865526,True,False,1.6288114834808802,0.1619101170435855,21.0,2.1061600108090546,0.24999999999952394,2.0738774484885365,20.0,0.651527815661713,1.9,0.6616696817242325,20.0,13.23339363448465,1.9,2,False,3,-1.0,True,False,1.1085052688468708,False,True,False
B2,12.0,1,40.70000000000031,17,1.5,1.599999999999909,0.30000000000000426,1.8757803609356178,False,True,1.9799903809875967,0.3152154075896027,19.0,1.9781888865092023,0.04999999999951399,1.8472520531070813,18.0,0.6448126088188744,1.8888888888888888,0.6541751235021351,19.0,13.083502470042703,1.894736842105263,2,False,2,0.0,True,False,1.0440441345465235,False,True,False
B2,12.0,1,55.80000000000052,15,1.5,5.10000000000008,7.100000000000215,1.018935555476579,False,True,1.0632371013668651,0.03591207581052,24.0,1.9381678393376909,0.349999999998424,1.937783701012068,23.0,0.5293675686387438,1.9130434782608696,0.5294725083032428,23.0,10.589450166064855,1.9130434782608696,0,False,2,-1.0,False,True,1.013133188744702,True,False,False
B2,12.0,1,60.9000000000006,23,1.5,2.8999999999999204,5.10000000000008,1.0328937944437835,False,True,1.0798435123730463,0.0355728160979147,23.0,1.8282610182073824,0.34999999999805453,1.828077064526552,22.0,0.5220975887375099,1.9090909090909092,0.5221501257859007,22.0,10.443002515718014,1.9090909090909092,0,False,2,-1.0,False,True,0.9576605333467241,False,False,True
B2,12.0,1,64.10000000000063,3,1.499999999999801,1.499999999999801,0.30000000000011084,1.0674089586963358,False,False,1.1159275477279875,0.1508302353270502,23.0,1.987679114859284,0.39999999999784563,1.9846227035250923,22.0,0.5668069186856313,1.9090909090909092,0.5676798277214354,22.0,11.353596554428709,1.9090909090909092,1,False,2,-1.0,False,False,1.0411652506405773,False,True,False
B2,12.0,1,65.60000000000043,13,1.5,3.3000000000001677,1.499999999999801,1.6302433592924037,False,True,1.7078739954491846,0.1843835469069241,22.0,1.697901934852338,0.24999999999796785,1.697901934852338,21.0,0.5080110709569525,1.9047619047619047,0.5080110709569525,21.0,10.16022141913905,1.9047619047619047,0,False,2,-1.0,False,True,0.8913985157974775,False,False,True
B2,12.0,1,69.20000000000034,21,0.8999999999999488,0.8999999999999488,0.29999999999974136,1.0828937354582395,False,False,1.134460103813394,0.1807054933551175,22.0,2.006468214321655,0.3499999999978485,2.006393119101319,21.0,0.6003114174458872,1.9047619047619047,0.6003338858832707,21.0,12.006677717665415,1.9047619047619047,1,False,2,-1.0,False,False,1.053395812518869,False,True,False
B2,12.0,1,70.10000000000029,11,1.5,2.000000000000341,0.8999999999999488,1.8382160768231106,False,True,1.930126880664266,0.2361380911109321,21.0,1.918864532100426,0.04999999999786553,1.8957359866118173,20.0,0.5955630248685484,1.9,0.5741229254553062,21.0,11.482458509106124,1.9047619047619047,1,False,2,0.0,True,False,1.0074038793527238,True,False,False
B2,12.0,1,76.59999999999981,14,0.6000000000005343,0.6000000000005343,2.9999999999993747,1.077856093398263,False,False,1.1291825740362755,0.084850021643177,22.0,1.8666955038143456,0.3999999999979593,1.8632052380492972,21.0,0.5574697036176852,1.9047619047619047,0.5585139886925949,21.0,11.170279773851899,1.9047619047619047,0,False,2,-1.0,False,True,0.9800151395025315,True,False,False
B2,12.0,1,82.8999999999998,23,1.5,1.7000000000000028,4.799999999999514,1.0285432530320555,False,True,1.0752952190789673,0.0394834278082373,23.0,1.8478703801586096,0.39999999999760405,1.8422775193213032,22.0,0.5261532291430395,1.9090909090909092,0.5277505464629515,22.0,10.55501092925903,1.9090909090909092,0,False,2,-1.0,False,True,0.967932103892605,False,False,True
B2,12.0,1,89.59999999999964,21,1.3000000000001677,1.3000000000001677,4.9999999999998295,1.0015397267645023,False,False,1.0470642597992523,0.0290246853975127,23.0,1.9399196201176272,0.29999999999739657,1.9399196201176272,22.0,0.5540397479196582,1.9090909090909092,0.5540397479196582,22.0,11.080794958393163,1.9090909090909092,0,False,2,-1.0,False,True,1.0161483724425666,True,False,False
B2,12.0,1,94.09999999999891,9,1.5,2.4999999999998863,3.1999999999991076,1.024159954779157,False,True,1.0707126799963913,0.0359025126644538,23.0,1.9329383220045,0.29999999999786553,1.9329383220045,22.0,0.5520458938410471,1.9090909090909092,0.5520458938410471,22.0,11.040917876820942,1.9090909090909092,0,False,2,-1.0,False,True,1.012491502002357,True,False,False
B2,12.0,1,96.5999999999988,8,1.0000000000008384,1.0000000000008384,2.4999999999998863,1.1407583273362047,False,False,1.1950801524474526,0.0677451722673933,22.0,2.166136699970429,0.2999999999978371,2.166136699970429,21.0,0.6481065850760324,1.9047619047619047,0.6481065850760324,21.0,12.962131701520647,1.9047619047619047,0,False,2,-1.0,False,True,1.1372217674844753,False,True,False
B2,12.0,1,99.99999999999837,7,0.6,0.20000000000067075,2.3999999999987267,1.103417205656016,True,False,1.1559608821158265,0.0941379849164878,22.0,2.0413717112072294,0.2999999999980787,2.0413717112072294,21.0,0.6107769877309197,1.9047619047619047,0.6107769877309197,21.0,12.215539754618394,1.9047619047619047,1,False,3,-1.0,True,False,1.0717201483837955,False,True,False
B2,12.0,1,100.19999999999904,11,1.5,1.8999999999998778,0.20000000000067075,1.082760533596934,False,True,1.1343205590063117,0.0840106635963106,22.0,2.0413717112072294,0.09999999999740794,2.0413717112072294,21.0,0.6107769877309197,1.9047619047619047,0.6107769877309197,21.0,12.215539754618394,1.9047619047619047,1,False,3,-1.0,True,False,1.0717201483837955,False,True,False
B2,12.0,1,103.69999999999928,21,0.8999999999995225,0.8999999999995225,1.6000000000003638,1.2383806589096698,False,False,1.300299691855153,0.1060311460113092,21.0,1.8460317093064216,0.24999999999695888,1.8460317093064216,20.0,0.5799479656250863,1.9,0.5799479656250863,20.0,11.598959312501727,1.9,0,False,2,-1.0,False,True,0.971595636477064,False,False,True
B2,12.0,1,106.49999999999812,4,1.5,1.5000000000002416,1.8999999999993236,1.0642232228260815,False,True,1.1174343839673857,0.0846400869775738,21.0,2.02999646901669,0.2999999999979508,2.02999646901669,20.0,0.6377421993876053,1.9,0.6377421993876053,20.0,12.754843987752107,1.9,0,False,2,-1.0,False,True,1.0684191942193106,False,True,False
B2,12.0,1,114.499999999998,7,0.6999999999997186,0.6999999999997186,2.799999999998718,1.0467973561109105,False,False,1.0943790541159517,0.0704340690970164,23.0,2.0448597143720044,0.29999999999762395,,,,,0.5586188048950271,23.0,11.172376097900543,1.9130434782608696,1,False,2,0.0,True,False,1.0689039416035477,False,True,False
B2,12.0,1,115.19999999999771,22,1.5,7.300000000000281,0.6999999999995907,1.9030858307297454,False,True,1.989589732126552,0.2694238334866015,23.0,1.9839751667824608,0.04999999999787974,1.8248657278699996,22.0,0.5211804331331074,1.9090909090909092,0.541986244249423,23.0,10.83972488498846,1.9130434782608696,2,False,2,0.0,True,False,1.0370779280908318,False,True,False
B2,12.0,1,133.69999999999737,7,1.5,8.0,10.499999999999659,0.9973860418542971,False,True,1.0407506523697014,0.0280347089514023,24.0,1.967057783385617,0.2999999999988461,1.9668986525832108,23.0,0.5373212484618328,1.9130434782608696,0.5373647201279024,23.0,10.747294402558047,1.9130434782608696,0,False,2,-1.0,False,True,1.028234750406118,False,True,False
B2,12.0,2,38.70000000000028,20,1.5,1.6000000000000227,22.300000000000296,0.9615798727210577,False,True,1.0033876932741472,0.0023549436427975,24.0,1.9109838066654103,0.34999999999963904,1.9109697668482704,23.0,0.5220424852837153,1.9130434782608696,0.5220463207086183,23.0,10.440926414172367,1.9130434782608696,0,False,2,-1.0,False,True,0.9989233534841917,True,False,False
B2,12.0,2,40.3000000000003,25,1.5,6.399999999999977,1.6000000000000227,1.5094718681257433,False,True,1.5780842257678225,0.1287189202319006,23.0,1.838554484064394,0.3999999999995296,1.8363198452575495,22.0,0.5244517214092967,1.9090909090909092,0.5250899327601157,22.0,10.501798655202315,1.9090909090909092,0,False,2,-1.0,False,True,0.9630523487956348,False,False,True
B2,12.0,2,49.30000000000043,23,0.9000000000000128,0.9000000000000128,1.000000000000128,1.0404173716595537,False,False,1.0856529095577951,0.1299297274104598,24.0,1.9149933107381685,0.2999999999988887,1.9149933107381685,23.0,0.5231416449294457,1.9130434782608696,0.5231416449294457,23.0,10.462832898588914,1.9130434782608696,0,False,2,-1.0,False,True,1.0010192306131336,True,False,False
B2,12.0,2,50.20000000000044,14,1.5,4.300000000000054,0.9000000000000128,1.6555745103390103,False,True,1.7308278971726014,0.1682626200962644,23.0,1.9139048038055309,0.29999999999882476,1.9139048038055309,22.0,0.546609933755061,1.9090909090909092,0.546609933755061,22.0,10.932198675101219,1.9090909090909092,1,False,2,-1.0,False,False,1.002521563898135,True,False,False
B2,12.0,2,54.5000000000005,12,1.5,2.799999999999933,4.300000000000054,1.0204606500591609,False,True,1.0690540143476923,0.0290230670517376,22.0,1.989356755835624,0.29999999999852633,1.989356755835624,21.0,0.5952141494764209,1.9047619047619047,0.5952141494764209,21.0,11.904282989528419,1.9047619047619047,0,False,2,-1.0,False,True,1.0444122968137026,False,True,False
B2,12.0,2,58.10000000000056,18,0.6,0.09999999999988063,0.8000000000001322,1.1053831873980422,True,False,1.1580204820360442,0.1572036081903637,22.0,2.07481957041133,0.39999999999825064,,,,,0.5925670836298695,22.0,11.85134167259739,1.9090909090909092,2,False,2,0.0,True,False,1.0868102511678395,False,True,False
B2,12.0,2,59.00000000000057,7,1.5,3.0999999999999304,0.8000000000001251,1.9014825818846626,False,True,1.992029371498218,0.2775992794345615,22.0,1.992029371498218,0.049999999998213696,1.9554581120448908,21.0,0.5850716989716949,1.9047619047619047,0.5689222581121722,22.0,11.378445162243445,1.9090909090909092,2,False,2,0.0,True,False,1.0434439564990665,False,True,False
B2,12.0,2,62.1000000000005,23,0.6,0.3999999999999986,3.0999999999999304,1.111259233207371,True,False,1.1668221948677395,0.0734018626055354,21.0,1.9510767601720989,0.49999999999808153,1.8596114160213444,20.0,0.5842141563104368,1.9,0.5837608015568039,21.0,11.675216031136078,1.9047619047619047,1,False,2,0.0,True,False,1.024315299090352,False,True,False
B2,12.0,2,65.30000000000057,17,0.7999999999999972,0.7999999999999972,2.800000000000068,1.1201211616895264,False,False,1.1761272197740027,0.0781231256079732,21.0,1.881272173561108,0.39999999999784563,1.8762771669642575,20.0,0.5894498563833181,1.9,0.5910190839862479,20.0,11.820381679724958,1.9,0,False,2,-1.0,False,True,0.9901432492426885,True,False,False
B2,12.0,2,66.3000000000004,12,0.6,0.29999999999998295,0.1999999999998323,1.0303526942160957,True,False,1.0818703289269005,0.0480610308161175,21.0,1.9541136808771304,0.599999999997948,1.9331521655914885,20.0,0.6073176641693419,1.9,0.6462135983287265,19.0,12.92427196657453,1.894736842105263,3,True,3,-2.0,True,False,1.0313377760184856,False,True,False
B2,12.0,2,66.60000000000038,20,0.6,0.4000000000001904,0.29999999999998295,1.836494557311914,True,False,1.9331521655914885,0.2204946557872595,20.0,2.051156867672477,0.49999999999795364,1.9541136808771304,19.0,0.6462135983287265,1.894736842105263,0.6443899346840105,20.0,12.88779869368021,1.9,3,False,2,0.0,True,False,1.0795562461434092,False,True,False
B2,12.0,2,70.50000000000048,23,1.5,2.8000000000000824,0.39999999999997726,1.1565593277257282,False,True,1.2143872941120146,0.1936047043375037,21.0,1.3406829562829756,1.2499999999975842,1.1490639145160897,20.0,0.3609890752348876,1.9,0.4211879726251641,20.0,8.423759452503282,1.9,1,False,2,-1.0,False,False,0.7056226085699872,False,False,True
B2,12.0,2,77.99999999999994,7,0.6,0.50000000000054,3.399999999999565,1.0349111907302933,True,False,1.0819526084907611,0.0422514817640343,23.0,2.010549118058209,0.5999999999977348,1.9412947930112536,22.0,0.5544324963796612,1.9090909090909092,0.5492457686063572,23.0,10.984915372127144,1.9130434782608696,1,True,2,0.0,True,False,1.050968857166791,False,True,False
B2,12.0,2,80.39999999999971,11,1.5,5.600000000000236,1.899999999999224,1.2245181031437418,False,True,1.2801780169230026,0.1264896978195558,23.0,1.930163229511752,0.3499999999978485,1.924793245204259,22.0,0.5497196653466325,1.9090909090909092,0.5512533292784791,22.0,11.025066585569583,1.9090909090909092,0,False,2,-1.0,False,True,1.0110378821252033,True,False,False
B2,12.0,2,95.19999999999888,19,1.0000000000003837,1.0000000000003837,6.799999999999173,0.9772155445896632,False,False,1.0197031769631268,0.011075597710948,24.0,1.925054536455405,0.2999999999978371,1.925054536455405,23.0,0.5258901903902613,1.9130434782608696,0.5258901903902613,23.0,10.517803807805226,1.9130434782608696,0,False,2,-1.0,False,True,1.006278507692598,True,False,False
B2,12.0,2,96.19999999999926,11,1.5,5.19999999999925,1.0000000000003837,1.7280633568123458,False,True,1.8066116912129069,0.1731369098861284,23.0,1.8592184278158197,0.34999999999739373,1.857939607485118,22.0,0.5306263110626137,1.9090909090909092,0.5309915412949948,22.0,10.619830825899896,1.9090909090909092,0,False,2,-1.0,False,True,0.973876319332096,False,False,True
B2,12.0,2,101.39999999999851,13,1.5,1.8000000000003666,5.19999999999925,1.0026773861079787,False,True,1.0504239283035968,0.0238857022764373,22.0,1.901370155058615,0.2999999999978513,1.901370155058615,21.0,0.5688886200844792,1.9047619047619047,0.5688886200844792,21.0,11.377772401689583,1.9047619047619047,0,False,2,-1.0,False,True,0.998219331405773,True,False,False
B2,12.0,2,112.69999999999789,24,1.3999999999997925,1.3999999999997925,3.299999999999372,1.0003272129739453,False,False,1.0438197004945515,0.0381998348312813,24.0,1.910723452013872,0.2999999999978371,1.910723452013872,23.0,0.5219751965120443,1.9130434782608696,0.5219751965120443,23.0,10.439503930240885,1.9130434782608696,0,False,2,-1.0,False,True,0.9987872590072513,True,False,False
B2,12.0,2,114.09999999999768,14,1.1999999999999176,1.1999999999999176,1.3999999999997925,1.5542493887710704,False,False,1.6248970882606646,0.1389155594356471,23.0,1.7961442370382328,0.49999999999796785,1.7833044758335037,22.0,0.5093105673083937,1.9090909090909092,0.5129775945333597,22.0,10.259551890667193,1.9090909090909092,0,False,2,-1.0,False,True,0.9408374574962172,False,False,True
B2,12.0,2,115.2999999999976,25,0.6,0.20000000000013074,1.1999999999999176,1.604360966431426,True,False,1.6807591076900654,0.1590861524960557,22.0,2.023097747378621,0.299999999997965,2.023097747378621,21.0,0.6053094305389273,1.9047619047619047,0.6053094305389273,21.0,12.106188610778545,1.9047619047619047,1,False,3,-1.0,True,False,1.062126317373776,False,True,False
B2,12.0,2,115.49999999999773,16,0.999999999999929,0.999999999999929,0.20000000000013074,1.520697338007485,False,False,1.5931114969602225,0.1393923497736518,22.0,2.023097747378621,0.09999999999783427,2.023097747378621,21.0,0.6053094305389273,1.9047619047619047,0.6053094305389273,21.0,12.106188610778545,1.9047619047619047,1,False,3,-1.0,True,False,1.062126317373776,False,True,False
B2,12.0,2,116.49999999999766,6,1.5,2.5000000000004263,0.999999999999929,1.7110276790978898,False,True,1.8010817674714628,0.2544779024602631,20.0,1.7907123423235256,0.04999999999786553,1.661976007498719,19.0,0.5496054332211022,1.894736842105263,0.5625688739336159,20.0,11.251377478672318,1.9,1,False,2,0.0,True,False,0.9424801801702767,False,False,True
B2,12.0,2,118.99999999999808,7,1.5,1.699999999999804,2.5000000000004263,1.0468727840074517,False,True,1.1050323831189768,0.0629520365394942,19.0,1.9348888317104784,0.2999999999972829,1.9348888317104784,18.0,0.6754036154682863,1.8888888888888888,0.6754036154682863,18.0,13.508072309365726,1.8888888888888888,0,False,2,-1.0,False,True,1.0243529109055474,False,True,False
B2,12.0,2,122.89999999999765,12,0.6,0.39999999999994884,0.7999999999999687,1.1138825352514947,True,False,1.1725079318436786,0.1734177381892819,20.0,1.5283561325070834,0.599999999997479,1.396497630653738,19.0,0.4618133365491932,1.894736842105263,0.4801472397953161,20.0,9.602944795906321,1.9,2,True,2,0.0,True,False,0.8043979644774123,False,False,True
B2,12.0,2,124.99999999999716,2,1.5,2.0000000000009237,0.4999999999995026,1.307087179080234,False,True,1.3693294257031023,0.2255432954227596,22.0,1.989148232719998,0.3499999999978627,1.972171223461831,21.0,0.5900722502141793,1.9047619047619047,0.5951517595061206,21.0,11.903035190122413,1.9047619047619047,1,False,2,-1.0,False,False,1.044302822177999,False,True,False
B2,12.0,2,129.1999999999974,24,1.5,1.7000000000002444,2.1999999999993207,1.1088467243522044,False,True,1.161648949321357,0.1076668559641079,22.0,2.061366509808148,0.24999999999781153,2.061366509808148,21.0,0.6167594174827915,1.9047619047619047,0.6167594174827915,21.0,12.33518834965583,1.9047619047619047,0,False,2,-1.0,False,True,1.0822174176492778,False,True,False
B2,12.0,2,134.79999999999663,5,1.5,2.400000000000773,1.7999999999994714,1.0933254918937139,False,True,1.14302210516161,0.0996900877177806,23.0,1.9298793202008413,0.29999999999984084,1.929566741120161,22.0,0.5510829725922086,1.9090909090909092,0.5511722449688934,22.0,11.023444899377868,1.9090909090909092,0,False,2,-1.0,False,True,1.0108891677242502,True,False,False
B2,12.0,2,147.89999999999588,9,1.5,inf,5.099999999999255,0.9996456612757719,False,True,1.043108516113849,0.0350534333419663,24.0,1.860556076128199,0.35000000000357545,1.856006678560477,23.0,0.5070275605547119,1.9130434782608696,0.5082703739440175,23.0,10.16540747888035,1.9130434782608696,0,False,2,-1.0,False,True,0.9725634034306494,False,False,True
B2,12.0,3,25.60000000000012,25,1.5,2.300000000000008,3.500000000000149,1.0631935634457161,False,True,1.1094193705520516,0.0695635635429848,24.0,2.095922458956851,0.20000000000011298,2.095922458956851,23.0,0.5725682260480607,1.9130434782608696,0.5725682260480607,23.0,11.451364520961214,1.9130434782608696,0,False,2,-1.0,False,True,1.095595830818354,False,True,False
B2,12.0,3,27.900000000000126,14,1.5,1.8000000000000256,2.300000000000008,1.304737199401541,False,True,1.3640434357379747,0.1206808542878036,23.0,1.7353426808580397,0.20000000000013785,1.7353426808580397,22.0,0.4956127106949486,1.9090909090909092,0.4956127106949486,22.0,9.912254213898972,1.9090909090909092,0,False,2,-1.0,False,True,0.9089890233065921,False,False,True
B2,12.0,3,29.700000000000152,15,1.5,3.89999999999997,1.8000000000000256,1.2452406844743196,False,True,1.3045378599254775,0.0938179367953958,22.0,2.1608286620013035,0.20000000000013785,2.1608286620013035,21.0,0.6465184238294817,1.9047619047619047,0.6465184238294817,21.0,12.930368476589633,1.9047619047619047,0,False,2,-1.0,False,True,1.1344350475506844,False,True,False
B2,12.0,3,36.80000000000025,7,0.8999999999998991,0.8999999999998991,0.9000000000001265,1.0622526995480792,False,False,1.110536913163901,0.1498220794607862,23.0,2.071828905773529,0.2999999999997769,2.071828905773529,22.0,0.5917129518066453,1.9090909090909092,0.5917129518066453,22.0,11.834259036132906,1.9090909090909092,1,False,2,-1.0,False,False,1.085243712548039,False,True,False
B2,12.0,3,41.60000000000035,17,1.5,3.1999999999999034,3.9000000000001975,1.0646376644612698,False,True,1.1130302855731458,0.0750488722003714,23.0,1.6348038999273504,0.5999999999993904,1.6109919736949885,22.0,0.4600982317774815,1.9090909090909092,0.4668989020065188,22.0,9.337978040130375,1.9090909090909092,0,False,2,-1.0,False,True,0.8563258523428978,False,False,True
B2,12.0,3,45.50000000000038,22,1.0000000000000142,1.0000000000000142,0.7000000000001236,1.0403754617179732,False,False,1.0876652554324266,0.1449992713552559,23.0,1.9868793453891156,0.2999999999991587,1.9868793453891156,22.0,0.5674514140948856,1.9090909090909092,0.5674514140948856,22.0,11.349028281897713,1.9090909090909092,1,False,2,-1.0,False,False,1.040746323775251,False,True,False
B2,12.0,3,46.50000000000039,6,1.5,1.6999999999999105,1.0000000000000142,1.783925562118143,False,True,1.8688743984094829,0.2097578897508093,22.0,1.85239535941996,0.049999999999101874,1.6867900134994676,21.0,0.5046863918627196,1.9047619047619047,0.529042877517961,22.0,10.58085755035922,1.9090909090909092,0,False,2,0.0,True,True,0.970302331124741,False,False,True
B2,12.0,3,48.2000000000003,7,1.4000000000000483,1.4000000000000483,1.6999999999999105,1.323219659973507,False,False,1.3893806429721824,0.1185617490262201,21.0,2.275800582082339,0.29999999999908056,2.275800582082339,20.0,0.7149638389705251,1.9,0.7149638389705251,20.0,14.299276779410501,1.9,0,False,2,-1.0,False,True,1.1977897800433364,False,True,False
B2,12.0,3,51.40000000000046,23,1.5,2.099999999999916,1.8000000000001108,1.1454078003597754,False,True,1.2026781903777644,0.1147415484630024,21.0,1.9540621309713968,0.2999999999987395,1.9540621309713968,20.0,0.6138867235317758,1.9,0.6138867235317758,20.0,12.277734470635515,1.9,0,False,2,-1.0,False,True,1.0284537531428404,False,True,False
B2,12.0,3,64.20000000000051,22,1.0000000000000568,1.0000000000000568,4.800000000000054,1.0357912398832003,False,False,1.0808256416172526,0.0279140432947246,24.0,1.912393139319736,0.34999999999796216,1.9110245980994145,23.0,0.5220574641929137,1.9130434782608696,0.5224313249793395,23.0,10.44862649958679,1.9130434782608696,0,False,2,-1.0,False,True,0.9996600500989529,True,False,False
B2,12.0,3,65.20000000000057,2,1.5,3.399999999999693,1.0000000000000568,1.7265835729154912,False,True,1.80506464441165,0.1730042254542996,23.0,1.81479412220415,0.39999999999784563,1.8109848533885864,22.0,0.5172160646516337,1.9090909090909092,0.5183039892813177,22.0,10.366079785626354,1.9090909090909092,0,False,2,-1.0,False,True,0.9506064449640785,False,False,True
B2,12.0,3,68.60000000000026,15,0.6,0.100000000000108,3.399999999999693,1.0740948665679115,True,False,1.1252422411663836,0.0482289294363898,22.0,1.8490006523214688,0.34999999999796216,1.8481139265155424,21.0,0.5529543937655443,1.9047619047619047,0.5532197015062725,21.0,11.06439403012545,1.9047619047619047,2,False,3,-1.0,True,False,0.9707253424687712,False,False,True
B2,12.0,3,68.70000000000037,8,1.5,3.500000000000142,0.100000000000108,1.0766059099849086,False,True,1.127872858079428,0.0472192177379931,22.0,1.8490006523214688,0.24999999999785416,1.8481139265155424,21.0,0.5529543937655443,1.9047619047619047,0.5532197015062725,21.0,11.06439403012545,1.9047619047619047,1,False,3,-1.0,True,False,0.9707253424687712,False,False,True
B2,12.0,3,68.70000000000037,21,1.5,3.500000000000142,0.100000000000108,1.0766059099849086,False,True,1.127872858079428,0.0472192177379931,22.0,1.8490006523214688,0.24999999999785416,1.8481139265155424,21.0,0.5529543937655443,1.9047619047619047,0.5532197015062725,21.0,11.06439403012545,1.9047619047619047,1,False,3,-1.0,True,False,0.9707253424687712,False,False,True
B2,12.0,3,75.99999999999984,23,0.6000000000004206,0.6000000000004206,2.7999999999992724,0.9951170693974095,False,False,1.04487292286728,0.0515369181195994,21.0,1.8035287243455012,0.4499999999979565,1.8019371484679088,20.0,0.5660952507857324,1.9,0.5665952590941998,20.0,11.331905181883997,1.9,0,False,2,-1.0,False,True,0.9492256443923691,False,False,True
B2,12.0,3,77.99999999999962,7,1.5,6.000000000000227,1.299999999999244,1.1316144010617322,False,True,1.183051419291811,0.1554006208007938,23.0,1.66503588843942,0.7999999999980503,1.5896229732738314,22.0,0.453995259528603,1.9090909090909092,0.4755331377349669,22.0,9.510662754699338,1.9090909090909092,0,False,2,-1.0,False,True,0.87216165584922,False,False,True
B2,12.0,3,85.7999999999994,19,0.6,0.200000000000216,1.7999999999995566,1.0311406040831366,True,False,1.078010631541461,0.1029203985686001,23.0,1.9922855743472625,0.3499999999978485,,,,,0.5442564977584592,23.0,10.885129955169184,1.9130434782608696,1,False,1,0.0,True,False,1.0414220047724327,False,True,False
B2,12.0,3,89.09999999999921,12,1.5,3.6999999999997897,3.0999999999995964,1.0385427020925138,False,True,1.0857491885512645,0.0439525310028454,23.0,1.923267221501706,0.3499999999978485,1.921183391413726,22.0,0.5486886935149169,1.9090909090909092,0.5492838339963466,22.0,10.985676679926932,1.9090909090909092,0,False,2,-1.0,False,True,1.0074256874532745,True,False,False
B2,12.0,3,92.799999999999,10,1.000000000000398,1.000000000000398,3.6999999999997897,1.0268094808412056,False,False,1.0757051704050726,0.0358634746988741,22.0,1.9994762777809585,0.2999999999978371,1.9994762777809585,21.0,0.5982419033622595,1.9047619047619047,0.5982419033622595,21.0,11.96483806724519,1.9047619047619047,0,False,2,-1.0,False,True,1.0497250458350034,False,True,False
B2,12.0,3,96.0999999999988,18,1.000000000000398,1.000000000000398,2.2999999999994003,1.11359676041051,False,False,1.1666251775729153,0.1119953454561422,22.0,1.6216589906662766,0.74999999999784,1.5785876800875218,21.0,0.472312329410506,1.9047619047619047,0.4851992354004775,21.0,9.70398470800955,1.9047619047619047,0,False,2,-1.0,False,True,0.8513709700997952,False,False,True
B2,12.0,3,99.59999999999896,15,1.2000000000000455,1.2000000000000455,2.4999999999997584,1.0575459088533015,False,False,1.1079052378463157,0.0985802232947982,22.0,1.6658500599628103,0.599999999997479,1.640945393562704,21.0,0.4909697136532003,1.9047619047619047,0.4984211724153602,21.0,9.968423448307204,1.9047619047619047,0,False,2,-1.0,False,True,0.8745712814804755,False,False,True
B2,12.0,3,107.39999999999864,12,0.6,0.20000000000031548,3.299999999999841,1.0306296591734523,True,False,1.0774764618631547,0.0399379639010258,23.0,1.9906555113546904,0.3499999999973795,,,,,0.5438111939391241,23.0,10.876223878782483,1.9130434782608696,2,False,1,0.0,True,False,1.0405699263899517,False,True,False
B2,12.0,3,107.99999999999814,5,1.100000000000378,1.100000000000378,0.39999999999918145,1.870901881329064,False,False,1.9559428759349304,0.2545242981247802,23.0,1.9457598936674516,0.04999999999786553,1.8708029872754692,22.0,0.5343000837398595,1.9090909090909092,0.5315465206604628,23.0,10.630930413209256,1.9130434782608696,2,False,2,0.0,True,False,1.0171017625988952,True,False,False
B2,12.0,3,109.09999999999852,18,1.5,2.3999999999993236,1.100000000000378,1.6296180008444041,False,True,1.7072188580274712,0.2115354399256317,22.0,2.0234050928779763,0.34999999999740794,2.022918791904352,21.0,0.6052558871862335,1.9047619047619047,0.6054013880972975,21.0,12.10802776194595,1.9047619047619047,0,False,2,-1.0,False,True,1.0622876737609377,False,True,False
B2,12.0,3,111.49999999999784,6,1.5,2.0999999999998806,2.3999999999993236,1.2538520826563337,False,True,1.3165446867891504,0.09642596512493,21.0,1.8232246736697475,0.299999999997965,1.8232246736697475,20.0,0.5727829240644526,1.9,0.5727829240644526,20.0,11.455658481289053,1.9,0,False,2,-1.0,False,True,0.9595919335103935,False,False,True
B2,12.0,3,113.59999999999772,9,1.5,1.8000000000009209,2.0999999999998806,1.196688692999739,False,True,1.259672308420778,0.0830917824829935,20.0,1.8702750261983496,0.3999999999979593,1.8673386011810544,19.0,0.6175176032878991,1.894736842105263,0.6184886613154941,19.0,12.369773226309881,1.894736842105263,0,False,2,-1.0,False,True,0.9870895971602401,True,False,False
B2,12.0,3,119.39999999999829,15,0.6,0.09999999999955378,2.29999999999977,1.0434847466328958,True,False,1.0931744964725576,0.0757162413433382,22.0,2.049794740820673,0.3999999999970498,,,,,0.5854200090117474,22.0,11.708400180234948,1.9090909090909092,1,False,2,0.0,True,False,1.073702007096543,False,True,False
B2,12.0,3,129.89999999999725,23,1.5,2.299999999999528,2.4999999999989626,1.0294504209775022,False,True,1.0742091349330458,0.0628087621755072,24.0,1.9964404394032915,0.24999999999809575,1.9964404394032915,23.0,0.5453915319790399,1.9130434782608696,0.5453915319790399,23.0,10.907830639580798,1.9130434782608696,0,False,2,-1.0,False,True,1.0435938660517206,False,True,False
B2,12.0,3,132.19999999999678,20,0.6,0.4000000000003183,2.299999999999528,1.2342347788100063,True,False,1.2903363596650066,0.0904754631112216,23.0,2.1697708255868715,0.5999999999991701,2.1541909969726465,22.0,0.6152355100471398,1.9090909090909092,0.6196850986942888,22.0,12.393701973885776,1.9090909090909092,1,True,2,-1.0,False,False,1.1365466229264565,False,True,False
B2,12.0,3,132.5999999999971,22,0.6,0.3999999999996646,0.4000000000003183,2.057905266243159,True,False,2.155900755111881,0.2589559769688719,22.0,2.9886453412487013,0.24999999999886313,2.9886453412487013,21.0,0.8942005950716458,1.9047619047619047,0.8942005950716458,21.0,17.884011901432917,1.9047619047619047,2,False,2,-1.0,False,False,1.5690388041555683,False,True,False
B2,12.0,3,132.99999999999676,16,1.5,4.900000000000489,0.3999999999996646,2.829760001435779,False,True,2.9712480015075675,0.443384085202208,21.0,2.9618205461677416,0.04999999999924398,2.7634037937696285,20.0,0.8681489057408829,1.9,0.8861746351516082,21.0,17.723492703032164,1.9047619047619047,2,False,2,0.0,True,False,1.5549557867380643,False,True,False
B2,12.0,3,140.99999999999673,21,0.6,0.0999999999994543,0.3999999999996362,1.1035865334048047,True,False,1.1537495576504777,0.2226148742597126,23.0,2.04597284064182,0.45000000000118234,2.041603962253663,22.0,0.5830807281232655,1.9090909090909092,0.5843284768731438,22.0,11.686569537462876,1.9090909090909092,4,False,3,-1.0,True,False,1.0717000593838104,False,True,False
B2,12.0,3,141.0999999999962,25,1.5,7.900000000000546,0.09999999999942588,1.1379434814612994,False,True,1.1874192850030951,0.2943015699756444,24.0,2.04597284064182,0.35000000000172804,1.13386744768774,23.0,0.3097521429391663,1.9130434782608696,0.5843284768731438,22.0,11.686569537462876,1.9090909090909092,4,False,3,-2.0,True,False,1.0717000593838104,False,True,False
B2,12.0,3,150.39999999999574,11,1.5,inf,1.2999999999995566,1.0856965608978066,False,True,1.1329007591977112,0.164339300097573,24.0,2.1335390323939927,0.2000000000042519,2.1335390323939927,23.0,0.5828443956796558,1.9130434782608696,0.5828443956796558,23.0,11.656887913593117,1.9130434782608696,0,False,2,-1.0,False,True,1.1152590396604962,False,True,False
B2,12.0,4,21.400000000000038,19,1.5,8.0,4.300000000000054,0.9846635786369399,False,True,1.0274750385776763,0.0223286928312231,24.0,1.9638740985898813,0.20000000000013074,1.9638740985898813,23.0,0.5364949948439346,1.9130434782608696,0.5364949948439346,23.0,10.729899896878692,1.9130434782608696,0,False,2,-1.0,False,True,1.0265705515356198,False,True,False
B2,12.0,4,45.10000000000037,6,1.5,8.0,15.700000000000333,0.9604778023925342,False,True,1.0022377068443835,0.0015330679975728,24.0,1.920700064800563,0.29999999999918714,1.920700064800563,23.0,0.5247006272458163,1.9130434782608696,0.5247006272458163,23.0,10.494012544916327,1.9130434782608696,0,False,2,-1.0,False,True,1.0040023066002943,True,False,False
B2,12.0,4,54.4000000000005,11,1.5,7.0000000000000995,1.3000000000001322,1.010948352585525,False,True,1.0549026287848955,0.101711929065376,24.0,2.0121588987366605,0.29999999999852633,2.0121588987366605,23.0,0.549685531663167,1.9130434782608696,0.549685531663167,23.0,10.99371063326334,1.9130434782608696,0,False,2,-1.0,False,True,1.051810333430527,False,True,False
B2,12.0,4,61.4000000000006,14,0.9999999999999005,0.9999999999999005,7.0000000000000995,0.988261373978606,False,False,1.0331823455230882,0.0124904160521852,23.0,1.94519372772936,0.29999999999802895,1.94519372772936,22.0,0.5555460295312273,1.9090909090909092,0.5555460295312273,22.0,11.110920590624547,1.9090909090909092,0,False,2,-1.0,False,True,1.0189110002391886,True,False,False
B2,12.0,4,63.20000000000063,17,1.5,3.3999999999998636,0.8000000000001251,1.4854050361333335,False,True,1.552923446866667,0.1794857551120775,23.0,1.9555665139351237,0.44999999999789253,1.951716624661617,22.0,0.5574089645387277,1.9090909090909092,0.5585084903440714,22.0,11.170169806881427,1.9090909090909092,1,False,2,-1.0,False,False,1.0243443644422077,False,True,False
B2,12.0,4,66.60000000000049,5,1.5,2.800000000000111,3.3999999999998636,1.0912065504306752,False,True,1.14316876711785,0.0642020024508709,22.0,1.8975880697485483,0.2999999999978513,1.8975880697485483,21.0,0.5677570228058739,1.9047619047619047,0.5677570228058739,21.0,11.355140456117478,1.9047619047619047,0,False,2,-1.0,False,True,0.996233736617988,True,False,False
B2,12.0,4,71.00000000000024,13,0.6,0.20000000000038654,1.599999999999639,1.045443270540599,True,False,1.0952262834234847,0.1083303839488706,22.0,1.7374263666857577,0.5999999999978343,,,,,0.4962078099757439,22.0,9.924156199514877,1.9090909090909092,1,True,1,0.0,True,False,0.9100804777877778,False,False,True
B2,12.0,4,74.70000000000003,21,1.5,1.9999999999998863,0.09999999999953957,1.0934957847958149,False,True,1.14320013865017,0.1547007326787588,23.0,2.04014621323144,0.2999999999978513,2.04014621323144,22.0,0.5826643959760842,1.9090909090909092,0.5826643959760842,22.0,11.653287919521684,1.9090909090909092,1,False,2,-1.0,False,False,1.0686480164545638,False,True,False
B2,12.0,4,76.69999999999992,12,1.5,2.300000000000324,1.9999999999998863,1.3584687667617539,False,True,1.4231577556551709,0.1378630438583116,22.0,1.8917556976033385,0.24999999999785416,1.8917556976033385,21.0,0.5660119811406936,1.9047619047619047,0.5660119811406936,21.0,11.320239622813872,1.9047619047619047,0,False,2,-1.0,False,True,0.9931717412417528,True,False,False
B2,12.0,4,79.9,14,1.5,2.8000000000000256,0.8999999999997641,1.141061346545513,False,True,1.1953976011429184,0.1464567811053605,22.0,1.949737598445939,0.2999999999975813,1.949737598445939,21.0,0.5833601253052922,1.9047619047619047,0.5833601253052922,21.0,11.667202506105845,1.9047619047619047,1,False,2,-1.0,False,False,1.023612239184118,False,True,False
B2,12.0,4,91.89999999999894,11,1.5,8.0,3.999999999998934,1.0137250512444773,False,True,1.057800053472498,0.0318648252001573,24.0,1.8268945002884107,0.4499999999979565,1.8214572472553971,23.0,0.4975892788526472,1.9130434782608696,0.4990746383469275,23.0,9.98149276693855,1.9130434782608696,0,False,2,-1.0,False,True,0.9549675796962147,False,False,True
B2,12.0,4,106.29999999999824,24,0.6,0.29999999999998295,6.399999999999295,0.986325809371983,True,False,1.0292095402142432,0.0190176539877281,24.0,1.9283470336557136,0.2999999999978513,1.9283470336557136,23.0,0.5267896412612574,1.9130434782608696,0.5267896412612574,23.0,10.535792825225148,1.9130434782608696,1,False,3,-1.0,True,False,1.0079995857745776,True,False,False
B2,12.0,4,106.59999999999822,18,1.5,7.700000000000017,0.29999999999998295,1.844505858279378,False,True,1.9283470336557136,0.1987180094295166,23.0,1.9283470336557136,0.04999999999786553,1.883800836151527,22.0,0.538012260698177,1.9090909090909092,0.5267896412612574,23.0,10.535792825225148,1.9130434782608696,1,False,2,0.0,True,False,1.0079995857745776,True,False,False
B2,12.0,4,116.59999999999764,16,1.199999999999946,1.199999999999946,1.9999999999994174,1.0782900055650846,False,False,1.1251721797200882,0.066649823155405,24.0,1.8422575279094304,0.29999999999786553,1.8422575279094304,23.0,0.5032715404957182,1.9130434782608696,0.5032715404957182,23.0,10.065430809914364,1.9130434782608696,0,False,2,-1.0,False,True,0.962998253225384,False,False,True
B2,12.0,4,117.79999999999758,4,1.5,6.599999999999625,1.199999999999946,1.5673852521996268,False,True,1.6386300363905189,0.1402846587209914,23.0,1.8739665762460815,0.29999999999786553,1.8739665762460815,22.0,0.5352036026370461,1.9090909090909092,0.5352036026370461,22.0,10.704072052740923,1.9090909090909092,0,False,2,-1.0,False,True,0.9816015399384236,True,False,False
B2,12.0,4,124.3999999999972,8,0.6,0.20000000000042917,6.599999999999625,0.9970435716028724,True,False,1.0445218369172948,0.0226722107114893,22.0,1.9707063798963775,0.2999999999978513,,,,,0.5628324259513633,22.0,11.256648519027266,1.9090909090909092,1,False,1,0.0,True,False,1.032274770421912,False,True,False
B2,12.0,4,130.69999999999726,17,0.6999999999995623,0.6999999999995623,4.899999999999679,1.0062154730368678,False,False,1.0519525399930891,0.027758051331425,23.0,1.929674821959609,0.24999999999826628,1.929674821959609,22.0,0.5511138404077727,1.9090909090909092,0.5511138404077727,22.0,11.022276808155453,1.9090909090909092,0,False,2,-1.0,False,True,1.0107820495978903,True,False,False
B2,12.0,4,131.39999999999682,7,1.0000000000003695,1.0000000000003695,0.6999999999995623,1.794691579232687,False,False,1.880153083005672,0.1932046610992148,22.0,1.8687126153528075,0.04999999999881766,1.782140242184311,21.0,0.5332151135726635,1.9047619047619047,0.5337030749148135,22.0,10.67406149829627,1.9090909090909092,1,False,2,0.0,True,False,0.9788494651848039,False,False,True
B2,12.0,4,137.59999999999692,4,1.1000000000003354,1.1000000000003354,5.199999999999733,0.9915304788066457,False,False,1.0387462158926764,0.0214630834063015,22.0,1.883933527918884,0.25000000000017053,1.883933527918884,21.0,0.5636715934439493,1.9047619047619047,0.5636715934439493,21.0,11.273431868878987,1.9047619047619047,0,False,2,-1.0,False,True,0.9890651021574142,True,False,False
B2,12.0,4,139.09999999999724,17,0.6,0.29999999999958504,0.39999999999997726,1.5624942332544107,True,False,1.6368987205522396,0.2038440104056213,22.0,1.6136628588875863,1.4210854715202004e-13,1.4520778670254568,21.0,0.4344606818559535,1.9047619047619047,0.4608610348047222,22.0,9.217220696094444,1.9090909090909092,2,False,2,0.0,True,False,0.8452519737030214,False,False,True
B2,12.0,4,140.69999999999675,24,0.6,0.49999999999954525,1.299999999999926,1.1908185754791891,True,False,1.247524221930579,0.1385408382219763,22.0,1.9557669732036425,0.2500000000010516,1.9557669732036425,21.0,0.5851641100142961,1.9047619047619047,0.5851641100142961,21.0,11.703282200285923,1.9047619047619047,2,False,2,-1.0,False,False,1.0267776609319124,False,True,False
B2,12.0,4,141.1999999999963,3,0.6,0.0999999999999659,0.49999999999954525,1.859155314881626,True,False,1.9521130806257072,0.2506775873162631,21.0,2.797265599987328,0.3500000000016428,1.9249027243599055,20.0,0.6047260257724059,1.9,0.9250388483220666,19.0,18.500776966441332,1.894736842105263,2,False,3,-2.0,True,False,1.4763346222155345,False,True,False
B2,12.0,4,141.29999999999626,2,1.5,4.300000000000665,0.0999999999999659,1.8557429156679526,False,True,1.94853006145135,0.2505968069241429,21.0,2.797265599987328,0.2500000000016769,1.9249027243599055,20.0,0.6047260257724059,1.9,0.9250388483220666,19.0,18.500776966441332,1.894736842105263,2,False,3,-2.0,True,False,1.4763346222155345,False,True,False
B2,12.0,4,146.7999999999963,11,0.6,0.3000000000009493,1.1999999999993634,1.0560877355854599,True,False,1.1116713006162735,0.1206230691354386,20.0,1.95426927133704,0.35000000000292175,1.853772568371715,19.0,0.6130313981287223,1.894736842105263,0.6139517985968723,20.0,12.279035971937446,1.9,2,False,2,0.0,True,False,1.0285627743879158,False,True,False
B2,12.0,4,147.3999999999959,23,1.3000000000008356,1.3000000000008356,0.29999999999867555,1.845601481912843,False,False,1.942738402013519,0.3077522476380494,20.0,2.0118853404096977,0.20000000000339924,2.0118853404096977,19.0,0.6653183373995901,1.894736842105263,0.6653183373995901,19.0,13.306366747991802,1.894736842105263,2,False,2,-1.0,False,False,1.0618283741051182,False,True,False
B2,12.0,4,150.89999999999662,4,1.5,1.8999999999988688,1.6000000000003638,1.1681370594764173,False,True,1.2237626337371992,0.175231320260502,22.0,1.6809975981608252,1.0500000000036778,1.437067435977152,21.0,0.4299695713884706,1.9047619047619047,0.5029533052461082,21.0,10.059066104922163,1.9047619047619047,0,False,2,-1.0,False,True,0.8825237390344333,False,False,True
B2,12.0,4,152.7999999999955,6,0.6,0.100000000000108,1.8999999999988688,1.477842467227402,True,False,1.551734590588772,0.1403836957056116,21.0,2.0484337970871893,0.25000000000505906,2.0484337970871893,20.0,0.6435344568294159,1.9,0.6435344568294159,20.0,12.870689136588318,1.9,2,False,3,-1.0,True,False,1.0781230510985207,False,True,False
B2,12.0,4,152.8999999999956,9,0.6,0.3000000000004377,0.100000000000108,1.4534796922429194,True,False,1.5261536768550654,0.1357819602978553,21.0,2.0484337970871893,0.15000000000495106,2.0484337970871893,20.0,0.6435344568294159,1.9,0.6435344568294159,20.0,12.870689136588318,1.9,2,False,4,-1.0,True,False,1.0781230510985207,False,True,False
B2,12.0,4,153.19999999999604,16,1.5,1.6000000000002501,0.3000000000004377,1.857525153518282,False,True,1.9607209953804088,0.3154357581904751,19.0,1.9763156057277624,0.20000000000459295,1.871619095022756,18.0,0.6533183110268741,1.8888888888888888,0.6535556408557053,19.0,13.071112817114106,1.894736842105263,2,False,2,0.0,True,False,1.0430554585785414,False,True,False
B2,12.0,5,30.20000000000016,19,0.9000000000000092,0.9000000000000092,inf,0.9592497064634234,False,False,1.000956215440094,0.0006765532377081,24.0,1.9171166021374848,0.20000000000013785,1.9171166021374848,23.0,0.5237216898565347,1.9130434782608696,0.5237216898565347,23.0,10.474433797130693,1.9130434782608696,0,False,2,-1.0,False,True,1.0021291329355033,True,False,False
B2,12.0,5,31.10000000000017,9,1.5,4.300000000000065,0.9000000000000092,1.7520272657976892,False,True,1.831664868788493,0.1777204376600823,23.0,1.8354113276545607,0.2000000000001414,1.8354113276545607,22.0,0.5241922493886415,1.9090909090909092,0.5241922493886415,22.0,10.48384498777283,1.9090909090909092,1,False,2,-1.0,False,False,0.9614059335333413,False,False,True
B2,12.0,5,35.40000000000023,24,1.5,2.799999999999926,4.300000000000065,1.0059912528989203,False,True,1.0538955982750593,0.0265265046092063,22.0,1.8791565101225265,0.3999999999998707,1.8763679540406133,21.0,0.5614079790328859,1.9047619047619047,0.5622423130615584,21.0,11.244846261231167,1.9047619047619047,0,False,2,-1.0,False,True,0.9865571678143265,True,False,False
B2,12.0,5,45.90000000000038,5,1.5,3.999999999999943,2.500000000000149,1.0090534414854126,False,True,1.052925330245648,0.0508398102479003,24.0,1.963744285926257,0.2999999999991303,1.963744285926257,23.0,0.5364595323647707,1.9130434782608696,0.5364595323647707,23.0,10.729190647295415,1.9130434782608696,0,False,2,-1.0,False,True,1.0265026949159979,False,True,False
B2,12.0,5,49.900000000000325,19,1.5,4.000000000000057,3.999999999999943,1.029031799988945,False,True,1.0758059727157152,0.0320769810427452,23.0,1.879749950231833,0.29999999999895977,1.879749950231833,22.0,0.5368553303849186,1.9090909090909092,0.5368553303849186,22.0,10.737106607698372,1.9090909090909092,0,False,2,-1.0,False,True,0.9846309263119124,True,False,False
B2,12.0,5,57.50000000000055,18,0.6,0.3999999999997783,3.600000000000165,0.9945435288256262,True,False,1.0397500528631547,0.0303921227834781,23.0,1.9208907202401408,0.29999999999830607,1.9208907202401408,22.0,0.548605106823203,1.9090909090909092,0.548605106823203,22.0,10.97210213646406,1.9090909090909092,1,False,2,-1.0,False,False,1.0061808534591214,True,False,False
B2,12.0,5,78.3999999999998,18,1.5,1.6999999999996902,12.899999999999267,0.9683409326533243,False,True,1.0104427123339037,0.0090518169122209,24.0,1.9108476309303548,0.24999999999786837,1.9108476309303548,23.0,0.5220091199530663,1.9130434782608696,0.5220091199530663,23.0,10.440182399061326,1.9130434782608696,0,False,2,-1.0,False,True,0.9988521707135946,True,False,False
B2,12.0,5,80.0999999999995,19,0.7000000000001876,0.7000000000001876,1.6999999999996902,1.4233177096364,False,False,1.4880139691653274,0.1116248272238513,23.0,2.374508479768448,0.2999999999980787,2.374508479768448,22.0,0.6781580359933841,1.9090909090909092,0.6781580359933841,22.0,13.563160719867682,1.9090909090909092,0,False,2,-1.0,False,True,1.243790156069187,False,True,False
B2,12.0,5,80.79999999999968,15,1.5,5.299999999999699,0.7000000000001876,2.123443226203909,False,True,2.224559570308857,0.2699279040204732,22.0,2.175972369341724,0.04999999999786553,1.94956231918651,21.0,0.5833076818735066,1.9047619047619047,0.6214562554489396,22.0,12.429125108978791,1.9090909090909092,1,False,2,0.0,True,False,1.1397950506075698,False,True,False
B2,12.0,5,86.09999999999938,16,0.6,0.3000000000004235,5.299999999999699,1.0198045727345264,True,False,1.0707948013712527,0.0266306252642932,21.0,2.0229143761925257,0.39999999999784563,1.9280241229479784,20.0,0.6057066420597272,1.9,0.6052545660083446,21.0,12.105091320166892,1.9047619047619047,1,False,2,0.0,True,False,1.062030047501076,False,True,False
B2,12.0,5,92.09999999999904,12,1.5,2.000000000000341,3.2999999999993577,1.0333441744612346,False,True,1.0803143642094726,0.0685906191386772,23.0,1.970566488627732,0.2999999999978513,1.970566488627732,22.0,0.5627924730984653,1.9090909090909092,0.5627924730984653,22.0,11.255849461969305,1.9090909090909092,0,False,2,-1.0,False,True,1.0322014940430977,False,True,False
B2,12.0,5,99.19999999999864,17,0.9000000000004036,0.9000000000004036,5.099999999999255,1.0260383156074158,False,False,1.0726764208622983,0.042444130549467,23.0,1.87392756285131,0.3499999999978485,1.8736823147717876,22.0,0.5351224177498333,1.9090909090909092,0.5351924604375546,22.0,10.703849208751093,1.9090909090909092,0,False,2,-1.0,False,True,0.9815811043506861,True,False,False
B2,12.0,5,100.69999999999855,11,1.5,6.500000000000085,0.5999999999995111,1.5714043080678481,False,True,1.642831776616387,0.2179336607234287,23.0,1.7071027768136082,0.2999999999978513,1.7071027768136082,22.0,0.4875474129600334,1.9090909090909092,0.4875474129600334,22.0,9.750948259200667,1.9090909090909092,1,False,2,-1.0,False,False,0.8941966926166519,False,False,True
B2,12.0,5,112.69999999999789,13,1.5,3.1999999999997897,3.999999999999332,1.089229699494359,False,True,1.136587512515853,0.0514666828177302,24.0,1.9953820681032597,0.4499999999978286,1.989453309533585,23.0,0.5434827740774444,1.9130434782608696,0.5451024040224355,23.0,10.90204808044871,1.9130434782608696,0,False,2,-1.0,False,True,1.0430406265085221,False,True,False
B2,12.0,5,115.89999999999768,22,1.5,1.8999999999999062,3.1999999999997897,1.1687412675559536,False,True,1.221865870626679,0.0769626008035978,23.0,1.7982353906861035,0.29999999999786553,1.7982353906861035,22.0,0.5135748266186031,1.9090909090909092,0.5135748266186031,22.0,10.271496532372062,1.9090909090909092,0,False,2,-1.0,False,True,0.9419328236927208,False,False,True
B2,12.0,5,117.79999999999758,8,1.5,2.900000000000304,1.8999999999999062,1.2846872581786835,False,True,1.3458628419014778,0.0913126924060604,22.0,1.9060485156651288,0.4499999999978428,1.9031437886502356,21.0,0.5694192900141548,1.9047619047619047,0.5702883823046951,21.0,11.405767646093903,1.9047619047619047,0,False,2,-1.0,False,True,1.0006754707241927,True,False,False
B2,12.0,5,123.99999999999712,5,1.5,1.8000000000004661,0.09999999999944009,1.0684990318497056,False,True,1.117067169661056,0.1651013096158372,23.0,2.0798398869389625,0.299999999997965,2.0798398869389625,22.0,0.5940008826773155,1.9090909090909092,0.5940008826773155,22.0,11.880017653546311,1.9090909090909092,1,False,2,-1.0,False,False,1.0894399407775517,False,True,False
B2,12.0,5,129.39999999999694,14,1.5,2.600000000000165,3.599999999999355,1.035138813751542,False,True,1.0821905780129757,0.0400845518011559,23.0,1.9486492332403669,0.2499999999982947,1.9486492332403669,22.0,0.5565329195973927,1.9090909090909092,0.5565329195973927,22.0,11.130658391947854,1.9090909090909092,0,False,2,-1.0,False,True,1.0207210269354303,False,True,False
B2,12.0,5,139.59999999999624,24,1.5,8.0,2.1999999999993065,1.0157518970881567,False,True,1.0599150230485113,0.0640179091078403,24.0,1.9256132047302783,0.2500000000013074,1.9256132047302783,23.0,0.5260428084900992,1.9130434782608696,0.5260428084900992,23.0,10.520856169801984,1.9130434782608696,0,False,2,-1.0,False,True,1.0065705388362818,True,False,False
B2,12.0,5,149.29999999999623,18,0.6,0.2999999999995566,1.6999999999999886,1.0107856858862916,True,False,1.0547328896204782,0.0827016123004315,24.0,1.9792630706476348,0.2500000000035243,1.9792630706476348,23.0,0.5406989845450596,1.9130434782608696,0.5406989845450596,23.0,10.813979690901192,1.9130434782608696,1,False,3,-1.0,True,False,1.0346147869294455,False,True,False
B2,12.0,5,149.5999999999958,7,1.5,inf,0.2999999999995566,1.8932081545325203,False,True,1.9792630706476348,0.2198057700297359,23.0,1.9779193835000564,3.979039320256561e-12,1.9061238157313003,22.0,0.5443876887576362,1.9090909090909092,0.5403319134431852,23.0,10.806638268863704,1.9130434782608696,1,False,2,0.0,True,False,1.033912405011393,False,True,False
B2,12.0,6,22.50000000000005,5,0.9999999999999112,0.9999999999999112,4.000000000000071,1.0034364350906089,False,False,1.049047182140182,0.0412550921453574,23.0,1.9342674491095324,0.4500000000001414,1.922424874900204,22.0,0.5490432603695234,1.9090909090909092,0.5524254916545797,22.0,11.048509833091593,1.9090909090909092,0,False,2,-1.0,False,True,1.0131877114383265,True,False,False
B2,12.0,6,28.20000000000013,3,1.5,2.299999999999919,4.70000000000017,1.038049633238786,False,True,1.0852337074769127,0.0508769169784361,23.0,1.939605126609455,0.20000000000013785,1.939605126609455,22.0,0.5539499287837604,1.9090909090909092,0.5539499287837604,22.0,11.078998575675207,1.9090909090909092,0,False,2,-1.0,False,True,1.0159836377478098,True,False,False
B2,12.0,6,50.300000000000445,9,0.8000000000000114,0.8000000000000114,14.100000000000314,0.973742765393509,False,False,1.0160794073671398,0.0124920433011615,24.0,1.8803829895689468,0.3499999999988148,1.880176338629679,23.0,0.513630275903683,1.9130434782608696,0.5136867292143492,23.0,10.273734584286984,1.9130434782608696,0,False,2,-1.0,False,True,0.9829274718201313,True,False,False
B2,12.0,6,51.100000000000456,12,1.5,3.2000000000000455,0.8000000000000114,1.749456430564859,False,True,1.828977177408716,0.1769828320349098,23.0,1.8170559435611155,0.049999999998775024,1.8067711989997068,22.0,0.516012647772282,1.9090909090909092,0.4963869220394148,23.0,9.927738440788296,1.9130434782608696,1,False,2,0.0,True,False,0.9498246977705831,False,False,True
B2,12.0,6,54.3000000000005,16,1.5,3.999999999999943,3.2000000000000455,1.097851714131715,False,True,1.1501303671856062,0.0459586439514482,22.0,1.8469232033029184,0.3499999999985306,1.8373092407312248,21.0,0.5497216393384625,1.9047619047619047,0.5525981302134264,21.0,11.051962604268528,1.9047619047619047,0,False,2,-1.0,False,True,0.9696346817340322,False,False,True
B2,12.0,6,67.00000000000047,11,1.5,3.799999999999784,4.699999999999967,0.9999663917639988,False,True,1.043443191405912,0.038087069394731,24.0,1.8569852318773448,0.2999999999978513,1.8569852318773448,23.0,0.507294883677444,1.9130434782608696,0.507294883677444,23.0,10.14589767354888,1.9130434782608696,0,False,2,-1.0,False,True,0.9706968257540666,False,False,True
B2,12.0,6,70.80000000000025,10,1.5,3.799999999999784,3.799999999999784,0.9965868489876727,False,True,1.0418862512143852,0.0195318250802923,23.0,1.8618995201407669,0.2999999999978513,1.8618995201407669,22.0,0.5317572594724176,1.9090909090909092,0.5317572594724176,22.0,10.635145189448352,1.9090909090909092,0,False,2,-1.0,False,True,0.975280701026116,False,False,True
B2,12.0,6,74.60000000000004,18,0.6,0.400000000000432,3.799999999999784,1.0035358483106436,True,False,1.0513232696587695,0.0205969779165876,22.0,1.966190683088232,0.49999999999783995,1.8802518407434767,21.0,0.5625700352169898,1.9047619047619047,0.5615427459587896,22.0,11.230854919175792,1.9090909090909092,1,False,2,0.0,True,False,1.0299094054271691,False,True,False
B2,12.0,6,80.59999999999958,12,1.5,2.0000000000004547,1.7999999999993292,1.039293956729022,False,True,1.0865345911257958,0.1141253318149949,23.0,1.7068645211410889,0.6999999999979423,1.6474675344171867,22.0,0.4705156275593385,1.9090909090909092,0.4874793672990822,22.0,9.749587345981643,1.9090909090909092,0,False,2,-1.0,False,True,0.8940718920262846,False,False,True
B2,12.0,6,92.19999999999904,14,1.5,5.299999999999699,3.5999999999994543,0.991205032035526,False,True,1.0343009029935923,0.0408728484538531,24.0,1.7751659842916618,0.3499999999978485,1.7730676038628856,23.0,0.4843701007490173,1.9130434782608696,0.4849433404481025,23.0,9.69886680896205,1.9130434782608696,0,False,2,-1.0,False,True,0.927927673607005,False,False,True
B2,12.0,6,97.49999999999874,24,1.1999999999999034,1.1999999999999034,5.299999999999699,0.9863092052441848,False,False,1.031141441846193,0.0195941367191703,23.0,1.9428608331708828,0.29999999999786553,1.9428608331708828,22.0,0.5548797564033627,1.9090909090909092,0.5548797564033627,22.0,11.097595128067255,1.9090909090909092,0,False,2,-1.0,False,True,1.0176890078514147,True,False,False
B2,12.0,6,98.69999999999864,7,1.5,1.500000000000398,1.1999999999999034,1.6816466366569245,False,True,1.761725047926302,0.1692736909791523,22.0,1.8011221216275055,0.3499999999978769,1.7994720857460726,21.0,0.5384007890399776,1.9047619047619047,0.5388944786212413,21.0,10.777889572424826,1.9047619047619047,0,False,2,-1.0,False,True,0.9455891138544404,False,False,True
B2,12.0,6,105.29999999999828,6,0.6,0.2000000000004576,5.099999999999241,0.9970784665911476,True,False,1.0445583935716785,0.0314331156910797,22.0,2.0018846646400257,0.29999999999786553,,,,,0.571736923251561,22.0,11.43473846503122,1.9090909090909092,1,False,1,0.0,True,False,1.04860625290668,False,True,False
B2,12.0,6,109.49999999999852,10,1.5,3.7999999999997556,2.7999999999998835,1.0382455657664835,False,True,1.0854385460285965,0.0437626717928485,23.0,1.9211555229819768,0.29999999999738236,1.9211555229819768,22.0,0.5486807343094213,1.9090909090909092,0.5486807343094213,22.0,10.973614686188427,1.9090909090909092,0,False,2,-1.0,False,True,1.0063195596572259,True,False,False
B2,12.0,6,123.29999999999772,24,1.5,5.899999999999679,5.799999999999201,0.9758290854601627,False,True,1.018256437001909,0.0240016515757887,24.0,1.9444309550241656,0.2499999999973994,1.9444309550241656,23.0,0.5311834785840439,1.9130434782608696,0.5311834785840439,23.0,10.623669571680878,1.9130434782608696,0,False,2,-1.0,False,True,1.0164070901262683,True,False,False
B2,12.0,6,129.1999999999974,18,1.5,1.6999999999999034,5.899999999999679,0.9973765828753358,False,True,1.042711882096942,0.0189337953619953,23.0,1.9062743088329832,0.2999999999977945,1.90556545387813,22.0,0.5442282209852758,1.9090909090909092,0.5444306694869692,22.0,10.888613389739383,1.9090909090909092,0,False,2,-1.0,False,True,0.998524637960134,True,False,False
B2,12.0,6,130.8999999999973,11,0.6,0.400000000000432,1.6999999999999034,1.4244498608635308,True,False,1.492280806618937,0.1159750961865358,22.0,1.896845133185049,0.4999999999983231,1.817146390739677,21.0,0.543688928728093,1.9047619047619047,0.5417377032192459,22.0,10.834754064384917,1.9090909090909092,1,False,2,0.0,True,False,0.9935855459540733,True,False,False
B2,12.0,6,135.79999999999657,21,1.40000000000083,1.40000000000083,4.499999999998835,1.036836592083765,False,False,1.0862097631353729,0.0306462980329823,22.0,1.8939913783742144,0.30000000000012506,1.892841091752816,21.0,0.5663367303108124,1.9047619047619047,0.5666808952631275,21.0,11.33361790526255,1.9047619047619047,0,False,2,-1.0,False,True,0.9943454736464626,True,False,False
B2,12.0,6,138.6999999999963,3,0.6,0.2000000000010118,1.4999999999988916,1.1266380848479949,True,False,1.1802875174598042,0.0969712398625581,22.0,1.9875611117969172,0.25000000000108,,,,,0.5676461261256325,22.0,11.35292252251265,1.9090909090909092,1,False,1,0.0,True,False,1.0411034395126708,False,True,False
B2,12.0,6,140.79999999999674,14,1.5,2.9999999999998295,1.8999999999994373,1.3130779218456008,False,True,1.3756054419334864,0.12336550581529,22.0,1.8062647792852464,0.25000000000108,1.8062647792852464,21.0,0.5404331581943351,1.9047619047619047,0.5404331581943351,21.0,10.808663163886703,1.9047619047619047,0,False,2,-1.0,False,True,0.9482890091247544,False,False,True
B2,12.0,6,150.69999999999607,3,1.5,3.49999999999946,1.8999999999993236,1.041155873704417,False,True,1.086423520387218,0.0771588095655988,24.0,1.9776658807054248,0.2000000000039961,1.9776658807054248,23.0,0.5402626610503782,1.9130434782608696,0.5402626610503782,23.0,10.805253221007565,1.9130434782608696,0,False,2,-1.0,False,True,1.0337798921869266,False,True,False
B2,12.0,7,23.30000000000006,4,1.5,1.7000000000000242,7.500000000000073,0.9747905753672629,False,True,1.0171727742962744,0.0075187299195948,24.0,1.9096396179581607,0.25000000000013856,1.9091757714544435,23.0,0.5215523980880787,1.9130434782608696,0.5216791125896849,23.0,10.433582251793698,1.9130434782608696,0,False,2,-1.0,False,True,0.9982207093872204,True,False,False
B2,12.0,7,25.000000000000085,6,1.5,3.600000000000051,1.7000000000000242,1.4265263869029559,False,True,1.4913684953985449,0.1145029181749328,23.0,2.053166628451092,0.35000000000014,2.032391852196668,22.0,0.5804497556433459,1.9090909090909092,0.5863830178670613,22.0,11.727660357341225,1.9090909090909092,0,False,2,-1.0,False,True,1.0754682339505721,False,True,False
B2,12.0,7,28.600000000000136,25,0.6,0.30000000000000426,3.600000000000051,1.0851403009968057,True,False,1.1368136486633202,0.0451796113113311,22.0,1.952507048513516,0.3000000000001428,1.946285425825616,21.0,0.5823272376726321,1.9047619047619047,0.5841887428278429,21.0,11.683774856556859,1.9047619047619047,1,False,3,-1.0,True,False,1.025066200469596,False,True,False
B2,12.0,7,28.90000000000014,16,1.5,2.3999999999999204,0.30000000000000426,1.8573766637693205,False,True,1.9502454969577865,0.2160137488505957,21.0,1.952507048513516,1.3855583347321954e-13,1.84576875842776,20.0,0.5798653571702204,1.9,0.5841887428278429,21.0,11.683774856556859,1.9047619047619047,1,False,2,0.0,True,False,1.025066200469596,False,True,False
B2,12.0,7,38.80000000000028,2,1.5,6.600000000000094,1.9000000000001407,1.058632468619873,False,True,1.1046599672555195,0.1223470897560199,24.0,1.8315304791548312,0.4999999999996305,1.815933570645729,23.0,0.4960803099954525,1.9130434782608696,0.5003411041859662,23.0,10.006822083719324,1.9130434782608696,0,False,2,-1.0,False,True,0.9573909322854799,False,False,True
B2,12.0,7,45.400000000000375,9,1.3999999999999062,1.3999999999999062,6.600000000000094,0.9844510454613961,False,False,1.029198820255096,0.009084905202876,23.0,1.9238595519051869,0.2999999999991658,1.9238595519051869,22.0,0.5494530031639897,1.9090909090909092,0.5494530031639897,22.0,10.989060063279794,1.9090909090909092,0,False,2,-1.0,False,True,1.0077359557598597,True,False,False
B2,12.0,7,49.80000000000044,8,0.6,0.09999999999988773,3.0000000000001563,1.0521593844996524,True,False,1.0999848110678183,0.0540137567719094,23.0,1.965098214792251,0.2999999999988532,1.965098214792251,22.0,0.5612307377430685,1.9090909090909092,0.5612307377430685,22.0,11.22461475486137,1.9090909090909092,1,False,3,-1.0,True,False,1.0293371601292745,False,True,False
B2,12.0,7,49.900000000000325,6,1.5,3.5000000000000497,0.09999999999988773,1.050365819077229,False,True,1.0981097199443757,0.0523296832676859,23.0,1.965098214792251,0.19999999999896545,1.965098214792251,22.0,0.5612307377430685,1.9090909090909092,0.5612307377430685,22.0,11.22461475486137,1.9090909090909092,1,False,3,-1.0,True,False,1.0293371601292745,False,True,False
B2,12.0,7,53.70000000000049,7,1.5,2.900000000000034,0.30000000000011795,1.1188721903868055,False,True,1.172151818500463,0.1781534019818394,22.0,2.0102903989929004,0.2999999999985761,2.0102903989929004,21.0,0.6014774808626848,1.9047619047619047,0.6014774808626848,21.0,12.029549617253696,1.9047619047619047,1,False,2,-1.0,False,False,1.0554024594712728,False,True,False
B2,12.0,7,56.60000000000053,21,1.1999999999999105,1.1999999999999105,2.900000000000034,1.1150952282147453,False,False,1.1708499896254825,0.049567818895886,21.0,1.861092089115038,0.3499999999983743,1.8610158033639317,20.0,0.5846553576062634,1.9,0.5846793234817884,20.0,11.693586469635768,1.9,0,False,2,-1.0,False,True,0.9795221521658095,False,False,True
B2,12.0,7,74.80000000000003,19,1.5,7.999999999999432,10.199999999999491,0.9737423345235937,False,True,1.01607895776375,0.0095541536993274,24.0,1.943019559623101,0.2999999999978513,1.943019559623101,23.0,0.5307979108081051,1.9130434782608696,0.5307979108081051,23.0,10.615958216162102,1.9130434782608696,0,False,2,-1.0,False,True,1.01566931525753,True,False,False
B2,12.0,7,82.79999999999946,7,0.7999999999998408,0.7999999999998408,7.999999999999432,0.9742446811546894,False,False,1.0185285302980844,0.0121054951620589,23.0,1.9785939285953984,0.299999999997965,,,,,0.5405161870011019,23.0,10.810323740022039,1.9130434782608696,1,False,2,0.0,True,False,1.0342650081294127,False,True,False
B2,12.0,7,83.5999999999993,6,1.5,5.199999999999932,0.7999999999992724,1.8369143494402502,False,True,1.920410456232989,0.2319485936056876,23.0,1.9832014900393775,0.6499999999980588,1.9478362347199571,22.0,0.5563007277629293,1.9090909090909092,0.5664010210632764,22.0,11.328020421265528,1.9090909090909092,2,False,2,-1.0,False,False,1.0388198281158643,False,True,False
B2,12.0,7,88.79999999999923,18,1.5,2.0000000000002274,5.199999999999932,1.0324107956838353,False,True,1.0815732145259227,0.0294066692636404,22.0,1.904847075413584,0.2999999999978513,1.904847075413584,21.0,0.5699289122220303,1.9047619047619047,0.5699289122220303,21.0,11.398578244440607,1.9047619047619047,0,False,2,-1.0,False,True,1.0000447145921316,True,False,False
B2,12.0,7,95.69999999999884,15,1.1000000000004064,1.1000000000004064,4.09999999999954,0.9999608086452613,False,False,1.0454135726745912,0.0377127834106794,23.0,1.9627453110910729,0.2999999999978371,1.9627453110910729,22.0,0.5605587500174116,1.9090909090909092,0.5605587500174116,22.0,11.211175000348232,1.9090909090909092,0,False,2,-1.0,False,True,1.0281046867619905,False,True,False
B2,12.0,7,100.19999999999858,13,1.5,3.500000000000256,3.3999999999993378,1.0275735255789864,False,True,1.074281413105304,0.0335698571317176,23.0,1.995440146593716,0.2999999999978513,1.995440146593716,22.0,0.5698963732015416,1.9090909090909092,0.5698963732015416,22.0,11.397927464030833,1.9090909090909092,0,False,2,-1.0,False,True,1.0452305529776607,False,True,False
B2,12.0,7,105.49999999999817,25,1.5,2.700000000000415,1.7999999999993292,1.041146848010935,False,True,1.0884717047387047,0.078959525560796,23.0,1.964211949166097,0.2999999999979508,1.964211949166097,22.0,0.5609776208721362,1.9090909090909092,0.5609776208721362,22.0,11.219552417442724,1.9090909090909092,0,False,2,-1.0,False,True,1.0288729257536697,False,True,False
B2,12.0,7,120.1999999999979,19,1.5,7.999999999999986,6.699999999999733,0.9776198976127993,False,True,1.0201251105524862,0.010151291521569,24.0,1.95347660520722,0.2499999999973994,1.95347660520722,23.0,0.5336545871198721,1.9130434782608696,0.5336545871198721,23.0,10.673091742397443,1.9130434782608696,0,False,2,-1.0,False,True,1.0211354981765013,False,True,False
B2,12.0,7,129.2999999999974,18,0.6,0.49999999999940314,1.0999999999995111,1.0143363766386093,True,False,1.0584379582315924,0.1135170246160729,24.0,1.5704361795046682,0.39999999999784563,1.557484911931443,23.0,0.4254767962957189,1.9130434782608696,0.4290148490837815,23.0,8.58029698167563,1.9130434782608696,1,False,2,-1.0,False,False,0.8209098211047129,False,False,True
B2,12.0,7,129.7999999999968,2,1.5,7.500000000000597,0.49999999999940314,1.501483016123187,False,True,1.5697322441287864,0.1348739719079318,23.0,1.9046810854893184,0.29999999999853344,1.9046810854893184,22.0,0.5439756459640614,1.9090909090909092,0.5439756459640614,22.0,10.879512919281229,1.9090909090909092,1,False,2,-1.0,False,False,0.9976900923991667,True,False,False
B2,12.0,7,137.99999999999736,18,1.5,8.0,0.20000000000055707,1.0791215249506885,False,True,1.1260398521224575,0.2018043788809148,24.0,1.4363271718731192,1.150000000000034,1.2518310339037797,23.0,0.3419776677954633,1.9130434782608696,0.3923786862006952,23.0,7.8475737240139045,1.9130434782608696,2,False,2,-1.0,False,False,0.7508073852973123,False,False,True
B2,12.0,7,150.09999999999576,22,0.6,0.10000000000044906,4.099999999998403,0.9879459353448249,True,False,1.0309001064467738,0.0260476031766832,24.0,1.8845445003581025,0.20000000000416662,1.8845445003581025,23.0,0.5148235789293967,1.9130434782608696,0.5148235789293967,23.0,10.296471578587933,1.9130434782608696,1,False,3,-1.0,True,False,0.9851028070053718,True,False,False
B2,12.0,7,150.1999999999962,13,1.5,3.1999999999997044,0.10000000000044906,0.9864702945208973,False,True,1.0293603073261537,0.025705690623841,24.0,1.8845445003581025,0.10000000000371756,1.8845445003581025,23.0,0.5148235789293967,1.9130434782608696,0.5148235789293967,23.0,10.296471578587933,1.9130434782608696,1,False,3,-1.0,True,False,0.9851028070053718,True,False,False
B2,12.0,7,153.3999999999959,2,0.6,0.20000000000010232,3.1999999999997044,1.0424427901999243,True,False,1.0920829230665872,0.0421611681798944,22.0,1.9217473375009189,0.3500000000047976,1.9180866376966996,21.0,0.5738901799939713,1.9047619047619047,0.5749854588141554,21.0,11.499709176283108,1.9047619047619047,1,False,3,-1.0,True,False,1.0089173521879824,True,False,False
B2,24.0,0,32.100000000000186,20,1.200000000000017,1.200000000000017,6.700000000000209,1.0219753460332097,False,False,1.066409056730306,0.0493940187263377,24.0,1.8460521896372817,0.2500000000001137,1.8460521896372817,23.0,0.5043081736615509,1.9130434782608696,0.5043081736615509,23.0,10.086163473231018,1.9130434782608696,0,False,2,-1.0,False,True,0.9649818264013063,False,False,True
B2,24.0,0,33.3000000000002,4,1.5,3.2000000000000455,1.200000000000017,1.5744850498210565,False,True,1.64605255208565,0.1426211855669836,23.0,1.915796195004292,0.2500000000000284,1.915796195004292,22.0,0.5471501138182511,1.9090909090909092,0.5471501138182511,22.0,10.943002276365021,1.9090909090909092,0,False,2,-1.0,False,True,1.0035122926212958,True,False,False
B2,24.0,0,36.50000000000025,14,1.1999999999999034,1.1999999999999034,3.2000000000000455,1.0936276067221296,False,False,1.1457051118041357,0.0554224969189243,22.0,1.858105658207704,0.34999999999980247,1.857295830156685,21.0,0.5557016129107808,1.9047619047619047,0.5559439128970429,21.0,11.118878257940858,1.9047619047619047,0,False,2,-1.0,False,True,0.9755054705590447,False,False,True
B2,24.0,0,37.70000000000015,18,1.5,2.400000000000034,1.1999999999999034,1.6185288872995058,False,True,1.6994553316644812,0.1625034282085972,21.0,1.7144587980383783,0.3499999999998238,1.7135730939779794,20.0,0.5383348643430352,1.9,0.5386131164799757,20.0,10.772262329599513,1.9,0,False,2,-1.0,False,True,0.9023467358096728,False,False,True
B2,24.0,0,51.000000000000455,7,1.5,1.6000000000000512,5.300000000000303,1.0037885785120264,False,True,1.0474315601864623,0.0357804408044634,24.0,1.9993451127586144,0.2999999999987679,1.9993451127586144,23.0,0.5461850363680973,1.9130434782608696,0.5461850363680973,23.0,10.923700727361947,1.9130434782608696,0,False,2,-1.0,False,True,1.045112218032912,False,True,False
B2,24.0,0,52.600000000000506,22,0.6,0.19999999999997442,1.6000000000000512,1.5530861842309331,True,False,1.6236810107868846,0.1437762676231395,23.0,1.8323029200404384,0.34999999999862297,1.8306936863012004,22.0,0.5228448941688244,1.9090909090909092,0.5233044902500152,22.0,10.466089805000305,1.9090909090909092,1,False,3,-1.0,True,False,0.959777720021182,False,False,True
B2,24.0,0,52.80000000000048,23,1.5,3.7000000000000526,0.19999999999997442,1.4622476116164778,False,True,1.5287134121444994,0.126852965010168,23.0,1.8323029200404384,0.14999999999864855,1.8306936863012004,22.0,0.5228448941688244,1.9090909090909092,0.5233044902500152,22.0,10.466089805000305,1.9090909090909092,1,False,2,-1.0,False,False,0.959777720021182,False,False,True
B2,24.0,0,56.50000000000053,2,1.5,2.499999999999922,3.7000000000000526,1.1012330366960956,False,True,1.1562946885309002,0.0771877618877786,21.0,2.0910237116512214,0.2999999999983771,2.0910237116512214,20.0,0.6569144731005538,1.9,0.6569144731005538,20.0,13.138289462011077,1.9,0,False,2,-1.0,False,True,1.100538795605906,False,True,False
B2,24.0,0,69.90000000000029,25,1.5,1.9999999999999005,5.39999999999975,1.0032453182188072,False,True,1.0468646798804944,0.0211630276078298,24.0,1.931042445361076,0.29999999999786553,1.9306227111802536,23.0,0.5274113153302169,1.9130434782608696,0.5275259791405587,23.0,10.550519582811173,1.9130434782608696,0,False,2,-1.0,False,True,1.0094085509841988,True,False,False
B2,24.0,0,71.90000000000019,15,1.5,2.899999999999764,1.9999999999999005,1.3269899050810032,False,True,1.3873076280392307,0.0966692156948128,23.0,1.8365117689394943,0.39999999999784563,1.8335513293789147,22.0,0.5236610351233271,1.9090909090909092,0.5245065346846829,22.0,10.490130693693658,1.9090909090909092,0,False,2,-1.0,False,True,0.9619823551587827,False,False,True
B2,24.0,0,74.79999999999995,2,1.5,3.1000000000003354,2.899999999999764,1.0590147125323168,False,True,1.1094439845576651,0.0453533167911636,22.0,1.8995756699173676,0.2999999999979224,1.8994262504874,21.0,0.5683070051968402,1.9047619047619047,0.5683517113857439,21.0,11.367034227714878,1.9047619047619047,0,False,2,-1.0,False,True,0.997277226706618,True,False,False
B2,24.0,0,78.49999999999982,5,0.6,0.10000000000002274,0.5999999999995254,1.094272288450451,True,False,1.1463804926623773,0.1837684091222599,22.0,2.0855937591410383,0.2999999999978513,2.0855937591410383,21.0,0.6240081935324007,1.9047619047619047,0.6240081935324007,21.0,12.480163870648013,1.9047619047619047,2,False,3,-1.0,True,False,1.0949367235490453,False,True,False
B2,24.0,0,78.59999999999984,21,1.3000000000003524,1.3000000000003524,0.10000000000002274,1.0871409988634342,False,False,1.138909617856931,0.1720525482436567,22.0,2.0855937591410383,0.19999999999782858,2.0855937591410383,21.0,0.6240081935324007,1.9047619047619047,0.6240081935324007,21.0,12.480163870648013,1.9047619047619047,2,False,3,-1.0,True,False,1.0949367235490453,False,True,False
B2,24.0,0,83.39999999999942,24,1.5,1.9000000000000057,0.5999999999994685,1.1250391162450102,False,True,1.1786124074947726,0.1731335143718994,22.0,1.9239372448547425,0.24999999999796785,1.9239372448547425,21.0,0.5756406775622329,1.9047619047619047,0.5756406775622329,21.0,11.512813551244658,1.9047619047619047,1,False,2,-1.0,False,False,1.01006705354874,True,False,False
B2,24.0,0,85.29999999999943,12,1.2000000000003865,1.2000000000003865,1.9000000000000057,1.2704871062952234,False,False,1.3340114616099847,0.098129607153054,21.0,1.791379535871264,0.49999999999783995,1.7886519407438386,20.0,0.561921579686997,1.9,0.5627784789684256,20.0,11.255569579368512,1.9,0,False,2,-1.0,False,True,0.9428313346690864,False,False,True
B2,24.0,0,89.89999999999961,25,0.6,0.5999999999999943,3.29999999999977,1.0705262913512044,True,False,1.1215037337964997,0.058806895611079,22.0,1.8223864640097431,0.2999999999974108,1.8223864640097431,21.0,0.5452567549842371,1.9047619047619047,0.5452567549842371,21.0,10.905135099684742,1.9047619047619047,0,False,2,-1.0,False,True,0.9567528936051152,False,False,True
B2,24.0,0,90.4999999999996,15,0.6,0.19999999999990337,0.5999999999999943,1.7152409038158571,True,False,1.80100294900665,0.1849363553620703,21.0,2.406461159107808,0.44999999999737383,1.8992865811467488,20.0,0.5966784770392302,1.9,0.7958021788002387,19.0,15.916043576004775,1.894736842105263,2,False,3,-2.0,True,False,1.2700767228624543,False,True,False
B2,24.0,0,90.6999999999995,2,0.6999999999999176,0.6999999999999176,0.19999999999990337,1.6817108378077497,False,False,1.765796379698137,0.1767452342106278,21.0,2.406461159107808,0.24999999999747047,1.8992865811467488,20.0,0.5966784770392302,1.9,0.7958021788002387,19.0,15.916043576004775,1.894736842105263,2,False,2,-2.0,True,False,1.2700767228624543,False,True,False
B2,24.0,0,95.29999999999876,7,1.5,2.6000000000008328,1.9999999999993179,1.1067685909018035,False,True,1.1621070204468935,0.0965737198265816,21.0,2.023167881424436,0.299999999997965,2.023167881424436,20.0,0.6355969353261832,1.9,0.6355969353261832,20.0,12.711938706523664,1.9,0,False,2,-1.0,False,True,1.0648252007497032,False,True,False
B2,24.0,0,101.89999999999849,8,1.4000000000002757,1.4000000000002757,3.1999999999989797,1.079288492074465,False,False,1.1283470598960317,0.0796504954688381,23.0,2.1041906277251825,0.2999999999978513,2.1041906277251825,22.0,0.6009554379830844,1.9090909090909092,0.6009554379830844,22.0,12.019108759661687,1.9090909090909092,0,False,2,-1.0,False,True,1.1021950907131908,False,True,False
B2,24.0,0,103.3999999999984,9,1.4000000000004036,1.4000000000004036,0.09999999999963904,1.5754522225705339,False,False,1.647063687232831,0.2222500979406361,23.0,2.6373389145795554,0.2999999999978371,2.6373389145795554,22.0,0.7532222326426918,1.9090909090909092,0.7532222326426918,22.0,15.064444652853837,1.9090909090909092,1,False,2,-1.0,False,False,1.3814632409702432,False,True,False
B2,24.0,0,104.7999999999988,21,1.5,2.199999999999278,1.4000000000004036,1.7650891337380445,False,True,1.84914099724938,0.1954271230673402,22.0,1.8179098684267216,0.4999999999973568,1.8036880635967216,21.0,0.5396622066631487,1.9047619047619047,0.5439173607178835,21.0,10.878347214357671,1.9047619047619047,0,False,2,-1.0,False,True,0.9544026809240289,False,False,True
B2,24.0,0,106.99999999999808,3,1.5,2.9000000000004036,2.199999999999278,1.257105782910502,False,True,1.3199610720560269,0.1050264746020822,21.0,1.8910638859648967,0.24999999999795364,1.8910638859648967,20.0,0.5940952411616287,1.9,0.5940952411616287,20.0,11.881904823232574,1.9,0,False,2,-1.0,False,True,0.9952967820867878,True,False,False
B2,24.0,0,112.59999999999776,23,0.6,0.20000000000104023,1.1999999999993634,1.1082306151688721,True,False,1.1610035016054852,0.1940557612490212,22.0,2.231396887182144,0.2999999999979508,,,,,0.637285460728596,22.0,12.74570921457192,1.9090909090909092,1,False,1,0.0,True,False,1.1688269409049326,False,True,False
B2,24.0,0,115.19999999999764,22,1.5,4.999999999999801,0.1999999999995623,1.2805969520050149,False,True,1.3388059043688791,0.2063090033563053,23.0,1.9418758749447544,0.5999999999979195,1.9138252416581631,22.0,0.5465872108589087,1.9090909090909092,0.5545984529917902,22.0,11.091969059835805,1.9090909090909092,1,False,2,-1.0,False,False,1.0171730773520142,True,False,False
B2,24.0,0,120.19999999999744,13,0.6,0.4000000000003183,4.999999999999801,1.0506503820222375,True,False,1.100681352594725,0.0516274004454518,22.0,1.9455016578541744,0.49999999999783995,1.863133775814043,21.0,0.5574483221668962,1.9047619047619047,0.5556339741692216,22.0,11.112679483384431,1.9090909090909092,2,False,2,0.0,True,False,1.0190722969712342,True,False,False
B2,24.0,0,120.69999999999776,23,1.299999999999926,1.299999999999926,0.09999999999999432,1.8570697643153482,False,False,1.9455016578541744,0.2949021683833072,22.0,1.940785133353639,0.04999999999752447,1.8224348710740848,21.0,0.5452712383440197,1.9047619047619047,0.5542869379218254,22.0,11.085738758436507,1.9090909090909092,2,False,2,0.0,True,False,1.0166017365185727,True,False,False
B2,24.0,0,121.99999999999768,7,1.1999999999999602,1.1999999999999602,1.299999999999926,1.3798624107642425,False,False,1.4488555313024547,0.1176903341781355,21.0,1.7211369080574903,0.3999999999975188,1.7198867326521692,20.0,0.5403183524306607,1.9,0.5407111066175663,20.0,10.814222132351325,1.9,0,False,2,-1.0,False,True,0.9058615305565739,False,False,True
B2,24.0,0,124.39999999999766,12,1.5,3.79999999999977,1.200000000000017,1.1304202213452,False,True,1.18694123241246,0.1384749079190002,21.0,2.010693465336478,0.29999999999739657,2.010693465336478,20.0,0.6316779819322083,1.9,0.6316779819322083,20.0,12.633559638644165,1.9,0,False,2,-1.0,False,True,1.0582597185981464,False,True,False
B2,24.0,0,137.19999999999683,3,0.6,0.4000000000005173,4.799999999999187,1.0357451680435623,True,False,1.080777566654152,0.0333071060864774,24.0,1.8487510237067024,0.35000000000019327,1.847759967663228,23.0,0.5047747078267921,1.9130434782608696,0.5050454464690075,23.0,10.10090892938015,1.9130434782608696,1,False,2,-1.0,False,False,0.966392580573958,False,False,True
B2,24.0,0,137.59999999999735,25,1.5,3.6999999999993634,0.4000000000005173,1.7673408707491178,False,True,1.8476745466922595,0.1825429610636931,23.0,1.8452949326369128,0.04999999999969873,1.806496166532161,22.0,0.5159340986832328,1.9090909090909092,0.5041013047024867,23.0,10.082026094049734,1.9130434782608696,1,False,2,0.0,True,False,0.9645859875147499,False,False,True
B2,24.0,0,141.29999999999671,8,0.9999999999993747,0.9999999999993747,3.6999999999993634,1.053354132688549,False,False,1.1035138532927655,0.0341627474679305,22.0,1.899759207276254,0.3000000000012335,1.8946307751525355,21.0,0.566872202331842,1.9047619047619047,0.5684066256351095,21.0,11.36813251270219,1.9047619047619047,0,False,2,-1.0,False,True,0.9973735838200334,True,False,False
B2,24.0,0,142.2999999999961,20,0.600000000000108,0.600000000000108,0.9999999999993747,1.7259625518597883,False,False,1.8122606794527776,0.1822216930627223,21.0,1.8129520996344453,0.3500000000020975,1.811172813539628,20.0,0.568996720539765,1.9,0.5695556997521765,20.0,11.39111399504353,1.9,1,False,2,-1.0,False,False,0.9541853155970765,False,False,True
B2,24.0,0,142.8999999999962,19,1.5,2.3000000000006366,0.600000000000108,1.7139082077326446,False,True,1.804113902876468,0.2208276490430454,20.0,2.585498528406411,0.20000000000209184,2.585498528406411,19.0,0.8550087560746107,1.894736842105263,0.8550087560746107,19.0,17.100175121492214,1.894736842105263,1,False,2,-1.0,False,False,1.3645686677700504,False,True,False
B2,24.0,0,150.3999999999962,9,0.6,0.5,0.100000000000108,1.1200423308522733,True,False,1.170953345891013,0.2026659000725475,23.0,2.212025456096568,0.5500000000038767,2.150361918067075,22.0,0.6141419276689799,1.9090909090909092,0.6042854715153556,23.0,12.085709430307112,1.9130434782608696,2,True,2,0.0,True,False,1.1562860338686607,False,True,False
B2,24.0,1,24.100000000000072,18,0.6,0.40000000000000924,3.5000000000000995,1.0207286918363654,True,False,1.0671254505562002,0.04058358965353,23.0,1.9138786742906104,0.20000000000013785,1.9138786742906104,22.0,0.5466024711830504,1.9090909090909092,0.5466024711830504,22.0,10.932049423661008,1.9090909090909092,1,False,2,-1.0,False,False,1.0025078770093674,True,False,False
B2,24.0,1,24.50000000000008,13,0.6,0.40000000000000213,0.40000000000000924,1.8184846448494156,True,False,1.905079151747007,0.2001983909528309,22.0,1.905079151747007,1.3145040611561853e-13,1.783253031809417,21.0,0.5335480594499229,1.9047619047619047,0.5440893334214065,22.0,10.88178666842813,1.9090909090909092,2,False,2,0.0,True,False,0.9978986032960512,True,False,False
B2,24.0,1,24.900000000000084,7,1.0999999999998984,1.0999999999998984,0.40000000000000213,1.6791876048826075,False,False,1.763146985126738,0.246386031671695,21.0,1.7593177980306909,1.3500311979441904e-13,1.7291003099210631,20.0,0.5432128830967846,1.9,0.5263866542498086,21.0,10.527733084996171,1.9047619047619047,2,False,2,0.0,True,False,0.9236418439661128,False,False,True
B2,24.0,1,28.10000000000013,19,1.5,3.999999999999943,2.100000000000147,1.0767127861414967,False,True,1.1305484254485714,0.1025419196409865,21.0,1.9030680610656805,0.20000000000013785,1.9030680610656805,20.0,0.5978664639925313,1.9,0.5978664639925313,20.0,11.957329279850626,1.9,0,False,2,-1.0,False,True,1.0016147689819372,True,False,False
B2,24.0,1,34.30000000000022,24,0.6,0.4000000000000057,1.4000000000001336,1.0822949538266855,True,False,1.1314901790006258,0.1328704802641147,23.0,2.065570236040433,0.2999999999999545,2.065570236040433,22.0,0.58992547991076,1.9090909090909092,0.58992547991076,22.0,11.798509598215201,1.9090909090909092,1,False,2,-1.0,False,False,1.081965361735465,False,True,False
B2,24.0,1,34.70000000000022,6,0.6,0.4000000000000057,0.4000000000000057,1.9651418684831754,True,False,2.05872005269666,0.2631928964207148,22.0,2.055009072692372,0.049999999999940314,1.9253097239491117,21.0,0.5760513223470021,1.9047619047619047,0.5869092187118845,22.0,11.73818437423769,1.9090909090909092,2,False,2,0.0,True,False,1.0764333237912425,False,True,False
B2,24.0,1,35.10000000000023,20,0.9999999999999005,0.9999999999999005,0.4000000000000057,1.8178848982892735,False,False,1.908779143203737,0.2806229906966702,21.0,1.88961237468533,0.04999999999991189,1.7310497903517124,20.0,0.5438253304367091,1.9,0.5653707004232187,21.0,11.307414008464374,1.9047619047619047,2,False,2,0.0,True,False,0.9920464967097983,True,False,False
B2,24.0,1,36.80000000000025,5,1.5,1.900000000000027,0.7000000000001236,1.3888556509656365,False,True,1.4582984335139182,0.2242863805104423,21.0,2.0978283709226004,0.7499999999997442,2.0370021648651635,20.0,0.6399431036486902,1.9,0.6590522198582685,20.0,13.181044397165369,1.9,1,False,2,-1.0,False,False,1.1041201952224213,False,True,False
B2,24.0,1,38.70000000000028,4,1.4999999999999076,1.4999999999999076,1.900000000000027,1.6458660001084877,False,False,1.732490526429987,0.2007095955665543,20.0,2.6137636936813453,0.2999999999996419,2.6137636936813453,19.0,0.8643558756093723,1.894736842105263,0.8643558756093723,19.0,17.287117512187447,1.894736842105263,0,False,2,-1.0,False,True,1.3794863938873767,False,True,False
B2,24.0,1,40.20000000000019,7,0.6,0.20000000000011653,1.4999999999999076,1.8578740645517,True,False,1.961089290360128,0.2481217193388318,19.0,2.898506738066987,0.24999999999965183,2.898506738066987,18.0,1.0117697194101956,1.8888888888888888,1.0117697194101956,18.0,20.23539438820391,1.8888888888888888,2,False,3,-1.0,True,False,1.5345035672119343,False,True,False
B2,24.0,1,40.400000000000304,14,0.6,0.30000000000000426,0.20000000000011653,1.7938370820918437,True,False,1.893494697763613,0.2288775681743862,19.0,2.898506738066987,0.049999999999535305,2.898506738066987,18.0,1.0117697194101956,1.8888888888888888,1.0117697194101956,18.0,20.23539438820391,1.8888888888888888,2,False,3,-1.0,True,False,1.5345035672119343,False,True,False
B2,24.0,1,40.70000000000031,17,1.5,1.599999999999909,0.30000000000000426,2.4458477901333127,False,True,2.598713277016645,0.4389137792517269,17.0,2.548999090999921,0.04999999999951399,2.255528764979663,16.0,0.8857440747525711,1.875,0.942107860975578,17.0,18.84215721951156,1.8823529411764706,2,False,2,0.0,True,False,1.354155767093708,False,True,False
B2,24.0,1,42.90000000000034,21,0.6,0.19999999999988916,0.20000000000011653,1.351587692330932,True,False,1.4310928507033398,0.3335887348638411,18.0,1.9588848765893192,0.3999999999993378,,,,,0.6837798152801282,18.0,13.675596305602564,1.8888888888888888,3,False,1,0.0,True,False,1.0370566993708161,False,True,False
B2,24.0,1,53.30000000000037,18,1.5,2.5000000000001563,2.400000000000027,1.0783277591115337,False,True,1.1252115747250786,0.0763105683569494,24.0,1.7316484285078104,0.6499999999987054,1.6855075259357917,23.0,0.4604502661782774,1.9130434782608696,0.4730551288348215,23.0,9.46110257669643,1.9130434782608696,0,False,2,-1.0,False,True,0.9051798603563554,False,False,True
B2,24.0,1,55.80000000000052,15,1.099999999999902,1.099999999999902,2.5000000000001563,1.1822550152725437,False,False,1.2359938796031138,0.081532245965806,23.0,2.035229291720155,0.29999999999842686,2.035229291720155,22.0,0.5812601264762542,1.9090909090909092,0.5812601264762542,22.0,11.625202529525085,1.9090909090909092,0,False,2,-1.0,False,True,1.0660724861391286,False,True,False
B2,24.0,1,56.900000000000425,13,1.5,4.000000000000178,1.099999999999902,1.8073782482838767,False,True,1.8934438791545376,0.2043960437140832,22.0,2.0158450666691747,0.5499999999984482,1.981393132821852,21.0,0.5928314390425138,1.9047619047619047,0.6031394335450577,21.0,12.062788670901154,1.9047619047619047,0,False,2,-1.0,False,True,1.0583186600013168,False,True,False
B2,24.0,1,60.9000000000006,23,0.6,0.3999999999997641,4.000000000000178,1.0827353010903225,True,False,1.1368720661448386,0.0685868434990908,21.0,1.950475798206917,0.499999999998046,1.8649247097356167,20.0,0.5858833767603491,1.9,0.5835809941572894,21.0,11.671619883145787,1.9047619047619047,1,False,2,0.0,True,False,1.0239997940586314,False,True,False
B2,24.0,1,62.50000000000039,18,1.3000000000001322,1.3000000000001322,1.2000000000000242,1.5211998871084074,False,False,1.597259881463828,0.1817496449153621,21.0,1.5732836784483697,0.04999999999819238,1.3819019471441731,20.0,0.4341373005129565,1.9,0.4707253758310594,21.0,9.414507516621187,1.9047619047619047,0,False,2,0.0,True,True,0.8259739311853941,False,False,True
B2,24.0,1,70.10000000000029,11,0.6,0.40000000000010516,1.1999999999996902,1.0607823573050887,True,False,1.1089997371825928,0.1113797336545389,23.0,2.013644487632975,0.49999999999783995,1.937518609886968,22.0,0.5533540210013097,1.9090909090909092,0.5500913677642902,23.0,11.001827355285805,1.9130434782608696,1,False,2,0.0,True,False,1.0525868912626914,False,True,False
B2,24.0,1,72.10000000000007,3,1.499999999999872,1.499999999999872,1.5999999999996675,1.3544842694798418,False,False,1.41605173627438,0.148960064123428,23.0,1.9143244377345705,0.24999999999796785,1.9143244377345705,22.0,0.5467297809249398,1.9090909090909092,0.5467297809249398,22.0,10.934595618498797,1.9090909090909092,0,False,2,-1.0,False,True,1.0027413721466798,True,False,False
B2,24.0,1,73.59999999999994,13,1.5,2.999999999999872,1.499999999999872,1.4969609612410317,False,True,1.5682448165382237,0.1430108454565836,22.0,2.0572759879518303,0.29999999999800764,2.0572759879518303,21.0,0.6155355362053481,1.9047619047619047,0.6155355362053481,21.0,12.310710724106961,1.9047619047619047,0,False,2,-1.0,False,True,1.080069893674711,False,True,False
B2,24.0,1,76.59999999999981,14,0.6,0.5999999999999659,2.999999999999872,1.1125866410090777,True,False,1.1682159730595314,0.0651852459325191,21.0,2.0879449445055918,0.299999999997965,2.0879449445055918,20.0,0.6559472498758714,1.9,0.6559472498758714,20.0,13.118944997517428,1.9,1,False,2,-1.0,False,False,1.0989183918450482,False,True,False
B2,24.0,1,77.19999999999978,21,0.9000000000005173,0.9000000000005173,0.5999999999999659,1.9225339594103037,False,False,2.023719957274004,0.2385745540971909,20.0,2.0099799341908478,0.049999999997979216,1.8261038036627173,19.0,0.6038815046609654,1.894736842105263,0.6314538195116861,20.0,12.629076390233722,1.9,1,False,2,0.0,True,False,1.05788417588992,False,True,False
B2,24.0,1,82.8999999999998,23,1.5,1.7000000000000028,1.2999999999998693,1.0984613741068292,False,True,1.1507690585881067,0.1109166996866663,22.0,1.9992884977077656,0.29999999999760973,1.9992884977077656,21.0,0.5981857196957421,1.9047619047619047,0.5981857196957421,21.0,11.963714393914842,1.9047619047619047,0,False,2,-1.0,False,True,1.049626461296577,False,True,False
B2,24.0,1,92.69999999999897,10,1.3999999999999488,1.3999999999999488,1.7999999999991587,1.0115392402804355,False,False,1.0555192072491502,0.0970097031800713,24.0,1.9190385932210412,0.2499999999978968,1.9190385932210412,23.0,0.5242467431668274,1.9130434782608696,0.5242467431668274,23.0,10.484934863336548,1.9130434782608696,0,False,2,-1.0,False,True,1.0031338100928169,True,False,False
B2,24.0,1,94.09999999999891,9,0.6,0.10000000000005116,1.3999999999999488,1.5438688720176703,True,False,1.6140447298366554,0.1398218716821363,23.0,2.4971688834612777,0.5999999999978485,1.967555097005862,22.0,0.5619324216624335,1.9090909090909092,0.7845087419054977,20.0,15.690174838109954,1.9,2,True,4,-3.0,True,False,1.314299412348041,False,True,False
B2,24.0,1,94.19999999999897,2,0.6,0.1999999999999602,0.10000000000005116,1.4992196102575048,True,False,1.5673659561783004,0.13101591081208,23.0,2.4971688834612777,0.4999999999977973,1.967555097005862,22.0,0.5619324216624335,1.9090909090909092,0.7845087419054977,20.0,15.690174838109954,1.9,3,False,4,-3.0,True,False,1.314299412348041,False,True,False
B2,24.0,1,94.39999999999893,25,0.6,0.39999999999984936,0.1999999999999602,1.8781207744146864,True,False,1.967555097005862,0.2374725970159338,22.0,2.4971688834612777,0.2999999999978371,1.889056602565941,21.0,0.565204413793948,1.9047619047619047,0.7845087419054977,20.0,15.690174838109954,1.9,3,False,2,-2.0,True,False,1.314299412348041,False,True,False
B2,24.0,1,94.79999999999878,15,1.5,1.8000000000000256,0.39999999999984936,2.3665950498909876,False,True,2.4911526840957765,0.4044106021240854,20.0,2.485989415402984,0.049999999997979216,2.3177434774796644,19.0,0.7664637770269236,1.894736842105263,0.7809966084331998,20.0,15.619932168663997,1.9,3,False,2,0.0,True,False,1.3084154817910443,False,True,False
B2,24.0,1,96.5999999999988,8,1.0000000000002842,1.0000000000002842,1.8000000000000256,1.6583138527478738,False,False,1.7504424001227556,0.2295221625394554,19.0,2.0020427247039114,0.2999999999978371,2.0020427247039114,18.0,0.6988447462336334,1.8888888888888888,0.6988447462336334,18.0,13.976894924672667,1.8888888888888888,0,False,2,-1.0,False,True,1.0599049719020708,False,True,False
B2,24.0,1,97.59999999999908,21,1.5,2.399999999999281,1.0000000000002842,1.6897296440673544,False,True,1.789125505483081,0.2551644578667136,18.0,1.7670517440383575,0.04999999999751026,1.556907811169113,17.0,0.5754317813982883,1.8823529411764706,0.6168174197315484,18.0,12.336348394630967,1.8888888888888888,0,False,2,0.0,True,True,0.935497982137954,False,False,True
B2,24.0,1,99.99999999999837,7,0.6,0.20000000000067075,2.399999999999281,1.1158802000192372,True,False,1.1856227125204395,0.1397463611052552,17.0,2.1467274082284526,0.399999999998073,2.1452442918368093,16.0,0.8424354634237448,1.875,0.8430178818687954,16.0,16.86035763737591,1.875,1,False,3,-1.0,True,False,1.1449212843885082,False,True,False
B2,24.0,1,100.19999999999904,11,0.6,0.49999999999992895,0.20000000000067075,1.112495929291226,True,False,1.1820269248719275,0.1370012317410206,17.0,2.1467274082284526,0.19999999999740226,2.1452442918368093,16.0,0.8424354634237448,1.875,0.8430178818687954,16.0,16.86035763737591,1.875,2,False,3,-1.0,True,False,1.1449212843885082,False,True,False
B2,24.0,1,106.49999999999812,4,1.5,1.5000000000002416,0.8999999999990393,1.1857948576076824,False,True,1.2422612793985246,0.1430470076558621,22.0,2.1150818105269127,0.2999999999979508,2.1150818105269127,21.0,0.6328309978754998,1.9047619047619047,0.6328309978754998,21.0,12.656619957509996,1.9047619047619047,1,False,2,-1.0,False,False,1.1104179505266292,False,True,False
B2,24.0,1,111.69999999999872,21,0.6,0.09999999999907061,3.4999999999996874,1.093948092250316,True,False,1.1436730055344213,0.0751891590222727,23.0,2.028121632559768,0.3999999999970356,1.9814564864806767,22.0,0.5659026492123216,1.9090909090909092,0.6068125734701244,21.0,12.136251469402488,1.9047619047619047,2,False,4,-2.0,True,False,1.0647638570938784,False,True,False
B2,24.0,1,111.7999999999978,24,0.6,0.20000000000057128,0.09999999999907061,1.0846270382389527,True,False,1.133928267249814,0.073766056344041,23.0,2.028121632559768,0.299999999997965,1.9814564864806767,22.0,0.5659026492123216,1.9090909090909092,0.6068125734701244,21.0,12.136251469402488,1.9047619047619047,2,False,4,-2.0,True,False,1.0647638570938784,False,True,False
B2,24.0,1,111.99999999999837,8,1.5,2.4999999999996305,0.20000000000057128,1.8913902825497368,False,True,1.9814564864806767,0.2251214517028769,22.0,2.028121632559768,0.09999999999739373,2.028121632559768,21.0,0.6068125734701244,1.9047619047619047,0.6068125734701244,21.0,12.136251469402488,1.9047619047619047,2,False,3,-1.0,True,False,1.0647638570938784,False,True,False
B2,24.0,1,114.499999999998,7,1.000000000000398,1.000000000000398,2.4999999999996305,1.1543029404456315,False,False,1.2150557267848754,0.1346210053759548,20.0,1.7635608521164223,0.2499999999976268,,,,,0.5540389817167508,20.0,11.080779634335016,1.9,1,False,2,0.0,True,False,0.9281899221665381,False,False,True
B2,24.0,1,115.4999999999984,23,1.1999999999992497,1.1999999999992497,1.00000000000027,1.5177105593434237,False,False,1.5975900624667618,0.186472452475392,20.0,2.2592152076586363,0.24999999999717204,2.2592152076586363,19.0,0.7471088315009169,1.894736842105263,0.7471088315009169,19.0,14.942176630018338,1.894736842105263,0,False,2,-1.0,False,True,1.192363581819836,False,True,False
B2,24.0,1,116.69999999999764,16,1.5,3.00000000000108,1.1999999999992497,1.8680356250722354,False,True,1.971815382020693,0.2472754234838134,19.0,1.9459905856497024,0.04999999999787974,1.715301189070365,18.0,0.5987530682530329,1.8888888888888888,0.64352733977179,19.0,12.8705467954358,1.894736842105263,0,False,2,0.0,True,True,1.0270505868706763,False,True,False
B2,24.0,1,120.39999999999787,25,0.6,0.4000000000004462,0.3999999999995083,1.1907034525195268,True,False,1.250238625145503,0.3077091683548634,21.0,2.137666214855119,0.2499999999973994,2.137666214855119,20.0,0.6715676476415942,1.9,0.6715676476415942,20.0,13.431352952831883,1.9,4,False,2,-1.0,False,False,1.125087481502694,False,True,False
B2,24.0,1,120.79999999999832,11,1.5,1.699999999999676,0.4000000000004462,1.9997788445429283,False,True,2.1050303626767666,0.3373513682453057,20.0,2.092251325938195,0.049999999996956035,1.929897661297409,19.0,0.6382055068328487,1.894736842105263,0.6573001395030937,20.0,13.146002790061875,1.9,2,False,2,0.0,True,False,1.101184908388524,False,True,False
B2,24.0,1,123.19999999999725,22,0.6,0.30000000000114824,0.6999999999992497,1.3034181507715725,True,False,1.3720191060753395,0.2175236071321594,20.0,2.215518980799993,0.24999999999786837,2.215518980799993,19.0,0.7326587530494741,1.894736842105263,0.7326587530494741,19.0,14.653175060989483,1.894736842105263,2,False,2,-1.0,False,False,1.1693016843111075,False,True,False
B2,24.0,1,124.99999999999751,24,1.5,3.400000000000361,0.29999999999986926,1.2814431560810702,False,True,1.3455153138851237,0.2217921490591582,21.0,2.3923434477717485,0.2499999999975273,2.3923434477717485,20.0,0.7515768600383401,1.9,0.7515768600383401,20.0,15.031537200766802,1.9,1,False,2,-1.0,False,False,1.2591281304061834,False,True,False
B2,24.0,1,130.19999999999678,17,1.0000000000004832,1.0000000000004832,1.399999999998471,1.1736947896329963,False,False,1.229585017710758,0.1397920082218121,22.0,1.8058555187777785,0.2999999999986471,1.8058555187777785,21.0,0.5403107077368432,1.9047619047619047,0.5403107077368432,21.0,10.806214154736864,1.9047619047619047,0,False,2,-1.0,False,True,0.9480741473583337,False,False,True
B2,24.0,1,133.69999999999737,7,0.6,0.299999999999784,0.6999999999998749,1.1362829944773767,True,False,1.1879322214990755,0.1578154808692095,23.0,2.212390169965452,0.2499999999988347,2.212390169965452,22.0,0.6318571549852487,1.9090909090909092,0.6318571549852487,22.0,12.637143099704975,1.9090909090909092,2,False,3,-1.0,True,False,1.1588710414104748,False,True,False
B2,24.0,1,133.99999999999716,2,0.6999999999998181,0.6999999999998181,0.299999999999784,2.1089496889890396,False,False,2.2093758646551844,0.2941912506853035,22.0,2.205737699236715,0.04999999999907345,2.0809019368334467,21.0,0.6226044035806408,1.9047619047619047,0.6299572137880105,22.0,12.59914427576021,1.9090909090909092,2,False,2,0.0,True,False,1.1553864138858982,False,True,False
B2,24.0,1,134.69999999999698,14,0.6,0.100000000000108,0.6999999999998181,1.865674644057029,True,False,1.9589583762598808,0.249424892873333,21.0,2.68609419742753,0.3499999999994827,1.7801433460453044,20.0,0.5592485258272681,1.9,0.8882751365777368,19.0,17.765502731554736,1.894736842105263,3,False,3,-2.0,True,False,1.4176608264200854,False,True,False
B2,24.0,1,134.79999999999708,9,1.5,1.5999999999997954,0.100000000000108,1.828899713430387,False,True,1.9203446991019064,0.2415686821454395,21.0,2.68609419742753,0.24999999999937472,1.7801433460453044,20.0,0.5592485258272681,1.9,0.8882751365777368,19.0,17.765502731554736,1.894736842105263,2,False,3,-2.0,True,False,1.4176608264200854,False,True,False
B2,24.0,1,136.39999999999688,4,1.5,1.7999999999998977,1.5999999999997954,1.8305983283458944,False,True,1.932298235476222,0.2501344233242497,19.0,2.7922408332725026,0.24999999999994316,2.7922408332725026,18.0,0.974675920984704,1.8888888888888888,0.974675920984704,18.0,19.49351841969408,1.8888888888888888,0,False,2,-1.0,False,True,1.4782451470266191,False,True,False
B2,24.0,1,148.89999999999617,3,1.5,inf,4.4999999999992895,1.0119569127496997,False,True,1.055955039390991,0.050107103309457,24.0,1.699558770941067,0.45000000000354134,1.6932444882374462,23.0,0.4625638647807104,1.9130434782608696,0.4642888129680482,23.0,9.285776259360963,1.9130434782608696,0,False,2,-1.0,False,True,0.8884057211737396,False,False,True
B2,24.0,2,20.50000000000002,14,1.200000000000017,1.200000000000017,2.2000000000000313,1.2143293221198166,False,False,1.272154527935046,0.0891729628585811,22.0,1.9636283725862755,0.25000000000013856,1.961759360306,21.0,0.5869570280426992,1.9047619047619047,0.587516235209288,21.0,11.75032470418576,1.9047619047619047,0,False,2,-1.0,False,True,1.0309048956077946,False,True,False
B2,24.0,2,21.70000000000004,7,1.5,3.4999999999999325,1.200000000000017,1.6359638456519596,False,True,1.7177620379345575,0.1692626135644651,21.0,1.881240096930095,0.20000000000013785,1.881240096930095,20.0,0.5910090068154137,1.9,0.5910090068154137,20.0,11.820180136308274,1.9,0,False,2,-1.0,False,True,0.9901263668053133,True,False,False
B2,24.0,2,25.900000000000095,9,0.6,0.39999999999989555,0.7000000000001236,1.1074777392219008,True,False,1.162851626182996,0.1518091113474679,21.0,2.245835489119041,0.45000000000014495,2.1534645243792983,20.0,0.6765308329556241,1.9,0.6719524070273923,21.0,13.439048140547847,1.9047619047619047,2,False,2,0.0,True,False,1.1790636317874965,False,True,False
B2,24.0,2,38.70000000000028,20,1.5,1.6000000000000227,4.800000000000182,1.0075082936752418,False,True,1.0513130020959045,0.0279531442170268,24.0,1.932620255667759,0.2999999999996419,1.932620255667759,23.0,0.5279570084682312,1.9130434782608696,0.5279570084682312,23.0,10.559140169364625,1.9130434782608696,0,False,2,-1.0,False,True,1.0102333154626921,True,False,False
B2,24.0,2,40.3000000000003,25,1.5,4.300000000000068,1.6000000000000227,1.5100759614529313,False,True,1.57871577788261,0.1313620755781664,23.0,1.8567330238350424,0.34999999999952536,1.8518432861189449,22.0,0.5288852057518962,1.9090909090909092,0.5302817115779757,22.0,10.605634231559513,1.9090909090909092,0,False,2,-1.0,False,True,0.9725744410564507,False,False,True
B2,24.0,2,44.60000000000037,17,1.5,2.099999999999909,4.300000000000068,1.0524589257142603,False,True,1.1025760174149393,0.0341109599047477,22.0,1.9417657913178372,0.3499999999992127,1.9413020460029045,21.0,0.580836213916339,1.9047619047619047,0.5809749661901038,21.0,11.619499323802076,1.9047619047619047,0,False,2,-1.0,False,True,1.0194270404418646,True,False,False
B2,24.0,2,47.500000000000405,15,0.7999999999998977,0.7999999999998977,0.8000000000001251,1.1291810997232603,False,False,1.182951628281511,0.1415891932033138,22.0,2.149978804317629,0.2999999999990166,2.149978804317629,21.0,0.6432721540017172,1.9047619047619047,0.6432721540017172,21.0,12.865443080034344,1.9047619047619047,1,False,2,-1.0,False,False,1.1287388722667553,False,True,False
B2,24.0,2,49.30000000000043,18,0.6,0.20000000000000284,1.000000000000128,1.6007818646309746,True,False,1.677009572470545,0.1965168340379241,22.0,2.698140493278858,0.5499999999988745,1.9030943178618005,20.0,0.5978747128083111,1.9,0.8922587738987371,19.0,17.845175477974742,1.894736842105263,1,True,3,-3.0,True,False,1.424018593674953,False,True,False
B2,24.0,2,49.30000000000043,23,0.6,0.20000000000000284,1.000000000000128,1.6007818646309746,True,False,1.677009572470545,0.1965168340379241,22.0,2.698140493278858,0.5499999999988745,1.9030943178618005,20.0,0.5978747128083111,1.9,0.8922587738987371,19.0,17.845175477974742,1.894736842105263,1,True,3,-3.0,True,False,1.424018593674953,False,True,False
B2,24.0,2,49.50000000000043,19,1.5,2.5000000000000355,0.20000000000000284,1.4734044269680084,False,True,1.5435665425379137,0.1736617139937371,22.0,2.698140493278858,0.34999999999887166,1.9030943178618005,20.0,0.5978747128083111,1.9,0.8922587738987371,19.0,17.845175477974742,1.894736842105263,2,False,3,-3.0,True,False,1.424018593674953,False,True,False
B2,24.0,2,52.00000000000047,8,0.6,0.599999999999902,2.5000000000000355,1.4824485117375859,True,False,1.564806762389674,0.1705316705546429,19.0,1.7372988923195891,0.44999999999868834,1.735985346513314,18.0,0.6059732012606398,1.8888888888888888,0.6064317152445451,18.0,12.128634304890902,1.8888888888888888,1,False,2,-1.0,False,False,0.9197464724044884,False,False,True
B2,24.0,2,53.50000000000049,2,1.000000000000007,1.000000000000007,0.9000000000001194,1.4945681574240632,False,False,1.5775997217254,0.2156375868241558,19.0,1.876582205189955,0.34999999999858744,1.871064313556349,18.0,0.6531246557625172,1.8888888888888888,0.6550507632980107,18.0,13.101015265960214,1.8888888888888888,1,False,2,-1.0,False,False,0.9934846968652703,True,False,False
B2,24.0,2,54.5000000000005,12,0.9999999999999076,0.9999999999999076,1.000000000000007,1.6960673267382813,False,False,1.7958359930170038,0.2191744577871761,18.0,1.8004396677578796,0.39999999999852065,1.785027891258118,17.0,0.659744765838751,1.8823529411764706,0.665440945112918,17.0,13.30881890225836,1.8823529411764706,0,False,2,-1.0,False,True,0.9564835734963735,False,False,True
B2,24.0,2,56.000000000000526,5,1.2999999999999048,1.2999999999999048,0.5000000000001208,1.5759370753187854,False,False,1.6686392562198904,0.2568404060433539,18.0,1.7662383472181158,0.29999999999841265,1.7662383472181158,17.0,0.6528001666010601,1.8823529411764706,0.6528001666010601,17.0,13.056003332021202,1.8823529411764706,1,False,2,-1.0,False,False,0.938314121959624,False,False,True
B2,24.0,2,57.90000000000044,14,1.5,1.6000000000000227,0.4000000000000057,1.4787046192735542,False,True,1.5565311781826885,0.3051710445653928,20.0,2.0610065690982595,0.5499999999983771,2.0350597603383105,19.0,0.6729819781784254,1.894736842105263,0.6815624312083575,19.0,13.63124862416715,1.894736842105263,3,False,2,-1.0,False,False,1.0877534670240814,False,True,False
B2,24.0,2,59.50000000000046,9,0.6,0.5000000000000071,1.6000000000000227,1.6369180670097685,True,False,1.7278579596214223,0.2393371647228127,19.0,2.055013673554996,0.2499999999982805,2.055013673554996,18.0,0.717335095540772,1.8888888888888888,0.717335095540772,18.0,14.34670191081544,1.8888888888888888,1,False,2,-1.0,False,False,1.0879484154114685,False,True,False
B2,24.0,2,62.1000000000005,23,0.6,0.3999999999999986,0.6000000000000085,1.1620280497180508,True,False,1.2231874207558429,0.1659588980014424,20.0,2.0996555865243,0.49999999999808153,2.020913114236014,19.0,0.6683037677081192,1.894736842105263,0.6596262565693509,20.0,13.192525131387018,1.9,2,False,2,0.0,True,False,1.1050818876443684,False,True,False
B2,24.0,2,62.90000000000051,7,0.6,0.20000000000011653,0.4000000000000128,1.8881049555140117,True,False,1.987478900541065,0.3136191469025109,20.0,1.9662437864925832,0.04999999999805027,1.9457707522710823,19.0,0.6434546422004965,1.894736842105263,0.6177137034811677,20.0,12.354274069623354,1.9,3,False,3,0.0,True,False,1.0348651507855702,False,True,False
B2,24.0,2,63.10000000000063,4,0.8999999999998991,0.8999999999998991,0.20000000000011653,1.8010584486508858,False,False,1.8958509985798797,0.2811142695063617,20.0,1.9495120970987625,0.19999999999791385,1.9457707522710823,19.0,0.6434546422004965,1.894736842105263,0.6446918823505161,19.0,12.893837647010322,1.894736842105263,2,False,2,-1.0,False,False,1.0289091623576803,False,True,False
B2,24.0,2,66.1000000000004,18,0.6,0.10000000000000853,0.19999999999997442,1.3071713067703554,True,False,1.375969796600374,0.2136769174615211,20.0,1.886222323873036,0.299999999997965,1.886222323873036,19.0,0.6237623363912208,1.894736842105263,0.6237623363912208,19.0,12.475246727824416,1.894736842105263,4,False,4,-1.0,True,False,0.9955062264885468,True,False,False
B2,24.0,2,66.20000000000041,14,0.6,0.0999999999999801,0.10000000000000853,1.2822400177125195,True,False,1.349726334434231,0.2099593388887709,20.0,1.886222323873036,0.19999999999795648,1.886222323873036,19.0,0.6237623363912208,1.894736842105263,0.6237623363912208,19.0,12.475246727824416,1.894736842105263,4,False,4,-1.0,True,False,0.9955062264885468,True,False,False
B2,24.0,2,66.3000000000004,12,0.6,0.29999999999998295,0.0999999999999801,1.2590008595093547,True,False,1.325264062641426,0.2060758967781223,20.0,1.886222323873036,0.09999999999797637,1.886222323873036,19.0,0.6237623363912208,1.894736842105263,0.6237623363912208,19.0,12.475246727824416,1.894736842105263,4,False,5,-1.0,True,False,0.9955062264885468,True,False,False
B2,24.0,2,66.60000000000038,20,0.6000000000000796,0.6000000000000796,0.29999999999998295,1.5760487451174272,False,False,1.6745517916872663,0.2652664805966976,17.0,1.691992583543653,0.24999999999796785,1.6394618879088527,16.0,0.643815177861863,1.875,0.6253589965163711,17.0,12.507179930327421,1.8823529411764706,4,False,2,0.0,True,False,0.8988710600075656,False,False,True
B2,24.0,2,67.20000000000046,11,0.6,0.29999999999999716,0.6000000000000796,1.5178052335653502,True,False,1.6189922491363735,0.282733805391103,16.0,1.6955679349134911,0.5999999999978343,1.544105240668726,15.0,0.6467932907272491,1.8666666666666667,0.66584797099833,16.0,13.3169594199666,1.875,3,True,2,0.0,True,False,0.9043028986205286,False,False,True
B2,24.0,2,69.50000000000021,5,0.6000000000002927,0.6000000000002927,1.9999999999997584,1.2446738514265914,False,False,1.327652108188364,0.1767182380928751,16.0,1.5852088588384028,0.3999999999979593,1.5822338775439726,15.0,0.6627645767937382,1.8666666666666667,0.6640107340442913,15.0,13.280214680885827,1.8666666666666667,0,False,2,-1.0,False,True,0.8492190315205729,False,False,True
B2,24.0,2,70.50000000000048,23,0.6,0.4000000000000341,0.39999999999997726,1.5270484566929532,True,False,1.62885168713915,0.2931036594607158,16.0,1.6174330569920106,0.04999999999765237,1.467929067339259,15.0,0.6148846898591911,1.8666666666666667,0.6351644761899227,16.0,12.703289523798453,1.875,2,False,2,0.0,True,False,0.8626309637290723,False,False,True
B2,24.0,2,73.3,17,0.8000000000004093,0.8000000000004093,2.1999999999993776,1.1989231118256223,False,False,1.2738558063147236,0.1545320381472454,17.0,2.248973962487724,0.34999999999796216,2.248548958934109,16.0,0.8830031113280468,1.875,0.88317000983327,16.0,17.6634001966654,1.875,0,False,2,-1.0,False,True,1.199452779993453,False,True,False
B2,24.0,2,75.00000000000028,7,0.6,0.20000000000017337,0.3999999999999062,1.7396795189574896,True,False,1.8312415989026205,0.3557194772799541,20.0,2.2633706043377986,0.34999999999757847,2.146000803210211,19.0,0.7096695113645257,1.894736842105263,0.7110588462938718,20.0,14.221176925877437,1.9,5,False,2,0.0,True,False,1.1912476864935782,False,True,False
B2,24.0,2,76.9999999999999,21,0.6,0.5000000000003126,1.799999999999443,1.5338455112534666,True,False,1.61457422237207,0.220735851178341,20.0,1.9067936752152024,0.5999999999978343,1.7616760477590472,19.0,0.5825756346994657,1.894736842105263,0.5990369001967562,20.0,11.980738003935123,1.9,1,True,2,0.0,True,False,1.003575618534317,True,False,False
B2,24.0,2,82.1,4,0.9000000000002899,0.9000000000002899,0.7999999999999972,1.0507425008424747,False,False,1.1007778580254497,0.1378937778148102,22.0,1.992451654240729,0.2999999999974676,1.992451654240729,21.0,0.5961401409138576,1.9047619047619047,0.5961401409138576,21.0,11.922802818277152,1.9047619047619047,1,False,2,-1.0,False,False,1.0460371184763828,False,True,False
B2,24.0,2,88.39999999999971,11,1.5,1.700000000000287,3.3999999999998067,1.0174385929515573,False,True,1.0636858017220825,0.0418375786546116,23.0,1.8526963750241336,0.3999999999973909,1.8502998165596616,22.0,0.5284443918765795,1.9090909090909092,0.5291288473734781,22.0,10.582576947469562,1.9090909090909092,0,False,2,-1.0,False,True,0.9704600059650224,False,False,True
B2,24.0,2,93.99999999999966,7,1.5,2.4000000000000625,3.8999999999996646,1.009060205020831,False,True,1.0549265779763233,0.0328458890035021,23.0,1.9498735928766415,0.24999999999714362,1.9498735928766415,22.0,0.5568825958918175,1.9090909090909092,0.5568825958918175,22.0,11.137651917836351,1.9090909090909092,0,False,2,-1.0,False,True,1.0213623581734788,False,True,False
B2,24.0,2,103.1999999999983,19,1.0000000000009663,1.0000000000009663,1.1999999999986386,1.0122497511586739,False,False,1.0562606099047032,0.1134812801243341,24.0,2.005084658825066,0.299999999997965,2.005084658825066,23.0,0.5477529768687326,1.9130434782608696,0.5477529768687326,23.0,10.955059537374652,1.9130434782608696,0,False,2,-1.0,False,True,1.048112435294921,False,True,False
B2,24.0,2,104.19999999999926,11,1.5,3.599999999998772,1.0000000000009663,1.7847867405748605,False,True,1.8659134106009905,0.2057534803104574,23.0,1.8469919058358168,0.049999999996956035,1.816048328457532,22.0,0.5186621897496551,1.9090909090909092,0.5045648871837924,23.0,10.091297743675849,1.9130434782608696,0,False,2,0.0,True,True,0.9654730416869043,False,False,True
B2,24.0,2,107.79999999999804,15,0.6,0.19999999999998863,3.599999999998772,1.0148464666172474,True,False,1.0631724888371163,0.0329609943402396,22.0,1.9141874715473612,0.3999999999979593,1.912462943809168,21.0,0.5722075747174848,1.9047619047619047,0.5727235522101726,21.0,11.454471044203451,1.9047619047619047,1,False,3,-1.0,True,False,1.0049484225623646,True,False,False
B2,24.0,2,107.99999999999802,25,1.0000000000005116,1.0000000000005116,0.19999999999998863,1.0089273708619944,False,False,1.056971531379232,0.0308258642626079,22.0,1.9141874715473612,0.1999999999979707,1.912462943809168,21.0,0.5722075747174848,1.9047619047619047,0.5727235522101726,21.0,11.454471044203451,1.9047619047619047,1,False,3,-1.0,True,False,1.0049484225623646,True,False,False
B2,24.0,2,108.99999999999854,21,0.6,0.39999999999942304,1.0000000000005116,1.603292645099597,True,False,1.6876764685258916,0.2311388566712238,20.0,1.7423311714130505,0.3999999999973767,1.740852763862562,19.0,0.5756895004139064,1.894736842105263,0.5761784008664987,19.0,11.523568017329975,1.894736842105263,1,False,2,-1.0,False,False,0.9195636738013323,False,False,True
B2,24.0,2,109.39999999999796,13,1.5,1.8000000000003382,0.39999999999942304,1.6506295308123637,False,True,1.7423311714130505,0.2492938044622251,19.0,1.7420333816871003,0.049999999997965006,1.645190415101807,18.0,0.5742797913155755,1.8888888888888888,0.576079923601724,19.0,11.52159847203448,1.894736842105263,1,False,2,0.0,True,False,0.9194065070015253,False,False,True
B2,24.0,2,112.69999999999789,24,1.5,2.799999999999841,0.49999999999862155,1.1655025740714067,False,True,1.226844814812007,0.2098733775603515,20.0,2.107782788384722,0.2999999999978371,2.107782788384722,19.0,0.697031044563416,1.894736842105263,0.697031044563416,19.0,13.94062089126832,1.894736842105263,1,False,2,-1.0,False,False,1.1124409160919368,False,True,False
B2,24.0,2,115.49999999999773,16,0.6,0.3000000000003098,2.799999999999841,1.1691002659708696,True,False,1.234050280747029,0.1075639478377104,19.0,1.90921465321752,0.2999999999978371,1.90921465321752,18.0,0.6664416365193495,1.8888888888888888,0.6664416365193495,18.0,13.32883273038699,1.8888888888888888,2,False,3,-1.0,True,False,1.0107606987622164,True,False,False
B2,24.0,2,117.09999999999846,4,0.6,0.2999999999994998,0.09999999999992326,1.2661059364668692,True,False,1.3294112332902128,0.2170028179576495,21.0,2.0362886251059766,0.3999999999970214,1.9753180605076053,20.0,0.6205644707393931,1.9,0.6092561319258474,21.0,12.185122638516948,1.9047619047619047,2,False,2,0.0,True,False,1.0690515281806379,False,True,False
B2,24.0,2,122.89999999999765,12,0.6,0.39999999999994884,2.1999999999997613,1.1569896566989277,True,False,1.2120844022560195,0.1067493506314488,22.0,1.87446469158973,0.3499999999974932,1.8737093444269224,21.0,0.5606125248965874,1.9047619047619047,0.5608385242392147,21.0,11.216770484784293,1.9047619047619047,1,False,2,-1.0,False,False,0.9840939630846083,True,False,False
B2,24.0,2,123.2999999999976,25,0.6,0.20000000000013074,0.39999999999994884,1.7809701900055903,True,False,1.8700186995058696,0.2148048574794232,21.0,1.869963220707672,0.04999999999752447,,,,,0.5594916873007936,21.0,11.189833746015871,1.9047619047619047,2,False,1,0.0,True,False,0.9817306908715279,True,False,False
B2,24.0,2,124.49999999999709,6,0.6000000000013728,0.6000000000013728,0.9999999999993605,1.5660450211443275,False,False,1.644347272201544,0.2359611204672809,21.0,1.891168930747664,0.3999999999979593,1.8734352776217664,20.0,0.5885570505152495,1.9,0.5941282419534124,20.0,11.882564839068248,1.9,1,False,2,-1.0,False,False,0.9953520688145601,True,False,False
B2,24.0,2,129.1999999999974,24,0.8999999999998352,0.8999999999998352,4.099999999998943,1.0528260600524313,False,False,1.1054673630550529,0.0535476510445738,21.0,1.6940083464908606,0.34999999999780584,1.692094716378941,20.0,0.5315872330154185,1.9,0.532188417645548,20.0,10.64376835291096,1.9,0,False,2,-1.0,False,True,0.8915833402583477,False,False,True
B2,24.0,2,130.09999999999724,14,0.6,0.5000000000009095,0.8999999999998352,1.55816081055463,True,False,1.6401692742680318,0.1518059162197036,20.0,1.8651098145691103,0.3499999999981753,1.8642952646467423,19.0,0.6165111902669942,1.894736842105263,0.6167805570093199,19.0,12.335611140186398,1.894736842105263,2,False,2,-1.0,False,False,0.9843635132448083,True,False,False
B2,24.0,2,130.59999999999815,4,0.6,0.2999999999994998,0.5000000000009095,1.7642005631217548,True,False,1.862211705517408,0.2342934768111326,19.0,1.8561901788602928,0.049999999997311306,1.7388202997447992,18.0,0.6069627866212293,1.8888888888888888,0.6138308873234757,19.0,12.276617746469514,1.894736842105263,2,False,2,0.0,True,False,0.9796559277318213,False,False,True
B2,24.0,2,131.69999999999715,15,0.7999999999999545,0.7999999999999545,0.3999999999995225,1.663097560594586,False,False,1.7506290111521958,0.2476480875589203,20.0,2.1213352478897094,0.24999999999860734,2.1213352478897094,19.0,0.7015127611127783,1.894736842105263,0.7015127611127783,19.0,14.030255222255565,1.894736842105263,2,False,2,-1.0,False,False,1.1195936030529023,False,True,False
B2,24.0,2,132.99999999999662,2,1.5,2.0000000000011653,0.49999999999951683,1.743038500862561,False,True,1.8347773693290117,0.2813609037861516,20.0,1.808079899358524,0.04999999999938609,1.6515766817753317,19.0,0.5461664389795358,1.894736842105263,0.568025052892811,20.0,11.36050105785622,1.9,1,False,2,0.0,True,False,0.9516209996623811,False,False,True
B2,24.0,2,134.99999999999778,7,1.5,2.199999999999619,2.0000000000011653,1.1924577064354354,False,True,1.2587053567929596,0.1679294222154545,19.0,1.5137141043273885,0.4499999999987665,1.5104111911499567,18.0,0.5272329668907236,1.8888888888888888,0.5283859010877974,18.0,10.567718021755947,1.8888888888888888,0,False,2,-1.0,False,True,0.8013780552321469,False,False,True
B2,24.0,2,141.69999999999658,6,1.300000000001205,1.300000000001205,0.6999999999999602,1.206028674063607,False,False,1.2608481592483165,0.2042837027377581,23.0,1.869289693577608,0.3000000000014609,1.869149946014222,22.0,0.5338279762596398,1.9090909090909092,0.5338678880704117,22.0,10.677357761408235,1.9090909090909092,1,False,2,-1.0,False,False,0.9791517442549375,False,False,True
B2,24.0,2,144.09999999999644,20,0.6,0.3000000000005514,1.0999999999986585,1.1138394605253432,True,False,1.1644685269128587,0.1386468397903529,23.0,2.851665382665046,0.5500000000021998,1.9734550239037043,22.0,0.5636174368441589,1.9090909090909092,0.8532162873025557,21.0,17.064325746051114,1.9047619047619047,1,True,3,-2.0,True,False,1.4971243258991491,False,True,False
B2,24.0,2,144.399999999997,21,1.5,5.299999999999585,0.3000000000005514,1.8837525228171723,False,True,1.9734550239037043,0.2405641698030499,22.0,2.851665382665046,0.25000000000164846,2.851665382665046,21.0,0.8532162873025557,1.9047619047619047,0.8532162873025557,21.0,17.064325746051114,1.9047619047619047,1,False,2,-1.0,False,False,1.4971243258991491,False,True,False
B2,24.0,2,150.79999999999606,5,1.3000000000003809,1.3000000000003809,1.0999999999994827,1.0750304629858338,False,False,1.126222389794683,0.1424737100475154,22.0,1.5239595678737832,0.950000000004195,1.3695124598533723,21.0,0.409757169797623,1.9047619047619047,0.4559676364571574,21.0,9.119352729143147,1.9047619047619047,0,False,2,-1.0,False,True,0.8000787731337362,False,False,True
B2,24.0,3,27.900000000000126,14,1.5,1.8000000000000256,1.600000000000108,1.149778552004671,False,True,1.1997689238309612,0.1213754737458546,24.0,1.9098926033774757,0.20000000000013785,1.9098926033774757,23.0,0.5217482236448836,1.9130434782608696,0.5217482236448836,23.0,10.434964472897672,1.9130434782608696,0,False,2,-1.0,False,True,0.9983529517654987,True,False,False
B2,24.0,3,29.700000000000152,15,1.5,3.3000000000000753,1.8000000000000256,1.3217552521645042,False,True,1.3818350363537997,0.1048907518229015,23.0,1.90182233139895,0.3500000000001364,1.8954154433510135,22.0,0.5413293847574714,1.9090909090909092,0.5431591877050868,22.0,10.863183754101735,1.9090909090909092,0,False,2,-1.0,False,True,0.9961926497804023,True,False,False
B2,24.0,3,33.00000000000023,21,0.6,0.5999999999998948,3.3000000000000753,1.0181761103053,True,False,1.0666606869865047,0.0472060571387592,22.0,1.766586164662924,0.4000000000000128,1.76265069666764,21.0,0.5273838551900942,1.9047619047619047,0.528561344460801,21.0,10.571226889216021,1.9047619047619047,1,False,2,-1.0,False,False,0.9274577364480351,False,False,True
B2,24.0,3,33.60000000000012,25,1.100000000000101,1.100000000000101,0.5999999999998948,1.6637264677032588,False,False,1.746912791088422,0.1709224549926937,21.0,1.8945264917245093,0.30000000000008953,1.8943249598605891,20.0,0.5951197377409807,1.9,0.5951830508432963,20.0,11.903661016865925,1.9,1,False,2,-1.0,False,False,0.9971192061707944,True,False,False
B2,24.0,3,34.70000000000022,13,1.1999999999999034,1.1999999999999034,1.100000000000101,1.6347144350370972,False,False,1.7207520368811549,0.1926587272136097,20.0,1.7207520368811549,0.049999999999940314,1.7186117163420165,19.0,0.5683345202561498,1.894736842105263,0.5405901957715509,20.0,10.811803915431017,1.9,0,False,2,0.0,True,True,0.9056589667795553,False,False,True
B2,24.0,3,36.80000000000025,7,0.8999999999998991,0.8999999999998991,0.9000000000001265,1.0359758757093833,False,False,1.0905009217993509,0.0998401757143184,20.0,1.9247617289821484,0.34999999999977405,1.9226867902635467,19.0,0.6358209153101155,1.894736842105263,0.6365070850190637,19.0,12.730141700381274,1.894736842105263,1,False,2,-1.0,False,False,1.0158464680739117,True,False,False
B2,24.0,3,41.60000000000035,17,1.0999999999998735,1.0999999999998735,0.6000000000001222,1.0826581238980797,False,False,1.1367910300929838,0.179872388273886,21.0,2.010696585105572,0.2999999999994074,,,,,0.6015990114634047,21.0,12.031980229268093,1.9047619047619047,2,False,2,0.0,True,False,1.0556157071804253,False,True,False
B2,24.0,3,45.50000000000038,22,1.0000000000000142,1.0000000000000142,0.7000000000001236,1.1483355476401214,False,False,1.2005326179873996,0.1410844236804971,23.0,1.9482859473771523,0.2999999999991587,1.9482859473771523,22.0,0.5564291653974811,1.9090909090909092,0.5564291653974811,22.0,11.128583307949622,1.9090909090909092,1,False,2,-1.0,False,False,1.020530734340413,False,True,False
B2,24.0,3,46.50000000000039,6,1.5,1.6999999999999105,1.0000000000000142,1.7312931573172785,False,True,1.8137356886181013,0.1962679271368808,22.0,1.8004028085636985,0.049999999999101874,1.637294177345961,21.0,0.4898772723157538,1.9047619047619047,0.5141938397169223,22.0,10.283876794338447,1.9090909090909092,0,False,2,0.0,True,True,0.9430681378190802,False,False,True
B2,24.0,3,48.2000000000003,7,0.6,0.49999999999992184,1.6999999999999105,1.3646059482755493,True,False,1.4328362456893269,0.117023556777077,21.0,2.306600818553798,0.29999999999908056,2.306600818553798,20.0,0.7246400186332815,1.9,0.7246400186332815,20.0,14.49280037266563,1.9,1,False,2,-1.0,False,False,1.2140004308177885,False,True,False
B2,24.0,3,48.70000000000022,25,0.9000000000001265,0.9000000000001265,0.49999999999992184,2.1560934912001644,False,False,2.2695720960001733,0.2956629139113571,20.0,2.248066190315726,0.04999999999914451,2.038212429660508,19.0,0.6740245468923005,1.894736842105263,0.7062508228279478,20.0,14.125016456558956,1.9,1,False,2,0.0,True,False,1.183192731745119,False,True,False
B2,24.0,3,51.40000000000046,23,1.5,2.099999999999916,1.8000000000001108,1.2009303881224649,False,True,1.2641372506552262,0.1455384942063988,20.0,1.903422076241323,0.6499999999987196,1.890489314725296,19.0,0.6251734045085255,1.894736842105263,0.6294501906737233,19.0,12.589003813474466,1.894736842105263,0,False,2,-1.0,False,True,1.0045838735718093,True,False,False
B2,24.0,3,64.20000000000051,22,1.0000000000000568,1.0000000000000568,4.800000000000054,0.9932572255454212,False,False,1.0364423223082655,0.0238139827256777,24.0,1.8753396386470853,0.34999999999796216,1.8746986833999837,23.0,0.5121338792577257,1.9130434782608696,0.5123089766747322,23.0,10.246179533494644,1.9130434782608696,0,False,2,-1.0,False,True,0.9802911747473401,True,False,False
B2,24.0,3,65.20000000000057,2,1.5,3.2999999999998124,1.0000000000000568,1.6960622394166913,False,True,1.7731559775719954,0.1659826749546061,23.0,1.811300861200435,0.39999999999784563,1.810411046841372,22.0,0.5170521858849693,1.9090909090909092,0.5173063162716502,22.0,10.346126325433005,1.9090909090909092,0,False,2,-1.0,False,True,0.9487766415811802,False,False,True
B2,24.0,3,68.50000000000038,24,0.6,0.09999999999988063,3.2999999999998124,1.1058630162529435,True,False,1.1585231598840362,0.0454470177162713,22.0,2.0411472408973723,0.2999999999978513,2.0411472408973723,21.0,0.6107098263712629,1.9047619047619047,0.6107098263712629,21.0,12.214196527425258,1.9047619047619047,2,False,4,-1.0,True,False,1.0716023014711205,False,True,False
B2,24.0,3,68.60000000000026,15,0.6,0.100000000000108,0.09999999999988063,1.0995265288547187,True,False,1.1518849349906577,0.0426045463627937,22.0,2.0411472408973723,0.1999999999979707,2.0411472408973723,21.0,0.6107098263712629,1.9047619047619047,0.6107098263712629,21.0,12.214196527425258,1.9047619047619047,2,False,4,-1.0,True,False,1.0716023014711205,False,True,False
B2,24.0,3,68.70000000000037,8,0.6,0.5999999999999659,0.100000000000108,1.0934476834870825,True,False,1.1455166207959913,0.0407826624337466,22.0,2.0411472408973723,0.09999999999786269,2.0411472408973723,21.0,0.6107098263712629,1.9047619047619047,0.6107098263712629,21.0,12.214196527425258,1.9047619047619047,3,False,4,-1.0,True,False,1.0716023014711205,False,True,False
B2,24.0,3,69.30000000000034,3,0.8999999999998352,0.8999999999998352,0.5999999999999659,1.6601923546742319,False,False,1.7524252632672448,0.304802361495452,19.0,1.7605206443400898,0.5499999999978371,1.7479451535509354,18.0,0.6101479614748335,1.8888888888888888,0.6145376358613328,18.0,12.290752717226656,1.8888888888888888,3,False,2,-1.0,False,False,0.932040341121224,False,False,True
B2,24.0,3,70.20000000000017,13,1.5,2.000000000000341,0.8999999999998352,1.635451099929308,False,True,1.7316541058075023,0.2549296187700126,18.0,1.747480733356446,0.6999999999979423,1.7107245571475846,17.0,0.6322823177706476,1.8823529411764706,0.6458673687296841,17.0,12.917347374593682,1.8823529411764706,1,False,2,-1.0,False,False,0.9283491395956119,False,False,True
B2,24.0,3,74.9999999999999,4,0.9999999999999432,0.9999999999999432,1.7999999999993292,1.119308508002492,False,False,1.1814923140026306,0.1512785849356543,19.0,1.7706773815675187,0.34999999999796216,1.7705459820336145,18.0,0.6180371388888588,1.8888888888888888,0.6180830059789031,18.0,12.361660119578062,1.8888888888888888,0,False,2,-1.0,False,True,0.9374174373004511,False,False,True
B2,24.0,3,75.99999999999984,23,0.6,0.50000000000054,0.9999999999999432,1.5600335729702848,True,False,1.6518002537332428,0.1854399581747067,18.0,1.6374380941342068,0.049999999997979216,1.4720156866030485,17.0,0.544055725529538,1.8823529411764706,0.5715737208044551,18.0,11.431474416089102,1.8888888888888888,2,False,2,0.0,True,False,0.8668789910122272,False,False,True
B2,24.0,3,77.99999999999962,7,0.6,0.20000000000055707,0.6999999999992781,1.2119677835754437,True,False,1.272566172754216,0.2202257748799753,21.0,1.949031402108784,0.4999999999980673,,,,,0.5831488318553113,21.0,11.662976637106226,1.9047619047619047,2,False,1,0.0,True,False,1.0232414861071117,False,True,False
B2,24.0,3,84.69999999999938,21,0.6,0.10000000000042064,0.6999999999995339,1.0902018886918778,True,False,1.139756519996054,0.1594473646524689,23.0,2.0008155571239827,0.2999999999979366,2.0008155571239827,22.0,0.5714315868589885,1.9090909090909092,0.5714315868589885,22.0,11.42863173717977,1.9090909090909092,2,False,3,-1.0,True,False,1.0480462442078005,False,True,False
B2,24.0,3,84.7999999999998,15,1.199999999999818,1.199999999999818,0.10000000000042064,1.0844341338541237,False,False,1.1337265944838566,0.1516301901820613,23.0,2.0008155571239827,0.19999999999751594,2.0008155571239827,22.0,0.5714315868589885,1.9090909090909092,0.5714315868589885,22.0,11.42863173717977,1.9090909090909092,2,False,3,-1.0,True,False,1.0480462442078005,False,True,False
B2,24.0,3,89.09999999999921,12,1.5,3.0000000000001705,3.0999999999995964,1.1659533429355717,False,True,1.2214749306944084,0.0931828001882309,22.0,1.8926715014860076,0.2999999999978513,1.8926715014860076,21.0,0.5662859890216385,1.9047619047619047,0.5662859890216385,21.0,11.32571978043277,1.9047619047619047,0,False,2,-1.0,False,True,0.9936525382801541,True,False,False
B2,24.0,3,92.09999999999938,23,0.6,0.5999999999999943,3.0000000000001705,1.0998256974160232,True,False,1.1548169822868244,0.0729770820510231,21.0,1.922839705676213,0.2499999999975131,1.922839705676213,20.0,0.6040779093383151,1.9,0.6040779093383151,20.0,12.081558186766301,1.9,0,False,2,-1.0,False,True,1.0120208977243226,True,False,False
B2,24.0,3,93.79999999999896,19,1.2000000000002586,1.2000000000002586,0.9999999999991616,1.28275598222201,False,False,1.3438396004230582,0.165781701692719,22.0,2.032254219783175,0.24999999999783995,2.032254219783175,21.0,0.6080490406759695,1.9047619047619047,0.6080490406759695,21.0,12.16098081351939,1.9047619047619047,1,False,2,-1.0,False,False,1.066933465386167,False,True,False
B2,24.0,3,94.99999999999922,13,1.0999999999995822,1.0999999999995822,1.2000000000002586,1.619631686420343,False,False,1.7006132707413604,0.1753867809912929,21.0,1.916226648996302,0.2499999999974989,1.916226648996302,20.0,0.602000356309977,1.9,0.602000356309977,20.0,12.040007126199539,1.9,0,False,2,-1.0,False,True,1.0085403415770011,True,False,False
B2,24.0,3,96.0999999999988,18,1.000000000000398,1.000000000000398,1.0999999999995822,1.6368890843978268,False,False,1.7230411414713966,0.178897322587011,20.0,1.990826618696078,0.29999999999787974,1.990826618696078,19.0,0.6583543452491165,1.894736842105263,0.6583543452491165,19.0,13.16708690498233,1.894736842105263,0,False,2,-1.0,False,True,1.0507140487562634,False,True,False
B2,24.0,3,100.79999999999843,10,1.0000000000005258,1.0000000000005258,0.6999999999990507,1.1127766515414086,False,False,1.168415484118479,0.1522143768166115,21.0,1.8036668320788412,0.4499999999979707,1.7918378070737706,20.0,0.5629224491127403,1.9,0.5666386469182463,20.0,11.332772938364926,1.9,1,False,2,-1.0,False,False,0.9492983326730743,False,False,True
B2,24.0,3,105.19999999999877,2,1.5,2.199999999999875,1.099999999999966,1.0686309698902152,False,True,1.1172051048852252,0.1264268484319391,23.0,2.043748217016426,0.29999999999739657,2.043748217016426,22.0,0.5836931258514584,1.9090909090909092,0.5836931258514584,22.0,11.673862517029168,1.9090909090909092,0,False,2,-1.0,False,True,1.0705347803419374,False,True,False
B2,24.0,3,107.39999999999864,12,0.6,0.20000000000031548,2.199999999999875,1.3043049726942426,True,False,1.3664147332987304,0.1047821528161777,22.0,1.8862086888204463,0.3999999999973767,1.87774013570363,21.0,0.5618185348264024,1.9047619047619047,0.564352319993862,21.0,11.28704639987724,1.9047619047619047,2,False,3,-1.0,True,False,0.9902595616307344,True,False,False
B2,24.0,3,107.59999999999896,15,0.6,0.39999999999918145,0.20000000000031548,1.2253801135378615,True,False,1.2837315475158548,0.0899754382588401,22.0,1.8862086888204463,0.1999999999970612,1.87774013570363,21.0,0.5618185348264024,1.9047619047619047,0.564352319993862,21.0,11.28704639987724,1.9047619047619047,2,False,2,-1.0,False,False,0.9902595616307344,True,False,False
B2,24.0,3,107.99999999999814,5,0.6000000000004206,0.6000000000004206,0.39999999999918145,1.6950743462551139,False,False,1.784288785531699,0.2577376022798501,20.0,1.777891347866822,0.04999999999786553,1.696374263770262,19.0,0.5609807289262578,1.894736842105263,0.5585410397339263,20.0,11.170820794678527,1.9,2,False,2,0.0,True,False,0.9357322883509589,False,False,True
B2,24.0,3,108.59999999999856,8,0.6,0.19999999999987494,0.6000000000004206,1.5957894821985066,True,False,1.6844444534317569,0.2644487582728528,19.0,1.7036170832873971,0.4999999999973852,,,,,0.5633758856195534,19.0,11.267517712391069,1.894736842105263,4,False,1,0.0,True,False,0.8991312384016819,False,False,True
B2,24.0,3,109.09999999999852,18,1.5,2.3999999999993236,0.3000000000000824,1.613953026272271,False,True,1.7036170832873971,0.3246151433134894,19.0,1.862933160294573,0.699999999997388,1.8301600158333329,18.0,0.6388463622928642,1.8888888888888888,0.6502863478344718,18.0,13.005726956689436,1.8888888888888888,2,False,2,-1.0,False,False,0.9862587319206563,True,False,False
B2,24.0,3,111.49999999999784,6,1.5,1.7000000000009265,2.3999999999993236,1.278461014480215,False,True,1.3536646035672866,0.1426659674092318,18.0,2.0388637194010664,0.299999999997965,2.0388637194010664,17.0,0.7535622685342531,1.8823529411764706,0.7535622685342531,17.0,15.071245370685062,1.8823529411764706,0,False,2,-1.0,False,True,1.0831463509318164,False,True,False
B2,24.0,3,113.59999999999772,9,1.5,1.8000000000009209,0.3999999999989541,1.3867798520591839,False,True,1.46835513747443,0.25013938602762,18.0,1.9282361384531728,0.5999999999979195,1.8990652159993575,17.0,0.7018928625025289,1.8823529411764706,0.7126744102295106,17.0,14.253488204590212,1.8823529411764706,1,False,2,-1.0,False,False,1.0243754485532481,False,True,False
B2,24.0,3,119.099999999998,19,0.6,0.39999999999983515,1.9999999999994884,1.0754956448786812,True,False,1.1267097232062375,0.0941856271308646,22.0,1.776269247045703,0.5999999999973369,1.6672077230660134,21.0,0.4988273842659385,1.9047619047619047,0.5073013106651141,22.0,10.146026213302282,1.9090909090909092,1,True,2,0.0,True,False,0.9304267484525112,False,False,True
B2,24.0,3,122.49999999999724,17,1.5,4.600000000000762,0.8999999999995225,1.1179734824635246,False,True,1.1687904589391394,0.1556163484325519,23.0,2.116427813805673,0.2999999999979224,2.116427813805673,22.0,0.6044503701550008,1.9090909090909092,0.6044503701550008,22.0,12.089007403100016,1.9090909090909092,1,False,2,-1.0,False,False,1.108605045326781,False,True,False
B2,24.0,3,127.39999999999829,15,1.5,3.0999999999989,0.3000000000002814,1.0929772897658732,False,True,1.142658075664322,0.1768324033399644,23.0,1.821785519894088,0.29999999999660076,1.821785519894088,22.0,0.5203007277923208,1.9090909090909092,0.5203007277923208,22.0,10.406014555846417,1.9090909090909092,1,False,2,-1.0,False,False,0.954268605658808,False,False,True
B2,24.0,3,132.19999999999678,20,0.6,0.4000000000003183,1.6999999999995907,1.0809903578691704,True,False,1.13012628322686,0.0841180515498675,23.0,1.9473927736796828,0.5999999999991701,1.9345764419304343,22.0,0.5525137397978668,1.9090909090909092,0.5561740755859947,22.0,11.123481511719895,1.9090909090909092,1,True,2,-1.0,False,False,1.0200628814512624,False,True,False
B2,24.0,3,132.5999999999971,22,0.6,0.3999999999996646,0.4000000000003183,1.8509211280290323,True,False,1.939060229363748,0.2159194092697551,22.0,2.836705110692661,0.24999999999886313,2.836705110692661,21.0,0.8487401843954938,1.9047619047619047,0.8487401843954938,21.0,16.974803687909876,1.9047619047619047,2,False,2,-1.0,False,False,1.4892701831136472,False,True,False
B2,24.0,3,132.99999999999676,16,1.5,2.400000000001512,0.3999999999996646,2.676466963190668,False,True,2.810290311350202,0.4078941127661461,21.0,2.7980554166827787,0.04999999999924398,2.596990729039365,20.0,0.8158686995790871,1.9,0.8371762229893092,21.0,16.743524459786183,1.9047619047619047,2,False,2,0.0,True,False,1.4689790937584588,False,True,False
B2,24.0,3,137.39999999999694,5,0.6,0.5000000000003126,1.9999999999986642,1.0495710009690653,True,False,1.1020495510175186,0.0814771993862411,21.0,1.9438934612009144,0.2500000000001137,1.9438934612009144,20.0,0.6106921417070028,1.9,0.6106921417070028,20.0,12.213842834140056,1.9,1,False,2,-1.0,False,False,1.0231018216846919,False,True,False
B2,24.0,3,137.89999999999725,23,1.5,2.299999999999528,0.5000000000003126,1.8375202914086324,False,True,1.934231885693297,0.2252962539232912,20.0,1.92910141665112,0.04999999999986926,1.8023790502420527,19.0,0.5960358719183771,1.894736842105263,0.6060450838580822,20.0,12.120901677161644,1.9,1,False,2,0.0,True,False,1.0153165350795368,True,False,False
B2,24.0,3,140.9999999999972,2,1.5,2.099999999999312,0.40000000000009095,1.1502541772586392,False,True,1.2077668861215711,0.2278081103906363,21.0,2.398878972637479,0.2500000000006821,,,,,0.7177429102179937,21.0,14.354858204359875,1.9047619047619047,3,False,2,0.0,True,False,1.2594114606346765,False,True,False
B2,24.0,3,143.0999999999965,10,1.5,2.3000000000004377,2.099999999999312,1.5105387407116453,False,True,1.5860656777472275,0.1867932254526887,21.0,2.020674811090942,0.2500000000018474,2.020674811090942,20.0,0.6348137141817247,1.9,0.6348137141817247,20.0,12.696274283634494,1.9,0,False,2,-1.0,False,True,1.063513058468917,False,True,False
B2,24.0,3,150.39999999999574,11,0.700000000000756,0.700000000000756,1.3999999999985562,1.070882594120252,False,False,1.1195590756711726,0.1316598913122761,23.0,2.0720509217149656,0.2000000000042519,2.0720509217149656,22.0,0.5917763594112451,1.9090909090909092,0.5917763594112451,22.0,11.835527188224901,1.9090909090909092,0,False,2,-1.0,False,True,1.085360006612601,False,True,False
B2,24.0,4,25.800000000000097,21,0.6,0.09999999999999787,7.000000000000121,1.015456098798927,True,False,1.0596063639640978,0.0421583767296024,24.0,2.0221201286364225,0.20000000000013785,2.0221201286364225,23.0,0.5524067600695854,1.9130434782608696,0.5524067600695854,23.0,11.048135201391709,1.9130434782608696,1,False,3,-1.0,True,False,1.057017339969039,False,True,False
B2,24.0,4,25.900000000000095,2,1.5,3.5000000000000817,0.09999999999999787,1.0148479257559393,False,True,1.0589717486148933,0.0416959472983986,24.0,2.0221201286364225,0.10000000000013998,2.0221201286364225,23.0,0.5524067600695854,1.9130434782608696,0.5524067600695854,23.0,11.048135201391709,1.9130434782608696,1,False,3,-1.0,True,False,1.057017339969039,False,True,False
B2,24.0,4,29.400000000000176,19,1.5,3.5000000000000213,3.5000000000000817,1.0989429112687106,False,True,1.15127352609103,0.0716484891103159,22.0,1.992163653580237,0.20000000000011298,1.992163653580237,21.0,0.5960539713177404,1.9047619047619047,0.5960539713177404,21.0,11.921079426354808,1.9047619047619047,0,False,2,-1.0,False,True,1.0458859181296245,False,True,False
B2,24.0,4,32.9000000000002,22,0.8999999999998991,0.8999999999998991,3.5000000000000213,1.1094993634416213,False,False,1.1649743316137022,0.0620038172800745,21.0,2.0618184611754624,0.25000000000005684,2.0618184611754624,20.0,0.6477393730664645,1.9,0.6477393730664645,20.0,12.954787461329289,1.9,0,False,2,-1.0,False,True,1.0851676111449802,False,True,False
B2,24.0,4,40.30000000000019,21,0.6000000000000085,0.6000000000000085,2.900000000000013,1.0391944878699046,False,False,1.0864306009549003,0.0473936609489111,23.0,1.8341481696792936,0.3999999999996433,1.8251768233150985,22.0,0.5212692817844609,1.9090909090909092,0.5238314923145122,22.0,10.476629846290244,1.9090909090909092,0,False,2,-1.0,False,True,0.9607442793558204,False,False,True
B2,24.0,4,41.10000000000032,17,1.5,1.8000000000000185,0.20000000000012363,1.1459950388311386,False,True,1.1980857224143722,0.0827705898902822,23.0,1.8654076047068804,0.29999999999946425,1.8654076047068804,22.0,0.5327591660816062,1.9090909090909092,0.5327591660816062,22.0,10.655183321632125,1.9090909090909092,2,False,2,-1.0,False,False,0.9771182691321754,False,False,True
B2,24.0,4,42.90000000000034,23,1.0000000000000142,1.0000000000000142,1.8000000000000185,1.3344669503613178,False,False,1.3980129956166187,0.1027441021671469,22.0,1.717811078490162,0.29999999999934346,1.717811078490162,21.0,0.5139678728037955,1.9047619047619047,0.5139678728037955,21.0,10.27935745607591,1.9047619047619047,0,False,2,-1.0,False,True,0.9018508162073351,False,False,True
B2,24.0,4,43.900000000000354,24,1.200000000000017,1.200000000000017,1.0000000000000142,1.5278136882181659,False,False,1.6042043726290744,0.1388653314307285,21.0,2.437008562000486,0.2999999999992724,2.437008562000486,20.0,0.7656088195116153,1.9,0.7656088195116153,20.0,15.312176390232306,1.9,0,False,2,-1.0,False,True,1.2826360852634138,False,True,False
B2,24.0,4,45.10000000000037,6,1.3000000000000185,1.3000000000000185,1.200000000000017,1.9147130720206404,False,False,2.015487444232253,0.2369579730239924,20.0,1.9806326140586024,0.04999999999920135,1.8249440568346744,19.0,0.6034979833857017,1.894736842105263,0.6222340869786853,20.0,12.444681739573706,1.9,0,False,2,0.0,True,True,1.0424382179255802,False,True,False
B2,24.0,4,46.40000000000039,5,1.5,1.8999999999997996,1.3000000000000185,1.6073136773421641,False,True,1.696608881638951,0.1766132563559581,19.0,2.513845866556727,0.2999999999991019,2.513845866556727,18.0,0.877497745181298,1.8888888888888888,0.877497745181298,18.0,17.54995490362596,1.8888888888888888,0,False,2,-1.0,False,True,1.330859576412385,False,True,False
B2,24.0,4,55.500000000000405,22,1.5,2.8000000000001535,1.1000000000000156,1.2007390989774525,False,True,1.2529451467590809,0.1963348494529451,24.0,1.8766499190920316,0.44999999999855333,1.858459769339601,23.0,0.507697700726041,1.9130434782608696,0.5126669216677744,23.0,10.253338433355488,1.9130434782608696,0,False,2,-1.0,False,True,0.9809760940708346,True,False,False
B2,24.0,4,58.30000000000056,25,1.400000000000034,1.400000000000034,2.8000000000001535,1.082557284040229,False,False,1.131764433314785,0.0910468957428386,23.0,1.910177071134228,0.2999999999982492,1.910177071134228,22.0,0.5455452957937235,1.9090909090909092,0.5455452957937235,22.0,10.91090591587447,1.9090909090909092,0,False,2,-1.0,False,True,1.0005689420226909,True,False,False
B2,24.0,4,59.70000000000059,8,1.5,1.70000000000001,1.400000000000034,1.3796145655962446,False,True,1.4453104972913038,0.1187478081260016,22.0,1.9191086819465235,0.39999999999812985,1.9180104524000137,21.0,0.5738673854065066,1.9047619047619047,0.5741959749184371,21.0,11.483919498368742,1.9047619047619047,0,False,2,-1.0,False,True,1.007532058021925,True,False,False
B2,24.0,4,61.4000000000006,14,1.0,1.0,1.70000000000001,1.4874539871169283,False,False,1.5618266864727748,0.1443239250638987,21.0,1.9432132329647147,0.4999999999980176,1.9387643419869445,20.0,0.6090807813828034,1.9,0.6104784417040419,20.0,12.209568834080837,1.9,0,False,2,-1.0,False,True,1.0227438068235342,False,True,False
B2,24.0,4,62.4000000000006,11,0.6,0.49999999999993605,1.0,1.7647899142078778,True,False,1.857673593903029,0.2164859762829526,20.0,1.96689904299346,0.49999999999796074,1.9545485264235023,19.0,0.6463573991259821,1.894736842105263,0.6504416404022155,19.0,13.00883280804431,1.894736842105263,1,False,2,-1.0,False,False,1.0380856060243262,False,True,False
B2,24.0,4,62.90000000000054,19,0.6,0.5999999999998664,0.49999999999993605,1.8633780407306464,True,False,1.96689904299346,0.2849365022921339,19.0,1.96622464231433,0.04999999999802185,1.8413867587321404,18.0,0.6427652348500459,1.8888888888888888,0.6502186201686229,19.0,13.004372403372457,1.894736842105263,2,False,2,0.0,True,False,1.037729672332563,False,True,False
B2,24.0,4,70.10000000000034,25,0.6,0.30000000000026716,0.6999999999997328,1.1448735817039888,True,False,1.1993913713089406,0.1695619526623963,22.0,2.0351406517535486,0.399999999997803,1.9442438544892868,21.0,0.5817164009572044,1.9047619047619047,0.5812348109609902,22.0,11.624696219219803,1.9090909090909092,2,False,2,0.0,True,False,1.0660260556804302,False,True,False
B2,24.0,4,71.00000000000024,13,0.6,0.19999999999987494,0.09999999999969589,1.9521746476670325,True,False,2.040909858924625,0.3300942817385457,23.0,2.025172634651137,0.04999999999786553,1.870174970628735,22.0,0.5341207226049765,1.9090909090909092,0.5532406496757476,23.0,11.064812993514952,1.9130434782608696,5,False,3,0.0,True,False,1.0586129681130942,False,True,False
B2,24.0,4,71.20000000000012,17,0.6,0.30000000000009663,0.19999999999987494,1.8836288749044732,True,False,1.9692483692183127,0.3058647099456058,23.0,1.9479085222405863,0.049999999997979216,1.870174970628735,22.0,0.5341207226049765,1.9090909090909092,0.5321334872466066,23.0,10.642669744932132,1.9130434782608696,4,False,4,0.0,True,False,1.0182249093530338,True,False,False
B2,24.0,4,71.50000000000021,4,1.5,3.09999999999971,0.30000000000009663,1.7538078886194626,False,True,1.8414982830504356,0.3596019891323765,21.0,1.8471760328603783,0.199999999997857,1.7502259834771885,20.0,0.5498497091813905,1.9,0.5526737766401242,21.0,11.053475532802484,1.9047619047619047,3,False,2,0.0,True,False,0.9697674172516987,False,False,True
B2,24.0,4,74.59999999999992,5,1.5,2.0999999999999943,3.09999999999971,1.3515196484675758,False,True,1.4226522615448167,0.1447089594170763,20.0,1.8545879825209597,0.299999999997965,1.8545879825209597,19.0,0.6133010506656591,1.894736842105263,0.6133010506656591,19.0,12.266021013313182,1.894736842105263,0,False,2,-1.0,False,True,0.9788103241082843,False,False,True
B2,24.0,4,76.69999999999992,12,1.4000000000004178,1.4000000000004178,2.0999999999999943,1.197080507451589,False,False,1.2635849800877883,0.1095283369744459,19.0,2.092504340803794,0.3499999999978485,2.090358863139387,18.0,0.7296728942005566,1.8888888888888888,0.7304218071859947,18.0,14.608436143719894,1.8888888888888888,0,False,2,-1.0,False,True,1.1077964157196556,False,True,False
B2,24.0,4,79.9,14,1.5,2.6999999999999176,0.3999999999997925,1.357392497384961,False,True,1.4220302353556733,0.2998392596097176,22.0,1.9016839387896105,0.5499999999975671,1.8892763514620992,21.0,0.5652701625099295,1.9047619047619047,0.5689825039572516,21.0,11.379650079145032,1.9047619047619047,3,False,2,-1.0,False,False,0.9983840678645456,True,False,False
B2,24.0,4,88.09999999999916,23,1.5,2.5999999999997385,0.1999999999991502,1.088571143962282,False,True,1.135900324134555,0.2078548996080976,24.0,2.0068139115572,0.34999999999796216,2.0066069111861733,23.0,0.5481688287673903,1.9130434782608696,0.5482253775365127,23.0,10.964507550730254,1.9130434782608696,1,False,2,-1.0,False,False,1.0490163628594456,False,True,False
B2,24.0,4,90.6999999999989,21,0.6,0.3999999999999915,2.5999999999997385,1.115522824069568,True,False,1.1662284069818212,0.0827608391213033,23.0,2.0014470377863023,0.2999999999980645,2.0014470377863023,22.0,0.5716119373144091,1.9090909090909092,0.5716119373144091,22.0,11.432238746288181,1.9090909090909092,2,False,2,-1.0,False,False,1.048377019792825,False,True,False
B2,24.0,4,91.09999999999889,22,1.5,1.8000000000001108,0.3999999999999915,1.9067470744489305,False,True,1.997544554184594,0.2257430984455623,22.0,1.993687848215423,0.04999999999807869,1.87468640017208,21.0,0.5609048592919335,1.9047619047619047,0.5693959179549832,22.0,11.387918359099665,1.9090909090909092,2,False,3,0.0,True,False,1.044312682398555,False,True,False
B2,24.0,4,91.09999999999944,5,1.5,1.7999999999995566,0.4000000000005457,1.9067470744489305,False,True,1.997544554184594,0.2257430984455623,22.0,1.993687848215423,0.04999999999752447,1.87468640017208,21.0,0.5609048592919335,1.9047619047619047,0.5693959179549832,22.0,11.387918359099665,1.9090909090909092,2,False,3,0.0,True,False,1.044312682398555,False,True,False
B2,24.0,4,92.899999999999,10,0.6,0.5000000000001279,1.7999999999995566,1.2580495133280252,True,False,1.3242626456084476,0.1483688947503882,20.0,1.6576703591224538,0.5499999999978371,1.6415086681150397,19.0,0.5428370076372815,1.894736842105263,0.5481815812939637,19.0,10.963631625879273,1.894736842105263,1,True,2,-1.0,False,False,0.8748815784257395,False,False,True
B2,24.0,4,93.39999999999912,8,1.5,2.7000000000000313,0.5000000000001279,1.5695751009038077,False,True,1.6567737176206858,0.1857293694019438,19.0,1.704187425965106,0.4999999999976694,1.6976811143591637,18.0,0.5926025018898757,1.8888888888888888,0.594873633083564,18.0,11.89747266167128,1.8888888888888888,1,False,2,-1.0,False,False,0.902216872569762,False,False,True
B2,24.0,4,98.49999999999868,20,0.6,0.200000000000216,2.3999999999995225,1.0115850231859493,True,False,1.0677841911407244,0.0700623868964995,19.0,1.5655836139793844,0.2999999999978371,,,,,0.5177290505534939,19.0,10.354581011069879,1.894736842105263,1,False,1,0.0,True,False,0.8262802407113418,False,False,True
B2,24.0,4,99.89999999999893,11,1.000000000000071,1.000000000000071,0.7999999999994856,1.3207799751068496,False,False,1.386818973862192,0.241935802124901,21.0,2.183365580655303,0.29999999999751026,2.183365580655303,20.0,0.6859245268287513,1.9,0.6859245268287513,20.0,13.718490536575025,1.9,2,False,2,-1.0,False,False,1.1491397792922649,False,True,False
B2,24.0,4,106.59999999999822,18,1.3000000000007077,1.3000000000007077,0.09999999999953957,1.1230347450323408,False,False,1.1740817788974474,0.1721419514960088,23.0,1.9189063685919685,0.29999999999786553,1.9189063685919685,22.0,0.5480383773177451,1.9090909090909092,0.5480383773177451,22.0,10.960767546354901,1.9090909090909092,1,False,2,-1.0,False,False,1.0051414311672215,True,False,False
B2,24.0,4,110.09999999999802,15,1.5,4.199999999999662,2.1999999999990933,1.0745237096803444,False,True,1.1233656964839964,0.1046015452595181,23.0,2.127660121942302,0.29999999999786553,2.127660121942302,22.0,0.6076583098572637,1.9090909090909092,0.6076583098572637,22.0,12.153166197145273,1.9090909090909092,0,False,2,-1.0,False,True,1.1144886353031107,False,True,False
B2,24.0,4,114.29999999999768,24,0.6,0.30000000000053717,4.199999999999662,1.0726116529905212,True,False,1.1236883983710222,0.0697199653203333,22.0,1.858121718548616,0.3999999999979593,1.7742026418325891,21.0,0.5308401891010348,1.9047619047619047,0.5306783218607247,22.0,10.613566437214494,1.9090909090909092,1,False,2,0.0,True,False,0.9733018525730845,False,False,True
B2,24.0,4,116.59999999999764,16,0.6,0.40000000000020464,1.9999999999994174,1.1543793062571601,True,False,1.209349749412263,0.1307381120281815,22.0,1.565369422249676,0.49999999999783995,1.5598217676745831,21.0,0.4666975815462777,1.9047619047619047,0.4683574359136839,21.0,9.367148718273677,1.9047619047619047,1,False,2,-1.0,False,False,0.8218189466810799,False,False,True
B2,24.0,4,116.99999999999784,22,1.100000000000179,1.100000000000179,0.40000000000020464,1.4895322959000228,False,False,1.564008910695024,0.1548064164116614,21.0,1.9485940236648385,0.249999999997641,1.9485940236648385,20.0,0.6121688669574432,1.9,0.6121688669574432,20.0,12.243377339148864,1.9,1,False,2,-1.0,False,False,1.0255758019288623,False,True,False
B2,24.0,4,125.79999999999758,4,1.5,5.599999999999241,0.7999999999997414,1.0817048488280834,False,True,1.1287354944293044,0.1840951358467172,24.0,1.965569861095674,0.29999999999739657,1.965569861095674,23.0,0.5369582465857112,1.9130434782608696,0.5369582465857112,23.0,10.739164931714225,1.9130434782608696,1,False,2,-1.0,False,False,1.0274569728454659,False,True,False
B2,24.0,4,131.39999999999682,7,1.5,2.4000000000007446,5.599999999999241,1.0148595268228264,False,True,1.060989505314773,0.0354014593908737,23.0,2.012023218014965,0.24999999999886313,2.012023218014965,22.0,0.5746324873243553,1.9090909090909092,0.5746324873243553,22.0,11.492649746487107,1.9090909090909092,0,False,2,-1.0,False,True,1.0539169237221244,False,True,False
B2,24.0,4,138.69999999999675,17,0.7000000000000739,0.7000000000000739,4.8999999999991815,1.0148809042074867,False,False,1.061011854398736,0.0359700328656727,23.0,1.919982382202201,0.2500000000006253,1.919982382202201,22.0,0.5483456860862059,1.9090909090909092,0.5483456860862059,22.0,10.966913721724119,1.9090909090909092,0,False,2,-1.0,False,True,1.00570505734401,True,False,False
B2,24.0,4,139.99999999999633,9,1.1999999999999602,1.1999999999999602,0.5999999999995111,1.6821288554255176,False,False,1.7585892579448592,0.2316883509412125,23.0,1.9955994157709565,0.5000000000013642,1.985682689296372,22.0,0.5671096499139914,1.9090909090909092,0.5970819489613448,21.0,11.941638979226896,1.9047619047619047,2,False,3,-2.0,True,False,1.0476896932797521,False,True,False
B2,24.0,4,139.99999999999704,14,1.1999999999992497,1.1999999999992497,0.6000000000002217,1.6821288554255176,False,False,1.7585892579448592,0.2316883509412125,23.0,1.9955994157709565,0.5000000000006537,1.985682689296372,22.0,0.5671096499139914,1.9090909090909092,0.5970819489613448,21.0,11.941638979226896,1.9047619047619047,2,False,3,-2.0,True,False,1.0476896932797521,False,True,False
B2,24.0,4,141.1999999999963,3,0.9000000000004036,0.9000000000004036,1.1999999999992497,1.7829272466309456,False,False,1.8720736089624928,0.2868965344166955,21.0,1.8536558813391504,1.5631940186722204e-12,1.715280959948986,20.0,0.5388714062618183,1.9,0.5546125427712942,21.0,11.092250855425885,1.9047619047619047,0,False,2,0.0,True,True,0.973169337703054,False,False,True
B2,24.0,4,142.0999999999967,25,1.5,3.500000000000199,0.9000000000004036,1.5269561424230322,False,True,1.6073222551821391,0.2058560723750179,20.0,1.8160728666173964,0.5500000000014893,1.791581904786092,19.0,0.5924653210926731,1.894736842105263,0.6005643343314704,19.0,12.011286686629408,1.894736842105263,1,False,2,-1.0,False,False,0.9584829018258482,False,False,True
B2,24.0,4,145.5999999999969,4,1.0999999999998522,1.0999999999998522,3.500000000000199,1.0439801577095529,False,False,1.1019790553600837,0.0455637461359261,19.0,1.8481762772063863,0.25000000000201794,1.8481762772063863,18.0,0.6451352238900574,1.8888888888888888,0.6451352238900574,18.0,12.902704477801148,1.8888888888888888,0,False,2,-1.0,False,True,0.978446264403381,False,False,True
B2,24.0,4,147.09999999999673,17,0.8999999999996078,0.8999999999996078,0.39999999999997726,1.5222530229964941,False,False,1.6068226353851882,0.2525842212081909,19.0,1.5850345341089227,2.4726887204451486e-12,1.4194744302205835,18.0,0.4954900491043936,1.8888888888888888,0.5241613524255486,19.0,10.483227048510972,1.894736842105263,1,False,2,0.0,True,False,0.8365460041130426,False,False,True
B2,24.0,4,148.39999999999645,8,0.6,0.29999999999972715,0.39999999999940883,1.2266456452874466,True,False,1.2912059424078384,0.2453742909035463,20.0,2.076734734457305,0.5500000000031662,2.0414021025854443,19.0,0.6750793524742305,1.894736842105263,0.7249171761362021,18.0,14.498343522724042,1.8888888888888888,3,True,3,-2.0,True,False,1.0994478005950437,False,True,False
B2,24.0,4,148.69999999999618,24,0.6,0.5000000000001137,0.29999999999972715,1.9339598866598946,True,False,2.0414021025854443,0.3266609351064933,19.0,2.15213720269203,0.5500000000035072,2.076734734457305,18.0,0.7249171761362021,1.8888888888888888,0.7116987816310072,19.0,14.233975632620144,1.894736842105263,5,True,2,0.0,True,False,1.1358501903096825,False,True,False
B2,24.0,4,149.2999999999957,2,0.8000000000010061,0.8000000000010061,0.09999999999939746,2.038866823602976,False,False,2.15213720269203,0.3991399593512348,19.0,2.1415959234736643,4.007461029686965e-12,1.9808217306814,18.0,0.6914372219088563,1.8888888888888888,0.7082128442255486,19.0,14.164256884510973,1.894736842105263,3,False,2,0.0,True,False,1.1302867373888785,False,True,False
B2,24.0,4,152.7999999999955,6,0.6,0.4000000000005457,2.699999999998795,1.1557361464665366,True,False,1.219943710159122,0.0908341017666625,19.0,2.0962393370470824,0.25000000000505906,2.0962393370470824,18.0,0.7317255668258946,1.8888888888888888,0.7317255668258946,18.0,14.634511336517892,1.8888888888888888,1,False,2,-1.0,False,False,1.109773766671985,False,True,False
B2,24.0,4,153.19999999999604,16,0.6,0.40000000000085834,0.4000000000005457,1.9678261207794945,True,False,2.083580598472406,0.2702990015138871,18.0,2.0760816138173017,4.575895218295045e-12,1.912278691063024,17.0,0.7067765514658708,1.8823529411764706,0.7246891940245863,18.0,14.493783880491726,1.8888888888888888,2,False,2,0.0,True,False,1.099102030844454,False,True,False
B2,24.0,5,30.20000000000016,19,0.6,0.5000000000000071,4.7000000000001805,0.97581494933691,True,False,1.0182416862646018,0.019100346029782,24.0,1.8457363885452536,0.20000000000013785,1.8457363885452536,23.0,0.5042219024971413,1.9130434782608696,0.5042219024971413,23.0,10.084438049942825,1.9130434782608696,1,False,2,-1.0,False,False,0.9648167485577461,False,False,True
B2,24.0,5,30.700000000000166,24,0.6,0.40000000000000213,0.5000000000000071,1.7581307570626057,True,False,1.8380457914745425,0.1790548742284003,23.0,1.831374055177018,1.3500311979441904e-13,1.8064281670776987,22.0,0.5159146780844521,1.9090909090909092,0.5002983719755711,23.0,10.005967439511423,1.9130434782608696,2,False,2,0.0,True,False,0.9573091652061684,False,False,True
B2,24.0,5,31.10000000000017,9,1.5,3.200000000000049,0.40000000000000213,1.721007331816825,False,True,1.8029600619033408,0.2343011170001693,22.0,1.8029600619033408,1.3855583347321954e-13,1.758616487675163,21.0,0.5261768226821122,1.9047619047619047,0.5149241895628487,22.0,10.298483791256974,1.9090909090909092,2,False,2,0.0,True,False,0.9444076514731785,False,False,True
B2,24.0,5,34.30000000000022,12,1.5,3.8999999999999417,3.200000000000049,1.0950973692939256,False,True,1.149852237758622,0.0620017042663678,21.0,1.8582879259828236,0.449999999999946,1.85037603497025,20.0,0.5813127757841148,1.9,0.5837983696522251,20.0,11.675967393044502,1.9,0,False,2,-1.0,False,True,0.9780462768330651,False,False,True
B2,24.0,5,43.40000000000023,24,0.6000000000001293,0.6000000000001293,1.1000000000000156,1.0539257716502177,False,False,1.0997486312871838,0.1278361391590819,24.0,2.0529392551153567,0.2999999999994216,2.0529392551153567,23.0,0.5608259897510006,1.9130434782608696,0.5608259897510006,23.0,11.216519795020012,1.9130434782608696,0,False,2,-1.0,False,True,1.0731273379012092,False,True,False
B2,24.0,5,44.00000000000036,11,1.5,1.90000000000002,0.6000000000001293,1.9338210390542063,False,True,2.021721995374852,0.23658678566532,23.0,2.0050712139787827,0.04999999999927951,1.8432445759228544,22.0,0.5264294198625885,1.9090909090909092,0.5477493039791401,23.0,10.954986079582802,1.9130434782608696,1,False,2,0.0,True,False,1.048105407307091,False,True,False
B2,24.0,5,45.90000000000038,5,1.5,3.999999999999943,1.90000000000002,1.2307378758388041,False,True,1.2893444413549378,0.1224415420242737,22.0,1.7743392908306646,0.3999999999991246,1.7680068758721272,21.0,0.5289864202605825,1.9047619047619047,0.5308810743856514,21.0,10.617621487713027,1.9047619047619047,0,False,2,-1.0,False,True,0.9315281276860989,False,False,True
B2,24.0,5,49.900000000000325,19,1.4999999999999076,1.4999999999999076,3.999999999999943,1.0849693800765468,False,False,1.139217849080374,0.069740423074153,21.0,1.8524159929116528,0.3999999999989541,1.851204798059271,20.0,0.5815731393873182,1.9,0.581953647472349,20.0,11.63907294944698,1.9,0,False,2,-1.0,False,True,0.9749557857429753,False,False,True
B2,24.0,5,57.50000000000055,18,0.6,0.3999999999997783,3.600000000000165,1.0531044047522646,True,False,1.1009727867864585,0.0510723768207332,23.0,1.949321313001582,0.29999999999830607,1.949321313001582,22.0,0.5567248651283436,1.9090909090909092,0.5567248651283436,22.0,11.134497302566873,1.9090909090909092,1,False,2,-1.0,False,False,1.0210730687151144,False,True,False
B2,24.0,5,66.80000000000048,23,1.5,3.499999999999801,1.2999999999999403,1.0311130001359279,False,True,1.0759440001418377,0.1121281772457933,24.0,2.050914233895913,0.2999999999978513,2.050914233895913,23.0,0.5602727904652296,1.9130434782608696,0.5602727904652296,23.0,11.205455809304592,1.9130434782608696,0,False,2,-1.0,False,True,1.0720688040819544,False,True,False
B2,24.0,5,70.30000000000028,2,1.5,4.500000000000199,3.499999999999801,1.099588365868033,False,True,1.149569655225671,0.0491947891305563,23.0,2.0424876259574063,0.49999999999783995,2.039610093527377,22.0,0.5825112805466546,1.9090909090909092,0.583333101886895,22.0,11.6666620377379,1.9090909090909092,0,False,2,-1.0,False,True,1.0698744707395937,False,True,False
B2,24.0,5,78.3999999999998,18,1.0999999999997243,1.0999999999997243,0.09999999999952536,1.051160942191995,False,False,1.0968635918525165,0.1593674937071929,24.0,2.024974130573693,0.29999999999786553,2.0231119756800373,23.0,0.5526777147987771,1.9130434782608696,0.5531864219408429,23.0,11.063728438816858,1.9130434782608696,1,False,2,-1.0,False,False,1.0585092046180669,False,True,False
B2,24.0,5,79.49999999999953,19,1.3000000000001535,1.3000000000001535,1.0999999999997243,1.7563632666114863,False,False,1.836197960548372,0.2175877979766709,23.0,2.632019062743173,0.2999999999980787,2.632019062743173,22.0,0.7517028865111133,1.9090909090909092,0.7517028865111133,22.0,15.034057730222266,1.9090909090909092,0,False,2,-1.0,False,True,1.3786766519130906,False,True,False
B2,24.0,5,80.79999999999968,15,1.5,4.199999999999761,1.3000000000001535,1.8834806746722592,False,True,1.9731702306090335,0.2342089018757722,22.0,1.9731702306090335,0.04999999999786553,1.8829688784312395,21.0,0.5633829709921709,1.9047619047619047,0.5635361000694017,22.0,11.270722001388034,1.9090909090909092,0,False,2,0.0,True,True,1.033565358890446,False,True,False
B2,24.0,5,84.99999999999945,7,1.0999999999999375,1.0999999999999375,4.199999999999761,1.0590396100503394,False,False,1.1119915905528566,0.051737171671512,21.0,1.996208894188241,0.2999999999978513,1.996208894188241,20.0,0.6271275197012383,1.9,0.6271275197012383,20.0,12.542550394024765,1.9,0,False,2,-1.0,False,True,1.0506362600990742,False,True,False
B2,24.0,5,86.09999999999938,16,0.6,0.3000000000004235,1.0999999999999375,1.769583294466792,True,False,1.8627192573334652,0.2045220590987975,20.0,1.8445657286379795,0.04999999999786553,1.7223504990274403,19.0,0.5695709131211917,1.894736842105263,0.579487414215258,20.0,11.58974828430516,1.9,1,False,2,0.0,True,False,0.9708240677041998,False,False,True
B2,24.0,5,88.0999999999995,19,0.7000000000001876,0.7000000000001876,0.5999999999999659,1.301863095892522,False,False,1.366956250687148,0.2409551722721191,21.0,1.366956250687148,0.049999999997638156,1.1837619524094296,20.0,0.3718897853288574,1.9,0.4089923538035611,21.0,8.179847076071221,1.9047619047619047,1,False,2,0.0,True,False,0.7176520316107527,False,False,True
B2,24.0,5,98.49999999999868,6,0.6999999999999602,0.6999999999999602,2.3999999999991815,1.0348047829964904,False,False,1.0797962953006857,0.102193663001441,24.0,2.0170561446337927,0.2999999999978371,2.0170561446337927,23.0,0.5510233709443195,1.9130434782608696,0.5510233709443195,23.0,11.02046741888639,1.9130434782608696,0,False,2,-1.0,False,True,1.0543702574222098,False,True,False
B2,24.0,5,99.19999999999864,17,0.8999999999998352,0.8999999999998352,0.6999999999999602,1.8849503434184092,False,False,1.9706299044828823,0.2166627168741187,23.0,1.959181560808371,0.04999999999786553,1.802763366835335,22.0,0.5148680135827899,1.9090909090909092,0.5352130781290576,23.0,10.704261562581152,1.9130434782608696,1,False,2,0.0,True,False,1.024117634058921,False,True,False
B2,24.0,5,100.09999999999847,12,1.5,6.400000000000205,0.8999999999998352,1.4734008480377554,False,True,1.5435627931824103,0.178715227661313,22.0,1.7521714078643265,0.3999999999979593,1.7516024592909851,21.0,0.524078230296988,1.9047619047619047,0.5242484593120622,21.0,10.484969186241244,1.9047619047619047,1,False,2,-1.0,False,False,0.9198899891287714,False,False,True
B2,24.0,5,108.49999999999812,10,0.6,0.19999999999986073,0.3999999999996504,1.1472332726018803,True,False,1.1971129801063098,0.2015835579684302,24.0,2.3992496426775483,0.59999999999782,2.126296502679826,23.0,0.5808658671454445,1.9130434782608696,0.6852240955967019,22.0,13.704481911934039,1.9090909090909092,2,True,3,-2.0,True,False,1.2567498128310965,False,True,False
B2,24.0,5,108.69999999999798,11,1.5,3.9999999999999005,0.19999999999986073,1.1501363746448507,False,True,1.2001423039772356,0.1902297707175669,24.0,2.399706375701259,0.4499999999979565,2.126296502679826,23.0,0.5808658671454445,1.9130434782608696,0.6853545382432422,22.0,13.707090764864844,1.9090909090909092,2,False,3,-2.0,True,False,1.2569890539387547,False,True,False
B2,24.0,5,112.69999999999789,13,1.5,3.8000000000002387,3.9999999999999005,1.2719426395834186,False,True,1.3325113367064385,0.135154899008555,22.0,2.084628964460149,0.2999999999978371,2.084628964460149,21.0,0.6237195276389049,1.9047619047619047,0.6237195276389049,21.0,12.474390552778098,1.9047619047619047,0,False,2,-1.0,False,True,1.0944302063415783,False,True,False
B2,24.0,5,117.79999999999758,8,1.5,2.900000000000304,1.0999999999995964,1.2071222751734278,False,True,1.2619914694994927,0.1822935893379579,23.0,2.121502297360042,0.29999999999786553,2.121502297360042,22.0,0.605899639269107,1.9090909090909092,0.605899639269107,22.0,12.117992785382139,1.9090909090909092,0,False,2,-1.0,False,True,1.1112631081409743,False,True,False
B2,24.0,5,123.89999999999712,22,0.6,0.09999999999999432,3.1999999999992355,1.044849693764055,True,False,1.0923428616624211,0.055262568677735,23.0,1.9580268768044145,0.3999999999979593,1.80793120098754,22.0,0.5163439435652935,1.9090909090909092,0.5858402715904871,21.0,11.716805431809743,1.9047619047619047,1,False,3,-2.0,True,False,1.0279641103223176,False,True,False
B2,24.0,5,123.99999999999712,5,1.2000000000000455,1.2000000000000455,0.09999999999999432,1.044290371232133,False,False,1.091758115379048,0.0538509301644765,23.0,1.9580268768044145,0.299999999997965,1.80793120098754,22.0,0.5163439435652935,1.9090909090909092,0.5858402715904871,21.0,11.716805431809743,1.9047619047619047,1,False,3,-2.0,True,False,1.0279641103223176,False,True,False
B2,24.0,5,125.19999999999716,3,0.6000000000004206,0.6000000000004206,1.2000000000000455,1.6688518926788223,False,False,1.7522944873127635,0.2139293447053712,21.0,1.93032654567024,0.5999999999978343,1.8962257367934912,20.0,0.5957168844258325,1.9,0.6064299694906987,20.0,12.128599389813974,1.9,0,True,2,-1.0,False,True,1.0159613398264422,True,False,False
B2,24.0,5,129.39999999999694,14,1.5,2.500000000000199,3.599999999999355,1.1021017168886516,False,True,1.1572068027330842,0.05848642742144,21.0,1.9476089948672128,0.2499999999982947,1.9476089948672128,20.0,0.6118594110340236,1.9,0.6118594110340236,20.0,12.237188220680473,1.9,0,False,2,-1.0,False,True,1.0250573657195858,False,True,False
B2,24.0,5,132.8999999999972,8,0.6,0.2999999999993008,0.900000000000091,1.1488684135078207,True,False,1.2035764331986694,0.1887196078683208,22.0,2.214213798205169,0.3999999999988688,2.1216831054309626,21.0,0.6348061006921419,1.9047619047619047,0.6323779819925921,22.0,12.647559639851842,1.9090909090909092,3,False,2,0.0,True,False,1.1598262752503266,False,True,False
B2,24.0,5,133.1999999999965,24,1.5,2.800000000000523,0.2999999999993008,2.019048445713499,False,True,2.120000867999174,0.2920876420934233,21.0,2.214213798205169,0.09999999999956799,,,,,0.6323779819925921,22.0,12.647559639851842,1.9090909090909092,2,False,2,1.0,True,False,1.1598262752503266,False,True,False
B2,24.0,5,135.99999999999702,10,1.3999999999999204,1.3999999999999204,2.7999999999998693,1.2353004782222292,False,False,1.2970655021333406,0.1254172620595406,21.0,2.307369926191898,0.24999999999971578,2.307369926191898,20.0,0.724881640923849,1.9,0.724881640923849,20.0,14.49763281847698,1.9,0,False,2,-1.0,False,True,1.2144052243115253,False,True,False
B2,24.0,5,146.29999999999688,10,1.5,2.9999999999993463,2.2999999999998693,1.0882412428398391,False,True,1.1355560794850494,0.0847936436307694,24.0,1.9082339569246176,0.5500000000022567,1.8688780581453408,23.0,0.5105437893847444,1.9130434782608696,0.5212951113395619,23.0,10.425902226791237,1.9130434782608696,0,False,2,-1.0,False,True,0.9974859320287773,True,False,False
B2,24.0,5,149.29999999999623,18,1.5,3.299999999999386,2.9999999999993463,1.1517383335321332,False,True,1.204090075965412,0.076566698282796,23.0,1.8562579942549295,0.30000000000353566,1.8560401664213653,22.0,0.5300838319633581,1.9090909090909092,0.5301460434471466,22.0,10.602920868942931,1.9090909090909092,0,False,2,-1.0,False,True,0.9723256160382964,False,False,True
B2,24.0,5,152.59999999999562,25,1.5,1.7000000000012676,3.299999999999386,1.0469538157736993,False,True,1.0968087593819706,0.0478192617058868,22.0,1.8041274612818343,0.3000000000048999,1.803258370182922,21.0,0.5395336426943782,1.9047619047619047,0.5397936741431062,21.0,10.795873482862124,1.9047619047619047,0,False,2,-1.0,False,True,0.9471669171729631,False,False,True
B2,24.0,6,20.700000000000024,19,1.5,1.8000000000000256,2.2000000000000455,1.0370894830224198,False,True,1.0889439571735406,0.0987573149558592,21.0,1.910590773927532,0.2000000000001343,1.910590773927532,20.0,0.6002297939387171,1.9,0.6002297939387171,20.0,12.004595878774342,1.9,0,False,2,-1.0,False,True,1.0055740915408065,True,False,False
B2,24.0,6,22.50000000000005,5,0.9999999999999112,0.9999999999999112,1.8000000000000256,1.4045572675718743,False,False,1.4784813342861836,0.1231132948790378,20.0,1.8889525965672327,0.35000000000014,1.87413919115979,19.0,0.6197665173423488,1.894736842105263,0.6246652210899981,19.0,12.493304421799962,1.894736842105263,0,False,2,-1.0,False,True,0.9969472037438173,True,False,False
B2,24.0,6,24.70000000000008,18,1.5,2.9000000000000377,0.40000000000011937,1.4827534523873196,False,True,1.5533607596438586,0.2534380261720825,22.0,2.128599509144484,0.20000000000013785,2.128599509144484,21.0,0.6368754838441095,1.9047619047619047,0.6368754838441095,21.0,12.73750967688219,1.9047619047619047,1,False,2,-1.0,False,False,1.117514742300854,False,True,False
B2,24.0,6,27.60000000000012,15,0.6000000000000121,0.6000000000000121,2.9000000000000377,1.1781760386989935,False,False,1.237084840633943,0.118897108848139,21.0,1.992032468689172,0.2000000000001414,1.992032468689172,20.0,0.6258154569346241,1.9,0.6258154569346241,20.0,12.516309138692483,1.9,0,False,2,-1.0,False,True,1.0484381414153536,False,True,False
B2,24.0,6,28.20000000000013,3,0.6,0.4999999999998934,0.6000000000000121,1.8643592906429347,True,False,1.962483463834668,0.238647720532188,20.0,1.9550340922671,1.3500311979441904e-13,1.8305804321060628,19.0,0.6053618986641722,1.894736842105263,0.6141920741783911,20.0,12.283841483567821,1.9,2,False,2,0.0,True,False,1.0289653117195263,False,True,False
B2,24.0,6,37.50000000000025,7,1.5,2.0000000000000426,1.300000000000118,1.1265042220018,False,True,1.1754826664366609,0.1281741557415541,24.0,2.0214850661132253,0.2499999999997442,2.0214850661132253,23.0,0.5522332724385031,1.9130434782608696,0.5522332724385031,23.0,11.044665448770061,1.9130434782608696,0,False,2,-1.0,False,True,1.0566853754682768,False,True,False
B2,24.0,6,39.50000000000029,23,1.5,5.999999999999957,2.0000000000000426,1.2496915117931255,False,True,1.306495671420086,0.0864827108866104,23.0,1.901621168672096,0.29999999999959215,1.901621168672096,22.0,0.5431017357646448,1.9090909090909092,0.5431017357646448,22.0,10.862034715292896,1.9090909090909092,0,False,2,-1.0,False,True,0.9960872788282408,True,False,False
B2,24.0,6,50.300000000000445,9,0.6,0.4000000000000057,2.8000000000001535,0.9981391573359639,True,False,1.0415365120027449,0.0393836244918102,24.0,1.8633238752197292,0.29999999999881766,1.8633238752197292,23.0,0.5090264867520666,1.9130434782608696,0.5090264867520666,23.0,10.180529735041333,1.9130434782608696,1,False,2,-1.0,False,False,0.974010207501222,False,False,True
B2,24.0,6,50.70000000000045,24,0.6,0.4000000000000057,0.4000000000000057,1.7808559514464186,True,False,1.8618039492394376,0.1859798302437816,23.0,1.8597268758487988,0.04999999999879634,1.799132853950751,22.0,0.5138311415276107,1.9090909090909092,0.5080438513782681,23.0,10.160877027565363,1.9130434782608696,2,False,2,0.0,True,False,0.9721299578300538,False,False,True
B2,24.0,6,51.100000000000456,12,1.5,3.2000000000000455,0.4000000000000057,1.7262059962682583,False,True,1.808406281804842,0.2454777303104195,22.0,1.8091092293630784,0.049999999998775024,1.7730419446199042,21.0,0.5304929093070907,1.9047619047619047,0.5166803876825945,22.0,10.33360775365189,1.9090909090909092,2,False,2,0.0,True,False,0.9476286439520887,False,False,True
B2,24.0,6,54.3000000000005,16,1.5,1.5999999999999162,3.2000000000000455,1.1292095629198247,False,True,1.185670041065816,0.077522115456061,21.0,1.7507633184697633,0.49999999999852207,1.744764324293343,20.0,0.5481338783445526,1.9,0.5500185179479096,20.0,11.000370358958191,1.9,0,False,2,-1.0,False,True,0.9214543781419807,False,False,True
B2,24.0,6,55.90000000000042,8,1.5,2.400000000000027,1.5999999999999162,1.3961446335544943,False,True,1.4696259300573622,0.1166258697248555,20.0,1.908352051696576,0.3499999999985235,1.903213920304275,19.0,0.6293813547618674,1.894736842105263,0.631080503797155,19.0,12.6216100759431,1.894736842105263,0,False,2,-1.0,False,True,1.0071858050620819,True,False,False
B2,24.0,6,65.40000000000056,10,1.5,8.0,1.500000000000142,1.0455093033605847,False,True,1.0909662295936535,0.1186750615237354,24.0,1.9725861302149608,0.2999999999978513,1.9725861302149608,23.0,0.5388749648049078,1.9130434782608696,0.5388749648049078,23.0,10.777499296098156,1.9130434782608696,0,False,2,-1.0,False,True,1.0311245680669112,False,True,False
B2,24.0,6,74.9999999999999,11,1.5,3.8000000000003524,1.5999999999993406,1.0257847155884219,False,True,1.070384051048788,0.0970269301840614,24.0,1.5745854390206206,0.49999999999795364,1.563671928745173,23.0,0.4271669777365581,1.9130434782608696,0.4301483519718818,23.0,8.602967039437635,1.9130434782608696,0,False,2,-1.0,False,True,0.8230787522153244,False,False,True
B2,24.0,6,78.80000000000025,10,1.5,1.7999999999993292,3.8000000000003524,1.01169499326315,False,True,1.057681129320566,0.0253415618532226,23.0,1.9339850718170088,0.2499999999973994,1.9339850718170088,22.0,0.5523448448884221,1.9090909090909092,0.5523448448884221,22.0,11.046896897768441,1.9090909090909092,0,False,2,-1.0,False,True,1.013039799523195,True,False,False
B2,24.0,6,80.59999999999958,12,1.5,1.9999999999998863,1.7999999999993292,1.3711004995511458,False,True,1.4363909995297717,0.1040600130702693,22.0,2.3132886194715225,0.299999999997965,2.3132886194715225,21.0,0.6921343364347248,1.9047619047619047,0.6921343364347248,21.0,13.842686728694495,1.9047619047619047,0,False,2,-1.0,False,True,1.2144765252225493,False,True,False
B2,24.0,6,82.59999999999947,18,0.6,0.400000000000432,1.9999999999998863,1.3582523863834044,True,False,1.4261650057025748,0.1142939706986018,21.0,1.8958352088244557,0.49999999999795364,1.8072824642926364,20.0,0.5677745312783404,1.9,0.5672325680437886,21.0,11.344651360875773,1.9047619047619047,1,False,2,0.0,True,False,0.9953134846328393,True,False,False
B2,24.0,6,91.59999999999908,14,1.5,3.100000000000719,0.9999999999996021,1.0463904714969536,False,True,1.0918857093881256,0.1247029537641106,24.0,1.9398880065054365,0.2999999999978371,1.9398880065054365,23.0,0.5299424269586459,1.9130434782608696,0.5299424269586459,23.0,10.598848539172918,1.9130434782608696,1,False,2,-1.0,False,False,1.0140323670369327,True,False,False
B2,24.0,6,94.6999999999998,10,1.5,2.599999999998957,3.100000000000719,1.073228338086527,False,True,1.1220114443631874,0.0463204560624982,23.0,1.8476323679299116,0.349999999996939,1.8456151634702649,22.0,0.527106458082919,1.9090909090909092,0.527682570329393,22.0,10.55365140658786,1.9090909090909092,0,False,2,-1.0,False,True,0.9678074308204299,False,False,True
B2,24.0,6,97.29999999999876,25,0.6,0.19999999999997442,2.599999999998957,1.1043119559476906,True,False,1.1568982395642473,0.0599547942097227,22.0,1.9262634001707373,0.34999999999783427,1.9260632632546248,21.0,0.5762767807799918,1.9047619047619047,0.5763366616052652,21.0,11.526733232105304,1.9047619047619047,1,False,3,-1.0,True,False,1.0112882850896372,True,False,False
B2,24.0,6,97.49999999999874,17,1.5,2.1000000000003496,0.19999999999997442,1.0798229864915003,False,True,1.1312431287053812,0.0527325904817497,22.0,1.9262634001707373,0.14999999999785985,1.9260632632546248,21.0,0.5762767807799918,1.9047619047619047,0.5763366616052652,21.0,11.526733232105304,1.9047619047619047,1,False,3,-1.0,True,False,1.0112882850896372,True,False,False
B2,24.0,6,100.19999999999904,14,0.6,0.2999999999994003,0.5999999999999517,1.1073607655463973,True,False,1.1627288038237171,0.1635276660919998,21.0,1.8094569931177444,0.5999999999973795,1.1205589626386847,20.0,0.3520339804939891,1.9,0.5983765049016192,19.0,11.967530098032384,1.894736842105263,2,True,3,-2.0,True,False,0.9549911908121429,False,False,True
B2,24.0,6,100.49999999999844,5,1.5,2.200000000001367,0.2999999999994003,1.0645310145067506,False,True,1.1205589626386847,0.0599447797174246,20.0,1.8132925564855116,0.3999999999979593,1.8030990684817123,19.0,0.5962739776038681,1.894736842105263,0.5996449025540986,19.0,11.992898051081973,1.894736842105263,2,False,2,-1.0,False,False,0.9570155159229089,False,False,True
B2,24.0,6,105.29999999999828,6,0.6,0.19999999999988916,2.5999999999984738,1.03341376894926,True,False,1.0878039673150106,0.0645744423907574,20.0,1.9971269992452128,0.29999999999786553,,,,,0.5975390008680561,21.0,11.950780017361122,1.9047619047619047,3,False,2,1.0,True,False,1.0484916746037367,False,True,False
B2,24.0,6,105.49999999999817,24,1.1999999999999176,1.1999999999999176,0.199999999999406,1.0843817920873233,False,False,1.1386008816916895,0.1655049737250409,21.0,1.9971269992452128,0.09999999999797637,1.895782959296933,20.0,0.5955777817727963,1.9,0.5975390008680561,21.0,11.950780017361122,1.9047619047619047,3,False,2,0.0,True,False,1.0484916746037367,False,True,False
B2,24.0,6,106.69999999999808,7,1.5,1.5000000000009521,1.1999999999993491,1.5703790892958922,False,True,1.6530306203114655,0.2155459278745202,20.0,2.015875347406633,0.49999999999795364,2.0063260358787187,19.0,0.6634799089497383,1.894736842105263,0.6666378086279421,19.0,13.332756172558842,1.894736842105263,0,False,2,-1.0,False,True,1.0639342111312786,False,True,False
B2,24.0,6,115.19999999999776,20,1.5,5.500000000001023,0.49999999999967315,1.1202679886908071,False,True,1.1689752925469292,0.2226118638140904,24.0,2.211047303564675,0.24999999999782574,2.211047303564675,23.0,0.6040182578798525,1.9130434782608696,0.6040182578798525,23.0,12.08036515759705,1.9130434782608696,1,False,2,-1.0,False,False,1.1557747268633527,False,True,False
B2,24.0,6,120.69999999999878,10,1.5,2.499999999998977,5.500000000001023,1.0279330657366514,False,True,1.0746572959974083,0.037736546569414,23.0,1.813287837766319,0.2999999999965013,1.813287837766319,22.0,0.5178737954518535,1.9090909090909092,0.5178737954518535,22.0,10.35747590903707,1.9090909090909092,0,False,2,-1.0,False,True,0.9498174388299766,False,False,True
B2,24.0,6,124.69999999999708,19,1.5,2.599999999999838,1.4999999999993179,1.0322558094701113,False,True,1.079176528082389,0.0966799561509804,23.0,1.93025447307779,0.24999999999796785,1.93025447307779,22.0,0.551279388380002,1.9090909090909092,0.551279388380002,22.0,11.02558776760004,1.9090909090909092,0,False,2,-1.0,False,True,1.0110856763740803,True,False,False
B2,24.0,6,127.29999999999691,2,1.4000000000018815,1.4000000000018815,2.599999999999838,1.1154357334984981,False,False,1.1685517208079506,0.0572519337131186,22.0,1.90772520828383,0.34999999999796216,1.907111561275345,21.0,0.5706064448075034,1.9047619047619047,0.5707900475630989,21.0,11.415800951261978,1.9047619047619047,0,False,2,-1.0,False,True,1.001555734349011,True,False,False
B2,24.0,6,129.29999999999683,9,1.5,2.000000000000341,0.5999999999980332,1.376919710286118,False,True,1.4424873155378377,0.1838830689668943,22.0,1.4207638394935702,0.04999999999833449,1.3952834887285674,21.0,0.4174678436061718,1.9047619047619047,0.4057692036944571,22.0,8.115384073889143,1.9090909090909092,1,False,2,0.0,True,False,0.7442096302109177,False,False,True
B2,24.0,6,131.29999999999717,24,1.3999999999999204,1.3999999999999204,2.000000000000341,1.1088382060122686,False,False,1.164280116312882,0.0597651248969876,21.0,1.9654665361412105,0.24999999999849365,1.9654665361412105,20.0,0.6174695230817804,1.9,0.6174695230817804,20.0,12.349390461635608,1.9,0,False,2,-1.0,False,True,1.0344560716532687,False,True,False
B2,24.0,6,133.49999999999852,10,1.1999999999984539,1.1999999999984539,0.8000000000014325,1.2998128718980086,False,False,1.364803515492909,0.1702578397406219,21.0,1.8936507138817664,0.249999999997641,1.8936507138817664,20.0,0.5949079171196026,1.9,0.5949079171196026,20.0,11.898158342392051,1.9,1,False,2,-1.0,False,False,0.9966582704640876,True,False,False
B2,24.0,6,134.69999999999698,18,0.6,0.5999999999999375,1.1999999999984539,1.6221853161959345,True,False,1.7075634907325627,0.1875590640432157,20.0,1.6873795067109656,0.04999999999941451,1.578346803902568,19.0,0.5219497604165513,1.894736842105263,0.5301059062101139,20.0,10.602118124202278,1.9,2,False,2,0.0,True,False,0.8880944772162978,False,False,True
B2,24.0,6,135.2999999999969,7,0.6,0.49999999999965894,0.5999999999999375,1.5311320716742391,True,False,1.6161949645450302,0.185685097304016,19.0,1.8914486080606376,0.39999999999969305,,,,,0.6254906370237832,19.0,12.509812740475663,1.894736842105263,3,False,2,0.0,True,False,0.9982645431431144,True,False,False
B2,24.0,6,135.79999999999657,21,1.1000000000003922,1.1000000000003922,0.4999999999996305,1.7914399500449103,False,False,1.890964391714072,0.3102002921272953,19.0,1.957327825634725,0.700000000000216,1.932781460261069,18.0,0.6746680040611919,1.8888888888888888,0.6832363019645484,18.0,13.664726039290969,1.8888888888888888,2,False,2,-1.0,False,False,1.0362323782772074,False,True,False
B2,24.0,6,136.89999999999696,6,0.6,0.3999999999998636,1.1000000000003922,1.7833893983273406,True,False,1.8882946570524783,0.2937542119019448,18.0,1.860734087645849,0.049999999999926104,1.808703614096096,17.0,0.6684952925371297,1.8823529411764706,0.649518726670256,18.0,12.99037453340512,1.8888888888888888,1,False,2,0.0,True,False,0.9850945169889789,True,False,False
B2,24.0,6,138.6999999999963,3,0.6,0.20000000000044338,1.3999999999994657,1.1790984787690197,True,False,1.2484572128142564,0.1272764409317964,18.0,1.9876070049714567,0.35000000000107434,1.9813126583614795,17.0,0.7322914461144574,1.8823529411764706,0.7346178311814047,17.0,14.692356623628093,1.8823529411764706,1,False,3,-1.0,True,False,1.0559162213910864,False,True,False
B2,24.0,6,138.89999999999674,11,0.6,0.400000000000432,0.20000000000044338,1.1813697186581216,True,False,1.2508620550497758,0.1107795473938432,18.0,1.9876070049714567,0.15000000000063096,1.9813126583614795,17.0,0.7322914461144574,1.8823529411764706,0.7346178311814047,17.0,14.692356623628093,1.8823529411764706,2,False,3,-1.0,True,False,1.0559162213910864,False,True,False
B2,24.0,6,145.19999999999683,18,1.49999999999946,1.49999999999946,0.29999999999986926,1.1998118915179807,False,False,1.2569457911140751,0.2278608695841486,22.0,1.9356752717841093,0.4000000000020236,1.9242296602297184,21.0,0.575728168037835,1.9047619047619047,0.5791526870068937,21.0,11.583053740137874,1.9047619047619047,1,False,2,-1.0,False,False,1.0162295176866574,True,False,False
B2,24.0,6,148.79999999999615,12,1.5,1.8999999999999204,1.8999999999994088,1.2200742744802056,False,True,1.2755321960474877,0.1583846368409235,23.0,2.009214765029704,0.25000000000349587,2.009214765029704,21.0,0.6011556519334724,1.9047619047619047,0.6011556519334724,21.0,12.023113038669448,1.9047619047619047,1,False,2,-2.0,True,False,1.0548377516405947,False,True,False
B2,24.0,6,148.79999999999674,14,1.5,1.8999999999993236,1.9000000000000057,1.2200742744802056,False,True,1.2755321960474877,0.1583846368409235,23.0,2.009214765029704,0.250000000002899,2.009214765029704,21.0,0.6011556519334724,1.9047619047619047,0.6011556519334724,21.0,12.023113038669448,1.9047619047619047,1,False,2,-2.0,True,False,1.0548377516405947,False,True,False
B2,24.0,6,150.69999999999607,3,1.5,2.5000000000007674,1.8999999999993236,1.3250871738620629,False,True,1.391341532555166,0.1473284730021846,21.0,1.8755022080708488,0.3500000000040302,1.8664944012675757,20.0,0.5863765098988694,1.9,0.5892063958666816,20.0,11.784127917333631,1.9,0,False,2,-1.0,False,True,0.9871064253004468,True,False,False
B2,24.0,7,22.80000000000005,22,0.6,0.5000000000000107,7.000000000000062,0.9772467259578755,True,False,1.0197357140430006,0.0087547833413362,24.0,1.9262342263225969,0.2000000000001414,1.9262342263225969,23.0,0.5262124603920251,1.9130434782608696,0.5262124603920251,23.0,10.524249207840501,1.9130434782608696,1,False,2,-1.0,False,False,1.0068951637595394,True,False,False
B2,24.0,7,23.30000000000006,4,1.5,1.7000000000000242,0.5000000000000107,1.8300618934720474,False,True,1.913246524993504,0.1948544086816682,23.0,1.9069098178548085,1.3855583347321954e-13,1.8265844209580049,22.0,0.5216712907312031,1.9090909090909092,0.5209333804200798,23.0,10.418667608401595,1.9130434782608696,1,False,2,0.0,True,False,0.9967937684241044,True,False,False
B2,24.0,7,25.000000000000085,6,1.5,2.5000000000000355,1.7000000000000242,1.3674530830481466,False,True,1.4325698965266298,0.1222011406823272,22.0,1.9798785686243403,0.5000000000001421,1.9529588372740576,21.0,0.5843239177088995,1.9047619047619047,0.5923782824942956,21.0,11.847565649885912,1.9047619047619047,0,False,2,-1.0,False,True,1.0394362485277788,False,True,False
B2,24.0,7,27.50000000000012,21,1.1000000000000156,1.1000000000000156,2.5000000000000355,1.180765167104505,False,False,1.2398034254597303,0.077238578771534,21.0,1.809657340694197,0.25000000000013856,1.809295868695333,20.0,0.5684070609263623,1.9,0.568520620703973,20.0,11.37041241407946,1.9,0,False,2,-1.0,False,True,0.9524512319443142,False,False,True
B2,24.0,7,28.600000000000136,25,0.6,0.30000000000000426,1.1000000000000156,1.6113708987989692,True,False,1.6961798934725991,0.1656435805545038,20.0,1.895282739446388,0.3000000000001428,1.8950247438707155,19.0,0.6266732435489599,1.894736842105263,0.6267585611284536,19.0,12.535171222569073,1.894736842105263,1,False,3,-1.0,True,False,1.0002881124855938,True,False,False
B2,24.0,7,28.90000000000014,16,1.5,1.8999999999999098,0.30000000000000426,1.7950241354254037,False,True,1.8947476985045928,0.2504811651447396,19.0,1.895282739446388,1.3855583347321954e-13,1.7833175393345044,18.0,0.6224952533990118,1.8888888888888888,0.6267585611284536,19.0,12.535171222569073,1.894736842105263,1,False,2,0.0,True,False,1.0002881124855938,True,False,False
B2,24.0,7,31.500000000000178,9,0.6,0.10000000000000142,0.20000000000011653,1.197799682603913,True,False,1.2608417711620137,0.2471821529307439,20.0,2.036127679197129,0.20000000000013785,2.036127679197129,19.0,0.6733351324985826,1.894736842105263,0.6733351324985826,19.0,13.466702649971651,1.894736842105263,3,False,3,-1.0,True,False,1.0746229417984847,False,True,False
B2,24.0,7,31.60000000000018,11,1.3999999999999062,1.3999999999999062,0.10000000000000142,1.1872246610290125,False,False,1.2497101695042236,0.2441500817428578,20.0,2.036127679197129,0.10000000000013642,2.036127679197129,19.0,0.6733351324985826,1.894736842105263,0.6733351324985826,19.0,13.466702649971651,1.894736842105263,3,False,3,-1.0,True,False,1.0746229417984847,False,True,False
B2,24.0,7,38.80000000000028,2,0.6999999999998963,0.6999999999998963,1.9000000000001407,1.1574940212770592,False,False,1.2126127841950145,0.1392459209779444,22.0,1.6064277849853286,0.5499999999996206,1.576781328907754,21.0,0.4717718704013478,1.9047619047619047,0.4806420693173745,21.0,9.61284138634749,1.9047619047619047,0,False,2,-1.0,False,True,0.8433745871172975,False,False,True
B2,24.0,7,44.00000000000036,17,1.5,2.799999999999919,4.400000000000183,1.0490557348308973,False,True,1.09674008641412,0.0477347837159418,23.0,2.0468431227543435,0.2999999999992582,2.0468431227543435,22.0,0.5845770288632579,1.9090909090909092,0.5845770288632579,22.0,11.691540577265158,1.9090909090909092,0,False,2,-1.0,False,True,1.0721559214427514,False,True,False
B2,24.0,7,48.200000000000415,19,1.5,1.6000000000000227,1.4000000000001336,1.1066809636920212,False,True,1.1569846438598403,0.1385934298044197,23.0,2.1622690875396557,0.34999999999896403,2.1609281866442105,22.0,0.6171596469178695,1.9090909090909092,0.6175426073180805,22.0,12.35085214636161,1.9090909090909092,0,False,2,-1.0,False,True,1.1326171410922006,False,True,False
B2,24.0,7,49.80000000000044,8,0.6,0.09999999999988773,1.6000000000000227,1.6146098859206683,True,False,1.69149607096451,0.1785987229195796,22.0,1.8697859661513472,0.2999999999988532,1.8697859661513472,21.0,0.5594386528615587,1.9047619047619047,0.5594386528615587,21.0,11.188773057231174,1.9047619047619047,1,False,3,-1.0,True,False,0.9816376322294573,True,False,False
B2,24.0,7,49.900000000000325,6,1.4000000000001336,1.4000000000001336,0.09999999999988773,1.5380708105611134,False,False,1.6113122777306903,0.1651354788896481,22.0,1.8697859661513472,0.19999999999896545,1.8697859661513472,21.0,0.5594386528615587,1.9047619047619047,0.5594386528615587,21.0,11.188773057231174,1.9047619047619047,1,False,3,-1.0,True,False,0.9816376322294573,True,False,False
B2,24.0,7,51.30000000000046,15,0.6999999999999034,0.6999999999999034,1.4000000000001336,1.4445668354470889,False,False,1.5205966688916726,0.1777363547539113,20.0,1.8894510131279807,0.5499999999987324,1.8756299564478565,19.0,0.620259504424161,1.894736842105263,0.6248300444379637,19.0,12.496600888759275,1.894736842105263,0,False,2,-1.0,False,True,0.9972102569286565,True,False,False
B2,24.0,7,52.70000000000051,14,0.6999999999998678,0.6999999999998678,0.700000000000145,1.6927221890836486,False,False,1.7818128306143668,0.2304334351510556,20.0,2.6363646594450327,0.24999999999862155,2.6363646594450327,19.0,0.8718298785575023,1.894736842105263,0.8718298785575023,19.0,17.436597571150045,1.894736842105263,1,False,2,-1.0,False,False,1.3914146813737673,False,True,False
B2,24.0,7,53.400000000000375,9,0.6,0.30000000000011795,0.6999999999998678,2.3024054244851526,True,False,2.4303168369565498,0.3477687229380911,19.0,2.5595590267816117,0.599999999998694,2.122961738813632,18.0,0.7410534447232355,1.8888888888888888,0.946010804113712,17.0,18.92021608227424,1.8823529411764706,2,True,3,-2.0,True,False,1.3597657329777313,False,True,False
B2,24.0,7,53.70000000000049,7,1.5,2.499999999999922,0.30000000000011795,2.0050194199906524,False,True,2.122961738813632,0.3590149759598255,18.0,2.5595590267816117,0.2999999999985761,2.5595590267816117,17.0,0.946010804113712,1.8823529411764706,0.946010804113712,17.0,18.92021608227424,1.8823529411764706,2,False,2,-1.0,False,False,1.3597657329777313,False,True,False
B2,24.0,7,63.30000000000052,19,0.7000000000000028,0.7000000000000028,1.6000000000000298,1.196732680010381,False,False,1.2487645356630064,0.2420376102482917,24.0,2.2821601140839936,0.29999999999800053,2.2821601140839936,23.0,0.6234449955410364,1.9130434782608696,0.6234449955410364,23.0,12.468899910820728,1.9130434782608696,0,False,2,-1.0,False,True,1.1929473323620876,False,True,False
B2,24.0,7,64.00000000000053,11,0.6,0.5999999999999659,0.7000000000000028,2.087823112362544,True,False,2.182724162924478,0.3016892553928295,23.0,2.182724162924478,0.049999999997979216,1.993710791906072,22.0,0.5694024706577094,1.9090909090909092,0.5962808865266496,23.0,11.925617730532991,1.9130434782608696,2,False,2,0.0,True,False,1.1409694488014315,False,True,False
B2,24.0,7,64.60000000000049,21,1.5,3.3999999999998067,0.5999999999999659,1.7542902247748011,False,True,1.8378278545259823,0.2601710166308057,22.0,2.790125929281036,0.299999999997965,2.790125929281036,21.0,0.8348037259066379,1.9047619047619047,0.8348037259066379,21.0,16.696074518132757,1.9047619047619047,1,False,2,-1.0,False,False,1.4648161128725439,False,True,False
B2,24.0,7,68.0000000000003,2,0.6,0.5,3.3999999999998067,1.1245269364753658,True,False,1.180753283299134,0.0800956240430081,21.0,1.912555395358585,0.49999999999795364,1.906944195080608,20.0,0.5990841874070938,1.9,0.6008469979642053,20.0,12.016939959284105,1.9,1,False,2,-1.0,False,False,1.006608102820308,True,False,False
B2,24.0,7,68.5000000000003,14,0.6,0.1999999999999602,0.5,1.8169276255906557,True,False,1.912555395358585,0.2203475462328027,20.0,1.904162932655779,0.049999999997950795,1.7999077071026488,19.0,0.5952186136603506,1.894736842105263,0.5982104280469391,20.0,11.964208560938783,1.9,2,False,3,0.0,True,False,1.0021910171872521,True,False,False
B2,24.0,7,68.70000000000026,22,1.5,2.6000000000002643,0.1999999999999602,1.7945753381049692,False,True,1.8890266716894413,0.2140797479557115,20.0,1.8817526987907889,0.049999999997979216,1.7999077071026488,19.0,0.5952186136603506,1.894736842105263,0.5911700454393909,20.0,11.823400908787818,1.9,2,False,3,0.0,True,False,0.99039615725831,True,False,False
B2,24.0,7,73.70000000000009,18,1.5,2.3000000000002103,1.0999999999995964,1.2150951519717008,False,True,1.2758499095702858,0.210549467086039,21.0,1.8665094176139991,0.2999999999978513,1.8665094176139991,20.0,0.5863812274232303,1.9,0.5863812274232303,20.0,11.727624548464606,1.9,0,False,2,-1.0,False,True,0.9823733776915785,True,False,False
B2,24.0,7,82.79999999999946,7,0.7999999999998408,0.7999999999998408,1.099999999999369,1.0718034689868987,False,False,1.118403619812416,0.134606550581963,24.0,2.0301463337517305,0.299999999997965,2.0301463337517305,23.0,0.5545993745936251,1.9130434782608696,0.5545993745936251,23.0,11.091987491872501,1.9130434782608696,0,False,2,-1.0,False,True,1.0612128562793137,False,True,False
B2,24.0,7,83.5999999999993,6,1.5,7.200000000000102,0.7999999999998408,1.8742032971481637,False,True,1.959394356109444,0.2347558634810398,23.0,2.0739151712125308,0.5499999999980645,2.043845522255302,22.0,0.5837209161626955,1.9090909090909092,0.5923087878227005,22.0,11.84617575645401,1.9090909090909092,1,False,2,-1.0,False,False,1.0863365182541826,False,True,False
B2,24.0,7,90.7999999999994,19,0.7999999999998977,0.7999999999998977,7.200000000000102,1.0212329108437317,False,False,1.069863049455338,0.0389011496449467,22.0,1.9619352373005696,0.24999999999755573,,,,,0.5603273934838562,22.0,11.206547869677124,1.9090909090909092,1,False,2,0.0,True,False,1.0276803623955364,False,True,False
B2,24.0,7,96.19999999999926,18,1.1999999999993776,1.1999999999993776,4.599999999999966,1.0264855750080628,False,False,1.073144010235702,0.0362032594523317,23.0,1.8888159328938072,0.2499999999973994,1.8888159328938072,22.0,0.5394445689784124,1.9090909090909092,0.5394445689784124,22.0,10.788891379568248,1.9090909090909092,0,False,2,-1.0,False,True,0.9893797743729466,True,False,False
B2,24.0,7,97.39999999999864,16,0.800000000000054,0.800000000000054,1.1999999999993776,1.630765272679456,False,False,1.7084207618546683,0.1581494862229243,22.0,1.810257062341774,0.34999999999796216,1.8051132024816,21.0,0.5400886072203943,1.9047619047619047,0.541627646491615,21.0,10.8325529298323,1.9047619047619047,0,False,2,-1.0,False,True,0.9503849577294314,False,False,True
B2,24.0,7,98.1999999999987,3,0.6000000000007049,0.6000000000007049,0.800000000000054,1.6905744226112431,False,False,1.7751031437418054,0.1940106418241774,21.0,1.809750222337796,0.4499999999978428,1.8056161502588088,20.0,0.5672510432856157,1.9,0.5685498003328915,20.0,11.37099600665783,1.9,1,False,2,-1.0,False,False,0.9525001170198927,False,False,True
B2,24.0,7,100.19999999999858,13,1.5,3.4999999999997016,1.3999999999991815,1.3560943271114239,False,True,1.4238990434669951,0.1599381986834089,21.0,2.0292293573108666,0.2999999999978513,2.0292293573108666,20.0,0.6375012041376555,1.9,0.6375012041376555,20.0,12.75002408275311,1.9,0,False,2,-1.0,False,True,1.0680154512162456,False,True,False
B2,24.0,7,103.69999999999828,15,0.6,0.30000000000011084,3.4999999999997016,1.0313513290451155,True,False,1.085632977942227,0.0384936434970194,20.0,1.9833143842026029,0.5999999999979337,1.9100371692916744,19.0,0.6316377620137019,1.894736842105263,0.6558700946494591,19.0,13.117401892989182,1.894736842105263,2,True,3,-1.0,True,False,1.0467492583291516,False,True,False
B2,24.0,7,103.9999999999984,24,0.6,0.2000000000008697,0.30000000000011084,1.8095088972236915,True,False,1.9100371692916744,0.2169332812204698,19.0,1.9833143842026029,0.2999999999978229,1.8788175100016244,18.0,0.6558310318729967,1.8888888888888888,0.6558700946494591,19.0,13.117401892989182,1.894736842105263,2,False,2,0.0,True,False,1.0467492583291516,False,True,False
B2,24.0,7,104.79999999999924,18,0.6,0.5999999999993975,0.5999999999999801,1.8196508248846466,True,False,1.9207425373782383,0.3258159197610196,19.0,1.90203396491718,0.049999999996956035,1.7117998264897816,18.0,0.5975308621462867,1.8888888888888888,0.6289911506381136,19.0,12.579823012762272,1.894736842105263,3,False,2,0.0,True,False,1.0038512592618452,True,False,False
B2,24.0,7,105.49999999999817,25,0.7000000000005286,0.7000000000005286,0.09999999999952536,1.5559871116881592,False,False,1.6424308401152792,0.2950063921615388,19.0,2.4661591799007065,0.2999999999979508,2.4661591799007065,18.0,0.8608519513510098,1.8888888888888888,0.8608519513510098,18.0,17.217039027020196,1.8888888888888888,2,False,2,-1.0,False,False,1.3056136834768446,False,True,False
B2,24.0,7,110.79999999999832,16,0.899999999999963,0.899999999999963,2.5999999999997385,1.0808259637778626,False,False,1.1377115408188028,0.0703317427886317,20.0,1.8598011285874376,0.4999999999974989,1.8496344498316284,19.0,0.6116629473071202,1.894736842105263,0.6150250066008738,19.0,12.300500132017476,1.894736842105263,0,False,2,-1.0,False,True,0.9815617067544811,True,False,False
B2,24.0,7,112.09999999999827,14,0.7000000000009692,0.7000000000009692,0.09999999999988063,1.778285613958491,False,False,1.8671998946564157,0.2848171677488937,21.0,2.2189318345833824,0.24999999999748468,2.2189318345833824,20.0,0.6970979950343676,1.9,0.6970979950343676,20.0,13.941959900687353,1.9,2,False,2,-1.0,False,False,1.1678588603070434,False,True,False
B2,24.0,7,116.49999999999902,18,1.5,2.299999999999301,3.0000000000008527,1.112388009726564,False,True,1.1653588673325908,0.0852561009453786,22.0,1.946736738692587,0.3999999999964814,1.9443830520959569,21.0,0.5817580487837293,1.9047619047619047,0.5824622701666651,21.0,11.649245403333301,1.9047619047619047,0,False,2,-1.0,False,True,1.022036787813608,False,True,False
B2,24.0,7,130.99999999999758,19,0.9999999999994316,0.9999999999994316,6.499999999998565,1.008087306199389,False,False,1.051917189077623,0.0430687007946586,24.0,1.7986005989745977,0.29999999999802185,1.7982463190959292,23.0,0.4912484717753616,1.9130434782608696,0.4913452546505041,23.0,9.826905093010081,1.9130434782608696,0,False,2,-1.0,False,True,0.9401775858276306,False,False,True
B2,24.0,7,131.99999999999702,6,1.5,5.799999999999784,0.9999999999994316,1.598542525111661,False,True,1.6712035489803727,0.1457462675177833,23.0,1.9210059965616004,0.29999999999881766,1.9208543448341169,22.0,0.548594718031536,1.9090909090909092,0.548638029663624,22.0,10.97276059327248,1.9090909090909092,1,False,2,-1.0,False,False,1.0062412362941715,True,False,False
B2,24.0,7,137.7999999999968,2,1.2000000000007844,1.2000000000007844,5.799999999999784,1.0210224186322536,False,False,1.0696425338052182,0.0347733242319733,22.0,1.9521000913618205,0.25000000000034106,1.9521000913618205,21.0,0.5840669815327866,1.9047619047619047,0.5840669815327866,21.0,11.681339630655732,1.9047619047619047,0,False,2,-1.0,False,True,1.0248525479649557,False,True,False
B2,24.0,7,140.79999999999615,17,1.4000000000000625,1.4000000000000625,0.7999999999991303,1.1850469036861961,False,False,1.2389126720355688,0.1686746868203315,23.0,1.654558782918747,0.2500000000016769,1.654558782918747,22.0,0.4725408833954549,1.9090909090909092,0.4725408833954549,22.0,9.450817667909098,1.9090909090909092,1,False,2,-1.0,False,False,0.866673648195534,False,False,True
B2,24.0,7,142.1999999999962,23,1.5,2.00000000000108,1.4000000000000625,1.3627093772877983,False,True,1.4276003000157886,0.1163041933589192,22.0,1.9646975750383957,0.2000000000019213,1.9646975750383957,21.0,0.5878361398348861,1.9047619047619047,0.5878361398348861,21.0,11.756722796697723,1.9047619047619047,0,False,2,-1.0,False,True,1.0314662268951578,False,True,False
B2,24.0,7,144.1999999999973,19,1.5,1.5999999999995111,2.00000000000108,1.3001400786023685,False,True,1.365147082532487,0.0927024214907083,21.0,1.9145259381526665,0.35000000000133014,1.9083294755565103,20.0,0.5995193861037196,1.9,0.6014660622407524,20.0,12.029321244815048,1.9,0,False,2,-1.0,False,True,1.0076452306066666,True,False,False
B2,24.0,7,146.09999999999587,8,1.5,2.700000000000273,0.29999999999907345,1.4572420409325642,False,True,1.5301041429791924,0.2293755058428842,21.0,1.9428740387022976,0.4000000000031889,1.9373064895943948,20.0,0.6086227835461582,1.9,0.610371880683747,20.0,12.20743761367494,1.9,1,False,2,-1.0,False,False,1.0225652835275252,False,True,False
B2,24.0,7,150.1999999999962,13,1.5,2.00000000000108,1.4000000000000625,1.0637890572079214,False,True,1.1169785100683174,0.1172814284121882,21.0,2.1653787570328764,0.25000000000375167,,,,,0.6478798090794173,21.0,12.957596181588347,1.9047619047619047,0,False,2,0.0,True,True,1.1368238474422603,False,True,False
B2,24.0,7,153.2999999999974,18,0.7999999999984766,0.7999999999984766,1.100000000000108,1.178192259405479,False,False,1.2342966527105017,0.1583953528288995,22.0,1.929979022764804,0.2500000000032969,1.929979022764804,21.0,0.5774483732857445,1.9047619047619047,0.5774483732857445,21.0,11.54896746571489,1.9047619047619047,0,False,2,-1.0,False,True,1.0132389869515221,True,False,False
B2,48.0,0,21.200000000000053,10,1.5,1.8999999999999382,2.900000000000073,1.186480619402813,False,True,1.252396209369636,0.1302091639847533,19.0,2.00380377506808,0.20000000000011653,2.00380377506808,18.0,0.6994594687765971,1.8888888888888888,0.6994594687765971,18.0,13.989189375531943,1.8888888888888888,0,False,2,-1.0,False,True,1.0608372926831011,False,True,False
B2,48.0,0,23.800000000000097,19,1.3999999999998742,1.3999999999998742,0.5000000000001066,1.2470175927633949,False,False,1.312650097645679,0.2851745758315298,20.0,1.46258767096724,0.25000000000011013,,,,,0.4594854682341687,20.0,9.189709364683374,1.9,3,False,2,0.0,True,False,0.7697829847196,False,False,True
B2,48.0,0,25.40000000000012,18,0.6,0.2999999999999723,0.2000000000001485,1.1861513541589868,True,False,1.245458921866936,0.2705410919163228,21.0,2.2103083709536664,0.450000000000113,2.137106076194134,20.0,0.67139167489136,1.9,0.6613227181291488,21.0,13.226454362582976,1.9047619047619047,3,False,2,0.0,True,False,1.160411894750675,False,True,False
B2,48.0,0,25.70000000000009,12,0.6,0.09999999999989129,0.2999999999999723,2.0260904665082338,True,False,2.1327268068507723,0.3477150644057895,20.0,2.2103083709536664,0.1500000000001407,,,,,0.6613227181291488,21.0,13.226454362582976,1.9047619047619047,3,False,2,1.0,True,False,1.160411894750675,False,True,False
B2,48.0,0,27.60000000000012,16,0.6,0.2000000000000064,1.8000000000001357,1.4446094678703756,True,False,1.5206415451267112,0.2130270853080564,20.0,2.332977342909264,0.2500000000001421,2.332977342909264,19.0,0.7715015243658083,1.894736842105263,0.7715015243658083,19.0,15.430030487316166,1.894736842105263,1,False,3,-1.0,True,False,1.2312935976465562,False,True,False
B2,48.0,0,27.800000000000125,23,1.3999999999999275,1.3999999999999275,0.2000000000000064,1.365263925642753,False,False,1.4371199217292137,0.1966064907378291,20.0,2.332977342909264,0.050000000000135714,2.332977342909264,19.0,0.7715015243658083,1.894736842105263,0.7715015243658083,19.0,15.430030487316166,1.894736842105263,1,False,3,-1.0,True,False,1.2312935976465562,False,True,False
B2,48.0,0,30.00000000000016,13,1.5,1.7999999999999368,0.8000000000001073,1.3022647376577892,False,True,1.3746127786387774,0.1921944099703988,19.0,2.0623741803741003,0.5500000000001393,2.0619367498547727,18.0,0.7197517050567299,1.8888888888888888,0.7199043971129493,18.0,14.398087942258986,1.8888888888888888,1,False,2,-1.0,False,False,1.0918451543157002,False,True,False
B2,48.0,0,32.100000000000186,20,0.6,0.5000000000000071,0.30000000000008953,1.4934571339123497,True,False,1.576426974685258,0.2457752771279759,19.0,1.731351942872825,0.2500000000001137,1.731351942872825,18.0,0.6043558382786314,1.8888888888888888,0.6043558382786314,18.0,12.087116765572627,1.8888888888888888,2,False,2,-1.0,False,False,0.9165980874032603,False,False,True
B2,48.0,0,32.60000000000019,4,0.7999999999999261,0.7999999999999261,0.5000000000000071,1.5897333615817812,False,False,1.6832470887336506,0.2534277044159462,18.0,1.7311072348359071,0.25000000000007816,1.7311072348359071,17.0,0.6398157378278384,1.8823529411764706,0.6398157378278384,17.0,12.796314756556768,1.8823529411764706,2,False,2,-1.0,False,False,0.9196507185065756,False,False,True
B2,48.0,0,34.200000000000145,21,1.3999999999999773,1.3999999999999773,0.5000000000000497,1.491903432319752,False,False,1.574786956337516,0.3131911289069984,19.0,1.5952455014757787,0.2500000000000355,1.5952455014757787,18.0,0.556845727567608,1.8888888888888888,0.556845727567608,18.0,11.13691455135216,1.8888888888888888,2,False,2,-1.0,False,False,0.8445417360754123,False,False,True
B2,48.0,0,36.50000000000025,14,1.4999999999999147,1.4999999999999147,0.7000000000001236,1.3284166537535689,False,False,1.398333319740599,0.2640377172697952,20.0,1.9877150280543887,0.2999999999997982,1.9877150280543887,19.0,0.6573253610069156,1.894736842105263,0.6573253610069156,19.0,13.146507220138313,1.894736842105263,2,False,2,-1.0,False,False,1.0490718203620386,False,True,False
B2,48.0,0,38.1000000000002,22,1.5,1.9999999999999858,0.10000000000003695,1.4134924735888799,False,True,1.487886814304084,0.213761331690898,20.0,1.8737052998902013,0.5499999999997414,1.8534415439239025,19.0,0.6129219303420479,1.894736842105263,0.6196230321186649,19.0,12.392460642373297,1.894736842105263,1,False,2,-1.0,False,False,0.9889000193864952,True,False,False
B2,48.0,0,40.400000000000304,11,0.6,0.19999999999988916,0.30000000000011795,1.1761885224846933,True,False,1.238093181562835,0.1457845598316229,20.0,1.997686698550792,0.5499999999995069,1.997686698550792,19.0,0.6606229322464436,1.894736842105263,0.6606229322464436,19.0,13.212458644928873,1.894736842105263,3,True,2,-1.0,False,False,1.0543346464573624,False,True,False
B2,48.0,0,40.70000000000032,7,0.6,0.5999999999998806,0.10000000000012932,1.7188266657589053,True,False,1.8092912271146373,0.2854041644341275,20.0,1.997686698550792,0.2499999999994884,1.997686698550792,19.0,0.6606229322464436,1.894736842105263,0.6606229322464436,19.0,13.212458644928873,1.894736842105263,4,False,2,-1.0,False,False,1.0543346464573624,False,True,False
B2,48.0,0,41.3000000000002,4,0.8999999999999488,0.8999999999999488,0.5999999999998806,1.8662966213736436,False,False,1.9699797670055128,0.3558313050250609,19.0,1.961084960257769,0.04999999999958504,1.7985638127514676,18.0,0.6278172067947176,1.8888888888888888,0.6485189583380251,19.0,12.970379166760502,1.894736842105263,3,False,2,0.0,True,False,1.035017062358267,False,True,False
B2,48.0,0,45.70000000000029,18,0.6,0.0999999999999801,1.2000000000000384,1.2249217042812623,True,False,1.2893912676644868,0.145427013035517,20.0,1.8820431600546663,0.4999999999992255,1.8688773504807192,19.0,0.6180264583926931,1.894736842105263,0.6223803121438589,19.0,12.447606242877178,1.894736842105263,2,False,3,-1.0,True,False,0.9933005566955184,True,False,False
B2,48.0,0,45.80000000000027,14,0.6,0.2999999999999332,0.0999999999999801,1.2188259925125415,True,False,1.28297472896057,0.1365689948135678,20.0,1.8820431600546663,0.3999999999992454,1.8688773504807192,19.0,0.6180264583926931,1.894736842105263,0.6223803121438589,19.0,12.447606242877178,1.894736842105263,2,False,3,-1.0,True,False,0.9933005566955184,True,False,False
B2,48.0,0,46.600000000000286,24,1.5,1.8000000000000185,0.5000000000000853,1.7208893298130006,False,True,1.8164942925803893,0.3296034456593195,19.0,1.7992665050759786,0.04999999999920135,1.6638846020647615,18.0,0.5808052935853145,1.8888888888888888,0.5950065720207238,19.0,11.900131440414476,1.894736842105263,3,False,2,0.0,True,False,0.9496128776789887,False,False,True
B2,48.0,0,53.90000000000051,2,0.6999999999997755,0.6999999999997755,0.100000000000243,1.2440133094852093,False,False,1.3005593690072643,0.2793394834989405,23.0,1.875296856374848,0.39999999999854197,1.8743309572844775,22.0,0.5353076696182582,1.9090909090909092,0.5355835297533869,22.0,10.711670595067737,1.9090909090909092,2,False,2,-1.0,False,False,0.982298353339206,True,False,False
B2,48.0,0,60.80000000000048,23,1.1000000000000298,1.1000000000000298,6.200000000000195,1.046334720923511,False,False,1.093895390056398,0.0593443826636181,23.0,1.7305077692527575,0.34999999999818243,1.72962480350442,22.0,0.4939796887414704,1.9090909090909092,0.4942318631695022,22.0,9.884637263390044,1.9090909090909092,0,False,2,-1.0,False,True,0.9064564505609681,False,False,True
B2,48.0,0,66.2000000000004,12,0.7999999999999687,0.7999999999999687,4.299999999999891,1.0200555573661985,False,False,1.066421719064662,0.0643008295085081,23.0,2.02559320734399,0.24999999999796785,2.02559320734399,22.0,0.5785080672139333,1.9090909090909092,0.5785080672139333,22.0,11.570161344278667,1.9090909090909092,0,False,2,-1.0,False,True,1.0610250133706616,False,True,False
B2,48.0,0,67.00000000000037,7,1.5,1.5999999999998238,0.7999999999999687,1.871085690513872,False,True,1.9601850091097708,0.2166476072637596,22.0,1.9471910693533407,0.049999999997965006,1.8788570148168648,21.0,0.5621527042756487,1.9047619047619047,0.5561164689651008,22.0,11.122329379302016,1.9090909090909092,1,False,2,0.0,True,False,1.0199572268041308,True,False,False
B2,48.0,0,68.6000000000002,22,0.6,0.20000000000028706,1.5999999999998238,1.4907043373097597,True,False,1.5652395541752475,0.1690975559723153,21.0,1.93865564576288,0.599999999998019,1.93865564576288,20.0,0.609046633456904,1.9,0.609046633456904,20.0,12.18093266913808,1.9,2,True,2,-1.0,False,False,1.0203450767173055,False,True,False
B2,48.0,0,68.90000000000036,6,0.999999999999929,0.999999999999929,0.09999999999988063,1.7543483733434477,False,False,1.84206579201062,0.3054658302490012,21.0,1.962188589931103,0.6499999999978314,1.93865564576288,20.0,0.609046633456904,1.9,0.6164397259085268,20.0,12.328794518170536,1.9,2,False,2,-1.0,False,False,1.0327308368058437,False,True,False
B2,48.0,0,69.90000000000029,25,1.5,1.9999999999999005,0.999999999999929,1.8010350902457062,False,True,1.895826410784954,0.2957720424417149,20.0,1.8676441819072869,0.14999999999787406,1.7414099196613404,19.0,0.5758737484733114,1.894736842105263,0.5867377241399652,20.0,11.734754482799303,1.9,1,False,2,0.0,True,False,0.9829706220564668,True,False,False
B2,48.0,0,71.90000000000019,15,0.6,0.5999999999998664,1.9999999999999005,1.2006068967573833,True,False,1.2673072799105711,0.1102262394790732,19.0,1.8972813415186205,0.39999999999784563,1.8955348800043867,18.0,0.6616664948494435,1.8888888888888888,0.6622761249230984,18.0,13.245522498461968,1.8888888888888888,1,False,2,-1.0,False,False,1.0044430631569168,True,False,False
B2,48.0,0,72.50000000000006,2,1.5,1.700000000000344,0.5999999999998664,1.7841648279933828,False,True,1.889115700228288,0.2288761217327197,18.0,1.8844495467087543,0.049999999997965006,1.7418198398205271,17.0,0.6437751073714257,1.8823529411764706,0.6577969835556488,18.0,13.155939671112975,1.8888888888888888,1,False,2,0.0,True,False,0.9976497600222817,True,False,False
B2,48.0,0,75.39999999999976,4,1.2000000000004292,1.2000000000004292,0.3999999999993946,1.1622731606577157,False,False,1.2268438918053666,0.2049990647112694,19.0,1.9540733054308128,0.4999999999980673,1.9438997150807875,18.0,0.6785490071347882,1.8888888888888888,0.6821002601019295,18.0,13.64200520203859,1.8888888888888888,1,False,2,-1.0,False,False,1.0345093969927832,False,True,False
B2,48.0,0,77.20000000000034,6,0.699999999999946,0.699999999999946,0.29999999999998295,1.6552842281625484,False,False,1.7424044506974192,0.3137704937027278,20.0,1.698850711365637,0.04999999999741078,1.4890914687379708,19.0,0.4924335598642573,1.894736842105263,0.5337096914372079,20.0,10.674193828744158,1.9,2,False,2,0.0,True,False,0.8941319533503354,False,False,True
B2,48.0,0,78.49999999999982,5,1.199999999999747,1.199999999999747,0.5999999999995254,1.339090772105721,False,False,1.409569233795496,0.222445502693153,20.0,2.260327966412819,0.2999999999978513,2.260327966412819,19.0,0.7474768141037966,1.894736842105263,0.7474768141037966,19.0,14.949536282075933,1.894736842105263,1,False,2,-1.0,False,False,1.1929508711623211,False,True,False
B2,48.0,0,79.69999999999956,21,0.6,0.20000000000062812,1.199999999999747,1.6669267496912212,True,False,1.7595337913407336,0.1987786753893594,19.0,1.8995634583673,0.29999999999803606,,,,,0.6281741690351925,19.0,12.56348338070385,1.894736842105263,1,False,1,0.0,True,False,1.0025473808049639,True,False,False
B2,48.0,0,81.59999999999953,8,0.6,0.19999999999998863,1.0999999999994685,1.4331125690970203,True,False,1.508539546417916,0.2514690044450672,20.0,2.1912942105274613,0.24999999999796785,2.1912942105274613,19.0,0.7246477677523071,1.894736842105263,0.7246477677523071,19.0,14.492955355046142,1.894736842105263,1,False,3,-1.0,True,False,1.1565163888894936,False,True,False
B2,48.0,0,81.79999999999951,13,1.5,1.6000000000002501,0.19999999999998863,1.3409443421657443,False,True,1.4115203601744677,0.23230569428687,20.0,2.1912942105274613,0.049999999997979216,2.1912942105274613,19.0,0.7246477677523071,1.894736842105263,0.7246477677523071,19.0,14.492955355046142,1.894736842105263,1,False,2,-1.0,False,False,1.1565163888894936,False,True,False
B2,48.0,0,83.49999999999989,2,1.5,1.7000000000004576,0.10000000000012221,1.4976148807191922,False,True,1.5808157074258142,0.2440573919129216,19.0,1.7632007181474607,0.7999999999974676,1.6969443657654053,18.0,0.5923453281154654,1.8888888888888888,0.6154731581040345,18.0,12.30946316208069,1.8888888888888888,1,False,2,-1.0,False,False,0.9334592037251263,False,False,True
B2,48.0,0,89.89999999999961,25,0.6,0.5999999999999943,0.10000000000009379,1.1726412595514955,True,False,1.2259431349856542,0.2452259345872545,23.0,1.3077167456610486,0.5999999999973937,1.2140941929549196,22.0,0.3467444906684731,1.9090909090909092,0.3734830291950093,22.0,7.469660583900186,1.9090909090909092,2,True,2,-1.0,False,False,0.684994485822454,False,False,True
B2,48.0,0,90.4999999999996,15,0.8999999999992383,0.8999999999992383,0.5999999999999943,1.2482750754037282,False,False,1.3077167456610486,0.1597848806794195,22.0,1.6117898508653632,0.5499999999973539,1.602156882420115,21.0,0.4793642182580342,1.9047619047619047,0.4822463956770679,21.0,9.644927913541357,1.9047619047619047,3,False,2,-1.0,False,False,0.8461896717043157,False,False,True
B2,48.0,0,91.39999999999884,24,0.6,0.10000000000104592,0.8999999999992383,1.5080536815953016,True,False,1.5834563656750666,0.1664627507148028,21.0,1.6167594153035798,0.1999999999980986,,,,,0.4617454092490778,22.0,9.234908184981556,1.9090909090909092,2,False,2,1.0,True,False,0.8468739794447322,False,False,True
B2,48.0,0,92.1999999999988,14,1.300000000000523,1.300000000000523,0.6999999999989086,1.287966203423191,False,False,1.3523645135943505,0.1085087435803776,21.0,1.653030961591026,0.2999999999980787,1.653030961591026,20.0,0.5193149925090839,1.9,0.5193149925090839,20.0,10.386299850181677,1.9,2,False,2,-1.0,False,False,0.8700162955742242,False,False,True
B2,48.0,0,93.49999999999932,7,1.5,3.5999999999996817,1.300000000000523,1.4497489851993572,False,True,1.5260515633677445,0.1379804232969115,20.0,1.8507004621409544,0.4499999999974875,1.842353602739852,19.0,0.6092552151244428,1.894736842105263,0.6120154711428691,19.0,12.240309422857383,1.894736842105263,0,False,2,-1.0,False,True,0.9767585772410593,False,False,True
B2,48.0,0,97.099999999999,4,0.800000000000594,0.800000000000594,3.5999999999996817,1.0855253198679755,False,False,1.145832282082863,0.0816028569284948,19.0,1.7731265304567303,0.39999999999760405,1.771821092282564,18.0,0.6184822363322606,1.8888888888888888,0.6189379202186691,18.0,12.378758404373382,1.8888888888888888,0,False,2,-1.0,False,True,0.9387140455359161,False,False,True
B2,48.0,0,98.49999999999856,16,0.6,0.30000000000092086,0.5999999999989711,1.556901960255172,True,False,1.6433965136026816,0.2049157239824569,19.0,2.0579692078065976,0.34999999999796216,1.9376676176965744,18.0,0.6763735947615994,1.8888888888888888,0.6805579941641278,19.0,13.611159883282555,1.894736842105263,3,False,3,0.0,True,False,1.08615041523126,False,True,False
B2,48.0,0,98.79999999999949,2,0.6,0.5999999999993548,0.29999999999988347,1.9468550397328648,True,False,2.055013653051357,0.345893937162664,19.0,2.0579692078065976,0.0499999999970413,1.9376676176965744,18.0,0.6763735947615994,1.8888888888888888,0.6805579941641278,19.0,13.611159883282555,1.894736842105263,4,False,2,0.0,True,False,1.08615041523126,False,True,False
B2,48.0,0,101.29999999999886,12,0.6,0.2000000000004576,1.1000000000000654,1.1933659038807463,True,False,1.2561746356639434,0.131611787521434,20.0,1.788197765363748,0.4999999999974989,,,,,0.5617788962832435,20.0,11.23557792566487,1.9,1,False,1,0.0,True,False,0.9411567186124989,False,False,True
B2,48.0,0,102.59999999999872,21,0.7999999999996845,0.7999999999996845,1.0999999999993975,1.5639594212949943,False,False,1.6462730750473624,0.2111027693249506,20.0,2.1571270350966647,0.2999999999975813,2.1571270350966647,19.0,0.7133488890862751,1.894736842105263,0.7133488890862751,19.0,14.266977781725503,1.894736842105263,0,False,2,-1.0,False,True,1.1384837129676841,False,True,False
B2,48.0,0,103.3999999999984,9,0.6,0.40000000000088676,0.7999999999996845,1.9493866693085742,True,False,2.0576859287146063,0.2741834170587375,19.0,2.031756703731117,0.04999999999787974,1.9820840417128376,18.0,0.6918778515825128,1.8888888888888888,0.6718896772972096,19.0,13.437793545944192,1.894736842105263,2,False,2,0.0,True,False,1.0723160380803118,False,True,False
B2,48.0,0,103.79999999999929,25,1.299999999999713,1.299999999999713,0.40000000000088676,1.8412764600517382,False,False,1.9495868400547816,0.3169089777045941,18.0,1.932647907313069,0.049999999996956035,1.736849246902551,17.0,0.6419379805249434,1.8823529411764706,0.6746213852878249,18.0,13.492427705756498,1.8888888888888888,1,False,2,0.0,True,False,1.0231665391657423,False,True,False
B2,48.0,0,106.99999999999808,3,0.6000000000003212,0.6000000000003212,0.19999999999859597,1.1786388438854722,False,False,1.2406724672478655,0.2921138360334116,20.0,1.6343402750219749,0.24999999999795364,1.6343402750219749,19.0,0.5404664633131535,1.894736842105263,0.5404664633131535,19.0,10.80932926626307,1.894736842105263,2,False,2,-1.0,False,False,0.8625684784838201,False,False,True
B2,48.0,0,107.5999999999984,24,1.5,1.7000000000004576,0.6000000000003212,1.4779381621253032,False,True,1.560045837798931,0.2415758503678288,19.0,1.546320896367454,0.049999999997638156,1.4073036152214538,18.0,0.4912416332166751,1.8888888888888888,0.5113589861179344,19.0,10.227179722358688,1.894736842105263,2,False,2,0.0,True,False,0.8161138064161563,False,False,True
B2,48.0,0,114.19999999999769,10,0.6,0.5000000000013358,2.3999999999984,1.0879701139996998,True,False,1.1397782146663522,0.080166300746193,22.0,1.7585406610241976,0.49999999999795364,1.7444878329708198,21.0,0.5219495390798006,1.9047619047619047,0.526154135401196,21.0,10.52308270802392,1.9047619047619047,1,False,2,-1.0,False,False,0.9232338470377038,False,False,True
B2,48.0,0,114.69999999999902,2,0.6,0.29999999999905924,0.5000000000013358,1.6748006295468547,True,False,1.7585406610241976,0.1791886637094688,21.0,1.8558147120569777,0.29999999999657234,1.8558147120569777,20.0,0.5830213865822058,1.9,0.5830213865822058,20.0,11.660427731644116,1.9,2,False,2,-1.0,False,False,0.9767445852931462,False,False,True
B2,48.0,0,116.19999999999813,5,0.6,0.4999999999998579,0.5999999999997243,1.3614566464823672,True,False,1.42628791536248,0.210015418363282,22.0,1.7574295678158935,0.2499999999973994,1.7574295678158935,21.0,0.5258216970906568,1.9047619047619047,0.5258216970906568,21.0,10.516433941813137,1.9047619047619047,2,False,2,-1.0,False,False,0.9226505231033442,False,False,True
B2,48.0,0,116.69999999999798,13,1.1999999999999318,1.1999999999999318,0.4999999999998579,1.6400268664228828,False,False,1.7220282097440267,0.2086797991123531,21.0,1.7717809558617208,0.39999999999749036,1.770713787340785,20.0,0.5562861425919969,1.9,0.5566214034705483,20.0,11.132428069410967,1.9,1,False,2,-1.0,False,False,0.9325162925588004,False,False,True
B2,48.0,0,117.89999999999792,8,0.6,0.4999999999997442,1.1999999999999318,1.5506401968347774,True,False,1.6322528387734498,0.1941818013879349,20.0,1.9700810774766877,0.3999999999975046,1.9633874992252716,19.0,0.649280394075384,1.894736842105263,0.6514939199975815,19.0,13.029878399951631,1.894736842105263,1,False,2,-1.0,False,False,1.0397650131126963,False,True,False
B2,48.0,0,118.39999999999766,23,0.9000000000006452,0.9000000000006452,0.4999999999997442,1.8649169315069445,False,False,1.968523427701775,0.2664695094770929,19.0,1.965814708613138,0.04999999999773763,1.831345129960175,18.0,0.6392600451633701,1.8888888888888888,0.6500830575681888,19.0,13.001661151363777,1.894736842105263,1,False,2,0.0,True,False,1.0375133184347116,False,True,False
B2,48.0,0,119.2999999999983,7,1.5,2.099999999998957,0.9000000000006452,1.5458929049712178,False,True,1.6368277817342307,0.2191472510129887,18.0,1.8494390359526471,0.6999999999970186,1.806258370818004,17.0,0.6675915327349307,1.8823529411764706,0.683551069248356,17.0,13.67102138496712,1.8823529411764706,1,False,2,-1.0,False,False,0.9825144878498439,True,False,False
B2,48.0,0,121.39999999999726,11,0.8000000000004235,0.8000000000004235,2.099999999998957,1.3739535416921889,False,False,1.4598256380479506,0.1262309051871592,17.0,1.7499436008749738,0.4499999999979565,1.7467739765688828,16.0,0.6859565365338289,1.875,0.6872012450881608,16.0,13.744024901763217,1.875,0,False,2,-1.0,False,True,0.933303253799986,False,False,True
B2,48.0,0,124.39999999999893,2,0.6,0.29999999999905924,0.20000000000079865,1.2647121398391155,True,False,1.3349739253857331,0.2187364180051424,19.0,1.7388775259773268,0.5999999999961148,1.5872017053952758,18.0,0.5540379130483322,1.8888888888888888,0.5750363011687121,19.0,11.500726023374241,1.894736842105263,2,True,2,0.0,True,False,0.9177409164880337,False,False,True
B2,48.0,0,125.49999999999748,3,0.6,0.400000000000432,0.7999999999994998,1.5844285798855724,True,False,1.6724523898792154,0.2413911998851301,19.0,2.306242528831916,0.4999999999974989,2.227136294168767,18.0,0.7774172244781994,1.8888888888888888,0.7626604827341783,19.0,15.253209654683566,1.894736842105263,3,False,2,0.0,True,False,1.2171835568835114,False,True,False
B2,48.0,0,125.99999999999748,10,0.6,0.4000000000001762,0.09999999999956799,2.1848613431039206,True,False,2.306242528831916,0.3976468022624893,19.0,2.292616032295719,0.04999999999749605,2.1066451332662126,18.0,0.7353578749322027,1.8888888888888888,0.758154282585517,19.0,15.16308565171034,1.894736842105263,3,False,2,0.0,True,False,1.2099917948227408,False,True,False
B2,48.0,0,127.09999999999783,8,0.6,0.2000000000004718,0.7000000000001734,1.869956167056436,True,False,1.9738426207817936,0.352579702644671,19.0,1.9476525372875049,0.04999999999708393,,,,,0.6440769371460995,19.0,12.88153874292199,1.894736842105263,2,False,1,0.0,True,False,1.0279277280128498,False,True,False
B2,48.0,0,128.59999999999755,23,0.6,0.20000000000013074,1.299999999999244,1.1730430400172662,True,False,1.2382120977960032,0.1270873798784891,19.0,1.9619557801229408,0.44999999999754436,1.863543909413749,18.0,0.6504995394951374,1.8888888888888888,0.7251371606473249,17.0,14.502743212946498,1.8823529411764706,1,False,3,-2.0,True,False,1.0422890081903122,False,True,False
B2,48.0,0,128.79999999999768,21,0.6,0.599999999999568,0.20000000000013074,1.1259181758346808,True,False,1.188469185603274,0.1095933812467623,19.0,1.9619557801229408,0.24999999999741362,1.863543909413749,18.0,0.6504995394951374,1.8888888888888888,0.7251371606473249,17.0,14.502743212946498,1.8823529411764706,2,False,2,-2.0,True,False,1.0422890081903122,False,True,False
B2,48.0,0,129.4999999999976,24,0.6,0.5999999999995396,0.1000000000003638,1.9272743219462274,True,False,2.04064339970777,0.3929108849407502,18.0,2.550721270683985,0.249999999997641,2.550721270683985,17.0,0.9427443770983563,1.8823529411764706,0.9427443770983563,17.0,18.854887541967127,1.8823529411764706,4,False,2,-1.0,False,False,1.355070675050867,False,True,False
B2,48.0,0,130.09999999999715,22,1.5,2.3000000000017735,0.5999999999995396,2.312374523254384,False,True,2.456897930957783,0.4540909644957486,17.0,2.4386041489352075,0.04999999999819238,2.2105249796434805,16.0,0.8680711295780856,1.875,0.9013059858009926,17.0,18.026119716019853,1.8823529411764706,2,False,2,0.0,True,False,1.295508454121829,False,True,False
B2,48.0,0,135.9999999999968,14,0.6000000000007617,0.6000000000007617,0.8999999999989257,1.2591797312649056,False,False,1.3254523486999006,0.2060954294026791,20.0,2.332532900459993,0.24999999999994316,2.332532900459993,19.0,0.7713545499306953,1.894736842105263,0.7713545499306953,19.0,15.427090998613906,1.894736842105263,1,False,2,-1.0,False,False,1.2310590307983296,False,True,False
B2,48.0,0,136.69999999999754,23,0.6,0.10000000000013642,0.09999999999999432,2.268523882225403,True,False,2.3879198760267397,0.3836084066540525,20.0,2.3726111750757246,0.049999999999300826,,,,,0.7453777837442943,20.0,14.907555674885886,1.9,3,False,2,0.0,True,False,1.2487427237240656,False,True,False
B2,48.0,0,138.4999999999963,20,0.7000000000007844,0.7000000000007844,0.39999999999915303,1.404465368230481,False,False,1.4713446714795515,0.2463722809577588,22.0,1.472889626950124,0.10000000000096065,1.404631053219862,21.0,0.4202646283618678,1.9047619047619047,0.4206562937795564,22.0,8.413125875591128,1.9090909090909092,2,False,2,0.0,True,False,0.7715136141167316,False,False,True
B2,48.0,0,139.1999999999971,22,1.200000000000017,1.200000000000017,0.7000000000007844,1.3182678274701132,False,False,1.3841812188436189,0.200245917378505,21.0,1.9157329085991,0.30000000000038085,1.9134511615655776,20.0,0.6011284112177275,1.9,0.6018452431895138,20.0,12.036904863790276,1.9,1,False,2,-1.0,False,False,1.0082804782100527,True,False,False
B2,48.0,0,140.3999999999971,12,1.5,3.5999999999996817,1.200000000000017,1.6066063169754308,False,True,1.691164544184664,0.2043619302494794,20.0,1.8575416505119415,0.45000000000067075,1.851619001659878,19.0,0.6123192266170463,1.894736842105263,0.6142778108405658,19.0,12.285556216811315,1.894736842105263,0,False,2,-1.0,False,True,0.980369204436858,True,False,False
B2,48.0,0,144.1999999999969,13,0.6,0.5000000000006537,0.20000000000010232,1.1416059006414074,True,False,1.2016904217277973,0.1815528125081104,20.0,2.2924065805804013,0.5500000000017735,2.203922342253756,19.0,0.7288238146849273,1.894736842105263,0.7201807672592286,20.0,14.403615345184573,1.9,2,True,2,0.0,True,False,1.2065297792528429,False,True,False
B2,48.0,0,145.19999999999683,3,0.6,0.4000000000005173,0.49999999999928946,2.073156345200846,True,False,2.1822698370535223,0.3375930340358613,20.0,2.1623173701028087,1.9326762412674725e-12,1.941867369711576,19.0,0.6421638171506969,1.894736842105263,0.6793120364644585,20.0,13.58624072928917,1.9,3,False,2,0.0,True,False,1.1380617737383205,False,True,False
B2,48.0,0,145.59999999999735,25,0.6,0.399999999999892,0.4000000000005173,1.7913269925925666,True,False,1.890845158847709,0.3334605793783431,19.0,1.8644776154000848,1.5063505998114124e-12,1.7708826977046583,18.0,0.6181546748309144,1.8888888888888888,0.6165714925603707,19.0,12.331429851207414,1.894736842105263,3,False,2,0.0,True,False,0.984029852572267,True,False,False
B2,48.0,0,145.99999999999724,7,0.6,0.4999999999990621,0.399999999999892,1.6836632644678025,True,False,1.782702280024732,0.3274638301088384,18.0,1.851764803871985,0.5500000000018304,1.7615524890108236,17.0,0.6510682774575551,1.8823529411764706,0.6463878560022636,18.0,12.927757120045271,1.8888888888888888,3,True,2,0.0,True,False,0.9803460726381097,True,False,False
B2,48.0,0,146.89999999999674,10,0.6,0.30000000000035243,0.400000000000432,1.7066613922084013,True,False,1.8070532388088956,0.3729325201539511,18.0,2.7388075403735512,0.3500000000024954,2.608317256206714,17.0,0.964031803568294,1.8823529411764706,0.95602418315932,18.0,19.120483663186402,1.8888888888888888,3,False,2,0.0,True,False,1.449956933138939,False,True,False
B2,48.0,0,149.39999999999614,16,0.8999999999999488,0.8999999999999488,0.9999999999990337,1.2851225448245902,False,False,1.3565182417592896,0.1922017615731912,19.0,2.1751840609661897,0.30000000000364935,2.174677756231849,18.0,0.7591057403225681,1.8888888888888888,0.7592824740152215,18.0,15.18564948030443,1.8888888888888888,1,False,2,-1.0,False,False,1.151568032276218,False,True,False
B2,48.0,0,150.2999999999961,20,0.6,0.100000000000108,0.8999999999999488,1.997776397646788,True,False,2.115292656331893,0.296801167893193,18.0,2.2671092481608546,0.5000000000039506,1.8135120014574404,16.0,0.7121644976219521,1.875,0.9496445011876826,15.0,18.992890023753652,1.8666666666666667,4,False,3,-3.0,True,False,1.2145228115147435,False,True,False
B2,48.0,0,150.299999999997,12,0.6,0.09999999999919851,0.9000000000008583,1.997776397646788,True,False,2.115292656331893,0.296801167893193,18.0,2.2671092481608546,0.5000000000030411,1.8135120014574404,16.0,0.7121644976219521,1.875,0.9496445011876826,15.0,18.992890023753652,1.8666666666666667,4,False,3,-3.0,True,False,1.2145228115147435,False,True,False
B2,48.0,0,150.3999999999962,9,0.6,0.49999999999943157,0.09999999999919851,1.973035674966712,True,False,2.0890965970235773,0.2889841103005208,18.0,2.2671092481608546,0.4000000000038426,1.8135120014574404,16.0,0.7121644976219521,1.875,0.9496445011876826,15.0,18.992890023753652,1.8666666666666667,3,False,3,-3.0,True,False,1.2145228115147435,False,True,False
B2,48.0,0,150.89999999999563,19,1.300000000001262,1.300000000001262,0.49999999999943157,2.1154623399359407,False,False,2.266566792788508,0.4193578476761501,15.0,2.265016301614264,4.433786671143025e-12,2.0985499454369894,14.0,0.9418270131108724,1.8571428571428572,0.9487678097883324,15.0,18.975356195766647,1.8666666666666667,3,False,2,0.0,True,False,1.2134015901504984,False,True,False
B2,48.0,0,152.29999999999688,8,0.6,0.3000000000002103,0.09999999999999432,1.7443277440228573,True,False,1.8689225828816327,0.3758700294936059,15.0,2.6329710946297253,0.2500000000035527,2.6329710946297253,14.0,1.1816746640004316,1.8571428571428572,1.1816746640004316,14.0,23.633493280008633,1.8571428571428572,2,False,3,-1.0,True,False,1.4177536663390828,False,True,False
B2,48.0,0,152.5999999999971,23,0.6,0.5999999999997385,0.3000000000002103,2.4449017307276018,True,False,2.6329710946297253,0.5260852291860039,14.0,2.624831864137141,3.353761712787673e-12,2.4016233104680063,13.0,1.160757253670198,1.8461538461538463,1.1780217858973776,14.0,23.560435717947552,1.8571428571428572,3,False,2,0.0,True,False,1.4133710037661527,False,True,False
B2,48.0,1,21.80000000000004,13,0.6,0.4999999999999254,1.2000000000000668,1.1452209054562137,True,False,1.2024819507290243,0.1587019059567062,21.0,1.969733173797592,0.5500000000001428,1.854096754419196,20.0,0.5824816742728025,1.9,0.5893427874604402,21.0,11.786855749208804,1.9047619047619047,1,True,2,0.0,True,False,1.034109916243736,False,True,False
B2,48.0,1,22.70000000000008,19,1.3999999999999915,1.3999999999999915,0.4000000000001158,1.8540195652642306,False,False,1.9467205435274424,0.2918846604980326,21.0,1.933001614023216,1.0658141036401503e-13,1.788157472245026,20.0,0.5617662378266668,1.9,0.5783527304754807,21.0,11.567054609509615,1.9047619047619047,2,False,2,0.0,True,False,1.0148258473621885,True,False,False
B2,48.0,1,24.100000000000072,18,0.8000000000000114,0.8000000000000114,1.3999999999999915,1.2285492940672402,False,False,1.293209783228674,0.1059808894001255,20.0,1.8087025654865057,0.3500000000001364,1.8025235034326097,19.0,0.5960836417165076,1.894736842105263,0.598127020238044,19.0,11.96254040476088,1.894736842105263,0,False,2,-1.0,False,True,0.9545930206734335,False,False,True
B2,48.0,1,24.900000000000084,7,1.0999999999998984,1.0999999999998984,0.8000000000000114,1.680860868294841,False,False,1.7742420276445543,0.19139903471923,19.0,1.7653262548849318,1.3500311979441904e-13,1.6647748897748564,18.0,0.5811160626219385,1.8888888888888888,0.583782736161651,19.0,11.67565472323302,1.894736842105263,1,False,2,0.0,True,False,0.9316999678559362,False,False,True
B2,48.0,1,27.900000000000126,6,1.5,1.8999999999999133,1.500000000000135,1.1105730745489706,False,True,1.1690242889989164,0.1575318743116937,20.0,2.147000301719959,0.25000000000013856,2.1448972768735155,19.0,0.7093045818663777,1.894736842105263,0.7100000394882624,19.0,14.200000789765248,1.894736842105263,0,False,2,-1.0,False,True,1.1331390481299783,False,True,False
B2,48.0,1,31.800000000000097,19,0.6,0.29999999999997584,1.1000000000000156,1.1392226108865136,True,False,1.1961837414308392,0.1480308751698617,21.0,1.526827681830216,0.5500000000002032,1.3478921317335597,20.0,0.4234528018885637,1.9,0.4568257741462229,21.0,9.136515482924457,1.9047619047619047,1,True,2,0.0,True,False,0.8015845329608634,False,False,True
B2,48.0,1,32.50000000000008,13,0.6,0.4000000000000057,0.4000000000000057,1.4785599033568257,True,False,1.552487898524667,0.2198582514508764,21.0,2.0907604083810862,0.4500000000001876,2.017245170345123,19.0,0.6670908008048135,1.894736842105263,0.6568317539386417,20.0,13.136635078772834,1.9,4,False,3,-1.0,True,False,1.100400214937414,False,True,False
B2,48.0,1,32.50000000000019,9,0.6,0.399999999999892,0.40000000000011937,1.4785599033568257,True,False,1.552487898524667,0.2198582514508764,21.0,2.0907604083810862,0.4500000000000739,2.017245170345123,19.0,0.6670908008048135,1.894736842105263,0.6568317539386417,20.0,13.136635078772834,1.9,4,False,3,-1.0,True,False,1.100400214937414,False,True,False
B2,48.0,1,34.70000000000022,11,0.6,0.4999999999999787,1.8000000000001393,1.3175936842420355,True,False,1.3869407202547743,0.1640263340110838,20.0,2.3138547561774634,0.49999999999991473,2.303266867856573,19.0,0.7616764496121036,1.894736842105263,0.7651778003664127,19.0,15.303556007328254,1.894736842105263,1,False,2,-1.0,False,False,1.2212011213158835,False,True,False
B2,48.0,1,35.2000000000002,22,0.6999999999999247,0.6999999999999247,0.4999999999999787,2.1920729269049652,False,False,2.3138547561774634,0.3263593031161688,19.0,2.3127023538357228,0.04999999999993321,2.1722338788233464,18.0,0.7582526661766984,1.8888888888888888,0.7647967078684346,19.0,15.295934157368691,1.894736842105263,1,False,2,0.0,True,False,1.2205929089688536,False,True,False
B2,48.0,1,36.80000000000025,5,0.8000000000000398,0.8000000000000398,0.9000000000001265,1.5918516563943401,False,False,1.680287859527359,0.2533317199620188,19.0,1.653594342448587,0.049999999999798206,1.444688500753455,18.0,0.5042914200769673,1.8888888888888888,0.5468336671846448,19.0,10.936673343692895,1.894736842105263,1,False,2,0.0,True,False,0.872730347403421,False,False,True
B2,48.0,1,37.60000000000029,20,1.0999999999999872,1.0999999999999872,0.8000000000000398,1.2649931054116474,False,False,1.339404464553509,0.1447130495918518,18.0,1.866574420740102,0.39999999999968594,1.862933426461221,17.0,0.688538584317345,1.8823529411764706,0.6898842926559681,17.0,13.797685853119361,1.8823529411764706,1,False,2,-1.0,False,False,0.9916176610181793,True,False,False
B2,48.0,1,38.70000000000028,4,1.0999999999998167,1.0999999999998167,1.0999999999999872,1.6527257628818313,False,False,1.7560211230619458,0.2023431478071456,17.0,1.8584170016141703,0.2999999999996419,1.8584170016141703,16.0,0.7297986499471811,1.875,0.7297986499471811,16.0,14.595972998943623,1.875,0,False,2,-1.0,False,True,0.9911557341942242,True,False,False
B2,48.0,1,40.20000000000019,7,0.6,0.20000000000011653,0.40000000000009095,1.5046264074503974,True,False,1.5986655579160474,0.2724944635855313,17.0,2.129417397197784,0.34999999999965326,2.120891528059275,16.0,0.8328721554514811,1.875,0.8362202564328571,16.0,16.724405128657143,1.875,5,False,3,-1.0,True,False,1.1356892785054848,False,True,False
B2,48.0,1,40.400000000000304,14,0.6,0.09999999999977405,0.20000000000011653,1.4192762952336584,True,False,1.507981063685762,0.2412530573451394,17.0,2.129417397197784,0.14999999999953673,2.120891528059275,16.0,0.8328721554514811,1.875,0.8362202564328571,16.0,16.724405128657143,1.875,5,False,3,-1.0,True,False,1.1356892785054848,False,True,False
B2,48.0,1,40.70000000000031,17,1.5,1.599999999999909,0.20000000000011653,1.6146746382559996,False,True,1.7155918031469994,0.2888313066094826,17.0,2.0107108853146647,0.2999999999994998,2.0107108853146647,16.0,0.7896043182246975,1.875,0.7896043182246975,16.0,15.792086364493949,1.875,5,False,2,-1.0,False,False,1.0723791388344879,False,True,False
B2,48.0,1,42.30000000000022,24,0.6,0.4000000000000057,1.599999999999909,1.4519885469358758,True,False,1.5487877833982675,0.1982845109138861,16.0,1.7481350898770227,0.5999999999994827,1.6149981267272249,15.0,0.676488833398337,1.8666666666666667,0.6864910444800234,16.0,13.729820889600468,1.875,2,True,2,0.0,True,False,0.9323387146010788,False,False,True
B2,48.0,1,42.70000000000022,6,0.6,0.20000000000000995,0.4000000000000057,1.5208847880327783,True,False,1.6295194157494053,0.2143410966429859,15.0,1.9322254876510008,0.29999999999947136,1.7608547606585918,14.0,0.7902697685890923,1.8571428571428572,0.8093687196111121,15.0,16.187374392222242,1.8666666666666667,3,False,3,0.0,True,False,1.0351207969558933,False,True,False
B2,48.0,1,42.90000000000023,11,0.6,0.29999999999996874,0.20000000000000995,1.6388766467597087,True,False,1.7481350898770227,0.2899854696524908,16.0,1.9322254876510008,0.09999999999946141,1.9322254876510008,15.0,0.8093687196111121,1.8666666666666667,0.8093687196111121,15.0,16.187374392222242,1.8666666666666667,4,False,3,-1.0,True,False,1.0351207969558933,False,True,False
B2,48.0,1,44.60000000000037,8,0.6,0.19999999999988205,1.400000000000169,1.238901703455761,True,False,1.3273946822740297,0.1647075094373546,15.0,1.8363808152887937,0.4999999999992042,,,,,0.7692213971339346,15.0,15.384427942678691,1.8666666666666667,1,False,1,0.0,True,False,0.9837754367618537,True,False,False
B2,48.0,1,47.60000000000026,22,0.6,0.10000000000015064,0.8999999999999773,1.1740556170979877,True,False,1.247434093166612,0.2330066850002276,17.0,3.0880258248243084,0.39999999999915303,2.136551944474801,16.0,0.8390219865968778,1.875,1.2935092327151478,15.0,25.870184654302957,1.8666666666666667,3,False,3,-2.0,True,False,1.6542995490130223,False,True,False
B2,48.0,1,47.70000000000041,23,0.6,0.49999999999977973,0.10000000000015064,1.1723540731337323,True,False,1.2456262027045906,0.2215469324545102,17.0,3.221324993203758,0.5999999999989853,2.136551944474801,16.0,0.8390219865968778,1.875,1.2650113666842646,16.0,25.300227333685292,1.875,2,True,3,-1.0,True,False,1.7180399963753377,False,True,False
B2,48.0,1,48.60000000000039,12,0.6,0.09999999999991616,0.2000000000000881,3.087857415417176,True,False,3.2808485038807493,0.6254787003003648,17.0,3.3235886707597504,0.19999999999897256,,,,,1.1601513057347883,18.0,23.203026114695767,1.8888888888888888,4,False,2,1.0,True,False,1.7595469433433972,False,True,False
B2,48.0,1,49.300000000000345,20,0.6,0.4000000000000057,0.600000000000037,2.4997184895370053,True,False,2.655950895133068,0.5794690980942141,17.0,2.602231721747766,0.04999999999898819,2.1945453946391487,16.0,0.8617959612209578,1.875,0.9617825952918944,17.0,19.235651905837887,1.8823529411764706,4,False,2,0.0,True,False,1.3824356021785007,False,True,False
B2,48.0,1,49.70000000000035,21,0.6,0.5999999999998664,0.4000000000000057,1.9632808318516475,True,False,2.0941662206417573,0.523597927355657,16.0,2.573057401198412,0.4999999999989342,2.553054692036201,15.0,1.0694210486285174,1.8666666666666667,1.0777997638493035,15.0,21.55599527698607,1.8666666666666667,2,False,2,-1.0,False,False,1.3784236077848637,False,True,False
B2,48.0,1,52.10000000000027,19,0.6,0.5000000000000995,1.2000000000000384,1.7669964255668171,True,False,1.87093739177663,0.3288645194035411,18.0,1.825094561360862,0.04999999999889582,1.5193118899989897,17.0,0.561536361427347,1.8823529411764706,0.6370781851197744,18.0,12.741563702395489,1.8888888888888888,1,False,2,0.0,True,False,0.9662265324851622,False,False,True
B2,48.0,1,53.30000000000037,18,1.1999999999999105,1.1999999999999105,0.6999999999999957,1.6360210323286377,False,False,1.732257563642087,0.2947366730691078,18.0,2.0556142732907627,0.2999999999987253,2.0508046480722157,17.0,0.7579756254507615,1.8823529411764706,0.7597532587746567,17.0,15.195065175493134,1.8823529411764706,1,False,2,-1.0,False,False,1.0920450826857178,False,True,False
B2,48.0,1,54.50000000000028,6,1.09999999999998,1.09999999999998,1.1999999999999105,1.70010649378978,False,False,1.8063631496516412,0.2736047917833437,17.0,1.7642130276527672,0.04999999999876081,1.7559119533753005,16.0,0.6895450116342934,1.875,0.6520516102401577,17.0,13.041032204803154,1.8823529411764706,0,False,2,0.0,True,True,0.9372381709405326,False,False,True
B2,48.0,1,55.80000000000052,15,0.7999999999998693,0.7999999999998693,0.10000000000011511,1.6584471832771723,False,False,1.7560028999405353,0.3849972637183233,18.0,2.1334570918904334,0.44999999999841833,2.1195811473990087,17.0,0.7833953601595471,1.8823529411764706,0.788523897250827,17.0,15.770477945016541,1.8823529411764706,2,False,2,-1.0,False,False,1.1333990800667928,False,True,False
B2,48.0,1,57.60000000000055,16,0.6,0.09999999999980247,0.3000000000002032,1.8253035740431478,True,False,1.926709328156656,0.3725191972527215,19.0,3.004323093544772,0.29999999999829896,,,,,0.9935115115463596,19.0,19.87023023092719,1.894736842105263,2,False,2,0.0,True,False,1.5856149660375185,False,True,False
B2,48.0,1,58.90000000000037,21,0.6,0.20000000000000284,1.200000000000017,2.159843246419635,True,False,2.279834537887392,0.385864742122992,19.0,2.2324702634988176,0.04999999999841975,1.8900971825967536,18.0,0.6597683803796364,1.8888888888888888,0.7382644399121636,19.0,14.765288798243272,1.894736842105263,1,False,3,0.0,True,False,1.1782481946243761,False,True,False
B2,48.0,1,59.10000000000037,20,0.9999999999999005,0.9999999999999005,0.20000000000000284,1.979675981085149,False,False,2.089657980034324,0.3494017686199631,19.0,2.0422405385037727,0.04999999999840554,1.8900971825967536,18.0,0.6597683803796364,1.8888888888888888,0.6753566181712332,19.0,13.507132363424663,1.894736842105263,1,False,3,0.0,True,False,1.0778491730992135,False,True,False
B2,48.0,1,60.10000000000036,11,1.20000000000001,1.20000000000001,0.9999999999999858,1.8306483200715586,False,False,1.9450638400760312,0.2767866697434068,17.0,2.0484000606167885,0.09999999999836007,,,,,0.7150265091162877,18.0,14.300530182325755,1.8888888888888888,2,False,2,1.0,True,False,1.0844470909147703,False,True,False
B2,48.0,1,62.50000000000039,18,1.3000000000001322,1.3000000000001322,1.2000000000000242,1.4185165455119264,False,False,1.501958695247922,0.2040170606896931,18.0,1.5448441410744056,0.09999999999818954,,,,,0.5108706320569039,19.0,10.217412641138077,1.894736842105263,1,False,2,1.0,True,False,0.8153344077892697,False,False,True
B2,48.0,1,64.90000000000036,13,0.7000000000001876,0.7000000000001876,1.099999999999838,1.1459887162903162,False,False,1.2096547560842226,0.1413315506180882,19.0,1.8441640406545825,0.2999999999980787,1.8441640406545825,18.0,0.6437346891261004,1.8888888888888888,0.6437346891261004,18.0,12.874693782522009,1.8888888888888888,0,False,2,-1.0,False,True,0.9763221391700732,False,False,True
B2,48.0,1,66.70000000000037,15,0.6,0.20000000000000284,1.0999999999998238,1.322515250578909,True,False,1.395988320055515,0.2005296465974904,19.0,1.8597592953134436,0.599999999997948,,,,,0.5842606139602045,20.0,11.68521227920409,1.9,3,True,2,1.0,True,False,0.9788206817439178,False,False,True
B2,48.0,1,67.20000000000049,2,0.6999999999998181,0.6999999999998181,0.10000000000012221,1.7589853281880372,False,False,1.8515635033558289,0.3555906013907743,20.0,1.957815439178909,0.3999999999978172,1.95277274819045,19.0,0.6457701599837335,1.894736842105263,0.6474377474535933,19.0,12.948754949071866,1.894736842105263,3,False,2,-1.0,False,False,1.0332914817888688,False,True,False
B2,48.0,1,67.9000000000003,17,0.6,0.20000000000005969,0.6999999999998181,1.8379548585137602,True,False,1.9400634617645247,0.3928728705569528,19.0,1.933058933590464,0.049999999997979216,,,,,0.639250920497255,19.0,12.7850184099451,1.894736842105263,4,False,1,0.0,True,False,1.020225548283856,False,True,False
B2,48.0,1,68.90000000000025,23,0.999999999999801,0.999999999999801,0.7999999999998835,1.5327887709196182,False,False,1.6179437026373749,0.3262010130167909,19.0,2.0434898329870346,0.5499999999979508,2.027509989766774,18.0,0.7077344987701348,1.8888888888888888,0.7133125163330556,18.0,14.266250326661112,1.8888888888888888,2,False,2,-1.0,False,False,1.0818475586401948,False,True,False
B2,48.0,1,69.90000000000005,22,0.6000000000003496,0.6000000000003496,0.999999999999801,1.8854275903233828,False,False,1.9963350956365231,0.2797418019041087,18.0,1.9840759579297973,0.049999999998121325,1.798682474863026,17.0,0.6647914881376931,1.8823529411764706,0.6925731615107091,18.0,13.851463230214183,1.8888888888888888,1,False,2,0.0,True,False,1.050393154198128,False,True,False
B2,48.0,1,72.10000000000007,3,0.8000000000002956,0.8000000000002956,1.5999999999996675,1.2339039601326462,False,False,1.306486546022802,0.1789068452959525,18.0,2.295938791068856,0.24999999999796785,2.295938791068856,17.0,0.8485769928369118,1.8823529411764706,0.8485769928369118,17.0,16.971539856738236,1.8823529411764706,0,False,2,-1.0,False,True,1.2197174827553297,False,True,False
B2,48.0,1,74.79999999999997,10,0.6,0.4000000000005173,0.09999999999959641,1.2981465494559254,True,False,1.3702658022034768,0.2633292052308529,19.0,2.19062184963949,0.4999999999978968,2.0912978413161727,18.0,0.7300006594163424,1.8888888888888888,0.7244254220653374,19.0,14.488508441306749,1.894736842105263,2,False,2,0.0,True,False,1.1561615317541754,False,True,False
B2,48.0,1,76.59999999999981,14,0.6,0.3000000000004377,0.6999999999995055,1.6512984910416453,True,False,1.738208937938574,0.29448506290423,20.0,1.7092313249971969,0.049999999997979216,1.489984392876936,19.0,0.4927288444869084,1.894736842105263,0.5369708573896741,20.0,10.739417147793482,1.9,2,False,2,0.0,True,False,0.8995954342090511,False,False,True
B2,48.0,1,81.09999999999944,7,0.6,0.5000000000004263,0.9999999999993747,1.1620029826096887,True,False,1.2173364579720547,0.1553957427820807,22.0,2.279293090799488,0.2999999999980787,2.279293090799488,21.0,0.6819628980412995,1.9047619047619047,0.6819628980412995,21.0,13.63925796082599,1.9047619047619047,2,False,2,-1.0,False,False,1.1966288726697312,False,True,False
B2,48.0,1,81.59999999999987,13,1.2000000000001023,1.2000000000001023,0.5000000000004263,2.1526366428167028,False,False,2.2602684749575377,0.3046903118411644,21.0,2.2523385117842136,0.049999999997638156,2.089439021193476,20.0,0.6564166279105272,1.9,0.6738981068589194,21.0,13.477962137178388,1.9047619047619047,1,False,2,0.0,True,False,1.1824777186867121,False,True,False
B2,48.0,1,87.69999999999895,6,1.4000000000004889,1.4000000000004889,3.0999999999991417,1.0841496025576391,False,False,1.135775774108003,0.0987810372722339,22.0,2.024774930903704,0.2999999999981924,2.024774930903704,21.0,0.605811242676177,1.9047619047619047,0.605811242676177,21.0,12.11622485352354,1.9047619047619047,0,False,2,-1.0,False,True,1.0630068387244447,False,True,False
B2,48.0,1,90.89999999999944,23,1.5,1.5999999999994827,1.2999999999995708,1.2274857678352875,False,True,1.2832805754641643,0.1527830033881838,23.0,2.16188520509318,0.29999999999752447,2.16188520509318,22.0,0.6174329707477453,1.9090909090909092,0.6174329707477453,22.0,12.348659414954906,1.9090909090909092,0,False,2,-1.0,False,True,1.1324160598107134,False,True,False
B2,48.0,1,92.49999999999892,20,0.6999999999999602,0.6999999999999602,1.5999999999994827,1.6937358541021057,False,False,1.7743899423926823,0.1997935081734009,22.0,1.8591289892584708,0.24999999999795364,1.8591289892584708,21.0,0.5562500928314504,1.9047619047619047,0.5562500928314504,21.0,11.125001856629009,1.9047619047619047,1,False,3,-1.0,True,False,0.9760427193606972,False,False,True
B2,48.0,1,92.49999999999936,17,0.6999999999995197,0.6999999999995197,1.5999999999999233,1.6937358541021057,False,False,1.7743899423926823,0.1997935081734009,22.0,1.8591289892584708,0.2499999999975131,1.8591289892584708,21.0,0.5562500928314504,1.9047619047619047,0.5562500928314504,21.0,11.125001856629009,1.9047619047619047,1,False,3,-1.0,True,False,0.9760427193606972,False,False,True
B2,48.0,1,93.19999999999888,21,0.9000000000000057,0.9000000000000057,0.6999999999995197,1.6426446064857578,False,False,1.7290995857744822,0.2699068035854673,20.0,2.4775809061907723,0.24999999999795364,2.4775809061907723,19.0,0.8193210498487655,1.894736842105263,0.8193210498487655,19.0,16.38642099697531,1.894736842105263,2,False,2,-1.0,False,False,1.3076121449340188,False,True,False
B2,48.0,1,94.09999999999889,11,1.199999999999875,1.199999999999875,0.9000000000000057,2.1653281776097173,False,False,2.285624187476924,0.3343965977881318,19.0,2.258178323329337,0.04999999999790816,2.020743921280958,18.0,0.7053726953202766,1.8888888888888888,0.7467659401123328,19.0,14.935318802246655,1.894736842105263,1,False,2,0.0,True,False,1.1918163373127058,False,True,False
B2,48.0,1,95.29999999999876,9,0.6,0.40000000000020464,1.199999999999875,1.4592820262690092,True,False,1.545122145461304,0.1803492804927202,18.0,1.8414370616994635,0.5999999999979337,1.7224031492912026,17.0,0.6365987153333137,1.8823529411764706,0.6427827938981121,18.0,12.855655877962242,1.8888888888888888,1,True,2,0.0,True,False,0.9748784444291277,False,False,True
B2,48.0,1,98.49999999999916,2,0.6,0.39999999999928093,2.800000000000196,1.1222148168922412,True,False,1.18822745318002,0.0948532030101414,18.0,1.8766051701834336,0.4999999999973568,1.7681664018967431,17.0,0.6535127739438948,1.8823529411764706,0.6550587795929887,18.0,13.101175591859775,1.8888888888888888,2,False,2,0.0,True,False,0.9934968548029943,True,False,False
B2,48.0,1,98.89999999999844,24,1.5,1.6000000000004775,0.39999999999928093,1.6671960663842262,False,True,1.7713958205332403,0.2089844783553295,17.0,1.8766051701834336,0.09999999999807585,,,,,0.6550587795929887,18.0,13.101175591859775,1.8888888888888888,2,False,2,1.0,True,False,0.9934968548029943,True,False,False
B2,48.0,1,100.69999999999897,10,0.6,0.49999999999991473,0.19999999999960494,1.4852350213908814,True,False,1.5677480781348192,0.2634923040968275,19.0,2.1456244548703256,0.5999999999974364,2.037473118235948,18.0,0.7112122866818602,1.8888888888888888,0.7095450552403388,19.0,14.190901104806777,1.894736842105263,3,True,2,0.0,True,False,1.1324129067371163,False,True,False
B2,48.0,1,102.39999999999849,25,0.6,0.30000000000063665,0.29999999999959925,1.8210176331923857,True,False,1.9168606665183008,0.3663732498282464,20.0,1.8916640159817744,0.04999999999783711,1.6936318096383436,19.0,0.5600738158995586,1.894736842105263,0.5942837775668508,20.0,11.885675551337016,1.9,3,False,3,0.0,True,False,0.9956126399904076,True,False,False
B2,48.0,1,102.69999999999912,13,0.6,0.09999999999965326,0.30000000000063665,1.5785088804045702,True,False,1.666203818204824,0.3479861544548054,19.0,2.562880040935883,0.34999999999715214,1.8360285723249177,18.0,0.640894874955213,1.8888888888888888,0.9472382480748328,17.0,18.944764961496656,1.8823529411764706,4,False,3,-2.0,True,False,1.3615300217471877,False,True,False
B2,48.0,1,102.79999999999878,15,0.6,0.4999999999999858,0.09999999999965326,1.5253438876789132,True,False,1.6100852147721862,0.3364443332027291,19.0,2.588919747978517,0.5999999999975074,1.8360285723249177,18.0,0.640894874955213,1.8888888888888888,0.9037034734425388,18.0,18.074069468850777,1.8888888888888888,4,True,3,-1.0,True,False,1.370604572459215,False,True,False
B2,48.0,1,104.59999999999822,8,0.6,0.20000000000030127,1.2999999999994571,1.519323839086235,True,False,1.6086958296207194,0.2183629024692258,18.0,1.7062226765595403,0.599999999997948,1.462479135464573,17.0,0.5405310244710417,1.8823529411764706,0.6700320782584708,16.0,13.400641565169416,1.875,1,True,3,-2.0,True,False,0.9099854274984215,False,False,True
B2,48.0,1,104.79999999999852,22,1.00000000000054,1.00000000000054,0.20000000000030127,1.3583146706620317,False,False,1.4382155336421512,0.1926008799116957,18.0,1.7165158688260314,0.5999999999976353,1.462479135464573,17.0,0.5405310244710417,1.8823529411764706,0.6740742054092701,16.0,13.481484108185402,1.875,1,False,3,-2.0,True,False,0.91547513004055,False,False,True
B2,48.0,1,105.79999999999906,23,0.6999999999990649,0.6999999999990649,1.00000000000054,1.5662428380373348,False,False,1.6706590272398238,0.2358559466922186,16.0,2.0157769098226974,0.5499999999970413,2.0061336510987617,15.0,0.8403272987214851,1.8666666666666667,0.8443666574899895,15.0,16.88733314979979,1.8666666666666667,0,False,2,-1.0,False,True,1.0798804874050165,False,True,False
B2,48.0,1,106.49999999999812,4,0.6,0.4000000000003183,0.6999999999990649,1.8776624106993973,True,False,2.011781154320783,0.3217934769749381,15.0,2.777021714800877,0.4999999999979394,,,,,1.0905338772597206,16.0,21.810677545194412,1.875,3,False,2,1.0,True,False,1.4810782478938012,False,True,False
B2,48.0,1,107.19999999999852,9,0.7999999999998408,0.7999999999998408,0.3000000000000824,2.5447145204385007,False,False,2.714362155134401,0.5065922026943862,16.0,2.6937953655236977,0.04999999999751026,2.427051789251836,15.0,1.0166410761327374,1.8666666666666667,1.057850966325435,16.0,21.1570193265087,1.875,3,False,2,0.0,True,False,1.4366908616126388,False,True,False
B2,48.0,1,107.99999999999837,7,0.6000000000006764,0.6000000000006764,0.7999999999998408,1.893314039284501,False,False,2.028550756376251,0.4303163064354831,15.0,2.016742324889224,0.049999999997638156,1.811418867797412,14.0,0.8129628868066128,1.8571428571428572,0.8447710496074112,15.0,16.895420992148225,1.8666666666666667,1,False,2,0.0,True,False,1.0803976740477985,False,True,False
B2,48.0,1,108.59999999999904,2,0.6,0.09999999999992326,0.6000000000006764,1.6130637742775136,True,False,1.7371456030680914,0.353223617514967,14.0,2.261274931730499,0.24999999999691624,,,,,1.014857816181614,14.0,20.29715632363228,1.8571428571428572,2,False,2,0.0,True,False,1.217609578624115,False,True,False
B2,48.0,1,113.59999999999818,21,0.6,0.20000000000088392,0.7999999999996561,1.3271910611316715,True,False,1.4009238978612089,0.2852776861477075,19.0,1.6904883782502858,0.5999999999974648,,,,,0.559034302114739,19.0,11.18068604229478,1.894736842105263,3,True,1,0.0,True,False,0.8922021996320953,False,False,True
B2,48.0,1,118.09999999999836,9,0.6,0.10000000000060538,1.4999999999993179,1.171559365808926,True,False,1.2248120642547864,0.1341861675918751,23.0,2.046038532818652,0.2999999999970555,2.0409088373866737,22.0,0.5828822009254964,1.9090909090909092,0.5843472385149742,22.0,11.686944770299483,1.9090909090909092,1,False,3,-1.0,True,False,1.0717344695716748,False,True,False
B2,48.0,1,118.19999999999897,2,1.5,1.7999999999988319,0.10000000000060538,1.1577050641386666,False,True,1.2103280215995151,0.1266401549156742,23.0,2.046038532818652,0.19999999999645013,2.0409088373866737,22.0,0.5828822009254964,1.9090909090909092,0.5843472385149742,22.0,11.686944770299483,1.9090909090909092,1,False,3,-1.0,True,False,1.0717344695716748,False,True,False
B2,48.0,1,119.9999999999978,8,1.199999999999278,1.199999999999278,1.7999999999988319,1.3845601159968002,False,False,1.4537881217966402,0.152722681887799,21.0,2.295366583252844,0.2499999999975273,2.295366583252844,20.0,0.7211106795242639,1.9,0.7211106795242639,20.0,14.422213590485278,1.9,0,False,2,-1.0,False,True,1.2080876753962337,False,True,False
B2,48.0,1,121.19999999999708,19,0.6,0.4000000000010999,1.199999999999278,1.7412583439420815,True,False,1.832903519939033,0.2077156045785116,20.0,1.9937726130716984,0.4999999999981668,1.8857041610397625,19.0,0.6235909830701285,1.894736842105263,0.6263621394154573,20.0,12.527242788309145,1.9,1,False,2,0.0,True,False,1.0493540068798413,False,True,False
B2,48.0,1,122.499999999998,7,1.5,1.6999999999996476,0.8999999999998209,1.749997052829849,False,True,1.8421021608735253,0.2524932355383814,20.0,1.9388047103234984,0.5499999999971692,1.9264964519028067,19.0,0.6370807474173326,1.894736842105263,0.6411510141786936,19.0,12.823020283573872,1.894736842105263,1,False,2,-1.0,False,False,1.0232580415596242,False,True,False
B2,48.0,1,124.19999999999764,11,0.6,0.49999999999955946,1.6999999999996476,1.5517495740540372,True,False,1.637957883723706,0.1857273825309668,19.0,1.745290115996931,0.24999999999744205,1.745290115996931,18.0,0.609221178533204,1.8888888888888888,0.609221178533204,18.0,12.18442357066408,1.8888888888888888,1,False,2,-1.0,False,False,0.9239771202336694,False,False,True
B2,48.0,1,124.6999999999972,16,0.6,0.10000000000047748,0.49999999999955946,1.6403525748929733,True,False,1.736843902827854,0.2248046200571688,18.0,1.7325967124893151,0.04999999999783711,1.6184833356257045,17.0,0.5981900420187314,1.8823529411764706,0.6047903448433622,18.0,12.095806896867245,1.8888888888888888,2,False,3,0.0,True,False,0.9172570830825786,False,False,True
B2,48.0,1,124.79999999999768,25,1.3000000000006793,1.3000000000006793,0.10000000000047748,1.631450529473677,False,False,1.727418207678011,0.2189072302695603,18.0,1.7268775101760905,0.5499999999973397,1.6184833356257045,17.0,0.5981900420187314,1.8823529411764706,0.6781432124523299,16.0,13.562864249046598,1.875,2,False,3,-2.0,True,False,0.9210013387605815,False,False,True
B2,48.0,1,127.69999999999784,21,0.6,0.09999999999939746,1.4999999999988773,1.1191225549167465,True,False,1.184953293441261,0.1645001199117954,18.0,2.114635017397377,0.24999999999704414,2.114635017397377,17.0,0.7815672747858029,1.8823529411764706,0.7815672747858029,17.0,15.631345495716058,1.8823529411764706,2,False,3,-1.0,True,False,1.1233998529923566,False,True,False
B2,48.0,1,127.79999999999724,24,0.6,0.20000000000055707,0.09999999999939746,1.1211612342532737,True,False,1.1871118950917017,0.1518475294064474,18.0,2.114635017397377,0.14999999999764668,2.114635017397377,17.0,0.7815672747858029,1.8823529411764706,0.7815672747858029,17.0,15.631345495716058,1.8823529411764706,2,False,3,-1.0,True,False,1.1233998529923566,False,True,False
B2,48.0,1,129.2999999999982,9,1.199999999999818,1.199999999999818,0.10000000000110276,1.6635837124904915,False,False,1.7614415779311086,0.3118007587063774,18.0,1.8495538352749723,0.8499999999971521,1.7580028054310983,17.0,0.6497563174744219,1.8823529411764706,0.6835934989786683,17.0,13.671869979573366,1.8823529411764706,1,False,2,-1.0,False,False,0.982575474989829,True,False,False
B2,48.0,1,131.49999999999807,23,0.6999999999995623,0.6999999999995623,1.0000000000000568,1.5448178871321143,False,False,1.6356895275516503,0.2618248756917318,18.0,1.886679106361899,0.249999999997641,1.886679106361899,17.0,0.6973149670856351,1.8823529411764706,0.6973149670856351,17.0,13.946299341712702,1.8823529411764706,0,False,2,-1.0,False,True,1.002298275254759,True,False,False
B2,48.0,1,133.39999999999785,7,1.2999999999991303,1.2999999999991303,0.6000000000001648,1.476337169895244,False,False,1.5540391262055202,0.2887970316847715,20.0,2.336549696760899,0.699999999998397,2.2706841541697185,19.0,0.7509015428802464,1.894736842105263,0.7726828802201577,19.0,15.453657604403155,1.894736842105263,2,False,2,-1.0,False,False,1.2331790066238077,False,True,False
B2,48.0,1,134.69999999999698,14,0.7999999999994429,0.7999999999994429,1.2999999999991303,2.094448132659269,False,False,2.210806362251451,0.3304428081159715,19.0,2.1902675822810167,0.04999999999941451,1.9880340054783152,18.0,0.6939547807441517,1.8888888888888888,0.7243082679884125,19.0,14.48616535976825,1.894736842105263,0,False,2,0.0,True,True,1.155974557314981,False,True,False
B2,48.0,1,135.49999999999642,12,0.6,0.20000000000140972,0.7999999999994429,1.7437182147782415,True,False,1.8462898744710792,0.318447371850007,18.0,2.2261551836286864,0.5500000000002672,1.9753045669103395,17.0,0.7300708607068107,1.8823529411764706,0.736176081119865,19.0,14.7235216223973,1.894736842105263,3,True,3,1.0,True,False,1.174915235804029,False,True,False
B2,48.0,1,136.39999999999688,4,0.9000000000013131,0.9000000000013131,0.5999999999996533,2.0837044952151693,False,False,2.1994658560604567,0.4405820713434637,19.0,2.190151570626877,0.04999999999989768,1.913384396389127,17.0,0.7071852191987555,1.8823529411764706,0.7242699036346889,19.0,14.485398072693778,1.894736842105263,4,False,2,0.0,True,False,1.155913328941963,False,True,False
B2,48.0,1,136.39999999999748,25,0.9000000000007162,0.9000000000007162,0.6000000000002501,2.0837044952151693,False,False,2.1994658560604567,0.4405820713434637,19.0,2.190151570626877,0.049999999999300826,1.913384396389127,17.0,0.7071852191987555,1.8823529411764706,0.7242699036346889,19.0,14.485398072693778,1.894736842105263,4,False,2,0.0,True,False,1.155913328941963,False,True,False
B2,48.0,1,139.4999999999975,13,1.299999999999585,1.299999999999585,2.1999999999993065,1.1418685309261478,False,False,1.2090372680394506,0.1295878702634148,18.0,2.314593208409616,0.2500000000000284,,,,,0.8079454466209421,18.0,16.158908932418843,1.8888888888888888,1,False,2,0.0,True,False,1.225372875040385,False,True,False
B2,48.0,1,140.79999999999708,15,0.6,0.19999999999984652,1.2999999999990166,1.8630221364482382,True,False,1.9726116738863697,0.2804615276227973,18.0,2.119987744468692,0.40000000000077307,2.112134991483808,17.0,0.780643267368879,1.8823529411764706,0.7835456380850867,17.0,15.670912761701734,1.8823529411764706,1,False,3,-1.0,True,False,1.1262434892489928,False,True,False
B2,48.0,1,140.99999999999693,24,0.6,0.4000000000009152,0.19999999999984652,1.7620950494841279,True,False,1.8657476994537825,0.2565290399671808,18.0,2.119987744468692,0.20000000000092655,2.112134991483808,17.0,0.780643267368879,1.8823529411764706,0.7835456380850867,17.0,15.670912761701734,1.8823529411764706,2,False,3,-1.0,True,False,1.1262434892489928,False,True,False
B2,48.0,1,143.399999999998,2,0.6,0.09999999999843112,0.7000000000010118,1.5652980324398738,True,False,1.657374387289278,0.3019829826193956,18.0,1.8586699733466023,0.2500000000004263,,,,,0.6487982148570692,18.0,12.975964297141385,1.8888888888888888,2,False,2,0.0,True,False,0.9840017505952601,True,False,False
B2,48.0,1,144.7999999999969,11,1.0000000000006821,1.0000000000006821,0.39999999999943725,1.614831858023983,False,False,1.6998230084462982,0.3752196647117581,20.0,1.8250735722099247,0.6500000000019099,1.7924472015151347,19.0,0.5927514694976348,1.894736842105263,0.6035408133384821,19.0,12.070816266769642,1.894736842105263,2,False,2,-1.0,False,False,0.9632332742219047,False,False,True
B2,48.0,1,145.7999999999976,7,0.6,0.39999999999918145,1.0000000000006821,1.7098295433652408,True,False,1.8048200735521984,0.2918739233908842,19.0,1.9681801663183711,0.350000000001387,1.962954595932548,18.0,0.6852004153235569,1.8888888888888888,0.6870244834941035,18.0,13.74048966988207,1.8888888888888888,1,False,2,-1.0,False,False,1.041977735109726,False,True,False
B2,48.0,1,146.19999999999678,17,1.300000000000722,1.300000000000722,0.39999999999918145,1.8588368237451283,False,False,1.9681801663183711,0.3516773448429098,18.0,1.968092620773487,2.2168933355715126e-12,1.9401576575120705,17.0,0.7170805933701061,1.8823529411764706,0.68699392433403,18.0,13.739878486680599,1.8888888888888888,1,False,2,0.0,True,False,1.0419313874683167,False,True,False
B2,48.0,1,148.89999999999617,3,0.6,0.1000000000007617,0.09999999999908482,1.3560877356253107,True,False,1.4314259431600502,0.2232334283153993,19.0,1.9772034149662352,0.45000000000354134,,,,,0.6538492340116395,19.0,13.07698468023279,1.894736842105263,2,False,2,0.0,True,False,1.043524024565513,False,True,False
B2,48.0,1,150.29999999999586,6,1.1000000000009322,1.1000000000009322,1.2999999999989313,1.6672516695863642,False,False,1.7598767623411622,0.2326361235417299,19.0,2.08475729146034,0.25000000000412115,2.08475729146034,18.0,0.72771757681884,1.8888888888888888,0.72771757681884,18.0,14.5543515363768,1.8888888888888888,0,False,2,-1.0,False,True,1.103695036655474,False,True,False
B2,48.0,1,151.3999999999968,24,1.4000000000001194,1.4000000000001194,1.1000000000009322,1.801669111539888,False,False,1.9076496475128224,0.2616655245167087,18.0,1.9734005431129529,0.05000000000339355,,,,,0.652591647245659,19.0,13.05183294491318,1.894736842105263,1,False,2,1.0,True,False,1.041516953309614,False,True,False
B2,48.0,1,153.69999999999544,5,0.6,0.10000000000215437,0.8999999999985278,1.2529919439059893,True,False,1.3226026074563222,0.1986468449380004,19.0,1.5004413603426865,0.5500000000053831,,,,,0.4713775554794859,20.0,9.427551109589718,1.9,3,True,2,1.0,True,False,0.7897059791277298,False,False,True
B2,48.0,2,20.50000000000002,14,1.200000000000017,1.200000000000017,0.4000000000000483,1.4730168414276308,False,False,1.559664890923374,0.2925652755427512,18.0,2.441214030314303,0.6000000000001435,2.436688752012207,17.0,0.9005980567536978,1.8823529411764706,0.9022705957030288,17.0,18.045411914060576,1.8823529411764706,1,False,2,-1.0,False,False,1.2968949536044736,False,True,False
B2,48.0,2,21.70000000000004,7,1.0999999999999446,1.0999999999999446,1.200000000000017,2.1414086561825774,False,False,2.2752466971939884,0.3595782485408718,17.0,2.252093645556199,1.3500311979441904e-13,2.04834882186647,16.0,0.8043847013456262,1.875,0.8323718649500718,17.0,16.647437299001435,1.8823529411764706,0,False,2,0.0,True,True,1.1964247492017308,False,True,False
B2,48.0,2,23.29999999999999,18,0.6,0.2000000000000739,0.5000000000000071,1.3809733564976654,True,False,1.4672841912787695,0.2690515893958369,17.0,2.19236375555737,0.45000000000021245,1.3300952333893723,16.0,0.5223271767238566,1.875,0.9183351824607416,15.0,18.366703649214834,1.8666666666666667,2,False,3,-2.0,True,False,1.1744805833343053,False,True,False
B2,48.0,2,23.500000000000064,12,1.5,1.699999999999907,0.2000000000000739,1.3300952333893723,False,True,1.413226185476208,0.2503361664381043,17.0,2.19236375555737,0.25000000000013856,1.3300952333893723,16.0,0.5223271767238566,1.875,0.9183351824607416,15.0,18.366703649214834,1.8666666666666667,2,False,2,-2.0,True,False,1.1744805833343053,False,True,False
B2,48.0,2,28.90000000000014,17,0.7999999999998977,0.7999999999998977,0.40000000000011937,1.1633612414420536,False,False,1.2215293035141563,0.2214955611400217,21.0,2.013445881830656,0.20000000000013785,2.013445881830656,20.0,0.6325426790759812,1.9,0.6325426790759812,20.0,12.650853581519623,1.9,1,False,2,-1.0,False,False,1.05970835885824,False,True,False
B2,48.0,2,33.40000000000009,13,0.6,0.5000000000001492,1.900000000000027,1.081240238494552,True,False,1.1303875220624862,0.1034845213837828,23.0,1.982304873197108,0.250000000000135,1.982304873197108,22.0,0.5661449478919347,1.9090909090909092,0.5661449478919347,22.0,11.322898957838694,1.9090909090909092,1,False,2,-1.0,False,False,1.0383501716746757,False,True,False
B2,48.0,2,33.90000000000024,9,1.5,2.299999999999997,0.5000000000001492,1.8568792278269888,False,True,1.9453020481997023,0.2210499261464635,22.0,1.9346540789468745,0.049999999999968736,1.7953798601745403,21.0,0.537176398012134,1.9047619047619047,0.5525359128779117,22.0,11.050718257558234,1.9090909090909092,1,False,2,0.0,True,False,1.013390231829315,True,False,False
B2,48.0,2,36.20000000000024,2,0.6999999999999034,0.6999999999999034,2.299999999999997,1.0656793185737494,False,False,1.1189632845024369,0.0520256820660861,21.0,1.8790975961184453,0.2999999999998266,1.8790975961184453,19.0,0.6214062319309419,1.894736842105263,0.6214062319309419,19.0,12.428124638618838,1.894736842105263,0,False,2,-2.0,True,True,0.9917459535069573,True,False,False
B2,48.0,2,36.20000000000024,15,0.6999999999999034,0.6999999999999034,2.299999999999997,1.0656793185737494,False,False,1.1189632845024369,0.0520256820660861,21.0,1.8790975961184453,0.2999999999998266,1.8790975961184453,19.0,0.6214062319309419,1.894736842105263,0.6214062319309419,19.0,12.428124638618838,1.894736842105263,0,False,2,-2.0,True,True,0.9917459535069573,True,False,False
B2,48.0,2,40.3000000000003,25,1.0999999999997883,1.0999999999997883,3.400000000000162,1.010327698516654,False,False,1.0635028405438465,0.0499570160100856,20.0,1.8971690484113028,0.34999999999952536,1.8967693299507875,19.0,0.6272501676345081,1.894736842105263,0.6273823521165145,19.0,12.54764704233029,1.894736842105263,0,False,2,-1.0,False,True,1.0012836644392988,True,False,False
B2,48.0,2,46.7000000000004,20,1.5,1.599999999999902,2.5000000000001634,1.1171683697772377,False,True,1.1679487502216577,0.1212273524080636,23.0,2.024257936526922,0.2499999999990692,2.024257936526922,22.0,0.5781267147603466,1.9090909090909092,0.5781267147603466,22.0,11.562534295206932,1.9090909090909092,0,False,2,-1.0,False,True,1.0603255857998164,False,True,False
B2,48.0,2,49.30000000000043,23,1.200000000000017,1.200000000000017,1.000000000000128,1.1621939094152973,False,False,1.2150209052978107,0.1491147101824814,23.0,1.9725077103870248,0.2999999999988887,1.9725077103870248,22.0,0.5633468847364638,1.9090909090909092,0.5633468847364638,22.0,11.266937694729275,1.9090909090909092,0,False,2,-1.0,False,True,1.0332183244884414,False,True,False
B2,48.0,2,50.50000000000045,10,1.5,1.5000000000000213,1.200000000000017,1.7112458300554287,False,True,1.7927337267247347,0.2126985188041411,22.0,1.7722961217085422,0.04999999999882476,1.769263338602146,21.0,0.5293623530303098,1.9047619047619047,0.5061665887222944,22.0,10.123331774445887,1.9090909090909092,0,False,2,0.0,True,True,0.9283455875616173,False,False,True
B2,48.0,2,52.00000000000047,8,0.6,0.599999999999902,1.5000000000000213,1.4264854155846514,True,False,1.497809686363884,0.1390366324813121,21.0,1.934399966683501,0.349999999998694,1.9242358684923335,20.0,0.6045165268229491,1.9,0.6077096724437228,20.0,12.154193448874455,1.9,1,False,2,-1.0,False,False,1.0181052456228954,True,False,False
B2,48.0,2,52.60000000000037,17,1.0000000000001208,1.0000000000001208,0.599999999999902,1.8332868573245957,False,False,1.929775639289048,0.2321004034156774,20.0,1.926246067062245,0.049999999998775024,1.7842809419901926,19.0,0.59005093676807,1.894736842105263,0.6051480493288981,20.0,12.102960986577962,1.9,1,False,2,0.0,True,False,1.0138137195064447,True,False,False
B2,48.0,2,53.60000000000049,3,1.099999999999909,1.099999999999909,1.0000000000001208,1.5350191107654083,False,False,1.6202979502523756,0.2141830467342761,19.0,1.6094449247912177,0.6499999999985633,1.5859550837881848,18.0,0.5536027600169273,1.8888888888888888,0.5618022613423852,18.0,11.236045226847704,1.8888888888888888,0,False,2,-1.0,False,True,0.8520590778306447,False,False,True
B2,48.0,2,55.500000000000405,15,1.5,1.8000000000000256,0.8000000000000043,1.3040066212839396,False,True,1.3764514335774918,0.1782580599819534,19.0,1.878374382563793,0.29999999999856186,1.878374382563793,18.0,0.6556763512170751,1.8888888888888888,0.6556763512170751,18.0,13.113527024341503,1.8888888888888888,1,False,2,-1.0,False,False,0.9944334966514199,True,False,False
B2,48.0,2,57.5000000000005,19,0.6,0.39999999999994174,0.2000000000000668,1.2729817835603594,True,False,1.3437029937581573,0.2039221314882551,19.0,1.7357378834320614,0.5499999999983416,1.721157070685614,18.0,0.6007971565488948,1.8888888888888888,0.6058868203497401,18.0,12.117736406994801,1.8888888888888888,2,True,2,-1.0,False,False,0.9189200559346208,False,False,True
B2,48.0,2,57.90000000000044,14,0.6000000000000085,0.6000000000000085,0.39999999999994174,1.635796591881366,False,False,1.732019920815564,0.2455029964096866,18.0,2.0184457839724352,0.24999999999839417,2.0184457839724352,17.0,0.7460158172467168,1.8823529411764706,0.7460158172467168,17.0,14.920316344934337,1.8823529411764706,2,False,2,-1.0,False,False,1.0722993227353563,False,True,False
B2,48.0,2,61.100000000000485,2,0.6,0.5000000000000071,0.5000000000001137,1.207212148078788,True,False,1.2707496295566192,0.20757091553818,20.0,2.226813566263922,0.5999999999981469,2.1539760359623417,19.0,0.7123068726934481,1.894736842105263,0.6995741140688825,20.0,13.99148228137765,1.9,2,True,2,0.0,True,False,1.1720071401389063,False,True,False
B2,48.0,2,62.1000000000005,23,0.6,0.3999999999999986,0.5000000000000071,1.9800301000369607,True,False,2.084242210565222,0.311891841104722,20.0,2.0906129382460885,0.2999999999980929,2.0906129382460885,19.0,0.6913530787677562,1.894736842105263,0.6913530787677562,19.0,13.827061575355124,1.894736842105263,2,False,2,-1.0,False,False,1.1033790507409913,False,True,False
B2,48.0,2,62.5000000000005,12,0.6,0.4000000000000128,0.3999999999999986,1.9758131777992254,True,False,2.085580576565849,0.34872368139977,19.0,2.073860254708725,0.0499999999980858,1.945622708069284,18.0,0.679150445147549,1.8888888888888888,0.6858130674489251,19.0,13.716261348978502,1.894736842105263,3,False,2,0.0,True,False,1.094537356651827,False,True,False
B2,48.0,2,62.90000000000051,7,0.6,0.20000000000011653,0.4000000000000128,1.8085255436006311,True,False,1.9149093991065504,0.3313826675744816,18.0,2.1159938807449814,0.4999999999980247,1.742997587847842,17.0,0.644210402024413,1.8823529411764706,0.8309488538486738,16.0,16.618977076973476,1.875,4,False,3,-2.0,True,False,1.1285300697306568,False,True,False
B2,48.0,2,63.10000000000063,4,0.6,0.3999999999997783,0.20000000000011653,1.7578697103991465,True,False,1.861273811010861,0.307112359432419,18.0,2.2158647293303795,0.4999999999978968,1.742997587847842,17.0,0.644210402024413,1.8823529411764706,0.8189816888250654,17.0,16.379633776501308,1.8823529411764706,3,False,2,-1.0,False,False,1.177178137456764,False,True,False
B2,48.0,2,64.00000000000053,5,1.4999999999999858,1.4999999999999858,0.5000000000001208,1.964416519450674,False,False,2.087192551916341,0.3625614095798417,17.0,2.064397813299805,0.049999999997979216,1.8457371100882916,16.0,0.724819268188929,1.875,0.7629996475705294,17.0,15.259992951410588,1.8823529411764706,2,False,2,0.0,True,False,1.0967113383155214,False,True,False
B2,48.0,2,66.2000000000004,8,1.2999999999999545,1.2999999999999545,0.29999999999996874,1.3277523326213065,False,False,1.4058554110107953,0.3096975608265181,18.0,1.9763295180793263,0.299999999997965,1.2798797175585213,17.0,0.4730424374306388,1.8823529411764706,0.7761027868838335,16.0,15.52205573767667,1.875,3,False,3,-2.0,True,False,1.0540424096423073,False,True,False
B2,48.0,2,66.20000000000041,14,1.2999999999999403,1.2999999999999403,0.29999999999998295,1.3277523326213065,False,False,1.4058554110107953,0.3096975608265181,18.0,1.9763295180793263,0.2999999999979508,1.2798797175585213,17.0,0.4730424374306388,1.8823529411764706,0.7761027868838335,16.0,15.52205573767667,1.875,3,False,3,-2.0,True,False,1.0540424096423073,False,True,False
B2,48.0,2,67.50000000000036,9,1.5,1.6000000000001222,1.2999999999999403,1.5967197329866853,False,True,1.7031677151857978,0.2335487757449721,16.0,2.51436768135104,0.2999999999979366,2.51436768135104,15.0,1.0532158714874704,1.8666666666666667,1.0532158714874704,15.0,21.06431742974941,1.8666666666666667,0,False,2,-1.0,False,True,1.3469826864380572,False,True,False
B2,48.0,2,69.50000000000045,2,0.6,0.09999999999986642,0.39999999999997726,1.5117916366666353,True,False,1.6125777457777444,0.2394916384322878,16.0,1.944837646016089,0.5999999999977064,1.324756724723353,15.0,0.5549127992246081,1.8666666666666667,0.8728410944498588,14.0,17.456821888997176,1.8571428571428572,2,True,3,-2.0,True,False,1.0472202709317402,False,True,False
B2,48.0,2,69.60000000000032,24,0.6,0.5000000000001847,0.09999999999986642,1.4468166637688555,True,False,1.5432711080201125,0.2248600926610355,16.0,2.0955100940954923,0.5999999999978343,1.324756724723353,15.0,0.5549127992246081,1.8666666666666667,0.8777652156178206,15.0,17.555304312356412,1.8666666666666667,3,True,3,-1.0,True,False,1.1225946932654423,False,True,False
B2,48.0,2,70.50000000000048,23,0.6,0.4000000000000341,0.39999999999997726,1.9644843337685594,True,False,2.1048046433234564,0.3544417135734115,15.0,2.2358626761034848,0.09999999999764952,,,,,0.8780212197102903,16.0,17.560424394205807,1.875,4,False,2,1.0,True,False,1.1924600939218586,False,True,False
B2,48.0,2,73.29999999999993,18,0.6999999999999176,0.6999999999999176,1.2999999999994003,1.4607052700292504,False,False,1.5466291094427356,0.2172977107402918,18.0,2.362678064987503,0.29999999999803606,2.361668368822608,17.0,0.8728705879657053,1.8823529411764706,0.8732437707955869,17.0,17.464875415911738,1.8823529411764706,0,False,2,-1.0,False,True,1.2551727220246112,False,True,False
B2,48.0,2,73.99999999999984,15,0.6,0.20000000000055707,0.6999999999999176,2.1576808742918296,True,False,2.292535928935069,0.3549302620069201,17.0,2.316064617010288,0.2999999999980787,,,,,0.8084590651154198,18.0,16.169181302308395,1.8888888888888888,4,False,2,1.0,True,False,1.2261518560642701,False,True,False
B2,48.0,2,74.3000000000003,12,0.6,0.2999999999996277,0.09999999999988063,2.1873943605097166,True,False,2.316064617010288,0.4709351641291693,18.0,2.2948850741675586,0.049999999997623945,2.065442892542804,17.0,0.763385907955497,1.8823529411764706,0.8010660099819633,18.0,16.021320199639266,1.8888888888888888,4,False,3,0.0,True,False,1.214939156912237,False,True,False
B2,48.0,2,74.59999999999992,20,0.6,0.40000000000036096,0.2999999999996277,1.9343283112297522,True,False,2.0552238306816117,0.4066720428042798,17.0,2.031009484328043,0.049999999997979216,1.8083342677789576,16.0,0.7101312063611314,1.875,0.75065935003955,17.0,15.013187000791,1.8823529411764706,6,False,2,0.0,True,False,1.078973788549273,False,True,False
B2,48.0,2,75.00000000000028,7,0.6,0.19999999999960494,0.40000000000036096,1.6384381875380272,True,False,1.7476674000405623,0.3842514585981336,16.0,1.738372346431356,0.04999999999759552,1.571120236858249,15.0,0.6581093058693508,1.8666666666666667,0.6826572240940498,16.0,13.653144481880997,1.875,6,False,3,0.0,True,False,0.9271319180967232,False,False,True
B2,48.0,2,75.19999999999989,11,0.6,0.3000000000004661,0.19999999999960494,1.5707568204884856,True,False,1.6754739418543847,0.3616864261550191,16.0,1.5712004111685351,0.09999999999797637,1.571120236858249,15.0,0.6581093058693508,1.8666666666666667,0.6581428892059109,15.0,13.162857784118218,1.8666666666666667,6,False,2,-1.0,False,False,0.8417145059831438,False,False,True
B2,48.0,2,76.9999999999999,21,0.6,0.5000000000003126,1.4999999999995453,1.377092858572385,True,False,1.4754566341846982,0.2667221047343062,15.0,2.2464862223663693,0.5999999999978343,2.121218463216365,14.0,0.9520006200999376,1.8571428571428572,0.9410059483435828,15.0,18.820118966871654,1.8666666666666667,2,True,2,0.0,True,False,1.2034747619819834,False,True,False
B2,48.0,2,77.50000000000021,5,0.6,0.100000000000108,0.5000000000003126,1.9565732193161425,True,False,2.1070788515712304,0.3787163660721311,14.0,2.381733484947281,0.19999999999751594,,,,,0.9353045523898996,16.0,18.706091047797994,1.875,3,False,3,2.0,True,False,1.27025785863855,False,True,False
B2,48.0,2,78.60000000000048,23,1.5,2.6999999999989512,0.09999999999999432,1.468358261186459,False,True,1.5662488119322229,0.3081680500192187,16.0,1.9114104192145265,0.2999999999971834,1.9114104192145265,15.0,0.8006497241332458,1.8666666666666667,0.8006497241332458,15.0,16.012994482664915,1.8666666666666667,1,False,2,-1.0,False,False,1.0239698674363535,False,True,False
B2,48.0,2,81.29999999999943,17,0.700000000000415,0.700000000000415,2.6999999999989512,1.3782372564704426,False,False,1.47668277478976,0.2323020340772578,15.0,2.530223157304583,0.2999999999980787,,,,,1.0598573977241132,15.0,21.197147954482265,1.8666666666666667,1,False,2,0.0,True,False,1.3554766914131695,False,True,False
B2,48.0,2,82.1,4,0.6,0.20000000000030127,0.10000000000015064,2.4850637188663915,True,False,2.650734633457484,0.5203914796825444,16.0,2.6380308066086267,0.04999999999748184,,,,,1.0359522752481525,16.0,20.71904550496305,1.875,5,False,2,0.0,True,False,1.4069497635246009,False,True,False
B2,48.0,2,87.59999999999907,13,1.5,1.7000000000003581,0.9999999999985931,1.245018952143585,False,True,1.304305568912327,0.1498312554492359,22.0,1.7815279880244146,0.399999999998073,1.779097530311594,21.0,0.5323047363092046,1.9047619047619047,0.5330319275563911,21.0,10.660638551127821,1.9047619047619047,1,False,2,-1.0,False,False,0.9353021937128178,False,False,True
B2,48.0,2,90.09999999999944,18,0.6,0.3999999999996362,0.8000000000000114,1.103489380861073,True,False,1.1560364942354098,0.1717549350348749,22.0,2.200918496955126,0.34999999999756426,,,,,0.6285808528349195,22.0,12.57161705669839,1.9090909090909092,3,False,2,0.0,True,False,1.1528620698336374,False,True,False
B2,48.0,2,90.49999999999908,19,1.5,3.5000000000005826,0.399999999999082,2.100595631616658,False,True,2.200623995026975,0.3240596713784188,22.0,2.198776708519961,0.04999999999792237,2.0652620880368,21.0,0.6179249717632311,1.9047619047619047,0.6279691594882415,22.0,12.55938318976483,1.9090909090909092,2,False,2,0.0,True,False,1.1517401806533127,False,True,False
B2,48.0,2,93.99999999999966,7,1.5,1.5999999999994259,3.5000000000005826,1.2095105186893498,False,True,1.2699860446238174,0.1141786651245037,21.0,1.803953011786036,0.44999999999711804,1.7988624498303687,20.0,0.5651293057205624,1.9,0.5667285529248192,20.0,11.334571058496383,1.9,0,False,2,-1.0,False,True,0.949448953571598,False,False,True
B2,48.0,2,96.39999999999914,11,1.5,1.7000000000003013,0.800000000000054,1.1870812870600052,False,True,1.2464353514130055,0.1706561840698708,21.0,1.841123239975042,0.29999999999749605,1.841123239975042,20.0,0.578405924505903,1.9,0.578405924505903,20.0,11.56811849011806,1.9,1,False,2,-1.0,False,False,0.9690122315658116,False,False,True
B2,48.0,2,98.99999999999888,13,1.5,3.0000000000007816,0.49999999999980105,1.181292897931882,False,True,1.237544940690543,0.1899100757717541,22.0,2.128573419507616,0.39999999999761826,2.1246047437827587,21.0,0.6356802528428513,1.9047619047619047,0.6368676778430125,21.0,12.73735355686025,1.9047619047619047,2,False,2,-1.0,False,False,1.1175010452414984,False,True,False
B2,48.0,2,105.6999999999985,15,1.3000000000003809,1.3000000000003809,1.2999999999993577,1.0572614130908224,False,False,1.1053187500494963,0.1104997687104351,23.0,2.022592912888233,0.29999999999762395,2.022592912888233,22.0,0.5776511851211321,1.9090909090909092,0.5776511851211321,22.0,11.553023702422642,1.9090909090909092,0,False,2,-1.0,False,True,1.059453430560503,False,True,False
B2,48.0,2,107.99999999999802,25,1.0000000000005116,1.0000000000005116,0.9999999999991473,1.2788917668690467,False,False,1.3370232108176396,0.1656833385876045,23.0,1.8859785032452407,0.3999999999979593,1.8848463847580503,22.0,0.5383108686819247,1.9090909090909092,0.5386342009657747,22.0,10.772684019315495,1.9090909090909092,1,False,2,-1.0,False,False,0.987893501699888,True,False,False
B2,48.0,2,108.99999999999854,21,1.5,3.200000000000159,1.0000000000005116,1.701312707418299,False,True,1.7823275982477418,0.1962737042793525,22.0,1.8807328937530527,0.2499999999973994,1.8807328937530527,21.0,0.5627139659408824,1.9047619047619047,0.5627139659408824,21.0,11.254279318817648,1.9047619047619047,0,False,2,-1.0,False,True,0.9873847692203528,True,False,False
B2,48.0,2,112.1999999999987,11,0.6,0.19999999999906493,3.200000000000159,1.0903335791000441,True,False,1.1448502580550464,0.0653761150781652,21.0,1.8393038444122751,0.39999999999706404,1.837330822310845,20.0,0.5772145013585845,1.9,0.5778343445325067,20.0,11.556686890650134,1.9,1,False,3,-1.0,True,False,0.968054654953829,False,False,True
B2,48.0,2,112.39999999999776,3,1.3000000000007361,1.3000000000007361,0.19999999999906493,1.0810458260434126,False,False,1.1350981173455832,0.0623188839593908,21.0,1.8393038444122751,0.1999999999979991,1.837330822310845,20.0,0.5772145013585845,1.9,0.5778343445325067,20.0,11.556686890650134,1.9,1,False,3,-1.0,True,False,0.968054654953829,False,False,True
B2,48.0,2,117.09999999999846,4,1.5,2.0999999999994543,0.09999999999992326,1.1077838480288997,False,True,1.1605354598397997,0.2238456396825996,22.0,1.6810850180020411,0.2999999999970271,1.6810850180020411,21.0,0.502979461201436,1.9047619047619047,0.502979461201436,21.0,10.05958922402872,1.9047619047619047,1,False,2,-1.0,False,False,0.8825696344510716,False,False,True
B2,48.0,2,119.19999999999791,19,0.6,0.09999999999992326,2.0999999999994543,1.177665654242044,True,False,1.2365489369541462,0.103017966571388,21.0,1.9523078306235155,0.39999999999744773,1.9092601579701616,20.0,0.5998117686070747,1.9,0.6456164145508065,19.0,12.91232829101613,1.894736842105263,1,False,3,-2.0,True,False,1.0303846883846333,False,True,False
B2,48.0,2,119.29999999999784,8,0.9000000000008583,0.9000000000008583,0.09999999999992326,1.156679655380268,False,False,1.2145136381492816,0.0979886968631626,21.0,1.9523078306235155,0.29999999999752447,1.9092601579701616,20.0,0.5998117686070747,1.9,0.6456164145508065,19.0,12.91232829101613,1.894736842105263,1,False,3,-2.0,True,False,1.0303846883846333,False,True,False
B2,48.0,2,120.69999999999789,24,1.5,2.59999999999971,0.30000000000012506,1.7351441721286684,False,True,1.8219013807351017,0.3410862045448056,21.0,1.9598531830600652,0.2499999999973994,1.9598531830600652,20.0,0.6157060362016074,1.9,0.6157060362016074,20.0,12.314120724032147,1.9,3,False,3,-1.0,True,False,1.0315016752947712,False,True,False
B2,48.0,2,120.69999999999814,18,1.5,2.5999999999994543,0.30000000000038085,1.7351441721286684,False,True,1.8219013807351017,0.3410862045448056,21.0,1.9598531830600652,0.24999999999714362,1.9598531830600652,20.0,0.6157060362016074,1.9,0.6157060362016074,20.0,12.314120724032147,1.9,3,False,3,-1.0,True,False,1.0315016752947712,False,True,False
B2,48.0,2,123.2999999999976,25,0.6,0.1999999999995481,2.5999999999994543,1.1429529328476005,True,False,1.2064503180058006,0.1246458433153497,19.0,2.0765298166527257,0.44999999999753015,1.7911251361382374,18.0,0.6252206188168783,1.8888888888888888,0.7674836255242781,17.0,15.349672510485561,1.8823529411764706,1,False,3,-2.0,True,False,1.1031564650967605,False,True,False
B2,48.0,2,123.49999999999714,16,0.9999999999999432,0.9999999999999432,0.1999999999995481,1.1428035728827688,False,False,1.2062926602651447,0.109353904881739,19.0,2.0765298166527257,0.24999999999798206,1.7911251361382374,18.0,0.6252206188168783,1.8888888888888888,0.7674836255242781,17.0,15.349672510485561,1.8823529411764706,1,False,3,-2.0,True,False,1.1031564650967605,False,True,False
B2,48.0,2,124.49999999999709,6,0.6000000000013728,0.6000000000013728,0.9999999999999432,1.7845332910325562,False,False,1.896066621722091,0.2859307971071099,17.0,1.8770155609496932,0.04999999999799343,1.7585586099445965,16.0,0.6905843512386278,1.875,0.6937433290533273,17.0,13.874866581066545,1.8823529411764706,1,False,2,0.0,True,False,0.9971645167545246,True,False,False
B2,48.0,2,126.1999999999979,5,1.0000000000000142,1.0000000000000142,1.09999999999944,1.5143682153075098,False,False,1.6090162287642291,0.2238363002405992,17.0,1.7354153028473207,0.5499999999970413,1.7216065786941854,16.0,0.6760733224996889,1.875,0.6814959957940561,16.0,13.629919915881121,1.875,0,False,2,-1.0,False,True,0.9255548281852377,False,False,True
B2,48.0,2,128.7999999999973,3,1.299999999999926,1.299999999999926,0.09999999999917009,1.2354577099589692,False,False,1.3004817999568097,0.2264116990240689,20.0,2.1894478311272705,0.2499999999977831,2.1894478311272705,19.0,0.7240371812302673,1.894736842105263,0.7240371812302673,19.0,14.480743624605346,1.894736842105263,2,False,2,-1.0,False,False,1.155541910872726,False,True,False
B2,48.0,2,130.09999999999724,14,0.6,0.4000000000000057,1.299999999999926,1.7492016179471974,True,False,1.8463794856109303,0.258497954298035,19.0,1.985599612256459,0.2499999999981526,1.985599612256459,18.0,0.6931050172039592,1.8888888888888888,0.6931050172039592,18.0,13.862100344079185,1.8888888888888888,2,False,2,-1.0,False,False,1.0511997947240077,False,True,False
B2,48.0,2,130.49999999999724,9,0.6,0.10000000000090381,0.4000000000000057,1.8560516257148416,True,False,1.965231133109832,0.2997251024710371,18.0,2.109317878415637,0.3499999999982606,1.8104278932817863,17.0,0.6691325846338949,1.8823529411764706,0.8283271938645216,16.0,16.56654387729043,1.875,4,False,3,-2.0,True,False,1.1249695351550064,False,True,False
B2,48.0,2,130.59999999999815,4,0.6,0.2999999999993861,0.10000000000090381,1.8400546307535224,True,False,1.948293138444906,0.2874311521346061,18.0,2.423772498670472,0.549999999997425,1.8104278932817863,17.0,0.6691325846338949,1.8823529411764706,1.0152674501061507,15.0,20.305349002123016,1.8666666666666667,4,True,4,-3.0,True,False,1.2984495528591815,False,True,False
B2,48.0,2,130.89999999999753,12,0.6,0.10000000000022169,0.2999999999993861,1.9541038848314065,True,False,2.0843774771535,0.4099567176135448,16.0,2.423772498670472,0.2499999999980389,2.423772498670472,15.0,1.0152674501061507,1.8666666666666667,1.0152674501061507,15.0,20.305349002123016,1.8666666666666667,6,False,3,-1.0,True,False,1.2984495528591815,False,True,False
B2,48.0,2,130.99999999999775,21,0.6,0.29999999999986926,0.10000000000022169,1.9071254957895343,True,False,2.0342671955088365,0.3963860597930677,16.0,2.4532096823174068,0.5999999999979195,2.423772498670472,15.0,1.0152674501061507,1.8666666666666667,0.9633731894604644,16.0,19.267463789209287,1.875,6,True,3,0.0,True,False,1.3083784972359502,False,True,False
B2,48.0,2,131.79999999999748,15,0.6999999999996191,0.6999999999996191,0.300000000000324,2.2124245181279365,False,False,2.359919486003132,0.4980689200451052,16.0,3.032389568973304,0.2499999999982947,3.032389568973304,15.0,1.2702043723611798,1.8666666666666667,1.2702043723611798,15.0,25.404087447223596,1.8666666666666667,4,False,2,-1.0,False,False,1.6244944119499842,False,True,False
B2,48.0,2,133.3999999999974,13,0.8000000000004945,0.8000000000004945,0.9000000000002899,1.8736164481163973,False,False,1.998524211324157,0.3107156201474904,16.0,2.670483560870982,0.24999999999874944,2.670483560870982,15.0,1.118609538181945,1.8666666666666667,1.118609538181945,15.0,22.372190763638898,1.8666666666666667,1,False,2,-1.0,False,False,1.4306161933237405,False,True,False
B2,48.0,2,134.99999999999778,7,1.5,1.7999999999995282,0.7999999999998977,1.5380920901121682,False,True,1.6406315627863128,0.2774007317847367,16.0,1.95290955079252,0.49999999999877787,1.9403690978365404,15.0,0.8127799070687907,1.8666666666666667,0.8180328397193497,15.0,16.360656794386994,1.8666666666666667,1,False,2,-1.0,False,False,1.0462015450674214,False,True,False
B2,48.0,2,137.1999999999974,24,0.8999999999998352,0.8999999999998352,0.40000000000009095,1.4946319777934307,False,False,1.594274109646326,0.2934450930546268,16.0,1.7027814548532647,0.2499999999996021,1.7027814548532647,15.0,0.7132594278981275,1.8666666666666667,0.7132594278981275,15.0,14.26518855796255,1.8666666666666667,1,False,2,-1.0,False,False,0.9122043508142489,False,False,True
B2,48.0,2,138.3999999999963,10,0.6,0.10000000000093223,0.29999999999907345,1.507379398004077,True,False,1.6078713578710155,0.2684680527707551,16.0,1.891498466877898,0.5000000000010232,,,,,0.6990961985670543,17.0,13.981923971341086,1.8823529411764706,4,False,2,1.0,True,False,1.0048585605288833,True,False,False
B2,48.0,2,140.19999999999712,25,0.9999999999991758,0.9999999999991758,0.3999999999996362,1.7145230746130076,False,False,1.8047611311715868,0.3525441346946419,20.0,1.8942402244244965,0.25000000000056843,1.8942402244244965,19.0,0.6264138077038188,1.894736842105263,0.6264138077038188,19.0,12.528276154076377,1.894736842105263,1,False,2,-1.0,False,False,0.9997378962240399,True,False,False
B2,48.0,2,141.1999999999963,22,0.6,0.20000000000109708,0.9999999999991758,1.569772291752549,True,False,1.6569818635165794,0.2783838323539662,19.0,2.027181954882886,0.25000000000162004,1.928048799122693,18.0,0.673015993676275,1.8888888888888888,0.6703768354684074,19.0,13.407536709368149,1.894736842105263,3,False,2,0.0,True,False,1.0699015872993012,False,True,False
B2,48.0,2,141.69999999999658,6,1.300000000001205,1.300000000001205,0.29999999999918714,1.8871492644701053,False,False,1.991990890274,0.3867740152256095,19.0,2.1927637460253746,0.2500000000014495,2.1927637460253746,18.0,0.7654189417301502,1.8888888888888888,0.7654189417301502,18.0,15.308378834603005,1.8888888888888888,2,False,2,-1.0,False,False,1.1608749243663747,False,True,False
B2,48.0,2,144.19999999999726,18,0.6,0.2999999999999261,1.199999999999477,1.3071809589933054,True,False,1.3798021233818225,0.2184413025477053,19.0,2.1267379288007566,0.550000000001404,1.455109327502668,18.0,0.5079289748280407,1.8888888888888888,0.7860405003801447,17.0,15.720810007602894,1.8823529411764706,1,True,3,-2.0,True,False,1.129829524675402,False,True,False
B2,48.0,2,144.4999999999972,12,0.700000000000216,0.700000000000216,0.2999999999999261,1.3742699204191866,False,False,1.455109327502668,0.195444953612508,18.0,2.1349058537363086,0.40000000000151203,2.1267379288007566,17.0,0.7860405003801447,1.8823529411764706,0.7890593583769214,17.0,15.781187167538429,1.8823529411764706,1,False,2,-1.0,False,False,1.1341687347974139,False,True,False
B2,48.0,2,148.69999999999607,17,0.6,0.300000000000324,0.4999999999989484,1.1692226734384656,True,False,1.2307607088825954,0.1681946748083892,20.0,1.766400052474695,0.5500000000036209,1.7437683688040506,19.0,0.5766536733681118,1.894736842105263,0.5841378345426449,19.0,11.682756690852898,1.894736842105263,3,True,2,-1.0,False,False,0.9322666943616447,False,False,True
B2,48.0,2,148.9999999999964,2,0.6,0.19999999999990337,0.300000000000324,1.6519910862354166,True,False,1.7437683688040506,0.2255395195669133,19.0,1.7668461038269574,0.3000000000033083,,,,,0.584285341032265,19.0,11.6857068206453,1.894736842105263,3,False,1,0.0,True,False,0.9325021103531165,False,False,True
B2,48.0,2,150.79999999999694,5,0.7999999999995282,0.7999999999995282,1.1000000000003638,1.4121264198077,False,False,1.4864488629554735,0.1970945185428778,20.0,1.735511007414778,0.6000000000032344,1.704499037823206,19.0,0.5636675426606583,1.894736842105263,0.573923013801946,19.0,11.47846027603892,1.894736842105263,0,False,2,-1.0,False,True,0.9159641428022439,False,False,True
B2,48.0,2,151.59999999999647,14,0.6,0.29999999999998295,0.7999999999995282,1.636754340737616,True,False,1.7276851374452613,0.2084365086183438,19.0,1.7760105624140756,0.5500000000038767,1.67919421081837,18.0,0.5861493551841668,1.8888888888888888,0.656411968891522,17.0,13.12823937783044,1.8823529411764706,3,True,3,-2.0,True,False,0.9435056112824777,False,False,True
B2,48.0,2,151.89999999999645,6,0.6,0.19999999999953388,0.29999999999998295,1.5859056435506826,True,False,1.67919421081837,0.2449293886022956,18.0,1.911601590495068,0.4000000000039279,1.7693916147684037,17.0,0.6539656115623291,1.8823529411764706,0.6672748348099855,18.0,13.34549669619971,1.8888888888888888,4,False,2,0.0,True,False,1.0120243714385655,True,False,False
B2,48.0,2,152.099999999996,20,0.6,0.10000000000127329,0.19999999999953388,1.5868170326818292,True,False,1.680159211074878,0.2347277193203902,18.0,1.954332209903852,0.5000000000044622,1.7693916147684037,17.0,0.6539656115623291,1.8823529411764706,0.6821906348119828,18.0,13.643812696239657,1.8888888888888888,5,False,2,0.0,True,False,1.0346464640667452,False,True,False
B2,48.0,2,152.399999999997,21,0.6,0.10000000000019327,0.19999999999973284,1.7128351613782324,True,False,1.819887358964372,0.3221253372799688,17.0,1.954332209903852,0.20000000000345608,,,,,0.6821906348119828,18.0,13.643812696239657,1.8888888888888888,5,False,2,1.0,True,False,1.0346464640667452,False,True,False
B2,48.0,3,23.600000000000065,2,0.6,0.09999999999991971,0.7000000000000739,1.266334540223533,True,False,1.3266361849960824,0.2255498724587026,22.0,2.5630647058870952,0.5500000000001428,1.8472075835724808,21.0,0.5526832165911104,1.9047619047619047,0.8052105250690182,20.0,16.104210501380365,1.9,2,True,3,-2.0,True,False,1.348981424151103,False,True,False
B2,48.0,3,23.699999999999985,4,1.5,2.1999999999999993,0.09999999999991971,1.238703426566716,False,True,1.297689304022274,0.2167037911447355,22.0,2.5690797408289674,0.5500000000002245,1.8472075835724808,21.0,0.5526832165911104,1.9047619047619047,0.8071002040274653,20.0,16.142004080549306,1.9,2,False,3,-2.0,True,False,1.3521472320152461,False,True,False
B2,48.0,3,26.100000000000065,18,0.6,0.1999999999999531,0.200000000000081,1.6514039712070019,True,False,1.733974169767352,0.2449797813423294,21.0,1.9808698655992276,0.5000000000001776,1.857240804247502,20.0,0.5834694066571151,1.9,0.5926748778556128,21.0,11.853497557112256,1.9047619047619047,2,False,2,0.0,True,False,1.0399566794395945,False,True,False
B2,48.0,3,27.800000000000047,9,0.6,0.10000000000007958,1.5000000000000284,1.5552451548281618,True,False,1.63300741256957,0.183280805354061,21.0,1.7386173007927963,0.3000000000002174,1.6209702472505647,20.0,0.5092428220450005,1.9,0.5749502462710279,19.0,11.499004925420557,1.894736842105263,1,False,3,-2.0,True,False,0.9176035754184203,False,False,True
B2,48.0,3,27.900000000000126,14,0.9000000000000128,0.9000000000000128,0.10000000000007958,1.5092399014278983,False,False,1.5847018964992932,0.1728286500320358,21.0,1.7386173007927963,0.20000000000013785,1.6209702472505647,20.0,0.5092428220450005,1.9,0.5749502462710279,19.0,11.499004925420557,1.894736842105263,1,False,3,-2.0,True,False,0.9176035754184203,False,False,True
B2,48.0,3,28.80000000000014,23,0.9000000000000128,0.9000000000000128,0.9000000000000128,1.5768983549736038,False,False,1.664503819138804,0.2232750189711014,19.0,1.7369880689126886,0.5500000000001393,1.7004109031273529,18.0,0.593555377927653,1.8888888888888888,0.6063232174076916,18.0,12.126464348153831,1.8888888888888888,1,False,2,-1.0,False,False,0.9195819188361293,False,False,True
B2,48.0,3,29.700000000000152,15,1.5,1.8999999999999133,0.9000000000000128,1.6306792430358803,False,True,1.7266015514497557,0.2041412813993616,18.0,1.9130773710855304,0.4000000000001407,1.905042914597221,17.0,0.7041022147378726,1.8823529411764706,0.7070717429119031,17.0,14.141434858238062,1.8823529411764706,1,False,2,-1.0,False,False,1.016322353389188,True,False,False
B2,48.0,3,33.00000000000023,21,0.6,0.5999999999998948,1.3000000000002423,1.1721479759650162,True,False,1.2372673079630725,0.2067509215408166,19.0,2.2616080962923912,0.3000000000000185,2.2549517275121054,18.0,0.7871266423724048,1.8888888888888888,0.7894501534012637,18.0,15.789003068025274,1.8888888888888888,1,False,2,-1.0,False,False,1.197321933331266,False,True,False
B2,48.0,3,33.60000000000012,25,0.6,0.49999999999994316,0.5999999999998948,2.094122946596035,True,False,2.217306649336978,0.327245674319631,18.0,2.207454023294216,1.0658141036401503e-13,2.0249111629308225,17.0,0.7484054157218161,1.8823529411764706,0.7705468158575934,18.0,15.410936317151869,1.8888888888888888,2,False,2,0.0,True,False,1.168652129979291,False,True,False
B2,48.0,3,34.70000000000022,13,1.0999999999998238,1.0999999999998238,0.6000000000001577,1.7292994785395621,False,False,1.8310229772771835,0.323618547932423,18.0,1.860404282728873,0.3999999999999204,1.8584453880560496,17.0,0.6868798092017316,1.8823529411764706,0.6876038149797665,17.0,13.75207629959533,1.8823529411764706,1,False,2,-1.0,False,False,0.9883397751997137,True,False,False
B2,48.0,3,36.80000000000025,7,0.8999999999998991,0.8999999999998991,0.9000000000001265,1.2402201993535709,False,False,1.3091213215398805,0.2134843363482603,19.0,1.6555185849830136,0.2999999999997769,,,,,0.5474700025751584,19.0,10.949400051503169,1.894736842105263,2,False,2,0.0,True,False,0.8737459198521461,False,False,True
B2,48.0,3,38.30000000000016,15,0.8000000000001606,0.8000000000001606,0.6000000000000085,1.3928311909348658,False,False,1.4661380957209116,0.2383017790153433,20.0,1.4472662496698316,0.049999999999798206,1.2861519962123746,19.0,0.4253227013369098,1.894736842105263,0.4546721017751194,20.0,9.093442035502388,1.9,1,False,2,0.0,True,False,0.7617190787735957,False,False,True
B2,48.0,3,39.10000000000032,16,0.7999999999999119,0.7999999999999119,0.8000000000001606,1.1573450636803988,False,False,1.2216420116626432,0.1336712848684333,19.0,1.95624593117634,0.5499999999995637,1.9195825748851585,18.0,0.6700607239131324,1.8888888888888888,0.6828586495553903,18.0,13.657172991107807,1.8888888888888888,1,False,2,-1.0,False,False,1.0356596106227682,False,True,False
B2,48.0,3,39.90000000000023,6,1.0999999999999943,1.0999999999999943,0.7999999999999119,1.8314399437887015,False,False,1.9391717051880368,0.2429122309945866,18.0,1.930662652914322,0.04999999999963478,1.8396034093296632,17.0,0.6799158301492714,1.8823529411764706,0.6739284007728683,18.0,13.478568015457366,1.8888888888888888,1,False,2,0.0,True,False,1.0221155221311118,False,True,False
B2,48.0,3,45.50000000000038,22,0.799999999999784,0.799999999999784,0.7000000000001236,1.1339664710292494,False,False,1.1906647945807118,0.1667581069071363,21.0,1.913816507023259,0.49999999999914024,1.8996915526323932,20.0,0.5968057025836515,1.9,0.6012431878783149,20.0,12.024863757566298,1.9,1,False,2,-1.0,False,False,1.0072718458017154,True,False,False
B2,48.0,3,47.00000000000029,13,0.6,0.10000000000002984,0.7000000000001307,1.657904565175554,True,False,1.7407997934343318,0.2361106366272072,21.0,1.9661149178152848,0.2999999999991587,1.862974084479483,20.0,0.5852705697628915,1.9,0.588260207802076,21.0,11.76520415604152,1.9047619047619047,3,False,3,0.0,True,False,1.0322103318530247,False,True,False
B2,48.0,3,47.10000000000043,19,0.7999999999998053,0.7999999999998053,0.10000000000013642,1.6134232388608805,False,False,1.6940944008039245,0.2253746690221358,21.0,1.9661149178152848,0.1999999999990223,1.862974084479483,20.0,0.5852705697628915,1.9,0.588260207802076,21.0,11.76520415604152,1.9047619047619047,3,False,3,0.0,True,False,1.0322103318530247,False,True,False
B2,48.0,3,48.2000000000003,7,0.6,0.49999999999992184,0.3000000000000682,1.5556599459204417,True,False,1.6334429432164637,0.3072771458445755,21.0,1.899579155402067,0.29999999999908056,1.899579155402067,20.0,0.5967703919523437,1.9,0.5967703919523437,20.0,11.935407839046874,1.9,2,False,2,-1.0,False,False,0.9997785028431931,True,False,False
B2,48.0,3,48.70000000000022,25,0.9000000000001478,0.9000000000001478,0.49999999999992184,1.7905378336881577,False,False,1.884776667040166,0.3015820375505542,20.0,2.136797358984371,0.34999999999912745,2.127840134364104,19.0,0.7036638878033461,1.894736842105263,0.7066259879153023,19.0,14.132519758306046,1.894736842105263,2,False,2,-1.0,False,False,1.127754161686196,False,True,False
B2,48.0,3,49.60000000000037,17,1.5,3.9000000000000057,0.9000000000001478,1.9530104420263443,False,True,2.061511022138919,0.3003839259619696,19.0,2.047310934063792,0.049999999998945555,1.856218025047882,18.0,0.6479423234390422,1.8888888888888888,0.6770333673756701,19.0,13.540667347513402,1.894736842105263,1,False,2,0.0,True,False,1.0805252152003348,False,True,False
B2,48.0,3,53.800000000000296,4,0.6,0.20000000000005258,0.299999999999919,1.1084406995450506,True,False,1.1700207384086645,0.1680303695415934,19.0,2.133176994311249,0.3499999999987651,2.1295229849586703,18.0,0.7433437516885295,1.8888888888888888,0.744619241570553,18.0,14.89238483141106,1.8888888888888888,2,False,3,-1.0,True,False,1.1293289969883085,False,True,False
B2,48.0,3,54.00000000000035,18,0.6,0.4000000000001549,0.20000000000005258,1.106999979013316,True,False,1.168499977847389,0.1657202991414904,19.0,2.133176994311249,0.1499999999987125,2.1295229849586703,18.0,0.7433437516885295,1.8888888888888888,0.744619241570553,18.0,14.89238483141106,1.8888888888888888,3,False,2,-1.0,False,False,1.1293289969883085,False,True,False
B2,48.0,3,54.4000000000005,12,0.6,0.5999999999997883,0.4000000000001549,1.8859763223321142,True,False,2.0038498424778712,0.3612896122277613,17.0,1.9966510371736517,0.04999999999853344,1.83856615897768,16.0,0.7220032422728853,1.875,0.7379604976667276,17.0,14.759209953334551,1.8823529411764706,4,False,2,0.0,True,False,1.0607208634985024,False,True,False
B2,48.0,3,59.40000000000046,23,1.5,2.399999999999835,1.8000000000000895,1.1482231245766368,False,True,1.2056342808054687,0.1189511207018553,21.0,1.9550367618225224,0.5999999999982677,1.9318381891781236,20.0,0.6069048663046201,1.9,0.6141929128439614,20.0,12.283858256879228,1.9,0,False,2,-1.0,False,True,1.028966716748696,False,True,False
B2,48.0,3,62.30000000000043,6,0.6,0.10000000000007248,0.3000000000000824,1.3048446137990144,True,False,1.3669800715989675,0.2730540402358689,22.0,2.347845732791747,0.29999999999814975,2.238703004452744,21.0,0.6698183726055369,1.9047619047619047,0.6705431732636997,22.0,13.410863465273994,1.9090909090909092,4,False,3,0.0,True,False,1.2298239552718673,False,True,False
B2,48.0,3,62.40000000000053,21,0.6,0.599999999999902,0.1000000000001009,1.2908503664770448,True,False,1.3523194315473803,0.2619085898223687,22.0,2.347845732791747,0.19999999999804885,2.238703004452744,21.0,0.6698183726055369,1.9047619047619047,0.6705431732636997,22.0,13.410863465273994,1.9090909090909092,5,False,3,0.0,True,False,1.2298239552718673,False,True,False
B2,48.0,3,63.00000000000043,9,1.200000000000081,1.200000000000081,0.599999999999902,2.0896613808473155,False,False,2.194144449889681,0.4488459396874988,21.0,2.187113718567434,0.04999999999812843,2.0371237697605538,20.0,0.63998130695329,1.9,0.6543828943635148,21.0,13.087657887270296,1.9047619047619047,3,False,2,0.0,True,False,1.148234702247903,False,True,False
B2,48.0,3,64.20000000000051,22,0.6,0.10000000000007958,1.200000000000081,1.693949108100862,True,False,1.7831043243166969,0.3199308532398356,20.0,3.0722963258706217,0.34999999999796216,2.4885368654472924,18.0,0.8686632371862872,1.8888888888888888,1.1355180667065952,17.0,22.710361334131903,1.8823529411764706,2,False,3,-3.0,True,False,1.6321574231187679,False,True,False
B2,48.0,3,64.20000000000054,16,0.6,0.10000000000005116,1.2000000000001094,1.693949108100862,True,False,1.7831043243166969,0.3199308532398356,20.0,3.0722963258706217,0.34999999999793374,2.4885368654472924,18.0,0.8686632371862872,1.8888888888888888,1.1355180667065952,17.0,22.710361334131903,1.8823529411764706,2,False,3,-3.0,True,False,1.6321574231187679,False,True,False
B2,48.0,3,64.3000000000006,20,1.5,3.0999999999998664,0.10000000000005116,1.6491274910597664,False,True,1.735923674799754,0.3017722406028607,20.0,3.0722963258706217,0.24999999999788258,2.4885368654472924,18.0,0.8686632371862872,1.8888888888888888,1.1355180667065952,17.0,22.710361334131903,1.8823529411764706,2,False,3,-3.0,True,False,1.6321574231187679,False,True,False
B2,48.0,3,68.50000000000038,24,0.6,0.19999999999998863,1.0999999999999233,1.1768236752871837,True,False,1.2460485973629003,0.1318786934791479,18.0,1.8828725383356208,0.2999999999978513,1.8828725383356208,17.0,0.6959080628330767,1.8823529411764706,0.6959080628330767,17.0,13.918161256661534,1.8823529411764706,1,False,3,-1.0,True,False,1.0002760359907985,True,False,False
B2,48.0,3,68.70000000000037,8,0.6,0.5999999999999659,0.19999999999998863,1.151996433229937,True,False,1.2197609293022864,0.1187691560198261,18.0,1.8828725383356208,0.09999999999786269,1.8828725383356208,17.0,0.6959080628330767,1.8823529411764706,0.6959080628330767,17.0,13.918161256661534,1.8823529411764706,2,False,3,-1.0,True,False,1.0002760359907985,True,False,False
B2,48.0,3,69.30000000000034,3,1.0000000000000995,1.0000000000000995,0.5999999999999659,1.6306906998649704,False,False,1.7394034131893017,0.2833511940113756,16.0,1.7820029248452378,0.2999999999978513,1.7820029248452378,15.0,0.7464436396492431,1.8666666666666667,0.7464436396492431,15.0,14.928872792984862,1.8666666666666667,2,False,2,-1.0,False,False,0.9546444240242346,False,False,True
B2,48.0,3,70.50000000000043,6,0.6,0.5,0.09999999999989484,1.369462814250928,True,False,1.4550542401416109,0.2711456188307125,17.0,1.737424234671456,0.599999999997678,1.7046986245083562,16.0,0.6694335844175097,1.875,0.6421504955073782,17.0,12.843009910147565,1.8823529411764706,3,True,2,0.0,True,False,0.9230066246692109,False,False,True
B2,48.0,3,71.20000000000012,14,0.6,0.20000000000013074,0.1999999999996902,1.616089345445068,True,False,1.7170949295353848,0.3038894842240992,17.0,2.5028810789995144,0.4499999999979565,1.840960515191462,16.0,0.7229435037592973,1.875,1.0484043747458358,15.0,20.968087494916716,1.8666666666666667,5,False,3,-2.0,True,False,1.3408291494640256,False,True,False
B2,48.0,3,71.40000000000025,5,0.8000000000002672,0.8000000000002672,0.20000000000013074,1.5732621498279407,False,False,1.671591034192187,0.2929331633098601,17.0,2.5028810789995144,0.24999999999782574,1.840960515191462,16.0,0.7229435037592973,1.875,1.0484043747458358,15.0,20.968087494916716,1.8666666666666667,4,False,3,-2.0,True,False,1.3408291494640256,False,True,False
B2,48.0,3,73.2,2,1.5,3.300000000000381,0.8999999999994088,1.9457832737526433,False,True,2.0602411133851515,0.3685111377114801,18.0,3.1746333150660604,0.24999999999796785,3.1746333150660604,17.0,1.1733417294650526,1.8823529411764706,1.1733417294650526,17.0,23.46683458930105,1.8823529411764706,3,False,2,-1.0,False,False,1.6865239486288446,False,True,False
B2,48.0,3,76.5999999999997,15,0.6,0.10000000000067644,0.0999999999993122,1.2823165938942047,True,False,1.3577469817703345,0.2123825874437573,18.0,2.0408460075227848,0.34999999999807585,,,,,0.7123896471490712,18.0,14.247792942981423,1.8888888888888888,2,False,2,0.0,True,False,1.080447886335592,False,True,False
B2,48.0,3,77.99999999999962,7,0.6,0.19999999999998863,0.6999999999992781,1.7756766239479025,True,False,1.8743253252783416,0.2971091992988461,19.0,2.130524315413685,0.5999999999980616,1.6962057657440095,18.0,0.5920875080708923,1.8888888888888888,0.7436932819553395,18.0,14.87386563910679,1.8888888888888888,4,True,3,-1.0,True,False,1.1279246375719507,False,True,False
B2,48.0,3,78.1999999999996,13,0.6,0.3000000000004661,0.19999999999998863,1.6805097953533312,True,False,1.7738714506507385,0.2650452147425668,19.0,2.130524315413685,0.399999999998073,1.6962057657440095,18.0,0.5920875080708923,1.8888888888888888,0.7436932819553395,18.0,14.87386563910679,1.8888888888888888,4,False,3,-1.0,True,False,1.1279246375719507,False,True,False
B2,48.0,3,78.50000000000007,21,0.7000000000000455,0.7000000000000455,0.3000000000004661,1.9088962229418964,False,False,2.028202236875765,0.3585407670227216,17.0,2.130524315413685,0.09999999999760689,,,,,0.7436932819553395,18.0,14.87386563910679,1.8888888888888888,3,False,2,1.0,True,False,1.1279246375719507,False,True,False
B2,48.0,3,83.99999999999952,23,0.6000000000001791,0.6000000000001791,2.799999999999514,1.222817644665224,False,False,1.2871764680686566,0.1175344573962057,20.0,1.756093986152354,0.24999999999783995,1.756093986152354,19.0,0.5807296806220474,1.894736842105263,0.5807296806220474,19.0,11.614593612440949,1.894736842105263,0,False,2,-1.0,False,True,0.926827381580409,False,False,True
B2,48.0,3,85.59999999999987,3,0.6,0.3999999999997499,1.0000000000001705,1.4044001306618417,True,False,1.478315927012465,0.1893857839842451,20.0,2.028130357754301,0.5499999999973824,1.906735464950188,19.0,0.6305459083185925,1.894736842105263,0.637155943244335,20.0,12.7431188648867,1.9,2,True,2,0.0,True,False,1.0674370303970004,False,True,False
B2,48.0,3,87.49999999999919,10,1.5,3.4999999999996163,0.9999999999991189,1.6228324607654765,False,True,1.700110196992404,0.2349318770523525,22.0,1.962940501852666,0.24999999999796785,1.962940501852666,21.0,0.5873104247670664,1.9047619047619047,0.5873104247670664,21.0,11.746208495341328,1.9047619047619047,1,False,2,-1.0,False,False,1.0305437634726498,False,True,False
B2,48.0,3,90.9999999999988,4,0.6,0.40000000000061675,3.4999999999996163,1.1289618033818343,True,False,1.185409893550926,0.0953008713786795,21.0,1.7414686212952448,0.3499999999981469,1.741107121921356,20.0,0.5469849343341,1.9,0.5470985027118287,20.0,10.941970054236574,1.9,1,False,2,-1.0,False,False,0.9165624322606553,False,False,True
B2,48.0,3,91.39999999999942,14,0.6,0.3999999999998636,0.40000000000061675,1.6541377855928308,True,False,1.7411976690450848,0.1882306145568189,20.0,1.7853427028703597,0.4999999999974989,1.7727122314503574,19.0,0.5862252340266538,1.894736842105263,0.5904020546818596,19.0,11.808041093637192,1.894736842105263,3,False,2,-1.0,False,False,0.9422642042926899,False,False,True
B2,48.0,3,91.79999999999929,7,0.6,0.19999999999998863,0.3999999999998636,1.6890731563681882,True,False,1.7829105539441985,0.2516516147840632,19.0,2.5496482399207334,0.4999999999976126,2.5496482399207334,18.0,0.8899951310859024,1.8888888888888888,0.8899951310859024,18.0,17.799902621718047,1.8888888888888888,4,False,2,-1.0,False,False,1.3498137740756824,False,True,False
B2,48.0,3,91.99999999999928,15,1.5,1.6000000000006054,0.19999999999998863,1.689646380755645,False,True,1.7835156241309584,0.2453169329505342,19.0,2.5496482399207334,0.29999999999762395,2.5496482399207334,18.0,0.8899951310859024,1.8888888888888888,0.8899951310859024,18.0,17.799902621718047,1.8888888888888888,3,False,2,-1.0,False,False,1.3498137740756824,False,True,False
B2,48.0,3,93.79999999999916,13,1.5,1.7000000000000455,0.1999999999992781,1.7989265627078515,False,True,1.898866927302732,0.3157882953799072,19.0,1.916343111046492,0.549999999997624,1.9023650417318665,18.0,0.664050671061208,1.8888888888888888,0.6689299377134521,18.0,13.378598754269042,1.8888888888888888,1,False,2,-1.0,False,False,1.0145345882010839,True,False,False
B2,48.0,3,96.29999999999848,25,0.6,0.4000000000011994,0.7999999999992724,1.1887389975130933,True,False,1.2547800529304876,0.1786241765445244,19.0,1.7267511140988494,0.549999999998164,1.7131778827043893,18.0,0.5980118945107362,1.8888888888888888,0.602749846070104,18.0,12.05499692140208,1.8888888888888888,2,True,2,-1.0,False,False,0.9141623545229203,False,False,True
B2,48.0,3,96.69999999999968,3,0.6,0.3999999999989683,0.4000000000011994,1.6283960101078803,True,False,1.7241840107024615,0.2115778689839836,18.0,2.558345696818075,0.39999999999696456,2.552779856570971,17.0,0.9435052286629846,1.8823529411764706,0.94556235840785,17.0,18.911247168157,1.8823529411764706,2,False,2,-1.0,False,False,1.3591211514346022,False,True,False
B2,48.0,3,97.09999999999864,12,0.7000000000005002,0.7000000000005002,0.3999999999989683,2.4078547734758353,False,False,2.558345696818075,0.3964412022088526,17.0,2.556552014464504,0.049999999997979216,2.365996899391684,16.0,0.9291248096931426,1.875,0.9448994149602205,17.0,18.89798829920441,1.8823529411764706,2,False,2,0.0,True,False,1.358168257684268,False,True,False
B2,48.0,3,97.79999999999914,20,0.6,0.20000000000001705,0.7000000000005002,2.0753896974323407,True,False,2.213749010594497,0.3906891288705398,16.0,2.1897381687238804,0.049999999997439204,1.9573460682749797,15.0,0.8198912038167387,1.8666666666666667,0.8599081680185137,16.0,17.198163360370273,1.875,2,False,3,0.0,True,False,1.1678603566527361,False,True,False
B2,48.0,3,97.99999999999916,24,0.9999999999996447,0.9999999999996447,0.20000000000001705,1.9818805108740825,False,False,2.114005878265688,0.362683711679419,16.0,1.9573460682749797,0.04999999999739657,1.9573460682749797,15.0,0.8198912038167387,1.8666666666666667,0.8198912038167387,15.0,16.397824076334775,1.8666666666666667,2,False,2,-1.0,False,False,1.0485782508615962,False,True,False
B2,48.0,3,100.09999999999906,23,0.6000000000002075,0.6000000000002075,0.09999999999978115,1.7847060795683507,False,False,1.8896887901311947,0.4353708722520356,18.0,2.403983749107222,0.29999999999738236,2.403785160590528,17.0,0.8884369178022782,1.8823529411764706,0.8885103159464114,17.0,17.770206318928228,1.8823529411764706,3,False,2,-1.0,False,False,1.2771163667132115,False,True,False
B2,48.0,3,100.69999999999926,21,0.6,0.0999999999999801,0.6000000000002075,2.2475956369497077,True,False,2.3880703642590646,0.4541193378058499,17.0,2.471867925601325,0.2499999999971294,2.471867925601325,16.0,0.9707002644641703,1.875,0.9707002644641703,16.0,19.414005289283406,1.875,4,False,3,-1.0,True,False,1.3183295603207066,False,True,False
B2,48.0,3,100.79999999999924,15,0.9999999999991616,0.9999999999991616,0.0999999999999801,2.2338964874942007,False,False,2.373515017962588,0.4445180578054582,17.0,2.471867925601325,0.1499999999971493,2.471867925601325,16.0,0.9707002644641703,1.875,0.9707002644641703,16.0,19.414005289283406,1.875,4,False,3,-1.0,True,False,1.3183295603207066,False,True,False
B2,48.0,3,101.7999999999984,19,1.5,2.400000000000091,0.9999999999991616,2.0209774058243775,False,True,2.165332934811833,0.4105285920374681,15.0,3.148968980849785,0.2999999999979366,,,,,1.3190370422159765,15.0,26.38074084431953,1.8666666666666667,2,False,2,0.0,True,False,1.6869476683123847,False,True,False
B2,48.0,3,104.1999999999985,4,0.6,0.0999999999999801,2.3999999999993378,1.6053937276075962,True,False,1.720064708150996,0.2421236527458893,15.0,2.479439192367898,0.5999999999977064,,,,,0.9736734939706996,16.0,19.47346987941399,1.875,2,True,2,1.0,True,False,1.322367569262879,False,True,False
B2,48.0,3,108.59999999999856,8,0.6,0.10000000000070486,0.4999999999995026,1.1523808813715546,True,False,1.2130325067068994,0.2161965518274113,20.0,2.443651328310746,0.29999999999739657,2.1750707297050456,19.0,0.719282760576796,1.894736842105263,0.7311387677100933,21.0,14.622775354201867,1.9047619047619047,5,False,3,1.0,True,False,1.2829169473631419,False,True,False
B2,48.0,3,108.79999999999843,10,0.6,0.10000000000052012,0.09999999999917009,1.2052390160412696,True,False,1.265500966843333,0.2982798904804811,21.0,2.443651328310746,0.09999999999752163,2.299125754382233,20.0,0.7222916579646315,1.9,0.7311387677100933,21.0,14.622775354201867,1.9047619047619047,5,False,3,0.0,True,False,1.2829169473631419,False,True,False
B2,48.0,3,108.89999999999895,20,0.8999999999994515,0.8999999999994515,0.0999999999997101,2.327286979343568,False,False,2.443651328310746,0.4556657930370181,21.0,2.437742863755889,0.04999999999701288,2.299125754382233,20.0,0.7222916579646315,1.9,0.7293709592491853,21.0,14.587419184983705,1.9047619047619047,5,False,3,0.0,True,False,1.2798150034718418,False,True,False
B2,48.0,3,110.99999999999864,13,1.1999999999998607,1.1999999999998607,1.2000000000002302,1.6853482077838116,False,False,1.7740507450355911,0.3458572117560108,20.0,3.0971040431072026,0.2999999999971834,3.0971040431072026,19.0,1.024193611497772,1.894736842105263,1.024193611497772,19.0,20.48387222995544,1.894736842105263,0,False,2,-1.0,False,True,1.6345826894176902,False,True,False
B2,48.0,3,112.2999999999979,11,0.9000000000002899,0.9000000000002899,0.09999999999939746,2.3838366071511174,False,False,2.509301691738018,0.4396656777573268,20.0,2.4628476173656817,0.04999999999786553,2.1166139254189105,19.0,0.6999514482717792,1.894736842105263,0.7737263981627152,20.0,15.474527963254303,1.9,1,False,2,0.0,True,False,1.296235588087201,False,True,False
B2,48.0,3,113.19999999999818,2,1.5,2.199999999999875,0.9000000000002899,2.0060989554180657,False,True,2.117548897385736,0.3826350115339328,19.0,2.1094712726326903,0.04999999999753868,1.951748889151265,18.0,0.6812888857566284,1.8888888888888888,0.6975894161117444,19.0,13.951788322234888,1.894736842105263,2,False,2,0.0,True,False,1.113332060556142,False,True,False
B2,48.0,3,115.39999999999806,12,1.2000000000005002,1.2000000000005002,2.199999999999875,1.11200946748134,False,False,1.1774217890978895,0.1325916572830248,18.0,2.0459249187566235,0.29999999999749605,2.0459249187566235,17.0,0.7561720817131885,1.8823529411764706,0.7561720817131885,17.0,15.12344163426377,1.8823529411764706,0,False,2,-1.0,False,True,1.0868976130894563,False,True,False
B2,48.0,3,117.2999999999984,14,1.5,1.7000000000002302,0.39999999999945146,1.2586341225455226,False,True,1.3248780237321292,0.2839895806729581,20.0,2.081947704644507,0.5999999999970385,2.063229943911289,19.0,0.6822976878377038,1.894736842105263,0.688487538323086,19.0,13.76975076646172,1.894736842105263,3,False,2,-1.0,False,False,1.0988057330068233,False,True,False
B2,48.0,3,120.09999999999718,18,0.6,0.20000000000071338,1.0999999999985448,1.2810947814052764,True,False,1.34852082253187,0.2005711177390022,20.0,2.013627511066815,0.5499999999980929,,,,,0.6325997395833807,20.0,12.651994791667613,1.9,1,True,1,0.0,True,False,1.0598039531930608,False,True,False
B2,48.0,3,123.5999999999984,13,0.6,0.39999999999932356,0.2000000000003439,1.1626403123114006,True,False,1.2180041367071817,0.2074152425714689,22.0,1.9732699199428632,0.29999999999670024,1.9730013928532533,20.0,0.619836668131021,1.9,0.6199210284042218,20.0,12.398420568084436,1.9,2,False,2,-2.0,True,False,1.0385631157594017,False,True,False
B2,48.0,3,123.5999999999984,15,0.6,0.39999999999932356,0.2000000000003439,1.1626403123114006,True,False,1.2180041367071817,0.2074152425714689,22.0,1.9732699199428632,0.29999999999670024,1.9730013928532533,20.0,0.619836668131021,1.9,0.6199210284042218,20.0,12.398420568084436,1.9,2,False,2,-2.0,True,False,1.0385631157594017,False,True,False
B2,48.0,3,123.99999999999773,5,1.3000000000006793,1.3000000000006793,0.39999999999932356,1.8730526055903638,False,False,1.971634321674067,0.3493119369312418,20.0,1.969231433769236,0.04999999999736815,1.8388078438379136,19.0,0.6080826540594186,1.894736842105263,0.6186523005547526,20.0,12.373046011095052,1.9,3,False,2,0.0,True,False,1.0364375967206505,False,True,False
B2,48.0,3,127.09999999999742,19,0.9999999999997584,0.9999999999997584,1.7999999999990166,1.1714406616718267,False,False,1.233095433338765,0.1495153969818803,20.0,1.8950679024158243,0.24999999999748468,1.8950679024158243,19.0,0.6266875158193024,1.894736842105263,0.6266875158193024,19.0,12.533750316386048,1.894736842105263,0,False,2,-1.0,False,True,1.0001747262750185,True,False,False
B2,48.0,3,129.5999999999971,9,0.7000000000002444,0.7000000000002444,1.4999999999999147,1.0899479820672506,False,False,1.1473136653339482,0.1086987870748941,20.0,1.9419936019034905,0.249999999998181,1.9419936019034905,19.0,0.642205561374567,1.894736842105263,0.642205561374567,19.0,12.84411122749134,1.894736842105263,0,False,2,-1.0,False,True,1.0249410676712867,False,True,False
B2,48.0,3,130.29999999999734,11,0.6,0.19999999999933493,0.7000000000002444,1.7906045689936472,True,False,1.8900826006044051,0.2298248327645022,19.0,1.879202120159128,0.04999999999805027,1.8024811350339611,18.0,0.6291846102285428,1.8888888888888888,0.6214407974002398,19.0,12.428815948004797,1.894736842105263,2,False,3,0.0,True,False,0.9918011189728732,True,False,False
B2,48.0,3,130.49999999999667,17,1.1000000000016712,1.1000000000016712,0.19999999999933493,1.743262426688775,False,False,1.840110339282596,0.2179239759238753,19.0,1.8033590461820692,0.09999999999877218,1.8024811350339611,18.0,0.6291846102285428,1.8888888888888888,0.6294910590300318,18.0,12.589821180600635,1.8888888888888888,2,False,2,-1.0,False,False,0.954719495037566,False,False,True
B2,48.0,3,132.5999999999971,22,0.6,0.49999999999980105,0.599999999999369,1.2559029941088562,True,False,1.3220031516935329,0.273993206224592,20.0,2.0741174951238874,0.24999999999886313,2.0741174951238874,19.0,0.6858981353013966,1.894736842105263,0.6858981353013966,19.0,13.717962706027933,1.894736842105263,4,False,2,-1.0,False,False,1.0946731224264963,False,True,False
B2,48.0,3,133.0999999999969,18,1.1000000000011312,1.1000000000011312,0.49999999999980105,1.9284635489171016,False,False,2.0356004127458296,0.2979408852764308,19.0,2.0405013609682388,0.24999999999917577,2.0405013609682388,18.0,0.7122693428064215,1.8888888888888888,0.7122693428064215,18.0,14.24538685612843,1.8888888888888888,1,False,2,-1.0,False,False,1.08026542639495,False,True,False
B2,48.0,3,134.19999999999803,3,0.8999999999993804,0.8999999999993804,1.1000000000011312,1.5809999343995367,False,False,1.673999930540686,0.2346031107526427,18.0,1.7898239320226192,0.2499999999982947,1.7898239320226192,17.0,0.6615173783601715,1.8823529411764706,0.6615173783601715,17.0,13.230347567203431,1.8823529411764706,0,False,2,-1.0,False,True,0.9508439638870165,False,False,True
B2,48.0,3,135.4999999999972,6,1.5,1.5000000000001137,0.3999999999997783,1.5592794476478273,False,True,1.6510017680976994,0.2730550707863496,18.0,2.4824699575639007,0.24999999999943157,2.4824699575639007,17.0,0.9175187507576608,1.8823529411764706,0.9175187507576608,17.0,18.350375015153215,1.8823529411764706,1,False,2,-1.0,False,False,1.3188121649558222,False,True,False
B2,48.0,3,136.9999999999973,2,0.6,0.5999999999997954,1.5000000000001137,1.8345549104035666,True,False,1.9492145923037896,0.2697005467665856,17.0,1.9181418291185732,0.049999999999613465,1.6889850540324194,16.0,0.6632628797214011,1.875,0.7089435622237881,17.0,14.178871244475761,1.8823529411764706,1,False,2,0.0,True,False,1.019012846719242,True,False,False
B2,48.0,3,139.59999999999792,13,0.9999999999991758,0.9999999999991758,1.1000000000012449,1.2831927453251284,False,False,1.3544812311765244,0.2309996533447066,19.0,1.7922103602612065,0.449999999999676,1.7830501336797313,18.0,0.6224019112167269,1.8888888888888888,0.6255994334982358,18.0,12.511988669964715,1.8888888888888888,0,False,2,-1.0,False,True,0.9488172495500505,False,False,True
B2,48.0,3,141.69999999999715,5,0.6,0.5000000000008811,0.6000000000002501,1.397093948169648,True,False,1.4706252085996296,0.2736855969346192,20.0,2.2502735331549584,0.2500000000008811,2.2502735331549584,19.0,0.744151873718649,1.894736842105263,0.744151873718649,19.0,14.88303747437298,1.894736842105263,3,False,2,-1.0,False,False,1.1876443647206725,False,True,False
B2,48.0,3,142.299999999997,22,0.6,0.20000000000010232,0.09999999999897113,1.8849387288615715,True,False,1.9841460303806016,0.3359736798852529,20.0,1.9831442904936596,1.1084466677857563e-12,1.8627578378565173,19.0,0.6160027725080885,1.894736842105263,0.6230231534023423,20.0,12.460463068046845,1.9,3,False,3,0.0,True,False,1.0437601528913998,False,True,False
B2,48.0,3,142.4999999999971,11,0.9000000000006025,0.9000000000006025,0.20000000000010232,1.8711480194378303,False,False,1.9696294941450847,0.3278693421984794,20.0,1.98140758009022,0.25000000000110845,1.8627578378565173,19.0,0.6160027725080885,1.894736842105263,0.6916417219309516,18.0,13.832834438619033,1.8888888888888888,3,False,2,-2.0,True,False,1.0489804835771752,False,True,False
B2,48.0,3,143.3999999999977,15,0.6,0.09999999999948272,0.9000000000006025,1.7843142372555514,True,False,1.8892738982705837,0.317242794792135,18.0,1.922315192614661,0.1500000000006878,,,,,0.6356980302107651,19.0,12.713960604215302,1.894736842105263,3,False,2,1.0,True,False,1.0145552405466267,True,False,False
B2,48.0,3,143.99999999999673,9,1.0000000000005684,1.0000000000005684,0.49999999999954525,1.5602050371323266,False,False,1.6519818040224636,0.3339348771875406,18.0,2.090439361972061,0.5000000000018758,2.074612916782464,17.0,0.7667751409889743,1.8823529411764706,0.7726245814525132,17.0,15.452491629050265,1.8823529411764706,2,False,2,-1.0,False,False,1.1105459110476574,False,True,False
B2,48.0,3,145.8999999999969,23,1.5,1.7000000000010118,0.8999999999996078,1.7069295085122667,False,True,1.807337126660047,0.2989929037909625,18.0,1.7843142306340662,2.0179413695586845e-12,1.680569514611579,17.0,0.6211370401118472,1.8823529411764706,0.6228431642950785,18.0,12.45686328590157,1.8888888888888888,1,False,2,0.0,True,False,0.9446369456297998,False,False,True
B2,48.0,3,148.9999999999962,16,0.700000000000955,0.700000000000955,1.399999999998272,1.3081413429722535,False,False,1.3850908337353274,0.1883553483861649,18.0,1.7724937072940443,0.25000000000349587,1.7724937072940443,17.0,0.6551121422787185,1.8823529411764706,0.6551121422787185,17.0,13.10224284557437,1.8823529411764706,0,False,2,-1.0,False,True,0.9416372819999611,False,False,True
B2,48.0,3,151.0999999999965,10,0.6,0.3000000000012051,0.5999999999993975,1.345953653453529,True,False,1.4167933194247675,0.2860021971941478,20.0,1.814551442345251,0.35000000000368914,1.734208033947921,19.0,0.5734921283418091,1.894736842105263,0.5700581480832603,20.0,11.401162961665205,1.9,3,False,2,0.0,True,False,0.9550270749185531,False,False,True
B2,48.0,4,22.700000000000053,9,1.5,2.1999999999999176,1.800000000000054,1.2122078967112895,False,True,1.26993208226897,0.180178633130045,22.0,2.143890541207972,0.25000000000013856,2.142976272903877,21.0,0.6411770015021006,1.9047619047619047,0.6414505499390106,21.0,12.829010998780213,1.9047619047619047,0,False,2,-1.0,False,True,1.1255425341341854,False,True,False
B2,48.0,4,25.59999999999998,24,0.6,0.3000000000001144,0.70000000000001,1.2874947921581408,True,False,1.3488040679751951,0.1852316949419937,22.0,1.8588304544637864,0.5000000000002593,1.2628783153609124,21.0,0.3778523083729235,1.9047619047619047,0.5839688100012408,20.0,11.679376200024816,1.9,2,False,3,-2.0,True,False,0.978331818138835,False,False,True
B2,48.0,4,25.900000000000095,2,1.5,1.8999999999999453,0.3000000000001144,1.197235381704074,False,True,1.2570971507892776,0.1108346240094841,21.0,1.8588304544637864,0.20000000000014495,1.8588304544637864,20.0,0.5839688100012408,1.9,0.5839688100012408,20.0,11.679376200024816,1.9,1,False,2,-1.0,False,False,0.978331818138835,False,False,True
B2,48.0,4,29.400000000000176,19,0.6,0.5999999999999837,1.6000000000001364,1.1102523123852857,True,False,1.16576492800455,0.108110832865381,21.0,1.7843836653259562,0.30000000000011084,1.780999324901721,20.0,0.5595174395159628,1.9,0.5605806614173652,20.0,11.211613228347304,1.9,1,False,2,-1.0,False,False,0.939149297539977,False,False,True
B2,48.0,4,30.00000000000016,15,0.6999999999998927,0.6999999999998927,0.5999999999999837,1.673604093591155,False,False,1.761688519569637,0.1902123678260957,20.0,1.8157361079806549,0.25000000000013145,1.8128821380521336,19.0,0.5995091796556569,1.894736842105263,0.6004529702831314,19.0,12.009059405662628,1.894736842105263,1,False,2,-1.0,False,False,0.9583051681009013,False,False,True
B2,48.0,4,32.9000000000002,22,0.6,0.4000000000000057,2.200000000000145,1.0395219914085807,True,False,1.094233675166927,0.102510594319639,20.0,1.981858604843853,0.25000000000005684,1.981858604843853,19.0,0.6553886772032804,1.894736842105263,0.6553886772032804,19.0,13.107773544065608,1.894736842105263,1,False,2,-1.0,False,False,1.0459809303342558,False,True,False
B2,48.0,4,33.3000000000002,6,0.6,0.2999999999997769,0.4000000000000057,1.8677021197303356,True,False,1.971463348604243,0.2449221968195317,19.0,2.016467897332678,0.35000000000002274,1.916777868421845,18.0,0.6690816966663968,1.8888888888888888,0.6668337613115787,19.0,13.336675226231574,1.894736842105263,4,False,2,0.0,True,False,1.064246945814469,False,True,False
B2,48.0,4,33.80000000000023,21,0.6,0.09999999999986642,0.20000000000025153,1.8922367698563434,True,False,1.9973610348483624,0.3575884045664029,19.0,2.0751306099644617,0.14999999999997726,1.8914958353011528,18.0,0.66025660227531,1.8888888888888888,0.651921507950366,20.0,13.03843015900732,1.9,5,False,3,1.0,True,False,1.0921740052444535,False,True,False
B2,48.0,4,34.00000000000021,16,1.5,1.5000000000000213,0.10000000000011511,1.9602279123026922,False,True,2.0633978024238866,0.4147739392490635,20.0,2.050951020963536,0.04999999999999005,2.0165253758654984,19.0,0.6668527691154154,1.894736842105263,0.6443252660331531,20.0,12.886505320663062,1.9,4,False,3,0.0,True,False,1.0794479057702822,False,True,False
B2,48.0,4,35.500000000000234,10,1.3000000000000256,1.3000000000000256,1.5000000000000213,1.487810394189863,False,False,1.5753286526716197,0.3085432329997602,18.0,1.7127744567454826,0.3999999999998636,1.7104627210827146,17.0,0.6321855433873722,1.8823529411764706,0.6330399588903362,17.0,12.660799177806723,1.8823529411764706,0,False,2,-1.0,False,True,0.9099114301460376,False,False,True
B2,48.0,4,36.80000000000026,8,0.6,0.5999999999999162,1.3000000000000256,1.461581742978665,True,False,1.5529306019148317,0.2352786610077694,17.0,1.9876107723051128,0.4999999999997584,1.972882079675984,16.0,0.7747489809886279,1.875,0.7805329250587096,16.0,15.610658501174193,1.875,1,False,2,-1.0,False,False,1.0600590785627269,False,True,False
B2,48.0,4,37.700000000000266,4,0.6,0.2999999999998977,0.30000000000008953,1.951751316270834,True,False,2.073735773537761,0.3736441113042016,17.0,2.0625734764516235,0.04999999999972715,1.8684379996369156,16.0,0.7337338866684178,1.875,0.7623253742481859,17.0,15.246507484963718,1.8823529411764706,3,False,2,0.0,True,False,1.095742159364925,False,True,False
B2,48.0,4,40.60000000000032,12,0.6,0.29999999999987637,2.6000000000001577,1.2142563398975423,True,False,1.2901473611411387,0.1207575976577064,17.0,1.928422342805699,0.5999999999994756,1.7964036400640833,16.0,0.7054460598134109,1.875,0.7127432311972708,17.0,14.254864623945416,1.8823529411764706,1,True,2,0.0,True,False,1.0244743696155276,False,True,False
B2,48.0,4,42.90000000000034,23,0.6,0.599999999999902,0.9000000000001265,1.577569444460827,True,False,1.6605994152219232,0.261963594677765,20.0,1.6377274814745444,0.04999999999935767,1.5856331903167766,19.0,0.5243593244197191,1.894736842105263,0.5145072624382543,20.0,10.290145248765086,1.9,2,False,2,0.0,True,False,0.8619618323550234,False,False,True
B2,48.0,4,43.80000000000024,10,1.0000000000000142,1.0000000000000142,0.29999999999999716,1.642154339263292,False,False,1.7285835150139917,0.3085518582694382,20.0,1.723781163267038,0.04999999999940741,1.5939961835306051,19.0,0.5271249157926228,1.894736842105263,0.5415418238916194,20.0,10.830836477832388,1.9,2,False,2,0.0,True,False,0.9072532438247568,False,False,True
B2,48.0,4,44.80000000000025,22,0.9000000000000128,0.9000000000000128,1.0000000000000142,1.3352442564802363,False,False,1.4094244929513604,0.1644285348429755,19.0,1.836714179241632,0.3499999999993193,,,,,0.6073902918157597,19.0,12.147805836315193,1.894736842105263,1,False,2,0.0,True,False,0.9693769279330836,False,False,True
B2,48.0,4,46.40000000000039,5,1.5,1.8999999999999275,0.7000000000001236,1.5154580175285124,False,True,1.5952189658194869,0.2337451811248262,20.0,1.5727587842342834,0.04999999999910898,1.4863221135033338,19.0,0.4915177508052766,1.894736842105263,0.4940967442419239,20.0,9.881934884838477,1.9,1,False,2,0.0,True,False,0.8277677811759386,False,False,True
B2,48.0,4,48.30000000000032,21,0.6,0.30000000000000426,1.8999999999999275,1.0908159543489957,True,False,1.1514168407017178,0.0639933622718541,19.0,2.067644498085873,0.39999999999905356,1.9657334364415584,18.0,0.6861704136489575,1.8888888888888888,0.6837575542549406,19.0,13.675151085098811,1.894736842105263,1,False,2,0.0,True,False,1.0912568184342109,False,True,False
B2,48.0,4,49.10000000000038,17,1.5,1.700000000000074,0.5000000000000568,1.8910652717614302,False,True,1.9961244535259544,0.2732223798528435,19.0,1.9825024369425648,0.049999999998973976,1.930559811626531,18.0,0.6738925023912894,1.8888888888888888,0.6556015885918551,19.0,13.112031771837103,1.894736842105263,2,False,2,0.0,True,False,1.046320730608576,False,True,False
B2,48.0,4,50.80000000000045,14,0.6,0.09999999999988773,1.700000000000074,1.481630858100974,True,False,1.5687856144598549,0.1686747965176863,18.0,1.9927833564587591,0.49999999999877076,,,,,0.695612616982983,18.0,13.912252339659661,1.8888888888888888,1,False,2,0.0,True,False,1.055002953419343,False,True,False
B2,48.0,4,53.10000000000037,6,1.3000000000000185,1.3000000000000185,0.30000000000011795,1.4879360264311117,False,False,1.5662484488748545,0.2747616762839285,20.0,2.059154546515795,0.34999999999872955,2.059145126652491,19.0,0.6809468634280726,1.894736842105263,0.6809499785200046,19.0,13.618999570400092,1.894736842105263,1,False,2,-1.0,False,False,1.0867760106611142,False,True,False
B2,48.0,4,57.10000000000057,3,1.5,1.699999999999882,0.800000000000253,1.128112348765792,False,True,1.1845179662040817,0.1919846405253481,21.0,2.1702650844633475,0.2499999999983089,,,,,0.6493417948278557,21.0,12.986835896557114,1.9047619047619047,2,False,2,0.0,True,False,1.1393891693432576,False,True,False
B2,48.0,4,59.900000000000354,24,1.000000000000128,1.000000000000128,1.099999999999902,1.224779968102605,False,False,1.2831028237265385,0.181156746041463,22.0,1.8232028319857696,0.2999999999983629,1.8228324634263036,21.0,0.5453901976976248,1.9047619047619047,0.5455010117114858,21.0,10.910020234229716,1.9047619047619047,0,False,2,-1.0,False,True,0.9571814867925291,False,False,True
B2,48.0,4,60.90000000000048,15,0.6,0.19999999999988916,1.000000000000128,1.6270165856880756,True,False,1.7083674149724792,0.2008513197542344,21.0,1.7942331839300507,0.5999999999981611,,,,,0.536833313282064,21.0,10.73666626564128,1.9047619047619047,1,True,1,0.0,True,False,0.9419724215632767,False,False,True
B2,48.0,4,62.0000000000005,5,0.6,0.40000000000010516,0.9000000000001265,1.6437661866334798,True,False,1.7259544959651538,0.2292454574548646,21.0,1.711301322827138,0.04999999999811422,1.5473286977558234,20.0,0.4861076469558356,1.9,0.512020158464022,21.0,10.240403169280441,1.9047619047619047,2,False,2,0.0,True,False,0.8984331944842475,False,False,True
B2,48.0,4,62.4000000000006,11,0.6,0.49999999999993605,0.40000000000010516,1.4601157092991195,True,False,1.536963904525389,0.2034672444829348,20.0,1.9922597795831785,0.49999999999796074,1.9805745084074988,19.0,0.6549640342631804,1.894736842105263,0.6588282829032561,19.0,13.176565658065122,1.894736842105263,2,False,2,-1.0,False,False,1.0514704392244554,False,True,False
B2,48.0,4,62.90000000000054,19,0.6,0.5999999999998664,0.49999999999993605,1.8874040017103795,True,False,1.9922597795831785,0.2929935437648334,19.0,1.991712225556867,0.04999999999802185,1.8697403033546347,18.0,0.652662489015519,1.8888888888888888,0.6586472100920453,19.0,13.172944201840906,1.894736842105263,3,False,2,0.0,True,False,1.0511814523772354,False,True,False
B2,48.0,4,63.500000000000405,22,1.5,1.6000000000001577,0.5999999999998664,1.7142770107657894,False,True,1.815116834928483,0.2901350310666061,18.0,2.254629022292644,0.2999999999981071,2.254629022292644,17.0,0.8333089380005774,1.8823529411764706,0.8333089380005774,17.0,16.666178760011547,1.8823529411764706,1,False,2,-1.0,False,False,1.1977716680929673,False,True,False
B2,48.0,4,66.30000000000051,25,0.6,0.3999999999998636,1.199999999999946,1.1948319088272272,True,False,1.2651161387582406,0.1449876617661301,18.0,1.7212802352584124,0.5499999999978371,1.703191797633994,17.0,0.6294982163648646,1.8823529411764706,0.6361836872773106,17.0,12.723673745546211,1.8823529411764706,1,True,2,-1.0,False,False,0.9144301249810316,False,False,True
B2,48.0,4,66.70000000000037,14,1.1999999999999744,1.1999999999999744,0.3999999999998636,1.6149127009571111,False,False,1.7158447447669305,0.2091966770797338,17.0,1.8829266751866136,0.299999999997965,1.8829266751866136,16.0,0.7394235762518151,1.875,0.7394235762518151,16.0,14.788471525036302,1.875,1,False,2,-1.0,False,False,1.0042275600995272,True,False,False
B2,48.0,4,69.10000000000032,7,0.6,0.4999999999997726,0.1999999999998323,1.2642589442687213,True,False,1.3386271174609992,0.3008002884332456,18.0,2.074175373311079,0.24999999999788258,2.074175373311079,17.0,0.766613425300112,1.8823529411764706,0.766613425300112,17.0,15.33226850600224,1.8823529411764706,2,False,2,-1.0,False,False,1.1019056670715106,False,True,False
B2,48.0,4,69.6000000000001,10,0.6,0.4000000000004036,0.4999999999997726,1.944369671763125,True,False,2.06589277624832,0.3601356020928305,17.0,2.199073486963954,0.4999999999980673,2.085101649755189,16.0,0.8188175031073577,1.875,0.8127756601588292,17.0,16.255513203176584,1.8823529411764706,3,False,2,0.0,True,False,1.1682577899496005,False,True,False
B2,48.0,4,70.70000000000014,9,0.6,0.20000000000040075,0.2999999999995424,1.9533658151335997,True,False,2.0682696866120467,0.4260882039594864,18.0,3.3241185752967466,0.299999999997965,3.154085412437548,17.0,1.1657472424127686,1.8823529411764706,1.1603362773126251,18.0,23.206725546252503,1.8888888888888888,3,False,2,0.0,True,False,1.759827481039454,False,True,False
B2,48.0,4,73.70000000000041,11,0.6000000000000938,0.6000000000000938,2.200000000000017,1.2022114607648462,False,False,1.269000986362893,0.2006165590088709,19.0,1.998966566578821,0.2499999999975273,1.998966566578821,18.0,0.6977709644817374,1.8888888888888888,0.6977709644817374,18.0,13.955419289634747,1.8888888888888888,0,False,2,-1.0,False,True,1.0582764176005524,False,True,False
B2,48.0,4,74.39999999999998,24,0.6,0.30000000000039506,0.09999999999946851,1.7746563397600112,True,False,1.8732483586355675,0.3076062767750137,19.0,1.846316346403344,0.049999999997936584,1.6156081548204997,18.0,0.5639536344737603,1.8888888888888888,0.6105656705329991,19.0,12.211313410659983,1.894736842105263,3,False,2,0.0,True,False,0.9744447383795427,False,False,True
B2,48.0,4,75.40000000000012,15,0.6,0.29999999999974136,0.699999999999747,1.2908470404280297,True,False,1.3625607648962537,0.2366892932352596,19.0,2.0166120838176256,0.5999999999977064,1.594243005054215,18.0,0.5564957903016929,1.8888888888888888,0.7453380832543361,17.0,14.906761665086723,1.8823529411764706,2,True,3,-2.0,True,False,1.0713251695281136,False,True,False
B2,48.0,4,75.69999999999986,8,1.4000000000004604,1.4000000000004604,0.29999999999974136,1.5056739492178695,False,False,1.594243005054215,0.2380157083659781,18.0,2.0166120838176256,0.299999999997965,2.0166120838176256,17.0,0.7453380832543361,1.8823529411764706,0.7453380832543361,17.0,14.906761665086723,1.8823529411764706,2,False,2,-1.0,False,False,1.0713251695281136,False,True,False
B2,48.0,4,77.40000000000022,14,0.6,0.19999999999987494,0.2999999999998977,1.4535479780804546,True,False,1.5390508003204812,0.2705251773485128,18.0,1.949281238660484,0.5999999999974932,,,,,0.6804275132395765,18.0,13.60855026479153,1.8888888888888888,2,True,1,0.0,True,False,1.031972420467315,False,True,False
B2,48.0,4,78.10000000000029,25,0.6,0.5999999999998522,0.500000000000199,1.8488003257804126,True,False,1.9575532861204368,0.3034224809660768,18.0,1.9599581946334328,0.09999999999740794,1.9056389476453204,17.0,0.7043225080373086,1.8823529411764706,0.6841544739559451,18.0,13.683089479118902,1.8888888888888888,4,False,2,0.0,True,False,1.037624926570641,False,True,False
B2,48.0,4,79.1999999999996,17,0.6,0.3000000000000398,0.49999999999946,1.791866737207992,True,False,1.8972706629261091,0.3373911822415087,18.0,2.492534221986764,0.29999999999802185,2.492534221986764,17.0,0.9212384941899728,1.8823529411764706,0.9212384941899728,17.0,18.424769883799456,1.8823529411764706,2,False,3,-1.0,True,False,1.3241588054304685,False,True,False
B2,48.0,4,79.49999999999964,4,1.5,1.5000000000002558,0.3000000000000398,2.3459145618698956,False,True,2.492534221986764,0.4511234859852809,17.0,2.473004195983341,0.049999999997979216,2.246689335422001,16.0,0.8822728388825367,1.875,0.914020213458588,17.0,18.28040426917176,1.8823529411764706,2,False,2,0.0,True,False,1.31378347911615,False,True,False
B2,48.0,4,80.9999999999999,10,0.7000000000005144,0.7000000000005144,1.5000000000002558,1.5276018382713175,False,False,1.6294419608227386,0.2436758813981906,16.0,1.6597289641244712,0.6999999999976012,1.6228660129126342,15.0,0.6797845258569186,1.8666666666666667,0.6952256427524848,15.0,13.904512855049695,1.8666666666666667,0,True,2,-1.0,False,True,0.8891405164952524,False,False,True
B2,48.0,4,82.59999999999978,5,0.8000000000003382,0.8000000000003382,0.1999999999998039,1.604879241584821,False,False,1.7051841941838723,0.3370719991842685,17.0,1.968856226152667,0.29999999999765237,1.968856226152667,16.0,0.7731680320069678,1.875,0.7731680320069678,16.0,15.463360640139356,1.875,2,False,2,-1.0,False,False,1.0500566539480891,False,True,False
B2,48.0,4,84.69999999999935,12,0.7000000000008697,0.7000000000008697,0.9999999999994884,1.4482945466424568,False,False,1.5334883435037778,0.2506635300678691,18.0,1.9038776996642373,0.6999999999979423,1.860873716483495,17.0,0.687777317289751,1.8823529411764706,0.703671552305718,17.0,14.07343104611436,1.8823529411764706,1,True,2,-1.0,False,False,1.011435027946626,True,False,False
B2,48.0,4,86.99999999999925,13,0.6,0.2000000000003581,0.8999999999989541,1.1642794764628797,True,False,1.2289616695997063,0.2044046197695102,19.0,2.126557624943465,0.5999999999979195,1.9092091354929837,18.0,0.6664397104701418,1.8888888888888888,0.668077781195775,20.0,13.3615556239155,1.9,3,True,3,1.0,True,False,1.1192408552334028,False,True,False
B2,48.0,4,88.09999999999916,23,0.9000000000007446,0.9000000000007446,0.5999999999995111,1.9143593244898742,False,False,2.015115078410394,0.3280992902094652,20.0,1.995862415689588,0.049999999997979216,1.7897663979261822,19.0,0.5918649439333432,1.894736842105263,0.6270186702706386,20.0,12.540373405412772,1.9,2,False,2,0.0,True,False,1.0504539029945201,False,True,False
B2,48.0,4,91.29999999999907,18,1.40000000000029,1.40000000000029,0.6999999999992923,1.1468115772222103,False,False,1.2041521560833208,0.1807060583942604,21.0,2.0490031732620397,0.39999999999784563,2.04759723958664,20.0,0.6432716445396127,1.9,0.6437133316302197,20.0,12.874266632604394,1.9,1,False,2,-1.0,False,False,1.0784227227694947,False,True,False
B2,48.0,4,92.7999999999992,22,0.700000000000415,0.700000000000415,0.099999999999838,1.7357768246191074,False,False,1.8225656658500629,0.2824267506897546,21.0,2.062666029301728,0.499999999997641,2.04421327599213,20.0,0.64220854102276,1.9,0.6480056444463536,20.0,12.960112888927071,1.9,1,False,2,-1.0,False,False,1.0856136996324883,False,True,False
B2,48.0,4,93.49999999999962,5,0.6,0.2999999999996703,0.700000000000415,1.950628880954819,True,False,2.053293558899809,0.3186203220477512,20.0,2.0472154857143705,0.04999999999722604,1.906885533942271,19.0,0.6305955352283883,1.894736842105263,0.6431517130235527,20.0,12.863034260471053,1.9,5,False,3,0.0,True,False,1.077481834586511,False,True,False
B2,48.0,4,93.79999999999929,12,0.6,0.19999999999998863,0.2999999999996703,1.7938055010798997,True,False,1.8934613622510053,0.3415304920541118,19.0,1.8807382913267865,0.19999999999751594,1.7840707046637168,18.0,0.6227581576951442,1.8888888888888888,0.6219487999323423,19.0,12.438975998646846,1.894736842105263,3,False,4,0.0,True,False,0.9926118759780262,True,False,False
B2,48.0,4,93.99999999999928,8,0.6,0.09999999999952536,0.19999999999998863,1.781752065467482,True,False,1.8807382913267865,0.3315394009581721,19.0,1.7850856140050926,0.09999999999752163,1.7840707046637168,18.0,0.6227581576951442,1.8888888888888888,0.6231124278874693,18.0,12.462248557749387,1.8888888888888888,3,False,3,-1.0,True,False,0.9450453250615196,False,False,True
B2,48.0,4,94.0999999999988,2,0.9000000000004462,0.9000000000004462,0.09999999999952536,1.6859141910048097,False,False,1.7850856140050926,0.298703442075274,18.0,1.7848267156974218,0.04999999999799343,1.6817414938957098,17.0,0.6215702026423395,1.8823529411764706,0.6230220553295354,18.0,12.460441106590707,1.8888888888888888,3,False,3,0.0,True,False,0.9449082612515762,False,False,True
B2,48.0,4,95.49999999999928,7,0.6,0.3999999999999204,0.5000000000000284,1.339446196903883,True,False,1.4231615842103755,0.3023279596000052,17.0,2.3232422160725084,0.299999999997425,2.3232422160725084,16.0,0.9123350848153828,1.875,0.9123350848153828,16.0,18.246701696307657,1.875,4,False,2,-1.0,False,False,1.2390625152386712,False,True,False
B2,48.0,4,95.8999999999992,13,0.6,0.1999999999999602,0.3999999999999204,2.1743662862713626,True,False,2.3193240386894534,0.4147022428887287,16.0,2.3161694711244465,0.04999999999748184,2.0064445663008303,14.0,0.9004902156179782,1.8571428571428572,0.9095576243691896,16.0,18.191152487383793,1.875,5,False,3,0.0,True,False,1.2352903845997047,False,True,False
B2,48.0,4,95.89999999999962,14,0.6,0.19999999999953388,0.40000000000034674,2.1743662862713626,True,False,2.3193240386894534,0.4147022428887287,16.0,2.3161694711244465,0.04999999999705551,2.0064445663008303,14.0,0.9004902156179782,1.8571428571428572,0.9095576243691896,16.0,18.191152487383793,1.875,5,False,3,0.0,True,False,1.2352903845997047,False,True,False
B2,48.0,4,96.2999999999992,24,1.5,2.3999999999992383,0.20000000000004547,1.981780376119567,False,True,2.1233361172709646,0.4886033707522594,15.0,2.1127858555988235,0.04999999999748184,1.9125077209469716,14.0,0.8583314580086805,1.8571428571428572,0.8850016696743586,15.0,17.70003339348717,1.8666666666666667,4,False,2,0.0,True,False,1.1318495654993697,False,True,False
B2,48.0,4,98.69999999999844,21,0.6,0.40000000000050306,2.3999999999992383,1.1765361971031567,True,False,1.267038981495707,0.1426333722458087,14.0,1.5917764464429784,0.5999999999980616,1.579582509145968,13.0,0.76344689330337,1.8461538461538463,0.7693404908157735,13.0,15.38680981631547,1.8461538461538463,1,True,2,-1.0,False,False,0.8622122418232799,False,False,True
B2,48.0,4,99.09999999999894,19,0.6,0.20000000000013074,0.40000000000050306,1.4639505933269557,True,False,1.585946476104202,0.2010806653224791,13.0,2.413830343048442,0.2999999999975529,2.2298414490351046,12.0,1.1675422524931172,1.8333333333333333,1.1666571804204793,13.0,23.333143608409586,1.8461538461538463,2,False,2,0.0,True,False,1.307491435817906,False,True,False
B2,48.0,4,102.39999999999893,18,1.1000000000003496,1.1000000000003496,0.30000000000012506,1.4341976798783014,False,False,1.5185622492829074,0.4467930606784812,18.0,2.085689296764678,0.29999999999739657,2.085689296764678,17.0,0.7708689614572677,1.8823529411764706,0.7708689614572677,17.0,15.417379229145354,1.8823529411764706,4,False,2,-1.0,False,False,1.1080224389062352,False,True,False
B2,48.0,4,106.19999999999852,17,0.6,0.49999999999991473,1.8999999999993236,1.2170818667593442,True,False,1.2779359600973113,0.1621524365517543,21.0,2.108404406531154,0.59999999999755,2.073285750174505,20.0,0.6513419281540629,1.9,0.6308331232718687,21.0,12.616662465437374,1.9047619047619047,1,True,2,0.0,True,False,1.1069123134288559,False,True,False
B2,48.0,4,107.09999999999884,22,0.8000000000000824,0.8000000000000824,0.4000000000004036,1.9090748193480669,False,False,2.00452856031547,0.2894208678006809,21.0,2.0559594023353998,0.09999999999719478,2.029518208976288,20.0,0.637591949564662,1.9,0.5871806322232502,22.0,11.743612644465005,1.9090909090909092,4,False,3,1.0,True,False,1.0769311155090189,False,True,False
B2,48.0,4,107.0999999999993,5,0.7999999999996277,0.7999999999996277,0.40000000000085834,1.9090748193480669,False,False,2.00452856031547,0.2894208678006809,21.0,2.0559594023353998,0.09999999999674003,2.029518208976288,20.0,0.637591949564662,1.9,0.5871806322232502,22.0,11.743612644465005,1.9090909090909092,4,False,3,1.0,True,False,1.0769311155090189,False,True,False
B2,48.0,4,107.89999999999893,11,0.6,0.5999999999995111,0.7999999999996277,1.8996088565617544,True,False,1.9995882700650047,0.3229690136748859,20.0,1.990466847013783,0.04999999999706972,1.9323336171210344,19.0,0.6390110627191614,1.894736842105263,0.6253236023792539,20.0,12.506472047585078,1.9,4,False,2,0.0,True,False,1.0476141300072543,False,True,False
B2,48.0,4,108.49999999999844,2,1.3999999999998494,1.3999999999998494,0.5999999999995111,1.8068295243350139,False,False,1.9072089423536256,0.3176239833368597,19.0,1.9000049412188984,0.04999999999753868,1.7648893709768456,18.0,0.6160626091399521,1.8888888888888888,0.6283201647492209,19.0,12.566403294984418,1.894736842105263,1,False,2,0.0,True,False,1.0027803856433075,True,False,False
B2,48.0,4,109.89999999999829,21,0.6,0.5000000000006395,1.3999999999998494,1.3638944808703648,True,False,1.444123567980386,0.2017701238878353,18.0,1.6061417874863242,0.5999999999975785,1.4985901283463474,17.0,0.5538776162300083,1.8823529411764706,0.5606492489100683,18.0,11.212984978201366,1.8888888888888888,1,True,2,0.0,True,False,0.8503103580809952,False,False,True
B2,48.0,4,112.7999999999982,4,0.7999999999999545,0.7999999999999545,2.399999999999281,1.1013411322114377,False,False,1.1661259046944634,0.1115242802091959,18.0,1.8602602844417924,0.29999999999751026,1.8602602844417924,17.0,0.6875505933373169,1.8823529411764706,0.6875505933373169,17.0,13.751011866746339,1.8823529411764706,0,False,2,-1.0,False,True,0.9882632761097022,True,False,False
B2,48.0,4,113.59999999999816,9,0.6000000000003638,0.6000000000003638,0.7999999999999545,1.699780324312049,False,False,1.806016594581552,0.2255902420570667,17.0,2.0227535272313437,0.2499999999975131,2.0227535272313437,16.0,0.7943334526466037,1.875,0.7943334526466037,16.0,15.886669052932074,1.875,1,False,2,-1.0,False,False,1.07880188119005,False,True,False
B2,48.0,4,114.49999999999774,20,0.6,0.10000000000077591,0.29999999999921556,1.947434796702337,True,False,2.069149471496233,0.373690675196544,17.0,2.2751902570996387,0.5499999999978655,1.873194543466424,16.0,0.7356017770623255,1.875,0.9530294662964396,15.0,19.06058932592879,1.8666666666666667,3,True,3,-2.0,True,False,1.218851923446235,False,True,False
B2,48.0,4,114.59999999999852,19,0.6,0.5000000000003268,0.10000000000077591,1.9205683430886629,True,False,2.0406038645317044,0.3634217446602483,17.0,2.2751902570996387,0.4499999999970896,1.873194543466424,16.0,0.7356017770623255,1.875,0.9530294662964396,15.0,19.06058932592879,1.8666666666666667,4,False,3,-2.0,True,False,1.218851923446235,False,True,False
B2,48.0,4,115.4999999999986,7,0.6,0.30000000000001137,0.39999999999929514,1.2762483521044214,True,False,1.3560138741109478,0.223634695642852,17.0,2.371113524844024,0.4999999999969731,2.2791196349114387,16.0,0.8950081877112535,1.875,0.8763615094679276,17.0,17.52723018935855,1.8823529411764706,5,False,2,0.0,True,False,1.2596540600733879,False,True,False
B2,48.0,4,115.7999999999986,25,0.6,0.10000000000032117,0.30000000000001137,2.1291079004565603,True,False,2.2710484271536644,0.3732464284484779,16.0,2.371113524844024,0.19999999999696172,,,,,0.8763615094679276,17.0,17.52723018935855,1.8823529411764706,4,False,2,1.0,True,False,1.2596540600733879,False,True,False
B2,48.0,4,117.3999999999984,8,0.6,0.4999999999998863,0.899999999999963,1.507880350135249,True,False,1.602122872018702,0.2586107038346135,17.0,1.9584422720975097,0.5999999999970385,1.8663195524565404,16.0,0.7329019744060572,1.875,0.7238385711177928,17.0,14.476771422355856,1.8823529411764706,2,True,2,0.0,True,False,1.040422457051802,False,True,False
B2,48.0,4,122.59999999999822,18,0.9000000000003752,0.9000000000003752,0.10000000000047748,1.2751570904313203,False,False,1.3422706215066529,0.2583198751783471,20.0,1.3972860754815273,0.09999999999693898,,,,,0.4180670161615314,21.0,8.361340323230628,1.9047619047619047,2,False,2,1.0,True,False,0.7335751896278019,False,False,True
B2,48.0,4,124.59999999999708,16,0.6,0.30000000000077875,0.7999999999984766,1.2698661575897163,True,False,1.330335974617798,0.2325567392493328,22.0,2.341111086878175,0.549999999997965,1.8131521159614925,21.0,0.542493844509087,1.9047619047619047,0.7354817391774091,20.0,14.709634783548182,1.9,2,True,3,-2.0,True,False,1.2321637299358816,False,True,False
B2,48.0,4,124.89999999999786,10,0.6,0.30000000000066507,0.30000000000077875,1.7268115390109453,True,False,1.8131521159614925,0.2760290165896021,21.0,2.341111086878175,0.24999999999718625,2.341111086878175,20.0,0.7354817391774091,1.9,0.7354817391774091,20.0,14.709634783548182,1.9,3,False,3,-1.0,True,False,1.2321637299358816,False,True,False
B2,48.0,4,125.19999999999852,25,0.6,0.19999999999987494,0.30000000000066507,2.218708336291832,True,False,2.33548245925456,0.3989802224085457,20.0,2.329093306209514,0.0499999999965155,2.1780424103599394,19.0,0.7202654774309254,1.894736842105263,0.7317062420312972,20.0,14.634124840625944,1.9,3,False,2,0.0,True,False,1.2258385822155338,False,True,False
B2,48.0,4,128.89999999999816,19,1.5,1.599999999999028,3.4999999999997584,1.2045861763929486,False,True,1.267985448834683,0.1327960970955577,20.0,1.7104190664442425,0.24999999999695888,1.7104190664442425,19.0,0.5656252603895942,1.894736842105263,0.5656252603895942,19.0,11.312505207791883,1.894736842105263,0,False,2,-1.0,False,True,0.9027211739566836,False,False,True
B2,48.0,4,130.4999999999972,23,0.6,0.1000000000010175,1.599999999999028,1.291066988883113,True,False,1.3627929327099526,0.1263799055868399,19.0,1.7982718767168575,0.3999999999983288,,,,,0.594677654426401,19.0,11.89355308852802,1.894736842105263,1,False,2,0.0,True,False,0.9490879349338971,False,False,True
B2,48.0,4,132.9999999999978,22,0.6,0.20000000000069917,0.09999999999993747,1.188201488581134,True,False,1.247611563010191,0.2744807936806011,21.0,1.946439613596401,0.2999999999982492,1.939425854580026,20.0,0.6092886016930716,1.9,0.5823733705457723,21.0,11.647467410915446,1.9047619047619047,4,False,2,0.0,True,False,1.0218807971381105,False,True,False
B2,48.0,4,133.4999999999975,2,0.6,0.5999999999997385,0.2999999999989882,1.8369738316064241,True,False,1.9288225231867453,0.3672904630494336,21.0,2.127674426383108,0.3999999999986983,2.1235868978258177,20.0,0.6671444997469127,1.9,0.668428634715605,20.0,13.3685726943121,1.9,5,False,2,-1.0,False,False,1.1198286454647939,False,True,False
B2,48.0,4,134.09999999999724,15,1.5,2.800000000000921,0.5999999999997385,2.0110157145906267,False,True,2.116858646937502,0.35893160017895,20.0,2.111116604825014,0.04999999999901661,1.971090816135484,19.0,0.6518278344767943,1.894736842105263,0.6632268416589691,20.0,13.264536833179381,1.9,2,False,2,0.0,True,False,1.1111140025394812,False,True,False
B2,48.0,4,140.79999999999671,20,0.6,0.2000000000003581,2.299999999999528,1.1182307234920814,True,False,1.1741422596666855,0.1339228014423455,21.0,1.829121796925415,0.25000000000110845,1.7369956600003822,20.0,0.5456932804774555,1.9,0.5472719618801758,21.0,10.945439237603516,1.9047619047619047,2,False,2,0.0,True,False,0.9602889433858429,False,False,True
B2,48.0,4,140.99999999999707,23,0.6,0.5000000000004263,0.2000000000003581,1.1119627890479156,True,False,1.1675609285003112,0.1258274308097033,21.0,1.829121796925415,0.05000000000075033,1.7369956600003822,20.0,0.5456932804774555,1.9,0.5472719618801758,21.0,10.945439237603516,1.9047619047619047,3,False,2,0.0,True,False,0.9602889433858429,False,False,True
B2,48.0,4,141.79999999999703,4,0.6,0.3000000000002103,0.2999999999995282,1.6269858680530458,True,False,1.708335161455698,0.2847825245793262,21.0,1.8168281439349023,0.3500000000010459,1.7529217911741577,20.0,0.5506966221470195,1.9,0.5435937095067684,21.0,10.871874190135369,1.9047619047619047,4,False,2,0.0,True,False,0.9538347755658237,False,False,True
B2,48.0,4,142.89999999999685,21,1.1000000000000512,1.1000000000000512,0.7999999999996135,1.4801033480393415,False,False,1.5541085154413086,0.2257688270665513,21.0,2.167970331030602,0.2500000000014495,2.167970331030602,20.0,0.6810879665166372,1.9,0.6810879665166372,20.0,13.621759330332743,1.9,1,False,2,-1.0,False,False,1.141037016331896,False,True,False
B2,48.0,4,143.9999999999969,12,1.5,2.2999999999998977,1.1000000000000512,1.7347137094393112,False,True,1.8260144309887487,0.228219430636502,20.0,1.7973024559513398,1.5916157281026244e-12,1.7548252671007056,19.0,0.5803101228902445,1.894736842105263,0.5646392191895622,20.0,11.292784383791243,1.9,0,False,2,0.0,True,True,0.945948661027021,False,False,True
B2,48.0,4,146.2999999999968,24,1.4000000000003183,1.4000000000003183,2.2999999999998977,1.200885324086763,False,False,1.2676011754249163,0.1045607289297712,19.0,1.747815514377386,0.25000000000227374,1.747815514377386,18.0,0.6101027088664734,1.8888888888888888,0.6101027088664734,18.0,12.202054177329469,1.8888888888888888,0,False,2,-1.0,False,True,0.9253140958468514,False,False,True
B2,48.0,4,147.69999999999712,11,1.0999999999995964,1.0999999999995964,1.4000000000003183,1.440070813421736,False,False,1.5247808612700733,0.140352355957293,18.0,1.91681642191952,0.5000000000023306,1.9056974972924072,17.0,0.7043441479362684,1.8823529411764706,0.7084536928685456,17.0,14.169073857370913,1.8823529411764706,0,False,2,-1.0,False,True,1.018308724144745,True,False,False
B2,48.0,4,149.19999999999578,3,0.6000000000012449,0.6000000000012449,0.19999999999870965,1.802003711686248,False,False,1.9021150290021505,0.3330903685926793,19.0,2.057869302956017,0.4500000000039961,2.0486444138766364,18.0,0.7151118044947342,1.8888888888888888,0.7183318982460634,18.0,14.366637964921267,1.8888888888888888,2,False,2,-1.0,False,False,1.0894602192120089,False,True,False
B2,48.0,5,23.200000000000088,13,1.2999999999999936,1.2999999999999936,4.400000000000087,1.0225973330932032,False,False,1.0737271997478632,0.0453344307689991,21.0,1.7455510903178104,0.25000000000011013,1.744622846170516,20.0,0.5480894316814209,1.9,0.5483810481808087,20.0,10.967620963616174,1.9,0,False,2,-1.0,False,True,0.9187111001672686,False,False,True
B2,48.0,5,24.50000000000008,10,0.999999999999897,0.999999999999897,1.2999999999999936,1.4619555163330085,False,False,1.53890054350843,0.1270233753305432,20.0,1.8267018027401285,0.35000000000013287,1.8243419687165583,19.0,0.6032988764795242,1.894736842105263,0.6040792593460651,19.0,12.081585186921302,1.894736842105263,0,False,2,-1.0,False,True,0.9640926181128456,False,False,True
B2,48.0,5,30.20000000000016,19,0.6,0.5000000000000071,3.4000000000001585,1.0410012891819262,True,False,1.0905727791429702,0.0493038655449957,22.0,1.930827576375722,0.25000000000013856,1.930756653122378,21.0,0.5776810397446552,1.9047619047619047,0.5777022599324337,21.0,11.554045198648675,1.9047619047619047,1,False,2,-1.0,False,False,1.0136844775972542,True,False,False
B2,48.0,5,30.700000000000166,16,0.6,0.300000000000022,0.5000000000000071,1.8158128493324657,True,False,1.906603491799089,0.2076828274695082,21.0,1.9041491184021344,1.3500311979441904e-13,1.8119311040895687,20.0,0.5692349445418632,1.9,0.5697200839725358,21.0,11.394401679450716,1.9047619047619047,4,False,2,0.0,True,False,0.9996782871611206,True,False,False
B2,48.0,5,31.00000000000019,24,0.6,0.0999999999999801,0.300000000000022,1.7379072475677255,True,False,1.82937605007129,0.2664701051706908,20.0,1.8766816970902644,0.2500000000001208,1.7784845633872592,19.0,0.588134109353712,1.894736842105263,0.58957694327052,20.0,11.7915388654104,1.9,5,False,2,0.0,True,False,0.9877272089948761,True,False,False
B2,48.0,5,31.10000000000017,9,0.6,0.09999999999991971,0.0999999999999801,1.7541528787778458,True,False,1.8464767145029957,0.2650159761510725,20.0,1.8766816970902644,0.1500000000001407,1.7784845633872592,19.0,0.588134109353712,1.894736842105263,0.58957694327052,20.0,11.7915388654104,1.9,5,False,3,0.0,True,False,0.9877272089948761,True,False,False
B2,48.0,5,31.400000000000176,15,1.099999999999902,1.099999999999902,0.2000000000000881,1.685136432552071,False,False,1.778755123249408,0.3904405999800394,19.0,1.7854975002698672,1.3500311979441904e-13,1.6727918955445331,18.0,0.5839145255585834,1.8888888888888888,0.5904532452474478,19.0,11.809064904948956,1.894736842105263,4,False,2,0.0,True,False,0.9423459029202077,False,False,True
B2,48.0,5,33.30000000000012,13,0.6,0.40000000000009095,0.8000000000000398,1.2644750488447254,True,False,1.3347236626694323,0.1847779508548979,19.0,2.1227177942829187,0.5000000000000995,2.096301472824213,18.0,0.731747256303779,1.8888888888888888,0.7409682920181719,18.0,14.819365840363439,1.8888888888888888,2,False,2,-1.0,False,False,1.1237917734438982,False,True,False
B2,48.0,5,33.70000000000021,17,0.6000000000000085,0.6000000000000085,0.40000000000009095,1.989761502420298,False,False,2.106806296680315,0.3093592112617389,18.0,2.1235096691204545,0.20000000000000284,2.0092702880181927,17.0,0.7426245618722591,1.8823529411764706,0.7412447084817457,18.0,14.824894169634915,1.8888888888888888,1,False,2,0.0,True,False,1.1242110012990643,False,True,False
B2,48.0,5,34.30000000000022,12,1.5,2.1999999999999176,0.6000000000000085,1.8400792313073853,False,True,1.9550841832640968,0.3664181883210209,17.0,2.597406089372216,0.2999999999999545,2.597406089372216,16.0,1.0199989860951435,1.875,1.0199989860951435,16.0,20.39997972190287,1.875,1,False,2,-1.0,False,False,1.385283247665182,False,True,False
B2,48.0,5,36.500000000000135,14,1.5,1.7000000000000242,2.1999999999999176,1.417597574305935,False,True,1.512104079259664,0.1814685677005632,16.0,2.4382423279915786,0.24999999999991473,2.4382423279915786,15.0,1.021328558038669,1.8666666666666667,1.021328558038669,15.0,20.42657116077338,1.8666666666666667,0,False,2,-1.0,False,True,1.3062012471383457,False,True,False
B2,48.0,5,38.600000000000165,6,0.6,0.10000000000000142,0.4000000000000057,1.1773425280995204,True,False,1.2558320299728218,0.2583752438440085,16.0,2.149665432858304,0.5999999999997456,,,,,0.7503747923937301,18.0,15.007495847874601,1.8888888888888888,4,True,3,2.0,True,False,1.1380581703367492,False,True,False
B2,48.0,5,45.90000000000038,5,0.6999999999997826,0.6999999999997826,1.4000000000002473,1.247376486383946,False,False,1.3040754175832163,0.2510638161381722,23.0,2.278285807154436,0.2999999999991303,2.278285807154436,22.0,0.6506769049576606,1.9090909090909092,0.6506769049576606,22.0,13.013538099153212,1.9090909090909092,0,False,2,-1.0,False,True,1.1933878037475616,False,True,False
B2,48.0,5,46.70000000000029,24,1.5,3.2000000000000384,0.10000000000012221,2.200990449466364,False,True,2.3010354698966533,0.3636008017708662,23.0,2.35711412572224,0.3499999999991701,2.354138486493422,22.0,0.6723403795182481,1.9090909090909092,0.6731902200947015,22.0,13.46380440189403,1.9090909090909092,2,False,2,-1.0,False,False,1.2346788277592684,False,True,False
B2,48.0,5,49.900000000000325,19,0.6,0.19999999999988916,3.2000000000000384,1.336590346950178,True,False,1.400237506328758,0.1728961568592248,22.0,1.9580574497332064,0.3999999999989541,1.9535205022402096,21.0,0.5844919674737987,1.9047619047619047,0.5858494189893912,21.0,11.716988379787825,1.9047619047619047,1,False,3,-1.0,True,False,1.0279801611099335,False,True,False
B2,48.0,5,50.100000000000215,14,1.5,1.8000000000001393,0.19999999999988916,1.3298394704805032,False,True,1.3931651595510035,0.1655453357585971,22.0,1.9580574497332064,0.19999999999906493,1.9535205022402096,21.0,0.5844919674737987,1.9047619047619047,0.5858494189893912,21.0,11.716988379787825,1.9047619047619047,1,False,3,-1.0,True,False,1.0279801611099335,False,True,False
B2,48.0,5,51.900000000000354,10,0.6,0.10000000000014353,1.8000000000001393,1.3134337207367996,True,False,1.3825618113018945,0.1554305949650614,20.0,1.860569748149716,0.3499999999988148,1.5114454872875522,19.0,0.4998258988593704,1.894736842105263,0.6494613613642843,18.0,12.989227227285687,1.8888888888888888,1,False,3,-2.0,True,False,0.9850075137263203,True,False,False
B2,48.0,5,52.0000000000005,11,0.6,0.4999999999999858,0.10000000000014353,1.268527694261393,True,False,1.3352923097488347,0.1459550690119697,20.0,1.860569748149716,0.24999999999867129,1.5114454872875522,19.0,0.4998258988593704,1.894736842105263,0.6494613613642843,18.0,12.989227227285687,1.8888888888888888,2,False,3,-2.0,True,False,0.9850075137263203,True,False,False
B2,48.0,5,52.50000000000048,3,1.399999999999899,1.399999999999899,0.4999999999999858,1.6965004927458676,False,False,1.7962946393779775,0.2468737992663167,18.0,1.8421302415535368,0.39999999999864855,1.8410833508936368,17.0,0.680462815272227,1.8823529411764706,0.6808497451553155,17.0,13.61699490310631,1.8823529411764706,2,False,2,-1.0,False,False,0.9786316908253164,False,False,True
B2,48.0,5,55.70000000000032,13,0.6,0.3000000000002032,1.0000000000000355,1.116985289712857,True,False,1.1790400280302378,0.1505688993908181,19.0,1.9360421729945407,0.29999999999864,1.9360421729945407,18.0,0.6758062075244076,1.8888888888888888,0.6758062075244076,18.0,13.516124150488151,1.8888888888888888,1,False,3,-1.0,True,False,1.024963503350051,False,True,False
B2,48.0,5,56.000000000000526,25,1.5,1.8999999999997996,0.3000000000002032,1.8284842744948442,False,True,1.9360421729945407,0.2553659790733952,18.0,1.9330999690696595,0.04999999999842686,1.8008594895294656,17.0,0.6655961108768511,1.8823529411764706,0.6747791846093221,18.0,13.495583692186441,1.8888888888888888,1,False,2,0.0,True,False,1.0234058659780552,False,True,False
B2,48.0,5,59.40000000000036,24,0.6,0.4999999999999929,1.3000000000001464,1.1338568877601591,True,False,1.196848937080168,0.1483192703480192,19.0,2.1621060366323426,0.5999999999983672,2.1347942942891085,18.0,0.7451837857626744,1.8888888888888888,0.7149954148385591,19.0,14.299908296771182,1.894736842105263,1,True,2,0.0,True,False,1.1411115193337364,False,True,False
B2,48.0,5,62.40000000000062,2,1.2999999999997058,1.2999999999997058,1.9000000000001336,1.1286850271476623,False,False,1.1851192785050455,0.1061535598860617,21.0,1.898032533793467,0.2999999999979579,1.898032533793467,20.0,0.5962845064439977,1.9,0.5962845064439977,20.0,11.925690128879953,1.9,0,False,2,-1.0,False,True,0.9989644914702458,True,False,False
B2,48.0,5,64.2000000000004,19,1.300000000000182,1.300000000000182,0.19999999999987494,1.4927637538549718,False,False,1.56384774213378,0.2779683521471466,22.0,2.193406587046717,0.2999999999980787,2.193406587046717,21.0,0.6562657162096599,1.9047619047619047,0.6562657162096599,21.0,13.125314324193198,1.9047619047619047,2,False,2,-1.0,False,False,1.1515384581995265,False,True,False
B2,48.0,5,65.50000000000058,18,1.2999999999998977,1.2999999999998977,1.300000000000182,1.838134987539441,False,False,1.930041736916413,0.2433526223207885,21.0,1.888946245971164,0.04999999999783711,1.7005022858228327,20.0,0.5342285488553662,1.9,0.5651713951780026,21.0,11.303427903560053,1.9047619047619047,0,False,2,0.0,True,True,0.9916967791348611,True,False,False
B2,48.0,5,66.80000000000048,23,0.6,0.5999999999998806,1.2999999999998977,1.4774545851232233,True,False,1.5552153527612878,0.1551575365605086,20.0,1.7708298368178157,0.5499999999978371,1.756758948306359,19.0,0.5809495795923567,1.894736842105263,0.5856027374846802,19.0,11.712054749693603,1.894736842105263,1,True,2,-1.0,False,False,0.9346046360982917,False,False,True
B2,48.0,5,74.59999999999992,12,0.6,0.20000000000055707,1.0999999999993406,1.0815860626700575,True,False,1.1307490655186965,0.1317825379459823,23.0,1.8685158133279451,0.299999999997965,,,,,0.5104448306319505,23.0,10.208896612639009,1.9130434782608696,1,False,1,0.0,True,False,0.9767241751486986,False,False,True
B2,48.0,5,78.30000000000017,2,1.0999999999998238,1.0999999999998238,3.4999999999996874,1.0968885783807263,False,False,1.1467471501253048,0.0561115833484351,23.0,1.8567028274783892,0.44999999999750173,1.8514953926184647,22.0,0.5287858476005018,1.9090909090909092,0.5302730875186823,22.0,10.605461750373646,1.9090909090909092,0,False,2,-1.0,False,True,0.9725586239172515,False,False,True
B2,48.0,5,79.39999999999999,19,1.5,2.699999999999534,1.0999999999998238,1.659097250688542,False,True,1.7381018816737106,0.1653443176788259,22.0,1.8485161164479824,0.29999999999762395,1.8485161164479824,21.0,0.5530747287119349,1.9047619047619047,0.5530747287119349,21.0,11.061494574238697,1.9047619047619047,0,False,2,-1.0,False,True,0.9704709611351908,False,False,True
B2,48.0,5,82.09999999999953,24,0.6,0.39999999999983515,2.699999999999534,1.058543315024767,True,False,1.1114704807760052,0.0468652701167259,21.0,1.9804977219392623,0.5999999999979195,1.9123758409998528,20.0,0.6007905892987742,1.9,0.5925635327329246,21.0,11.851270654658492,1.9047619047619047,2,True,2,0.0,True,False,1.0397613040181128,False,True,False
B2,48.0,5,82.49999999999936,6,0.6,0.10000000000056275,0.39999999999983515,1.8123037530805264,True,False,1.907688161137396,0.2113479031081945,20.0,1.9804977219392623,0.19999999999808438,,,,,0.5925635327329246,21.0,11.851270654658492,1.9047619047619047,2,False,2,1.0,True,False,1.0397613040181128,False,True,False
B2,48.0,5,84.99999999999945,7,1.300000000000722,1.300000000000722,2.3999999999995225,1.1914995077707882,False,False,1.2542100081797771,0.1308908277928432,20.0,1.993545351523648,0.39999999999784563,1.9905457592763645,19.0,0.6582614667344151,1.894736842105263,0.6592534137836603,19.0,13.185068275673206,1.894736842105263,0,False,2,-1.0,False,True,1.0521489355263698,False,True,False
B2,48.0,5,86.39999999999985,18,1.000000000000142,1.000000000000142,0.09999999999968168,1.7169072285723246,False,False,1.8072707669182364,0.2602440635350425,20.0,1.7947017989531346,0.04999999999738236,1.7367104391869626,19.0,0.5743196586486805,1.894736842105263,0.5638221986975553,20.0,11.276443973951107,1.9,1,False,2,0.0,True,False,0.9445798941858604,False,False,True
B2,48.0,5,88.79999999999912,15,1.3000000000004093,1.3000000000004093,1.3999999999991246,1.1623012240589752,False,False,1.223474972693658,0.1299253400670247,20.0,2.134547256156967,0.299999999997965,2.134547256156967,19.0,0.7058818924929451,1.894736842105263,0.7058818924929451,19.0,14.117637849858902,1.894736842105263,0,False,2,-1.0,False,True,1.126566607416177,False,True,False
B2,48.0,5,91.49999999999896,3,0.8999999999998352,0.8999999999998352,0.9999999999996021,1.1806978800804064,False,False,1.2397327740844268,0.1910877439466005,21.0,2.1369540454125104,0.2999999999979508,2.1369540454125104,20.0,0.6713439130126932,1.9,0.6713439130126932,20.0,13.426878260253865,1.9,1,False,2,-1.0,False,False,1.1247126554802687,False,True,False
B2,48.0,5,92.3999999999988,10,0.600000000000648,0.600000000000648,0.8999999999998352,1.9121041857195724,False,False,2.0127412481258657,0.2559081021533252,20.0,2.015125671548305,0.34999999999807585,2.012691702773708,19.0,0.6655849965657907,1.894736842105263,0.6663898953469847,19.0,13.327797906939693,1.894736842105263,1,False,2,-1.0,False,False,1.0635385488727165,False,True,False
B2,48.0,5,93.4999999999993,12,0.6,0.5999999999994969,0.4999999999998579,1.7967200716729335,True,False,1.8912842859715089,0.3178981066743682,20.0,2.7031544230202837,0.2499999999975131,2.7031544230202837,19.0,0.8939168501978187,1.894736842105263,0.8939168501978187,19.0,17.878337003956375,1.894736842105263,2,False,2,-1.0,False,False,1.4266648343718165,False,True,False
B2,48.0,5,94.0999999999988,16,0.6,0.30000000000103455,0.5999999999994969,2.3892536234455015,True,False,2.5219899358591404,0.3914885487708665,19.0,2.512605593304254,0.04999999999799343,2.2435678258798566,18.0,0.7831529110682869,1.8888888888888888,0.8309035024519229,19.0,16.618070049038458,1.894736842105263,2,False,2,0.0,True,False,1.326097396466134,False,True,False
B2,48.0,5,94.99999999999876,5,0.6,0.5000000000007532,0.5999999999989285,1.7850192209880837,True,False,1.884186955487422,0.3474645494502867,19.0,1.8666491218273011,0.049999999997979216,1.61036040771846,18.0,0.5621218251689086,1.8888888888888888,0.6172895966276304,19.0,12.345791932552608,1.894736842105263,3,False,2,0.0,True,False,0.9851759254088535,True,False,False
B2,48.0,5,95.49999999999952,19,0.6,0.5999999999997669,0.5000000000007532,1.4391531671560382,True,False,1.5238092358122757,0.2585757682250353,18.0,1.7769319327210795,0.49999999999715783,1.765116093046085,17.0,0.6523853824290233,1.8823529411764706,0.6567525065606654,17.0,13.135050131213308,1.8823529411764706,2,False,2,-1.0,False,False,0.9439950892580735,False,False,True
B2,48.0,5,96.09999999999928,7,0.6999999999998323,0.6999999999998323,0.5999999999997669,1.6724065249139572,False,False,1.7769319327210795,0.2662700487268415,17.0,1.7653464137310726,0.04999999999739657,1.6499605092178806,16.0,0.647937976809021,1.875,0.6524705087551324,17.0,13.049410175102647,1.8823529411764706,1,False,2,0.0,True,False,0.9378402822946323,False,False,True
B2,48.0,5,98.69999999999855,22,0.7999999999999687,0.7999999999999687,1.8999999999994373,1.3000139545766494,False,False,1.38126482673769,0.1636583367174214,17.0,2.0506228109752453,0.299999999997965,2.049634515666206,16.0,0.8048895921201282,1.875,0.8052776947804352,16.0,16.105553895608704,1.875,0,False,2,-1.0,False,True,1.0936654991867976,False,True,False
B2,48.0,5,99.49999999999852,9,0.6000000000008612,0.6000000000008612,0.7999999999999687,1.8737897109987034,False,False,1.9987090250652837,0.277753344550006,16.0,2.105721583203164,0.09999999999796216,,,,,0.7782728772113563,17.0,15.565457544227126,1.8823529411764706,2,False,2,1.0,True,False,1.1186645910766808,False,True,False
B2,48.0,5,100.09999999999938,2,0.6,0.2999999999994145,0.6000000000004206,1.7307904044440712,True,False,1.8461764314070093,0.3648009384812443,16.0,1.8328760583692592,0.04999999999705551,1.6775215700038493,15.0,0.7026785920750012,1.8666666666666667,0.7197687449891852,16.0,14.395374899783704,1.875,3,False,2,0.0,True,False,0.9775338977969382,False,False,True
B2,48.0,5,101.6999999999985,4,0.6,0.4000000000003041,0.19999999999919282,1.3435326083494603,True,False,1.4275033963713015,0.2920027316785524,17.0,2.0904658625171786,0.49999999999783995,1.959536947081067,16.0,0.7695083596734564,1.875,0.7726343760310845,17.0,15.45268752062169,1.8823529411764706,2,False,2,0.0,True,False,1.110559989462251,False,True,False
B2,48.0,5,103.19999999999877,5,0.6,0.30000000000075033,0.20000000000000284,1.6639506089822962,True,False,1.76183005656949,0.3378156889449282,18.0,1.7778826721479113,0.39999999999749036,1.7086833924044666,17.0,0.6315279050457363,1.8823529411764706,0.6205981268627188,18.0,12.411962537254375,1.8888888888888888,2,False,2,0.0,True,False,0.9412320029018354,False,False,True
B2,48.0,5,104.0999999999995,19,1.5,2.5999999999990564,0.5999999999999801,1.5578105854472282,False,True,1.6494465022382416,0.2420025697912648,18.0,1.63583298873767,0.04999999999674287,,,,,0.5710134333242332,18.0,11.420268666484663,1.8888888888888888,3,False,2,0.0,True,False,0.8660292293317077,False,False,True
B2,48.0,5,107.19999999999808,17,0.6,0.3000000000004377,0.49999999999953104,1.146823988271693,True,False,1.2105364320645648,0.177121681848595,19.0,2.251620034338701,0.3999999999979593,2.142761994634475,18.0,0.7479650378594531,1.8888888888888888,0.7445971535320064,19.0,14.891943070640128,1.894736842105263,2,False,2,0.0,True,False,1.1883550181232034,False,True,False
B2,48.0,5,109.49999999999828,6,0.6,0.200000000000216,1.3999999999988972,1.363795477308568,True,False,1.435574186640598,0.1671061244341415,20.0,1.873693451973415,0.249999999997641,1.873693451973415,19.0,0.6196191140841032,1.894736842105263,0.6196191140841032,19.0,12.392382281682064,1.894736842105263,1,False,2,-1.0,False,False,0.9888937663193024,True,False,False
B2,48.0,5,111.49999999999828,9,0.6,0.20000000000089813,0.299999999999514,1.1918228926938959,True,False,1.2514140373285907,0.2050937675554461,21.0,2.185747915795997,0.3999999999975188,2.185041558450562,20.0,0.6864510507816677,1.9,0.6866729594863905,20.0,13.73345918972781,1.9,2,False,3,-1.0,True,False,1.15039363989263,False,True,False
B2,48.0,5,111.69999999999918,2,0.6,0.4000000000003183,0.20000000000089813,1.1778037014212415,True,False,1.2366938864923036,0.2089170300378809,21.0,2.185747915795997,0.19999999999662066,2.185041558450562,20.0,0.6864510507816677,1.9,0.6866729594863905,20.0,13.73345918972781,1.9,3,False,3,-1.0,True,False,1.15039363989263,False,True,False
B2,48.0,5,116.09999999999847,12,0.6,0.5999999999990848,0.9000000000003894,1.1011764159241906,True,False,1.1562352367204,0.1417846827473399,21.0,2.1081732764891394,0.2999999999970413,2.1081732764891394,20.0,0.6623021677912604,1.9,0.6623021677912604,20.0,13.246043355825208,1.9,2,False,2,-1.0,False,False,1.1095648823627051,False,True,False
B2,48.0,5,116.69999999999756,11,0.8000000000007219,0.8000000000007219,0.5999999999990848,1.9852965463607066,False,False,2.089785838274428,0.26796490491937,20.0,2.082405117210657,0.049999999997965006,1.9261468502405137,19.0,0.6369651362579702,1.894736842105263,0.6542068618026793,20.0,13.084137236053586,1.9,1,False,2,0.0,True,False,1.0960026932687668,False,True,False
B2,48.0,5,117.79999999999758,8,1.5,1.7000000000006992,0.2999999999993008,1.6626374034170872,False,True,1.7501446351758811,0.3003008849933044,20.0,1.8351794685464216,0.49999999999783995,1.829477081852606,19.0,0.6049970273956884,1.894736842105263,0.6068827722530798,19.0,12.137655445061597,1.894736842105263,1,False,2,-1.0,False,False,0.9685669417328336,False,False,True
B2,48.0,5,122.39999999999756,10,1.5,1.7000000000009123,2.699999999998383,1.15584087673598,False,True,1.213632920572779,0.105334806721895,21.0,1.9994493787856644,0.2999999999975955,1.9994493787856644,20.0,0.6281455479617719,1.9,0.6281455479617719,20.0,12.562910959235438,1.9,0,False,2,-1.0,False,True,1.0523417783082445,False,True,False
B2,48.0,5,125.79999999999748,22,1.5,4.600000000000051,1.0999999999999233,1.1684484141048488,False,True,1.2240888147765083,0.1555417329423968,22.0,2.1850902594918886,0.2499999999974989,,,,,0.6240603187863938,22.0,12.481206375727876,1.9090909090909092,1,False,2,0.0,True,False,1.1445710883052749,False,True,False
B2,48.0,5,130.49999999999756,6,1.5,2.399999999999636,0.10000000000002274,1.109565839192382,False,True,1.1600006500647628,0.1758827968011888,23.0,1.9918788814147848,0.2999999999979366,1.991853721975036,22.0,0.5688720927256599,1.9090909090909092,0.5688792782448493,22.0,11.377585564896986,1.9090909090909092,1,False,2,-1.0,False,False,1.0433651283601253,False,True,False
B2,48.0,5,132.8999999999972,8,0.9000000000002615,0.9000000000002615,2.399999999999636,1.1428114358474692,False,False,1.1972310280306822,0.1091190659795481,22.0,2.099051867616903,0.2499999999988347,2.099051867616903,21.0,0.6280348501723045,1.9047619047619047,0.6280348501723045,21.0,12.56069700344609,1.9047619047619047,0,False,2,-1.0,False,True,1.1020022304988741,False,True,False
B2,48.0,5,134.19999999999703,24,1.5,3.10000000000025,0.39999999999957936,1.5710711598857114,False,True,1.6458840722612214,0.2098408342486712,22.0,2.022178798786747,0.39999999999932356,2.0188257998936208,21.0,0.6040312668403178,1.9047619047619047,0.6050344817631883,21.0,12.100689635263766,1.9047619047619047,1,False,2,-1.0,False,False,1.0616438693630421,False,True,False
B2,48.0,5,137.29999999999728,9,1.2000000000002728,1.2000000000002728,3.10000000000025,1.1910628283262576,False,False,1.2506159697425705,0.0894840117690736,21.0,1.7741708304162072,0.2499999999997442,1.7741708304162072,20.0,0.5573722047048859,1.9,0.5573722047048859,20.0,11.147444094097718,1.9,0,False,2,-1.0,False,True,0.933774121271688,False,False,True
B2,48.0,5,139.39999999999682,4,0.6,0.5000000000002842,0.8999999999992667,1.204662469529924,True,False,1.2648955930064203,0.1519123745013184,21.0,1.4449580234881347,0.5500000000007503,1.3508559131597195,20.0,0.4243839012840906,1.9,0.4539469511335952,20.0,9.078939022671904,1.9,2,True,2,-1.0,False,False,0.760504222888492,False,False,True
B2,48.0,5,139.8999999999971,22,0.6,0.10000000000002274,0.5000000000002842,1.347378554716281,True,False,1.418293215490822,0.1211358666724091,20.0,1.9449590852412395,0.2500000000005116,1.9449590852412395,19.0,0.6431862288133265,1.894736842105263,0.6431862288133265,19.0,12.86372457626653,1.894736842105263,3,False,3,-1.0,True,False,1.0265061838773208,False,True,False
B2,48.0,5,139.99999999999713,5,0.6,0.49999999999982947,0.10000000000002274,1.3727101223137281,True,False,1.4449580234881347,0.1250043955568459,20.0,1.9449590852412395,0.15000000000048885,1.9449590852412395,19.0,0.6431862288133265,1.894736842105263,0.6431862288133265,19.0,12.86372457626653,1.894736842105263,3,False,3,-1.0,True,False,1.0265061838773208,False,True,False
B2,48.0,5,140.49999999999696,10,0.6,0.40000000000023306,0.49999999999982947,1.7199918451505234,True,False,1.8211678360417307,0.265694261434795,18.0,2.370825953980245,0.4500000000008413,2.2639546806908664,17.0,0.8367556932845472,1.8823529411764706,0.8275743777738169,18.0,16.55148755547634,1.8888888888888888,3,False,2,0.0,True,False,1.2551431521071885,False,True,False
B2,48.0,5,141.1999999999966,3,1.0000000000004263,1.0000000000004263,0.2999999999994145,2.1886937288975328,False,False,2.317440418832682,0.413432296190707,18.0,2.298484003793941,1.2505552149377763e-12,2.049230854457293,17.0,0.7573939526908902,1.8823529411764706,0.8023222734125222,18.0,16.046445468250443,1.8888888888888888,2,False,2,0.0,True,False,1.2168444725967922,False,True,False
B2,48.0,5,144.69999999999575,13,0.6000000000015291,0.6000000000015291,2.499999999998721,1.0760892803533038,False,False,1.139388649785851,0.1032812980692399,18.0,1.6930850419671886,0.40000000000298996,1.6904895460537674,17.0,0.62480347515916,1.8823529411764706,0.625762768205516,17.0,12.51525536411032,1.8823529411764706,0,False,2,-1.0,False,True,0.899451428545069,False,False,True
B2,48.0,5,148.19999999999587,21,0.6,0.3000000000010914,0.19999999999873808,1.1982655023831268,True,False,1.258178777502283,0.2797528127158301,21.0,1.7751632303872713,0.3500000000036607,1.6929254239840106,20.0,0.5318482075063553,1.9,0.5311275965245121,21.0,10.622551930490243,1.9047619047619047,4,False,2,0.0,True,False,0.9319606959533175,False,False,True
B2,48.0,5,148.79999999999697,6,0.6,0.19999999999976126,0.30000000000001137,1.6761939868832259,True,False,1.7600036862273871,0.3557410431705881,21.0,1.7539089237072274,2.6432189770275727e-12,1.6293347247931458,20.0,0.5118706001648894,1.9,0.5247683228365911,21.0,10.495366456731823,1.9047619047619047,6,False,2,0.0,True,False,0.9208021849462944,False,False,True
B2,48.0,5,148.99999999999673,7,0.6,0.19999999999987494,0.19999999999976126,1.648251595049123,True,False,1.7306641748015792,0.3392414820690388,21.0,1.7213028516056623,2.8990143619012088e-12,1.6293347247931458,20.0,0.5118706001648894,1.9,0.5150126088769058,21.0,10.300252177538116,1.9047619047619047,5,False,2,0.0,True,False,0.9036839970929728,False,False,True
B2,48.0,5,153.39999999999523,14,0.6,0.30000000000066507,0.699999999999477,1.1610868883463132,True,False,1.2191412327636288,0.1655422587441031,21.0,2.8306409876903222,0.5500000000055252,1.9599943110368152,20.0,0.6157503728631046,1.9,0.9360758875661128,19.0,18.721517751322256,1.894736842105263,2,True,3,-2.0,True,False,1.4939494101698925,False,True,False
B2,48.0,6,20.700000000000024,19,1.5,1.8000000000000256,0.8000000000000504,1.8889136127956858,False,True,1.9938532579510015,0.2729752439286543,19.0,1.9670105931132773,1.3500311979441904e-13,1.8876883727341116,18.0,0.6589275471164839,1.8888888888888888,0.650478529353471,19.0,13.009570587069419,1.894736842105263,1,False,2,0.0,True,False,1.0381444796986743,False,True,False
B2,48.0,6,22.50000000000005,5,0.7999999999999119,0.7999999999999119,1.8000000000000256,1.3595732390908566,False,False,1.4395481355079658,0.1575549092317723,18.0,1.9317108502534432,0.25000000000013856,1.931121596259371,17.0,0.7137408729408277,1.8823529411764706,0.7139586607077542,17.0,14.279173214155083,1.8823529411764706,0,False,2,-1.0,False,True,1.0262213891971417,False,True,False
B2,48.0,6,23.800000000000068,3,0.6,0.4999999999998934,0.3000000000001073,1.9146394988683835,True,False,2.0154099988088245,0.3559094573547065,20.0,2.1091757754069453,0.4500000000001414,2.0780506114925674,19.0,0.6871987931424028,1.894736842105263,0.697491696962949,19.0,13.94983393925898,1.894736842105263,4,False,2,-1.0,False,False,1.113176103686999,False,True,False
B2,48.0,6,24.70000000000008,18,1.5,2.499999999999922,0.40000000000011937,1.4562309674570453,False,True,1.5328747025863636,0.2542892416151012,20.0,1.8068755417454927,0.5000000000001421,1.7833280703651249,19.0,0.5897358278736355,1.894736842105263,0.5975228345156545,19.0,11.95045669031309,1.894736842105263,2,False,2,-1.0,False,False,0.9536287581434545,False,False,True
B2,48.0,6,27.60000000000012,15,1.0999999999999055,1.0999999999999055,0.4000000000001158,1.1976022525300551,False,False,1.260633950031637,0.1760592228617629,20.0,2.072744291106728,0.45000000000014495,2.051852544428128,19.0,0.6785352505078874,1.894736842105263,0.6854440250222189,19.0,13.708880500444378,1.894736842105263,1,False,2,-1.0,False,False,1.0939483758618844,False,True,False
B2,48.0,6,34.900000000000226,6,0.6999999999998963,0.6999999999998963,2.200000000000145,1.082706856301622,False,False,1.1319208043153322,0.0910333331563412,23.0,1.85969495418348,0.34999999999990905,1.8596084902357612,22.0,0.531102942861625,1.9090909090909092,0.5311276369073479,22.0,10.622552738146958,1.9090909090909092,0,False,2,-1.0,False,True,0.9741259283818228,False,False,True
B2,48.0,6,36.20000000000013,3,1.0000000000000213,1.0000000000000213,0.6000000000000085,1.6542731797313694,False,False,1.7294674151737044,0.2107106250554771,23.0,1.857729432445167,0.34999999999993037,1.85555750900442,22.0,0.5299459853274238,1.9090909090909092,0.5305662852115702,22.0,10.611325704231405,1.9090909090909092,1,False,2,-1.0,False,False,0.9730963693760398,False,False,True
B2,48.0,6,37.20000000000015,2,0.6,0.30000000000009663,1.0000000000000213,1.6691515379275281,True,False,1.7486349444955058,0.2058428709003738,22.0,2.552889737348009,0.2499999999998579,2.552889737348009,21.0,0.763822823264503,1.9047619047619047,0.763822823264503,21.0,15.27645646529006,1.9047619047619047,1,False,3,-1.0,True,False,1.3402671121077048,False,True,False
B2,48.0,6,37.50000000000025,7,1.5,2.0000000000000426,0.30000000000009663,2.417760807850957,False,True,2.538648848243505,0.3591868923366678,21.0,2.514677913972071,0.04999999999974847,2.3168928702948275,20.0,0.7278733620472799,1.9,0.7523898724456348,21.0,15.047797448912696,1.9047619047619047,1,False,2,0.0,True,False,1.3202059048353374,False,True,False
B2,48.0,6,39.50000000000029,23,1.5,3.3999999999999417,2.0000000000000426,1.6492581784677316,False,True,1.736061240492349,0.2110459043752114,20.0,1.8077620865516335,0.5499999999995708,1.7710761283261365,19.0,0.585684184599752,1.894736842105263,0.5978160095314493,19.0,11.956320190628986,1.894736842105263,0,False,2,-1.0,False,True,0.95409665679114,False,False,True
B2,48.0,6,49.000000000000455,22,1.29999999999999,1.29999999999999,1.5000000000001634,1.0622740059609688,False,False,1.1084598323070978,0.1155191067607263,24.0,2.091323878702453,0.24999999999888445,2.091323878702453,23.0,0.571311976835525,1.9130434782608696,0.571311976835525,23.0,11.4262395367105,1.9130434782608696,0,False,2,-1.0,False,True,1.093192027503555,False,True,False
B2,48.0,6,50.300000000000445,9,0.6,0.4000000000000057,1.29999999999999,1.666491375513331,True,False,1.7422409834912096,0.1692481691394595,23.0,1.892498773476912,0.3499999999988148,1.8920359671062528,22.0,0.5403642085989695,1.9090909090909092,0.5404963857893419,22.0,10.809927715786838,1.9090909090909092,1,False,2,-1.0,False,False,0.9913088813450491,True,False,False
B2,48.0,6,50.70000000000045,24,0.6,0.4000000000000057,0.4000000000000057,1.8060346961525402,True,False,1.89203634835028,0.2288620657610163,22.0,1.890440112625797,0.04999999999879634,1.7788695085902202,21.0,0.5322365123697068,1.9047619047619047,0.5399084336251514,22.0,10.798168672503028,1.9090909090909092,2,False,2,0.0,True,False,0.9902305351849413,True,False,False
B2,48.0,6,51.100000000000456,12,1.5,3.2000000000000455,0.4000000000000057,1.695691077944084,False,True,1.7804756318412882,0.265928579418397,21.0,1.795070577196524,0.1999999999987665,1.7083101079062455,20.0,0.5366814485051448,1.9,0.5370838607615038,21.0,10.741677215230077,1.9047619047619047,2,False,2,0.0,True,False,0.9424120530281752,False,False,True
B2,48.0,6,54.3000000000005,16,1.5,1.5999999999999162,3.2000000000000455,1.1463734760777111,False,True,1.2067089221870644,0.093374977750827,20.0,1.7659677785712533,0.4499999999985249,1.7607102485609154,19.0,0.5822562507346558,1.894736842105263,0.5839948841721827,19.0,11.679897683443654,1.894736842105263,0,False,2,-1.0,False,True,0.9320385498014948,False,False,True
B2,48.0,6,55.90000000000042,8,1.100000000000037,1.100000000000037,1.5999999999999162,1.4026285061191162,False,False,1.4805523120146225,0.1282409355961663,19.0,1.8026870579129224,0.39999999999852065,1.7992536199417728,18.0,0.6280579949282128,1.8888888888888888,0.629256490873404,18.0,12.58512981746808,1.8888888888888888,0,False,2,-1.0,False,True,0.9543637365421354,False,False,True
B2,48.0,6,57.80000000000055,14,0.6,0.4999999999998934,0.8000000000000966,1.3858364829864829,True,False,1.462827398707954,0.1889483860650426,19.0,1.9696848090735557,0.5999999999982677,1.8857626386752533,18.0,0.6582553391195867,1.8888888888888888,0.6513628764287258,19.0,13.027257528574516,1.894736842105263,2,True,2,0.0,True,False,1.0395558714554878,False,True,False
B2,48.0,6,60.90000000000048,9,1.40000000000002,1.40000000000002,1.8000000000000256,1.1481304911357941,False,False,1.205537015692584,0.123369252022689,21.0,1.8472566209007368,0.5999999999981611,1.8162482805325293,20.0,0.5705912255216088,1.9,0.580332782951686,20.0,11.60665565903372,1.9,0,False,2,-1.0,False,True,0.9722403267898615,False,False,True
B2,48.0,6,66.10000000000052,21,1.5,2.7999999999999687,0.29999999999996874,1.080705894152215,False,True,1.129828889340952,0.1937301055390519,23.0,2.133728014565082,0.2999999999978513,2.133728014565082,22.0,0.6093912959378542,1.9090909090909092,0.6093912959378542,22.0,12.187825918757085,1.9090909090909092,1,False,2,-1.0,False,False,1.1176670552483763,False,True,False
B2,48.0,6,70.50000000000016,24,1.5,2.899999999999906,1.5999999999996675,1.143453337826236,False,True,1.1954284895456104,0.1318951979752921,23.0,2.2593501901104296,0.34999999999796216,2.258991795442382,22.0,0.6451665480983095,1.9090909090909092,0.645268905376148,22.0,12.90537810752296,1.9090909090909092,0,False,2,-1.0,False,True,1.183469147200701,False,True,False
B2,48.0,6,73.40000000000006,10,0.6,0.4000000000000341,2.899999999999906,1.209061940775844,True,False,1.2666363189080272,0.1197616242567567,22.0,1.6950369740017814,0.29999999999789395,1.6946463815391797,21.0,0.5070370116834297,1.9047619047619047,0.507153876674959,21.0,10.14307753349918,1.9047619047619047,1,False,2,-1.0,False,False,0.8898944113509353,False,False,True
B2,48.0,6,73.8000000000001,14,0.6,0.3000000000004235,0.4000000000000341,1.6131055179594145,True,False,1.693760793857385,0.185064635036108,21.0,1.7089154203180228,0.3999999999978314,1.6264345003858678,20.0,0.5109594677957228,1.9,0.5113062981026109,21.0,10.226125962052217,1.9047619047619047,2,False,2,0.0,True,False,0.8971805956669621,False,False,True
B2,48.0,6,74.9999999999999,11,1.5,3.500000000000256,0.8999999999993804,1.4477175503132365,False,True,1.5201034278288983,0.2013134062186437,21.0,2.2631030057034587,0.24999999999796785,2.2631030057034587,20.0,0.7109747777034965,1.9,0.7109747777034965,20.0,14.21949555406993,1.9,1,False,2,-1.0,False,False,1.1911068451070836,False,True,False
B2,48.0,6,78.99999999999967,16,1.5,1.599999999999909,0.49999999999951683,1.067644810413264,False,True,1.1210270509339273,0.1832319166337242,21.0,1.920750619505812,0.299999999997965,1.920750619505812,20.0,0.6034216035617503,1.9,0.6034216035617503,20.0,12.068432071235007,1.9,1,False,2,-1.0,False,False,1.0109213786872695,True,False,False
B2,48.0,6,80.59999999999958,12,0.8000000000004803,0.8000000000004803,1.599999999999909,1.4451671240008686,False,False,1.5212285515798616,0.1438999185162483,20.0,1.7639900138909854,0.299999999997965,1.7639900138909854,19.0,0.5833408493311238,1.894736842105263,0.5833408493311238,19.0,11.666816986622477,1.894736842105263,0,False,2,-1.0,False,True,0.9309947295535757,False,False,True
B2,48.0,6,82.59999999999947,18,0.6,0.29999999999999716,0.7999999999993719,1.2695959759911448,True,False,1.333075774790702,0.1892172013355021,21.0,2.191152680238325,0.49999999999795364,2.117416306112613,20.0,0.665205951187462,1.9,0.6555913488695531,21.0,13.111826977391061,1.9047619047619047,3,False,2,0.0,True,False,1.1503551571251207,False,True,False
B2,48.0,6,82.89999999999947,17,0.6,0.10000000000043485,0.29999999999999716,2.007714892334718,True,False,2.11338409719444,0.2867079553351251,20.0,2.191152680238325,0.19999999999795648,,,,,0.6555913488695531,21.0,13.111826977391061,1.9047619047619047,2,False,2,1.0,True,False,1.1503551571251207,False,True,False
B2,48.0,6,83.59999999999941,15,1.5,2.699999999999733,0.5999999999995111,1.8602404919641817,False,True,1.958147886278086,0.3357239086641462,20.0,1.9413425108660312,0.049999999997979216,1.7558916674294551,19.0,0.5806627750416746,1.894736842105263,0.6098907370238287,20.0,12.197814740476574,1.9,3,False,2,0.0,True,False,1.0217592162452795,False,True,False
B2,48.0,6,86.29999999999914,8,0.6,0.3000000000006793,2.699999999999733,1.1493416992618617,True,False,1.2131940158875207,0.1036285531161855,19.0,1.972047645612062,0.5999999999980616,1.625678796582125,18.0,0.5674689516043445,1.8888888888888888,0.7288671054098708,17.0,14.577342108197415,1.8823529411764706,2,True,3,-2.0,True,False,1.047650311731408,False,True,False
B2,48.0,6,86.59999999999982,14,0.6,0.1999999999999318,0.3000000000006793,1.5372061537995871,True,False,1.627630045199563,0.1667905933005082,18.0,1.972047645612062,0.29999999999738236,1.972047645612062,17.0,0.7288671054098708,1.8823529411764706,0.7288671054098708,17.0,14.577342108197415,1.8823529411764706,3,False,3,-1.0,True,False,1.047650311731408,False,True,False
B2,48.0,6,86.79999999999976,10,0.6,0.19999999999991758,0.1999999999999318,1.5373559932678067,True,False,1.6277886987541483,0.1629487666825238,18.0,1.972047645612062,0.09999999999745057,1.972047645612062,17.0,0.7288671054098708,1.8823529411764706,0.7288671054098708,17.0,14.577342108197415,1.8823529411764706,3,False,3,-1.0,True,False,1.047650311731408,False,True,False
B2,48.0,6,89.09999999999899,3,1.5,1.5000000000004974,0.49999999999940314,1.0992728328944295,False,True,1.1639359407117489,0.1202711034986791,18.0,1.8373533144335044,0.2999999999980787,1.8373533144335044,17.0,0.6790841970203711,1.8823529411764706,0.6790841970203711,17.0,13.581683940407423,1.8823529411764706,1,False,2,-1.0,False,False,0.9760939482927992,False,False,True
B2,48.0,6,90.89999999999944,11,0.6,0.1999999999995623,0.2999999999999545,1.4086841635641174,True,False,1.4915479378914185,0.2164146420514844,18.0,3.027505116953154,0.5999999999975074,3.023935094586981,17.0,1.1176437974219784,1.8823529411764706,1.1189632746030045,17.0,22.37926549206009,1.8823529411764706,3,True,3,-1.0,True,False,1.6083620933813632,False,True,False
B2,48.0,6,91.099999999999,6,0.6,0.5000000000000995,0.19999999999951967,1.4058268676667192,True,False,1.4839283603148703,0.304150346103745,19.0,3.194059215435018,0.5999999999979195,2.027144507825488,18.0,0.7076069215054943,1.8888888888888888,1.114936996260159,18.0,22.29873992520318,1.8888888888888888,6,True,3,-1.0,True,False,1.690972525818539,False,True,False
B2,48.0,6,91.5999999999991,4,1.5,2.199999999999747,0.5000000000000995,2.847231636376555,False,True,3.0251836136500896,0.5524972508248253,17.0,3.194059215435018,0.09999999999782005,2.8049091374158728,16.0,1.1014852425115738,1.875,1.114936996260159,18.0,22.29873992520318,1.8888888888888888,6,False,3,1.0,True,False,1.690972525818539,False,True,False
B2,48.0,6,91.5999999999994,16,1.5,2.1999999999994486,0.5000000000003979,2.847231636376555,False,True,3.0251836136500896,0.5524972508248253,17.0,3.194059215435018,0.09999999999752163,2.8049091374158728,16.0,1.1014852425115738,1.875,1.114936996260159,18.0,22.29873992520318,1.8888888888888888,5,False,3,1.0,True,False,1.690972525818539,False,True,False
B2,48.0,6,93.79999999999885,19,0.6,0.5000000000002984,2.1999999999994486,1.7223687946719886,True,False,1.8371933809834544,0.2939120769546293,16.0,1.8171026728734896,0.5999999999979337,1.682421764555897,15.0,0.7047311807691177,1.8666666666666667,0.7135745509897164,16.0,14.271491019794329,1.875,1,True,2,0.0,True,False,0.9691214255325278,False,False,True
B2,48.0,6,95.39999999999864,2,1.5,1.7000000000003581,0.5999999999988859,1.652510381032453,False,True,1.749716874034362,0.3718266813998045,18.0,2.030695880829377,0.2999999999980645,2.030695880829377,17.0,0.7505434424574853,1.8823529411764706,0.7505434424574853,17.0,15.010868849149706,1.8823529411764706,2,False,2,-1.0,False,False,1.0788071866906066,False,True,False
B2,48.0,6,97.29999999999876,25,1.5,1.6000000000006764,0.19999999999976126,1.218789792607984,False,True,1.2904833098202184,0.207372547612296,18.0,1.838105279740052,0.2999999999978371,1.838105279740052,17.0,0.6793621227477598,1.8823529411764706,0.6793621227477598,17.0,13.587242454955195,1.8823529411764706,1,False,2,-1.0,False,False,0.9764934298619026,False,False,True
B2,48.0,6,100.39999999999844,7,0.6,0.09999999999999432,0.799999999999045,1.3640803070434866,True,False,1.432284322395661,0.286151275267226,21.0,2.7541024833949552,0.5999999999979622,2.306560570693172,20.0,0.724627374394955,1.9,0.9107650662175786,19.0,18.21530132435157,1.894736842105263,3,True,3,-2.0,True,False,1.4535540884584486,False,True,False
B2,48.0,6,100.49999999999844,5,1.3000000000004093,1.3000000000004093,0.09999999999999432,1.3426088297419827,False,False,1.409739271229082,0.2675053688252858,21.0,2.7541024833949552,0.49999999999796785,2.306560570693172,20.0,0.724627374394955,1.9,0.9107650662175786,19.0,18.21530132435157,1.894736842105263,3,False,3,-2.0,True,False,1.4535540884584486,False,True,False
B2,48.0,6,102.6999999999993,10,0.6999999999993349,0.6999999999993349,0.9000000000004604,1.8802433215847205,False,False,1.9792034964049692,0.3087344284343149,20.0,1.9408247672452872,0.04999999999699867,1.7920625502095753,19.0,0.5926242676328202,1.894736842105263,0.6097280830682914,20.0,12.194561661365828,1.9,1,False,2,0.0,True,False,1.0214867196027828,False,True,False
B2,48.0,6,106.19999999999816,22,1.5,2.200000000000287,0.8999999999993946,1.2976994560314083,False,True,1.3625844288329787,0.2077775531055717,21.0,1.9366488996704248,0.2999999999979224,1.9366488996704248,20.0,0.6084161955787364,1.9,0.6084161955787364,20.0,12.168323911574728,1.9,1,False,2,-1.0,False,False,1.0192888945633816,True,False,False
B2,48.0,6,108.59999999999856,25,1.5,2.1000000000007475,0.10000000000012221,1.3044651378081158,False,True,1.366582525322788,0.2864351212873916,22.0,2.0231919265610605,0.5499999999973824,1.999299700366011,21.0,0.598189071523251,1.9047619047619047,0.6053376088844198,21.0,12.106752177688396,1.9047619047619047,2,False,2,-1.0,False,False,1.0621757614445568,False,True,False
B2,48.0,6,110.99999999999832,17,1.5,2.4999999999998437,0.2999999999990166,1.3076530857778468,False,True,1.3699222803386966,0.2059019947356883,22.0,1.8342591883281287,0.29999999999749605,1.8342591883281287,21.0,0.5488090657934501,1.9047619047619047,0.5488090657934501,21.0,10.976181315869002,1.9047619047619047,1,False,2,-1.0,False,False,0.9629860738722676,False,False,True
B2,48.0,6,113.49999999999817,24,0.6999999999999886,0.6999999999999886,2.4999999999998437,1.0466688433563396,False,False,1.0990022855241566,0.0706699786749481,21.0,1.7605729547671936,0.29999999999751026,1.7605729547671936,20.0,0.553100306080549,1.9,0.553100306080549,20.0,11.062006121610981,1.9,0,False,2,-1.0,False,True,0.9266173446143124,False,False,True
B2,48.0,6,114.69999999999808,7,0.6,0.49999999999967315,0.49999999999992895,1.5857550152187987,True,False,1.6650427659797389,0.2280846895604646,21.0,2.1159738327773696,0.3499999999975216,2.115490958027105,20.0,0.6646010852473587,1.9,0.6647527848241621,20.0,13.295055696483242,1.9,2,False,2,-1.0,False,False,1.1136704383038787,False,True,False
B2,48.0,6,115.19999999999776,20,0.6,0.40000000000088676,0.49999999999967315,2.0061061473334565,True,False,2.1116906814036382,0.3086175439717545,20.0,2.107883852439283,0.04999999999783711,1.9764981590597173,19.0,0.6536160101406061,1.894736842105263,0.6622112425443802,20.0,13.244224850887605,1.9,3,False,2,0.0,True,False,1.109412553915412,False,True,False
B2,48.0,6,115.59999999999864,14,0.9999999999992326,0.9999999999992326,0.40000000000088676,1.8437460672183847,False,False,1.9461764042860727,0.3243233051688612,19.0,2.450481526290117,0.2999999999969134,2.450481526290117,18.0,0.8553794178611707,1.8888888888888888,0.8553794178611707,18.0,17.107588357223413,1.8888888888888888,2,False,2,-1.0,False,False,1.297313749212415,False,True,False
B2,48.0,6,116.59999999999788,8,1.5,2.400000000000446,0.9999999999992326,2.0702442584522647,False,True,2.1920233324788683,0.3408140033532262,18.0,2.621634701047894,0.2499999999976268,,,,,0.9151231463564596,18.0,18.30246292712919,1.8888888888888888,2,False,2,0.0,True,False,1.387924253495944,False,True,False
B2,48.0,6,119.6999999999978,15,1.399999999999963,1.399999999999963,0.699999999999477,1.266785343553606,False,False,1.337162307084362,0.2118518774511153,19.0,1.6413462023144385,0.2499999999975131,1.6413462023144385,18.0,0.5729379079098385,1.8888888888888888,0.5729379079098385,18.0,11.458758158196769,1.8888888888888888,1,False,2,-1.0,False,False,0.8689479894605852,False,False,True
B2,48.0,6,121.09999999999776,22,0.6,0.1999999999999602,1.399999999999963,1.2863672810208782,True,False,1.3620359446103416,0.1436149011639186,18.0,2.140451588314773,0.49999999999747047,1.859374379110348,17.0,0.6872231634924884,1.8823529411764706,0.7911090570840349,17.0,15.822181141680698,1.8823529411764706,5,False,2,-1.0,False,False,1.1371149062922232,False,True,False
B2,48.0,6,121.29999999999772,6,0.6,0.20000000000044338,0.1999999999999602,1.224014530915548,True,False,1.296015385675286,0.1323660785162588,18.0,2.140451588314773,0.29999999999751026,1.859374379110348,17.0,0.6872231634924884,1.8823529411764706,0.7911090570840349,17.0,15.822181141680698,1.8823529411764706,5,False,4,-1.0,True,False,1.1371149062922232,False,True,False
B2,48.0,6,121.49999999999818,17,0.6,0.0999999999999801,0.2000000000004576,1.7454724391571088,True,False,1.854564466604428,0.2441784633615457,17.0,2.140451588314773,0.09999999999705267,1.9972838319803303,16.0,0.7843315267103845,1.875,0.7911090570840349,17.0,15.822181141680698,1.8823529411764706,5,False,4,0.0,True,False,1.1371149062922232,False,True,False
B2,48.0,6,121.59999999999816,11,0.6,0.09999999999953957,0.0999999999999801,2.0145426713550805,True,False,2.140451588314773,0.4141492641852461,17.0,2.1367744976183363,0.04999999999708393,1.9972838319803303,16.0,0.7843315267103845,1.875,0.7897500075406807,17.0,15.795000150813614,1.8823529411764706,5,False,4,0.0,True,False,1.1351614518597413,False,True,False
B2,48.0,6,121.6999999999977,5,1.0000000000003837,1.0000000000003837,0.09999999999953957,2.0071778256534754,False,False,2.1326264397568178,0.4100872818334673,17.0,2.1277789792046877,0.04999999999753868,1.9972838319803303,16.0,0.7843315267103845,1.875,0.7864252717096747,17.0,15.728505434193494,1.8823529411764706,5,False,4,0.0,True,False,1.1303825827024905,False,True,False
B2,48.0,6,124.1999999999986,14,0.6,0.39999999999928093,0.5999999999999517,1.6470571309437536,True,False,1.7499982016277382,0.3472706085521487,17.0,1.7358672549356335,0.04999999999648708,1.5665013042873588,16.0,0.6151636236734994,1.875,0.6415750371426903,17.0,12.831500742853805,1.8823529411764706,2,False,2,0.0,True,False,0.9221794791845553,False,False,True
B2,48.0,6,128.69999999999828,10,0.6,0.39999999999946567,1.0000000000004832,1.1413355715439257,True,False,1.208472958105333,0.1655780251865305,18.0,1.9553266607156496,0.4999999999968452,1.924060416283759,17.0,0.7111310669247031,1.8823529411764706,0.682537763630283,18.0,13.65075527260566,1.8888888888888888,2,False,2,0.0,True,False,1.0351729380259322,False,True,False
B2,48.0,6,132.6999999999971,19,1.5,1.9999999999998863,0.49999999999849365,1.1685054169846898,False,True,1.221619299574903,0.1905786404925286,23.0,1.5111529344666774,0.24999999999889155,1.5111529344666774,22.0,0.4315842688519247,1.9090909090909092,0.4315842688519247,22.0,8.631685377038494,1.9090909090909092,1,False,2,-1.0,False,False,0.7915562990063548,False,False,True
B2,48.0,6,134.69999999999698,18,1.5,2.0000000000013074,1.9999999999998863,1.0928962296675193,False,True,1.1449389072707346,0.0587167563314554,22.0,1.955766899578223,0.24999999999946,1.955766899578223,21.0,0.5851640879856221,1.9047619047619047,0.5851640879856221,21.0,11.703281759712443,1.9047619047619047,0,False,2,-1.0,False,True,1.0267776222785672,False,True,False
B2,48.0,6,137.2999999999966,9,0.6,0.30000000000077875,0.5999999999983174,1.1110319190201612,True,False,1.1639382008782642,0.1512507243682216,22.0,2.022939924341177,0.3000000000004377,2.022407504571304,21.0,0.6051029103739118,1.9047619047619047,0.6052622099965461,21.0,12.105244199930922,1.9047619047619047,2,False,3,-1.0,True,False,1.062043460279118,False,True,False
B2,48.0,6,137.59999999999738,25,1.5,1.6999999999997897,0.30000000000077875,1.926609451753502,False,True,2.022939924341177,0.2621603579707481,21.0,2.0225088155359456,0.04999999999967031,1.912477834435244,20.0,0.6008226314815079,1.9,0.6051332225436497,21.0,12.102664450872993,1.9047619047619047,2,False,2,0.0,True,False,1.0618171281563715,False,True,False
B2,48.0,6,139.29999999999717,24,1.3999999999999204,1.3999999999999204,1.6999999999997897,1.3635944360973211,False,False,1.4353625643129695,0.1616307371297776,20.0,1.903332969622146,0.5500000000003809,1.8813061944845184,19.0,0.6221366020784771,1.894736842105263,0.6294207236526503,19.0,12.588414473053007,1.894736842105263,0,False,2,-1.0,False,True,1.004536845078355,True,False,False
B2,48.0,6,141.499999999998,10,1.1999999999989654,1.1999999999989654,0.8000000000009209,1.3585593397531455,False,False,1.4300624628980478,0.1908039911862571,20.0,1.991495502092756,0.4000000000000057,1.9854440853018815,19.0,0.6565743739471261,1.894736842105263,0.6585755409507072,19.0,13.171510819014145,1.894736842105263,1,False,2,-1.0,False,False,1.0510670705489547,False,True,False
B2,48.0,6,143.29999999999637,2,0.6,0.500000000000199,0.5999999999993975,1.5840498227953936,True,False,1.6674208661004144,0.2510551365720577,20.0,1.9725410215077896,0.40000000000208047,1.9702421288500156,18.0,0.6877442441987025,1.8888888888888888,0.6885467091192643,18.0,13.770934182385286,1.8888888888888888,3,False,2,-2.0,True,False,1.0442864231511828,False,True,False
B2,48.0,6,143.2999999999969,7,0.6,0.49999999999965894,0.5999999999999375,1.5840498227953936,True,False,1.6674208661004144,0.2510551365720577,20.0,1.9725410215077896,0.40000000000154046,1.9702421288500156,18.0,0.6877442441987025,1.8888888888888888,0.6885467091192643,18.0,13.770934182385286,1.8888888888888888,3,False,2,-2.0,True,False,1.0442864231511828,False,True,False
B2,48.0,6,143.79999999999657,21,1.4000000000002615,1.4000000000002615,0.49999999999965894,1.8628086702562032,False,False,1.9723856508595092,0.3848656713318508,18.0,1.9716145923450863,1.8758328224066645e-12,1.8492162808100876,17.0,0.6834687391401895,1.8823529411764706,0.688223324335751,18.0,13.764466486715019,1.8888888888888888,2,False,2,0.0,True,False,1.043795960653281,False,True,False
B2,48.0,6,145.19999999999683,18,0.6,0.09999999999976694,1.4000000000002615,1.484375114234702,True,False,1.5771485588743708,0.2618637726019978,17.0,1.686659213965465,0.5500000000020577,,,,,0.5887551328559377,18.0,11.775102657118754,1.8888888888888888,2,True,2,1.0,True,False,0.8929372309228932,False,False,True
B2,48.0,6,146.59999999999584,13,0.7000000000013245,0.7000000000013245,0.9999999999984652,1.5093708438202091,False,False,1.5981573640449274,0.2568461647816001,18.0,1.8740294256470416,0.3000000000033083,1.8732063203411724,17.0,0.6923354370166819,1.8823529411764706,0.6926396560263348,17.0,13.852793120526696,1.8823529411764706,1,False,2,-1.0,False,False,0.9955781323749908,True,False,False
B2,48.0,6,147.89999999999668,19,0.8999999999994657,0.8999999999994657,0.5999999999995111,1.6666699953878343,False,False,1.7647094068812363,0.2844817995358903,18.0,2.043357760691868,0.5500000000028251,2.0139629031797432,17.0,0.744358948380218,1.8823529411764706,0.7552232623112074,17.0,15.104465246224148,1.8823529411764706,1,False,2,-1.0,False,False,1.085533810367555,False,True,False
B2,48.0,6,148.79999999999615,12,0.7000000000018645,0.7000000000018645,0.8999999999994657,1.8970829591537064,False,False,2.015650644100813,0.308401630543006,17.0,2.005424701219036,3.467448550509289e-12,1.8195516400844736,16.0,0.7145362581645802,1.875,0.7412032363149681,17.0,14.824064726299362,1.8823529411764706,1,False,2,0.0,True,False,1.0653818725226127,False,True,False
B2,48.0,6,152.2999999999962,9,0.6000000000001933,0.6000000000001933,0.4999999999996305,1.3015367930983466,False,False,1.370038729577207,0.2559855713266849,20.0,2.2337335819452253,0.20000000000422347,2.2337335819452253,19.0,0.738682211696414,1.894736842105263,0.738682211696414,19.0,14.77364423392828,1.894736842105263,3,False,2,-1.0,False,False,1.1789149460266468,False,True,False
B2,48.0,6,152.8999999999964,6,0.6,0.3000000000004377,0.6000000000001933,2.0346715376656577,True,False,2.1477088453137494,0.323014054587707,19.0,3.235418316167589,0.35000000000420073,3.10644760181188,18.0,1.0843547738459811,1.8888888888888888,1.0699333066696797,19.0,21.398666133393593,1.894736842105263,2,False,2,0.0,True,False,1.70758188908845,False,True,False
B2,48.0,7,22.80000000000005,22,1.2000000000000206,1.2000000000000206,0.9000000000000838,1.0268382755913719,False,False,1.071483418008388,0.1245584560609835,24.0,1.998355811621855,0.30000000000014637,1.9975644778614905,23.0,0.5456985990192686,1.9130434782608696,0.5459147771347554,23.0,10.918295542695109,1.9130434782608696,1,False,2,-1.0,False,False,1.0445950833477877,False,True,False
B2,48.0,7,24.00000000000007,6,1.5,3.5000000000000497,1.2000000000000206,1.719932814230487,False,True,1.798111578513691,0.1901444316645611,23.0,1.813692415988096,0.20000000000013785,1.813692415988096,22.0,0.5179893427217932,1.9090909090909092,0.5179893427217932,22.0,10.359786854435864,1.9090909090909092,0,False,2,-1.0,False,True,0.9500293607556693,False,False,True
B2,48.0,7,27.50000000000012,21,1.1000000000000156,1.1000000000000156,3.5000000000000497,1.0499068264852975,False,False,1.099902389651264,0.0352377056919494,22.0,1.8972685519294368,0.20000000000013785,1.8972685519294368,21.0,0.5676614232979489,1.9047619047619047,0.5676614232979489,21.0,11.353228465958978,1.9047619047619047,0,False,2,-1.0,False,True,0.9960659897629544,True,False,False
B2,48.0,7,28.600000000000136,25,0.6,0.09999999999999787,1.1000000000000156,1.6587631456358753,True,False,1.7417013029176691,0.1687289191350401,21.0,1.835943587469929,0.25000000000013856,1.8318333525452517,20.0,0.5754874202956923,1.9,0.5767786886800819,20.0,11.535573773601637,1.9,2,False,4,-1.0,True,False,0.9662860986683838,False,False,True
B2,48.0,7,28.700000000000134,7,0.6,0.2000000000000064,0.09999999999999787,1.6220845782956554,True,False,1.7031888072104384,0.1605669513491895,21.0,1.835943587469929,0.1500000000001407,1.8318333525452517,20.0,0.5754874202956923,1.9,0.5767786886800819,20.0,11.535573773601637,1.9,2,False,4,-1.0,True,False,0.9662860986683838,False,False,True
B2,48.0,7,28.90000000000014,16,0.8000000000000114,0.8000000000000114,0.2000000000000064,1.7441464080964326,False,False,1.835943587469929,0.2369628290632363,20.0,1.742753007429332,0.1500000000001407,1.7413695036065109,19.0,0.5758603831279494,1.894736842105263,0.576317899490685,19.0,11.5263579898137,1.894736842105263,2,False,2,-1.0,False,False,0.919786309476592,False,False,True
B2,48.0,7,29.700000000000152,23,1.0999999999998984,1.0999999999998984,0.8000000000000114,1.4969420527472335,False,False,1.5849974676147178,0.2615665998545424,18.0,1.9454915881917327,0.20000000000013785,1.9454915881917327,17.0,0.719052009539281,1.8823529411764706,0.719052009539281,17.0,14.381040190785619,1.8823529411764706,1,False,2,-1.0,False,False,1.0335424062268581,False,True,False
B2,48.0,7,31.3000000000001,4,0.6,0.20000000000007745,0.5000000000000497,1.131955889881419,True,False,1.198541530462679,0.126782651705854,18.0,1.9442971886576093,0.3500000000002146,1.929749772892788,17.0,0.7132338482101828,1.8823529411764706,0.7186105605037687,17.0,14.372211210075374,1.8823529411764706,2,False,3,-1.0,True,False,1.0329078814743549,False,True,False
B2,48.0,7,31.500000000000178,9,0.6,0.4999999999998934,0.20000000000007745,1.1037724485335378,True,False,1.168700239623746,0.1170693946409899,18.0,1.9442971886576093,0.15000000000013713,1.929749772892788,17.0,0.7132338482101828,1.8823529411764706,0.7186105605037687,17.0,14.372211210075374,1.8823529411764706,3,False,2,-1.0,False,False,1.0329078814743549,False,True,False
B2,48.0,7,33.000000000000085,6,1.5,2.5000000000000355,1.0000000000000142,1.5709807138832335,False,True,1.6691670085009356,0.2638395740237485,17.0,1.671298016468466,1.2500000000001066,1.4213242174091152,16.0,0.5581527149727172,1.875,0.6563171963120658,16.0,13.126343926241315,1.875,0,False,2,-1.0,False,True,0.8913589421165152,False,False,True
B2,48.0,7,38.300000000000274,17,0.6,0.5000000000000071,0.6000000000001222,1.25097871984812,True,False,1.313527655840526,0.2481309064175189,21.0,1.732581850326547,0.2999999999996703,1.732581850326547,20.0,0.5443066412728892,1.9,0.5443066412728892,20.0,10.886132825457784,1.9,2,False,2,-1.0,False,False,0.9118851843823933,False,False,True
B2,48.0,7,38.80000000000028,2,0.6,0.49999999999981526,0.5000000000000071,1.6351134203117041,True,False,1.721172021380741,0.2475163563586234,20.0,2.0507600462787408,0.5999999999996177,1.9988732477166915,19.0,0.661015316893045,1.894736842105263,0.6442652695664757,20.0,12.885305391329513,1.9,2,True,2,0.0,True,False,1.0793473927782846,False,True,False
B2,48.0,7,39.60000000000032,11,1.399999999999764,1.399999999999764,0.10000000000014353,1.9950767896858916,False,False,2.094830629170186,0.4049959648866453,21.0,2.2022224817639877,0.24999999999955236,2.2022224817639877,20.0,0.6918485970280024,1.9,0.6918485970280024,20.0,13.836971940560048,1.9,3,False,2,-1.0,False,False,1.1590644640863095,False,True,False
B2,48.0,7,47.90000000000041,10,0.6,0.30000000000000426,0.30000000000008953,1.1489362577802569,True,False,1.198890008118529,0.2359460542431931,24.0,1.819215934482308,0.5999999999989711,1.2198071646902104,23.0,0.3332293241206052,1.9130434782608696,0.5195668559148281,22.0,10.391337118296562,1.9090909090909092,2,True,3,-2.0,True,False,0.9529226323478756,False,False,True
B2,48.0,7,48.200000000000415,19,1.5,1.5999999999999304,0.30000000000000426,1.1667720705732447,False,True,1.2198071646902104,0.1430976170933511,23.0,1.819215934482308,0.29999999999896687,1.819215934482308,22.0,0.5195668559148281,1.9090909090909092,0.5195668559148281,22.0,10.391337118296562,1.9090909090909092,2,False,2,-1.0,False,False,0.9529226323478756,False,False,True
B2,48.0,7,49.800000000000345,11,0.6,0.10000000000009379,1.5999999999999304,1.4915122265480478,True,False,1.562536618288431,0.1576283535973468,22.0,1.718858281495148,0.44999999999893703,1.690712875791811,20.0,0.5311531149917226,1.9,0.5684160578639088,19.0,11.368321157278176,1.894736842105263,2,False,3,-3.0,True,False,0.9071752041224393,False,False,True
B2,48.0,7,49.80000000000044,8,0.6,0.10000000000000142,1.6000000000000227,1.4915122265480478,True,False,1.562536618288431,0.1576283535973468,22.0,1.718858281495148,0.44999999999884466,1.690712875791811,20.0,0.5311531149917226,1.9,0.5684160578639088,19.0,11.368321157278176,1.894736842105263,2,False,3,-3.0,True,False,0.9071752041224393,False,False,True
B2,48.0,7,49.90000000000044,15,1.5,2.0999999999999233,0.10000000000000142,1.4662824076982743,False,True,1.5361053794934303,0.1528510636340438,22.0,1.718858281495148,0.34999999999884324,1.690712875791811,20.0,0.5311531149917226,1.9,0.5684160578639088,19.0,11.368321157278176,1.894736842105263,2,False,3,-3.0,True,False,0.9071752041224393,False,False,True
B2,48.0,7,52.00000000000036,17,0.6,0.29999999999999716,2.0999999999999233,1.2432086105195732,True,False,1.3122757555484386,0.1321624516386481,19.0,2.24432004284202,0.39999999999879776,2.2182996033662365,18.0,0.7743326374885022,1.8888888888888888,0.7834154843218686,18.0,15.668309686437372,1.8888888888888888,1,False,3,-1.0,True,False,1.1881694344457752,False,True,False
B2,48.0,7,52.30000000000036,23,0.6,0.4000000000001478,0.29999999999999716,2.0950607365125564,True,False,2.2182996033662365,0.3088809534242389,18.0,2.24432004284202,0.0999999999988006,2.106854181557181,17.0,0.7786914845841149,1.8823529411764706,0.7834154843218686,18.0,15.668309686437372,1.8888888888888888,2,False,2,0.0,True,False,1.1881694344457752,False,True,False
B2,48.0,7,52.70000000000051,14,0.6999999999998678,0.6999999999998678,0.4000000000001478,1.9748193871669997,False,False,2.098245598864937,0.3545929416862214,17.0,2.104546946015908,0.049999999998632916,1.935006771950017,16.0,0.7598753824255842,1.875,0.777838732322166,17.0,15.556774646443321,1.8823529411764706,2,False,2,0.0,True,False,1.118040565070951,False,True,False
B2,48.0,7,53.400000000000375,9,1.5,2.5000000000000355,0.6999999999998678,1.7637646761144197,False,True,1.881348987855381,0.3822546417449111,16.0,1.873862675061148,0.049999999998725286,1.7220778162182997,15.0,0.7213422688455151,1.8666666666666667,0.7358641517260276,16.0,14.717283034520552,1.875,1,False,2,0.0,True,False,0.9993934266992789,True,False,False
B2,48.0,7,57.900000000000325,6,1.4000000000001336,1.4000000000001336,0.09999999999988773,1.317281439171633,False,False,1.390463741347835,0.3294817495987323,19.0,1.454807917358829,0.09999999999851639,,,,,0.4570413865558764,20.0,9.140827731117527,1.9,3,False,2,1.0,True,False,0.7656883775572785,False,False,True
B2,48.0,7,59.30000000000046,15,0.6000000000000085,0.6000000000000085,1.40000000000002,1.2448647213525683,False,False,1.314023872538822,0.2330640319322766,19.0,1.7388408031845612,0.5999999999982748,1.646176303699253,18.0,0.5746239313572414,1.8888888888888888,0.6069699436718659,18.0,12.139398873437317,1.8888888888888888,0,True,2,-1.0,False,True,0.9205627781565324,False,False,True
B2,48.0,7,59.90000000000047,21,0.6,0.09999999999989484,0.6000000000000085,1.6422385363409746,True,False,1.7388408031845612,0.2665530404016219,18.0,2.4085876527451235,0.39999999999824354,,,,,0.8407556972656849,18.0,16.815113945313698,1.8888888888888888,3,False,2,0.0,True,False,1.2751346396885948,False,True,False
B2,48.0,7,61.70000000000049,7,1.4000000000001336,1.4000000000001336,0.30000000000011795,1.479993754980946,False,False,1.5539934427299935,0.3059038754748026,21.0,1.685511076807016,0.2999999999981142,1.685511076807016,20.0,0.5295189216441143,1.9,0.5295189216441143,20.0,10.590378432882286,1.9,2,False,2,-1.0,False,False,0.8871110930563243,False,False,True
B2,48.0,7,63.10000000000063,20,0.6,0.19999999999989626,1.4000000000001336,1.2723000538930755,True,False,1.33926321462429,0.1902007012878151,20.0,2.97635046957288,0.4999999999978968,2.1989448937726075,19.0,0.7271778025184013,1.894736842105263,1.0389423077465212,18.0,20.778846154930424,1.8888888888888888,2,False,3,-2.0,True,False,1.5757149544797602,False,True,False
B2,48.0,7,63.30000000000052,19,0.6,0.29999999999999716,0.19999999999989626,1.272160222114982,True,False,1.3391160232789283,0.1769204946705076,20.0,2.97635046957288,0.29999999999800053,2.1989448937726075,19.0,0.7271778025184013,1.894736842105263,1.0389423077465212,18.0,20.778846154930424,1.8888888888888888,2,False,4,-2.0,True,False,1.5757149544797602,False,True,False
B2,48.0,7,63.60000000000052,10,1.5,2.299999999999798,0.29999999999999716,2.81099766570772,False,True,2.97635046957288,0.4988224707909271,18.0,2.97422023391079,0.04999999999800053,2.7814350515434243,17.0,1.0280159911018787,1.8823529411764706,1.038198715223584,18.0,20.76397430447168,1.8888888888888888,2,False,2,0.0,True,False,1.5745871826586537,False,True,False
B2,48.0,7,68.0000000000003,2,0.6,0.5,0.099999999999838,1.6141167414444304,True,False,1.699070254152032,0.3576255455130755,20.0,1.9787821842593345,0.299999999997965,1.9787821842593345,19.0,0.654371323486683,1.894736842105263,0.654371323486683,19.0,13.08742646973366,1.894736842105263,3,False,2,-1.0,False,False,1.0443572639146488,False,True,False
B2,48.0,7,68.5000000000003,14,0.6,0.1999999999999602,0.5,1.8657796798984745,True,False,1.969434106559501,0.3642732548708132,19.0,2.061538845527634,0.44999999999792806,1.819862802544124,18.0,0.635251956779328,1.8888888888888888,0.7619429755528939,17.0,15.238859511057878,1.8823529411764706,3,False,3,-2.0,True,False,1.0951925116865555,False,True,False
B2,48.0,7,68.70000000000026,22,1.0000000000002416,1.0000000000002416,0.1999999999999602,1.8402254060646541,False,False,1.942460150846024,0.3373119562027151,19.0,2.061538845527634,0.24999999999796785,1.819862802544124,18.0,0.635251956779328,1.8888888888888888,0.7619429755528939,17.0,15.238859511057878,1.8823529411764706,3,False,3,-2.0,True,False,1.0951925116865555,False,True,False
B2,48.0,7,70.40000000000028,13,0.7000000000003439,0.7000000000003439,0.6999999999997755,1.5991673588933066,False,False,1.693236027063501,0.3247866743761408,18.0,1.901925795560637,0.2999999999978513,1.901925795560637,17.0,0.7029501302360259,1.8823529411764706,0.7029501302360259,17.0,14.059002604720519,1.8823529411764706,1,False,2,-1.0,False,False,1.0103980788915885,True,False,False
B2,48.0,7,71.30000000000061,20,0.6,0.2999999999999119,0.19999999999998863,1.7398770309845544,True,False,1.842222738689528,0.3918016204611319,18.0,1.9023078456373417,0.099999999997479,,,,,0.6290817213389999,19.0,12.581634426779997,1.894736842105263,4,False,2,1.0,True,False,1.0039958074197082,True,False,False
B2,48.0,7,72.6000000000002,21,0.7999999999999119,0.7999999999999119,0.9999999999996732,1.3297616751733792,False,False,1.4036373237941226,0.2956938362684197,19.0,2.278092402715697,0.2999999999978087,2.278092402715697,18.0,0.7952042618411506,1.8888888888888888,0.7952042618411506,18.0,15.904085236823011,1.8888888888888888,1,False,2,-1.0,False,False,1.2060489190847807,False,True,False
B2,48.0,7,73.4000000000001,5,0.6,0.29999999999986926,0.7999999999999119,1.9779251600948728,True,False,2.094273698923983,0.3450697303678163,18.0,2.073589139680541,0.04999999999786553,1.849961708077265,17.0,0.6837442484138778,1.8823529411764706,0.7238191564204408,18.0,14.476383128408816,1.8888888888888888,3,False,3,0.0,True,False,1.0977824857132277,False,True,False
B2,48.0,7,73.69999999999997,25,0.6,0.4999999999999716,0.29999999999986926,1.7411404311315435,True,False,1.849961708077265,0.3204998424234479,17.0,1.9310635734340027,0.3999999999979593,1.9301146518813457,15.0,0.8084845347915275,1.8666666666666667,0.8088820181220155,15.0,16.17764036244031,1.8666666666666667,3,False,2,-2.0,True,False,1.0344983429110728,False,True,False
B2,48.0,7,73.70000000000009,18,0.6,0.4999999999998579,0.29999999999998295,1.7411404311315435,True,False,1.849961708077265,0.3204998424234479,17.0,1.9310635734340027,0.39999999999784563,1.9301146518813457,15.0,0.8084845347915275,1.8666666666666667,0.8088820181220155,15.0,16.17764036244031,1.8666666666666667,3,False,2,-2.0,True,False,1.0344983429110728,False,True,False
B2,48.0,7,74.19999999999995,8,0.7000000000002586,0.7000000000002586,0.4999999999998579,1.800516236013324,False,False,1.9291245385857043,0.4225914975624039,15.0,1.9272841402417429,0.049999999997979216,1.8077691011369268,14.0,0.8113248753597704,1.8571428571428572,0.8072988928484772,15.0,16.145977856969544,1.8666666666666667,3,False,2,0.0,True,False,1.0324736465580766,False,True,False
B2,48.0,7,74.9000000000002,7,0.6,0.5000000000000853,0.7000000000002586,1.62045627898238,True,False,1.7451067619810248,0.3715572011042115,14.0,1.7321908543363085,0.04999999999768079,1.5430305524031496,13.0,0.7457805304145131,1.8461538461538463,0.7774054375140533,14.0,15.548108750281067,1.8571428571428572,2,False,2,0.0,True,False,0.9327181523349353,False,False,True
B2,48.0,7,75.40000000000029,19,0.6000000000000085,0.6000000000000085,0.5000000000000853,1.3847178428272875,False,False,1.500110996396228,0.2788930551004899,13.0,1.7659572195073503,0.5999999999975358,1.7070878491773906,12.0,0.8938291076680152,1.8333333333333333,0.9246530378930248,12.0,18.493060757860494,1.8333333333333333,1,True,2,-1.0,False,False,0.9632493924585548,False,False,True
B2,48.0,7,76.29999999999983,16,0.6,0.2000000000004718,0.2999999999995282,1.7861841365425621,True,False,1.9350328145877755,0.3773074273757967,13.0,2.0009103153609638,0.49999999999795364,,,,,0.8980064496042912,14.0,17.960128992085824,1.8571428571428572,4,False,2,1.0,True,False,1.0774132467328266,False,True,False
B2,48.0,7,79.99999999999952,11,0.6000000000006764,0.6000000000006764,0.6999999999989086,1.3462309966720278,False,False,1.4359797297834964,0.3295740518131432,16.0,1.422878265623139,0.04999999999807869,1.27511073551529,15.0,0.5341171358944417,1.8666666666666667,0.55876298827928,16.0,11.175259765585599,1.875,1,False,2,0.0,True,False,0.7588684083323407,False,False,True
B2,48.0,7,81.49999999999999,2,0.6,0.19999999999998863,0.09999999999988063,1.2054430245094772,True,False,1.2807832135413195,0.2857599130524321,17.0,2.4072192952019806,0.29999999999751026,2.1510306251321785,16.0,0.844707751195239,1.875,0.8402780503762379,18.0,16.80556100752476,1.8888888888888888,4,False,3,1.0,True,False,1.274410215106931,False,True,False
B2,48.0,7,86.89999999999911,9,1.1000000000004064,1.1000000000004064,2.5999999999992838,1.2760085358800888,False,False,1.336770847112474,0.1260998330401644,22.0,1.9741164032830636,0.399999999998073,1.971845888180688,21.0,0.5899749101256848,1.9047619047619047,0.5906542466557312,21.0,11.813084933114624,1.9047619047619047,0,False,2,-1.0,False,True,1.0364111117236083,False,True,False
B2,48.0,7,89.199999999999,6,0.6,0.3000000000009919,1.199999999999477,1.1505213475537681,True,False,1.2053080783896617,0.1170912218719204,22.0,2.3917826906867354,0.3999999999980588,2.293112187345969,21.0,0.6860975620593637,1.9047619047619047,0.6830915390949706,22.0,13.661830781899411,1.9090909090909092,1,False,2,0.0,True,False,1.2528385522644805,False,True,False
B2,48.0,7,91.49999999999908,12,1.5,3.4000000000000483,1.9999999999990905,1.4879883067690782,False,True,1.5588448928057008,0.1698715210260035,22.0,1.768136802644478,0.39999999999784563,1.7648601004668478,21.0,0.5280449072609898,1.9047619047619047,0.5290252942599656,21.0,10.580505885199312,1.9047619047619047,0,False,2,-1.0,False,True,0.928271821388351,False,False,True
B2,48.0,7,95.1999999999992,25,1.0000000000000568,1.0000000000000568,0.3000000000000824,1.1183867128881924,False,False,1.1716432230257252,0.1937216989447008,22.0,1.9210981331349268,0.3999999999975188,1.9152206157590173,21.0,0.5730326682354523,1.9047619047619047,0.5747912173220717,21.0,11.495824346441434,1.9047619047619047,1,False,2,-1.0,False,False,1.0085765198958367,True,False,False
B2,48.0,7,96.19999999999926,18,0.99999999999973,0.99999999999973,1.0000000000000568,1.7395954152700983,False,False,1.826575186033603,0.2106057094719531,21.0,1.819098558888256,0.34999999999739373,1.8174056127393103,20.0,0.5709548121574675,1.9,0.5714866668759124,20.0,11.429733337518249,1.9,0,False,2,-1.0,False,True,0.9574202941517137,False,False,True
B2,48.0,7,98.7999999999993,7,0.6999999999997755,0.6999999999997755,1.600000000000307,1.1380974293169972,False,False,1.195002300782847,0.1273588980409994,21.0,1.7801661125159378,0.39999999999720615,1.777157465435978,19.0,0.5876952460722027,1.894736842105263,0.5886901874999548,19.0,11.773803749999097,1.894736842105263,1,False,2,-2.0,True,False,0.9395321149389673,False,False,True
B2,48.0,7,98.7999999999994,19,0.699999999999676,0.699999999999676,1.6000000000004064,1.1380974293169972,False,False,1.195002300782847,0.1273588980409994,21.0,1.7801661125159378,0.39999999999710667,1.777157465435978,19.0,0.5876952460722027,1.894736842105263,0.5886901874999548,19.0,11.773803749999097,1.894736842105263,1,False,2,-2.0,True,False,0.9395321149389673,False,False,True
B2,48.0,7,99.59999999999886,6,1.3000000000000256,1.3000000000000256,0.09999999999978115,1.7408125808785744,False,False,1.8324342956616573,0.3296828116405563,20.0,1.8214282272905855,0.049999999997623945,1.709573004908686,19.0,0.5653454729470058,1.894736842105263,0.5722185537897184,20.0,11.444371075794368,1.9,3,False,2,0.0,True,False,0.9586464354160977,False,False,True
B2,48.0,7,100.89999999999888,22,1.1999999999995907,1.1999999999995907,1.3000000000000256,1.6471727420633728,False,False,1.7386823388446713,0.2394724519607867,19.0,1.82609073599588,0.3999999999975188,1.8211711102124084,18.0,0.6357086423081411,1.8888888888888888,0.6374259156658928,18.0,12.748518313317856,1.8888888888888888,0,False,2,-1.0,False,True,0.9667539190566424,False,False,True
B2,48.0,7,102.09999999999847,15,1.1000000000007333,1.1000000000007333,1.1999999999995907,1.5943108070498733,False,False,1.6880937956998658,0.2106942184733942,18.0,1.733621248905088,0.4499999999978428,1.7282092676284528,17.0,0.6387446516526287,1.8823529411764706,0.6407449152549867,17.0,12.814898305099733,1.8823529411764706,0,False,2,-1.0,False,True,0.920986288480828,False,False,True
B2,48.0,7,103.2999999999982,4,0.7000000000001876,0.7000000000001876,0.09999999999899956,1.5903159225591026,False,False,1.6838639180037558,0.2725347845584984,18.0,1.6654629403641692,0.04999999999807869,1.479266775564183,17.0,0.5467357217425763,1.8823529411764706,0.5813562375860144,18.0,11.627124751720288,1.8888888888888888,1,False,2,0.0,True,False,0.8817156743104425,False,False,True
B2,48.0,7,103.9999999999984,24,0.6,0.2000000000008697,0.7000000000001876,1.2434476731637532,True,False,1.3211631527364878,0.1025187387027454,17.0,1.9869673415273783,0.2999999999978229,1.874040471501708,16.0,0.7359339722249647,1.875,0.734381412125324,17.0,14.68762824250648,1.8823529411764706,3,False,2,0.0,True,False,1.0555764001864198,False,True,False
B2,48.0,7,104.79999999999924,18,0.6,0.5999999999993975,0.5999999999999801,1.7863257490743962,True,False,1.897971108391546,0.28530269251089,17.0,1.8825517039303876,0.049999999996956035,1.7025940187272273,16.0,0.6686071076599225,1.875,0.6957894827141944,17.0,13.915789654283888,1.8823529411764706,3,False,2,0.0,True,False,1.0001055927130185,True,False,False
B2,48.0,7,105.39999999999864,16,0.6,0.3000000000000824,0.5999999999993975,1.4561269222081743,True,False,1.5532020503553858,0.1585528356177049,16.0,1.8817757899043843,0.4999999999974847,1.871885609559184,15.0,0.7840936105802112,1.8666666666666667,0.7882363996355659,15.0,15.764727992711318,1.8666666666666667,2,False,3,-1.0,True,False,1.008094173163063,True,False,False
B2,48.0,7,105.69999999999872,5,0.6,0.49999999999955946,0.3000000000000824,1.7470932355885718,True,False,1.871885609559184,0.2597791736063027,15.0,1.8817757899043843,0.19999999999740226,1.753882801090686,14.0,0.7871407604519982,1.8571428571428572,0.7882363996355659,15.0,15.764727992711318,1.8666666666666667,3,False,2,0.0,True,False,1.008094173163063,True,False,False
B2,48.0,7,106.19999999999828,3,0.6000000000010175,0.6000000000010175,0.49999999999955946,1.6115572456010565,False,False,1.7355231875703685,0.2893613453255123,14.0,1.7284678071912205,0.0499999999978229,1.5714209991647954,13.0,0.7595022564112082,1.8461538461538463,0.7757345378626281,14.0,15.514690757252563,1.8571428571428572,2,False,2,0.0,True,False,0.9307134346414264,False,False,True
B2,48.0,7,108.19999999999858,13,0.7000000000003013,0.7000000000003013,0.5999999999997243,1.4358077883337248,False,False,1.5315283075559731,0.3379046601572097,16.0,2.266773610293275,0.4999999999973852,2.259553275492631,15.0,0.9464794627576536,1.8666666666666667,0.9495039095264756,15.0,18.990078190529513,1.8666666666666667,1,False,2,-1.0,False,False,1.2143430055142546,False,True,False
B2,48.0,7,112.09999999999827,14,0.7000000000009692,0.7000000000009692,0.09999999999988063,1.2537522435804596,False,False,1.3234051460015963,0.2503828784849258,19.0,2.1881365026800044,0.24999999999748468,2.1881365026800044,18.0,0.7638037290967961,1.8888888888888888,0.7638037290967961,18.0,15.276074581935921,1.8888888888888888,2,False,2,-1.0,False,False,1.1584252073011787,False,True,False
B2,48.0,7,113.3999999999992,18,0.6,0.19999999999946283,0.5999999999999517,1.8328763972690336,True,False,1.93470286378398,0.2899965759205359,19.0,1.9821967584987503,0.09999999999649845,,,,,0.6227254774469175,20.0,12.45450954893835,1.9,4,False,2,1.0,True,False,1.0432614518414476,False,True,False
B2,48.0,7,113.59999999999866,20,0.6,0.10000000000006537,0.19999999999946283,1.831537825072489,True,False,1.927934552707883,0.3186717457208787,20.0,1.9003947252554203,0.04999999999702709,1.778912338893121,19.0,0.5882755721312489,1.894736842105263,0.5970266107783222,20.0,11.940532215566444,1.9,5,False,2,0.0,True,False,1.0002077501344318,True,False,False
B2,48.0,7,115.8999999999984,6,0.6,0.3000000000001819,1.7000000000001165,1.203041115280923,True,False,1.2663590687167612,0.1517137884669103,20.0,2.028558393666584,0.3999999999971209,1.9333208377004816,19.0,0.639337530605463,1.894736842105263,0.6372904146920852,20.0,12.745808293841705,1.9,1,False,2,0.0,True,False,1.0676623124560969,False,True,False
B2,48.0,7,118.79999999999832,16,0.899999999999622,0.899999999999622,2.5999999999997385,1.1726295655152907,False,False,1.234346911068727,0.1149247545237845,20.0,1.791959024603602,0.24999999999705835,1.791959024603602,19.0,0.5925900323398534,1.894736842105263,0.5925900323398534,19.0,11.851800646797068,1.894736842105263,0,False,2,-1.0,False,True,0.9457561518741233,False,False,True
B2,48.0,7,119.69999999999794,15,0.6,0.40000000000033253,0.899999999999622,1.5585376256680517,True,False,1.6451230493162767,0.1613174901100524,19.0,2.498887436748901,0.499999999997371,2.436693033680492,18.0,0.8505663259626735,1.8888888888888888,0.826366990888229,19.0,16.527339817764577,1.894736842105263,3,False,2,0.0,True,False,1.3188572582841422,False,True,False
B2,48.0,7,120.19999999999835,13,1.2000000000008413,1.2000000000008413,0.10000000000007958,2.367367045341064,False,False,2.498887436748901,0.4152530997884085,19.0,2.486863409106668,0.049999999996970246,2.258710918861006,18.0,0.7884388476974209,1.8888888888888888,0.8223907175295553,19.0,16.447814350591106,1.894736842105263,2,False,2,0.0,True,False,1.312511243695186,False,True,False
B2,48.0,7,121.49999999999817,25,0.6,0.1000000000004917,0.09999999999897113,1.5470994547675374,True,False,1.6330494244768452,0.2241520893475637,19.0,1.94215726331016,0.4499999999970328,,,,,0.6422596832138163,19.0,12.845193664276326,1.894736842105263,3,False,2,0.0,True,False,1.0250274445248067,False,True,False
B2,48.0,7,121.89999999999712,17,1.5,2.000000000001279,0.2999999999984624,1.839282889719525,False,True,1.9414652724817207,0.3537915528588474,19.0,1.94215726331016,0.04999999999807869,1.825775898893951,18.0,0.6373160167851708,1.8888888888888888,0.6422596832138163,19.0,12.845193664276326,1.894736842105263,3,False,2,0.0,True,False,1.0250274445248067,False,True,False
B2,48.0,7,124.49999999999902,18,1.5,2.299999999999301,0.6000000000006196,1.161418267026494,False,True,1.2259415040835215,0.2076565136568156,19.0,1.8921652880415216,0.24999999999602096,1.8921652880415216,18.0,0.6604902853654289,1.8888888888888888,0.6604902853654289,18.0,13.209805707308577,1.8888888888888888,1,False,2,-1.0,False,False,1.0017345642572761,True,False,False
B2,48.0,7,126.79999999999836,20,0.8999999999995794,0.8999999999995794,2.2999999999993435,1.2135085782516732,False,False,1.2848914357958894,0.1049719267652381,18.0,1.413240128822333,0.24999999999656097,,,,,0.4933138673851704,18.0,9.866277347703408,1.8888888888888888,1,False,2,0.0,True,False,0.7481859505529999,False,False,True
B2,48.0,7,129.59999999999818,16,0.6,0.29999999999895977,0.09999999999999432,1.166643647330447,True,False,1.224975829696969,0.2176366092058373,21.0,1.89477967307866,0.3499999999971237,1.8939855565163164,20.0,0.5950131110356836,1.9,0.5952625901115187,20.0,11.905251802230374,1.9,2,False,2,-1.0,False,False,0.9972524595150842,True,False,False
B2,48.0,7,130.89999999999793,7,1.5,1.6000000000011028,1.0000000000007958,1.3199524904250604,False,True,1.3859501149463134,0.1826764817428776,21.0,1.8516113207836191,0.249999999997641,1.8516113207836191,20.0,0.5817008522677511,1.9,0.5817008522677511,20.0,11.634017045355023,1.9,0,False,2,-1.0,False,True,0.9745322740966417,False,False,True
B2,48.0,7,134.39999999999756,5,0.6,0.29999999999998295,1.8999999999985278,1.1113260280953918,True,False,1.1668923295001614,0.1225817485617004,21.0,1.98227948585448,0.49999999999886313,1.8956297646961144,20.0,0.5955296542695461,1.9,0.593096635249732,21.0,11.86193270499464,1.9047619047619047,2,False,2,0.0,True,False,1.040696730073602,False,True,False
B2,48.0,7,134.69999999999754,15,0.6,0.10000000000081855,0.29999999999998295,1.8009313294056528,True,False,1.8957171888480555,0.2315559206125236,20.0,1.98227948585448,0.19999999999888018,,,,,0.593096635249732,21.0,11.86193270499464,1.9047619047619047,2,False,2,1.0,True,False,1.040696730073602,False,True,False
B2,48.0,7,138.99999999999758,19,0.6,0.4000000000005173,0.09999999999965326,1.1326486403848353,True,False,1.1865842899269703,0.2461834019916557,22.0,1.863902291176632,0.24999999999982947,1.863902291176632,21.0,0.5576782614256848,1.9047619047619047,0.5576782614256848,21.0,11.153565228513695,1.9047619047619047,2,False,2,-1.0,False,False,0.9785487028677319,False,False,True
B2,48.0,7,139.3999999999981,20,1.5,2.4999999999983515,0.4000000000005173,1.7655316968181742,False,True,1.853808281659083,0.299755675162167,21.0,1.848851261743485,0.04999999999935767,1.731542468010967,20.0,0.5439801096881993,1.9,0.5531750039498622,21.0,11.063500078997244,1.9047619047619047,2,False,2,0.0,True,False,0.9706469124153296,False,False,True
B2,48.0,7,141.89999999999645,11,0.6,0.5000000000011084,2.4999999999983515,1.2188396666403492,True,False,1.2829891227793149,0.1451031140544493,20.0,1.5407145197504046,0.5500000000016882,1.383605908028372,19.0,0.4575501216974071,1.894736842105263,0.4840297416526997,20.0,9.680594833053993,1.9,1,True,2,0.0,True,False,0.8109023788160025,False,False,True
B2,48.0,7,144.5999999999976,7,1.1999999999991928,1.1999999999991928,1.9000000000000625,1.2749061951057226,False,False,1.3386515048610088,0.1761175708145642,21.0,2.355362008519192,0.25000000000108,2.355362008519192,20.0,0.7399587982508393,1.9,0.7399587982508393,20.0,14.799175965016786,1.9,0,False,2,-1.0,False,True,1.2396642150101012,False,True,False
B2,48.0,7,145.7999999999968,2,1.2000000000007844,1.2000000000007844,1.1999999999991928,1.9184002620062717,False,False,2.0193686968487072,0.2571599005174194,20.0,1.9927319866242752,2.1032064978498966e-12,1.7616486098027817,19.0,0.5825665611329569,1.894736842105263,0.6260352169752217,20.0,12.520704339504434,1.9,0,False,2,0.0,True,True,1.0488063087496187,False,True,False
B2,48.0,7,147.2999999999982,18,0.6,0.09999999999990905,0.3000000000006082,1.5310906130899529,True,False,1.6116743295683715,0.2530538597710542,20.0,1.6049861669107948,0.1500000000010857,,,,,0.4802107381981138,21.0,9.604214763962275,1.9047619047619047,3,False,2,1.0,True,False,0.8426177376281673,False,False,True
B2,48.0,7,147.79999999999703,6,1.5,2.099999999999426,0.39999999999892566,1.4476323768354755,False,True,1.5238235545636585,0.2800751710316696,20.0,2.19960033949917,0.250000000002359,2.19960033949917,19.0,0.7273945544636007,1.894736842105263,0.7273945544636007,19.0,14.547891089272014,1.894736842105263,3,False,2,-1.0,False,False,1.1609001791801175,False,True,False
B2,48.0,7,149.99999999999625,3,1.5,2.2000000000010402,0.09999999999979536,1.2413916620538188,False,True,1.3067280653198092,0.1427635748252676,20.0,2.3030431720948776,0.2500000000036664,2.3030431720948776,19.0,0.7616024747740422,1.894736842105263,0.7616024747740422,19.0,15.232049495480844,1.894736842105263,1,False,2,-1.0,False,False,1.2154950074945188,False,True,False
B2,48.0,7,152.1999999999973,19,0.6,0.4000000000003183,2.2000000000010402,1.3781120344677433,True,False,1.4546738141603957,0.1225363506868233,19.0,1.9214504374064376,0.45000000000317186,1.8229252816536583,18.0,0.6363209636540264,1.8888888888888888,0.6354120608834695,19.0,12.70824121766939,1.894736842105263,1,False,2,0.0,True,False,1.0140988419645087,True,False,False
B2,48.0,7,153.9999999999969,5,0.6,0.09999999999897113,0.20000000000010232,1.4859370834408199,True,False,1.5641442983587577,0.2528670035375127,20.0,2.1498242852263805,0.5500000000039904,1.373658328343972,19.0,0.4542605171439851,1.894736842105263,0.7504302423306806,18.0,15.008604846613611,1.8888888888888888,2,True,3,-2.0,True,False,1.1381422686492604,False,True,False
B2,6.0,0,71.90000000000019,15,1.5,3.499999999999801,53.60000000000021,0.9628534236633107,False,True,1.0047166159964982,0.003325859273322,24.0,1.9180420864540584,0.2999999999978513,1.9180420864540584,23.0,0.5239745154852269,1.9130434782608696,0.5239745154852269,23.0,10.479490309704538,1.9130434782608696,0,False,2,-1.0,False,True,1.0026129088282578,True,False,False
B2,6.0,0,75.39999999999999,24,1.5,3.1999999999998465,3.499999999999801,1.047405432770269,False,True,1.0950147706234632,0.0362044722115478,23.0,1.881131996539303,0.3499999999978485,1.8811260860429333,22.0,0.5372483538535091,1.9090909090909092,0.537250041887325,22.0,10.745000837746499,1.9090909090909092,0,False,2,-1.0,False,True,0.985354855330111,True,False,False
B2,6.0,0,78.59999999999984,21,1.3000000000003524,1.3000000000003524,3.1999999999998465,1.05322216240151,False,False,1.1033755987063436,0.0372464750907376,22.0,1.8788999680231275,0.3999999999978172,1.877151043939686,21.0,0.5616422789827933,1.9047619047619047,0.5621655558449099,21.0,11.243311116898198,1.9047619047619047,0,False,2,-1.0,False,True,0.986422483212142,True,False,False
B2,6.0,0,85.29999999999943,12,1.3000000000004093,1.3000000000004093,1.8999999999994373,1.0247310066761801,False,False,1.0713096887978246,0.0722647180271631,23.0,1.86448898476052,0.3499999999978485,1.863855201630559,22.0,0.5323158007997897,1.9090909090909092,0.532496808838431,22.0,10.64993617676862,1.9090909090909092,0,False,2,-1.0,False,True,0.9766370872555103,False,False,True
B2,6.0,0,101.89999999999849,8,1.5,2.6999999999998323,8.599999999999042,0.9695325027579996,False,True,1.0116860898344344,0.0055805581026054,24.0,1.9138745879127703,0.34999999999783427,1.9137913444739412,23.0,0.522813289417658,1.9130434782608696,0.5228360300242567,23.0,10.456720600485134,1.9130434782608696,0,False,2,-1.0,False,True,1.0004344436816754,True,False,False
B2,6.0,0,104.59999999999832,23,1.3999999999999204,1.3999999999999204,2.6999999999998323,1.0879506489848492,False,False,1.1374029512114332,0.0537150923172103,23.0,1.8787472255534168,0.3499999999978627,1.8784328112578423,22.0,0.5364791563736055,1.9090909090909092,0.5365689528864381,22.0,10.731379057728763,1.9090909090909092,0,False,2,-1.0,False,True,0.9841056895755992,True,False,False
B2,6.0,0,105.99999999999824,7,1.1999999999999602,1.1999999999999602,1.3999999999999204,1.5482702248406814,False,False,1.6219973784045232,0.1410374803522363,22.0,1.850784724410738,0.3499999999978627,1.8504124344575483,21.0,0.5536421057336227,1.9047619047619047,0.5537534946271414,21.0,11.075069892542828,1.9047619047619047,0,False,2,-1.0,False,True,0.9716619803156376,False,False,True
B2,6.0,0,107.1999999999982,22,1.5,2.700000000000287,1.1999999999999602,1.614806534649348,False,True,1.6955468613818154,0.1659087889648642,21.0,2.0145565646447,0.24999999999783995,2.0145565646447,20.0,0.6328916103728881,1.9,0.6328916103728881,20.0,12.657832207457762,1.9,0,False,2,-1.0,False,True,1.0602929287603686,False,True,False
B2,6.0,0,112.69999999999833,23,1.299999999999912,1.299999999999912,0.10000000000000853,1.085342202387815,False,False,1.1370251644062823,0.2067179972272282,22.0,1.1393434270432812,0.19999999999738804,1.087555089450405,21.0,0.3253957218468173,1.9047619047619047,0.3253957218468173,22.0,6.507914436936346,1.9090909090909092,1,False,2,0.0,True,False,0.596798937975052,False,False,True
B2,6.0,0,121.59999999999737,25,1.5,7.999999999999986,0.8999999999990393,1.0238067816392284,False,True,1.0683201199713688,0.1221193840513921,24.0,1.914451109707671,0.24999999999785416,1.914451109707671,23.0,0.5229935253838649,1.9130434782608696,0.5229935253838649,23.0,10.459870507677298,1.9130434782608696,1,False,2,-1.0,False,False,1.0007358073471917,True,False,False
B2,6.0,0,132.39999999999677,2,1.5,1.899999999999892,2.7999999999994145,0.9837134914435272,False,True,1.0264836432454196,0.0509930985497297,24.0,1.7874893594150183,0.5499999999992156,1.756725975543056,23.0,0.4799058625336023,1.9130434782608696,0.4883098643398389,23.0,9.766197286796778,1.9130434782608696,0,False,2,-1.0,False,True,0.9343694378760322,False,False,True
B2,6.0,0,134.29999999999666,20,1.5,6.100000000000108,1.899999999999892,1.342489653710599,False,True,1.4035119106974443,0.0955197909285316,23.0,1.7756624092597229,0.24999999999968736,1.7756624092597229,22.0,0.507127998198718,1.9090909090909092,0.507127998198718,22.0,10.14255996397436,1.9090909090909092,0,False,2,-1.0,False,True,0.9301088810408071,False,False,True
B2,6.0,0,141.29999999999671,8,0.9999999999999432,0.9999999999999432,0.8999999999999488,1.0129405537526512,False,False,1.0589833061959537,0.134216723980883,23.0,2.0008881327002395,0.25000000000122213,2.0008881327002395,22.0,0.5714523143950974,1.9090909090909092,0.5714523143950974,22.0,11.429046287901947,1.9090909090909092,1,False,2,-1.0,False,False,1.0480842599858398,False,True,False
B2,6.0,1,24.100000000000072,18,1.5,8.0,inf,0.9595102800104951,False,True,1.001228118271821,0.0008582345179341,24.0,1.9177417148798208,0.20000000000013785,1.9177417148798208,23.0,0.5238924593868814,1.9130434782608696,0.5238924593868814,23.0,10.477849187737629,1.9130434782608696,0,False,2,-1.0,False,True,1.0024558964144517,True,False,False
B2,6.0,1,32.20000000000019,7,1.5,2.10000000000003,0.10000000000011511,1.0146587950377985,False,True,1.0587743948220507,0.1446974902463086,24.0,1.991434618182261,0.2500000000001066,1.991434618182261,23.0,0.5440240318770249,1.9130434782608696,0.5440240318770249,23.0,10.880480637540497,1.9130434782608696,1,False,2,-1.0,False,False,1.040977186777091,False,True,False
B2,6.0,1,34.30000000000022,24,1.5,4.4000000000000625,2.10000000000003,1.2957662764117577,False,True,1.354664743521383,0.1100117136664036,23.0,1.923050049676266,0.3499999999999517,1.9172098159051256,22.0,0.5475538430034348,1.9090909090909092,0.5492218098680404,22.0,10.984436197360807,1.9090909090909092,0,False,2,-1.0,False,True,1.007311930782806,True,False,False
B2,6.0,1,38.70000000000028,4,1.4999999999999076,1.4999999999999076,4.4000000000000625,1.0287936812118907,False,False,1.0777838565076951,0.0282077526837987,22.0,1.9543483414479477,0.2999999999996419,1.9543483414479477,21.0,0.5847396563855494,1.9047619047619047,0.5847396563855494,21.0,11.694793127710987,1.9047619047619047,0,False,2,-1.0,False,True,1.0260328792601725,False,True,False
B2,6.0,1,40.400000000000304,14,1.5,1.8999999999999133,0.20000000000011653,1.571839539371573,False,True,1.6466890412464097,0.2240632074222768,22.0,1.90248639225132,0.3999999999995154,1.8963836249895147,21.0,0.5673966537766706,1.9047619047619047,0.5692225974715521,21.0,11.384451949431043,1.9047619047619047,1,False,2,-1.0,False,False,0.9988053559319431,True,False,False
B2,6.0,1,60.9000000000006,23,1.5,3.2000000000000313,12.500000000000298,0.9615974257189897,False,True,1.0034060094459023,0.0020157929558191,24.0,1.915457805644384,0.2999999999980574,1.915457805644384,23.0,0.5232685365629237,1.9130434782608696,0.5232685365629237,23.0,10.465370731258474,1.9130434782608696,0,False,2,-1.0,False,True,1.0012620347686552,True,False,False
B2,6.0,1,64.10000000000063,3,1.5,4.799999999999969,3.2000000000000313,1.0665082388051241,False,True,1.1149858860235389,0.040995816166807,23.0,1.8828332887733,0.39999999999784563,1.8765828193323,22.0,0.5359507999151978,1.9090909090909092,0.5377359298131372,22.0,10.754718596262745,1.9090909090909092,0,False,2,-1.0,False,True,0.9862460084050618,True,False,False
B2,6.0,1,82.8999999999998,23,1.5,4.799999999999486,10.799999999999173,0.9707077609178878,False,True,1.0129124461751873,0.0088657915657251,24.0,1.8904670409489832,0.29999999999760973,1.890370985607504,23.0,0.5164152696472897,1.9130434782608696,0.5164415102346922,23.0,10.328830204693844,1.9130434782608696,0,False,2,-1.0,False,True,0.9881986804960594,True,False,False
B2,6.0,1,87.69999999999929,21,1.5,3.2000000000005144,4.799999999999486,1.0042631582489154,False,True,1.049911483623866,0.0170695434045979,23.0,1.931988879076538,0.2999999999978513,1.931988879076538,22.0,0.5517747335749119,1.9090909090909092,0.5517747335749119,22.0,11.035494671498238,1.9090909090909092,0,False,2,-1.0,False,True,1.011994174754377,True,False,False
B2,6.0,1,91.99999999999892,7,0.6,0.20000000000011653,1.0999999999991132,1.0611499210300537,True,False,1.1093840083496016,0.1137002136309881,23.0,1.9776023520479156,0.2999999999979792,1.9776023520479156,22.0,0.5648019109923297,1.9090909090909092,0.5648019109923297,22.0,11.296038219846594,1.9090909090909092,1,False,3,-1.0,True,False,1.035886946310813,False,True,False
B2,6.0,1,92.19999999999904,11,1.5,3.5000000000002416,0.20000000000011653,1.0587528892196691,False,True,1.106878020547836,0.0994655922408653,23.0,1.9776023520479156,0.09999999999786269,1.9776023520479156,22.0,0.5648019109923297,1.9090909090909092,0.5648019109923297,22.0,11.296038219846594,1.9090909090909092,1,False,3,-1.0,True,False,1.035886946310813,False,True,False
B2,6.0,1,106.49999999999812,4,1.5,8.0,6.299999999999088,1.0010433791164757,False,True,1.044567004295453,0.0239681032324759,24.0,1.8462838297953816,0.2999999999979508,1.8462838297953816,22.0,0.5272974287387999,1.9090909090909092,0.5272974287387999,22.0,10.545948574775998,1.9090909090909092,1,False,2,-2.0,True,False,0.9671010537023427,False,False,True
B2,6.0,1,106.49999999999856,7,1.5,7.9999999999995595,6.299999999999528,1.0010433791164757,False,True,1.044567004295453,0.0239681032324759,24.0,1.8462838297953816,0.29999999999751026,1.8462838297953816,22.0,0.5272974287387999,1.9090909090909092,0.5272974287387999,22.0,10.545948574775998,1.9090909090909092,1,False,2,-2.0,True,False,0.9671010537023427,False,False,True
B2,6.0,1,115.19999999999771,22,1.5,8.0,0.6999999999991502,1.0673955922595009,False,True,1.1138040962707836,0.2139795969555429,24.0,2.070860197403313,0.29999999999786553,2.070860197403313,23.0,0.5657216680672832,1.9130434782608696,0.5657216680672832,23.0,11.314433361345664,1.9130434782608696,2,False,2,-1.0,False,False,1.0824951031880954,False,True,False
B2,6.0,1,125.69999999999791,7,1.5,8.000000000000028,2.500000000000199,1.0217965807003868,False,True,1.0662225189917078,0.0548723270356446,24.0,1.8938257617178729,0.24999999999708677,1.8938257617178729,23.0,0.5173590521906055,1.9130434782608696,0.5173590521906055,23.0,10.34718104381211,1.9130434782608696,0,False,2,-1.0,False,True,0.9899543754434336,True,False,False
B2,6.0,1,149.89999999999577,9,1.5,1.7999999999998977,16.19999999999783,0.9726969949330028,False,True,1.014988168625742,0.0105654750290514,24.0,1.9030643919964867,0.20000000000410978,1.9030643919964867,23.0,0.519882879409086,1.9130434782608696,0.519882879409086,23.0,10.397657588181719,1.9130434782608696,0,False,2,-1.0,False,True,0.994783659452709,True,False,False
B2,6.0,1,151.69999999999567,19,1.5,inf,1.7999999999998977,1.3647038248863357,False,True,1.4267358169266238,0.0995378748896987,23.0,1.8852264112444068,0.25000000000463274,1.883239372932588,22.0,0.5378519071778243,1.9090909090909092,0.5384194039926253,22.0,10.768388079852507,1.9090909090909092,0,False,2,-1.0,False,True,0.9874995487470702,True,False,False
B2,6.0,2,38.70000000000028,20,1.5,1.6000000000000227,inf,0.9589858083371211,False,True,1.0006808434822134,0.0004841141780554,24.0,1.9166606319076236,0.34999999999963904,1.916660612393735,23.0,0.5235971216800932,1.9130434782608696,0.5235971270109356,23.0,10.471942540218713,1.9130434782608696,0,False,2,-1.0,False,True,1.0018907848608032,True,False,False
B2,6.0,2,40.3000000000003,25,1.5,6.399999999999977,1.6000000000000227,1.5091509991589727,False,True,1.5777487718480168,0.1279488693199167,23.0,1.845653708789631,0.3999999999995296,1.8401674852499867,22.0,0.5255506048214693,1.9090909090909092,0.5271174666003873,22.0,10.542349332007745,1.9090909090909092,0,False,2,-1.0,False,True,0.9667709903183781,False,False,True
B2,6.0,2,65.30000000000057,17,1.2999999999998124,1.2999999999998124,17.000000000000263,0.9661470753484246,False,False,1.0081534699287908,0.0058265493507723,24.0,1.9051496921420528,0.2999999999978513,1.9051496921420528,23.0,0.5204525458106373,1.9130434782608696,0.5204525458106373,23.0,10.409050916212745,1.9130434782608696,0,False,2,-1.0,False,True,0.9958737027106185,True,False,False
B2,6.0,2,66.60000000000038,20,1.5,3.3999999999999204,1.2999999999998124,1.6103499484470916,False,True,1.683547673376505,0.1483388114978632,23.0,1.837751287533664,0.5499999999979508,1.8252966672339184,22.0,0.5213035091276375,1.9090909090909092,0.5248605403673583,22.0,10.497210807347166,1.9090909090909092,0,False,2,-1.0,False,True,0.9626316268033477,False,False,True
B2,6.0,2,70.0000000000003,7,1.5,3.300000000000267,3.3999999999999204,1.0601011189804495,False,True,1.110582124646185,0.0419751044910356,22.0,1.8882736916579057,0.3499999999978485,1.887266276413685,21.0,0.5646687494618092,1.9047619047619047,0.5649701673980339,21.0,11.299403347960677,1.9047619047619047,0,False,2,-1.0,False,True,0.9913436881204005,True,False,False
B2,6.0,2,95.19999999999888,19,1.5,6.199999999999633,17.19999999999858,0.9639662829606714,False,True,1.0058778604807006,0.004532403353217,24.0,1.9095390453638248,0.2999999999978371,1.9095390453638248,23.0,0.5216516379702485,1.9130434782608696,0.5216516379702485,23.0,10.43303275940497,1.9130434782608696,0,False,2,-1.0,False,True,0.998168137349272,True,False,False
B2,6.0,2,101.39999999999851,13,1.5,1.8000000000003666,6.199999999999633,0.9884703621328165,False,True,1.0334008331388536,0.0121799041124402,23.0,1.8905623774824245,0.2999999999978513,1.8905623774824245,22.0,0.5399433523865489,1.9090909090909092,0.5399433523865489,22.0,10.798867047730978,1.9090909090909092,0,False,2,-1.0,False,True,0.9902945786812699,True,False,False
B2,6.0,2,106.8999999999982,12,1.5,2.5000000000003126,3.6999999999993207,1.0091332028847497,False,True,1.0550028939249656,0.0337698450349781,23.0,1.93566195282806,0.2999999999978371,1.93566195282806,22.0,0.5528237609852642,1.9090909090909092,0.5528237609852642,22.0,11.056475219705284,1.9090909090909092,0,False,2,-1.0,False,True,1.013918165767079,True,False,False
B2,6.0,2,110.99999999999842,7,1.5,3.8999999999997783,1.599999999999909,1.0684719712366157,False,True,1.1170388790200982,0.0956054274727099,23.0,1.9708018567640029,0.29999999999739657,1.9708018567640029,22.0,0.5628596940809922,1.9090909090909092,0.5628596940809922,22.0,11.257193881619845,1.9090909090909092,0,False,2,-1.0,False,True,1.0323247821144776,False,True,False
B2,6.0,2,115.49999999999773,16,1.5,3.5000000000006963,0.5999999999995254,1.0721325096567191,False,True,1.1208658055502063,0.1540257000653477,23.0,2.008842898190464,0.5999999999978343,2.007064044245761,22.0,0.5732161506078821,1.9090909090909092,0.5737241901064718,22.0,11.474483802129436,1.9090909090909092,1,False,2,-1.0,False,False,1.0522510419092905,False,True,False
B2,6.0,2,134.79999999999663,5,1.5,8.0,11.299999999998903,0.9942460091539305,False,True,1.0374740965084492,0.020888003300007,24.0,1.871537111844539,0.29999999999984084,1.8715361660016665,23.0,0.5112699365250819,1.9130434782608696,0.5112701949123011,23.0,10.225403898246022,1.9130434782608696,0,False,2,-1.0,False,True,0.9783034902823726,False,False,True
B2,6.0,2,147.89999999999588,9,1.5,inf,5.099999999999255,0.9851001991615805,False,True,1.0279306426033883,0.0241667794367513,24.0,1.891216124117662,0.20000000000354134,1.891216124117662,23.0,0.5166461462503138,1.9130434782608696,0.5166461462503138,23.0,10.332922925006276,1.9130434782608696,0,False,2,-1.0,False,True,0.9885902466978687,True,False,False
B2,6.0,3,27.900000000000126,14,1.5,1.8000000000000256,13.000000000000135,1.001845164024506,False,True,1.045403649416876,0.0333498361491064,24.0,1.828675302288112,0.20000000000013785,1.828675302288112,23.0,0.4995611213451676,1.9130434782608696,0.4995611213451676,23.0,9.991222426903352,1.9130434782608696,0,False,2,-1.0,False,True,0.9558984534687858,False,False,True
B2,6.0,3,29.700000000000152,15,1.5,6.199999999999974,1.8000000000000256,1.3055548181033452,False,True,1.3648982189262244,0.0876183349025629,23.0,2.251766551543258,0.20000000000013785,2.251766551543258,22.0,0.6431030232661383,1.9090909090909092,0.6431030232661383,22.0,12.862060465322767,1.9090909090909092,0,False,2,-1.0,False,True,1.1794967650940875,False,True,False
B2,6.0,3,36.80000000000025,7,0.8999999999998991,0.8999999999998991,0.9000000000001265,1.0230600564140473,False,False,1.0695627862510495,0.1423518992376934,23.0,2.004496061701508,0.34999999999977405,2.003500143268948,22.0,0.5721983028690749,1.9090909090909092,0.5724827365082845,22.0,11.44965473016569,1.9090909090909092,1,False,2,-1.0,False,False,1.0499741275579326,False,True,False
B2,6.0,3,48.2000000000003,7,1.5,3.200000000000159,3.4000000000000483,1.0096400250727002,False,True,1.0535374174671654,0.0368875857583329,24.0,1.9089144130094515,0.44999999999907203,1.905015239647501,23.0,0.5204158158133207,1.9130434782608696,0.5214809996732317,23.0,10.429619993464634,1.9130434782608696,0,False,2,-1.0,False,True,0.9978416249822133,True,False,False
B2,6.0,3,51.40000000000046,23,1.5,4.799999999999841,3.200000000000159,1.0794304486641153,False,True,1.1284954690579387,0.0460051188201621,23.0,1.911088605457167,0.2999999999987395,1.911088605457167,22.0,0.5458056293875817,1.9090909090909092,0.5458056293875817,22.0,10.916112587751634,1.9090909090909092,0,False,2,-1.0,False,True,1.0010464123823255,True,False,False
B2,6.0,3,56.20000000000053,22,1.5,3.199999999999932,4.800000000000068,1.0297969387853796,False,True,1.07883488825135,0.0283489123543025,22.0,2.0019005493489934,0.29999999999839844,,,,,0.5717414599138335,22.0,11.43482919827667,1.9090909090909092,1,False,2,0.0,True,False,1.0486145734685204,False,True,False
B2,6.0,3,65.20000000000057,2,1.5,3.499999999999801,1.0000000000000426,1.0442223414056928,False,True,1.0896233127711576,0.1218709658455083,24.0,2.040311334765858,0.3499999999978485,2.034172763253538,23.0,0.5556993225365012,1.9130434782608696,0.55737626959447,23.0,11.147525391889399,1.9130434782608696,0,False,2,-1.0,False,True,1.0665263795366986,False,True,False
B2,6.0,3,68.70000000000037,21,1.5,4.500000000000199,3.499999999999801,1.094653468412205,False,True,1.1444104442491232,0.0592965019692589,23.0,1.8398683164504692,0.39999999999784563,1.836943903640977,22.0,0.5246299520668227,1.9090909090909092,0.5254651624121287,22.0,10.509303248242574,1.9090909090909092,0,False,2,-1.0,False,True,0.9637405467121505,False,False,True
B2,6.0,3,77.99999999999962,7,1.5,8.0,1.299999999999244,1.0279646377369371,False,True,1.072658752421152,0.104518108346849,24.0,2.024349065292016,0.2999999999980787,2.024349065292016,23.0,0.5530156653758924,1.9130434782608696,0.5530156653758924,23.0,11.060313307517848,1.9130434782608696,0,False,2,-1.0,False,True,1.0581824659480994,False,True,False
B2,6.0,3,91.59999999999896,15,1.2000000000000455,1.2000000000000455,5.599999999999341,0.973986859372176,False,False,1.016334114127488,0.0112128460414067,24.0,1.935652740644087,0.299999999997965,1.935652740644087,23.0,0.5287854286876881,1.9130434782608696,0.5287854286876881,23.0,10.575708573753761,1.9130434782608696,0,False,2,-1.0,False,True,1.0118184780639545,True,False,False
B2,6.0,3,92.799999999999,10,1.5,6.599999999999639,1.2000000000000455,1.6870630988321735,False,True,1.763747785142727,0.1648019328708208,23.0,1.8298683913516895,0.34999999999783427,1.822990081265205,22.0,0.520644749715439,1.9090909090909092,0.5226091904824219,22.0,10.452183809648439,1.9090909090909092,0,False,2,-1.0,False,True,0.9585024907080278,False,False,True
B2,6.0,3,99.39999999999864,12,0.6,0.20000000000031548,6.599999999999639,0.9773506719939754,True,False,1.0238911801841648,0.0134520506493995,22.0,2.0161494154357333,0.2999999999978371,,,,,0.5758109265520233,22.0,11.516218531040465,1.9090909090909092,1,False,1,0.0,True,False,1.0560782652282412,False,True,False
B2,6.0,3,101.09999999999852,18,1.5,2.399999999999878,0.299999999999514,1.5603365249712773,False,True,1.6312609124699715,0.221045970075041,23.0,1.9937324652019872,0.29999999999786553,1.9937324652019872,22.0,0.5694086605365483,1.9090909090909092,0.5694086605365483,22.0,11.388173210730965,1.9090909090909092,1,False,2,-1.0,False,False,1.0443360532010408,False,True,False
B2,6.0,3,103.4999999999984,6,1.5,3.9000000000002473,2.399999999999878,1.1861716674754144,False,True,1.2426560325932914,0.1137574260179943,22.0,1.9380753300798463,0.2999999999978513,1.9380753300798463,21.0,0.579870782769758,1.9047619047619047,0.579870782769758,21.0,11.59741565539516,1.9047619047619047,0,False,2,-1.0,False,True,1.0174895482919193,True,False,False
B2,6.0,3,107.99999999999814,5,1.100000000000378,1.100000000000378,0.5999999999994969,1.0758957395458364,False,False,1.1271288700004,0.1631512899432158,22.0,1.9705087149158145,0.29999999999786553,1.9705087149158145,21.0,0.5895748288203988,1.9047619047619047,0.5895748288203988,21.0,11.791496576407976,1.9047619047619047,1,False,2,-1.0,False,False,1.0345170753308026,False,True,False
B2,6.0,3,111.39999999999829,15,0.6,0.100000000000108,2.29999999999977,1.1644616491526987,True,False,1.2199122038742558,0.1023378021136605,22.0,1.905421891967044,0.3499999999975074,,,,,0.544187219799348,22.0,10.88374439598696,1.9090909090909092,1,False,2,0.0,True,False,0.9980781338874992,True,False,False
B2,6.0,3,121.89999999999723,23,1.5,8.000000000000014,2.4999999999989484,1.0336415948858975,False,True,1.07858253379398,0.0755238771076265,24.0,2.036472626762467,0.299999999997965,2.036472626762467,23.0,0.5563276037803195,1.9130434782608696,0.5563276037803195,23.0,11.12655207560639,1.9130434782608696,0,False,2,-1.0,False,True,1.0645197821712895,False,True,False
B2,6.0,3,132.99999999999676,16,0.6,0.09999999999999432,3.099999999999511,1.0089808498206139,True,False,1.05284958242151,0.0310978681343196,24.0,1.9277789373406464,0.24999999999928946,1.9277789373406464,23.0,0.5266344475908271,1.9130434782608696,0.5266344475908271,23.0,10.532688951816542,1.9130434782608696,1,False,3,-1.0,True,False,1.007702626337156,True,False,False
B2,6.0,3,133.09999999999675,25,1.5,7.899999999999977,0.09999999999999432,1.0105867240471553,False,True,1.0545252772665967,0.0297964344313771,24.0,1.9277789373406464,0.14999999999929514,1.9277789373406464,23.0,0.5266344475908271,1.9130434782608696,0.5266344475908271,23.0,10.532688951816542,1.9130434782608696,1,False,3,-1.0,True,False,1.007702626337156,True,False,False
B2,6.0,3,140.99999999999673,21,0.6,0.10000000000002274,7.899999999999977,0.9927207210381177,True,False,1.0399931363256472,0.019154284327817,22.0,2.162391757937784,0.25000000000113687,,,,,0.59072644008004,23.0,11.814528801600801,1.9130434782608696,2,False,3,1.0,True,False,1.1303411461947508,False,True,False
B2,6.0,3,150.39999999999574,11,1.5,1.6999999999997897,1.399999999999011,1.028229582992952,False,True,1.072935217036124,0.0919666498351913,24.0,1.932277374185304,0.2000000000042519,1.932277374185304,23.0,0.5278633394294197,1.9130434782608696,0.5278633394294197,23.0,10.557266788588393,1.9130434782608696,0,False,2,-1.0,False,True,1.0100540819604997,True,False,False
B2,6.0,3,152.09999999999553,22,1.5,inf,1.6999999999997897,1.422610169757994,False,True,1.4872742683833575,0.1150068040387061,23.0,1.788014136341198,0.4000000000048942,1.780909715992065,22.0,0.5086266254970324,1.9090909090909092,0.5106556432040188,22.0,10.213112864080376,1.9090909090909092,0,False,2,-1.0,False,True,0.9365788333215799,False,False,True
B2,6.0,4,21.400000000000038,19,1.5,8.0,8.800000000000038,0.9674127110885592,False,True,1.009474133309801,0.0065204256358731,24.0,1.929994494148171,0.20000000000013074,1.929994494148171,23.0,0.527239697763882,1.9130434782608696,0.527239697763882,23.0,10.54479395527764,1.9130434782608696,0,False,2,-1.0,False,True,1.0088607583047258,True,False,False
B2,6.0,4,45.10000000000037,6,1.5,8.0,15.700000000000333,0.962314087956765,False,True,1.0041538309114069,0.0028788515817183,24.0,1.922896149738511,0.29999999999918714,1.922896149738511,23.0,0.525300558055183,1.9130434782608696,0.525300558055183,23.0,10.506011161103661,1.9130434782608696,0,False,2,-1.0,False,True,1.0051502600905853,True,False,False
B2,6.0,4,63.20000000000063,17,1.5,5.499999999999744,10.100000000000257,0.9652868482989158,False,True,1.0072558417032165,0.0038690066605433,24.0,1.9223210692230408,0.3499999999978982,1.9222342043348075,23.0,0.525119726505848,1.9130434782608696,0.5251434564271289,23.0,10.502869128542578,1.9130434782608696,0,False,2,-1.0,False,True,1.004849649821135,True,False,False
B2,6.0,4,68.70000000000037,12,1.5,2.2999999999998693,5.499999999999744,0.9993630519033251,False,True,1.044788645171658,0.0188159630907996,23.0,1.9085478877578657,0.3499999999978485,1.9065880986919368,22.0,0.5445202876611202,1.9090909090909092,0.5450800021094935,22.0,10.90160004218987,1.9090909090909092,0,False,2,-1.0,False,True,0.9997155602541201,True,False,False
B2,6.0,4,71.00000000000024,13,0.6,0.20000000000038654,2.2999999999998693,1.2294968858966007,True,False,1.2880443566535815,0.0802078443019767,22.0,2.340616678498319,0.2999999999978513,,,,,0.6684785601854601,22.0,13.369571203709203,1.9090909090909092,1,False,1,0.0,True,False,1.2260373077848337,False,True,False
B2,6.0,4,71.90000000000019,14,1.5,4.800000000000182,0.6999999999995623,2.002468578147138,False,True,2.0978242247255734,0.2792556037652347,22.0,2.9374271367376985,0.2999999999978513,2.9374271367376985,21.0,0.8788761441171862,1.9047619047619047,0.8788761441171862,21.0,17.57752288234372,1.9047619047619047,2,False,2,-1.0,False,False,1.5421492467872917,False,True,False
B2,6.0,4,83.89999999999951,11,1.5,8.000000000000014,3.999999999999318,1.0201688655129917,False,True,1.0645240335787738,0.0652905274922275,24.0,1.7725841300971286,0.39999999999784563,1.7692953299059258,23.0,0.4833395835185379,1.9130434782608696,0.4842380244333037,23.0,9.684760488666074,1.9130434782608696,0,False,2,-1.0,False,True,0.9265780680053172,False,False,True
B2,6.0,4,106.29999999999824,24,1.5,8.0,14.399999999998712,0.9882283363977118,False,True,1.031194785806308,0.02151747194859,24.0,1.9730463738771549,0.2999999999978513,1.9730463738771549,23.0,0.5390006950751696,1.9130434782608696,0.5390006950751696,23.0,10.780013901503391,1.9130434782608696,0,False,2,-1.0,False,True,1.03136514998124,False,True,False
B2,6.0,4,116.59999999999764,16,1.199999999999946,1.199999999999946,2.2999999999994003,1.0097188815347797,False,False,1.0536197024710745,0.0521610103486714,24.0,1.9277173484050016,0.29999999999786553,1.9277173484050016,23.0,0.5266176226040651,1.9130434782608696,0.5266176226040651,23.0,10.532352452081302,1.9130434782608696,0,False,2,-1.0,False,True,1.0076704321207963,True,False,False
B2,6.0,4,117.79999999999758,4,1.5,6.599999999999625,1.199999999999946,1.6647689641378893,False,True,1.7404402806896115,0.1615361409205711,23.0,1.8992790291470865,0.29999999999786553,1.8992790291470865,22.0,0.5424328222805128,1.9090909090909092,0.5424328222805128,22.0,10.848656445610256,1.9090909090909092,0,False,2,-1.0,False,True,0.99486044383895,True,False,False
B2,6.0,4,124.3999999999972,8,0.6,0.20000000000042917,6.599999999999625,0.9867093289900964,True,False,1.0336954875134343,0.013197573051022,22.0,2.0244785186902066,0.2999999999978513,,,,,0.5781897128788636,22.0,11.563794257577271,1.9090909090909092,1,False,1,0.0,True,False,1.0604411288377271,False,True,False
B2,6.0,4,137.59999999999692,4,1.5,3.099999999999824,5.199999999999733,0.9792055358142983,False,True,1.0217796895453548,0.0156217505996564,24.0,1.8732174865119464,0.3000000000001819,1.8728784802341385,23.0,0.5116366325713031,1.9130434782608696,0.5117292429740754,23.0,10.234584859481508,1.9130434782608696,0,False,2,-1.0,False,True,0.9791818679494265,False,False,True
B2,6.0,4,140.69999999999675,24,0.6,0.49999999999954525,3.099999999999824,1.0585155177972394,True,False,1.1066298595152957,0.0392478490282331,23.0,1.8833885863966977,0.35000000000107434,1.882044465011668,22.0,0.5375106422736353,1.9090909090909092,0.537894522443521,22.0,10.75789044887042,1.9090909090909092,1,False,2,-1.0,False,False,0.9865368785887464,True,False,False
B2,6.0,4,141.1999999999963,3,1.5,4.400000000000631,0.49999999999954525,1.7951210094830017,False,True,1.8806029623155256,0.1941731744659674,22.0,1.8772967578807755,1.5631940186722204e-12,1.863016824192778,21.0,0.5574133303236399,1.9047619047619047,0.5361547002878346,22.0,10.723094005756693,1.9090909090909092,1,False,2,0.0,True,False,0.983345920794692,True,False,False
B2,6.0,4,152.7999999999955,6,0.6,0.100000000000108,3.5999999999991985,0.9999097376399954,True,False,1.0433840740591256,0.0565010749137138,24.0,1.8950015667624325,0.25000000000505906,1.8950015667624325,23.0,0.51768026092887,1.9130434782608696,0.51768026092887,23.0,10.3536052185774,1.9130434782608696,2,False,3,-1.0,True,False,0.9905690008076351,True,False,False
B2,6.0,4,152.8999999999956,9,0.6,0.3000000000004377,0.100000000000108,0.9989307346111977,True,False,1.0423625056812498,0.0553843760075496,24.0,1.8950015667624325,0.15000000000495106,1.8950015667624325,23.0,0.51768026092887,1.9130434782608696,0.51768026092887,23.0,10.3536052185774,1.9130434782608696,2,False,4,-1.0,True,False,0.9905690008076351,True,False,False
B2,6.0,4,153.19999999999604,16,1.5,inf,0.3000000000004377,1.8010117139874757,False,True,1.886774176558308,0.2727750434766758,22.0,1.885639285852287,4.575895218295045e-12,1.7875760770375206,21.0,0.5348415115575178,1.9047619047619047,0.5385373207048954,22.0,10.770746414097907,1.9090909090909092,2,False,2,0.0,True,False,0.987715816398817,True,False,False
B2,6.0,5,31.10000000000017,9,1.5,8.000000000000004,inf,0.9592170465538722,False,True,1.0009221355344753,0.0006537637784741,24.0,1.917124061837633,0.2000000000001414,1.917124061837633,23.0,0.5237237277121158,1.9130434782608696,0.5237237277121158,23.0,10.474474554242317,1.9130434782608696,0,False,2,-1.0,False,True,1.0021330323242172,True,False,False
B2,6.0,5,80.79999999999968,15,1.5,5.299999999999699,41.69999999999951,0.9598748683500974,False,True,1.0016085582783625,0.0011375603857693,24.0,1.9178255723437627,0.3499999999978485,1.9178188751820968,23.0,0.5239135381902535,1.9130434782608696,0.52391536773407,23.0,10.4783073546814,1.9130434782608696,0,False,2,-1.0,False,True,1.002499730997876,True,False,False
B2,6.0,5,86.09999999999938,16,1.5,2.7000000000003013,5.299999999999699,1.003355551029766,False,True,1.048962621531119,0.0185817871271106,23.0,1.909999055815122,0.3499999999978485,1.9099773239132405,22.0,0.5454882481208116,1.9090909090909092,0.5454944547374754,22.0,10.909889094749508,1.9090909090909092,0,False,2,-1.0,False,True,1.000475695903159,True,False,False
B2,6.0,5,92.09999999999904,12,1.5,2.000000000000341,3.2999999999993577,1.0176397078605817,False,True,1.063896058217881,0.0428485875536119,23.0,1.786568650472148,0.2999999999978513,1.786568650472148,22.0,0.5102428134051937,1.9090909090909092,0.5102428134051937,22.0,10.204856268103875,1.9090909090909092,0,False,2,-1.0,False,True,0.9358216740568395,False,False,True
B2,6.0,5,99.19999999999864,17,0.9000000000004036,0.9000000000004036,5.099999999999255,1.0156113259278012,False,False,1.0617754771063377,0.0241758684212099,23.0,1.9725955572795648,0.2999999999978371,1.9725955572795648,22.0,0.563371973750304,1.9090909090909092,0.563371973750304,22.0,11.26743947500608,1.9090909090909092,0,False,2,-1.0,False,True,1.033264339527391,False,True,False
B2,6.0,5,115.99999999999768,5,1.5,8.0,8.799999999999045,0.9789287914110344,False,True,1.0214909127767315,0.0134702533268477,24.0,1.9199184935697289,0.34999999999783427,1.9198139789137936,23.0,0.5244585645577882,1.9130434782608696,0.5244871160773776,23.0,10.489742321547553,1.9130434782608696,0,False,2,-1.0,False,True,1.0035937580023582,True,False,False
B2,6.0,5,129.39999999999694,14,1.5,2.199999999999875,5.3999999999992525,0.9819071806512256,False,True,1.0245987972012789,0.0148701589943558,24.0,1.9129640867526605,0.29999999999830607,1.9129608456229763,23.0,0.5225864121055706,1.9130434782608696,0.5225872975237622,23.0,10.451745950475244,1.9130434782608696,0,False,2,-1.0,False,True,0.9999584998934361,True,False,False
B2,6.0,5,131.5999999999968,24,1.5,1.6999999999999034,2.199999999999875,1.2299362280694128,False,True,1.285842420254386,0.0766242497113728,23.0,1.8741505775732437,0.3499999999989427,1.8717870230395048,22.0,0.5345811236968743,1.9090909090909092,0.5352561532931972,22.0,10.705123065863944,1.9090909090909092,0,False,2,-1.0,False,True,0.9816979215859847,True,False,False
B2,6.0,5,133.29999999999671,18,1.5,4.100000000000222,1.6999999999999034,1.4161375960252165,False,True,1.4835727196454649,0.1157414073146071,22.0,1.8371638233121608,0.4499999999994486,1.832208725621388,21.0,0.5481955687862161,1.9047619047619047,0.5496781305484211,21.0,10.993562610968421,1.9047619047619047,0,False,2,-1.0,False,True,0.9645110072388845,False,False,True
B2,6.0,5,149.5999999999958,7,1.5,inf,8.299999999999073,0.9717619258211309,False,True,1.014012444335093,0.0084420491761672,24.0,1.9106825208023324,0.20000000000402451,1.9106825208023324,23.0,0.5219640148430464,1.9130434782608696,0.5219640148430464,23.0,10.439280296860929,1.9130434782608696,0,False,2,-1.0,False,True,0.9987658631466737,True,False,False
B2,6.0,6,28.20000000000013,3,1.5,8.0,4.70000000000017,1.0267272315997724,False,True,1.071367546017154,0.0372719837760051,24.0,1.939673380913788,0.20000000000013785,1.939673380913788,23.0,0.5298837951167332,1.9130434782608696,0.5298837951167332,23.0,10.597675902334664,1.9130434782608696,0,False,2,-1.0,False,True,1.013920176386753,True,False,False
B2,6.0,6,51.100000000000456,12,1.5,8.0,14.900000000000325,0.9610815203056827,False,True,1.0028676733624515,0.0020322740805812,24.0,1.9135318423238976,0.2999999999987608,1.9135318423238976,23.0,0.5227423981091217,1.9130434782608696,0.5227423981091217,23.0,10.454847962182434,1.9130434782608696,0,False,2,-1.0,False,True,1.0002552812147647,True,False,False
B2,6.0,6,67.00000000000047,11,1.5,3.799999999999784,7.900000000000013,0.9697261104634078,False,True,1.0118881152661647,0.0074417628407916,24.0,1.9096190921576024,0.2999999999978513,1.9096190921576024,23.0,0.521673505311055,1.9130434782608696,0.521673505311055,23.0,10.433470106221101,1.9130434782608696,0,False,2,-1.0,False,True,0.998209979991474,True,False,False
B2,6.0,6,70.80000000000025,10,1.5,4.200000000000216,3.799999999999784,1.0150086468735382,False,True,1.0611454035496082,0.0269143779439104,23.0,1.9321222130094644,0.2999999999978513,1.9321222130094644,22.0,0.5518128136571079,1.9090909090909092,0.5518128136571079,22.0,11.036256273142158,1.9090909090909092,0,False,2,-1.0,False,True,1.0120640163382908,True,False,False
B2,6.0,6,97.49999999999874,24,1.1999999999999034,1.1999999999999034,18.699999999998482,0.96665620779357,False,False,1.0086847385672035,0.0065132246491974,24.0,1.933002019747344,0.29999999999786553,1.933002019747344,23.0,0.5280612995315206,1.9130434782608696,0.5280612995315206,23.0,10.561225990630412,1.9130434782608696,0,False,2,-1.0,False,True,1.0104328739588389,True,False,False
B2,6.0,6,98.69999999999864,7,1.5,6.800000000000097,1.1999999999999034,1.6852606112206003,False,True,1.761863366276082,0.1643704563324791,23.0,1.8417887972211504,0.39999999999788827,1.8406220041377055,22.0,0.5256804151122489,1.9090909090909092,0.5260136504376316,22.0,10.520273008752632,1.9090909090909092,0,False,2,-1.0,False,True,0.9647465128301264,False,False,True
B2,6.0,6,109.49999999999852,10,1.5,8.0,2.7999999999998835,1.00881021523395,False,True,1.052671528939774,0.0398422925997061,24.0,1.974168034758572,0.3499999999973795,1.971464346733947,23.0,0.5385685137837886,1.9130434782608696,0.5393071126042894,23.0,10.786142252085789,1.9130434782608696,0,False,2,-1.0,False,True,1.031951472714708,False,True,False
B2,6.0,6,130.8999999999973,11,1.5,4.899999999999267,13.399999999998784,0.9621204178101751,False,True,1.003951740323661,0.002702478258803,24.0,1.914715950413072,0.24999999999826628,1.914715950413072,23.0,0.5230658750894701,1.9130434782608696,0.5230658750894701,23.0,10.461317501789402,1.9130434782608696,0,False,2,-1.0,False,True,1.000874246806833,True,False,False
B2,6.0,6,135.79999999999657,21,1.5,2.8999999999997215,4.899999999999267,1.0114491267481582,False,True,1.0574240870548928,0.0197223319098855,23.0,1.9057201374030035,0.20000000000010232,1.9057201374030035,22.0,0.5442723984966733,1.9090909090909092,0.5442723984966733,22.0,10.885447969933466,1.9090909090909092,0,False,2,-1.0,False,True,0.9982343576872875,True,False,False
B2,6.0,6,138.6999999999963,3,0.6,0.2000000000010118,2.8999999999997215,1.0701839446973747,True,False,1.1211450849210591,0.0448249455949668,22.0,1.942125435686616,0.30000000000106297,,,,,0.5546697273729952,22.0,11.093394547459905,1.9090909090909092,1,False,1,0.0,True,False,1.0173037996453702,True,False,False
B2,6.0,7,25.000000000000085,6,1.5,3.9000000000000554,10.000000000000094,0.9658190496583369,False,True,1.0078111822521776,0.0052355955360751,24.0,1.915466803164779,0.20000000000013785,1.915466803164779,23.0,0.5232709945232692,1.9130434782608696,0.5232709945232692,23.0,10.465419890465384,1.9130434782608696,0,False,2,-1.0,False,True,1.0012667380179527,True,False,False
B2,6.0,7,28.90000000000014,16,1.5,4.099999999999945,3.9000000000000554,1.0190677284641896,False,True,1.0653889888489254,0.0287984403661748,23.0,1.8985873541769704,0.25000000000013856,1.8980241961745008,22.0,0.5420744428215896,1.9090909090909092,0.5422352803709867,22.0,10.844705607419733,1.9090909090909092,0,False,2,-1.0,False,True,0.9944981379022225,True,False,False
B2,6.0,7,45.400000000000375,9,1.5,4.4000000000000625,8.500000000000234,0.9653004911399025,False,True,1.0072700777112025,0.0041063346029598,24.0,1.926227771768168,0.2999999999991658,1.926227771768168,23.0,0.5262106971241316,1.9130434782608696,0.5262106971241316,23.0,10.524213942482632,1.9130434782608696,0,False,2,-1.0,False,True,1.006891789787906,True,False,False
B2,6.0,7,49.80000000000044,8,1.5,3.5999999999999375,4.4000000000000625,1.0204568723442793,False,True,1.0668412756326555,0.0236784471708562,23.0,1.911772924114511,0.2999999999988532,1.911772924114511,22.0,0.5460010703390932,1.9090909090909092,0.5460010703390932,22.0,10.920021406781864,1.9090909090909092,0,False,2,-1.0,False,True,1.0014048650123628,True,False,False
B2,6.0,7,74.80000000000003,7,0.7999999999998408,0.7999999999998408,16.999999999999588,0.9657191999100324,False,False,1.0077069912104686,0.0063319675868415,24.0,1.9144771261084337,0.2999999999978513,1.9144771261084337,23.0,0.5230006325954744,1.9130434782608696,0.5230006325954744,23.0,10.460012651909487,1.9130434782608696,0,False,2,-1.0,False,True,1.0007494068294085,True,False,False
B2,6.0,7,75.59999999999987,6,1.5,7.200000000000159,0.7999999999998408,1.7720450162135677,False,True,1.852592516950548,0.1820546086391042,23.0,2.683260344832911,0.24999999999796785,2.683260344832911,22.0,0.7663373624541716,1.9090909090909092,0.7663373624541716,22.0,15.326747249083432,1.9090909090909092,1,False,2,-1.0,False,False,1.4055173234839056,False,True,False
B2,6.0,7,95.69999999999884,15,1.5,1.7999999999998977,12.099999999998971,0.9969261419102903,False,True,1.040270756775955,0.0303665379372802,24.0,1.975667809755588,0.2999999999978371,1.975667809755588,23.0,0.5397168240923471,1.9130434782608696,0.5397168240923471,23.0,10.794336481846942,1.9130434782608696,0,False,2,-1.0,False,True,1.0327354460086027,False,True,False
B2,6.0,7,97.49999999999874,25,1.5,2.6999999999998465,1.7999999999998977,1.4494254415459076,False,True,1.5153084161616306,0.1245082316070008,23.0,1.8370752904193208,0.4499999999978428,1.8350420135416328,22.0,0.5240867735246377,1.9090909090909092,0.5246674760429704,22.0,10.493349520859407,1.9090909090909092,0,False,2,-1.0,False,True,0.9622775330767871,False,False,True
B2,6.0,7,100.19999999999858,13,1.5,3.500000000000256,2.6999999999998465,1.070774266884587,False,True,1.121763517688615,0.0597790531326392,22.0,1.966238413430323,0.2999999999978513,1.966238413430323,21.0,0.5882971576036908,1.9047619047619047,0.5882971576036908,21.0,11.765943152073817,1.9047619047619047,0,False,2,-1.0,False,True,1.0322751670509196,False,True,False
B2,6.0,7,137.39999999999648,2,1.5,8.0,29.1999999999979,0.9622585151232074,False,True,1.0040958418676946,0.0029981580826976,24.0,1.9115863717546904,0.25000000000056843,1.911577388308359,23.0,0.5222084765111221,1.9130434782608696,0.5222109306266871,23.0,10.444218612533742,1.9130434782608696,0,False,2,-1.0,False,True,0.9992383306899517,True,False,False
B2,6.0,7,150.09999999999576,22,0.6,0.10000000000044906,4.699999999999278,0.9755393750399622,True,False,1.0179541304764823,0.0190675028886234,24.0,1.893529199149436,0.20000000000416662,1.893529199149436,23.0,0.517278036643968,1.9130434782608696,0.517278036643968,23.0,10.34556073287936,1.9130434782608696,1,False,3,-1.0,True,False,0.9897993541008415,True,False,False
B2,6.0,7,150.1999999999962,13,1.5,inf,0.10000000000044906,0.9751182754109086,False,True,1.0175147221679046,0.0189542928900495,24.0,1.893529199149436,0.10000000000371756,1.893529199149436,23.0,0.517278036643968,1.9130434782608696,0.517278036643968,23.0,10.34556073287936,1.9130434782608696,1,False,3,-1.0,True,False,0.9897993541008415,True,False,False
