method,rate_total,seed,t_fail,node,w_e,gap_next,n_amostras,area_1.25,frac_1.25,arearad_1.25,arcom_1.25,tclose_1.25,cens_1.25,area_1.5,frac_1.5,arearad_1.5,arcom_1.5,tclose_1.5,cens_1.5
baseline,12.0,0,52.600000000000506,22,1.5,8.0,30,0.6648145604606858,0.8666666666666667,0.18161535122981026,3.632307024596205,,True,0.33981456046070435,0.8666666666666667,0.09283121101966894,1.856624220393379,,True
baseline,12.0,0,66.80000000000048,2,1.5,5.09999999999971,30,0.6834344229506825,0.8333333333333334,0.1867019619436733,3.734039238873466,,True,0.37093442295070006,0.8333333333333334,0.101332596356999,2.02665192713998,,True
baseline,12.0,0,71.90000000000019,15,1.5,2.90000000000029,30,0.627891236216458,0.8333333333333334,0.1793253177228216,3.5865063544564317,,True,0.31539123621647586,0.8333333333333334,0.09007552642766217,1.8015105285532433,,True
baseline,12.0,0,75.39999999999999,24,1.5,3.099999999999824,30,0.5855599976621219,0.8333333333333334,0.1672355442628525,3.34471088525705,,True,0.2772639772239716,0.7333333333333333,0.07918640672290156,1.5837281344580312,1.3999999999977888,False
baseline,12.0,0,78.49999999999982,5,0.6,0.10000000000002274,12,0.1964919931385199,0.5833333333333334,0.06134114958565111,1.2268229917130222,,True,0.10899199313852485,0.5833333333333334,0.03403921342945566,0.6807842685891131,,True
baseline,12.0,0,78.59999999999984,21,1.3000000000003524,1.3000000000003524,26,0.6021065632775142,0.8846153846153846,0.18876872495941574,3.775374499188315,,True,0.3146065632775305,0.8846153846153846,0.098634935731428,1.97269871462856,,True
baseline,12.0,0,85.29999999999943,12,1.2000000000003865,1.2000000000003865,24,0.42755835092928796,0.7916666666666666,0.1279251594533731,2.558503189067462,,True,0.19005835092930146,0.7916666666666666,0.056865325622179476,1.1373065124435895,,True
baseline,12.0,0,101.89999999999849,8,1.5,2.6999999999998323,30,0.7444234185218948,0.8333333333333334,0.20336305589465953,4.067261117893191,,True,0.4319234185219127,0.8333333333333334,0.11799369030798525,2.359873806159705,,True
baseline,12.0,0,104.59999999999832,23,1.3999999999999204,1.3999999999999204,28,0.524700028993142,1.0,0.1497927395531103,2.9958547910622055,,True,0.23226836136300746,0.8214285714285714,0.06633568888357853,1.3267137776715707,,True
baseline,12.0,0,105.99999999999824,7,1.5,3.9000000000002473,30,0.9780305696473368,1.0,0.2918183510669768,5.8363670213395356,,True,0.6077150535225821,0.9,0.18180649691731687,3.6361299383463375,,True
baseline,12.0,0,112.69999999999833,23,1.299999999999912,1.299999999999912,26,0.0,0.0,0.0,0.0,0.0,False,0.0,0.0,0.0,0.0,0.0,False
baseline,12.0,0,115.19999999999764,22,1.5,5.500000000000682,30,0.8776323002164189,0.8333333333333334,0.25065119881027387,5.013023976205478,,True,0.5651323002164366,0.8333333333333334,0.1614014075151145,3.22802815030229,,True
baseline,12.0,0,121.59999999999737,25,1.5,1.6000000000002785,30,0.7361067350128779,0.8666666666666667,0.2102315919067659,4.2046318381353185,,True,0.4111067350128964,0.8666666666666667,0.1174118089598001,2.348236179196002,,True
baseline,12.0,0,134.29999999999666,20,1.5,6.100000000000108,30,0.7342172736571866,0.8666666666666667,0.20057492113566466,4.011498422713293,,True,0.4092172736572051,0.8666666666666667,0.11179078092552343,2.2358156185104687,,True
baseline,12.0,0,140.39999999999677,2,0.8999999999999488,0.8999999999999488,18,0.32142704817499523,0.7222222222222222,0.09179935029196525,1.8359870058393049,,True,0.15892704817500455,0.7222222222222222,0.045389458818482324,0.9077891763696465,,True
baseline,12.0,0,141.29999999999671,8,0.9999999999999432,0.9999999999999432,20,0.47828817046891103,1.0,0.14172286431369188,2.8344572862738375,,True,0.22828817046892533,1.0,0.06777303724055979,1.3554607448111957,,True
baseline,12.0,0,142.8999999999962,19,1.5,5.500000000000568,30,0.26709423938001386,0.9333333333333333,0.07922495317865763,1.5844990635731526,1.4000000000023505,False,0.0161154661226173,0.3333333333333333,0.004794157141709837,0.09588314283419674,0.6000000000021686,False
baseline,12.0,1,24.100000000000072,18,0.6,0.40000000000000924,12,0.2632867181303241,0.6666666666666666,0.0719251843013907,1.438503686027814,,True,0.16328671813032983,0.6666666666666666,0.044606987313654894,0.8921397462730979,,True
baseline,12.0,1,24.50000000000008,13,0.6,0.40000000000000213,12,0.361144002316669,1.0,0.1015270539677553,2.030541079355106,,True,0.21114400231667754,1.0,0.059308022259436384,1.1861604451887278,,True
baseline,12.0,1,24.900000000000084,7,1.5,3.2000000000000455,30,0.6347508932456188,1.0,0.18836418890748136,3.7672837781496273,,True,0.26201901234141217,0.9333333333333333,0.07752306933569589,1.5504613867139176,1.400000000000155,False
baseline,12.0,1,28.10000000000013,19,1.5,3.999999999999943,30,0.8031192488356801,0.8666666666666667,0.2523073532098726,5.046147064197451,,True,0.47811924883569856,0.8666666666666667,0.15020559196821004,3.004111839364201,,True
baseline,12.0,1,34.30000000000022,24,1.5,1.799999999999912,30,0.780204491758271,0.8333333333333334,0.222825881782322,4.45651763564644,,True,0.4677044917582887,0.8333333333333334,0.13357609048716262,2.6715218097432523,,True
baseline,12.0,1,36.80000000000025,5,1.5,1.900000000000027,30,0.5679600619758989,1.0,0.16172828350653531,3.2345656701307064,,True,0.21674564999351673,0.8333333333333334,0.06190241288337971,1.2380482576675942,,True
baseline,12.0,1,38.70000000000028,4,1.4999999999999076,1.4999999999999076,30,1.233821404375238,1.0,0.36879233951285767,7.375846790257153,,True,0.8943977073678704,0.8333333333333334,0.26760316827185293,5.352063365437059,,True
baseline,12.0,1,40.20000000000019,7,0.6,0.20000000000011653,12,0.493800484172632,1.0,0.15518883452182233,3.1037766904364466,,True,0.34380048417264053,1.0,0.10819289178720322,2.1638578357440643,,True
baseline,12.0,1,40.400000000000304,14,0.6,0.30000000000000426,12,0.5201378592071046,1.0,0.16883541128022875,3.376708225604575,,True,0.3701378592071132,1.0,0.12003508680012691,2.4007017360025382,,True
baseline,12.0,1,40.70000000000031,17,1.5,1.599999999999909,30,0.9798993744282121,1.0,0.33819926753757085,6.763985350751417,,True,0.6048993744282333,1.0,0.2084478165669473,4.168956331338946,,True
baseline,12.0,1,55.80000000000052,15,1.5,5.10000000000008,30,0.6240459674307046,0.8333333333333334,0.170478106676751,3.40956213353502,,True,0.31154596743072227,0.8333333333333334,0.08510874109007668,1.7021748218015338,,True
baseline,12.0,1,60.9000000000006,23,1.5,2.8999999999999204,30,0.670263238200734,0.8333333333333334,0.19142673319115736,3.828534663823147,,True,0.35776323820075173,0.8333333333333334,0.10217694189599796,2.043538837919959,,True
baseline,12.0,1,64.10000000000063,3,1.499999999999801,1.499999999999801,30,0.6294141916228487,1.0,0.17968805808106483,3.5937611616212966,,True,0.31109856933899105,0.8333333333333334,0.08884954363433359,1.7769908726866719,,True
baseline,12.0,1,65.60000000000043,13,1.5,3.3000000000001677,30,0.47166710187539634,1.0,0.14030612465479456,2.806122493095891,,True,0.1297985879811692,0.7,0.03869930289858978,0.7739860579717955,1.0999999999979195,False
baseline,12.0,1,69.20000000000034,21,0.8999999999999488,0.8999999999999488,18,0.468356083622495,0.7222222222222222,0.1401318125307159,2.8026362506143183,,True,0.3058560836225042,0.7222222222222222,0.09151192622516237,1.8302385245032473,,True
baseline,12.0,1,70.10000000000029,11,1.5,2.000000000000341,30,0.8349912906392443,1.0,0.26025519222947363,5.205103844589472,,True,0.45999129063926547,1.0,0.1433804655334316,2.867609310668632,,True
baseline,12.0,1,76.59999999999981,14,0.6000000000005343,0.6000000000005343,12,0.1978402633402092,0.5833333333333334,0.05919366837084491,1.1838733674168982,,True,0.1103402633402142,0.5833333333333334,0.03301372959093146,0.6602745918186292,,True
baseline,12.0,1,82.8999999999998,23,1.5,1.7000000000000028,30,0.5423576216536901,0.8666666666666667,0.15489697452778767,3.0979394905557536,,True,0.2183123202249597,0.8333333333333334,0.062349852855170536,1.2469970571034108,1.4999999999975415,False
baseline,12.0,1,89.59999999999964,21,1.3000000000001677,1.3000000000001677,26,0.8061355307919701,0.8076923076923077,0.2302317692121601,4.604635384243202,,True,0.543635530791985,0.8076923076923077,0.15526194452422618,3.1052388904845234,,True
baseline,12.0,1,94.09999999999891,9,1.5,2.4999999999998863,30,0.6153746080316783,0.8333333333333334,0.1757505770725471,3.515011541450942,,True,0.30287460803169597,0.8333333333333334,0.0865007857773877,1.7300157155477542,,True
baseline,12.0,1,96.5999999999988,8,1.0000000000008384,1.0000000000008384,20,0.691102179962885,0.75,0.20677728870964668,4.135545774192933,,True,0.5036021799628957,0.75,0.15067741989554648,3.0135483979109297,,True
baseline,12.0,1,99.99999999999837,7,0.6,0.20000000000067075,12,0.44303947080920225,1.0,0.13546709849990587,2.7093419699981176,,True,0.3247910138100194,0.5833333333333334,0.099757422685695,1.9951484537139,,True
baseline,12.0,1,100.19999999999904,11,1.5,1.8999999999998778,30,1.4925487680372038,1.0,0.46588741601374123,9.317748320274825,,True,1.1240639442005258,0.9666666666666667,0.35085641931849515,7.017128386369903,,True
baseline,12.0,1,103.69999999999928,21,0.8999999999995225,0.8999999999995225,18,0.24891879358452723,1.0,0.0775446864931368,1.5508937298627359,,True,0.030908296515666563,0.6666666666666666,0.009710127726859297,0.19420255453718593,0.8499999999969248,False
baseline,12.0,1,106.49999999999812,4,1.5,1.5000000000002416,30,0.9723529065151062,0.8333333333333334,0.3054736747804542,6.109473495609084,,True,0.6598529065151238,0.8333333333333334,0.20729890435577858,4.145978087115571,,True
baseline,12.0,1,114.499999999998,7,0.6999999999997186,0.6999999999997186,14,0.3101082752239281,0.8571428571428571,0.08471377154489039,1.6942754308978079,,True,0.18491341995808713,0.7142857142857143,0.050515012320912205,1.010300246418244,,True
baseline,12.0,1,115.19999999999771,22,1.5,7.300000000000281,30,0.6767385188594146,1.0,0.1915200357234259,3.830400714468518,,True,0.3017385188594359,1.0,0.08519637131093162,1.7039274262186324,,True
baseline,12.0,1,133.69999999999737,7,1.5,8.0,30,0.6332992483091442,0.8666666666666667,0.1730059361749518,3.4601187234990363,,True,0.3082992483091628,0.8666666666666667,0.08422179596481051,1.6844359192962102,,True
baseline,12.0,2,38.70000000000028,20,1.5,1.6000000000000227,30,0.6832614424684167,0.8333333333333334,0.18665470679477766,3.7330941358955534,,True,0.37076144246843457,0.8333333333333334,0.10128534120810334,2.025706824162067,,True
baseline,12.0,2,40.3000000000003,25,1.5,6.399999999999977,30,0.659529571632969,1.0,0.18755849579934555,3.751169915986911,,True,0.2868179773907788,0.9333333333333333,0.08185998257964269,1.6371996515928537,,True
baseline,12.0,2,49.30000000000043,23,0.9000000000000128,0.9000000000000128,18,0.49014617559486917,0.7222222222222222,0.13389909777686732,2.677981955537346,,True,0.32764617559487846,0.7222222222222222,0.08950702767179665,1.790140553435933,,True
baseline,12.0,2,50.20000000000044,14,1.5,4.300000000000054,30,0.8349738529167128,1.0,0.23677522434104623,4.735504486820925,,True,0.4599738529167342,1.0,0.13045155992855184,2.609031198571037,,True
baseline,12.0,2,54.5000000000005,12,1.5,2.799999999999933,30,0.9248948074917024,0.8333333333333334,0.27672787929135995,5.534557585827199,,True,0.6123948074917202,0.8333333333333334,0.18322809793452616,3.6645619586905234,,True
baseline,12.0,2,58.10000000000056,18,0.6,0.09999999999988063,12,0.30845645522926834,1.0,0.08793733564890784,1.7587467129781567,,True,0.19042875208825863,0.5833333333333334,0.054386324417522294,1.0877264883504458,,True
baseline,12.0,2,59.00000000000057,7,1.5,3.0999999999999304,30,0.7810872314935464,1.0,0.23137467193253772,4.627493438650754,,True,0.40608723149356785,1.0,0.12002493231667201,2.4004986463334403,,True
baseline,12.0,2,62.1000000000005,23,0.6,0.3999999999999986,12,0.1233154555116462,1.0,0.037741454469127744,0.7548290893825549,,True,0.021679423152817824,0.5833333333333334,0.006584026446986447,0.13168052893972892,,True
baseline,12.0,2,65.30000000000057,17,0.7999999999999972,0.7999999999999972,16,0.4061843628769097,0.6875,0.12760658104171504,2.552131620834301,,True,0.2686843628769175,0.6875,0.08440968205485784,1.6881936410971567,,True
baseline,12.0,2,66.3000000000004,12,0.6,0.29999999999998295,12,0.23259594406883838,1.0,0.07256738605754975,1.451347721150995,,True,0.08259594406884692,1.0,0.026171810340064033,0.5234362068012807,,True
baseline,12.0,2,66.60000000000038,20,0.6,0.4000000000001904,12,0.3725890769498576,1.0,0.11952275312959723,2.3904550625919447,,True,0.2225890769498661,1.0,0.07157212841691364,1.4314425683382728,,True
baseline,12.0,2,70.50000000000048,23,1.5,2.8000000000000824,30,0.07208295593419915,0.8,0.022337337815211026,0.4467467563042205,,True,0.0,0.0,0.0,0.0,0.0,False
baseline,12.0,2,77.99999999999994,7,0.6,0.50000000000054,12,0.25093751376946094,0.5833333333333334,0.07118000768871255,1.423600153774251,,True,0.16343751376946591,0.5833333333333334,0.04634528315440731,0.9269056630881461,,True
baseline,12.0,2,80.39999999999971,11,1.5,5.600000000000236,30,0.6507289927608502,1.0,0.18548993104719289,3.709798620943858,,True,0.309411705748721,0.8333333333333334,0.08836777651953358,1.7673555303906716,,True
baseline,12.0,2,95.19999999999888,19,1.0000000000003837,1.0000000000003837,20,0.44981810266079875,0.75,0.12288219537137955,2.457643907427591,,True,0.2623181026608094,0.75,0.07166057601937495,1.4332115203874989,,True
baseline,12.0,2,96.19999999999926,11,1.5,5.19999999999925,30,0.6599807496898745,1.0,0.1872896942712032,3.745793885424064,,True,0.2851775936571379,0.9666666666666667,0.0808670313359505,1.61734062671901,1.4999999999973284,False
baseline,12.0,2,101.39999999999851,13,1.5,1.8000000000003666,30,0.7886011344028371,0.8333333333333334,0.2359489076621458,4.718978153242916,,True,0.4761011344028549,0.8333333333333334,0.142449126305312,2.8489825261062403,,True
baseline,12.0,2,112.69999999999789,24,1.3999999999997925,1.3999999999997925,28,0.6897542241109859,0.8214285714285714,0.18842841767387838,3.768568353477568,,True,0.40225422411100226,0.8214285714285714,0.10988860133413804,2.197772026682761,,True
baseline,12.0,2,114.09999999999768,14,1.1999999999999176,1.1999999999999176,24,0.49989911393672487,1.0,0.1416139450198097,2.832278900396194,,True,0.19989911393674192,1.0,0.056710230518153645,1.134204610363073,,True
baseline,12.0,2,115.2999999999976,25,0.6,0.20000000000013074,12,0.39163532690719555,1.0,0.11823362446464054,2.364672489292811,,True,0.2444924179705324,0.75,0.07445871203711688,1.4891742407423374,,True
baseline,12.0,2,115.49999999999773,16,0.999999999999929,0.999999999999929,20,0.7829085691308411,1.0,0.2426721382105648,4.853442764211296,,True,0.5348126108473213,0.95,0.1657811123294579,3.3156222465891583,,True
baseline,12.0,2,116.49999999999766,6,1.5,2.5000000000004263,30,0.5373886308332627,1.0,0.17527834514750743,3.5055669029501484,,True,0.18046438884441723,0.7666666666666667,0.05827907151826588,1.1655814303653176,1.1999999999978002,False
baseline,12.0,2,118.99999999999808,7,1.5,1.699999999999804,30,0.7204111629790968,0.8333333333333334,0.25147093524213426,5.029418704842685,,True,0.40791116297911456,0.8333333333333334,0.1423878569924951,2.847757139849902,,True
baseline,12.0,2,122.89999999999765,12,0.6,0.39999999999994884,12,0.21436064364972973,1.0,0.06920027667840133,1.3840055335680266,,True,0.08252861287116948,0.6666666666666666,0.026750604102177306,0.5350120820435461,,True
baseline,12.0,2,124.99999999999716,2,1.5,2.0000000000009237,30,0.46397704449222965,1.0,0.1384833614853026,2.769667229706052,,True,0.12666766102743884,0.8,0.03789887555535278,0.7579775111070557,1.4999999999977973,False
baseline,12.0,2,129.1999999999974,24,1.5,1.7000000000002444,30,1.027337615582663,0.8666666666666667,0.30737869579723337,6.147573915944667,,True,0.7023376155826816,0.8666666666666667,0.21013892318612623,4.202778463722525,,True
baseline,12.0,2,134.79999999999663,5,1.5,2.400000000000773,29,0.9671464852269793,0.8620689655172413,0.27621639026675154,5.524327805335031,,True,0.6546464852269971,0.8620689655172413,0.18696659897159218,3.7393319794318436,,True
baseline,12.0,2,147.89999999999588,9,1.5,inf,30,0.771790950220409,0.8666666666666667,0.2108393721147411,4.216787442294822,,True,0.44679095022042753,0.8666666666666667,0.12205523190459985,2.441104638091997,,True
baseline,12.0,3,25.60000000000012,25,1.5,2.300000000000008,30,0.7445791407831224,0.8666666666666667,0.20340559640873543,4.068111928174709,,True,0.4195791407831408,0.8666666666666667,0.11462145619859415,2.292429123971883,,True
baseline,12.0,3,27.900000000000126,14,1.5,1.8000000000000256,30,0.6482855276565779,1.0,0.18504038830209768,3.7008077660419536,,True,0.31446518133612805,0.8666666666666667,0.08981104577230568,1.7962209154461137,,True
baseline,12.0,3,29.700000000000152,15,1.5,3.89999999999997,30,1.1867340644448034,1.0,0.354698273796318,7.09396547592636,,True,0.8344010610102248,0.8666666666666667,0.24965221365878593,4.993044273175719,,True
baseline,12.0,3,36.80000000000025,7,0.8999999999998991,0.8999999999998991,18,0.42222597449280125,0.7222222222222222,0.12058745632921596,2.411749126584319,,True,0.2597259744928105,0.7222222222222222,0.07417756485573306,1.4835512971146612,,True
baseline,12.0,3,41.60000000000035,17,1.5,3.1999999999999034,30,0.448755521530873,0.9333333333333333,0.12816004075608317,2.5632008151216636,,True,0.1274513877409307,0.7666666666666667,0.03640003121970294,0.7280006243940589,1.3999999999993449,False
baseline,12.0,3,45.50000000000038,22,1.0000000000000142,1.0000000000000142,20,0.4568369349518988,0.75,0.1304723235212148,2.609446470424296,,True,0.2693369349519094,0.75,0.07692244874411917,1.5384489748823835,,True
baseline,12.0,3,46.50000000000039,6,1.5,1.6999999999999105,30,0.4444557471320849,1.0,0.1313026655018354,2.626053310036708,,True,0.10350298040456136,0.6666666666666666,0.0301398342596653,0.602796685193306,1.049999999999045,False
baseline,12.0,3,48.2000000000003,7,1.4000000000000483,1.4000000000000483,28,0.871687424846572,1.0,0.273743450491826,5.474869009836521,,True,0.577153282686947,0.8214285714285714,0.18131805128845455,3.626361025769091,,True
baseline,12.0,3,51.40000000000046,23,1.5,2.099999999999916,30,0.9161697550693413,1.0,0.2874854775711423,5.749709551422846,,True,0.5810935240974311,0.8333333333333334,0.18255591463530932,3.6511182927061863,,True
baseline,12.0,3,64.20000000000051,22,1.0000000000000568,1.0000000000000568,20,0.4135892297019627,0.75,0.11298512049004761,2.259702409800952,,True,0.22608922970197332,0.75,0.06176350113804299,1.2352700227608597,,True
baseline,12.0,3,65.20000000000057,2,1.5,3.399999999999693,30,0.7127487154733761,1.0,0.20221725491883427,4.044345098376685,,True,0.3377487154733976,1.0,0.09589359050634003,1.9178718101268006,,True
baseline,12.0,3,68.60000000000026,15,0.6,0.100000000000108,12,0.22119416786359802,1.0,0.07060842853134348,1.4121685706268696,,True,0.11605651515911226,0.5833333333333334,0.037422771468812864,0.7484554293762573,,True
baseline,12.0,3,68.70000000000037,8,1.5,3.500000000000142,30,0.7112973231333962,1.0,0.2330170192024217,4.6603403840484345,,True,0.3635759792711312,0.9,0.11927596410826562,2.3855192821653124,,True
baseline,12.0,3,68.70000000000037,21,1.5,3.500000000000142,30,0.7112973231333962,1.0,0.2330170192024217,4.6603403840484345,,True,0.3635759792711312,0.9,0.11927596410826562,2.3855192821653124,,True
baseline,12.0,3,75.99999999999984,23,0.6000000000004206,0.6000000000004206,12,0.20284760243307845,0.5833333333333334,0.06372645376020625,1.274529075204125,,True,0.11534760243308344,0.5833333333333334,0.036237518041297115,0.7247503608259422,,True
baseline,12.0,3,77.99999999999962,7,1.5,6.000000000000227,30,0.3920005542293625,0.9333333333333333,0.11190251465143318,2.2380502930286634,,True,0.09284287668642434,0.6,0.02651586357601943,0.5303172715203887,1.1999999999980275,False
baseline,12.0,3,85.7999999999994,19,0.6,0.200000000000216,12,0.2659049461258591,0.5833333333333334,0.07264043698279903,1.4528087396559806,,True,0.17840494612586408,0.5833333333333334,0.04873701461853022,0.9747402923706044,,True
baseline,12.0,3,89.09999999999921,12,1.5,3.6999999999997897,30,0.7691146957955798,1.0,0.2195707908777234,4.391415817554468,,True,0.44953971625124756,0.8333333333333334,0.12838824273379637,2.5677648546759273,,True
baseline,12.0,3,92.799999999999,10,1.000000000000398,1.000000000000398,20,0.6119600963268577,0.75,0.18309803265814842,3.6619606531629683,,True,0.4244600963268683,0.75,0.12699816384404822,2.5399632768809646,,True
baseline,12.0,3,96.0999999999988,18,1.000000000000398,1.000000000000398,20,0.2540655585157422,1.0,0.07543295764798909,1.5086591529597817,,True,0.023933393261237328,0.7,0.007160854518569397,0.14321709037138794,0.99999999999784,False
baseline,12.0,3,99.59999999999896,15,1.2000000000000455,1.2000000000000455,24,0.8102573617771371,0.8333333333333334,0.24242843574058107,4.848568714811622,,True,0.5602573617771514,0.8333333333333334,0.16762861065511409,3.352572213102282,,True
baseline,12.0,3,107.39999999999864,12,0.6,0.20000000000031548,12,0.306905896841409,0.5833333333333334,0.08384115746611803,1.6768231493223607,,True,0.21940589684141396,0.5833333333333334,0.05993773510184922,1.1987547020369844,,True
baseline,12.0,3,107.99999999999814,5,1.100000000000378,1.100000000000378,22,0.720127206318194,1.0,0.20306919955054115,4.061383991010823,,True,0.44512720631820973,1.0,0.12530546835249798,2.5061093670499597,,True
baseline,12.0,3,109.09999999999852,18,1.5,2.3999999999993236,30,0.681620561254667,1.0,0.202479737868165,4.0495947573633,,True,0.30662056125468834,1.0,0.09112999825229941,1.822599965045988,,True
baseline,12.0,3,111.49999999999784,6,1.5,2.0999999999998806,30,0.8332920761243525,0.8333333333333334,0.26178642646468525,5.235728529293705,,True,0.5207920761243702,0.8333333333333334,0.16361165604000977,3.2722331208001956,,True
baseline,12.0,3,113.59999999999772,9,1.5,1.8000000000009209,30,0.8617280093754607,1.0,0.2842346531880028,5.684693063760056,,True,0.49236084196112745,0.8666666666666667,0.1628207583179329,3.256415166358658,,True
baseline,12.0,3,119.39999999999829,15,0.6,0.09999999999955378,12,0.20346717503328154,1.0,0.058045223479762015,1.1609044695952404,,True,0.10965204691004192,0.5833333333333334,0.03131655136578829,0.6263310273157657,,True
baseline,12.0,3,129.89999999999725,23,1.5,2.299999999999528,30,0.8476969445640893,0.8666666666666667,0.2315755211750484,4.631510423500968,,True,0.5226969445641078,0.8666666666666667,0.14279138096490718,2.8558276192981435,,True
baseline,12.0,3,132.19999999999678,20,0.6,0.4000000000003183,12,0.3214998126790255,1.0,0.09154363917924124,1.8308727835848249,,True,0.19923319916399854,0.6666666666666666,0.056900868622255456,1.138017372445109,,True
baseline,12.0,3,132.5999999999971,22,0.6,0.3999999999996646,12,0.5826847021986037,1.0,0.17230550553279667,3.4461101106559333,,True,0.4326847021986122,1.0,0.1281056088913844,2.5621121778276876,,True
baseline,12.0,3,132.99999999999676,16,1.5,4.900000000000489,30,1.2699912303901082,1.0,0.3957624877909957,7.915249755819914,,True,0.8949912303901296,1.0,0.2787007615322398,5.574015230644797,,True
baseline,12.0,3,140.99999999999673,21,0.6,0.0999999999994543,12,0.2813675707649511,1.0,0.07915301670791898,1.5830603341583795,,True,0.15835682102980053,0.5833333333333334,0.04496632575005176,0.8993265150010352,,True
baseline,12.0,3,141.0999999999962,25,1.5,7.900000000000546,30,0.8650161774617212,1.0,0.24608736594337244,4.921747318867449,,True,0.5046092739385301,0.9,0.14385579505418913,2.8771159010837826,,True
baseline,12.0,3,150.39999999999574,11,1.5,inf,30,0.7616958346335168,0.8666666666666667,0.20808156855257404,4.161631371051481,,True,0.43669583463353523,0.8666666666666667,0.11929742834243282,2.3859485668486564,,True
baseline,12.0,4,21.400000000000038,19,1.5,8.0,30,0.8193948268600337,0.8666666666666667,0.22384389290895326,4.476877858179066,,True,0.49439482686005215,0.8666666666666667,0.13505975269881196,2.7011950539762393,,True
baseline,12.0,4,45.10000000000037,6,1.5,8.0,30,0.7178581233147994,0.8333333333333334,0.19610589621961125,3.922117924392225,,True,0.4053581233148172,0.8333333333333334,0.11073653063293697,2.214730612658739,,True
baseline,12.0,4,54.4000000000005,11,1.5,7.0000000000000995,30,0.8229399079088379,0.8333333333333334,0.22481234513324055,4.4962469026648115,,True,0.5104399079088556,0.8333333333333334,0.1394429795465662,2.788859590931324,,True
baseline,12.0,4,61.4000000000006,14,0.9999999999999005,0.9999999999999005,20,0.5796815509258505,0.75,0.16555666380092623,3.311133276018525,,True,0.39218155092586116,0.75,0.11200678902383057,2.2401357804766113,,True
baseline,12.0,4,63.20000000000063,17,1.5,3.3999999999998636,30,0.8459294533502247,1.0,0.24035945296603736,4.807189059320748,,True,0.4709294533502462,1.0,0.13403578855354306,2.680715771070861,,True
baseline,12.0,4,66.60000000000049,5,1.5,2.800000000000111,30,0.5838734330586317,1.0,0.17414393249512325,3.482878649902465,,True,0.23088876748857018,0.8333333333333334,0.06908175768938041,1.3816351537876082,,True
baseline,12.0,4,71.00000000000024,13,0.6,0.20000000000038654,12,0.1482109681730171,0.5833333333333334,0.042328953526707375,0.8465790705341475,,True,0.06071096817302209,0.5833333333333334,0.017339011964062727,0.34678023928125457,,True
baseline,12.0,4,74.70000000000003,21,1.5,1.9999999999998863,30,0.791802878025828,0.8333333333333334,0.2261383731542905,4.52276746308581,,True,0.47930287802584576,0.8333333333333334,0.1368885818591311,2.737771637182622,,True
baseline,12.0,4,76.69999999999992,12,1.5,2.300000000000324,30,0.8588721480817167,1.0,0.2565395390404318,5.130790780808637,,True,0.5019304006860178,0.8666666666666667,0.15017722470557862,3.0035444941115723,,True
baseline,12.0,4,79.9,14,1.5,2.8000000000000256,30,0.4678207052285097,1.0,0.13975005109246874,2.795001021849375,,True,0.139028270265955,0.8333333333333334,0.041597161191316255,0.8319432238263251,,True
baseline,12.0,4,91.89999999999894,11,1.5,8.0,30,0.48059576521493413,0.8333333333333334,0.13129009785613927,2.6258019571227855,,True,0.17012739368614493,0.7666666666666667,0.04647573653728445,0.929514730745689,1.4499999999978996,False
baseline,12.0,4,106.29999999999824,24,0.6,0.29999999999998295,12,0.24740554599919287,0.5833333333333334,0.06797202048971904,1.3594404097943809,,True,0.1599055459991979,0.5833333333333334,0.043913381097110814,0.8782676219422163,,True
baseline,12.0,4,106.59999999999822,18,1.5,7.700000000000017,30,0.8071762055829028,1.0,0.2282925413451264,4.565850826902528,,True,0.4321762055829242,1.0,0.12196887693263203,2.4393775386526406,,True
baseline,12.0,4,116.59999999999764,16,1.199999999999946,1.199999999999946,24,0.42576228016844386,0.7916666666666666,0.1163105783958976,2.326211567917952,,True,0.18826228016845734,0.7916666666666666,0.0514298605500251,1.028597211000502,,True
baseline,12.0,4,117.79999999999758,4,1.5,6.599999999999625,30,0.8161948316430961,1.0,0.2322878367176979,4.645756734353958,,True,0.442562159902173,0.9333333333333333,0.12633770173248138,2.5267540346496276,,True
baseline,12.0,4,124.3999999999972,8,0.6,0.20000000000042917,12,0.2582894486702665,0.5833333333333334,0.07376729404020611,1.4753458808041222,,True,0.17078944867027146,0.5833333333333334,0.048777352477561466,0.9755470495512293,,True
baseline,12.0,4,130.69999999999726,17,0.6999999999995623,0.6999999999995623,14,0.23098559891838413,0.7142857142857143,0.065969332786094,1.31938665572188,,True,0.10598559891839125,0.7142857142857143,0.030269416268030213,0.6053883253606043,,True
baseline,12.0,4,131.39999999999682,7,1.0000000000003695,1.0000000000003695,20,0.6764192315356443,1.0,0.2012875565424199,4.0257511308483975,,True,0.4264192315356587,1.0,0.1271677298668208,2.543354597336416,,True
baseline,12.0,4,137.59999999999692,4,1.1000000000003354,1.1000000000003354,22,0.5186923183389143,0.7727272727272727,0.15519237873971342,3.103847574794268,,True,0.30619231833892635,0.7727272727272727,0.09161252741706652,1.8322505483413303,,True
baseline,12.0,4,139.09999999999724,17,0.6,0.29999999999958504,12,0.1768604244896569,1.0,0.05102028446331903,1.0204056892663806,,True,0.031162059634801315,0.5833333333333334,0.008912118567626755,0.1782423713525351,0.4500000000002302,False
baseline,12.0,4,140.69999999999675,24,0.6,0.49999999999954525,12,0.21530174015391648,1.0,0.06432404254421585,1.286480850884317,,True,0.12088352748894163,0.5833333333333334,0.036168266847550375,0.7233653369510075,,True
baseline,12.0,4,141.1999999999963,3,0.6,0.0999999999999659,12,0.7452006977011747,1.0,0.24121235811198602,4.82424716223972,,True,0.5952006977011832,1.0,0.19359636419573747,3.8719272839147494,,True
baseline,12.0,4,141.29999999999626,2,1.5,4.300000000000665,30,2.341716254776837,1.0,0.7710380130280363,15.420760260560726,,True,1.9667162547768582,1.0,0.6482285107363971,12.964570214727942,,True
baseline,12.0,4,146.7999999999963,11,0.6,0.3000000000009493,12,0.2246478068419932,1.0,0.07121930792236433,1.4243861584472866,,True,0.0746478068420017,1.0,0.023682050664100434,0.4736410132820087,,True
baseline,12.0,4,147.3999999999959,23,1.3000000000008356,1.3000000000008356,26,1.4653939990275666,1.0,0.4831320046954783,9.662640093909566,,True,1.140393999027585,1.0,0.3764832014551994,7.529664029103989,,True
baseline,12.0,4,150.89999999999662,4,1.5,1.8999999999988688,30,0.37061306173548525,1.0,0.11066775506365402,2.2133551012730805,,True,0.07186370213087068,0.5333333333333333,0.02150156939753414,0.4300313879506828,1.0000000000036522,False
baseline,12.0,4,152.7999999999955,6,0.6,0.100000000000108,12,0.2716851904257715,0.5833333333333334,0.08909998002607185,1.781999600521437,,True,0.18418519042577644,0.5833333333333334,0.060370941943903675,1.2074188388780736,,True
baseline,12.0,4,152.8999999999956,9,0.6,0.3000000000004377,12,0.33695361531649043,0.75,0.11123005093242798,2.2246010186485594,,True,0.22445361531649682,0.75,0.07400401517607737,1.4800803035215473,,True
baseline,12.0,4,153.19999999999604,16,1.5,1.6000000000002501,30,0.7467999320467095,1.0,0.2572956048364431,5.145912096728862,,True,0.3717999320467308,1.0,0.1275441538658196,2.550883077316392,,True
baseline,12.0,5,30.20000000000016,19,0.9000000000000092,0.9000000000000092,18,0.44733222048193955,0.7777777777777778,0.12220309718087573,2.4440619436175144,,True,0.2723322204819495,0.7777777777777778,0.0743962524523381,1.487925049046762,,True
baseline,12.0,5,31.10000000000017,9,1.5,4.300000000000065,30,0.7240604362540131,1.0,0.2054517770653697,4.109035541307394,,True,0.34906043625403455,1.0,0.09897289562453601,1.9794579124907203,,True
baseline,12.0,5,35.40000000000023,24,1.5,2.799999999999926,30,0.5511254089206854,0.8333333333333334,0.1648963367497043,3.297926734994086,,True,0.23862540892070305,0.8333333333333334,0.07139655539287063,1.4279311078574124,,True
baseline,12.0,5,45.90000000000038,5,1.5,3.999999999999943,30,0.8369526474315142,0.8333333333333334,0.22864037291942385,4.572807458388477,,True,0.5244526474315322,0.8333333333333334,0.14327100733274953,2.8654201466549907,,True
baseline,12.0,5,49.900000000000325,19,1.5,4.000000000000057,30,0.6077061145002175,0.8333333333333334,0.1735604604414073,3.471209208828146,,True,0.29520611450023526,0.8333333333333334,0.08431066914624788,1.6862133829249575,,True
baseline,12.0,5,57.50000000000055,18,0.6,0.3999999999997783,12,0.23364707158261913,0.5833333333333334,0.06591409136955464,1.3182818273910928,,True,0.1461470715826241,0.5833333333333334,0.04138980089192822,0.8277960178385645,,True
baseline,12.0,5,78.3999999999998,18,1.5,1.6999999999996902,30,0.6621669851435553,0.8666666666666667,0.18089208138927787,3.617841627785557,,True,0.3371669851435739,0.8666666666666667,0.09210794117913655,1.842158823582731,,True
baseline,12.0,5,80.0999999999995,19,0.7000000000001876,0.7000000000001876,14,0.5561850966084296,1.0,0.15822535228250365,3.164507045650073,,True,0.3936954253523436,0.6428571428571429,0.11243915054898466,2.248783010979693,,True
baseline,12.0,5,80.79999999999968,15,1.5,5.299999999999699,30,0.9889747354532724,1.0,0.29249110396275213,5.849822079255043,,True,0.613974735453294,1.0,0.18114136434688646,3.622827286937729,,True
baseline,12.0,5,86.09999999999938,16,0.6,0.3000000000004235,12,0.46578086254907597,1.0,0.14117256251651805,2.8234512503303613,,True,0.36201252495480163,0.5833333333333334,0.1097511493852433,2.195022987704866,,True
baseline,12.0,5,92.09999999999904,12,1.5,2.000000000000341,30,0.8283135280741851,0.8333333333333334,0.2365657904242638,4.7313158084852756,,True,0.5158135280742028,0.8333333333333334,0.14731599912910445,2.946319982582089,,True
baseline,12.0,5,99.19999999999864,17,0.9000000000004036,0.9000000000004036,18,0.284296598584131,0.7222222222222222,0.08119491868658836,1.6238983737317672,,True,0.12179659858414023,0.7222222222222222,0.03478502721310545,0.695700544262109,,True
baseline,12.0,5,100.69999999999855,11,1.5,6.500000000000085,30,0.4242258353108674,1.0,0.12049680317090104,2.4099360634180207,,True,0.09815167206135482,0.5666666666666667,0.028031893431810402,0.560637868636208,1.0999999999978058,False
baseline,12.0,5,112.69999999999789,13,1.5,3.1999999999997897,30,0.5300608518068949,0.8333333333333334,0.144803067651486,2.89606135302972,,True,0.2180926149979181,0.8,0.0595789701808388,1.191579403616776,1.499999999997769,False
baseline,12.0,5,115.89999999999768,22,1.5,1.8999999999999062,30,0.6213951050306054,0.8333333333333334,0.1774700269946188,3.549400539892376,,True,0.3088951050306232,0.8333333333333334,0.08822023569945942,1.7644047139891883,,True
baseline,12.0,5,117.79999999999758,8,1.5,2.900000000000304,30,0.6287010274901431,1.0,0.18771696535718962,3.7543393071437925,,True,0.2875287404357594,0.8333333333333334,0.08602839796656271,1.7205679593312542,,True
baseline,12.0,5,123.99999999999712,5,1.5,1.8000000000004661,30,1.0012440652791703,0.8333333333333334,0.28595463635740176,5.719092727148035,,True,0.688744065279188,0.8333333333333334,0.1967048450622424,3.934096901244848,,True
baseline,12.0,5,129.39999999999694,14,1.5,2.600000000000165,30,0.6001041468596849,1.0,0.1713084744179808,3.426169488359616,,True,0.26859156064643924,0.8666666666666667,0.07670957034027918,1.5341914068055837,,True
baseline,12.0,5,139.59999999999624,24,1.5,8.0,30,0.7865896750677678,0.8333333333333334,0.21488211692021583,4.297642338404317,,True,0.4740896750677856,0.8333333333333334,0.12951275133354154,2.590255026670831,,True
baseline,12.0,5,149.29999999999623,18,0.6,0.2999999999995566,12,0.23478122469114487,0.5833333333333334,0.06490504263861832,1.2981008527723663,,True,0.14728122469114985,0.5833333333333334,0.04069118621767069,0.8138237243534139,,True
baseline,12.0,5,149.5999999999958,7,1.5,inf,30,0.8072314477578204,1.0,0.22882697832624319,4.576539566524864,,True,0.43223144775784167,1.0,0.12234809688540949,2.4469619377081897,,True
baseline,12.0,6,22.50000000000005,5,0.9999999999999112,0.9999999999999112,20,0.5399140165765506,0.8,0.15419908254973166,3.0839816509946334,,True,0.3399140165765619,0.8,0.09707921612082968,1.9415843224165936,,True
baseline,12.0,6,28.20000000000013,3,1.5,2.299999999999919,30,0.964056011132391,0.8666666666666667,0.2753337529293272,5.506675058586544,,True,0.6390560111324097,0.8666666666666667,0.18251396998236152,3.6502793996472302,,True
baseline,12.0,6,50.300000000000445,9,0.8000000000000114,0.8000000000000114,16,0.3457087170720735,0.6875,0.09444138833352855,1.888827766670571,,True,0.20820871707208127,0.6875,0.056878867475391844,1.137577349507837,,True
baseline,12.0,6,51.100000000000456,12,1.5,3.2000000000000455,30,0.783050250938485,1.0,0.2219288074607629,4.438576149215258,,True,0.4080502509385061,1.0,0.11560514304826859,2.3121028609653718,,True
baseline,12.0,6,54.3000000000005,16,1.5,3.999999999999943,30,0.6490992576381635,1.0,0.19360096307566835,3.872019261513367,,True,0.29181381010857765,0.8333333333333334,0.08731048781458614,1.746209756291723,,True
baseline,12.0,6,67.00000000000047,11,1.5,3.799999999999784,30,0.6515957832696084,0.8333333333333334,0.17800421963738167,3.5600843927476333,,True,0.33909578326962636,0.8333333333333334,0.09263485405070734,1.852697081014147,,True
baseline,12.0,6,70.80000000000025,10,1.5,3.799999999999784,30,0.9145058437194632,0.8333333333333334,0.2611822582085454,5.223645164170908,,True,0.6020058437194806,0.8333333333333334,0.17193246691338607,3.4386493382677212,,True
baseline,12.0,6,74.60000000000004,18,0.6,0.400000000000432,12,0.19965383325375527,1.0,0.058435703282677415,1.1687140656535484,,True,0.10558062596687047,0.5833333333333334,0.03088845969898165,0.617769193979633,,True
baseline,12.0,6,80.59999999999958,12,1.5,2.0000000000004547,30,0.19606501398030415,0.8333333333333334,0.055996037049682104,1.119920740993642,,True,0.0,0.0,0.0,0.0,0.0,False
baseline,12.0,6,92.19999999999904,14,1.5,5.299999999999699,30,0.49989267229909384,0.8333333333333334,0.13656166494593064,2.731233298918613,,True,0.18766547029600267,0.8,0.051266822853425646,1.0253364570685128,1.499999999997783,False
baseline,12.0,6,97.49999999999874,24,1.1999999999999034,1.1999999999999034,24,0.5620680290274741,0.7916666666666666,0.16052625371003704,3.2105250742007407,,True,0.32456802902748766,0.7916666666666666,0.09269641232571585,1.853928246514317,,True
baseline,12.0,6,98.69999999999864,7,1.5,1.500000000000398,30,0.6030432679270671,1.0,0.17924864878439611,3.584972975687922,,True,0.230071837971089,0.9,0.068335856303923,1.36671712607846,1.3999999999978172,False
baseline,12.0,6,105.29999999999828,6,0.6,0.2000000000004576,12,0.32222425645249664,0.5833333333333334,0.09202703244359971,1.8405406488719942,,True,0.23472425645250164,0.5833333333333334,0.06703709088095507,1.3407418176191013,,True
baseline,12.0,6,109.49999999999852,10,1.5,3.7999999999997556,30,0.7114457485006381,0.8333333333333334,0.2031884306288451,4.063768612576902,,True,0.398945748500656,0.8333333333333334,0.11393863933368566,2.2787727866737133,,True
baseline,12.0,6,123.29999999999772,24,1.5,5.899999999999679,30,0.7962898699207371,0.8666666666666667,0.21753203525834433,4.350640705166887,,True,0.4712898699207556,0.8666666666666667,0.12874789504820305,2.574957900964061,,True
baseline,12.0,6,129.1999999999974,18,1.5,1.6999999999999034,30,0.699195564623007,0.8666666666666667,0.19968978629474596,3.9937957258949193,,True,0.37419556462302545,0.8666666666666667,0.10687000334778013,2.1374000669556024,,True
baseline,12.0,6,130.8999999999973,11,0.6,0.400000000000432,12,0.22940066209860313,1.0,0.06699554823977791,1.3399109647955583,,True,0.08380543194803929,0.6666666666666666,0.024563649733013407,0.49127299466026814,,True
baseline,12.0,6,135.79999999999657,21,1.40000000000083,1.40000000000083,29,0.7447473956413776,0.8620689655172413,0.2228278997073413,4.456557994146825,,True,0.43224739564139525,0.8620689655172413,0.12932811835050753,2.5865623670101505,,True
baseline,12.0,6,138.6999999999963,3,0.6,0.2000000000010118,12,0.20217306625869447,1.0,0.05774049270109428,1.1548098540218856,,True,0.11055302044358492,0.5833333333333334,0.031573868805248075,0.6314773761049615,,True
baseline,12.0,6,140.79999999999674,14,1.5,2.9999999999998295,30,0.723880364145006,1.0,0.2164688743766463,4.329377487532926,,True,0.4028785717076775,0.8333333333333334,0.1205409867776751,2.4108197355535017,,True
baseline,12.0,6,150.69999999999607,3,1.5,3.49999999999946,30,0.6688527895185221,0.8666666666666667,0.18271852259864602,3.6543704519729205,,True,0.34385278951854054,0.8666666666666667,0.09393438238850468,1.8786876477700938,,True
baseline,12.0,7,23.30000000000006,4,1.5,1.7000000000000242,30,0.7344296405259971,0.8666666666666667,0.20063293593522308,4.012658718704461,,True,0.4094296405260156,0.8666666666666667,0.11184879572508172,2.2369759145016346,,True
baseline,12.0,7,25.000000000000085,6,1.5,3.600000000000051,30,1.1356745633040124,1.0,0.3237777718246485,6.47555543649297,,True,0.7654384201385492,0.9,0.2186002901780816,4.372005803561632,,True
baseline,12.0,7,28.600000000000136,25,0.6,0.30000000000000426,12,0.2946131723109865,1.0,0.08874981053793607,1.7749962107587214,,True,0.1723540944914214,0.6666666666666666,0.05209870361889949,1.0419740723779898,,True
baseline,12.0,7,28.90000000000014,16,1.5,2.3999999999999204,30,0.7460248900605024,1.0,0.23225519154540505,4.645103830908101,,True,0.3710248900605238,1.0,0.11519346528664924,2.303869305732985,,True
baseline,12.0,7,38.80000000000028,2,1.5,6.600000000000094,30,0.37232729799271924,0.8333333333333334,0.10171310470477084,2.034262094095417,,True,0.07501011035066012,0.6,0.020491409706312465,0.4098281941262493,1.1999999999995836,False
baseline,12.0,7,45.400000000000375,9,1.3999999999999062,1.3999999999999062,28,0.6417659823317358,0.8214285714285714,0.18328793594701978,3.6657587189403955,,True,0.3542659823317522,0.8214285714285714,0.10117812795547312,2.0235625591094624,,True
baseline,12.0,7,49.80000000000044,8,0.6,0.09999999999988773,12,0.3149914818586984,0.5833333333333334,0.09356725216723814,1.871345043344763,,True,0.22749148185870335,0.5833333333333334,0.0675573129897917,1.3511462597958341,,True
baseline,12.0,7,49.900000000000325,6,1.5,3.5000000000000497,30,1.1068016524612176,0.9,0.33047630121510063,6.609526024302013,,True,0.7693016524612368,0.9,0.22966653695218714,4.593330739043743,,True
baseline,12.0,7,53.70000000000049,7,1.5,2.900000000000034,30,1.5244137109778586,1.0,0.455168593838479,9.10337187676958,,True,1.1494443460849806,0.9666666666666667,0.34382760358874165,6.876552071774833,,True
baseline,12.0,7,56.60000000000053,21,1.1999999999999105,1.1999999999999105,24,0.44206219057593626,1.0,0.13765976008979655,2.753195201795931,,True,0.14206219057595323,1.0,0.04434697829567647,0.8869395659135294,,True
baseline,12.0,7,74.80000000000003,19,1.5,7.999999999999432,30,0.7599559974323543,0.8333333333333334,0.20760627639869456,4.152125527973891,,True,0.447455997432372,0.8333333333333334,0.12223691081202033,2.4447382162404065,,True
baseline,12.0,7,82.79999999999946,7,0.7999999999998408,0.7999999999998408,16,0.32088346068121093,0.6875,0.08765957588996186,1.7531915177992372,,True,0.18338346068121877,0.6875,0.05009705503182516,1.0019411006365033,,True
baseline,12.0,7,83.5999999999993,6,1.5,5.199999999999932,30,0.8811260817446884,1.0,0.2500703095451015,5.00140619090203,,True,0.5061260817447097,1.0,0.14374664513260732,2.874932902652146,,True
baseline,12.0,7,88.79999999999923,18,1.5,2.0000000000002274,30,0.4629580493936039,0.8333333333333334,0.13851672446621013,2.7703344893242026,,True,0.1550127959060432,0.7333333333333333,0.04637972007912758,0.9275944015825516,1.3999999999977888,False
baseline,12.0,7,95.69999999999884,15,1.1000000000004064,1.1000000000004064,22,0.6531792601574533,0.7727272727272727,0.18654756047162468,3.7309512094324937,,True,0.44067926015746545,0.7727272727272727,0.12585770239091623,2.5171540478183245,,True
baseline,12.0,7,100.19999999999858,13,1.5,3.500000000000256,30,1.1914424826926902,1.0,0.3401772940169395,6.80354588033879,,True,0.8710597031938406,0.8333333333333334,0.24877406949017053,4.97548138980341,,True
baseline,12.0,7,105.49999999999817,25,1.5,2.700000000000415,30,0.6325263263424544,0.9,0.18064456148910132,3.6128912297820266,,True,0.31966112171713285,0.8333333333333334,0.09129500287498343,1.8259000574996687,,True
baseline,12.0,7,120.1999999999979,19,1.5,7.999999999999986,30,0.8090690698529105,0.8666666666666667,0.2210230822692723,4.420461645385446,,True,0.4840690698529292,0.8666666666666667,0.132238942059131,2.64477884118262,,True
baseline,12.0,7,129.2999999999974,18,0.6,0.49999999999940314,12,0.15094464547427394,0.6666666666666666,0.04123535559310391,0.8247071118620781,,True,0.05094464547427962,0.6666666666666666,0.013917158605368112,0.27834317210736226,,True
baseline,12.0,7,129.7999999999968,2,1.5,7.500000000000597,30,0.7158026265055643,1.0,0.2033268195602027,4.066536391204054,,True,0.3408026265055856,1.0,0.09700315514770842,1.9400631029541684,,True
baseline,12.0,7,137.99999999999736,18,1.5,8.0,29,0.09480996102099744,0.7931034482758621,0.025900371915713052,0.518007438314261,,True,0.0,0.0,0.0,0.0,0.0,False
baseline,12.0,7,150.09999999999576,22,0.6,0.10000000000044906,12,0.2776177191559031,0.6666666666666666,0.07796011706612263,1.5592023413224525,,True,0.1776177191559088,0.6666666666666666,0.04986583493668983,0.9973166987337966,,True
baseline,12.0,7,150.1999999999962,13,1.5,3.1999999999997044,30,0.8231360205098699,0.9333333333333333,0.23375977960543215,4.675195592108643,,True,0.47313602050988995,0.9333333333333333,0.13426566443987178,2.6853132887974356,,True
baseline,12.0,7,153.3999999999959,2,0.6,0.20000000000010232,12,0.2444481380487274,0.6666666666666666,0.07478939411215156,1.4957878822430313,,True,0.14444813804873305,0.6666666666666666,0.04430846538982377,0.8861693077964754,,True
baseline,24.0,0,32.100000000000186,20,1.200000000000017,1.200000000000017,24,0.4820251044635163,0.7916666666666666,0.13168056756769003,2.6336113513538004,,True,0.24452510446352985,0.7916666666666666,0.06679984972181754,1.3359969944363508,,True
baseline,24.0,0,33.3000000000002,4,1.5,3.2000000000000455,31,0.6497123744331963,1.0,0.1845416675004239,3.690833350008478,,True,0.2623293407062863,0.967741935483871,0.07468141692559487,1.4936283385118974,1.4999999999999574,False
baseline,24.0,0,36.50000000000025,14,1.1999999999999034,1.1999999999999034,24,0.4800207725040249,0.7916666666666666,0.14362187928277545,2.872437585655509,,True,0.24252077250403853,0.7916666666666666,0.07256204545158183,1.4512409090316367,,True
baseline,24.0,0,37.70000000000015,18,1.5,2.400000000000034,30,0.6903571107570116,1.0,0.2158000500737283,4.316001001474566,,True,0.3153571107570328,1.0,0.09873832381497247,1.9747664762994495,,True
baseline,24.0,0,51.000000000000455,7,1.5,1.6000000000000512,30,0.8040932967536962,0.8333333333333334,0.21966379077236597,4.3932758154473195,,True,0.49159329675371394,0.8333333333333334,0.13429442518569168,2.6858885037138336,,True
baseline,24.0,0,52.600000000000506,22,0.6,0.19999999999997442,12,0.3973441072565944,1.0,0.1152241431984536,2.304482863969072,,True,0.24734410725660297,1.0,0.07249511268273379,1.4499022536546757,,True
baseline,24.0,0,52.80000000000048,23,1.5,3.7000000000000526,30,1.5367396384557275,1.0,0.458023502482299,9.16047004964598,,True,1.1617396384557488,1.0,0.3466737628664334,6.933475257328668,,True
baseline,24.0,0,56.50000000000053,2,1.5,2.499999999999922,30,1.1150324539925414,1.0,0.35005847645123556,7.001169529024711,,True,0.7865364174906319,0.8333333333333334,0.24709770309694037,4.941954061938808,,True
baseline,24.0,0,69.90000000000029,25,1.5,1.9999999999999005,30,0.5862628940394854,0.8666666666666667,0.16015645225971636,3.203129045194327,,True,0.26126289403950376,0.8666666666666667,0.07137231204957506,1.4274462409915012,,True
baseline,24.0,0,71.90000000000019,15,1.5,2.899999999999764,30,0.7001371278466593,0.9333333333333333,0.1999025095890447,3.9980501917808944,,True,0.3831122913846802,0.8333333333333334,0.10941661455582394,2.188332291116479,,True
baseline,24.0,0,74.79999999999995,2,1.5,3.1000000000003354,30,0.7378924664411171,0.8666666666666667,0.22077690968673014,4.415538193734603,,True,0.41289246644113536,0.8666666666666667,0.12353713707562303,2.4707427415124608,,True
baseline,24.0,0,78.49999999999982,5,0.6,0.10000000000002274,12,0.2541386672625894,0.5833333333333334,0.0792336711828726,1.584673423657452,,True,0.16663866726259435,0.5833333333333334,0.05193173502667714,1.0386347005335428,,True
baseline,24.0,0,78.59999999999984,21,1.3000000000003524,1.3000000000003524,26,0.7421472223213006,0.8846153846153846,0.23254608032901428,4.650921606580286,,True,0.45464722232131694,0.8846153846153846,0.1424122911010266,2.848245822020532,,True
baseline,24.0,0,83.39999999999942,24,1.5,1.9000000000000057,30,0.5754965596817372,0.8666666666666667,0.1721881680059376,3.443763360118752,,True,0.262926257833675,0.7,0.07866735238534567,1.5733470477069134,1.2999999999979082,False
baseline,24.0,0,85.29999999999943,12,1.2000000000003865,1.2000000000003865,24,0.39114621343342487,1.0,0.122724270382167,2.45448540764334,,True,0.14308892417214536,0.7916666666666666,0.04495271129892788,0.8990542259785577,,True
baseline,24.0,0,89.89999999999961,25,0.6,0.5999999999999943,12,0.21964916901319848,0.5833333333333334,0.06571887768942546,1.3143775537885092,,True,0.13214916901320345,0.5833333333333334,0.039538938909512,0.79077877819024,,True
baseline,24.0,0,90.4999999999996,15,0.6,0.19999999999990337,12,0.4716722810268862,1.0,0.1502547285257719,3.005094570515438,,True,0.3216722810268946,1.0,0.10305210206394295,2.061042041278859,,True
baseline,24.0,0,90.6999999999995,2,0.6999999999999176,0.6999999999999176,14,0.6800356270182966,1.0,0.22271097778171386,4.454219555634277,,True,0.5050356270183064,1.0,0.16566626907179718,3.3133253814359436,,True
baseline,24.0,0,95.29999999999876,7,1.5,2.6000000000008328,30,0.6583676521332499,0.8333333333333334,0.2068322979302978,4.136645958605956,,True,0.34586765213326764,0.8333333333333334,0.10865752750562238,2.1731505501124477,,True
baseline,24.0,0,101.89999999999849,8,1.4000000000002757,1.4000000000002757,28,1.1932866797062076,1.0,0.34071332621631445,6.814266524326289,,True,0.898655329035048,0.8214285714285714,0.2566553618005296,5.133107236010592,,True
baseline,24.0,0,103.3999999999984,9,1.4000000000004036,1.4000000000004036,28,1.5741254053043798,1.0,0.44852501580958526,8.970500316191705,,True,1.2241254053044002,1.0,0.3493413347007037,6.986826694014074,,True
baseline,24.0,0,104.7999999999988,21,1.5,2.199999999999278,30,0.7005898940214047,1.0,0.2071527348649426,4.143054697298852,,True,0.33679227167253617,0.8333333333333334,0.09898473920198776,1.9796947840397552,1.2999999999973113,False
baseline,24.0,0,106.99999999999808,3,1.5,2.9000000000004036,30,0.47035452257481847,1.0,0.14724336173349784,2.9448672346699567,,True,0.12275155095488789,0.7,0.03856353706966288,0.7712707413932576,1.2999999999979224,False
baseline,24.0,0,112.59999999999776,23,0.6,0.20000000000104023,12,0.09575718283757957,0.5833333333333334,0.02734818746645405,0.546963749329081,,True,0.00825718283758455,0.5833333333333334,0.002358245903809402,0.04716491807618804,,True
baseline,24.0,0,115.19999999999764,22,1.5,4.999999999999801,30,0.9695034766102903,1.0,0.27677083093709304,5.535416618741861,,True,0.6474431133021915,0.8333333333333334,0.18490932076067904,3.6981864152135806,,True
baseline,24.0,0,120.19999999999744,13,0.6,0.4000000000003183,12,0.22179669355989545,0.5833333333333334,0.06498012333638502,1.2996024667277004,,True,0.13429669355990045,0.5833333333333334,0.039310183363872486,0.7862036672774497,,True
baseline,24.0,0,120.69999999999776,23,1.299999999999926,1.299999999999926,26,0.5729074060990875,1.0,0.16960034373934965,3.392006874786993,,True,0.250514401864752,0.9230769230769231,0.07382058084718598,1.4764116169437198,1.2499999999974563,False
baseline,24.0,0,121.99999999999768,7,1.1999999999999602,1.1999999999999602,24,0.3428023043484768,1.0,0.10709223125180269,2.141844625036054,,True,0.06839523707949653,0.6666666666666666,0.021486997434947832,0.42973994869895665,1.099999999997479,False
baseline,24.0,0,124.39999999999766,12,1.5,3.79999999999977,30,0.9053537412979605,0.8333333333333334,0.2844252662561706,5.688505325123412,,True,0.5928537412979783,0.8333333333333334,0.18625049583149525,3.725009916629905,,True
baseline,24.0,0,137.19999999999683,3,0.6,0.4000000000005173,12,0.2280159058934604,0.5833333333333334,0.062289834335349306,1.245796686706986,,True,0.1405159058934654,0.5833333333333334,0.038386411971080475,0.7677282394216095,,True
baseline,24.0,0,137.59999999999735,25,1.5,3.6999999999993634,29,1.6981120634089972,1.0,0.4833736294648564,9.667472589297128,,True,1.3356120634090178,1.0,0.38046473967582894,7.609294793516579,,True
baseline,24.0,0,141.29999999999671,8,0.9999999999993747,0.9999999999993747,20,0.45436798325430855,1.0,0.13540494460302138,2.708098892060428,,True,0.22704156038619275,0.75,0.06793067601607876,1.3586135203215752,,True
baseline,24.0,0,142.2999999999961,20,0.600000000000108,0.600000000000108,12,0.26665077055140457,1.0,0.08201043452209593,1.6402086904419186,,True,0.11665077055141314,1.0,0.035821542531820065,0.7164308506364013,,True
baseline,24.0,0,142.8999999999962,19,1.5,2.3000000000006366,30,1.3109246034301318,1.0,0.43218081141057063,8.643616228211412,,True,0.9359246034301532,1.0,0.3089973099935044,6.179946199870088,,True
baseline,24.0,0,150.3999999999962,9,0.6,0.5,12,0.2573464469243881,1.0,0.07280647844218378,1.4561295688436757,,True,0.14937311459674563,0.5833333333333334,0.04237880865265773,0.8475761730531546,,True
baseline,24.0,1,24.100000000000072,18,0.6,0.40000000000000924,12,0.26118373928366034,0.6666666666666666,0.07459390150642357,1.4918780301284715,,True,0.16118373928366603,0.6666666666666666,0.04603396829197255,0.920679365839451,,True
baseline,24.0,1,24.50000000000008,13,0.6,0.40000000000000213,12,0.328187276362727,1.0,0.09644207170219743,1.9288414340439486,,True,0.1781872763627355,1.0,0.05224217506078515,1.044843501215703,,True
baseline,24.0,1,24.900000000000084,7,1.0999999999998984,1.0999999999998984,22,0.525149448450674,1.0,0.16353904072965558,3.2707808145931114,,True,0.25014944845068976,1.0,0.07789324100679586,1.557864820135917,,True
baseline,24.0,1,28.10000000000013,19,1.5,3.999999999999943,30,0.8520780713810182,0.8666666666666667,0.26768822093355665,5.353764418671133,,True,0.5270780713810367,0.8666666666666667,0.16558645969189412,3.3117291938378823,,True
baseline,24.0,1,34.30000000000022,24,0.6,0.4000000000000057,12,0.23254083427991562,0.8333333333333334,0.0663834869503512,1.3276697390070242,,True,0.142623250281172,0.5833333333333334,0.04073310502858441,0.8146621005716882,,True
baseline,24.0,1,34.70000000000022,6,0.6,0.4000000000000057,12,0.34934462965331553,1.0,0.1022918226024565,2.04583645204913,,True,0.19934462965332406,1.0,0.0582619255635112,1.165238511270224,,True
baseline,24.0,1,35.10000000000023,20,0.9999999999999005,0.9999999999999005,20,0.4995220973691539,1.0,0.15503193671661428,3.1006387343322857,,True,0.2495220973691681,1.0,0.07742711819044228,1.5485423638088456,,True
baseline,24.0,1,36.80000000000025,5,1.5,1.900000000000027,30,0.8537800000549827,1.0,0.26769568637515645,5.353913727503129,,True,0.5060385259136065,0.8333333333333334,0.1589766915443594,3.1795338308871877,,True
baseline,24.0,1,38.70000000000028,4,1.4999999999999076,1.4999999999999076,30,1.3884935127569713,1.0,0.45811513074373467,9.162302614874694,,True,1.0143526383860544,0.9333333333333333,0.3354082153303553,6.708164306607106,,True
baseline,24.0,1,40.20000000000019,7,0.6,0.20000000000011653,12,0.85848488968679,1.0,0.3016582149577104,6.033164299154208,,True,0.7084848896867986,1.0,0.24944693354162917,4.988938670832583,,True
baseline,24.0,1,40.400000000000304,14,0.6,0.30000000000000426,12,0.9966366590060497,1.0,0.3604692792193154,7.2093855843863075,,True,0.8466366590060582,1.0,0.30602398986942186,6.1204797973884375,,True
baseline,24.0,1,40.70000000000031,17,1.5,1.599999999999909,30,1.69054736097669,1.0,0.6548856870405293,13.097713740810587,,True,1.3155473609767114,1.0,0.5090672780274083,10.181345560548165,,True
baseline,24.0,1,42.90000000000034,21,0.6,0.19999999999988916,12,0.23649674938339468,1.0,0.08255293894008213,1.6510587788016426,,True,0.08649674938340317,1.0,0.03019306138025523,0.6038612276051046,,True
baseline,24.0,1,53.30000000000037,18,1.5,2.5000000000001563,30,0.6472970900362603,0.8666666666666667,0.1768298941519971,3.536597883039942,,True,0.32257646495408726,0.8333333333333334,0.08812207413223702,1.7624414826447405,1.499999999998657,False
baseline,24.0,1,55.80000000000052,15,1.099999999999902,1.099999999999902,22,0.5711895790373255,0.7727272727272727,0.16313136230097341,3.262627246019468,,True,0.3586895790373375,0.7727272727272727,0.102441504220265,2.0488300844053002,,True
baseline,24.0,1,56.900000000000425,13,1.5,4.000000000000178,30,1.0769734616539806,1.0,0.3206589544561,6.413179089122,,True,0.701973461654002,1.0,0.20913921523776732,4.182784304755346,,True
baseline,24.0,1,60.9000000000006,23,0.6,0.3999999999997641,12,0.21879503055137045,1.0,0.06694104222254635,1.338820844450927,,True,0.09688639167244098,0.5833333333333334,0.029718064513484462,0.5943612902696892,,True
baseline,24.0,1,62.50000000000039,18,1.3000000000001322,1.3000000000001322,26,0.3439418942474741,1.0,0.10722591366941311,2.1445182733882624,,True,0.034885054275322694,0.6538461538461539,0.010953899827252169,0.2190779965450434,,True
baseline,24.0,1,70.10000000000029,11,0.6,0.40000000000010516,12,0.2215624421745144,0.5833333333333334,0.062027169765425244,1.2405433953085048,,True,0.13406244217451932,0.5833333333333334,0.037502879287798795,0.7500575857559759,,True
baseline,24.0,1,72.10000000000007,3,1.499999999999872,1.499999999999872,30,0.7856290110029102,1.0,0.22400533894845195,4.480106778969039,,True,0.4308495860825281,0.8666666666666667,0.12305035403991574,2.4610070807983147,,True
baseline,24.0,1,73.59999999999994,13,1.5,2.999999999999872,30,1.0391034882530177,1.0,0.309866451706471,6.197329034129419,,True,0.664103488253039,1.0,0.19851671209060529,3.9703342418121057,,True
baseline,24.0,1,76.59999999999981,14,0.6,0.5999999999999659,12,0.3798311623098272,1.0,0.11893900858920134,2.378780171784027,,True,0.26636383404019115,0.5833333333333334,0.08368066642026754,1.673613328405351,,True
baseline,24.0,1,77.19999999999978,21,0.9000000000005173,0.9000000000005173,18,0.6705791704799565,1.0,0.21789575255894916,4.357915051178983,,True,0.44557917047996926,1.0,0.1445230293994549,2.8904605879890983,,True
baseline,24.0,1,82.8999999999998,23,1.5,1.7000000000000028,30,0.896149087036568,0.8333333333333334,0.26812717984336026,5.362543596867205,,True,0.5836490870365858,0.8333333333333334,0.17462739848652648,3.4925479697305297,,True
baseline,24.0,1,92.69999999999897,10,1.3999999999999488,1.3999999999999488,28,0.6740437468539918,0.8571428571428571,0.18413659854909903,3.6827319709819806,,True,0.37404374685400876,0.8571428571428571,0.10218200758589167,2.0436401517178333,,True
baseline,24.0,1,94.09999999999891,9,0.6,0.10000000000005116,12,0.5031061039672764,1.0,0.14824331210104288,2.964866242020858,,True,0.3531061039672849,1.0,0.10497250024354787,2.0994500048709575,,True
baseline,24.0,1,94.19999999999897,2,0.6,0.1999999999999602,12,0.5870887774559823,1.0,0.1761475970333157,3.522951940666314,,True,0.43708877745599084,1.0,0.1318523527887806,2.637047055775612,,True
baseline,24.0,1,94.39999999999893,25,0.6,0.39999999999984936,12,0.7079851126402756,1.0,0.21810746894568606,4.362149378913721,,True,0.5579851126402843,1.0,0.17191857695541019,3.4383715391082035,,True
baseline,24.0,1,94.79999999999878,15,1.5,1.8000000000000256,30,1.2646664646586765,1.0,0.4133254059046197,8.266508118092394,,True,0.8896664646586978,1.0,0.2903485882147632,5.806971764295264,,True
baseline,24.0,1,96.5999999999988,8,1.0000000000002842,1.0000000000002842,20,0.7963231433921955,1.0,0.27674450660419886,5.534890132083977,,True,0.5479580895581365,0.9,0.19116695376120899,3.8233390752241796,,True
baseline,24.0,1,97.59999999999908,21,1.5,2.399999999999281,30,0.6902496084698839,1.0,0.25101968061940305,5.020393612388061,,True,0.32533179243557836,0.8333333333333334,0.11742970153793929,2.3485940307587856,1.2999999999974392,False
baseline,24.0,1,99.99999999999837,7,0.6,0.20000000000067075,12,0.31321473065215344,1.0,0.12752433186277667,2.5504866372555335,,True,0.2195859187867054,0.5833333333333334,0.08958896170670443,1.7917792341340886,,True
baseline,24.0,1,100.19999999999904,11,0.6,0.49999999999992895,12,0.48222061078642375,1.0,0.19744712268450698,3.9489424536901394,,True,0.3436750445423713,0.9166666666666666,0.1407738139275541,2.8154762785510816,,True
baseline,24.0,1,106.49999999999812,4,1.5,1.5000000000002416,30,1.263114024241575,1.0,0.3774569065195243,7.549138130390486,,True,0.9163546951890126,0.8333333333333334,0.274172683665554,5.48345367331108,,True
baseline,24.0,1,111.69999999999872,21,0.6,0.09999999999907061,12,0.19598255259067027,0.5833333333333334,0.05831022599573616,1.1662045199147233,,True,0.10848255259067524,0.5833333333333334,0.03228328685804299,0.6456657371608598,,True
baseline,24.0,1,111.7999999999978,24,0.6,0.20000000000057128,12,0.24648254696865346,0.75,0.07417526713015594,1.4835053426031188,,True,0.13398254696865985,0.75,0.04029434635848874,0.8058869271697748,,True
baseline,24.0,1,111.99999999999837,8,1.5,2.4999999999996305,30,0.654124953760148,1.0,0.2029821120367535,4.05964224073507,,True,0.27912495376016944,1.0,0.08627738494317831,1.7255476988635663,,True
baseline,24.0,1,114.499999999998,7,1.000000000000398,1.000000000000398,20,0.4872661528377666,1.0,0.1525961991945791,3.051923983891582,,True,0.248053910691363,0.8,0.07792843435222047,1.5585686870444093,,True
baseline,24.0,1,115.4999999999984,23,1.1999999999992497,1.1999999999992497,24,1.1293045719761157,1.0,0.3720865295520005,7.44173059104001,,True,0.8293045719761326,1.0,0.2737050754001153,5.474101508002306,,True
baseline,24.0,1,116.69999999999764,16,1.5,3.00000000000108,30,0.7534515530762318,1.0,0.25916272172075705,5.183254434415141,,True,0.3802892244007127,0.9333333333333333,0.1300527390537597,2.601054781075194,1.4499999999978002,False
baseline,24.0,1,120.39999999999787,25,0.6,0.4000000000004462,12,0.10282961258467999,1.0,0.03225035120540358,0.6450070241080716,,True,0.005198522996128589,0.3333333333333333,0.0016331641654155143,0.03266328330831029,,True
baseline,24.0,1,120.79999999999832,11,1.5,1.699999999999676,30,0.3546215491076745,1.0,0.11635851471206525,2.327170294241305,,True,0.007928711016132411,0.43333333333333335,0.0025360208629484435,0.05072041725896887,0.8999999999969219,False
baseline,24.0,1,123.19999999999725,22,0.6,0.30000000000114824,12,0.15074022731291276,1.0,0.04868053086211934,0.9736106172423868,,True,0.042579586291326764,0.25,0.01408081215639209,0.2816162431278418,0.39999999999787406,False
baseline,24.0,1,124.99999999999751,24,1.5,3.400000000000361,30,0.9564233005894043,0.9666666666666667,0.30044761611955895,6.008952322391179,,True,0.6299777513656305,0.8666666666666667,0.1979133475615282,3.958266951230564,,True
baseline,24.0,1,130.19999999999678,17,1.0000000000004832,1.0000000000004832,20,0.47346153825622217,1.0,0.14156653976936107,2.8313307953872213,,True,0.27913643290700096,0.75,0.08351742542570423,1.6703485085140846,,True
baseline,24.0,1,133.69999999999737,7,0.6,0.299999999999784,12,0.3235330248091515,1.0,0.09278617398407649,1.8557234796815298,,True,0.18557982414270738,0.6666666666666666,0.05351811144347951,1.0703622288695902,,True
baseline,24.0,1,133.99999999999716,2,0.6999999999998181,0.6999999999998181,14,0.44007364961563894,1.0,0.12966079573742897,2.5932159147485794,,True,0.2650736496156488,1.0,0.07798091658747,1.5596183317494,,True
baseline,24.0,1,134.69999999999698,14,0.6,0.100000000000108,12,0.28071984068662126,1.0,0.08899534314867617,1.7799068629735235,,True,0.1307198406866298,1.0,0.0413793492324276,0.827586984648552,,True
baseline,24.0,1,134.79999999999708,9,1.5,1.5999999999997954,30,0.6762565450673569,1.0,0.2213689910706069,4.427379821412138,,True,0.3012565450673783,1.0,0.09855948877896782,1.9711897755793564,,True
baseline,24.0,1,136.39999999999688,4,1.5,1.7999999999998977,29,1.0216303631039687,1.0,0.3554500654678659,7.109001309357318,,True,0.6591303631039892,1.0,0.22983228904143913,4.596645780828783,,True
baseline,24.0,1,148.89999999999617,3,1.5,inf,30,0.4734451000615178,0.8333333333333334,0.12933666506359548,2.5867333012719094,,True,0.16602096856289827,0.7333333333333333,0.045353935232961995,0.9070787046592399,1.3500000000037318,False
baseline,24.0,2,20.50000000000002,14,1.200000000000017,1.200000000000017,24,0.8001724666495147,0.9583333333333334,0.23938369975890098,4.78767399517802,,True,0.548161990222129,0.8333333333333334,0.16400968394847623,3.2801936789695247,,True
baseline,24.0,2,21.70000000000004,7,1.5,3.4999999999999325,30,0.9785918366201498,1.0,0.30559778126261217,6.111955625252243,,True,0.6035918366201711,1.0,0.18853605500385645,3.770721100077129,,True
baseline,24.0,2,25.900000000000095,9,0.6,0.39999999999989555,12,0.5023917164175682,1.0,0.15474409934032668,3.0948819868065334,,True,0.38942331614908365,0.6666666666666666,0.12000903520568579,2.4001807041137155,,True
baseline,24.0,2,38.70000000000028,20,1.5,1.6000000000000227,30,0.7703009238125433,0.8333333333333334,0.210432323765471,4.20864647530942,,True,0.457800923812561,0.8333333333333334,0.12506295817879667,2.5012591635759334,,True
baseline,24.0,2,40.3000000000003,25,1.5,4.300000000000068,30,0.7724620992471204,1.0,0.21959875307104082,4.391975061420816,,True,0.39746209924714176,1.0,0.11327508865854659,2.2655017731709317,,True
baseline,24.0,2,44.60000000000037,17,1.5,2.099999999999909,30,0.7963018836680934,0.8333333333333334,0.2382529664544187,4.765059329088374,,True,0.4838018836681112,0.8333333333333334,0.14475318509758497,2.8950637019516994,,True
baseline,24.0,2,47.500000000000405,15,0.7999999999998977,0.7999999999998977,16,0.5414413697098787,1.0,0.1617970504558725,3.2359410091174503,,True,0.389101001368857,0.6875,0.11641874737188888,2.3283749474377777,,True
baseline,24.0,2,49.30000000000043,18,0.6,0.20000000000000284,12,0.5809008179121473,1.0,0.18257027168705675,3.651405433741135,,True,0.4309008179121559,1.0,0.1366113265274862,2.732226530549724,,True
baseline,24.0,2,49.30000000000043,23,0.6,0.20000000000000284,12,0.5809008179121473,1.0,0.18257027168705675,3.651405433741135,,True,0.4309008179121559,1.0,0.1366113265274862,2.732226530549724,,True
baseline,24.0,2,49.50000000000043,19,1.5,2.5000000000000355,30,2.216095153419195,1.0,0.7286651359724302,14.573302719448604,,True,1.8410951534192164,1.0,0.6060453174477543,12.120906348955085,,True
baseline,24.0,2,52.00000000000047,8,0.6,0.599999999999902,12,0.4034541426909995,1.0,0.1371077883635156,2.7421557672703116,,True,0.253454142691008,1.0,0.08589615373263226,1.7179230746526453,,True
baseline,24.0,2,53.50000000000049,2,1.000000000000007,1.000000000000007,20,0.36271751517905026,1.0,0.125189600176277,2.50379200352554,,True,0.1127175151790645,1.0,0.03907138050550908,0.7814276101101816,,True
baseline,24.0,2,54.5000000000005,12,0.9999999999999076,0.9999999999999076,20,0.43474674419175363,1.0,0.15917960982862384,3.1835921965724765,,True,0.1847467441917678,1.0,0.06806315623186625,1.361263124637325,,True
baseline,24.0,2,56.000000000000526,5,1.2999999999999048,1.2999999999999048,26,0.47195983008244413,1.0,0.17258633483922586,3.451726696784517,,True,0.14695983008246263,1.0,0.053749946063736384,1.0749989212747277,,True
baseline,24.0,2,57.90000000000044,14,1.5,1.6000000000000227,30,0.9726998808074407,1.0,0.32041304880737026,6.408260976147405,,True,0.5976998808074618,1.0,0.19722954739030388,3.9445909478060774,,True
baseline,24.0,2,59.50000000000046,9,0.6,0.5000000000000071,12,0.4235562668972526,1.0,0.14577955260354147,2.9155910520708295,,True,0.2735562668972612,1.0,0.09456791797265815,1.891358359453163,,True
baseline,24.0,2,62.1000000000005,23,0.6,0.3999999999999986,12,0.2580025072838308,1.0,0.08297019443992192,1.6594038887984384,,True,0.1270882173433234,0.5833333333333334,0.041015522378380354,0.8203104475676071,,True
baseline,24.0,2,62.90000000000051,7,0.6,0.20000000000011653,12,0.6116544094517877,1.0,0.20511261199545203,4.10225223990904,,True,0.4616544094517963,1.0,0.15564630661656292,3.1129261323312587,,True
baseline,24.0,2,63.10000000000063,4,0.8999999999998991,0.8999999999998991,18,1.313508107076016,1.0,0.4541160542007759,9.082321084015518,,True,1.0885081070760287,1.0,0.3767244807899791,7.534489615799583,,True
baseline,24.0,2,66.1000000000004,18,0.6,0.10000000000000853,12,0.1961468797016425,1.0,0.06764568838581571,1.352913767716314,,True,0.05980642849589519,0.5833333333333334,0.02121839659169597,0.4243679318339194,,True
baseline,24.0,2,66.20000000000041,14,0.6,0.0999999999999801,12,0.21797463334746775,1.0,0.07682858457087434,1.5365716914174867,,True,0.07675286740809012,0.75,0.027481785767114766,0.5496357153422953,,True
baseline,24.0,2,66.3000000000004,12,0.6,0.29999999999998295,12,0.23436560087459143,1.0,0.08431173218389608,1.6862346436779216,,True,0.08749120628761635,0.9166666666666666,0.031514361633145076,0.6302872326629015,,True
baseline,24.0,2,66.60000000000038,20,0.6000000000000796,0.6000000000000796,12,0.20307338750023357,1.0,0.07731413017815636,1.5462826035631272,,True,0.05307338750024209,1.0,0.019853014547243402,0.39706029094486806,,True
baseline,24.0,2,67.20000000000046,11,0.6,0.29999999999999716,12,0.42868740435164854,1.0,0.1708902501730883,3.4178050034617655,,True,0.2835497212473773,0.5833333333333334,0.11324031682866274,2.2648063365732547,,True
baseline,24.0,2,69.50000000000021,5,0.6000000000002927,0.6000000000002927,12,0.29411716132113075,1.0,0.1214678830252535,2.42935766050507,,True,0.14411716132113928,1.0,0.05994502689245686,1.198900537849137,,True
baseline,24.0,2,70.50000000000048,23,0.6,0.4000000000000341,12,0.19969531284025602,1.0,0.0806285965936251,1.612571931872502,,True,0.07541516755076544,0.75,0.030187651491313545,0.6037530298262709,0.4999999999976268,False
baseline,24.0,2,73.3,17,0.8000000000004093,0.8000000000004093,16,0.4649602783320442,0.6875,0.18258947432737693,3.6517894865475387,,True,0.32746027833205194,0.6875,0.12859335059380542,2.5718670118761082,,True
baseline,24.0,2,75.00000000000028,7,0.6,0.20000000000017337,12,0.31493281421327857,1.0,0.09934940452349612,1.9869880904699224,,True,0.16493281421328707,1.0,0.05201883099244206,1.0403766198488413,,True
baseline,24.0,2,76.9999999999999,21,0.6,0.5000000000003126,12,0.3001980520569583,1.0,0.09775286138705963,1.9550572277411926,,True,0.16070520347892292,0.5833333333333334,0.05268978819169365,1.053795763833873,,True
baseline,24.0,2,82.1,4,0.9000000000002899,0.9000000000002899,18,0.5132838746205879,0.8333333333333334,0.1535599590042584,3.071199180085168,,True,0.3497384928382971,0.7222222222222222,0.10464151235984391,2.0928302471968783,,True
baseline,24.0,2,88.39999999999971,11,1.5,1.700000000000287,30,0.6971853758758334,0.8333333333333334,0.19911567773106872,3.9823135546213746,,True,0.3846853758758511,0.8333333333333334,0.10986588643590928,2.1973177287181853,,True
baseline,24.0,2,93.99999999999966,7,1.5,2.4000000000000625,30,0.582600814840973,0.8666666666666667,0.16639040362543883,3.327808072508777,,True,0.25760081484099145,0.8666666666666667,0.07357062067847307,1.4714124135694615,,True
baseline,24.0,2,103.1999999999983,19,1.0000000000009663,1.0000000000009663,20,0.4902811971606902,0.75,0.1339359832341942,2.678719664683884,,True,0.30278119716070084,0.75,0.08271436388218961,1.6542872776437922,,True
baseline,24.0,2,104.19999999999926,11,1.5,3.599999999998772,30,0.7834911511478966,1.0,0.22243475478422964,4.4486950956845925,,True,0.40849115114791795,1.0,0.11595587334339597,2.3191174668679193,,True
baseline,24.0,2,107.79999999999804,15,0.6,0.19999999999998863,12,0.20050089905370788,0.5833333333333334,0.061164613742758,1.22329227485516,,True,0.11300089905371286,0.5833333333333334,0.03442367627470355,0.688473525494071,,True
baseline,24.0,2,107.99999999999802,25,1.0000000000005116,1.0000000000005116,20,0.48639721000299374,0.95,0.15098158875942794,3.0196317751885586,,True,0.24889721000300724,0.95,0.07711676148752927,1.5423352297505855,,True
baseline,24.0,2,108.99999999999854,21,0.6,0.39999999999942304,12,0.2989098580226269,1.0,0.0972573424315436,1.945146848630872,,True,0.14890985802263532,1.0,0.04868666653723051,0.9737333307446101,,True
baseline,24.0,2,109.39999999999796,13,1.5,1.8000000000003382,30,0.97459931011671,1.0,0.3380892196304301,6.761784392608602,,True,0.5995993101167313,1.0,0.20810812007401783,4.162162401480357,,True
baseline,24.0,2,112.69999999999789,24,1.5,2.799999999999841,30,1.0175159117977495,1.0,0.3358001387159573,6.716002774319146,,True,0.6635134235265115,0.8333333333333334,0.21941988388516862,4.388397677703372,,True
baseline,24.0,2,115.49999999999773,16,0.6,0.3000000000003098,12,0.1558519167646482,1.0,0.052961640551595544,1.059232811031911,,True,0.06003122404617519,0.16666666666666666,0.02095485027216299,0.4190970054432598,0.3999999999978314,False
baseline,24.0,2,117.09999999999846,4,0.6,0.2999999999994998,12,0.3629409567446231,1.0,0.11040043249416445,2.208008649883289,,True,0.2448115998666573,0.6666666666666666,0.07449521287829926,1.489904257565985,,True
baseline,24.0,2,122.89999999999765,12,0.6,0.39999999999994884,12,0.20018011421227244,0.5833333333333334,0.05989375011467057,1.1978750022934113,,True,0.11268011421227744,0.5833333333333334,0.03371381133475712,0.6742762266951424,,True
baseline,24.0,2,123.2999999999976,25,0.6,0.20000000000013074,12,0.33809955463681635,1.0,0.10115915019323836,2.023183003864767,,True,0.18809955463682482,1.0,0.056279255141958195,1.125585102839164,,True
baseline,24.0,2,124.49999999999709,6,0.6000000000013728,0.6000000000013728,12,0.37850517282846396,1.0,0.11762779717162863,2.3525559434325727,,True,0.22850517282847244,1.0,0.07125190561863909,1.4250381123727818,,True
baseline,24.0,2,129.1999999999974,24,0.8999999999998352,0.8999999999998352,18,0.40091346325804367,0.7777777777777778,0.12595067908967117,2.5190135817934234,,True,0.22591346325805367,0.7777777777777778,0.0709728076518529,1.419456153037058,,True
baseline,24.0,2,130.09999999999724,14,0.6,0.5000000000009095,12,0.28037316172976756,1.0,0.09117447496541731,1.8234894993083461,,True,0.13037316172977612,1.0,0.04239711534389438,0.8479423068778875,,True
baseline,24.0,2,130.59999999999815,4,0.6,0.2999999999994998,12,0.34474803438445334,1.0,0.1156008415959479,2.312016831918958,,True,0.19474803438446187,1.0,0.06530780130821942,1.3061560261643885,,True
baseline,24.0,2,131.69999999999715,15,0.7999999999999545,0.7999999999999545,16,0.45784391626069054,1.0,0.14936652146323554,2.987330429264711,,True,0.2578439162607019,1.0,0.08405446366492517,1.6810892732985034,,True
baseline,24.0,2,132.99999999999662,2,1.5,2.0000000000011653,30,0.632542569768326,1.0,0.20782416048946492,4.1564832097892985,,True,0.2575425697683475,1.0,0.0846406590723985,1.6928131814479699,,True
baseline,24.0,2,134.99999999999778,7,1.5,2.199999999999619,30,0.4906658568107941,1.0,0.17071105402829706,3.414221080565941,,True,0.13989633256911108,0.7333333333333333,0.04883303229591934,0.9766606459183869,1.349999999998957,False
baseline,24.0,2,141.69999999999658,6,1.300000000001205,1.300000000001205,26,0.9170604624473385,0.8076923076923077,0.26191185561111063,5.238237112222213,,True,0.6545604624473536,0.8076923076923077,0.1869420309231767,3.7388406184635343,,True
baseline,24.0,2,144.09999999999644,20,0.6,0.3000000000005514,12,0.40781045509918,1.0,0.11705608921477952,2.3411217842955905,,True,0.27024959871412363,0.5833333333333334,0.07822042468864854,1.5644084937729708,,True
baseline,24.0,2,144.399999999997,21,1.5,5.299999999999585,30,2.1248119518011084,1.0,0.6326997631034448,12.653995262068896,,True,1.7498119518011297,1.0,0.5213500234875791,10.427000469751581,,True
baseline,24.0,2,150.79999999999606,5,1.3000000000003809,1.3000000000003809,26,0.11627815981191116,0.8076923076923077,0.03462012616982611,0.6924025233965223,1.0500000000042036,False,0.0,0.0,0.0,0.0,0.0,False
baseline,24.0,3,27.900000000000126,14,1.5,1.8000000000000256,30,0.9199854949996984,0.8666666666666667,0.251323449782628,5.02646899565256,,True,0.5949854949997168,0.8666666666666667,0.16253930957248672,3.2507861914497345,,True
baseline,24.0,3,29.700000000000152,15,1.5,3.3000000000000753,30,1.1634110772091486,1.0,0.3315061390886155,6.630122781772309,,True,0.7884110772091698,1.0,0.2250272576477818,4.500545152955636,,True
baseline,24.0,3,33.00000000000023,21,0.6,0.5999999999998948,13,0.2101028730065735,1.0,0.0625154751754117,1.2503095035082339,,True,0.0845765318462787,0.6153846153846154,0.025305239153749763,0.5061047830749953,,True
baseline,24.0,3,33.60000000000012,25,1.100000000000101,1.100000000000101,23,0.4013731496560657,1.0,0.12449179480388416,2.489835896077683,,True,0.1145869227585783,0.9565217391304348,0.03533024226026432,0.7066048452052864,1.100000000000044,False
baseline,24.0,3,34.70000000000022,13,1.1999999999999034,1.1999999999999034,24,0.7966739312993623,1.0,0.26269014376832656,5.253802875366532,,True,0.5129005605670672,0.7916666666666666,0.16961311927364053,3.3922623854728107,,True
baseline,24.0,3,36.80000000000025,7,0.8999999999998991,0.8999999999998991,18,0.22224405739099234,0.7222222222222222,0.07349476821089786,1.469895364217957,,True,0.059744057391001575,0.7222222222222222,0.019756999136338698,0.395139982726774,,True
baseline,24.0,3,41.60000000000035,17,1.0999999999998735,1.0999999999998735,22,0.5388450844092245,0.8181818181818182,0.16122207224790394,3.224441444958079,,True,0.31384508440923736,0.8181818181818182,0.0939022296709837,1.8780445934196741,,True
baseline,24.0,3,45.50000000000038,22,1.0000000000000142,1.0000000000000142,20,0.3713767189318261,0.75,0.10606494290095511,2.1212988580191023,,True,0.18387671893183677,0.75,0.052515068123859435,1.0503013624771886,,True
baseline,24.0,3,46.50000000000039,6,1.5,1.6999999999999105,30,0.5041947537490207,1.0,0.14960847774959005,2.992169554991801,,True,0.13686480968896944,0.8333333333333334,0.040553613504533896,0.811072270090678,1.2999999999990308,False
baseline,24.0,3,48.2000000000003,7,0.6,0.49999999999992184,12,0.36914972988001027,1.0,0.11563251061800724,2.3126502123601447,,True,0.2589693741322098,0.5833333333333334,0.0813576283278497,1.627152566556994,,True
baseline,24.0,3,48.70000000000022,25,0.9000000000001265,0.9000000000001265,18,0.6735821351999662,1.0,0.21885373192411026,4.377074638482205,,True,0.44858213519997897,1.0,0.14548100876461606,2.9096201752923214,,True
baseline,24.0,3,51.40000000000046,23,1.5,2.099999999999916,30,1.132835544283596,1.0,0.3743307640700387,7.486615281400773,,True,0.8027294107945327,0.8333333333333334,0.2654577705023757,5.309155410047514,,True
baseline,24.0,3,64.20000000000051,22,1.0000000000000568,1.0000000000000568,20,0.3768158855891119,0.75,0.10293930590632051,2.0587861181264104,,True,0.1893158855891225,0.75,0.051717686554315905,1.034353731086318,,True
baseline,24.0,3,65.20000000000057,2,1.5,3.2999999999998124,30,0.6406141725756545,1.0,0.18177983591396638,3.6355967182793276,,True,0.26561417257567566,1.0,0.07545617150147212,1.5091234300294423,,True
baseline,24.0,3,68.50000000000038,24,0.6,0.09999999999988063,12,0.35485152026067796,1.0,0.11124733938645766,2.224946787729153,,True,0.242915734171352,0.5833333333333334,0.07653350742380692,1.5306701484761385,,True
baseline,24.0,3,68.60000000000026,15,0.6,0.100000000000108,12,0.42683336448598747,1.0,0.13549818331182692,2.7099636662365385,,True,0.2998074621699724,0.75,0.09534725844806947,1.9069451689613894,,True
baseline,24.0,3,68.70000000000037,8,0.6,0.5999999999999659,12,0.4968181485702485,1.0,0.1590808199767331,3.181616399534662,,True,0.3545293483291458,0.9166666666666666,0.11344345587419963,2.268869117483993,,True
baseline,24.0,3,69.30000000000034,3,0.8999999999998352,0.8999999999998352,18,0.6595652409485482,1.0,0.22678969939727026,4.5357939879454054,,True,0.434565240948561,1.0,0.1493981259864735,2.98796251972947,,True
baseline,24.0,3,70.20000000000017,13,1.5,2.000000000000341,30,0.7377117972096152,1.0,0.26905396954982874,5.381079390996575,,True,0.3627117972096365,1.0,0.13173762398851793,2.6347524797703588,,True
baseline,24.0,3,74.9999999999999,4,0.9999999999999432,0.9999999999999432,20,0.4403416903981941,0.8,0.15370824662491975,3.074164932498395,,True,0.24034169039820552,0.8,0.08389507654515059,1.6779015309030119,,True
baseline,24.0,3,75.99999999999984,23,0.6,0.50000000000054,12,0.21753667965093365,1.0,0.07783016908313507,1.5566033816627014,,True,0.06753667965094218,1.0,0.02393029512448975,0.47860590248979495,,True
baseline,24.0,3,77.99999999999962,7,0.6,0.20000000000055707,12,0.26213274008107357,1.0,0.07842993242895842,1.5685986485791683,,True,0.12990597517991656,0.5833333333333334,0.038867776884061345,0.7773555376812269,,True
baseline,24.0,3,84.69999999999938,21,0.6,0.10000000000042064,12,0.2671894139879967,1.0,0.07870280875283517,1.5740561750567035,,True,0.1755228482297531,0.5833333333333334,0.0517246385363937,1.034492770727874,,True
baseline,24.0,3,84.7999999999998,15,1.199999999999818,1.199999999999818,24,0.6785550993289049,1.0,0.20182701461338126,4.036540292267626,,True,0.4135751255884885,0.875,0.12294971336691973,2.4589942673383947,,True
baseline,24.0,3,89.09999999999921,12,1.5,3.0000000000001705,30,0.8040193337496327,1.0,0.2405029459357024,4.810058918714048,,True,0.48717548656713067,0.8333333333333334,0.145762564724603,2.91525129449206,,True
baseline,24.0,3,92.09999999999938,23,0.6,0.5999999999999943,12,0.2156952163598047,1.0,0.06751695559953352,1.3503391119906705,,True,0.09927170780026066,0.6666666666666666,0.031187126793461143,0.6237425358692229,,True
baseline,24.0,3,93.79999999999896,19,1.2000000000002586,1.2000000000002586,24,0.7599108302725982,1.0,0.2266875807913455,4.53375161582691,,True,0.46197282820954305,0.9166666666666666,0.13819669433232293,2.7639338866464587,,True
baseline,24.0,3,94.99999999999922,13,1.0999999999995822,1.0999999999995822,22,0.6539936332352191,1.0,0.2041136834286337,4.082273668572674,,True,0.3789936332352347,1.0,0.11846788370577396,2.3693576741154794,,True
baseline,24.0,3,96.0999999999988,18,1.000000000000398,1.000000000000398,20,0.5959108045757007,1.0,0.19517005565463982,3.9034011130927966,,True,0.3459108045757148,1.0,0.11352998340675179,2.2705996681350356,,True
baseline,24.0,3,100.79999999999843,10,1.0000000000005258,1.0000000000005258,20,0.4117968969307524,1.0,0.128830112136725,2.5766022427345,,True,0.17572071095500835,0.8,0.05520428946198296,1.1040857892396592,,True
baseline,24.0,3,105.19999999999877,2,1.5,2.199999999999875,30,0.6344903489058447,0.9666666666666667,0.18116712866018322,3.6233425732036646,,True,0.3185362144004134,0.8333333333333334,0.09097373009660385,1.819474601932077,,True
baseline,24.0,3,107.39999999999864,12,0.6,0.20000000000031548,12,0.28872982356797383,1.0,0.08825997622861077,1.7651995245722154,,True,0.18218356896156854,0.6666666666666666,0.05572244199993029,1.1144488399986057,,True
baseline,24.0,3,107.59999999999896,15,0.6,0.39999999999918145,12,0.4080588816687807,1.0,0.12593526605190308,2.5187053210380617,,True,0.25805888166878915,1.0,0.07955937449891355,1.591187489978271,,True
baseline,24.0,3,107.99999999999814,5,0.6000000000004206,0.6000000000004206,12,0.43845161974331837,1.0,0.14240849076126777,2.848169815225355,,True,0.2884516197433269,1.0,0.09383781486695461,1.8767562973390923,,True
baseline,24.0,3,108.59999999999856,8,0.6,0.19999999999987494,12,0.4253822847688024,1.0,0.1406713537680959,2.813427075361918,,True,0.27538228476881094,1.0,0.09106725923773352,1.8213451847546704,,True
baseline,24.0,3,109.09999999999852,18,1.5,2.3999999999993236,30,0.5588806094579326,1.0,0.19206848423906328,3.8413696847812657,,True,0.22229851314971175,0.7,0.07572741149114481,1.5145482298228963,1.0999999999973653,False
baseline,24.0,3,111.49999999999784,6,1.5,1.7000000000009265,30,1.399646237342838,1.0,0.5162566559683345,10.32513311936669,,True,1.0359423678162256,0.8333333333333334,0.3828834037969258,7.657668075938516,,True
baseline,24.0,3,113.59999999999772,9,1.5,1.8000000000009209,30,1.5388237526147326,1.0,0.5660463434917509,11.320926869835017,,True,1.163823752614754,1.0,0.42847333186397046,8.56946663727941,,True
baseline,24.0,3,119.099999999998,19,0.6,0.39999999999983515,12,0.16673631403893302,0.8333333333333334,0.04893636366334883,0.9787272732669766,,True,0.06622332631674605,0.6666666666666666,0.01937992348570639,0.38759846971412776,,True
baseline,24.0,3,122.49999999999724,17,1.5,4.600000000000762,30,0.7029827910646687,0.9,0.20076582688574632,4.015316537714926,,True,0.3900327154932301,0.8333333333333334,0.11139308305938271,2.2278616611876543,,True
baseline,24.0,3,127.39999999999829,15,1.5,3.0999999999989,30,1.216050059406394,0.9333333333333333,0.34728789642667646,6.94575792853353,,True,0.9023269015589718,0.8333333333333334,0.25770396046128236,5.154079209225647,,True
baseline,24.0,3,132.19999999999678,20,0.6,0.4000000000003183,12,0.21877785228473406,1.0,0.062466144991130845,1.249322899822617,,True,0.11743589986001467,0.6666666666666666,0.03353961456981172,0.6707922913962344,,True
baseline,24.0,3,132.5999999999971,22,0.6,0.3999999999996646,12,0.3500902981445867,1.0,0.10323787793616368,2.0647575587232736,,True,0.2000902981445952,1.0,0.05903798129475139,1.180759625895028,,True
baseline,24.0,3,132.99999999999676,16,1.5,2.400000000001512,30,0.7816781617538646,1.0,0.2437959505280589,4.875919010561178,,True,0.40667816175388594,1.0,0.1267342242693031,2.5346844853860615,,True
baseline,24.0,3,137.39999999999694,5,0.6,0.5000000000003126,12,0.16144678785516012,1.0,0.05053135149697966,1.0106270299395932,,True,0.06133627907731408,0.5833333333333334,0.019269360374782322,0.3853872074956465,,True
baseline,24.0,3,137.89999999999725,23,1.5,2.299999999999528,29,0.8539093408593625,1.0,0.28104498242117687,5.620899648423538,,True,0.49140934085938326,1.0,0.16199515554830735,3.239903110966147,,True
baseline,24.0,3,140.9999999999972,2,1.5,2.099999999999312,30,1.31828002577066,1.0,0.3937527294504729,7.8750545890094585,,True,0.9476537084180071,0.9,0.2835351737820871,5.670703475641742,,True
baseline,24.0,3,143.0999999999965,10,1.5,2.3000000000004377,30,0.7391813072360227,1.0,0.2299889769681024,4.599779539362048,,True,0.3641813072360441,1.0,0.11311425027206026,2.262285005441205,,True
baseline,24.0,3,150.39999999999574,11,0.700000000000756,0.700000000000756,14,0.5026943674112331,1.0,0.14355581518245028,2.8711163036490057,,True,0.3766184204648832,0.7142857142857143,0.10756196935809718,2.1512393871619437,,True
baseline,24.0,4,25.800000000000097,21,0.6,0.09999999999999787,12,0.2516330449700382,0.6666666666666666,0.07100874768918221,1.4201749537836441,,True,0.15163304497004385,0.6666666666666666,0.04275924853140999,0.8551849706281999,,True
baseline,24.0,4,25.900000000000095,2,1.5,3.5000000000000817,30,0.7288811366393663,0.9333333333333333,0.207310483937192,4.1462096787438405,,True,0.3788811366393861,0.9333333333333333,0.10766115174329226,2.153223034865845,,True
baseline,24.0,4,29.400000000000176,19,1.5,3.5000000000000213,30,0.9910755758699563,0.8666666666666667,0.2965291188862218,5.930582377724436,,True,0.6660755758699749,0.8666666666666667,0.19928934627511466,3.985786925502293,,True
baseline,24.0,4,32.9000000000002,22,0.8999999999998991,0.8999999999998991,18,0.7960200580781299,1.0,0.24960265448115726,4.992053089623145,,True,0.6018072716419433,0.7222222222222222,0.18906333034672462,3.7812666069344925,,True
baseline,24.0,4,40.30000000000019,21,0.6000000000000085,0.6000000000000085,12,0.27263561927341323,0.6666666666666666,0.07786455078329625,1.557291015665925,,True,0.17263561927341892,0.6666666666666666,0.04930461756884523,0.9860923513769047,,True
baseline,24.0,4,41.10000000000032,17,1.5,1.8000000000000185,30,0.6630065189528249,0.8333333333333334,0.1893542190203942,3.787084380407884,,True,0.3505065189528427,0.8333333333333334,0.10010442772523476,2.002088554504695,,True
baseline,24.0,4,42.90000000000034,23,1.0000000000000142,1.0000000000000142,20,0.4833712077510795,1.0,0.1438894696765965,2.8777893935319296,,True,0.24221846183568596,0.8,0.07246641246133687,1.4493282492267374,,True
baseline,24.0,4,43.900000000000354,24,1.200000000000017,1.200000000000017,24,1.2560235301649705,1.0,0.39284137341609554,7.856827468321911,,True,0.9560235301649875,1.0,0.2995285916219754,5.9905718324395085,,True
baseline,24.0,4,45.10000000000037,6,1.3000000000000185,1.3000000000000185,26,0.7604458169847754,1.0,0.2476448159054741,4.952896318109482,,True,0.4354458169847939,1.0,0.141202696392405,2.8240539278481003,,True
baseline,24.0,4,46.40000000000039,5,1.5,1.8999999999997996,30,0.9697109171725049,1.0,0.33743332925201586,6.748666585040317,,True,0.6006498276594714,0.8666666666666667,0.20964584012940424,4.192916802588085,,True
baseline,24.0,4,55.500000000000405,22,1.5,2.8000000000001535,30,0.448758447665764,0.9666666666666667,0.12252986125357955,2.450597225071591,,True,0.13667788733305547,0.7,0.03733793450032175,0.746758690006435,1.3499999999985022,False
baseline,24.0,4,58.30000000000056,25,1.400000000000034,1.400000000000034,28,0.9913022108057349,0.8214285714285714,0.2831152493595106,5.662304987190212,,True,0.703802210805751,0.8214285714285714,0.20100544136796394,4.020108827359278,,True
baseline,24.0,4,59.70000000000059,8,1.5,1.70000000000001,30,0.6788684952136641,1.0,0.20116433184864924,4.023286636972985,,True,0.3038684952136854,1.0,0.08981459223278365,1.796291844655673,,True
baseline,24.0,4,61.4000000000006,14,1.0,1.0,20,0.40893726213016407,1.0,0.12793351496147076,2.5586702992294152,,True,0.18548030055711962,0.75,0.05827035496158736,1.1654070992317473,,True
baseline,24.0,4,62.4000000000006,11,0.6,0.49999999999993605,12,0.29427311135634143,1.0,0.09599694911435558,1.9199389822871116,,True,0.14427311135634996,1.0,0.04721958949283265,0.944391789856653,,True
baseline,24.0,4,62.90000000000054,19,0.6,0.5999999999998664,12,0.2724246093967866,1.0,0.09265760791802086,1.8531521583604171,,True,0.12242460939679513,1.0,0.04144597328713753,0.8289194657427507,,True
baseline,24.0,4,70.10000000000034,25,0.6,0.30000000000026716,12,0.1536418515240243,1.0,0.044350433073613915,0.8870086614722783,,True,0.05066266689312892,0.5833333333333334,0.014599647513308372,0.29199295026616745,,True
baseline,24.0,4,71.00000000000024,13,0.6,0.19999999999987494,12,0.38125897451479707,1.0,0.10971528936819078,2.1943057873638154,,True,0.2312589745148057,1.0,0.06714147588081036,1.3428295176162073,,True
baseline,24.0,4,71.20000000000012,17,0.6,0.30000000000009663,12,0.48664323457402703,1.0,0.14384521915065654,2.8769043830131307,,True,0.3366432345740356,1.0,0.09978353957733696,1.9956707915467393,,True
baseline,24.0,4,71.50000000000021,4,1.5,3.09999999999971,30,0.9064869829659453,1.0,0.28120928719741406,5.624185743948281,,True,0.5321377780191946,0.9666666666666667,0.16453901379719313,3.2907802759438627,1.499999999997783,False
baseline,24.0,4,74.59999999999992,5,1.5,2.0999999999999943,30,1.0072323262604073,1.0,0.33284805909324316,6.6569611818648635,,True,0.6803630842808057,0.8333333333333334,0.22499196498423926,4.499839299684785,,True
baseline,24.0,4,76.69999999999992,12,1.4000000000004178,1.4000000000004178,28,0.6967360787818486,1.0,0.24197561592367542,4.839512318473508,,True,0.3467360787818686,1.0,0.12072116262723431,2.4144232525446863,,True
baseline,24.0,4,79.9,14,1.5,2.6999999999999176,30,0.8349838399635588,1.0,0.24949622080693618,4.989924416138724,,True,0.48569261353223364,0.8666666666666667,0.14531889015006585,2.906377803001317,,True
baseline,24.0,4,88.09999999999916,23,1.5,2.5999999999997385,30,0.7741933692994076,0.8333333333333334,0.21149566969121297,4.229913393824259,,True,0.4616933692994254,0.8333333333333334,0.1261263041045386,2.522526082090772,,True
baseline,24.0,4,90.6999999999989,21,0.6,0.3999999999999915,12,0.41007533793116263,1.0,0.11698820508502866,2.339764101700573,,True,0.3121836336161716,0.5833333333333334,0.08915943726723019,1.7831887453446038,,True
baseline,24.0,4,91.09999999999889,22,1.5,1.8000000000001108,30,2.4143359324378255,1.0,0.7512787517035525,15.02557503407105,,True,2.039335932437847,1.0,0.6350840234173782,12.701680468347565,,True
baseline,24.0,4,91.09999999999944,5,1.5,1.7999999999995566,30,2.4143359324378255,1.0,0.7512787517035525,15.02557503407105,,True,2.039335932437847,1.0,0.6350840234173782,12.701680468347565,,True
baseline,24.0,4,92.899999999999,10,0.6,0.5000000000001279,12,0.5468289113147321,1.0,0.1763420175795598,3.526840351591196,,True,0.3968289113147406,1.0,0.12777134168524665,2.555426833704933,,True
baseline,24.0,4,93.39999999999912,8,1.5,2.7000000000000313,30,0.7039296907423958,1.0,0.24262715860701844,4.8525431721403685,,True,0.3289296907424171,1.0,0.11287570763639494,2.257514152727899,,True
baseline,24.0,4,98.49999999999868,20,0.6,0.200000000000216,12,0.07200441821555663,0.5833333333333334,0.023811426451789436,0.4762285290357887,,True,0.0,0.0,0.0,0.0,0.0,False
baseline,24.0,4,99.89999999999893,11,1.000000000000071,1.000000000000071,20,0.742535556634403,1.0,0.23307180520440127,4.6614361040880254,,True,0.541491422637312,0.75,0.1701145475339265,3.40229095067853,,True
baseline,24.0,4,106.59999999999822,18,1.3000000000007077,1.3000000000007077,26,0.7528516378732474,0.8076923076923077,0.21501392498051247,4.30027849961025,,True,0.4903516378732623,0.8076923076923077,0.14004410029257855,2.800882005851571,,True
baseline,24.0,4,110.09999999999802,15,1.5,4.199999999999662,30,1.2082411532848847,1.0,0.34471849548610495,6.894369909722099,,True,0.8672028088308534,0.8333333333333334,0.24767254303594935,4.953450860718987,,True
baseline,24.0,4,114.29999999999768,24,0.6,0.30000000000053717,12,0.22273735522466293,1.0,0.06429800853540736,1.2859601707081472,,True,0.10800713400215413,0.5833333333333334,0.031191134772531142,0.6238226954506229,,True
baseline,24.0,4,116.59999999999764,16,0.6,0.40000000000020464,12,0.32004524426710884,0.75,0.09573688445994717,1.9147376891989434,,True,0.23104313027515203,0.5833333333333334,0.0691279429271245,1.38255885854249,,True
baseline,24.0,4,116.99999999999784,22,1.100000000000179,1.100000000000179,22,0.9059711318207446,1.0,0.28194726002796916,5.638945200559383,,True,0.6309711318207603,1.0,0.19630146030510945,3.926029206102189,,True
baseline,24.0,4,125.79999999999758,4,1.5,5.599999999999241,30,0.9477521679032935,0.8333333333333334,0.25890880418337275,5.178176083667455,,True,0.6352521679033112,0.8333333333333334,0.17353943859669854,3.4707887719339707,,True
baseline,24.0,4,131.39999999999682,7,1.5,2.4000000000007446,30,1.0552080244697675,0.8666666666666667,0.30136670706211083,6.027334141242217,,True,0.7302080244697859,0.8666666666666667,0.2085469241151451,4.170938482302902,,True
baseline,24.0,4,138.69999999999675,17,0.7000000000000739,0.7000000000000739,14,0.2415855926806918,0.6428571428571429,0.0689966839253452,1.379933678506904,,True,0.12908559268069816,0.6428571428571429,0.03686675905908781,0.7373351811817562,,True
baseline,24.0,4,139.99999999999633,9,1.1999999999999602,1.1999999999999602,24,0.700981816587179,1.0,0.2072792786599137,4.145585573198273,,True,0.40098181658719595,1.0,0.11899035468304578,2.3798070936609155,,True
baseline,24.0,4,139.99999999999704,14,1.1999999999992497,1.1999999999992497,24,0.700981816587179,1.0,0.2072792786599137,4.145585573198273,,True,0.40098181658719595,1.0,0.11899035468304578,2.3798070936609155,,True
baseline,24.0,4,141.1999999999963,3,0.9000000000004036,0.9000000000004036,18,0.39758083605760286,1.0,0.12377888466862319,2.475577693372464,,True,0.17258083605761565,1.0,0.053841048213711544,1.0768209642742308,,True
baseline,24.0,4,142.0999999999967,25,1.5,3.500000000000199,30,0.6318276351735325,1.0,0.20743082586821823,4.148616517364364,,True,0.2568276351735537,1.0,0.08445400817836161,1.6890801635672323,,True
baseline,24.0,4,145.5999999999969,4,1.0999999999998522,1.0999999999998522,22,0.6335692652147387,0.7727272727272727,0.22115739434876733,4.423147886975347,,True,0.4210692652147508,0.7727272727272727,0.14698090113901263,2.9396180227802526,,True
baseline,24.0,4,147.09999999999673,17,0.8999999999996078,0.8999999999996078,18,0.3512683609664344,1.0,0.12045649044395328,2.4091298088790656,,True,0.12788483286684565,0.8888888888888888,0.04339952358592629,0.8679904717185258,0.8000000000026404,False
baseline,24.0,4,148.39999999999645,8,0.6,0.29999999999972715,12,0.12245649052951381,1.0,0.04023774430763205,0.804754886152641,,True,0.024329094130791457,0.16666666666666666,0.00849000662945387,0.16980013258907742,,True
baseline,24.0,4,148.69999999999618,24,0.6,0.5000000000001137,12,0.28629719482270377,1.0,0.09873443565343115,1.974688713068623,,True,0.17541783253369678,0.5833333333333334,0.06068940834902886,1.2137881669805772,,True
baseline,24.0,4,149.2999999999957,2,0.8000000000010061,0.8000000000010061,16,0.5531461544874625,1.0,0.1900433168873925,3.80086633774785,,True,0.35314615448747383,1.0,0.1211487411507782,2.422974823015564,,True
baseline,24.0,4,152.7999999999955,6,0.6,0.4000000000005457,12,0.3210966250230942,1.0,0.11173344625534494,2.2346689251068987,,True,0.21452290542323207,0.5833333333333334,0.07488262041159599,1.4976524082319198,,True
baseline,24.0,4,153.19999999999604,16,0.6,0.40000000000085834,12,0.47216354260139076,1.0,0.16771433361837393,3.3542866723674787,,True,0.32216354260139923,1.0,0.11432779179266807,2.2865558358533615,,True
baseline,24.0,5,30.20000000000016,19,0.6,0.5000000000000071,12,0.24440703107222386,0.6666666666666666,0.06676759420019052,1.3353518840038103,,True,0.14440703107222955,0.6666666666666666,0.03944939721245472,0.7889879442490944,,True
baseline,24.0,5,30.700000000000166,24,0.6,0.40000000000000213,12,0.32206211416661396,1.0,0.09052121901642914,1.8104243803285827,,True,0.17206211416662243,1.0,0.04830218730811022,0.9660437461622045,,True
baseline,24.0,5,31.10000000000017,9,1.5,3.200000000000049,30,0.6230208486787863,1.0,0.18503246886189123,3.7006493772378244,,True,0.25035371759246194,0.9333333333333333,0.0742107223903134,1.484214447806268,1.400000000000123,False
baseline,24.0,5,34.30000000000022,12,1.5,3.8999999999999417,30,0.614952676825409,0.8333333333333334,0.1931930811820083,3.863861623640166,,True,0.30245267682542676,0.8333333333333334,0.09501831075733286,1.9003662151466572,,True
baseline,24.0,5,43.40000000000023,24,0.6000000000001293,0.6000000000001293,12,0.20823357076117752,0.5833333333333334,0.05688565705513789,1.137713141102758,,True,0.12073357076118249,0.5833333333333334,0.032982234690869076,0.6596446938173816,,True
baseline,24.0,5,44.00000000000036,11,1.5,1.90000000000002,30,0.4507105542806398,1.0,0.12701552620005058,2.5403105240010113,,True,0.13382051132049844,0.5666666666666667,0.037288026709081,0.7457605341816199,0.8999999999992241,False
baseline,24.0,5,45.90000000000038,5,1.5,3.999999999999943,30,0.6032652715376585,0.8333333333333334,0.1804965471646247,3.609930943292494,,True,0.2907652715376763,0.8333333333333334,0.08699676580779102,1.7399353161558204,,True
baseline,24.0,5,49.900000000000325,19,1.4999999999999076,1.4999999999999076,30,0.496851404223649,0.8333333333333334,0.15609047214347882,3.1218094428695764,,True,0.1845306674854289,0.8,0.05797201893342446,1.1594403786684893,1.4999999999988916,False
baseline,24.0,5,57.50000000000055,18,0.6,0.3999999999997783,12,0.2546736035303906,0.5833333333333334,0.07190651550393143,1.4381303100786287,,True,0.1671736035303955,0.5833333333333334,0.04738222502630501,0.9476445005261002,,True
baseline,24.0,5,66.80000000000048,23,1.5,3.499999999999801,30,0.8271078058346363,0.8333333333333334,0.22595093969885793,4.519018793977159,,True,0.5146078058346542,0.8333333333333334,0.1405815741121836,2.8116314822436723,,True
baseline,24.0,5,70.30000000000028,2,1.5,4.500000000000199,30,0.8807717766578209,1.0,0.251477654684172,5.02955309368344,,True,0.5626202945201684,0.8333333333333334,0.16068398036591705,3.213679607318341,,True
baseline,24.0,5,78.3999999999998,18,1.0999999999997243,1.0999999999997243,22,0.6030837505386915,0.8181818181818182,0.1647516069731941,3.295032139463882,,True,0.37808375053870413,0.8181818181818182,0.10328566375078857,2.0657132750157716,,True
baseline,24.0,5,79.49999999999953,19,1.3000000000001535,1.3000000000001535,26,1.4098191677208851,1.0,0.4010141167062988,8.020282334125975,,True,1.0848191677209036,1.0,0.30897041890103,6.1794083780206,,True
baseline,24.0,5,80.79999999999968,15,1.5,4.199999999999761,30,0.9218868542692119,1.0,0.27281786605127484,5.4563573210254965,,True,0.5468868542692333,1.0,0.16146812643540923,3.2293625287081844,,True
baseline,24.0,5,84.99999999999945,7,1.0999999999999375,1.0999999999999375,22,0.4249516024792695,1.0,0.13281620782058137,2.6563241564116273,,True,0.16657746930833128,0.7727272727272727,0.05233185538326328,1.0466371076652656,,True
baseline,24.0,5,86.09999999999938,16,0.6,0.3000000000004235,12,0.4889155039041758,1.0,0.15542917452815014,3.108583490563003,,True,0.33891550390418435,1.0,0.10789191726988627,2.1578383453977255,,True
baseline,24.0,5,88.0999999999995,19,0.7000000000001876,0.7000000000001876,14,0.21296092532839037,1.0,0.06514904833641116,1.3029809667282233,,True,0.06016388568223217,0.5714285714285714,0.01808144042571561,0.36162880851431217,0.4499999999976154,False
baseline,24.0,5,98.49999999999868,6,0.6999999999999602,0.6999999999999602,14,0.28523118096276767,0.6428571428571429,0.07792001588585841,1.5584003177171681,,True,0.17273118096277404,0.6428571428571429,0.047187044274655636,0.9437408854931127,,True
baseline,24.0,5,99.19999999999864,17,0.8999999999998352,0.8999999999998352,18,0.37575778651886843,1.0,0.10552795687383036,2.1105591374766073,,True,0.15080538192636425,0.9444444444444444,0.042057785499602894,0.8411557099920579,0.8999999999978172,False
baseline,24.0,5,100.09999999999847,12,1.5,6.400000000000205,30,0.6882855652610076,1.0,0.20527488793569423,4.105497758713884,,True,0.32728018523033986,0.8333333333333334,0.09792200243668028,1.9584400487336056,,True
baseline,24.0,5,108.49999999999812,10,0.6,0.19999999999986073,12,0.47223186218311086,0.8333333333333334,0.13204102483911023,2.6408204967822044,,True,0.3836831052395474,0.5833333333333334,0.10739738746404691,2.147947749280938,,True
baseline,24.0,5,108.69999999999798,11,1.5,3.9999999999999005,30,2.0147438639814608,0.9666666666666667,0.5726063827345245,11.45212765469049,,True,1.6522438639814814,0.9666666666666667,0.469697492945497,9.39394985890994,,True
baseline,24.0,5,112.69999999999789,13,1.5,3.8000000000002387,30,1.3069945976922483,1.0,0.390406424000551,7.808128480011019,,True,0.9470352823301356,0.8333333333333334,0.28335229387225624,5.6670458774451244,,True
baseline,24.0,5,117.79999999999758,8,1.5,2.900000000000304,30,0.7964553092537917,1.0,0.22726088049817636,4.545217609963527,,True,0.4673476027834548,0.8333333333333334,0.13347416323430025,2.669483264686005,,True
baseline,24.0,5,123.89999999999712,22,0.6,0.09999999999999432,12,0.296605938857523,0.6666666666666666,0.08752017572687205,1.750403514537441,,True,0.19660593885752872,0.6666666666666666,0.058110244500086186,1.1622048900017237,,True
baseline,24.0,5,123.99999999999712,5,1.2000000000000455,1.2000000000000455,24,0.8116815321880191,0.9166666666666666,0.2416304328745378,4.8326086574907565,,True,0.5366815321880348,0.9166666666666666,0.15986062408792506,3.197212481758501,,True
baseline,24.0,5,125.19999999999716,3,0.6000000000004206,0.6000000000004206,12,0.4035400852233959,1.0,0.12461661857916875,2.492332371583375,,True,0.25354008522340443,1.0,0.07842772658889288,1.5685545317778575,,True
baseline,24.0,5,129.39999999999694,14,1.5,2.500000000000199,30,0.39343753741105525,1.0,0.12314363658382527,2.462872731676505,,True,0.06939315149912241,0.5666666666666667,0.021800501495908637,0.4360100299181727,1.0999999999984738,False
baseline,24.0,5,132.8999999999972,8,0.6,0.2999999999993008,12,0.3367877688374724,1.0,0.0989605624309803,1.9792112486196058,,True,0.2219472120621692,0.6666666666666666,0.06531217810051329,1.3062435620102657,,True
baseline,24.0,5,133.1999999999965,24,1.5,2.800000000000523,30,1.1774110338814976,1.0,0.350676286283439,7.01352572566878,,True,0.8024110338815187,1.0,0.23898654746263934,4.779730949252786,,True
baseline,24.0,5,135.99999999999702,10,1.3999999999999204,1.3999999999999204,27,0.8619470640551843,1.0,0.27069444389715575,5.413888877943115,,True,0.5681494206688479,0.8518518518518519,0.17848940461145493,3.5697880922290985,,True
baseline,24.0,5,146.29999999999688,10,1.5,2.9999999999993463,30,0.4850695743709302,0.8666666666666667,0.13251226185422968,2.6502452370845937,,True,0.1636504901197444,0.7666666666666667,0.04470636326230935,0.8941272652461869,1.3500000000024244,False
baseline,24.0,5,149.29999999999623,18,1.5,3.299999999999386,30,0.6952236924179452,0.8333333333333334,0.1985554222456169,3.971108444912338,,True,0.3827236924179629,0.8333333333333334,0.10930563095045745,2.186112619009149,,True
baseline,24.0,5,152.59999999999562,25,1.5,1.7000000000012676,30,0.558025269767308,0.8666666666666667,0.16696077028747017,3.3392154057494032,,True,0.2330252697673266,0.8666666666666667,0.06972099767636315,1.394419953527263,,True
baseline,24.0,6,20.700000000000024,19,1.5,1.8000000000000256,30,0.3573806640725836,1.0,0.11221681501182287,2.2443363002364576,,True,0.06455658767661265,0.5333333333333333,0.020281050158567147,0.405621003171343,1.0000000000001457,False
baseline,24.0,6,22.50000000000005,5,0.9999999999999112,0.9999999999999112,20,0.5086219938219708,0.8,0.16819822307845234,3.3639644615690467,,True,0.3086219938219823,0.8,0.10205943037130254,2.041188607426051,,True
baseline,24.0,6,24.70000000000008,18,1.5,2.9000000000000377,30,0.9927712933714798,1.0,0.2959910598017554,5.919821196035108,,True,0.6177712933715013,1.0,0.18447132058342267,3.689426411668453,,True
baseline,24.0,6,27.60000000000012,15,0.6000000000000121,0.6000000000000121,12,0.32041605633301645,1.0,0.10039417769282588,2.0078835538565176,,True,0.20253532107259578,0.6666666666666666,0.0636283476774117,1.272566953548234,,True
baseline,24.0,6,28.20000000000013,3,0.6,0.4999999999998934,12,0.37821806783618234,1.0,0.12216241308166878,2.4432482616333755,,True,0.22821806783619086,1.0,0.07359173718735565,1.471834743747113,,True
baseline,24.0,6,37.50000000000025,7,1.5,2.0000000000000426,30,0.7935273199248888,0.8666666666666667,0.21677735640859377,4.335547128171876,,True,0.4685273199249073,0.8666666666666667,0.12799321619845255,2.559864323969051,,True
baseline,24.0,6,39.50000000000029,23,1.5,5.999999999999957,30,0.8299118675024908,1.0,0.23656540400146328,4.731308080029265,,True,0.4806189410954727,0.8333333333333334,0.1372644485928766,2.7452889718575317,,True
baseline,24.0,6,50.300000000000445,9,0.6,0.4000000000000057,12,0.2087218735141218,0.5833333333333334,0.057019052563083775,1.1403810512616754,,True,0.12122187351412678,0.5833333333333334,0.03311563019881496,0.6623126039762992,,True
baseline,24.0,6,50.70000000000045,24,0.6,0.4000000000000057,12,0.3180700566275046,1.0,0.08900168830210406,1.7800337660420813,,True,0.1680700566275131,1.0,0.046937873622124544,0.9387574724424909,,True
baseline,24.0,6,51.100000000000456,12,1.5,3.2000000000000455,30,0.7158457291441026,1.0,0.2125462245175552,4.250924490351104,,True,0.3408457291441239,1.0,0.10119648490168957,2.0239296980337915,,True
baseline,24.0,6,54.3000000000005,16,1.5,1.5999999999999162,30,0.5521026535273876,1.0,0.17300034623406602,3.4600069246813203,,True,0.20966823855186797,0.8333333333333334,0.06586921979256606,1.3173843958513212,,True
baseline,24.0,6,55.90000000000042,8,1.5,2.400000000000027,30,0.9000639179052812,1.0,0.2969578914502098,5.939157829004196,,True,0.5334657592896858,0.8666666666666667,0.176413906350124,3.52827812700248,,True
baseline,24.0,6,65.40000000000056,10,1.5,8.0,30,0.36144499500968225,0.8333333333333334,0.09874025573906237,1.9748051147812473,,True,0.08254918444172252,0.5333333333333333,0.02255094881756035,0.451018976351207,1.0999999999978058,False
baseline,24.0,6,74.9999999999999,11,1.5,3.8000000000003524,30,0.31092045153134146,0.8666666666666667,0.08493786142449423,1.6987572284898846,,True,0.033350189329850705,0.4666666666666667,0.009110670416911952,0.18221340833823904,0.9499999999979281,False
baseline,24.0,6,78.80000000000025,10,1.5,1.7999999999993292,30,0.8540106713534721,0.8666666666666667,0.24390487738285035,4.878097547657007,,True,0.5290106713534903,0.8666666666666667,0.15108509443588466,3.0217018887176934,,True
baseline,24.0,6,80.59999999999958,12,1.5,1.9999999999998863,30,1.501414793067764,1.0,0.4481688218219883,8.963376436439766,,True,1.1264147930677852,1.0,0.3368190822061228,6.7363816441224555,,True
baseline,24.0,6,82.59999999999947,18,0.6,0.400000000000432,12,0.3104643906661655,1.0,0.09464535828831228,1.8929071657662455,,True,0.16046439066617404,1.0,0.04883046542346377,0.9766093084692753,,True
baseline,24.0,6,91.59999999999908,14,1.5,3.100000000000719,30,0.7384515556477028,0.8333333333333334,0.20173165063085022,4.034633012617005,,True,0.4259515556477205,0.8333333333333334,0.1163622850441759,2.327245700883518,,True
baseline,24.0,6,94.6999999999998,10,1.5,2.599999999998957,30,0.4236983465087552,0.8666666666666667,0.12100796479364058,2.4201592958728115,,True,0.10845789673027678,0.7,0.03097550287196708,0.6195100574393416,1.2999999999968708,False
baseline,24.0,6,97.29999999999876,25,0.6,0.19999999999997442,12,0.2132668775362983,1.0,0.06513676886663924,1.3027353773327848,,True,0.12493404802934958,0.5833333333333334,0.03815797584760857,0.7631595169521714,,True
baseline,24.0,6,97.49999999999874,17,1.5,2.1000000000003496,30,0.7351627343838418,1.0,0.22911457445835176,4.582291489167035,,True,0.3725087093561635,0.9666666666666667,0.11593584957153853,2.3187169914307706,,True
baseline,24.0,6,100.19999999999904,14,0.6,0.2999999999994003,12,0.040446115159294735,0.25,0.013368405126895877,0.26736810253791754,,True,0.01502995970959733,0.16666666666666666,0.004970316948149639,0.09940633896299278,,True
baseline,24.0,6,100.49999999999844,5,1.5,2.200000000001367,30,0.43750916009592783,0.9,0.14467475723057172,2.8934951446114345,,True,0.11740713646032722,0.7666666666666667,0.038825831303450395,0.776516626069008,1.3999999999979167,False
baseline,24.0,6,105.29999999999828,6,0.6,0.19999999999988916,12,0.36344384926877366,0.5833333333333334,0.11090654151334815,2.218130830266963,,True,0.27594384926877863,0.5833333333333334,0.0841656040452937,1.6833120809058741,,True
baseline,24.0,6,105.49999999999817,24,1.1999999999999176,1.1999999999999176,24,1.0374978254361273,0.9583333333333334,0.322666843478383,6.45333686956766,,True,0.7499978254361439,0.9583333333333334,0.23309405293853624,4.6618810587707245,,True
baseline,24.0,6,106.69999999999808,7,1.5,1.5000000000009521,30,1.7724817618887951,1.0,0.5833736862563447,11.667473725126893,,True,1.397481761888817,1.0,0.46039686856648815,9.207937371329763,,True
baseline,24.0,6,115.19999999999776,20,1.5,5.500000000001023,30,1.0643662642088059,1.0,0.2907025780863732,5.814051561727464,,True,0.7338231773436793,0.8666666666666667,0.2004672611284194,4.009345222568388,,True
baseline,24.0,6,120.69999999999878,10,1.5,2.499999999998977,30,0.5277649381690654,0.8333333333333334,0.15072931387038244,3.014586277407649,,True,0.21526493816908318,0.8333333333333334,0.06147952257522302,1.2295904515044604,,True
baseline,24.0,6,124.69999999999708,19,1.5,2.599999999999838,30,0.40881312867864045,0.8666666666666667,0.11675675652253406,2.335135130450681,,True,0.09639383023078787,0.6666666666666666,0.027530013536765912,0.5506002707353183,1.2499999999979252,False
baseline,24.0,6,127.29999999999691,2,1.4000000000018815,1.4000000000018815,28,0.5750909153096236,0.8571428571428571,0.17206679949361364,3.4413359898722726,,True,0.2750909153096407,0.8571428571428571,0.08230700939105329,1.6461401878210657,,True
baseline,24.0,6,129.29999999999683,9,1.5,2.000000000000341,30,0.14128653628968393,0.8333333333333334,0.04186624225743906,0.8373248451487812,1.2999999999986045,False,0.0,0.0,0.0,0.0,0.0,False
baseline,24.0,6,131.29999999999717,24,1.3999999999999204,1.3999999999999204,28,0.8632483448045656,0.8571428571428571,0.2711974658261572,5.423949316523144,,True,0.5632483448045829,0.8571428571428571,0.1769496862184688,3.5389937243693756,,True
baseline,24.0,6,133.49999999999852,10,1.1999999999984539,1.1999999999984539,24,0.5675644346076952,1.0,0.17747866588181035,3.549573317636207,,True,0.26756443460771223,1.0,0.0839788845249766,1.6795776904995319,,True
baseline,24.0,6,134.69999999999698,18,0.6,0.5999999999999375,12,0.14940703970799196,1.0,0.04820531307211809,0.9641062614423618,,True,0.02273752784625977,0.3333333333333333,0.007143205044260308,0.14286410088520615,0.24999999999944578,False
baseline,24.0,6,135.2999999999969,7,0.6,0.49999999999965894,12,0.3456026902037546,1.0,0.11375083024955751,2.2750166049911504,,True,0.20533573997575824,0.6666666666666666,0.06790328970813327,1.3580657941626653,,True
baseline,24.0,6,135.79999999999657,21,1.1000000000003922,1.1000000000003922,23,0.7148386645175071,1.0,0.24668646563302646,4.933729312660529,,True,0.4273386645175234,1.0,0.14724862798651328,2.9449725597302656,,True
baseline,24.0,6,136.89999999999696,6,0.6,0.3999999999998636,11,0.346093446331988,1.0,0.12359548765061876,2.4719097530123753,,True,0.20859344633199584,1.0,0.0745722689548985,1.49144537909797,,True
baseline,24.0,6,138.6999999999963,3,0.6,0.20000000000044338,12,0.3143600912914832,1.0,0.11510153595192026,2.302030719038405,,True,0.1643600912914917,1.0,0.06007874795246982,1.2015749590493965,,True
baseline,24.0,6,138.89999999999674,11,0.6,0.400000000000432,12,0.3216661606913099,1.0,0.12058953101889786,2.411790620377957,,True,0.17166616069131846,1.0,0.06425132942878999,1.2850265885757997,,True
baseline,24.0,6,145.19999999999683,18,1.49999999999946,1.49999999999946,30,0.6869750948706238,1.0,0.2052832351053341,4.105664702106682,,True,0.34291382733717024,0.8666666666666667,0.10259957721683935,2.051991544336787,,True
baseline,24.0,6,148.79999999999615,12,1.5,1.8999999999999204,30,0.7016205767104963,1.0,0.20927942289582782,4.185588457916556,,True,0.3643308404113849,0.8333333333333334,0.10900753254405737,2.1801506508811475,,True
baseline,24.0,6,148.79999999999674,14,1.5,1.8999999999993236,30,0.7016205767104963,1.0,0.20927942289582782,4.185588457916556,,True,0.3643308404113849,0.8333333333333334,0.10900753254405737,2.1801506508811475,,True
baseline,24.0,6,150.69999999999607,3,1.5,2.5000000000007674,30,0.35538284641510953,1.0,0.11121044828503335,2.224208965700667,,True,0.0453949622192136,0.4666666666666667,0.014261247981786764,0.2852249596357353,0.900000000004141,False
baseline,24.0,7,22.80000000000005,22,0.6,0.5000000000000107,12,0.2554334576874609,0.6666666666666666,0.06977981514364927,1.3955963028729854,,True,0.15543345768746658,0.6666666666666666,0.04246161815591347,0.8492323631182694,,True
baseline,24.0,7,23.30000000000006,4,1.5,1.7000000000000242,30,0.7513023103548585,1.0,0.2130333316444901,4.2606666328898015,,True,0.37630231035487977,1.0,0.10655445020365634,2.131089004073127,,True
baseline,24.0,7,25.000000000000085,6,1.5,2.5000000000000355,30,1.0007519493845765,1.0,0.2989721256004412,5.9794425120088235,,True,0.6425049987564663,0.8666666666666667,0.19223704609409847,3.8447409218819697,,True
baseline,24.0,7,27.50000000000012,21,1.1000000000000156,1.1000000000000156,22,0.619618136878973,1.0,0.19406224789010415,3.881244957802083,,True,0.35474299049917163,0.8181818181818182,0.11144579728646714,2.2289159457293426,,True
baseline,24.0,7,28.600000000000136,25,0.6,0.30000000000000426,12,0.3740554901806749,1.0,0.12316103942040917,2.4632207884081834,,True,0.22405549018068338,1.0,0.07392438262730877,1.4784876525461754,,True
baseline,24.0,7,28.90000000000014,16,1.5,1.8999999999999098,30,0.7727372812735341,1.0,0.26711316660316964,5.342263332063393,,True,0.39773728127355557,1.0,0.13713206704675746,2.7426413409351493,,True
baseline,24.0,7,31.500000000000178,9,0.6,0.10000000000000142,12,0.26544463018087316,1.0,0.08992416845137298,1.7984833690274595,,True,0.1204274486596414,0.6666666666666666,0.04133431590782204,0.8266863181564409,,True
baseline,24.0,7,31.60000000000018,11,1.3999999999999062,1.3999999999999062,28,0.6409028186231566,1.0,0.221795033141555,4.4359006628310995,,True,0.294125746423196,0.9285714285714286,0.10196645992949267,2.0393291985898534,,True
baseline,24.0,7,38.80000000000028,2,0.6999999999998963,0.6999999999998963,14,0.1683180045094685,1.0,0.05009351814371766,1.0018703628743533,,True,0.036177440900700415,0.6428571428571429,0.010824265005649454,0.21648530011298908,,True
baseline,24.0,7,44.00000000000036,17,1.5,2.799999999999919,30,0.7056779205926657,0.8333333333333334,0.2015411428304036,4.030822856608072,,True,0.3931779205926834,0.8333333333333334,0.11229135153524414,2.245827030704883,,True
baseline,24.0,7,48.200000000000415,19,1.5,1.6000000000000227,30,1.0635834648976081,0.8333333333333334,0.3037587272547184,6.075174545094368,,True,0.7510834648976259,0.8333333333333334,0.21450893595955908,4.290178719191181,,True
baseline,24.0,7,49.80000000000044,8,0.6,0.09999999999988773,12,0.3068235368102137,1.0,0.0923039570687674,1.846079141375348,,True,0.1568235368102222,1.0,0.04715206265354006,0.9430412530708011,,True
baseline,24.0,7,49.900000000000325,6,1.4000000000001336,1.4000000000001336,28,0.6396552582412621,1.0,0.19842692966808215,3.968538593361643,,True,0.2896552582412821,1.0,0.08972918385070125,1.794583677014025,,True
baseline,24.0,7,51.30000000000046,15,0.6999999999999034,0.6999999999999034,14,0.37940713257623043,1.0,0.12416901580972199,2.48338031619444,,True,0.20440713257624046,1.0,0.06733099082701516,1.3466198165403032,,True
baseline,24.0,7,52.70000000000051,14,0.6999999999998678,0.6999999999998678,14,0.7524021048207822,1.0,0.247076296532043,4.94152593064086,,True,0.5774021048207921,1.0,0.19003158782212629,3.8006317564425256,,True
baseline,24.0,7,53.400000000000375,9,0.6,0.30000000000011795,12,0.6274196827762909,1.0,0.21568176568818268,4.313635313763654,,True,0.47741968277629954,1.0,0.16421346499082964,3.284269299816593,,True
baseline,24.0,7,53.70000000000049,7,1.5,2.499999999999922,30,2.108483374074581,1.0,0.7748226994874259,15.496453989748517,,True,1.7334833740746023,1.0,0.637506353926115,12.7501270785223,,True
baseline,24.0,7,63.30000000000052,19,0.7000000000000028,0.7000000000000028,14,0.3518628373762541,1.0,0.09582961242073926,1.9165922484147853,,True,0.21362433460647268,0.6428571428571429,0.05835831654153933,1.1671663308307865,,True
baseline,24.0,7,64.00000000000053,11,0.6,0.5999999999999659,12,0.46241514586102833,1.0,0.13006360043589635,2.601272008717927,,True,0.31241514586103686,1.0,0.08799978575591685,1.759995715118337,,True
baseline,24.0,7,64.60000000000049,21,1.5,3.3999999999998067,30,1.1152294364609598,1.0,0.331111409401253,6.62222818802506,,True,0.7402294364609815,1.0,0.21976166978538728,4.395233395707746,,True
baseline,24.0,7,68.0000000000003,2,0.6,0.5,12,0.19969619087175355,1.0,0.06244413098761761,1.2488826197523522,,True,0.09265887034293296,0.5833333333333334,0.029109642635928735,0.5821928527185747,,True
baseline,24.0,7,68.5000000000003,14,0.6,0.1999999999999602,12,0.38331255775870526,1.0,0.12796546114840096,2.559309222968019,,True,0.23331255775871376,1.0,0.07847619091093298,1.5695238182186597,,True
baseline,24.0,7,68.70000000000026,22,1.5,2.6000000000002643,30,1.091460420671432,1.0,0.37861913509775214,7.572382701955043,,True,0.7164604206714533,1.0,0.24884471926854965,4.976894385370993,,True
baseline,24.0,7,73.70000000000009,18,1.5,2.3000000000002103,30,0.8750475341048121,1.0,0.27416927847690925,5.483385569538185,,True,0.5134156015899403,0.8333333333333334,0.161294268219334,3.2258853643866803,,True
baseline,24.0,7,82.79999999999946,7,0.7999999999998408,0.7999999999998408,16,0.39030326714753194,0.6875,0.10662381536893747,2.1324763073787496,,True,0.25280326714753976,0.6875,0.06906129451080077,1.3812258902160155,,True
baseline,24.0,7,83.5999999999993,6,1.5,7.200000000000102,30,1.067188432080526,1.0,0.3028473750311728,6.0569475006234565,,True,0.6921884320805477,1.0,0.1965237106186786,3.930474212373572,,True
baseline,24.0,7,90.7999999999994,19,0.7999999999998977,0.7999999999998977,16,0.3001688492559384,0.9375,0.08565897509581906,1.7131795019163811,,True,0.14460826555205644,0.75,0.0413000240642457,0.826000481284914,,True
baseline,24.0,7,96.19999999999926,18,1.1999999999993776,1.1999999999993776,24,0.7600013139087484,0.8333333333333334,0.21705586768130125,4.341117353626025,,True,0.5100013139087626,0.8333333333333334,0.1456560346451737,2.9131206929034743,,True
baseline,24.0,7,97.39999999999864,16,0.800000000000054,0.800000000000054,16,0.5990890082959274,1.0,0.1772800234867894,3.545600469735788,,True,0.3990890082959388,1.0,0.11829016143075066,2.3658032286150132,,True
baseline,24.0,7,98.1999999999987,3,0.6000000000007049,0.6000000000007049,12,0.43855476979930236,1.0,0.13471749983651032,2.6943499967302067,,True,0.28855476979931083,1.0,0.08852860784623445,1.770572156924689,,True
baseline,24.0,7,100.19999999999858,13,1.5,3.4999999999997016,30,0.7594561986079784,1.0,0.2377580003525331,4.755160007050662,,True,0.3915606940137608,0.8666666666666667,0.12300893371117667,2.4601786742235334,,True
baseline,24.0,7,103.69999999999828,15,0.6,0.30000000000011084,12,0.37648687199856506,1.0,0.12503338156649982,2.5006676313299963,,True,0.270390797950106,0.5833333333333334,0.09002588220970643,1.8005176441941286,,True
baseline,24.0,7,103.9999999999984,24,0.6,0.2000000000008697,12,0.6044424531217766,1.0,0.20072439666989847,4.0144879333979695,,True,0.45444245312178516,1.0,0.15089065355374742,3.0178130710749484,,True
baseline,24.0,7,104.79999999999924,18,0.6,0.5999999999993975,12,0.4404505379488726,1.0,0.14979054320580767,2.9958108641161534,,True,0.29045053794888104,1.0,0.09857890857492436,1.9715781714984872,,True
baseline,24.0,7,105.49999999999817,25,0.7000000000005286,0.7000000000005286,14,0.6102103181183224,1.0,0.21147319589528332,4.229463917905666,,True,0.43521031811833233,1.0,0.1515349150044289,3.030698300088578,,True
baseline,24.0,7,110.79999999999832,16,0.899999999999963,0.899999999999963,18,0.3638305770241273,1.0,0.11999833342857899,2.39996666857158,,True,0.18208364916174313,0.7222222222222222,0.06021396363635301,1.2042792727270601,,True
baseline,24.0,7,112.09999999999827,14,0.7000000000009692,0.7000000000009692,14,0.25741649472815953,1.0,0.08064554605937588,1.6129109211875177,,True,0.11742776878862918,0.7142857142857143,0.03689102157537984,0.7378204315075967,,True
baseline,24.0,7,116.49999999999902,18,1.5,2.299999999999301,30,0.8105546718801757,0.8333333333333334,0.24251739071539488,4.850347814307898,,True,0.4980546718801935,0.8333333333333334,0.14901760935856104,2.9803521871712206,,True
baseline,24.0,7,130.99999999999758,19,0.9999999999994316,0.9999999999994316,20,0.3555682421572231,0.8,0.09713483281834513,1.9426966563669026,,True,0.15556824215723455,0.8,0.04249843884287355,0.849968776857471,,True
baseline,24.0,7,131.99999999999702,6,1.5,5.799999999999784,30,0.8066796308385928,1.0,0.22957938029523076,4.591587605904615,,True,0.43167963083861394,1.0,0.12310049885439707,2.4620099770879413,,True
baseline,24.0,7,137.7999999999968,2,1.2000000000007844,1.2000000000007844,25,0.6980514406802908,0.8,0.20885650265418787,4.177130053083758,,True,0.4480514406803049,0.8,0.1340566775687209,2.6811335513744177,,True
baseline,24.0,7,140.79999999999615,17,1.4000000000000625,1.4000000000000625,28,0.2637318463923186,1.0,0.07492690878999672,1.4985381757999345,,True,0.0009041208964856536,0.21428571428571427,0.00025821632421421577,0.005164326484284315,0.6000000000017423,False
baseline,24.0,7,142.1999999999962,23,1.5,2.00000000000108,30,0.979075481444005,1.0,0.2927997707341791,5.855995414683583,,True,0.643860141691354,0.8666666666666667,0.19264250391208007,3.8528500782416013,,True
baseline,24.0,7,144.1999999999973,19,1.5,1.5999999999995111,30,0.6355961252803674,1.0,0.19847182140977643,3.9694364281955288,,True,0.26059612528038867,1.0,0.08159709471373423,1.6319418942746846,,True
baseline,24.0,7,146.09999999999587,8,1.5,2.700000000000273,30,0.5377760368781509,1.0,0.16837610392986221,3.3675220785972444,,True,0.18742615637699298,0.8,0.05888166359645329,1.1776332719290659,1.4500000000034134,False
baseline,24.0,7,150.1999999999962,13,1.5,2.00000000000108,30,0.8341053381311431,0.9666666666666667,0.24950230108976354,4.990046021795271,,True,0.5170882326780833,0.8333333333333334,0.15471243743230442,3.0942487486460886,,True
baseline,24.0,7,153.2999999999974,18,0.7999999999984766,0.7999999999984766,16,0.18617495595299072,1.0,0.05514025700939306,1.1028051401878611,,True,0.01532899128380229,0.4375,0.004586423467060502,0.09172846934121004,0.6000000000033339,False
baseline,48.0,0,21.200000000000053,10,1.5,1.8999999999999382,30,0.7049234584344514,1.0,0.245268619316529,4.90537238633058,,True,0.3365916453259729,0.8666666666666667,0.11749264891286426,2.3498529782572852,,True
baseline,48.0,0,23.800000000000097,19,1.3999999999998742,1.3999999999998742,28,0.8178244490918987,1.0,0.25657296487727344,5.131459297545469,,True,0.48869623075127655,0.8571428571428571,0.15352844883652322,3.0705689767304643,,True
baseline,48.0,0,25.40000000000012,18,0.6,0.2999999999999723,12,0.6053167651890269,1.0,0.18787906323861409,3.7575812647722815,,True,0.4553167651890354,1.0,0.14169017124833824,2.833803424966765,,True
baseline,48.0,0,25.70000000000009,12,0.6,0.09999999999989129,12,0.7278972722373267,1.0,0.2276348269119794,4.552696538239588,,True,0.5778972722373352,1.0,0.18069793667084888,3.6139587334169776,,True
baseline,48.0,0,27.60000000000012,16,0.6,0.2000000000000064,12,0.5375425375234707,1.0,0.1800571358799435,3.6011427175988695,,True,0.3875425375234792,1.0,0.13056786564247555,2.611357312849511,,True
baseline,48.0,0,27.800000000000125,23,1.3999999999999275,1.3999999999999275,28,1.3344871476014741,1.0,0.4614744314208958,9.229488628417915,,True,0.984487147601494,1.0,0.3404266618516646,6.808533237033291,,True
baseline,48.0,0,30.00000000000016,13,1.5,1.7999999999999368,30,1.259299391928017,1.0,0.438041071162503,8.76082142325006,,True,0.8842993919280383,1.0,0.3080599716060905,6.16119943212181,,True
baseline,48.0,0,32.100000000000186,20,0.6,0.5000000000000071,12,0.30146820083892106,1.0,0.10284476843883511,2.0568953687767024,,True,0.15146820083892962,1.0,0.05163313380795179,1.0326626761590356,,True
baseline,48.0,0,32.60000000000019,4,0.7999999999999261,0.7999999999999261,16,0.27682935638760636,1.0,0.09992750066508575,1.9985500133017151,,True,0.07682935638761776,1.0,0.02729100385414943,0.5458200770829886,,True
baseline,48.0,0,34.200000000000145,21,1.3999999999999773,1.3999999999999773,29,1.0527884250619612,1.0,0.3660971904872792,7.321943809745584,,True,0.6902884250619824,1.0,0.24070906264664113,4.814181252932823,,True
baseline,48.0,0,36.50000000000025,14,1.4999999999999147,1.4999999999999147,30,0.8876255659844559,1.0,0.292604862947569,5.85209725895138,,True,0.5199515404659427,0.8666666666666667,0.1719295680188482,3.438591360376964,,True
baseline,48.0,0,38.1000000000002,22,1.5,1.9999999999999858,30,0.7605606107415673,1.0,0.2500538640880786,5.001077281761573,,True,0.3855606107415886,1.0,0.12687036267101223,2.5374072534202448,,True
baseline,48.0,0,40.400000000000304,11,0.6,0.19999999999988916,12,0.2531984933650493,1.0,0.0806465462373092,1.612930924746184,,True,0.1328866739771051,0.5833333333333334,0.0424361059899708,0.848722119799416,,True
baseline,48.0,0,40.70000000000032,7,0.6,0.5999999999998806,12,0.3862922356887252,1.0,0.12571191308206403,2.514238261641281,,True,0.23629223568873375,1.0,0.07693455346054104,1.5386910692108207,,True
baseline,48.0,0,41.3000000000002,4,0.8999999999999488,0.8999999999999488,18,0.4185056003466957,1.0,0.14323843096275968,2.8647686192551935,,True,0.1935056003467085,1.0,0.06584685755196291,1.3169371510392582,,True
baseline,48.0,0,45.70000000000029,18,0.6,0.0999999999999801,12,0.16029067241503228,0.6666666666666666,0.053625881734755944,1.0725176346951188,,True,0.060290672415037966,0.6666666666666666,0.020097188209603656,0.4019437641920731,,True
baseline,48.0,0,45.80000000000027,14,0.6,0.2999999999999332,12,0.20107848791913543,0.8333333333333334,0.06711416610777347,1.3422833221554695,,True,0.07607848791914257,0.8333333333333334,0.025318123494227456,0.5063624698845491,,True
baseline,48.0,0,46.600000000000286,24,1.5,1.8000000000000185,30,0.47728357357193557,1.0,0.16532943343241446,3.3065886686482893,,True,0.12005527357262152,0.7666666666666667,0.04155182744976762,0.8310365489953524,1.199999999999136,False
baseline,48.0,0,53.90000000000051,2,0.6999999999997755,0.6999999999997755,14,0.38885275307186457,0.6428571428571429,0.11105608657988503,2.2211217315977008,,True,0.27635275307187096,0.6428571428571429,0.07892616171362764,1.5785232342725528,,True
baseline,48.0,0,60.80000000000048,23,1.1000000000000298,1.1000000000000298,22,0.5897204488093232,0.7727272727272727,0.16842376633191314,3.3684753266382628,,True,0.37722044880933525,0.7727272727272727,0.10773390825120477,2.1546781650240954,,True
baseline,48.0,0,66.2000000000004,12,0.7999999999999687,0.7999999999999687,16,0.3641335371301473,0.75,0.10399629501579426,2.079925900315885,,True,0.21413353713015582,0.75,0.06115639519411772,1.2231279038823544,,True
baseline,48.0,0,67.00000000000037,7,1.5,1.5999999999998238,30,0.8293113436186675,1.0,0.2463396788177978,4.926793576355956,,True,0.45431134361868897,1.0,0.13498993920193214,2.699798784038643,,True
baseline,48.0,0,68.6000000000002,22,0.6,0.20000000000028706,12,0.3170353819932898,1.0,0.09573783459588833,1.9147566919177668,,True,0.16703538199329834,1.0,0.05067093998189449,1.0134187996378898,,True
baseline,48.0,0,68.90000000000036,6,0.999999999999929,0.999999999999929,20,0.9669945317870343,1.0,0.3014718329380896,6.029436658761792,,True,0.7169945317870485,1.0,0.2238670144119176,4.477340288238352,,True
baseline,48.0,0,69.90000000000029,25,1.5,1.9999999999999005,30,0.8116886898324737,1.0,0.2654234427710428,5.3084688554208554,,True,0.43672510742032056,0.9666666666666667,0.14225198443043688,2.8450396886087375,1.4999999999977973,False
baseline,48.0,0,71.90000000000019,15,0.6,0.5999999999998664,12,0.16537183836476507,1.0,0.05681302653157905,1.136260530631581,,True,0.028196218977270524,0.5833333333333334,0.00984233715533358,0.1968467431066716,,True
baseline,48.0,0,72.50000000000006,2,1.5,1.700000000000344,30,0.6165512984022787,1.0,0.2263108006004509,4.526216012009018,,True,0.2415512984023,1.0,0.08899445503914012,1.7798891007828024,,True
baseline,48.0,0,75.39999999999976,4,1.2000000000004292,1.2000000000004292,24,1.2927157088123729,1.0,0.4502124628324671,9.004249256649342,,True,0.99912754564357,0.7916666666666666,0.34876130637700453,6.975226127540091,,True
baseline,48.0,0,77.20000000000034,6,0.699999999999946,0.699999999999946,14,0.6018546305449122,1.0,0.19467166052175833,3.8934332104351665,,True,0.4268546305449221,1.0,0.13783363553905142,2.7566727107810287,,True
baseline,48.0,0,78.49999999999982,5,1.199999999999747,1.199999999999747,24,1.6079146180284059,1.0,0.5299201494247915,10.59840298849583,,True,1.3079146180284231,1.0,0.43174537900011617,8.634907580002324,,True
baseline,48.0,0,79.69999999999956,21,0.6,0.20000000000062812,12,0.682883680913358,1.0,0.22582551107513282,4.5165102215026565,,True,0.5328836809133666,1.0,0.17622141654477047,3.524428330895409,,True
baseline,48.0,0,81.59999999999953,8,0.6,0.19999999999998863,12,0.5216130082751178,1.0,0.17421088182591843,3.484217636518369,,True,0.3716130082751263,1.0,0.12474457644702935,2.4948915289405873,,True
baseline,48.0,0,81.79999999999951,13,1.5,1.6000000000002501,30,1.4780827571709194,1.0,0.5105704773881559,10.211409547763118,,True,1.1030827571709407,1.0,0.3808190264175321,7.616380528350643,,True
baseline,48.0,0,83.49999999999989,2,1.5,1.7000000000004576,30,0.7897624901457179,1.0,0.2722501720231157,5.4450034404623135,,True,0.41476249014573924,1.0,0.1424987210524922,2.849974421049844,,True
baseline,48.0,0,89.89999999999961,25,0.6,0.5999999999999943,12,0.3366495949239709,1.0,0.09578168551985879,1.9156337103971757,,True,0.21973803800107006,0.5833333333333334,0.06275703689985423,1.2551407379970847,,True
baseline,48.0,0,90.4999999999996,15,0.8999999999992383,0.8999999999992383,18,0.7515069598633313,1.0,0.22205306499353736,4.441061299870747,,True,0.5265069598633441,1.0,0.15558322042895192,3.1116644085790384,,True
baseline,48.0,0,91.39999999999884,24,0.6,0.10000000000104592,12,0.41416393248983646,1.0,0.12281532236764374,2.456306447352875,,True,0.264163932489845,1.0,0.0782754265212975,1.56550853042595,,True
baseline,48.0,0,92.1999999999988,14,1.300000000000523,1.300000000000523,26,0.863110207427229,1.0,0.26962015358902913,5.392403071780583,,True,0.5381102074272475,1.0,0.168453390160935,3.3690678032187,,True
baseline,48.0,0,93.49999999999932,7,1.5,3.5999999999996817,30,0.5543375884895755,1.0,0.18118125339510713,3.6236250679021427,,True,0.2039915496853193,0.7333333333333333,0.06615066812271123,1.3230133624542244,1.1499999999974335,False
baseline,48.0,0,97.099999999999,4,0.800000000000594,0.800000000000594,16,0.3735588139391465,0.6875,0.13039662506165992,2.6079325012331984,,True,0.23605881393915434,0.6875,0.08240007063181858,1.6480014126363716,,True
baseline,48.0,0,98.49999999999856,16,0.6,0.30000000000092086,12,0.29879291255623036,1.0,0.0991401124395373,1.982802248790746,,True,0.1916762768504371,0.5833333333333334,0.06377119473986978,1.2754238947973957,,True
baseline,48.0,0,98.79999999999949,2,0.6,0.5999999999993548,12,0.425043580712588,1.0,0.1446210734190114,2.892421468380228,,True,0.2750435807125965,1.0,0.09340943878812809,1.8681887757625617,,True
baseline,48.0,0,101.29999999999886,12,0.6,0.2000000000004576,12,0.22790995914729859,1.0,0.07160002533371032,1.4320005066742065,,True,0.1327069808514784,0.5833333333333334,0.04169112761230858,0.8338225522461716,,True
baseline,48.0,0,102.59999999999872,21,0.7999999999996845,0.7999999999996845,16,0.5125088652321604,1.0,0.16842748010541617,3.3685496021083234,,True,0.3150999955644878,0.875,0.10413613363596536,2.0827226727193073,,True
baseline,48.0,0,103.3999999999984,9,0.6,0.40000000000088676,12,0.4651756162594901,1.0,0.15885314705331693,3.177062941066339,,True,0.31517561625949864,1.0,0.10764151242243361,2.152830248448672,,True
baseline,48.0,0,103.79999999999929,25,1.299999999999713,1.299999999999713,26,0.7087535579248402,1.0,0.2579854431552178,5.159708863104356,,True,0.3837535579248586,1.0,0.13914905437972833,2.7829810875945666,,True
baseline,48.0,0,106.99999999999808,3,0.6000000000003212,0.6000000000003212,12,0.24431496958750198,1.0,0.08054295965823717,1.6108591931647434,,True,0.12916343896410196,0.6666666666666666,0.04271356957494909,0.8542713914989818,,True
baseline,48.0,0,107.5999999999984,24,1.5,1.7000000000004576,30,0.38753418158373815,1.0,0.1333462464634219,2.666924929268438,,True,0.10064768498354087,0.5,0.03412256190287759,0.6824512380575518,0.7999999999975955,False
baseline,48.0,0,114.19999999999769,10,0.6,0.5000000000013358,12,0.15784317175267856,0.8333333333333334,0.04721937700974308,0.9443875401948616,,True,0.057314527692787706,0.6666666666666666,0.017148466585107686,0.3429693317021537,,True
baseline,48.0,0,114.69999999999902,2,0.6,0.29999999999905924,12,0.31069380978742817,1.0,0.0937589371469515,1.8751787429390299,,True,0.1606938097874367,1.0,0.04850504297024399,0.9701008594048798,,True
baseline,48.0,0,116.19999999999813,5,0.6,0.4999999999998579,12,0.19499664710019285,1.0,0.057384262479473196,1.1476852495894638,,True,0.044996647100201397,1.0,0.013184365838060897,0.2636873167612179,,True
baseline,48.0,0,116.69999999999798,13,1.1999999999999318,1.1999999999999318,24,0.8716728979770718,1.0,0.27257539303855943,5.451507860771189,,True,0.5716728979770889,1.0,0.17926261124443937,3.5852522248887873,,True
baseline,48.0,0,117.89999999999792,8,0.6,0.4999999999997442,12,0.48055041471758914,1.0,0.156820525260772,3.13641050521544,,True,0.33055041471759766,1.0,0.10804316563924901,2.16086331278498,,True
baseline,48.0,0,118.39999999999766,23,0.9000000000006452,0.9000000000006452,18,0.6685600931649761,1.0,0.22933350761342602,4.58667015226852,,True,0.4435600931649889,1.0,0.15194193420262933,3.0388386840525867,,True
baseline,48.0,0,119.2999999999983,7,1.5,2.099999999998957,30,0.919239351280413,1.0,0.3373735635392019,6.747471270784038,,True,0.5442393512804343,1.0,0.19980055191142135,3.996011038228427,,True
baseline,48.0,0,121.39999999999726,11,0.8000000000004235,0.8000000000004235,16,0.3254501670850513,1.0,0.12558327060166957,2.511665412033391,,True,0.12545016708506265,1.0,0.0484872008858215,0.96974401771643,,True
baseline,48.0,0,124.39999999999893,2,0.6,0.29999999999905924,12,0.17719589339714775,1.0,0.05942658557288024,1.1885317114576048,,True,0.05295760317108308,0.6666666666666666,0.01765278719774977,0.3530557439549954,,True
baseline,48.0,0,125.49999999999748,3,0.6,0.400000000000432,12,0.42372656834171024,1.0,0.14400586039379712,2.8801172078759425,,True,0.27372656834171877,1.0,0.09325352293449118,1.8650704586898237,,True
baseline,48.0,0,125.99999999999748,10,0.6,0.4000000000001762,12,0.4230912289977001,1.0,0.14282536739387908,2.8565073478775815,,True,0.2730912289977086,1.0,0.09207302993457317,1.8414605986914634,,True
baseline,48.0,0,127.09999999999783,8,0.6,0.2000000000004718,12,0.23036169217369537,1.0,0.07617922103172572,1.5235844206345144,,True,0.08232608156449765,0.8333333333333334,0.027224738214932626,0.5444947642986525,,True
baseline,48.0,0,128.59999999999755,23,0.6,0.20000000000013074,12,0.26045050515440615,1.0,0.09042840410041207,1.8085680820082415,,True,0.11045050515441462,1.0,0.03796045661786109,0.7592091323572219,,True
baseline,48.0,0,128.79999999999768,21,0.6,0.599999999999568,12,0.2227054810470431,1.0,0.08069293460333042,1.6138586920666085,,True,0.07270548104705167,1.0,0.02627972851174562,0.5255945702349124,,True
baseline,48.0,0,129.4999999999976,24,0.6,0.5999999999995396,12,0.4476038061776937,1.0,0.16380241628202374,3.276048325640475,,True,0.2976038061777022,1.0,0.10938921019043894,2.187784203808779,,True
baseline,48.0,0,130.09999999999715,22,1.5,2.3000000000017735,30,1.4224024953060828,1.0,0.5545215403224055,11.090430806448111,,True,1.047402495306104,1.0,0.4084143819845061,8.16828763969012,,True
baseline,48.0,0,135.9999999999968,14,0.6000000000007617,0.6000000000007617,12,0.3045970370717808,1.0,0.09958019774563595,1.9916039549127191,,True,0.15459703707178937,1.0,0.050802838124113014,1.0160567624822603,,True
baseline,48.0,0,136.69999999999754,23,0.6,0.10000000000013642,12,0.3259030380370611,1.0,0.10188229633422699,2.0376459266845397,,True,0.17590303803706964,1.0,0.05494540609309644,1.0989081218619288,,True
baseline,48.0,0,138.4999999999963,20,0.7000000000007844,0.7000000000007844,14,0.08504991847361641,1.0,0.024811366128807695,0.4962273225761539,,True,0.0,0.0,0.0,0.0,0.0,False
baseline,48.0,0,139.1999999999971,22,1.200000000000017,1.200000000000017,24,0.8751007618031457,1.0,0.2746186712727381,5.492373425454762,,True,0.6048907432586129,0.8333333333333334,0.1900320315245728,3.800640630491456,,True
baseline,48.0,0,140.3999999999971,12,1.5,3.5999999999996817,30,0.9673837414677883,1.0,0.3170595210804675,6.341190421609349,,True,0.5923837414678097,1.0,0.19408270339061093,3.8816540678122187,,True
baseline,48.0,0,144.1999999999969,13,0.6,0.5000000000006537,12,0.24200896169024932,1.0,0.07898444266298006,1.5796888532596012,,True,0.12338547927456212,0.5833333333333334,0.04047767420968493,0.8095534841936985,,True
baseline,48.0,0,145.19999999999683,3,0.6,0.4000000000005173,12,0.20623314896406403,1.0,0.06651337390890981,1.3302674781781962,,True,0.05623314896407257,1.0,0.01794269801459671,0.35885396029193417,,True
baseline,48.0,0,145.59999999999735,25,0.6,0.399999999999892,12,0.207289815900036,1.0,0.071015300759362,1.42030601518724,,True,0.05728981590004453,1.0,0.019803666128478677,0.3960733225695735,,True
baseline,48.0,0,145.99999999999724,7,0.6,0.4999999999990621,12,0.3814814101120752,1.0,0.13806947911372824,2.761389582274565,,True,0.2314814101120837,1.0,0.08416960515508293,1.6833921031016585,,True
baseline,48.0,0,146.89999999999674,10,0.6,0.30000000000035243,12,0.4519421707462659,1.0,0.1591146276409701,3.1822925528194017,,True,0.30194217074627444,1.0,0.1062414179482037,2.124828358964074,,True
baseline,48.0,0,149.39999999999614,16,0.8999999999999488,0.8999999999999488,18,0.5702495514676431,1.0,0.19808054367114453,3.9616108734228908,,True,0.35472827179513805,0.7222222222222222,0.12382352585468992,2.4764705170937984,,True
baseline,48.0,0,150.2999999999961,20,0.6,0.100000000000108,12,0.35513087950061484,1.0,0.1376306713185396,2.7526134263707918,,True,0.20513087950062328,1.0,0.07927122445498248,1.5854244890996496,,True
baseline,48.0,0,150.299999999997,12,0.6,0.09999999999919851,12,0.35513087950061484,1.0,0.1376306713185396,2.7526134263707918,,True,0.20513087950062328,1.0,0.07927122445498248,1.5854244890996496,,True
baseline,48.0,0,150.3999999999962,9,0.6,0.49999999999943157,12,0.3470102478627091,1.0,0.13909766843966773,2.7819533687933546,,True,0.19701024786271767,1.0,0.07899289232411638,1.5798578464823276,,True
baseline,48.0,0,150.89999999999563,19,1.300000000001262,1.300000000001262,26,0.5745296550905863,1.0,0.25418889336008055,5.083777867201611,,True,0.2495296550906047,1.0,0.10982523094512923,2.1965046189025847,,True
baseline,48.0,0,152.29999999999688,8,0.6,0.3000000000002103,12,0.5832431181129916,1.0,0.2627535757521194,5.2550715150423875,,True,0.4332431181130001,1.0,0.1964406538975034,3.928813077950068,,True
baseline,48.0,0,152.5999999999971,23,0.6,0.5999999999997385,12,0.748109705636599,1.0,0.3517325554553817,7.034651109107633,,True,0.5981097056366076,1.0,0.28096041325913207,5.619208265182642,,True
baseline,48.0,1,21.80000000000004,13,0.6,0.4999999999999254,12,0.2523532740195982,1.0,0.07802168567874597,1.5604337135749193,,True,0.1023532740196067,1.0,0.031832793688470105,0.6366558737694021,,True
baseline,48.0,1,22.70000000000008,19,1.3999999999999915,1.3999999999999915,28,0.5558934580618085,1.0,0.17323314886193886,3.464662977238777,,True,0.20885612683797813,0.8928571428571429,0.06495615408337424,1.2991230816674848,1.2500000000001208,False
baseline,48.0,1,24.100000000000072,18,0.8000000000000114,0.8000000000000114,16,0.6247523192295802,1.0,0.2060500924822308,4.121001849644616,,True,0.4413844170118889,0.75,0.1459631623045857,2.919263246091714,,True
baseline,48.0,1,24.900000000000084,7,1.0999999999998984,1.0999999999998984,22,0.5743849280441689,1.0,0.19750338326369293,3.950067665273859,,True,0.2993849280441845,1.0,0.10242886874716518,2.048577374943304,,True
baseline,48.0,1,27.900000000000126,6,1.5,1.8999999999999133,30,1.116439327517591,1.0,0.368886950701066,7.377739014021319,,True,0.7725218027107601,0.8666666666666667,0.25546829685621775,5.109365937124355,,True
baseline,48.0,1,31.800000000000097,19,0.6,0.29999999999997584,12,0.11666447139947621,1.0,0.035096541742789485,0.7019308348557897,,True,0.0016500019488888968,0.25,0.0004936794286703041,0.009873588573406082,,True
baseline,48.0,1,32.50000000000008,13,0.6,0.4000000000000057,12,0.46018543128972234,1.0,0.14711778057962197,2.9423556115924394,,True,0.3101854312897308,1.0,0.10010215368050672,2.0020430736101344,,True
baseline,48.0,1,32.50000000000019,9,0.6,0.399999999999892,12,0.46018543128972234,1.0,0.14711778057962197,2.9423556115924394,,True,0.3101854312897308,1.0,0.10010215368050672,2.0020430736101344,,True
baseline,48.0,1,34.70000000000022,11,0.6,0.4999999999999787,12,0.43252865823185366,1.0,0.14272542630192575,2.854508526038515,,True,0.32632919191759296,0.5833333333333334,0.10791509389265301,2.1583018778530603,,True
baseline,48.0,1,35.2000000000002,22,0.6999999999999247,0.6999999999999247,14,0.7625598854296441,1.0,0.2617663469386342,5.235326938772684,,True,0.5875598854296541,1.0,0.20159841746199114,4.031968349239823,,True
baseline,48.0,1,36.80000000000025,5,0.8000000000000398,0.8000000000000398,16,0.4185124663080524,1.0,0.14285359347043428,2.8570718694086854,,True,0.21851246630806376,1.0,0.07418866631960867,1.4837733263921735,,True
baseline,48.0,1,37.60000000000029,20,1.0999999999999872,1.0999999999999872,22,0.5260635807137186,1.0,0.19317778536929783,3.8635557073859568,,True,0.2510635807137343,1.0,0.09256468731315988,1.8512937462631975,,True
baseline,48.0,1,38.70000000000028,4,1.0999999999998167,1.0999999999998167,22,0.4363635996884139,1.0,0.16894499690172177,3.3788999380344356,,True,0.16136359968842945,1.0,0.06239649605847109,1.247929921169422,,True
baseline,48.0,1,40.20000000000019,7,0.6,0.20000000000011653,12,0.2125787154276348,1.0,0.08074021263918302,1.6148042527836604,,True,0.08142965868480338,0.5,0.031907919907105786,0.6381583981421157,0.44999999999964047,False
baseline,48.0,1,40.400000000000304,14,0.6,0.09999999999977405,12,0.20582969146911367,1.0,0.07896035661355968,1.5792071322711938,,True,0.09768170201411071,0.4166666666666667,0.03834048914684118,0.7668097829368236,,True
baseline,48.0,1,40.70000000000031,17,1.5,1.599999999999909,30,0.6683787928973838,1.0,0.2618671180256821,5.237342360513642,,True,0.3297046982702468,0.8333333333333334,0.12947473224248085,2.589494644849617,,True
baseline,48.0,1,42.30000000000022,24,0.6,0.4000000000000057,12,0.1709326513458269,1.0,0.06890410668524942,1.3780821337049884,,True,0.022550581621497274,0.8333333333333334,0.008998357990204507,0.17996715980409014,,True
baseline,48.0,1,42.70000000000022,6,0.6,0.20000000000000995,12,0.32504989569666304,1.0,0.13614093725809384,2.722818745161877,,True,0.17504989569667154,1.0,0.07387008287444254,1.4774016574888507,,True
baseline,48.0,1,42.90000000000023,11,0.6,0.29999999999996874,12,0.39844404137760286,1.0,0.1682481384743639,3.364962769487278,,True,0.2484440413776114,1.0,0.10499553638646585,2.0999107277293168,,True
baseline,48.0,1,44.60000000000037,8,0.6,0.19999999999988205,12,0.375274677645237,1.0,0.15719468938247394,3.143893787649479,,True,0.2252746776452456,1.0,0.09436283631068161,1.8872567262136322,,True
baseline,48.0,1,47.60000000000026,22,0.6,0.10000000000015064,12,0.39296497004281206,1.0,0.16098757344351527,3.2197514688703057,,True,0.2560072011237874,0.5833333333333334,0.10671060897419717,2.1342121794839435,,True
baseline,48.0,1,47.70000000000041,23,0.6,0.49999999999977973,12,0.4977243349173425,1.0,0.2041122305984579,4.082244611969158,,True,0.3554514665462251,0.75,0.14696606208109353,2.9393212416218706,,True
baseline,48.0,1,48.60000000000039,12,0.6,0.09999999999991616,12,0.7455939329628783,1.0,0.27409005068514086,5.4818010137028175,,True,0.5955939329628869,1.0,0.2189068463941467,4.3781369278829345,,True
baseline,48.0,1,49.300000000000345,20,0.6,0.4000000000000057,12,0.4851418772046967,1.0,0.18497575202723146,3.6995150405446293,,True,0.33514187720470523,1.0,0.12751463639631852,2.5502927279263705,,True
baseline,48.0,1,49.70000000000035,21,0.6,0.5999999999998664,12,0.7442727913679071,1.0,0.3081999786953153,6.163999573906306,,True,0.5942727913679157,1.0,0.24667712256251867,4.933542451250373,,True
baseline,48.0,1,52.10000000000027,19,0.6,0.5000000000000995,12,0.4860933793929679,1.0,0.17720821751305488,3.5441643502610978,,True,0.3461542169781136,0.5833333333333334,0.12682023838179032,2.5364047676358066,,True
baseline,48.0,1,53.30000000000037,18,1.1999999999999105,1.1999999999999105,24,2.174361351834192,1.0,0.7989299143006154,15.978598286012309,,True,1.8743613518342095,1.0,0.6890768378515668,13.781536757031336,,True
baseline,48.0,1,54.50000000000028,6,1.09999999999998,1.09999999999998,22,1.4436815238170808,1.0,0.5573566422679224,11.147132845358447,,True,1.1686815238170964,1.0,0.4508081414246716,9.016162828493432,,True
baseline,48.0,1,55.80000000000052,15,0.7999999999998693,0.7999999999998693,16,0.7063620129911972,1.0,0.2553398261812288,5.106796523624576,,True,0.5063620129912085,1.0,0.18270332937029246,3.654066587405849,,True
baseline,48.0,1,57.60000000000055,16,0.6,0.09999999999980247,12,0.9533693980811444,1.0,0.31416635354938843,6.283327070987768,,True,0.8033693980811527,1.0,0.26497562647344586,5.299512529468917,,True
baseline,48.0,1,58.90000000000037,21,0.6,0.20000000000000284,12,0.8182031746320589,1.0,0.2813954380999859,5.627908761999718,,True,0.6682031746320675,1.0,0.22941380526969338,4.588276105393867,,True
baseline,48.0,1,59.10000000000037,20,0.9999999999999005,0.9999999999999005,20,0.9904151219748528,1.0,0.35774271022962145,7.154854204592429,,True,0.7404151219748669,1.0,0.2668559052186525,5.33711810437305,,True
baseline,48.0,1,60.10000000000036,11,1.20000000000001,1.20000000000001,24,0.8387966661274026,1.0,0.30660482912522635,6.132096582504527,,True,0.5387966661274196,1.0,0.19675175267617778,3.9350350535235554,,True
baseline,48.0,1,62.50000000000039,18,1.3000000000001322,1.3000000000001322,26,0.609209276926066,1.0,0.21167716255316876,4.2335432510633755,,True,0.2865864044543892,0.9615384615384616,0.09997912955887298,1.9995825911774596,,True
baseline,48.0,1,64.90000000000036,13,0.7000000000001876,0.7000000000001876,14,0.4173373652299749,1.0,0.14405056679027706,2.881011335805541,,True,0.24233736522998472,1.0,0.0841122858994226,1.682245717988452,,True
baseline,48.0,1,66.70000000000037,15,0.6,0.20000000000000284,12,0.6099417745284084,1.0,0.19796067121633773,3.9592134243267547,,True,0.4599417745284169,1.0,0.14897662786760493,2.9795325573520985,,True
baseline,48.0,1,67.20000000000049,2,0.6999999999998181,0.6999999999998181,14,0.8743934310412634,1.0,0.2842851736994361,5.685703473988722,,True,0.6993934310412735,1.0,0.22724046498951944,4.544809299790389,,True
baseline,48.0,1,67.9000000000003,17,0.6,0.20000000000005969,12,0.5193858257620514,1.0,0.1717577573255505,3.4351551465110095,,True,0.36938582576205997,1.0,0.12215366279518812,2.4430732559037622,,True
baseline,48.0,1,68.90000000000025,23,0.999999999999801,0.999999999999801,20,0.5702490234915494,1.0,0.19687509867780567,3.937501973556113,,True,0.3202490234915637,1.0,0.11075687900703778,2.2151375801407553,,True
baseline,48.0,1,69.90000000000005,22,0.6000000000003496,0.6000000000003496,12,0.5409347110863326,1.0,0.19717740630964584,3.943548126192917,,True,0.39093471108634104,1.0,0.14302086628453073,2.8604173256906145,,True
baseline,48.0,1,72.10000000000007,3,0.8000000000002956,0.8000000000002956,16,0.7196660498096983,1.0,0.2640605840332018,5.281211680664036,,True,0.5196660498097097,1.0,0.19116742115579574,3.823348423115915,,True
baseline,48.0,1,74.79999999999997,10,0.6,0.4000000000005173,12,0.37566006414353426,1.0,0.12700219925247486,2.540043985049497,,True,0.22566006414354275,1.0,0.07624986179316895,1.524997235863379,,True
baseline,48.0,1,76.59999999999981,14,0.6,0.3000000000004377,12,0.08677804058256007,1.0,0.027400124122872974,0.5480024824574594,,True,0.0008031434764472755,0.08333333333333333,0.0002523149645385326,0.005046299290770652,0.09999999999797637,False
baseline,48.0,1,81.09999999999944,7,0.6,0.5000000000004263,12,0.36961939482467143,1.0,0.11042091973098088,2.2084183946196174,,True,0.26969696920572706,0.5833333333333334,0.08069314449068046,1.6138628898136091,,True
baseline,48.0,1,81.59999999999987,13,1.2000000000001023,1.2000000000001023,24,0.9549157337976567,1.0,0.29625138805786616,5.925027761157323,,True,0.6549157337976738,1.0,0.20293860626374607,4.058772125274921,,True
baseline,48.0,1,87.69999999999895,6,1.4000000000004889,1.4000000000004889,28,0.8624468777426669,1.0,0.25779895279631104,5.15597905592622,,True,0.556965246992568,0.8214285714285714,0.1666436122149216,3.332872244298432,,True
baseline,48.0,1,90.89999999999944,23,1.5,1.5999999999994827,30,0.5633861285928154,1.0,0.160144092627104,3.20288185254208,,True,0.19048595231651597,0.8,0.05440266076451112,1.0880532152902225,1.4999999999974563,False
baseline,48.0,1,92.49999999999892,20,0.6999999999999602,0.6999999999999602,14,0.2537258271033323,1.0,0.07847336293381922,1.5694672586763845,,True,0.09731126161243543,0.7142857142857143,0.030418475402850035,0.6083695080570007,,True
baseline,48.0,1,92.49999999999936,17,0.6999999999995197,0.6999999999995197,14,0.2537258271033323,1.0,0.07847336293381922,1.5694672586763845,,True,0.09731126161243543,0.7142857142857143,0.030418475402850035,0.6083695080570007,,True
baseline,48.0,1,93.19999999999888,21,0.9000000000000057,0.9000000000000057,18,0.5293071775668486,1.0,0.17363035536287563,3.4726071072575126,,True,0.30430717756686143,1.0,0.1000509484761715,2.00101896952343,,True
baseline,48.0,1,94.09999999999889,11,1.199999999999875,1.199999999999875,24,0.5825383748733658,1.0,0.20096804359344647,4.01936087186893,,True,0.2825383748733828,1.0,0.09716688281694758,1.9433376563389515,,True
baseline,48.0,1,95.29999999999876,9,0.6,0.40000000000020464,12,0.24474497017439528,1.0,0.08721507045195556,1.7443014090391111,,True,0.09474497017440384,1.0,0.03382852862624971,0.6765705725249942,,True
baseline,48.0,1,98.49999999999916,2,0.6,0.39999999999928093,12,0.2481978662261362,0.5833333333333334,0.08937849529665286,1.7875699059330572,,True,0.16069786622614116,0.5833333333333334,0.05780856912087486,1.1561713824174973,,True
baseline,48.0,1,98.89999999999844,24,1.5,1.6000000000004775,30,1.3464635757377625,1.0,0.4945282345027261,9.890564690054521,,True,0.9714635757377842,1.0,0.3569552228749456,7.139104457498911,,True
baseline,48.0,1,100.69999999999897,10,0.6,0.49999999999991473,12,0.40449229689088284,1.0,0.1381591542858697,2.763183085717394,,True,0.25449229689089137,1.0,0.08717716824077508,1.7435433648155017,,True
baseline,48.0,1,102.39999999999849,25,0.6,0.30000000000063665,12,0.49235567859528623,1.0,0.16288575699529775,3.257715139905955,,True,0.3423556785952948,1.0,0.11364910020219736,2.2729820040439472,,True
baseline,48.0,1,102.69999999999912,13,0.6,0.09999999999965326,12,0.7338375049389377,1.0,0.2614164600750253,5.228329201500506,,True,0.5838375049389463,1.0,0.20843518045953477,4.168703609190695,,True
baseline,48.0,1,102.79999999999878,15,0.6,0.4999999999999858,12,0.7785920546287545,1.0,0.2803785349681335,5.60757069936267,,True,0.628592054628763,1.0,0.22668129211459578,4.533625842291916,,True
baseline,48.0,1,104.59999999999822,8,0.6,0.20000000000030127,12,0.32395096547720864,1.0,0.11759104186147211,2.3518208372294422,,True,0.17395096547721714,1.0,0.062279504537243215,1.2455900907448643,,True
baseline,48.0,1,104.79999999999852,22,1.00000000000054,1.00000000000054,20,0.3248996812962381,1.0,0.12440337354569454,2.488067470913891,,True,0.08727240219920977,0.7,0.032499022623308685,0.6499804524661736,0.749999999997641,False
baseline,48.0,1,105.79999999999906,23,0.6999999999990649,0.6999999999990649,14,0.3907267616754401,1.0,0.16277069012193576,3.2554138024387154,,True,0.24398095648085735,0.6428571428571429,0.10219850406614298,2.0439700813228594,,True
baseline,48.0,1,106.49999999999812,4,0.6,0.4000000000003183,12,0.554791943764772,1.0,0.22374876241224925,4.474975248244985,,True,0.4047919437647805,1.0,0.16320765398369938,3.2641530796739877,,True
baseline,48.0,1,107.19999999999852,9,0.7999999999998408,0.7999999999998408,16,0.6379954164516317,1.0,0.26192976775115695,5.238595355023139,,True,0.4379954164516431,1.0,0.17946296059442954,3.589259211888591,,True
baseline,48.0,1,107.99999999999837,7,0.6000000000006764,0.6000000000006764,12,0.5683445957128781,1.0,0.25110487205267124,5.0220974410534245,,True,0.4183445957128866,1.0,0.1856550251028876,3.7131005020577517,,True
baseline,48.0,1,108.59999999999904,2,0.6,0.09999999999992326,12,0.5828219816213995,1.0,0.26031407808195267,5.206281561639053,,True,0.4328219816214081,1.0,0.19336823463045966,3.8673646926091934,,True
baseline,48.0,1,113.59999999999818,21,0.6,0.20000000000088392,12,0.19059126102320664,1.0,0.06302737952304426,1.2605475904608852,,True,0.0405912610232152,1.0,0.013423284992681963,0.2684656998536393,,True
baseline,48.0,1,118.09999999999836,9,0.6,0.10000000000060538,12,0.14361997348441025,0.6666666666666666,0.04240819560489519,0.8481639120979039,,True,0.04361997348441595,0.6666666666666666,0.012828264775642346,0.2565652955128469,,True
baseline,48.0,1,118.19999999999897,2,1.5,1.7999999999988319,30,0.4253058817210048,0.9333333333333333,0.12668842226545265,2.533768445309053,,True,0.0854914468971593,0.7333333333333333,0.025356180325018997,0.5071236065003799,1.2499999999963904,False
baseline,48.0,1,119.9999999999978,8,1.199999999999278,1.199999999999278,24,0.7323822995312289,1.0,0.22990889874826628,4.598177974965326,,True,0.4706318419477047,0.8333333333333334,0.1478533537208342,2.957067074416684,,True
baseline,48.0,1,121.19999999999708,19,0.6,0.4000000000010999,12,0.3306860759208382,1.0,0.10546210344605948,2.1092420689211897,,True,0.18068607592084673,1.0,0.05751147873337589,1.150229574667518,,True
baseline,48.0,1,122.499999999998,7,1.5,1.6999999999996476,30,0.7445145480161204,1.0,0.24480875602009017,4.896175120401804,,True,0.36951454801614153,1.0,0.12183193833023365,2.436638766604673,,True
baseline,48.0,1,124.19999999999764,11,0.6,0.49999999999955946,12,0.5244295324066042,1.0,0.18186782244511912,3.6373564489023824,,True,0.37442953240661275,1.0,0.1304265392284471,2.6085307845689423,,True
baseline,48.0,1,124.6999999999972,16,0.6,0.10000000000047748,12,0.53899182401972,1.0,0.19983867141172518,3.9967734282345035,,True,0.3889918240197284,1.0,0.14369296937146966,2.8738593874293934,,True
baseline,48.0,1,124.79999999999768,25,1.3000000000006793,1.3000000000006793,26,0.8658706078191446,1.0,0.3330902499223759,6.6618049984475185,,True,0.5408706078191631,1.0,0.20713137780235116,4.142627556047024,,True
baseline,48.0,1,127.69999999999784,21,0.6,0.09999999999939746,12,0.2786596233602483,1.0,0.10371780368594839,2.0743560737189677,,True,0.18201950627565913,0.5,0.06787852549899331,1.3575705099798663,,True
baseline,48.0,1,127.79999999999724,24,0.6,0.20000000000055707,12,0.35795764781944844,1.0,0.13310924381614953,2.6621848763229905,,True,0.2403577427504276,0.6666666666666666,0.08944028727928943,1.7888057455857886,,True
baseline,48.0,1,129.2999999999982,9,1.199999999999818,1.199999999999818,24,0.6363198893808095,1.0,0.23300724312897858,4.660144862579571,,True,0.3363198893808266,1.0,0.12315416667993001,2.4630833335986004,,True
baseline,48.0,1,131.49999999999807,23,0.6999999999995623,0.6999999999995623,14,0.5426073273930504,1.0,0.20022990768668647,4.004598153733729,,True,0.4021547806481864,0.7142857142857143,0.14863605935180668,2.9727211870361336,,True
baseline,48.0,1,133.39999999999785,7,1.2999999999991303,1.2999999999991303,26,0.6293222978668292,1.0,0.20529399053167696,4.105879810633539,,True,0.3082438673034225,0.8461538461538461,0.09994202663165967,1.9988405326331935,1.1499999999984851,False
baseline,48.0,1,134.69999999999698,14,0.7999999999994429,0.7999999999994429,15,0.17948980182467975,1.0,0.06183211924237382,1.2366423848474764,,True,0.0008539701716896289,0.3333333333333333,0.0002980918241961114,0.005961836483922228,0.4999999999995026,False
baseline,48.0,1,135.49999999999642,12,0.6,0.20000000000140972,12,0.24951292698826819,1.0,0.08518240553938274,1.7036481107876547,,True,0.11126732399960863,0.5833333333333334,0.03758751484492746,0.7517502968985491,,True
baseline,48.0,1,136.39999999999688,4,0.9000000000013131,0.9000000000013131,18,0.5142608468958517,1.0,0.18531474219839808,3.7062948439679615,,True,0.2892608468958645,1.0,0.10410019527123628,2.0820039054247257,,True
baseline,48.0,1,136.39999999999748,25,0.9000000000007162,0.9000000000007162,18,0.5142608468958517,1.0,0.18531474219839808,3.7062948439679615,,True,0.2892608468958645,1.0,0.10410019527123628,2.0820039054247257,,True
baseline,48.0,1,139.4999999999975,13,1.299999999999585,1.299999999999585,25,1.1624933831304456,1.0,0.40519894084196434,8.103978816839287,,True,0.8604547230706966,0.84,0.3003553596383934,6.007107192767868,,True
baseline,48.0,1,140.79999999999708,15,0.6,0.19999999999984652,12,0.8205121848629858,1.0,0.3044093955198409,6.088187910396819,,True,0.6705121848629944,1.0,0.24938660752039044,4.987732150407808,,True
baseline,48.0,1,140.99999999999693,24,0.6,0.4000000000009152,12,0.982088562413756,1.0,0.3694800275354318,7.389600550708636,,True,0.8320885624137645,1.0,0.31314182594532386,6.262836518906477,,True
baseline,48.0,1,143.399999999998,2,0.6,0.09999999999843112,12,0.3896334051945385,1.0,0.13465907405907676,2.693181481181535,,True,0.239633405194547,1.0,0.08275849367082733,1.6551698734165465,,True
baseline,48.0,1,144.7999999999969,11,1.0000000000006821,1.0000000000006821,20,0.4421685188520013,1.0,0.14559934884711098,2.9119869769422198,,True,0.21698345220399165,0.75,0.07175511783101181,1.435102356620236,,True
baseline,48.0,1,145.7999999999976,7,0.6,0.39999999999918145,12,0.31689866635197317,1.0,0.10901468220686887,2.1802936441373775,,True,0.1668986663519817,1.0,0.05757339899019684,1.151467979803937,,True
baseline,48.0,1,146.19999999999678,17,1.300000000000722,1.300000000000722,26,0.7339258326520088,1.0,0.26840813638878597,5.36816272777572,,True,0.4089258326520273,1.0,0.14957174761329647,2.9914349522659296,,True
baseline,48.0,1,148.89999999999617,3,0.6,0.1000000000007617,12,0.24018868302181046,1.0,0.0788090007895963,1.576180015791926,,True,0.09018868302181901,1.0,0.02961827371365368,0.5923654742730735,,True
baseline,48.0,1,150.29999999999586,6,1.1000000000009322,1.1000000000009322,22,0.5701917787421267,1.0,0.19795889282625953,3.9591778565251907,,True,0.3000288708937582,0.8636363636363636,0.10471362407112618,2.0942724814225238,,True
baseline,48.0,1,151.3999999999968,24,1.4000000000001194,1.4000000000001194,28,0.6677742100263133,1.0,0.2312359614473703,4.624719228947406,,True,0.3177742100263334,1.0,0.10975185956514048,2.1950371913028097,,True
baseline,48.0,1,153.69999999999544,5,0.6,0.10000000000215437,12,0.4912136353859483,1.0,0.16093842589177465,3.218768517835493,,True,0.3611688687158106,0.5833333333333334,0.11850238359223603,2.3700476718447208,,True
baseline,48.0,2,20.50000000000002,14,1.200000000000017,1.200000000000017,24,1.3509383018947887,1.0,0.49824253143999603,9.96485062879992,,True,1.0509383018948057,1.0,0.3883894549909474,7.767789099818948,,True
baseline,48.0,2,21.70000000000004,7,1.0999999999999446,1.0999999999999446,22,0.9949541076724685,1.0,0.3852662889135241,7.705325778270482,,True,0.7199541076724842,1.0,0.27842903874549485,5.568580774909897,,True
baseline,48.0,2,23.29999999999999,18,0.6,0.2000000000000739,12,0.480018528521314,1.0,0.1935102588219968,3.870205176439936,,True,0.3300185285213226,1.0,0.13445139692730967,2.6890279385461935,,True
baseline,48.0,2,23.500000000000064,12,1.5,1.699999999999907,30,1.730127409278952,1.0,0.7226358026413058,14.452716052826116,,True,1.3551274092789733,1.0,0.5668651669008209,11.337303338016419,,True
baseline,48.0,2,28.90000000000014,17,0.7999999999998977,0.7999999999998977,16,0.532698576102798,1.0,0.1672140489376881,3.344280978753762,,True,0.37346430393817426,0.75,0.11732727136301936,2.3465454272603874,,True
baseline,48.0,2,33.40000000000009,13,0.6,0.5000000000001492,12,0.1504254066710756,0.6666666666666666,0.04295980376205425,0.859196075241085,,True,0.06279720546864379,0.5833333333333334,0.017934839942387277,0.3586967988477455,,True
baseline,48.0,2,33.90000000000024,9,1.5,2.299999999999997,30,0.7555537368402123,1.0,0.2248914982072787,4.4978299641455735,,True,0.38055373684023364,1.0,0.11337175898894603,2.2674351797789205,,True
baseline,48.0,2,36.20000000000024,2,0.6999999999999034,0.6999999999999034,14,0.2295061250174656,1.0,0.07484002524620766,1.496800504924153,,True,0.08346822416579429,0.6428571428571429,0.027602437878678478,0.5520487575735695,,True
baseline,48.0,2,36.20000000000024,15,0.6999999999999034,0.6999999999999034,14,0.2295061250174656,1.0,0.07484002524620766,1.496800504924153,,True,0.08346822416579429,0.6428571428571429,0.027602437878678478,0.5520487575735695,,True
baseline,48.0,2,40.3000000000003,25,1.0999999999997883,1.0999999999997883,22,0.6036853482179138,0.7727272727272727,0.19963510053065198,3.9927020106130398,,True,0.3911853482179258,0.7727272727272727,0.1293626332793053,2.587252665586106,,True
baseline,48.0,2,46.7000000000004,20,1.5,1.599999999999902,30,0.5180776567222414,1.0,0.14779569670959025,2.955913934191805,,True,0.19101292803651587,0.7,0.054553164678199484,1.0910632935639897,1.2999999999990095,False
baseline,48.0,2,49.30000000000043,23,1.200000000000017,1.200000000000017,24,0.6762085527160878,1.0,0.19300877870023564,3.860175574004713,,True,0.42937224252382733,0.7916666666666666,0.12262842570620283,2.4525685141240565,,True
baseline,48.0,2,50.50000000000045,10,1.5,1.5000000000000213,30,0.47635335283395774,1.0,0.14087489657732752,2.8174979315465505,,True,0.13148499539777392,0.7,0.038540523334701135,0.7708104666940228,1.099999999998758,False
baseline,48.0,2,52.00000000000047,8,0.6,0.599999999999902,12,0.19644600117480154,1.0,0.061462728646530164,1.2292545729306033,,True,0.09206075010864177,0.5833333333333334,0.028921737622527477,0.5784347524505495,,True
baseline,48.0,2,52.60000000000037,17,1.0000000000001208,1.0000000000001208,20,0.5153709155374308,1.0,0.16842969859779894,3.3685939719559785,,True,0.26537091553744496,1.0,0.08678962634991091,1.7357925269982184,,True
baseline,48.0,2,53.60000000000049,3,1.099999999999909,1.099999999999909,22,0.346171497748917,1.0,0.11892226360712174,2.378445272142435,,True,0.07411511785212889,0.8636363636363636,0.025104914930956068,0.5020982986191214,0.9999999999985434,False
baseline,48.0,2,55.500000000000405,15,1.5,1.8000000000000256,30,0.32186158726907016,0.9666666666666667,0.11224641829250219,2.244928365850044,,True,0.06323211206240134,0.43333333333333335,0.022072170969578524,0.4414434193915705,0.9499999999985249,False
baseline,48.0,2,57.5000000000005,19,0.6,0.39999999999994174,12,0.22506001512714233,0.6666666666666666,0.07856076557113757,1.5712153114227514,,True,0.12506001512714796,0.6666666666666666,0.043654180531252966,0.8730836106250593,,True
baseline,48.0,2,57.90000000000044,14,0.6000000000000085,0.6000000000000085,12,0.38324333318064174,1.0,0.13935590592581779,2.787118118516356,,True,0.23324333318065024,1.0,0.08494269983423298,1.6988539966846596,,True
baseline,48.0,2,61.100000000000485,2,0.6,0.5000000000000071,12,0.27950981857346474,1.0,0.09119774513358556,1.8239549026717112,,True,0.13147000878627657,0.75,0.043449564883700414,0.8689912976740083,0.599999999998154,False
baseline,48.0,2,62.1000000000005,23,0.6,0.3999999999999986,12,0.27320826794860686,1.0,0.08990328277451304,1.7980656554902608,,True,0.1587926134023093,0.5833333333333334,0.05251175870621255,1.050235174124251,,True
baseline,48.0,2,62.5000000000005,12,0.6,0.4000000000000128,12,0.467961132118799,1.0,0.16076218544053267,3.2152437088106534,,True,0.31796113211880755,1.0,0.10932090222386064,2.1864180444772128,,True
baseline,48.0,2,62.90000000000051,7,0.6,0.20000000000011653,12,0.47514360553153334,1.0,0.17577499065947616,3.515499813189523,,True,0.32514360553154187,1.0,0.120495536593556,2.40991073187112,,True
baseline,48.0,2,63.10000000000063,4,0.6,0.3999999999997783,12,0.5277675806780584,1.0,0.19967859841152735,3.993571968230547,,True,0.3777675806780669,1.0,0.14308373075494973,2.8616746150989947,,True
baseline,48.0,2,64.00000000000053,5,1.4999999999999858,1.4999999999999858,30,2.134893706869088,1.0,0.8339777590580489,16.67955518116098,,True,1.7598937068691094,1.0,0.6878706007201494,13.757412014402988,,True
baseline,48.0,2,66.2000000000004,8,1.2999999999999545,1.2999999999999545,26,1.1630361653553438,1.0,0.4472804185633789,8.945608371267578,,True,0.8380361653553622,1.0,0.3221236279010722,6.442472558021444,,True
baseline,48.0,2,66.20000000000041,14,1.2999999999999403,1.2999999999999403,26,1.1630361653553438,1.0,0.4472804185633789,8.945608371267578,,True,0.8380361653553622,1.0,0.3221236279010722,6.442472558021444,,True
baseline,48.0,2,67.50000000000036,9,1.5,1.6000000000001222,30,2.0821631522704225,1.0,0.8665688375145897,17.331376750291795,,True,1.7071631522704436,1.0,0.7111254510088536,14.222509020177071,,True
baseline,48.0,2,69.50000000000045,2,0.6,0.09999999999986642,12,0.5976356433947545,1.0,0.24819801031531902,4.96396020630638,,True,0.447635643394763,1.0,0.18513240779013462,3.7026481558026925,,True
baseline,48.0,2,69.60000000000032,24,0.6,0.5000000000001847,12,0.5513619576847745,1.0,0.2331669364206413,4.663338728412826,,True,0.40136195768478306,1.0,0.16907283630053177,3.3814567260106356,,True
baseline,48.0,2,70.50000000000048,23,0.6,0.4000000000000341,12,0.43553943103576165,1.0,0.17527470209610896,3.505494041922179,,True,0.2855394310357702,1.0,0.11473359366755909,2.2946718733511817,,True
baseline,48.0,2,73.29999999999993,18,0.6999999999999176,0.6999999999999176,14,0.2675972353192756,1.0,0.09703946693886893,1.9407893387773787,,True,0.09259723531928557,1.0,0.03338628245437351,0.6677256490874701,,True
baseline,48.0,2,73.99999999999984,15,0.6,0.20000000000055707,12,0.207955904796472,1.0,0.07485417969045198,1.4970835938090397,,True,0.05795590479648052,1.0,0.020697639665336914,0.4139527933067383,,True
baseline,48.0,2,74.3000000000003,12,0.6,0.2999999999996277,12,0.23488569524812114,1.0,0.08624946166124192,1.7249892332248384,,True,0.08488569524812967,1.0,0.03154750624487866,0.6309501248975733,,True
baseline,48.0,2,74.59999999999992,20,0.6,0.40000000000036096,12,0.3955179355794825,1.0,0.1534717019537412,3.0694340390748245,,True,0.2455179355794911,1.0,0.09601058632282825,1.9202117264565648,,True
baseline,48.0,2,75.00000000000028,7,0.6,0.19999999999960494,12,0.4445333428969981,1.0,0.18404953147507538,3.680990629501508,,True,0.2945333428970066,1.0,0.12140467796599674,2.428093559319935,,True
baseline,48.0,2,75.19999999999989,11,0.6,0.3000000000004661,12,0.3916225758525045,1.0,0.1665825255733523,3.331650511467046,,True,0.241622575852513,1.0,0.10262867512527796,2.052573502505559,,True
baseline,48.0,2,76.9999999999999,21,0.6,0.5000000000003126,12,0.3549414314489089,1.0,0.15656321232683776,3.1312642465367553,,True,0.22718746388548514,0.5833333333333334,0.10080576077904695,2.016115215580939,,True
baseline,48.0,2,77.50000000000021,5,0.6,0.100000000000108,12,0.5992081534289455,1.0,0.24926896843606872,4.985379368721374,,True,0.4492081534289541,1.0,0.1867176147083469,3.7343522941669383,,True
baseline,48.0,2,78.60000000000048,23,1.5,2.6999999999989512,30,0.6447401079567799,1.0,0.2648239145840872,5.296478291681744,,True,0.2776151691577816,0.7,0.11267922600042722,2.2535845200085443,1.099999999997138,False
baseline,48.0,2,81.29999999999943,17,0.700000000000415,0.700000000000415,14,0.33619178182317194,1.0,0.14032180974850308,2.8064361949700616,,True,0.1961878550110711,0.6428571428571429,0.08217897653684271,1.6435795307368541,,True
baseline,48.0,2,82.1,4,0.6,0.20000000000030127,12,0.2776846690273864,1.0,0.10814568249134367,2.1629136498268733,,True,0.15332904318770046,0.5833333333333334,0.059600091744807335,1.1920018348961468,,True
baseline,48.0,2,87.59999999999907,13,1.5,1.7000000000003581,30,0.6177598857900521,1.0,0.18452098356841942,3.6904196713683883,,True,0.2822935056695906,0.8333333333333334,0.0844620193873995,1.68924038774799,,True
baseline,48.0,2,90.09999999999944,18,0.6,0.3999999999996362,12,0.16045314795128426,1.0,0.045537024661846615,0.9107404932369323,,True,0.047118064320248065,0.5833333333333334,0.013456887701805701,0.269137754036114,,True
baseline,48.0,2,90.49999999999908,19,1.5,3.5000000000005826,30,1.185257261634204,1.0,0.35340794582162455,7.068158916432491,,True,0.8102572616342254,1.0,0.24205820620575885,4.841164124115177,,True
baseline,48.0,2,93.99999999999966,7,1.5,1.5999999999994259,30,0.39581341942768294,1.0,0.12423810468291877,2.484762093658375,,True,0.08645613276210702,0.6666666666666666,0.02716099515432192,0.5432199030864384,1.2999999999970555,False
baseline,48.0,2,96.39999999999914,11,1.5,1.7000000000003013,30,1.0643757138102794,0.8333333333333334,0.3343834923165766,6.6876698463315325,,True,0.7518757138102973,0.8333333333333334,0.23620872189190115,4.724174437838023,,True
baseline,48.0,2,98.99999999999888,13,1.5,3.0000000000007816,30,0.773097734491677,1.0,0.23038982175057537,4.607796435011507,,True,0.3990131278839843,0.9666666666666667,0.11930151787619618,2.3860303575239237,,True
baseline,48.0,2,105.6999999999985,15,1.3000000000003809,1.3000000000003809,26,0.5593367405318007,1.0,0.15942291420201682,3.1884582840403364,,True,0.27080179600764825,0.8076923076923077,0.07734081208332272,1.5468162416664544,,True
baseline,48.0,2,107.99999999999802,25,1.0000000000005116,1.0000000000005116,20,0.5182566043806829,1.0,0.14769809377533988,2.9539618755067973,,True,0.30533684868038385,0.75,0.08720400006223204,1.744080001244641,,True
baseline,48.0,2,108.99999999999854,21,1.5,3.200000000000159,30,0.598802715762476,1.0,0.17770084569373668,3.5540169138747335,,True,0.2253803760040231,0.9333333333333333,0.06665314131584586,1.3330628263169173,1.4499999999973454,False
baseline,48.0,2,112.1999999999987,11,0.6,0.19999999999906493,12,0.1825682466946594,1.0,0.058925244414510795,1.1785048882902158,,True,0.08120127082946493,0.5833333333333334,0.026667268037246682,0.5333453607449337,,True
baseline,48.0,2,112.39999999999776,3,1.3000000000007361,1.3000000000007361,26,0.7439617884081092,1.0,0.24492368420703686,4.898473684140737,,True,0.4286755590736878,0.9615384615384616,0.14157491764349855,2.8314983528699713,,True
baseline,48.0,2,117.09999999999846,4,1.5,2.0999999999994543,30,1.1469122703645434,1.0,0.34276079635975715,6.855215927195143,,True,0.8054009902562792,0.8333333333333334,0.24097541277934018,4.819508255586803,,True
baseline,48.0,2,119.19999999999791,19,0.6,0.09999999999992326,12,0.2956613203623987,1.0,0.09384993447747203,1.8769986895494406,,True,0.1456613203624072,1.0,0.04662762385114695,0.932552477022939,,True
baseline,48.0,2,119.29999999999784,8,0.9000000000008583,0.9000000000008583,18,0.4945179119157964,1.0,0.1610790207585545,3.22158041517109,,True,0.2695179119158092,1.0,0.08826729628720123,1.7653459257440245,,True
baseline,48.0,2,120.69999999999789,24,1.5,2.59999999999971,30,0.6922213760761828,1.0,0.22671652401488862,4.534330480297772,,True,0.3172213760762042,1.0,0.10448770457588671,2.0897540915177344,,True
baseline,48.0,2,120.69999999999814,18,1.5,2.5999999999994543,30,0.6922213760761828,1.0,0.22671652401488862,4.534330480297772,,True,0.3172213760762042,1.0,0.10448770457588671,2.0897540915177344,,True
baseline,48.0,2,123.2999999999976,25,0.6,0.1999999999995481,12,0.22096659809829533,0.9166666666666666,0.07944787098273517,1.5889574196547036,,True,0.12944948200069692,0.5833333333333334,0.0465495087626574,0.930990175253148,,True
baseline,48.0,2,123.49999999999714,16,0.9999999999999432,0.9999999999999432,20,0.559970185896448,0.95,0.20489959063115393,4.0979918126230785,,True,0.3224701858964617,0.95,0.11788979409791218,2.3577958819582436,,True
baseline,48.0,2,124.49999999999709,6,0.6000000000013728,0.6000000000013728,12,0.30632689585933104,1.0,0.11796140801434149,2.35922816028683,,True,0.15632689585933954,1.0,0.060211543058650084,1.2042308611730017,,True
baseline,48.0,2,126.1999999999979,5,1.0000000000000142,1.0000000000000142,20,0.48737844409178716,0.8,0.191381082985768,3.8276216597153603,,True,0.2993596355699544,0.75,0.11755825398598582,2.3511650797197166,,True
baseline,48.0,2,128.7999999999973,3,1.299999999999926,1.299999999999926,26,1.4593695834108746,1.0,0.481225815366486,9.62451630732972,,True,1.1343695834108931,1.0,0.37457701212620714,7.491540242524143,,True
baseline,48.0,2,130.09999999999724,14,0.6,0.4000000000000057,12,0.4934755591016279,1.0,0.16888912820462892,3.3777825640925787,,True,0.34347555910163646,1.0,0.11744784498795692,2.3489568997591386,,True
baseline,48.0,2,130.49999999999724,9,0.6,0.10000000000090381,12,0.5061370526162479,1.0,0.19062790811771185,3.812558162354237,,True,0.35613705261625656,1.0,0.13448220607745634,2.6896441215491267,,True
baseline,48.0,2,130.59999999999815,4,0.6,0.2999999999993861,12,0.5449360585931987,1.0,0.21227395214587041,4.245479042917408,,True,0.39493605859320735,1.0,0.1543829208536206,3.087658417072412,,True
baseline,48.0,2,130.89999999999753,12,0.6,0.10000000000022169,12,0.6206559137521802,1.0,0.25930126308965795,5.186025261793159,,True,0.47065591375218874,1.0,0.19665640958057937,3.9331281916115874,,True
baseline,48.0,2,130.99999999999775,21,0.6,0.29999999999986926,12,0.6374283936638406,1.0,0.26728550269621143,5.345710053924229,,True,0.48742839366384916,1.0,0.2043133999523839,4.086267999047678,,True
baseline,48.0,2,131.79999999999748,15,0.6999999999996191,0.6999999999996191,14,0.5832125312773452,1.0,0.23872973569054234,4.774594713810847,,True,0.40821253127735524,1.0,0.1667349040457803,3.334698080915606,,True
baseline,48.0,2,133.3999999999974,13,0.8000000000004945,0.8000000000004945,16,0.80392847338346,1.0,0.335553005691829,6.71106011383658,,True,0.6082535852955039,0.75,0.2547846660112009,5.095693320224019,,True
baseline,48.0,2,134.99999999999778,7,1.5,1.7999999999995282,30,0.852983564175209,1.0,0.35245321136451413,7.049064227290282,,True,0.4779835641752303,1.0,0.19668257562402913,3.9336515124805826,,True
baseline,48.0,2,137.1999999999974,24,0.8999999999998352,0.8999999999998352,18,0.12424003946784898,1.0,0.05078631276076656,1.0157262552153312,,True,6.970804203405171e-05,0.05555555555555555,2.7374284093793608e-05,0.0005474856818758722,0.09999999999955378,False
baseline,48.0,2,138.3999999999963,10,0.6,0.10000000000093223,12,0.5196119295689459,1.0,0.19436218328713167,3.8872436657426332,,True,0.3821210303292712,0.5833333333333334,0.14238007537039457,2.8476015074078913,,True
baseline,48.0,2,140.19999999999712,25,0.9999999999991758,0.9999999999991758,20,0.7536227569927724,1.0,0.24613503136536732,4.922700627307346,,True,0.5036227569927866,1.0,0.16449495911747938,3.2898991823495876,,True
baseline,48.0,2,141.1999999999963,22,0.6,0.20000000000109708,12,0.34084207460843163,1.0,0.11315886762525702,2.2631773525051404,,True,0.19084207460844016,1.0,0.06332512450910599,1.2665024901821198,,True
baseline,48.0,2,141.69999999999658,6,1.300000000001205,1.300000000001205,26,0.6928667486848367,1.0,0.23927441265819382,4.7854882531638765,,True,0.3678667486848551,1.0,0.12697625420751252,2.5395250841502506,,True
baseline,48.0,2,144.19999999999726,18,0.6,0.2999999999999261,12,0.16843289306328874,1.0,0.058369251788021125,1.1673850357604225,,True,0.03225035596231208,0.5833333333333334,0.0114703026627517,0.22940605325503402,,True
baseline,48.0,2,144.4999999999972,12,0.700000000000216,0.700000000000216,14,0.2829145875649983,1.0,0.10290832124245869,2.0581664248491736,,True,0.10791458756500827,1.0,0.03951180282443301,0.7902360564886601,,True
baseline,48.0,2,148.69999999999607,17,0.6,0.300000000000324,12,0.3823722023719952,1.0,0.12620549216319704,2.5241098432639406,,True,0.280194765717039,0.5833333333333334,0.09265871763694344,1.8531743527388689,,True
baseline,48.0,2,148.9999999999964,2,0.6,0.19999999999990337,12,0.6138151078381815,1.0,0.2029849508891429,4.059699017782858,,True,0.4638151078381902,1.0,0.15338085635878057,3.0676171271756116,,True
baseline,48.0,2,150.79999999999694,5,0.7999999999995282,0.7999999999995282,16,0.7202271118536656,1.0,0.235878685386274,4.71757370772548,,True,0.520227111853677,1.0,0.17077331131517345,3.415466226303469,,True
baseline,48.0,2,151.59999999999647,14,0.6,0.29999999999998295,12,0.4342713271615887,1.0,0.1487587881892049,2.9751757637840983,,True,0.28427132716159725,1.0,0.0970338214253821,1.9406764285076419,,True
baseline,48.0,2,151.89999999999645,6,0.6,0.19999999999953388,12,0.4868097972221318,1.0,0.17589302099995485,3.517860419999097,,True,0.3368097972221403,1.0,0.1219931470413095,2.43986294082619,,True
baseline,48.0,2,152.099999999996,20,0.6,0.10000000000127329,12,0.6463435772324302,1.0,0.2344003492026599,4.688006984053198,,True,0.49634357723243877,1.0,0.17998714311107505,3.5997428622215013,,True
baseline,48.0,2,152.399999999997,21,0.6,0.10000000000019327,12,0.8257024407337084,1.0,0.30203927860229696,6.040785572045939,,True,0.6757024407337169,1.0,0.24711274037777264,4.942254807555453,,True
baseline,48.0,3,23.600000000000065,2,0.6,0.09999999999991971,12,0.493814435537604,1.0,0.1514202461370955,3.02840492274191,,True,0.3630717914023726,0.6666666666666666,0.11178523965595981,2.2357047931191962,,True
baseline,48.0,3,23.699999999999985,4,1.5,2.1999999999999993,30,1.354080337356288,1.0,0.42212016909532224,8.442403381906445,,True,0.988723556562899,0.9333333333333333,0.3083395385693394,6.166790771386788,,True
baseline,48.0,3,26.100000000000065,18,0.6,0.1999999999999531,12,0.2562160693726129,1.0,0.07692578898345837,1.5385157796691673,,True,0.10621606937262139,1.0,0.03185889436946453,0.6371778873892906,,True
baseline,48.0,3,27.800000000000047,9,0.6,0.10000000000007958,12,0.2352722609256697,1.0,0.07581347614686668,1.5162695229373335,,True,0.09207779281671677,0.5833333333333334,0.03042069217358489,0.6084138434716978,,True
baseline,48.0,3,27.900000000000126,14,0.9000000000000128,0.9000000000000128,18,0.416437766586813,1.0,0.13646746942790092,2.7293493885580182,,True,0.19685536739923176,0.8333333333333334,0.06507000360194129,1.3014000720388257,,True
baseline,48.0,3,28.80000000000014,23,0.9000000000000128,0.9000000000000128,18,0.31935519458852896,1.0,0.1098251118583551,2.196502237167102,,True,0.09435519458854175,1.0,0.032203889861769634,0.6440777972353927,,True
baseline,48.0,3,29.700000000000152,15,1.5,1.8999999999999133,30,1.15477874837608,1.0,0.42574303798821267,8.514860759764254,,True,0.7800631376186177,0.9666666666666667,0.2882692969332154,5.765385938664308,,True
baseline,48.0,3,33.00000000000023,21,0.6,0.5999999999998948,13,0.3427100311288179,1.0,0.11897256067710499,2.3794512135421,,True,0.20701376411038863,0.6153846153846154,0.07226143561346306,1.445228712269261,,True
baseline,48.0,3,33.60000000000012,25,0.6,0.49999999999994316,12,0.36484353129852737,1.0,0.13060246410673845,2.612049282134769,,True,0.2148435312985359,1.0,0.07670259014809312,1.5340518029618624,,True
baseline,48.0,3,34.70000000000022,13,1.0999999999998238,1.0999999999998238,21,0.8677742192751661,1.0,0.3184315051285702,6.368630102571404,,True,0.605274219275181,1.0,0.22269506233535727,4.4539012467071455,,True
baseline,48.0,3,36.80000000000025,7,0.8999999999998991,0.8999999999998991,18,0.2830699868227836,1.0,0.09299671162432234,1.8599342324864467,,True,0.07657944462564596,0.7222222222222222,0.02532436006862272,0.5064872013724544,,True
baseline,48.0,3,38.30000000000016,15,0.8000000000001606,0.8000000000001606,16,0.016401109249596292,0.3125,0.005152560432925522,0.10305120865851045,0.299999999999784,False,0.0,0.0,0.0,0.0,0.0,False
baseline,48.0,3,39.10000000000032,16,0.7999999999999119,0.7999999999999119,16,0.4161856144027631,0.75,0.14527618541527496,2.905523708305499,,True,0.26618561440277155,0.75,0.09291630785544806,1.8583261571089613,,True
baseline,48.0,3,39.90000000000023,6,1.0999999999999943,1.0999999999999943,22,0.546467329689221,1.0,0.1993261334029543,3.986522668059086,,True,0.2714673296892366,1.0,0.09871303534681637,1.9742607069363274,,True
baseline,48.0,3,45.50000000000038,22,0.799999999999784,0.799999999999784,16,0.2845997341701432,1.0,0.08918964051735762,1.7837928103471523,,True,0.13239362418633926,0.6875,0.041592683712593136,0.8318536742518627,,True
baseline,48.0,3,47.00000000000029,13,0.6,0.10000000000002984,12,0.3967933751623355,1.0,0.12279228927531487,2.4558457855062974,,True,0.24679337516234398,1.0,0.0771303960526866,1.5426079210537318,,True
baseline,48.0,3,47.10000000000043,19,0.7999999999998053,0.7999999999998053,16,0.665524409214758,1.0,0.20764482724081954,4.15289654481639,,True,0.4655244092147694,1.0,0.14590097162481586,2.918019432496317,,True
baseline,48.0,3,48.2000000000003,7,0.6,0.49999999999992184,12,0.5047423269559689,1.0,0.1549534978758975,3.09906995751795,,True,0.3547423269559774,1.0,0.10876460588562162,2.1752921177124325,,True
baseline,48.0,3,48.70000000000022,25,0.9000000000001478,0.9000000000001478,18,0.4281684399217478,1.0,0.1388218310966426,2.776436621932852,,True,0.2031684399217605,1.0,0.0654491079371483,1.308982158742966,,True
baseline,48.0,3,49.60000000000037,17,1.5,3.9000000000000057,30,0.5844053354231884,1.0,0.20291365398238922,4.058273079647784,,True,0.20940533542320966,1.0,0.0729325544259769,1.458651088519538,,True
baseline,48.0,3,53.800000000000296,4,0.6,0.20000000000005258,12,0.29780443373867105,1.0,0.1076849026667608,2.153698053335216,,True,0.19141322074036216,0.6666666666666666,0.06963811780278328,1.3927623560556657,,True
baseline,48.0,3,54.00000000000035,18,0.6,0.4000000000001549,12,0.4750625022602858,1.0,0.17344798283325902,3.4689596566651804,,True,0.32506250226029426,1.0,0.1190347767416742,2.380695534833484,,True
baseline,48.0,3,54.4000000000005,12,0.6,0.5999999999997883,12,0.48331046542050166,1.0,0.1845152920401152,3.6903058408023037,,True,0.3333104654205101,1.0,0.1270541764092022,2.5410835281840436,,True
baseline,48.0,3,59.40000000000046,23,1.5,2.399999999999835,30,0.532300841257311,0.8333333333333334,0.1672272412393635,3.34454482478727,,True,0.2198008412573288,0.8333333333333334,0.06905247081468804,1.3810494162937608,,True
baseline,48.0,3,62.30000000000043,6,0.6,0.10000000000007248,12,0.4080627697842666,1.0,0.12029941615008118,2.4059883230016235,,True,0.28919596476092047,0.5833333333333334,0.0856997912495192,1.713995824990384,,True
baseline,48.0,3,62.40000000000053,21,0.6,0.599999999999902,12,0.51039393242421,1.0,0.1510570094902096,3.021140189804192,,True,0.3768345834957195,0.75,0.11192120465790031,2.2384240931580064,,True
baseline,48.0,3,63.00000000000043,9,1.200000000000081,1.200000000000081,24,0.9775588088269592,1.0,0.30384992285379486,6.076998457075897,,True,0.6775588088269762,1.0,0.2103501414969611,4.207002829939222,,True
baseline,48.0,3,64.20000000000051,22,0.6,0.10000000000007958,12,0.7288676490193666,1.0,0.26068600376762224,5.213720075352445,,True,0.5788676490193752,1.0,0.20896779137396965,4.179355827479393,,True
baseline,48.0,3,64.20000000000054,16,0.6,0.10000000000005116,12,0.7288676490193666,1.0,0.26068600376762224,5.213720075352445,,True,0.5788676490193752,1.0,0.20896779137396965,4.179355827479393,,True
baseline,48.0,3,64.3000000000006,20,1.5,3.0999999999998664,30,2.180464393500529,1.0,0.8002535783646981,16.005071567293964,,True,1.8054643935005494,1.0,0.6639895636759133,13.279791273518267,,True
baseline,48.0,3,68.50000000000038,24,0.6,0.19999999999998863,12,0.29924895622956554,1.0,0.11163364856934409,2.2326729713868816,,True,0.15602630401075795,0.5833333333333334,0.05897660123658145,1.179532024731629,,True
baseline,48.0,3,68.70000000000037,8,0.6,0.5999999999999659,12,0.37749832993156723,1.0,0.14431188189660987,2.8862376379321972,,True,0.22896125503317935,0.9166666666666666,0.08761808952682776,1.7523617905365552,,True
baseline,48.0,3,69.30000000000034,3,1.0000000000000995,1.0000000000000995,20,0.44507399898147143,1.0,0.18261870290895088,3.6523740581790176,,True,0.19507399898148556,1.0,0.07953519396304158,1.5907038792608317,,True
baseline,48.0,3,70.50000000000043,6,0.6,0.5,12,0.22704281384838484,1.0,0.0864789431537286,1.729578863074572,,True,0.07704281384839334,1.0,0.029017827522815648,0.580356550456313,,True
baseline,48.0,3,71.20000000000012,14,0.6,0.20000000000013074,12,0.3725412190243042,1.0,0.15059138884870832,3.011827776974166,,True,0.22254121902431265,1.0,0.09182127627879964,1.836425525575993,,True
baseline,48.0,3,71.40000000000025,5,0.8000000000002672,0.8000000000002672,16,0.7568758054108042,1.0,0.3145261127500826,6.290522255001651,,True,0.5568758054108156,1.0,0.23234805491813362,4.646961098362673,,True
baseline,48.0,3,73.2,2,1.5,3.300000000000381,30,2.0133637469419092,1.0,0.7396919619864263,14.793839239728525,,True,1.63836374694193,1.0,0.6021189503586459,12.042379007172919,,True
baseline,48.0,3,76.5999999999997,15,0.6,0.10000000000067644,12,0.387601583636114,1.0,0.133902247285038,2.67804494570076,,True,0.23760158363612258,1.0,0.08200166689678856,1.6400333379357712,,True
baseline,48.0,3,77.99999999999962,7,0.6,0.19999999999998863,12,0.5016709779150754,1.0,0.17567421771675082,3.5134843543350165,,True,0.3516709779150839,1.0,0.12394925095292805,2.478985019058561,,True
baseline,48.0,3,78.1999999999996,13,0.6,0.3000000000004661,12,0.6619352989537668,1.0,0.23551504499578396,4.710300899915679,,True,0.5119352989537753,1.0,0.18235815175586687,3.6471630351173374,,True
baseline,48.0,3,78.50000000000007,21,0.7000000000000455,0.7000000000000455,14,0.7937859982677713,1.0,0.28932932503421827,5.786586500684365,,True,0.6187859982677812,1.0,0.2254194744832531,4.5083894896650625,,True
baseline,48.0,3,83.99999999999952,23,0.6000000000001791,0.6000000000001791,12,0.2454905581132435,1.0,0.08100454584691955,1.6200909169383908,,True,0.13474347193987707,0.6666666666666666,0.04455885279636846,0.8911770559273692,,True
baseline,48.0,3,85.59999999999987,3,0.6,0.3999999999997499,12,0.25065979328909715,1.0,0.08055725496115826,1.6111450992231653,,True,0.10065979328910564,1.0,0.032399946521264836,0.6479989304252967,,True
baseline,48.0,3,87.49999999999919,10,1.5,3.4999999999996163,30,1.1520757946085503,1.0,0.34374221723606124,6.874844344721225,,True,0.7770757946085718,1.0,0.2322224780177286,4.644449560354572,,True
baseline,48.0,3,90.9999999999988,4,0.6,0.40000000000061675,12,0.2576192759212594,0.5833333333333334,0.08093348246573506,1.6186696493147013,,True,0.17011927592126438,0.5833333333333334,0.05344454674682593,1.0688909349365185,,True
baseline,48.0,3,91.39999999999942,14,0.6,0.3999999999998636,12,0.3736276909247945,1.0,0.12114743914178923,2.4229487828357845,,True,0.22362769092480303,1.0,0.07237007952026624,1.4474015904053248,,True
baseline,48.0,3,91.79999999999929,7,0.6,0.19999999999998863,12,0.3537619498963652,1.0,0.11859391044756591,2.371878208951318,,True,0.20376194989637372,1.0,0.06830087015983748,1.3660174031967496,,True
baseline,48.0,3,91.99999999999928,15,1.5,1.6000000000006054,30,0.8687683279515499,1.0,0.30036743488833784,6.007348697766757,,True,0.4937683279515713,1.0,0.17061598391771435,3.412319678354287,,True
baseline,48.0,3,93.79999999999916,13,1.5,1.7000000000000455,30,1.666321257149656,1.0,0.5793829454780608,11.587658909561217,,True,1.291321257149677,1.0,0.4496314945074369,8.992629890148738,,True
baseline,48.0,3,96.29999999999848,25,0.6,0.4000000000011994,12,0.2592649642331245,1.0,0.08798782308176142,1.7597564616352286,,True,0.10926496423313306,1.0,0.0367761884508781,0.735523769017562,,True
baseline,48.0,3,96.69999999999968,3,0.6,0.3999999999989683,12,0.2845414961926705,1.0,0.10382744262370487,2.0765488524740974,,True,0.13454149619267908,1.0,0.049414236532120084,0.9882847306424016,,True
baseline,48.0,3,97.09999999999864,12,0.7000000000005002,0.7000000000005002,14,0.6212546667623802,1.0,0.2407654170300157,4.815308340600314,,True,0.4462546667623901,1.0,0.17348682435663515,3.469736487132703,,True
baseline,48.0,3,97.79999999999914,20,0.6,0.20000000000001705,12,0.4542840000854267,1.0,0.18763447226771457,3.7526894453542914,,True,0.3042840000854352,1.0,0.12498961875863593,2.4997923751727185,,True
baseline,48.0,3,97.99999999999916,24,0.9999999999996447,0.9999999999996447,20,0.4913459380038398,1.0,0.21506268617834048,4.30125372356681,,True,0.24134593800385393,1.0,0.10473294417727659,2.0946588835455318,,True
baseline,48.0,3,100.09999999999906,23,0.6000000000002075,0.6000000000002075,12,0.557268108066154,1.0,0.20495071241688675,4.099014248337735,,True,0.4085112341196703,0.8333333333333334,0.15097143917832265,3.019428783566453,,True
baseline,48.0,3,100.69999999999926,21,0.6,0.0999999999999801,12,0.9869014689877755,1.0,0.3938116033867199,7.8762320677343975,,True,0.8369014689877838,1.0,0.3344254922572839,6.688509845145678,,True
baseline,48.0,3,100.79999999999924,15,0.9999999999991616,0.9999999999991616,20,1.6895812000651804,1.0,0.693986084364561,13.87972168729122,,True,1.4395812000651949,1.0,0.5914800740682087,11.829601481364174,,True
baseline,48.0,3,101.7999999999984,19,1.5,2.400000000000091,30,1.8086793292537797,1.0,0.7490441307223731,14.980882614447461,,True,1.4336793292538008,1.0,0.593273494981888,11.865469899637759,,True
baseline,48.0,3,104.1999999999985,4,0.6,0.0999999999999801,12,0.45126684388658656,1.0,0.18570564503658044,3.7141129007316085,,True,0.3012668438865951,1.0,0.12385553966903486,2.4771107933806973,,True
baseline,48.0,3,108.59999999999856,8,0.6,0.10000000000070486,12,0.4096784729119015,1.0,0.12727249190236137,2.5454498380472272,,True,0.2624217195504174,0.75,0.08171904836903143,1.6343809673806287,,True
baseline,48.0,3,108.79999999999843,10,0.6,0.10000000000052012,12,0.581774783351077,1.0,0.18525757131827367,3.7051514263654735,,True,0.43177478335108554,1.0,0.1378285769647387,2.7565715392947743,,True
baseline,48.0,3,108.89999999999895,20,0.8999999999994515,0.8999999999994515,18,0.9382710831362941,1.0,0.3051446657473553,6.1028933149471065,,True,0.713271083136307,1.0,0.2321262575487923,4.642525150975846,,True
baseline,48.0,3,110.99999999999864,13,1.1999999999998607,1.1999999999998607,24,0.39334022799939805,1.0,0.12853493673107425,2.5706987346214847,,True,0.09787367478391591,0.8333333333333334,0.031859349792043884,0.6371869958408777,1.0499999999971408,False
baseline,48.0,3,112.2999999999979,11,0.9000000000002899,0.9000000000002899,18,0.6863535859673707,1.0,0.22613938234214565,4.522787646842913,,True,0.47343806707018,0.7222222222222222,0.15656311088815048,3.1312622177630094,,True
baseline,48.0,3,113.19999999999818,2,1.5,2.199999999999875,30,0.8445178546928815,1.0,0.2915727495688667,5.831454991377334,,True,0.46951785469290297,1.0,0.16159165001245449,3.2318330002490896,,True
baseline,48.0,3,115.39999999999806,12,1.2000000000005002,1.2000000000005002,24,1.2140767247683377,1.0,0.44788798236060184,8.957759647212036,,True,0.9359731002467728,0.7916666666666666,0.34593484890505005,6.918696978101001,,True
baseline,48.0,3,117.2999999999984,14,1.5,1.7000000000002302,30,1.2755417521051484,1.0,0.41932580748498577,8.386516149699716,,True,0.9005417521051697,1.0,0.2963489897951293,5.926979795902586,,True
baseline,48.0,3,120.09999999999718,18,0.6,0.20000000000071338,12,0.37668449903374746,1.0,0.11833892548855722,2.3667785097711445,,True,0.2316007234100945,0.75,0.07275951312312345,1.455190262462469,,True
baseline,48.0,3,123.5999999999984,13,0.6,0.39999999999932356,12,0.5983511302946961,1.0,0.1864154636841967,3.728309273683934,,True,0.44835113029470464,1.0,0.14071957054107503,2.814391410821501,,True
baseline,48.0,3,123.5999999999984,15,0.6,0.39999999999932356,12,0.5983511302946961,1.0,0.1864154636841967,3.728309273683934,,True,0.44835113029470464,1.0,0.14071957054107503,2.814391410821501,,True
baseline,48.0,3,123.99999999999773,5,1.3000000000006793,1.3000000000006793,26,1.4661990982973017,1.0,0.47929356541768897,9.585871308353779,,True,1.1411990982973201,1.0,0.37285144590461994,7.457028918092399,,True
baseline,48.0,3,127.09999999999742,19,0.9999999999997584,0.9999999999997584,20,0.740099112643709,1.0,0.2447006567527732,4.894013135055464,,True,0.537338117783617,0.8,0.17769447192871346,3.553889438574269,,True
baseline,48.0,3,129.5999999999971,9,0.7000000000002444,0.7000000000002444,14,0.3514794410012466,0.9285714285714286,0.11619677494816802,2.3239354989633605,,True,0.22434124062455338,0.7142857142857143,0.07418829404666494,1.4837658809332988,,True
baseline,48.0,3,130.29999999999734,11,0.6,0.19999999999933493,12,0.719706162523336,1.0,0.25440079720739645,5.088015944147929,,True,0.5697061625233445,1.0,0.2019328497248455,4.038656994496909,,True
baseline,48.0,3,130.49999999999667,17,1.1000000000016712,1.1000000000016712,22,1.4361473035654622,1.0,0.5243780925927836,10.487561851855672,,True,1.1611473035654778,1.0,0.4237649945366455,8.47529989073291,,True
baseline,48.0,3,132.5999999999971,22,0.6,0.49999999999980105,12,0.4111351097216985,1.0,0.13324331090747343,2.6648662181494687,,True,0.261135109721707,1.0,0.08446595128595044,1.689319025719009,,True
baseline,48.0,3,133.0999999999969,18,1.1000000000011312,1.1000000000011312,22,0.9168640011127305,1.0,0.31783817088118366,6.356763417623673,,True,0.6418640011127459,1.0,0.22276365636465592,4.455273127293118,,True
baseline,48.0,3,134.19999999999803,3,0.8999999999993804,0.8999999999993804,18,0.4856400057203854,1.0,0.17652025048284803,3.5304050096569606,,True,0.26064000572039814,1.0,0.09438710921253134,1.8877421842506268,,True
baseline,48.0,3,135.4999999999972,6,1.5,1.5000000000001137,30,1.066331692925249,1.0,0.39328557101149314,7.865711420229863,,True,0.7009240782693018,0.8666666666666667,0.25906093353118065,5.181218670623613,,True
baseline,48.0,3,136.9999999999973,2,0.6,0.5999999999997954,12,0.2671782313361602,1.0,0.10250763579079002,2.0501527158158,,True,0.1171782313361687,1.0,0.04475777083509861,0.8951554167019722,,True
baseline,48.0,3,139.59999999999792,13,0.9999999999991758,0.9999999999991758,19,0.23182480016076323,1.0,0.08007038658719128,1.6014077317438256,,True,0.013840583728859459,0.3684210526315789,0.004831275129331034,0.09662550258662068,0.5999999999996959,False
baseline,48.0,3,141.69999999999715,5,0.6,0.5000000000008811,12,0.3423291985508876,1.0,0.11117456480332076,2.223491296066415,,True,0.19232919855089614,1.0,0.0628105726362175,1.25621145272435,,True
baseline,48.0,3,142.299999999997,22,0.6,0.20000000000010232,12,0.38940978552353056,1.0,0.12747743836499845,2.549548767299969,,True,0.23940978552353911,1.0,0.07801113298610936,1.560222659722187,,True
baseline,48.0,3,142.4999999999971,11,0.9000000000006025,0.9000000000006025,18,0.41571071617636185,1.0,0.14219015708797694,2.8438031417595386,,True,0.1907107161763746,1.0,0.0647985836771802,1.2959716735436038,,True
baseline,48.0,3,143.3999999999977,15,0.6,0.09999999999948272,12,0.24088047950421762,1.0,0.08349638656702113,1.6699277313404226,,True,0.09088047950422617,1.0,0.03159580617877167,0.6319161235754334,,True
baseline,48.0,3,143.99999999999673,9,1.0000000000005684,1.0000000000005684,20,0.8645779416603468,1.0,0.3169380112575375,6.33876022515075,,True,0.6145779416603611,1.0,0.22582155766077988,4.516431153215597,,True
baseline,48.0,3,145.8999999999969,23,1.5,1.7000000000010118,30,0.4522313416199186,1.0,0.16446746328704548,3.28934926574091,,True,0.08673465427549817,0.43333333333333335,0.030663533869672206,0.6132706773934441,0.6500000000021515,False
baseline,48.0,3,148.9999999999962,16,0.700000000000955,0.700000000000955,14,0.21952913963632414,1.0,0.08035297135367546,1.6070594270735092,,True,0.0688078365985248,0.6428571428571429,0.025431316937333234,0.5086263387466647,,True
baseline,48.0,3,151.0999999999965,10,0.6,0.3000000000012051,12,0.35208980109653887,1.0,0.11311119792593977,2.2622239585187955,,True,0.20602262334347096,0.6666666666666666,0.06680947321555683,1.3361894643111367,,True
baseline,48.0,4,22.700000000000053,9,1.5,2.1999999999999176,30,0.17866698396357716,1.0,0.05321754275033887,1.0643508550067773,,True,0.0,0.0,0.0,0.0,0.0,False
baseline,48.0,4,25.59999999999998,24,0.6,0.3000000000001144,12,0.056427791054794556,0.16666666666666666,0.01772731338360424,0.3545462676720848,,True,0.03142779105479598,0.16666666666666666,0.009873331749630204,0.19746663499260408,,True
baseline,48.0,4,25.900000000000095,2,1.5,1.8999999999999453,30,0.5260238924914045,0.8666666666666667,0.16525527962637027,3.305105592527405,,True,0.2029652748996476,0.8,0.06376342165585658,1.2752684331171316,1.4000000000001513,False
baseline,48.0,4,29.400000000000176,19,0.6,0.5999999999999837,12,0.1856639975202947,1.0,0.05827538642201153,1.1655077284402307,,True,0.09464268964856348,0.5833333333333334,0.029732877851590574,0.5946575570318114,,True
baseline,48.0,4,30.00000000000016,15,0.6999999999998927,0.6999999999998927,14,0.26430677960298504,1.0,0.08578060349210959,1.7156120698421917,,True,0.08930677960299493,1.0,0.028735894782192937,0.5747178956438588,,True
baseline,48.0,4,32.9000000000002,22,0.6,0.4000000000000057,12,0.316464399770411,0.5833333333333334,0.1046528666780449,2.093057333560898,,True,0.22896439977041605,0.5833333333333334,0.07571714486866687,1.5143428973733375,,True
baseline,48.0,4,33.3000000000002,6,0.6,0.2999999999997769,12,0.5052000193594661,1.0,0.16845223734455203,3.3690447468910407,,True,0.35520001935947465,1.0,0.11838884564261222,2.3677769128522446,,True
baseline,48.0,4,33.80000000000023,21,0.6,0.09999999999986642,12,0.5007993392604463,1.0,0.1655376840258093,3.3107536805161857,,True,0.3507993392604548,1.0,0.11586469491971035,2.3172938983942073,,True
baseline,48.0,4,34.00000000000021,16,1.5,1.5000000000000213,30,1.040127510233158,1.0,0.3583022163568132,7.166044327136264,,True,0.6651275102331793,1.0,0.22875744911339946,4.575148982267989,,True
baseline,48.0,4,35.500000000000234,10,1.3000000000000256,1.3000000000000256,26,0.38963229045269104,1.0,0.14157476130710386,2.8314952261420774,,True,0.07334110367855516,0.6153846153846154,0.025957142373002902,0.519142847460058,,True
baseline,48.0,4,36.80000000000026,8,0.6,0.5999999999999162,12,0.2761561885152986,1.0,0.10722253445591587,2.1444506891183175,,True,0.12615618851530713,1.0,0.04947266950022445,0.989453390004489,,True
baseline,48.0,4,37.700000000000266,4,0.6,0.2999999999998977,12,0.3537045151431732,1.0,0.1318883236865451,2.637766473730902,,True,0.20370451514318175,1.0,0.07587095467952443,1.5174190935904885,,True
baseline,48.0,4,40.60000000000032,12,0.6,0.29999999999987637,12,0.18216498600277006,1.0,0.06833007375037137,1.3666014750074273,,True,0.04293276056063613,0.6666666666666666,0.016003715588745915,0.3200743117749183,,True
baseline,48.0,4,42.90000000000034,23,0.6,0.599999999999902,12,0.16053900217750255,1.0,0.05167188940345434,1.0334377880690868,,True,0.023222128916208652,0.4166666666666667,0.007295446960387623,0.14590893920775247,0.29999999999934346,False
baseline,48.0,4,43.80000000000024,10,1.0000000000000142,1.0000000000000142,20,0.20644292027517963,1.0,0.06710658208115014,1.342131641623003,,True,0.007827589661112832,0.25,0.002459109817466747,0.04918219634933495,0.2999999999994003,False
baseline,48.0,4,44.80000000000025,22,0.9000000000000128,0.9000000000000128,18,0.4384414968534879,1.0,0.14402825250018758,2.8805650500037516,,True,0.21550620708378943,0.9444444444444444,0.07113163282309047,1.4226326564618095,,True
baseline,48.0,4,46.40000000000039,5,1.5,1.8999999999999275,30,0.3235248101178485,0.9333333333333333,0.10555266670055094,2.111053334011019,1.4499999999990294,False,0.05108352979118092,0.5,0.016491398514615296,0.3298279702923059,0.7999999999990663,False
baseline,48.0,4,48.30000000000032,21,0.6,0.30000000000000426,12,0.3248996138819417,0.5833333333333334,0.10900564755067714,2.180112951013543,,True,0.23739961388194666,0.5833333333333334,0.07961062856972168,1.5922125713944335,,True
baseline,48.0,4,49.10000000000038,17,1.5,1.700000000000074,30,0.9065491309509192,1.0,0.31320895162254214,6.264179032450842,,True,0.5315491309509406,1.0,0.18322785206612993,3.6645570413225985,,True
baseline,48.0,4,50.80000000000045,14,0.6,0.09999999999988773,12,0.24782058709053287,1.0,0.08587172328230584,1.717434465646117,,True,0.09782058709054138,1.0,0.03397114289405639,0.6794228578811278,,True
baseline,48.0,4,53.10000000000037,6,1.3000000000000185,1.3000000000000185,26,0.724023292253039,1.0,0.23875978777638376,4.775195755527675,,True,0.4209816129419587,0.8076923076923077,0.13921607815945677,2.7843215631891356,,True
baseline,48.0,4,57.10000000000057,3,1.5,1.699999999999882,30,0.9245665401304237,0.9666666666666667,0.27653206581945844,5.530641316389168,,True,0.5923903390051488,0.8666666666666667,0.17724277495963267,3.5448554991926535,,True
baseline,48.0,4,59.900000000000354,24,1.000000000000128,1.000000000000128,20,0.503685623841018,1.0,0.1501500068539513,3.003000137079026,,True,0.26306939713143473,0.8,0.07871017956308682,1.5742035912617363,,True
baseline,48.0,4,60.90000000000048,15,0.6,0.19999999999988916,12,0.36370653302430206,1.0,0.10882074021064386,2.176414804212877,,True,0.21370653302431059,1.0,0.0639408451593637,1.278816903187274,,True
baseline,48.0,4,62.0000000000005,5,0.6,0.40000000000010516,12,0.2671096082379785,1.0,0.08238104756714885,1.6476209513429771,,True,0.117109608237987,1.0,0.03619215557687299,0.7238431115374598,,True
baseline,48.0,4,62.4000000000006,11,0.6,0.49999999999993605,12,0.30435768134359,1.0,0.09907236274115624,1.981447254823125,,True,0.15435768134359842,1.0,0.050295003119633315,1.0059000623926664,,True
baseline,48.0,4,62.90000000000054,19,0.6,0.5999999999998664,12,0.29070791945178065,1.0,0.09896523560785107,1.9793047121570215,,True,0.14070791945178915,1.0,0.04775360097696775,0.9550720195393549,,True
baseline,48.0,4,63.500000000000405,22,1.5,1.6000000000001577,30,0.8965646948704729,1.0,0.32934702060255,6.586940412051,,True,0.5215646948704943,1.0,0.1920306750412392,3.8406135008247837,,True
baseline,48.0,4,66.30000000000051,25,0.6,0.3999999999998636,12,0.2510942973026927,1.0,0.09265391417075648,1.8530782834151296,,True,0.14377344760318897,0.6666666666666666,0.05313854197311243,1.0627708394622486,,True
baseline,48.0,4,66.70000000000037,14,1.1999999999999744,1.1999999999999744,24,0.642666656474943,1.0,0.24899926946356477,4.979985389271295,,True,0.3426666564749601,1.0,0.13263329157784653,2.6526658315569307,,True
baseline,48.0,4,69.10000000000032,7,0.6,0.4999999999997726,12,0.2006686725983746,1.0,0.07341437784595474,1.4682875569190947,,True,0.06401647105678528,0.6666666666666666,0.023660432374204753,0.4732086474840951,,True
baseline,48.0,4,69.6000000000001,10,0.6,0.4000000000004036,12,0.4461591179926877,1.0,0.16930741533671603,3.3861483067343205,,True,0.29615911799269623,1.0,0.11271254768013844,2.254250953602769,,True
baseline,48.0,4,70.70000000000014,9,0.6,0.20000000000040075,12,0.9374268891052646,1.0,0.3291069494121537,6.582138988243074,,True,0.7874268891052729,1.0,0.276490405785857,5.52980811571714,,True
baseline,48.0,4,73.70000000000041,11,0.6000000000000938,0.6000000000000938,12,0.8267612062110358,1.0,0.28645802772295725,5.7291605544591455,,True,0.6767612062110444,1.0,0.23501674450628515,4.700334890125703,,True
baseline,48.0,4,74.39999999999998,24,0.6,0.30000000000039506,12,0.8846337660912551,1.0,0.295311230335318,5.90622460670636,,True,0.7346337660912635,1.0,0.24524783863337835,4.904956772667567,,True
baseline,48.0,4,75.40000000000012,15,0.6,0.29999999999974136,12,0.5706140634974411,1.0,0.19699245471733928,3.9398490943467857,,True,0.4206140634974496,1.0,0.1455241540199862,2.910483080399724,,True
baseline,48.0,4,75.69999999999986,8,1.4000000000004604,1.4000000000004604,28,2.0552396432735875,1.0,0.7553688072171427,15.107376144342854,,True,1.7052396432736072,1.0,0.6272924400487427,12.545848800974856,,True
baseline,48.0,4,77.40000000000022,14,0.6,0.19999999999987494,12,0.7772561906792679,1.0,0.2713135931772417,5.426271863544834,,True,0.6272561906792764,1.0,0.21895371561741478,4.379074312348296,,True
baseline,48.0,4,78.10000000000029,25,0.6,0.5999999999998522,12,0.6231273139892294,1.0,0.22412445179190832,4.482489035838166,,True,0.47312731398923785,1.0,0.16996791176679318,3.3993582353358636,,True
baseline,48.0,4,79.1999999999996,17,0.6,0.3000000000000398,12,0.21992676612345602,1.0,0.08005342093958766,1.6010684187917532,,True,0.06992676612346449,1.0,0.02560813158969412,0.5121626317938823,,True
baseline,48.0,4,79.49999999999964,4,1.5,1.5000000000002558,30,0.4503749445729703,1.0,0.1744931148412791,3.4898622968255824,,True,0.09377504991807457,0.7333333333333333,0.035900410300332114,0.7180082060066423,1.1499999999979167,False
baseline,48.0,4,80.9999999999999,10,0.7000000000005144,0.7000000000005144,14,0.31524562647481824,1.0,0.13118045214172433,2.6236090428344867,,True,0.16953977777018997,0.6428571428571429,0.07101665604454328,1.4203331208908656,,True
baseline,48.0,4,82.59999999999978,5,0.8000000000003382,0.8000000000003382,16,0.6245652374123144,1.0,0.2444743792765509,4.889487585531018,,True,0.45278741196554295,0.6875,0.17780920088361057,3.5561840176722113,,True
baseline,48.0,4,84.69999999999935,12,0.7000000000008697,0.7000000000008697,14,0.4154551809112526,1.0,0.14969465955804456,2.9938931911608915,,True,0.2404551809112626,1.0,0.08629814114001888,1.7259628228003776,,True
baseline,48.0,4,86.99999999999925,13,0.6,0.2000000000003581,12,0.2754252203864537,1.0,0.0912097459488953,1.824194918977906,,True,0.14708771381242516,0.6666666666666666,0.04874634237105334,0.9749268474210668,,True
baseline,48.0,4,88.09999999999916,23,0.9000000000007446,0.9000000000007446,18,0.40696416836614085,1.0,0.13258029452893283,2.6516058905786566,,True,0.18196416836615362,1.0,0.059207571369438536,1.1841514273887708,,True
baseline,48.0,4,91.29999999999907,18,1.40000000000029,1.40000000000029,28,1.1444533394741672,1.0,0.3592858462870472,7.185716925740944,,True,0.839922946722823,0.8214285714285714,0.2638695759005913,5.277391518011826,,True
baseline,48.0,4,92.7999999999992,22,0.700000000000415,0.700000000000415,14,0.7539252042720953,1.0,0.2343814037489375,4.6876280749787504,,True,0.5789252042721053,1.0,0.18015153056197397,3.6030306112394794,,True
baseline,48.0,4,93.49999999999962,5,0.6,0.2999999999996703,12,0.6348419568518276,1.0,0.20763854361853284,4.152770872370657,,True,0.48484195685183606,1.0,0.15840188682543246,3.168037736508649,,True
baseline,48.0,4,93.79999999999929,12,0.6,0.19999999999998863,12,0.5094263423476789,1.0,0.178077187757885,3.5615437551577003,,True,0.3594263423476874,1.0,0.12503174162577713,2.5006348325155425,,True
baseline,48.0,4,93.99999999999928,8,0.6,0.09999999999952536,12,0.41396527632339997,1.0,0.15331316037288104,3.0662632074576206,,True,0.26396527632340844,1.0,0.09716745833262551,1.9433491666525102,,True
baseline,48.0,4,94.0999999999988,2,0.9000000000004462,0.9000000000004462,18,0.516006413290054,1.0,0.19722290905097276,3.944458181019455,,True,0.2910064132900669,1.0,0.1105339451008182,2.210678902016364,,True
baseline,48.0,4,95.49999999999928,7,0.6,0.3999999999999204,12,0.29577033985890444,1.0,0.11403071140522991,2.2806142281045982,,True,0.14577033985891294,1.0,0.05656959577431695,1.131391915486339,,True
baseline,48.0,4,95.8999999999992,13,0.6,0.1999999999999602,12,0.29258621335129437,1.0,0.12002443518186001,2.4004887036372002,,True,0.14258621335130287,1.0,0.05812757992363602,1.1625515984727204,,True
baseline,48.0,4,95.89999999999962,14,0.6,0.19999999999953388,12,0.29258621335129437,1.0,0.12002443518186001,2.4004887036372002,,True,0.14258621335130287,1.0,0.05812757992363602,1.1625515984727204,,True
baseline,48.0,4,96.2999999999992,24,1.5,2.3999999999992383,30,0.6505439767997145,1.0,0.2886716634418353,5.7734332688367065,,True,0.27554397679973586,1.0,0.12224205262667118,2.4448410525334237,,True
baseline,48.0,4,98.69999999999844,21,0.6,0.40000000000050306,12,0.16285332119393364,1.0,0.07774779078553566,1.5549558157107133,,True,0.04746485415350454,0.5833333333333334,0.022940805709593993,0.45881611419187984,,True
baseline,48.0,4,99.09999999999894,19,0.6,0.20000000000013074,12,0.24060038194387595,1.0,0.11702773098897304,2.3405546197794607,,True,0.09060038194388448,1.0,0.04402597862190668,0.8805195724381336,,True
baseline,48.0,4,102.39999999999893,18,1.1000000000003496,1.1000000000003496,22,0.5693014899137714,1.0,0.20841630266160946,4.168326053232189,,True,0.294301489913787,1.0,0.10805987067194124,2.161197413438825,,True
baseline,48.0,4,106.19999999999852,17,0.6,0.49999999999991473,12,0.483546540803061,1.0,0.14941936604806208,2.9883873209612415,,True,0.3335465408030695,1.0,0.1034174736204999,2.068349472409998,,True
baseline,48.0,4,107.09999999999884,22,0.8000000000000824,0.8000000000000824,16,1.148399192911687,1.0,0.35400109774249366,7.080021954849873,,True,0.9483991929116985,1.0,0.2927842408941376,5.855684817882753,,True
baseline,48.0,4,107.0999999999993,5,0.7999999999996277,0.7999999999996277,16,1.148399192911687,1.0,0.35400109774249366,7.080021954849873,,True,0.9483991929116985,1.0,0.2927842408941376,5.855684817882753,,True
baseline,48.0,4,107.89999999999893,11,0.6,0.5999999999995111,12,0.6892463577106657,1.0,0.22231251975609737,4.446250395121948,,True,0.5392463577106742,1.0,0.17374184386178423,3.474836877235685,,True
baseline,48.0,4,108.49999999999844,2,1.3999999999998494,1.3999999999998494,28,0.5615980934462452,1.0,0.19317153594131828,3.8634307188263657,,True,0.21983607046253814,0.75,0.07479267909762874,1.495853581952575,1.099999999997479,False
baseline,48.0,4,109.89999999999829,21,0.6,0.5000000000006395,12,0.3281519513931164,1.0,0.11941623052177647,2.3883246104355296,,True,0.17841489318155543,0.9166666666666666,0.06535147449564528,1.3070294899129056,,True
baseline,48.0,4,112.7999999999982,4,0.7999999999999545,0.7999999999999545,16,0.38460369893270735,1.0,0.14120557621234553,2.8241115242469106,,True,0.2011481447222319,0.6875,0.07434418044030358,1.4868836088060715,,True
baseline,48.0,4,113.59999999999816,9,0.6000000000003638,0.6000000000003638,12,0.25421102063592066,1.0,0.09730229550269395,1.9460459100538792,,True,0.10421102063592913,1.0,0.03955243054700254,0.7910486109400507,,True
baseline,48.0,4,114.49999999999774,20,0.6,0.10000000000077591,12,0.3156419173789825,1.0,0.12665106540876414,2.533021308175283,,True,0.16564191737899106,1.0,0.06726495427932809,1.3452990855865619,,True
baseline,48.0,4,114.59999999999852,19,0.6,0.5000000000003268,12,0.32200994734889826,1.0,0.1304775762802316,2.609551525604632,,True,0.1790745349716486,0.9166666666666666,0.07308653207082663,1.4617306414165325,0.5999999999970811,False
baseline,48.0,4,115.4999999999986,7,0.6,0.30000000000001137,12,0.13170656406612158,1.0,0.05056403231474658,1.0112806462949315,,True,0.03878749480465144,0.08333333333333333,0.015231813591180653,0.3046362718236131,,True
baseline,48.0,4,115.7999999999986,25,0.6,0.10000000000032117,12,0.399606553867715,1.0,0.15637473850246186,3.1274947700492373,,True,0.2686827524832112,0.5833333333333334,0.10551147016844262,2.1102294033688525,,True
baseline,48.0,4,117.3999999999984,8,0.6,0.4999999999998863,12,0.42679749378436577,1.0,0.16245607591404582,3.2491215182809166,,True,0.2767974937843743,1.0,0.10528370960791131,2.1056741921582263,,True
baseline,48.0,4,122.59999999999822,18,0.9000000000003752,0.9000000000003752,18,0.5756975528340681,1.0,0.17998895961922917,3.5997791923845837,,True,0.3506975528340808,1.0,0.10986412360160386,2.197282472032077,,True
baseline,48.0,4,124.59999999999708,16,0.6,0.30000000000077875,12,1.1041415550056897,1.0,0.32898450143314695,6.579690028662939,,True,0.9541415550056981,1.0,0.2845806052687742,5.6916121053754845,,True
baseline,48.0,4,124.89999999999786,10,0.6,0.30000000000066507,12,1.3923074406393656,1.0,0.43478281337407976,8.695656267481596,,True,1.2423074406393741,1.0,0.3882002380938803,7.764004761877606,,True
baseline,48.0,4,125.19999999999852,25,0.6,0.19999999999987494,12,1.214839972388678,1.0,0.3838569880528783,7.677139761057567,,True,1.0648399723886866,1.0,0.33652641452182425,6.730528290436485,,True
baseline,48.0,4,128.89999999999816,19,1.5,1.599999999999028,30,0.9497806319624411,1.0,0.31267457549005995,6.253491509801199,,True,0.5747806319624624,1.0,0.1894910740729936,3.789821481459872,,True
baseline,48.0,4,130.4999999999972,23,0.6,0.1000000000010175,12,0.35050291420902585,1.0,0.11566523667826324,2.313304733565265,,True,0.2005029142090344,1.0,0.06626782587511076,1.3253565175022153,,True
baseline,48.0,4,132.9999999999978,22,0.6,0.20000000000069917,12,0.5583788446994474,1.0,0.16797484159735512,3.3594968319471024,,True,0.41008532544681586,0.75,0.12341852482901827,2.4683704965803654,,True
baseline,48.0,4,133.4999999999975,2,0.6,0.5999999999997385,12,0.6486122920957613,1.0,0.2000863664336424,4.001727328672848,,True,0.49861229209576985,1.0,0.15371047488065281,3.0742094976130563,,True
baseline,48.0,4,134.09999999999724,15,1.5,2.800000000000921,30,1.0562641494746698,1.0,0.34637355915382473,6.927471183076495,,True,0.6812641494746912,1.0,0.2231900577367584,4.463801154735168,,True
baseline,48.0,4,140.79999999999671,20,0.6,0.2000000000003581,12,0.16213087348144567,0.6666666666666666,0.04997813312322905,0.999562662464581,,True,0.07461478161985594,0.5833333333333334,0.023045381418730602,0.4609076283746121,,True
baseline,48.0,4,140.99999999999707,23,0.6,0.5000000000004263,12,0.26054276274315025,0.9166666666666666,0.08049109860554182,1.6098219721108364,,True,0.12304276274315806,0.9166666666666666,0.0380421978695393,0.760843957390786,,True
baseline,48.0,4,141.79999999999703,4,0.6,0.3000000000002103,12,0.30694268205941194,1.0,0.09266576323309691,1.8533152646619384,,True,0.15694268205942047,1.0,0.0474118690563894,0.948237381127788,,True
baseline,48.0,4,142.89999999999685,21,1.1000000000000512,1.1000000000000512,22,0.8631227073677242,1.0,0.2700468226835082,5.400936453670164,,True,0.5883554305684078,0.9545454545454546,0.18465765314217533,3.6931530628435065,,True
baseline,48.0,4,143.9999999999969,12,1.5,2.2999999999998977,30,0.7411217513747751,1.0,0.24193430448396322,4.838686089679264,,True,0.366933501601762,0.9666666666666667,0.11922592769406304,2.3845185538812608,1.450000000001907,False
baseline,48.0,4,146.2999999999968,24,1.4000000000003183,1.4000000000003183,28,0.9245792692520726,1.0,0.32269310419876873,6.453862083975375,,True,0.6345784545992295,0.8214285714285714,0.22150966789947815,4.430193357989563,,True
baseline,48.0,4,147.69999999999712,11,1.0999999999995964,1.0999999999995964,22,0.6485777077062033,1.0,0.23663533714408644,4.732706742881729,,True,0.37357770770621884,1.0,0.13627890515441815,2.7255781030883632,,True
baseline,48.0,4,149.19999999999578,3,0.6000000000012449,0.6000000000012449,12,0.457838213425019,1.0,0.15745339228225927,3.1490678456451855,,True,0.30783821342502754,1.0,0.10624175765137597,2.1248351530275196,,True
baseline,48.0,5,23.200000000000088,13,1.2999999999999936,1.2999999999999936,26,0.6180077696299436,0.8461538461538461,0.19415286689308442,3.8830573378616884,,True,0.34300776962995927,0.8461538461538461,0.10775906891937002,2.1551813783874003,,True
baseline,48.0,5,24.50000000000008,10,0.999999999999897,0.999999999999897,20,0.4848208882521188,1.0,0.15906181464094782,3.1812362928189564,,True,0.23482088825213301,1.0,0.07721505866584995,1.544301173316999,,True
baseline,48.0,5,30.20000000000016,19,0.6,0.5000000000000071,12,0.23697788480838297,1.0,0.07082776853280857,1.4165553706561715,,True,0.13140075424023195,0.6666666666666666,0.03931501373307341,0.7863002746614682,,True
baseline,48.0,5,30.700000000000166,16,0.6,0.300000000000022,12,0.33811635099850157,1.0,0.10453474916439127,2.0906949832878254,,True,0.1881163509985101,1.0,0.05815885761140174,1.1631771522280347,,True
baseline,48.0,5,31.00000000000019,24,0.6,0.0999999999999801,12,0.3862596463205034,1.0,0.12493073328159035,2.498614665631807,,True,0.23625964632051194,1.0,0.07656674111448707,1.5313348222897414,,True
baseline,48.0,5,31.10000000000017,9,0.6,0.09999999999991971,12,0.44686475958468874,1.0,0.14805916238734987,2.9611832477469973,,True,0.29686475958469727,1.0,0.09882250559424947,1.9764501118849895,,True
baseline,48.0,5,31.400000000000176,15,1.099999999999902,1.099999999999902,22,1.0306007213414552,1.0,0.35711689511058003,7.142337902211601,,True,0.7556007213414708,1.0,0.2620423805940523,5.240847611881047,,True
baseline,48.0,5,33.30000000000012,13,0.6,0.40000000000009095,12,0.5441564245507512,1.0,0.18848222619595845,3.769644523919169,,True,0.3941564245507598,1.0,0.13727059156507515,2.745411831301503,,True
baseline,48.0,5,33.70000000000021,17,0.6000000000000085,0.6000000000000085,13,1.3025435093647761,1.0,0.474657396243376,9.49314792486752,,True,1.1400435093647854,1.0,0.41588086702180554,8.317617340436112,,True
baseline,48.0,5,34.30000000000022,12,1.5,2.1999999999999176,30,2.674794206997788,1.0,1.0371076777988735,20.74215355597747,,True,2.29979420699781,1.0,0.8912892687857519,17.825785375715036,,True
baseline,48.0,5,36.500000000000135,14,1.5,1.7000000000000242,30,2.8327662776490494,1.0,1.1815105527125582,23.630211054251163,,True,2.4577662776490707,1.0,1.025739916972073,20.51479833944146,,True
baseline,48.0,5,38.600000000000165,6,0.6,0.10000000000000142,12,0.7206927820299659,1.0,0.27634562165594573,5.526912433118914,,True,0.5706927820299744,1.0,0.21885242276672398,4.37704845533448,,True
baseline,48.0,5,45.90000000000038,5,0.6999999999997826,0.6999999999997826,14,0.5112533251361123,1.0,0.14582351320885956,2.916470264177191,,True,0.3834445177909804,0.6428571428571429,0.10951149819558408,2.1902299639116816,,True
baseline,48.0,5,46.70000000000029,24,1.5,3.2000000000000384,30,0.9636913984279566,1.0,0.27350498863768097,5.47009977275362,,True,0.5886913984279778,1.0,0.16718132422518675,3.343626484503735,,True
baseline,48.0,5,49.900000000000325,19,0.6,0.19999999999988916,12,0.23207032911604858,1.0,0.0701627357310474,1.4032547146209478,,True,0.11264535440404982,0.5833333333333334,0.034304046806513805,0.6860809361302761,,True
baseline,48.0,5,50.100000000000215,14,1.5,1.8000000000001393,30,0.6276927452447786,1.0,0.19517960843664936,3.9035921687329873,,True,0.2612486097927392,0.9,0.08098913634937725,1.619782726987545,1.4499999999989939,False
baseline,48.0,5,51.900000000000354,10,0.6,0.10000000000014353,12,0.14762922942342138,1.0,0.05028243005610307,1.0056486011220613,,True,0.029916181210156597,0.6666666666666666,0.010270423973846669,0.2054084794769334,,True
baseline,48.0,5,52.0000000000005,11,0.6,0.4999999999999858,12,0.17098778448547014,1.0,0.058803203795381176,1.1760640759076235,,True,0.038791372374989114,0.8333333333333334,0.013368450125251436,0.2673690025050287,,True
baseline,48.0,5,52.50000000000048,3,1.399999999999899,1.399999999999899,28,0.746605267044277,1.0,0.2741892397351258,5.483784794702516,,True,0.39660526704429694,1.0,0.1461128725667257,2.922257451334514,,True
baseline,48.0,5,55.70000000000032,13,0.6,0.3000000000002032,12,0.2590786522823078,1.0,0.09089449144386853,1.8178898288773706,,True,0.16194517807652767,0.5833333333333334,0.05690883169976913,1.1381766339953827,,True
baseline,48.0,5,56.000000000000526,25,1.5,1.8999999999997996,30,0.8207443434831861,1.0,0.2996018683040501,5.992037366081002,,True,0.44574434348320763,1.0,0.16228552274273939,3.2457104548547875,,True
baseline,48.0,5,59.40000000000036,24,0.6,0.4999999999999929,12,0.36257385739287173,0.9166666666666666,0.1254978918779973,2.509957837559946,,True,0.27243924882090287,0.5833333333333334,0.09431302940285563,1.8862605880571126,,True
baseline,48.0,5,62.40000000000062,2,1.2999999999997058,1.2999999999997058,26,1.1884156273455846,1.0,0.37210711059931567,7.442142211986313,,True,0.8634156273456032,1.0,0.27094034717122156,5.418806943424431,,True
baseline,48.0,5,64.2000000000004,19,1.300000000000182,1.300000000000182,26,0.8455716789100182,1.0,0.25200015104143064,5.040003020828613,,True,0.5205716789100368,1.0,0.1556103764426584,3.112207528853168,,True
baseline,48.0,5,65.50000000000058,18,1.2999999999998977,1.2999999999998977,26,0.9402120230832639,1.0,0.2935710792318589,5.871421584637178,,True,0.6152120230832823,1.0,0.19221731624105112,3.8443463248210223,,True
baseline,48.0,5,66.80000000000048,23,0.6,0.5999999999998806,12,0.4515539425470415,1.0,0.14664885304125885,2.932977060825177,,True,0.30155394254705004,1.0,0.09807817714694571,1.9615635429389142,,True
baseline,48.0,5,74.59999999999992,12,0.6,0.20000000000055707,12,0.20782713113008516,0.5833333333333334,0.05677462507607986,1.1354925015215973,,True,0.12032713113009016,0.5833333333333334,0.03287120271181104,0.6574240542362209,,True
baseline,48.0,5,78.30000000000017,2,1.0999999999998238,1.0999999999998238,22,0.38943549566331614,0.7727272727272727,0.1112225174748158,2.224450349496316,,True,0.17693549566332833,0.7727272727272727,0.05053265939410737,1.0106531878821474,,True
baseline,48.0,5,79.39999999999999,19,1.5,2.699999999999534,30,0.5265282244648922,1.0,0.15638125360317207,3.1276250720634415,,True,0.16063799811055338,0.8666666666666667,0.047757151888354846,0.9551430377670969,1.3499999999975643,False
baseline,48.0,5,82.09999999999953,24,0.6,0.39999999999983515,12,0.26491347601661064,0.5833333333333334,0.08260088465194294,1.6520176930388588,,True,0.17741347601661564,0.5833333333333334,0.05529894849574749,1.1059789699149498,,True
baseline,48.0,5,82.49999999999936,6,0.6,0.10000000000056275,12,0.4373753095828617,1.0,0.13616172440557373,2.7232344881114745,,True,0.28737530958287016,1.0,0.08941183372715684,1.7882366745431368,,True
baseline,48.0,5,84.99999999999945,7,1.300000000000722,1.300000000000722,26,0.982089087345129,1.0,0.32455879666764426,6.491175933352885,,True,0.7067593296154933,0.8076923076923077,0.23372104397642962,4.674420879528593,,True
baseline,48.0,5,86.39999999999985,18,1.000000000000142,1.000000000000142,20,0.5479018742463563,1.0,0.1787133618321003,3.574267236642006,,True,0.29790187424637044,1.0,0.09686660585700244,1.9373321171400488,,True
baseline,48.0,5,88.79999999999912,15,1.3000000000004093,1.3000000000004093,26,0.31552823640399097,1.0,0.1036169133562599,2.072338267125198,,True,0.02872397464375741,0.5,0.009498845023445045,0.1899769004689009,0.9499999999979281,False
baseline,48.0,5,91.49999999999896,3,0.8999999999998352,0.8999999999998352,18,0.6271232610078471,1.0,0.19671972653180947,3.9343945306361894,,True,0.44477986995687113,0.7222222222222222,0.139731717192113,2.79463434384226,,True
baseline,48.0,5,92.3999999999988,10,0.600000000000648,0.600000000000648,12,0.4819340612791953,1.0,0.15604821251669984,3.120964250333997,,True,0.3319340612792038,1.0,0.10747753662238668,2.1495507324477336,,True
baseline,48.0,5,93.4999999999993,12,0.6,0.5999999999994969,12,0.8510723362632996,1.0,0.27885473900362506,5.5770947800725015,,True,0.7010723362633081,1.0,0.2300773793821022,4.601547587642044,,True
baseline,48.0,5,94.0999999999988,16,0.6,0.30000000000103455,12,0.9090720033355135,1.0,0.3031912431746675,6.06382486349335,,True,0.7590720033355218,1.0,0.25312785147272787,5.062557029454558,,True
baseline,48.0,5,94.99999999999876,5,0.6,0.5000000000007532,12,0.5819210917123593,1.0,0.1978918973185371,3.957837946370742,,True,0.4319210917123678,1.0,0.14668026268765377,2.9336052537530755,,True
baseline,48.0,5,95.49999999999952,19,0.6,0.5999999999997669,12,0.3551061211328244,1.0,0.12744666704827934,2.5489333409655868,,True,0.2051061211328329,1.0,0.07329012702316427,1.4658025404632855,,True
baseline,48.0,5,96.09999999999928,7,0.6999999999998323,0.6999999999998323,14,0.28387632741043534,1.0,0.10943104885674994,2.188620977134999,,True,0.10887632741044528,1.0,0.04215245618336945,0.8430491236673889,,True
baseline,48.0,5,98.69999999999855,22,0.7999999999999687,0.7999999999999687,16,0.3117346789800186,1.0,0.1206825407732095,2.41365081546419,,True,0.11173467898002998,1.0,0.04329772173258298,0.8659544346516596,,True
baseline,48.0,5,99.49999999999852,9,0.6000000000008612,0.6000000000008612,12,0.47165943655616926,1.0,0.1832445170988723,3.664890341977446,,True,0.3216594365561778,1.0,0.1254946521431809,2.509893042863618,,True
baseline,48.0,5,100.09999999999938,2,0.6,0.2999999999994145,12,0.42133999624538165,1.0,0.16766256731942203,3.353251346388441,,True,0.27133999624539024,1.0,0.10810320659511896,2.1620641319023792,,True
baseline,48.0,5,101.6999999999985,4,0.6,0.4000000000003041,12,0.2356347269791945,1.0,0.08963641362860758,1.7927282725721516,,True,0.122129653153857,0.5833333333333334,0.04653003914421761,0.9306007828843522,,True
baseline,48.0,5,103.19999999999877,5,0.6,0.30000000000075033,12,0.23236573933580926,1.0,0.08211852134031285,1.6423704268062569,,True,0.10720507831413745,0.5833333333333334,0.03791587663135933,0.7583175326271865,,True
baseline,48.0,5,104.0999999999995,19,1.5,2.5999999999990564,30,0.6084236641177609,1.0,0.2106380245384908,4.212760490769815,,True,0.23888139395494692,0.8666666666666667,0.08233238350314696,1.6466476700629393,1.3499999999966548,False
baseline,48.0,5,107.19999999999808,17,0.6,0.3000000000004377,12,0.28531940086668495,1.0,0.09545843664182688,1.9091687328365374,,True,0.14913297285482593,0.5833333333333334,0.04996310981122931,0.9992621962245862,,True
baseline,48.0,5,109.49999999999828,6,0.6,0.200000000000216,12,0.19884920677451143,1.0,0.06335246577786681,1.2670493155573361,,True,0.055866154836458584,0.6666666666666666,0.018226331495013525,0.3645266299002705,,True
baseline,48.0,5,111.49999999999828,9,0.6,0.20000000000089813,12,0.20051958131476916,1.0,0.06505921750813946,1.3011843501627893,,True,0.10807951962349326,0.5833333333333334,0.03526548387871402,0.7053096775742804,,True
baseline,48.0,5,111.69999999999918,2,0.6,0.4000000000003183,12,0.3373203003270046,1.0,0.10863169699787924,2.172633939957585,,True,0.19929259803664215,0.9166666666666666,0.06424349121890524,1.284869824378105,,True
baseline,48.0,5,116.09999999999847,12,0.6,0.5999999999990848,12,0.3003873805239527,0.5833333333333334,0.09436947878851315,1.887389575770263,,True,0.21288738052395767,0.5833333333333334,0.06688054306960402,1.3376108613920803,,True
baseline,48.0,5,116.69999999999756,11,0.8000000000007219,0.8000000000007219,16,1.1190385603224975,1.0,0.3666341602711758,7.332683205423516,,True,0.9190385603225089,1.0,0.3015287862000752,6.030575724001505,,True
baseline,48.0,5,117.79999999999758,8,1.5,1.7000000000006992,30,1.6772081121190185,1.0,0.5484478031355311,10.968956062710621,,True,1.3022081121190399,1.0,0.4254709854456745,8.50941970891349,,True
baseline,48.0,5,122.39999999999756,10,1.5,1.7000000000009123,30,1.4035156591855977,1.0,0.43978826559419903,8.795765311883981,,True,1.028515659185619,1.0,0.32291353889815694,6.458270777963139,,True
baseline,48.0,5,125.79999999999748,22,1.5,4.600000000000051,30,0.6342030668881338,1.0,0.1810974486368675,3.62194897273735,,True,0.2942449191964571,0.9,0.08403615240942838,1.6807230481885678,,True
baseline,48.0,5,130.49999999999756,6,1.5,2.399999999999636,30,0.726685556115172,0.8666666666666667,0.20754090950556697,4.150818190111339,,True,0.40168555611519047,0.8666666666666667,0.11472112655860117,2.2944225311720237,,True
baseline,48.0,5,132.8999999999972,8,0.9000000000002615,0.9000000000002615,18,0.3796107790279676,1.0,0.11353027118884117,2.270605423776823,,True,0.20100721923625814,0.7777777777777778,0.06014121935915635,1.202824387183127,,True
baseline,48.0,5,134.19999999999703,24,1.5,3.10000000000025,30,0.29190937324127997,1.0,0.08618607665707019,1.7237215331414038,,True,0.04024196052827095,0.26666666666666666,0.011567361264353425,0.2313472252870685,0.4499999999993207,False
baseline,48.0,5,137.29999999999728,9,1.2000000000002728,1.2000000000002728,24,0.3437232263311193,0.8333333333333334,0.1079838362710026,2.1596767254200517,,True,0.09372322633113349,0.8333333333333334,0.02944401993126222,0.5888803986252443,,True
baseline,48.0,5,139.39999999999682,4,0.6,0.5000000000002842,12,0.12201939191163517,1.0,0.038221819434637955,0.7644363886927591,,True,0.027052590502474355,0.5833333333333334,0.008498821958314636,0.16997643916629274,,True
baseline,48.0,5,139.8999999999971,22,0.6,0.10000000000002274,12,0.2635663252350307,1.0,0.0882912910945944,1.7658258218918879,,True,0.11356632523503925,1.0,0.038572372271337696,0.7714474454267539,,True
baseline,48.0,5,139.99999999999713,5,0.6,0.49999999999982947,12,0.28199064689495434,1.0,0.09580526031342795,1.916105206268559,,True,0.13199064689496284,1.0,0.045213676864174164,0.9042735372834833,,True
baseline,48.0,5,140.49999999999696,10,0.6,0.40000000000023306,12,0.38365693892147756,1.0,0.13679451617657495,2.735890323531499,,True,0.23365693892148612,1.0,0.08340797435086914,1.6681594870173826,,True
baseline,48.0,5,141.1999999999966,3,1.0000000000004263,1.0000000000004263,20,1.021855233394422,1.0,0.3736864189218681,7.473728378437362,,True,0.771855233394436,1.0,0.28256996532511053,5.651399306502211,,True
baseline,48.0,5,144.69999999999575,13,0.6000000000015291,0.6000000000015291,12,0.17171167181665153,1.0,0.06257640621233626,1.2515281242467253,,True,0.04096095622055862,0.5833333333333334,0.015139134017237672,0.3027826803447534,,True
baseline,48.0,5,148.19999999999587,21,0.6,0.3000000000010914,12,0.2217141979973886,1.0,0.06747496393427697,1.3494992786855395,,True,0.11089823079865697,0.6666666666666666,0.03375790539356619,0.6751581078713238,,True
baseline,48.0,5,148.79999999999697,6,0.6,0.19999999999976126,12,0.18819457378627247,1.0,0.05747361100159316,1.1494722200318632,,True,0.05101187316531184,0.5833333333333334,0.01531139236811973,0.3062278473623946,0.35000000000268017,False
baseline,48.0,5,148.99999999999673,7,0.6,0.19999999999987494,12,0.11583847020659957,1.0,0.03609583332295662,0.7219166664591324,,True,0.010532873739506055,0.25,0.0032001040613790677,0.06400208122758136,0.1500000000029189,False
baseline,48.0,5,153.39999999999523,14,0.6,0.30000000000066507,12,0.11679401337519162,0.5833333333333334,0.0369439728054084,0.738879456108168,,True,0.029294013375196593,0.5833333333333334,0.009248353359289425,0.1849670671857885,,True
baseline,48.0,6,20.700000000000024,19,1.5,1.8000000000000256,30,0.7516152717792768,1.0,0.25906740735512734,5.181348147102547,,True,0.38427089136723774,0.8333333333333334,0.13175862316050949,2.6351724632101896,1.2500000000001492,False
baseline,48.0,6,22.50000000000005,5,0.7999999999999119,0.7999999999999119,16,0.3541670852361713,1.0,0.1304836251394473,2.6096725027889462,,True,0.18389641463393766,0.75,0.0679679559100566,1.359359118201132,,True
baseline,48.0,6,23.800000000000068,3,0.6,0.4999999999998934,12,0.4761078964479355,1.0,0.15473771185032067,3.0947542370064136,,True,0.326107896447944,1.0,0.10616703595600754,2.1233407191201508,,True
baseline,48.0,6,24.70000000000008,18,1.5,2.499999999999922,30,0.5449569742825362,1.0,0.17872031085894544,3.574406217178909,,True,0.17299889152903397,0.9,0.0565427531128641,1.130855062257282,1.3500000000001506,False
baseline,48.0,6,27.60000000000012,15,1.0999999999999055,1.0999999999999055,22,0.7031523132042847,1.0,0.23221955859355456,4.644391171871091,,True,0.4594844895758497,0.8181818181818182,0.15194874704104688,3.0389749408209377,,True
baseline,48.0,6,34.900000000000226,6,0.6999999999998963,0.6999999999998963,14,0.2388270464065373,0.6428571428571429,0.06820884495175691,1.3641768990351384,,True,0.12632704640654369,0.6428571428571429,0.03607892008549951,0.7215784017099902,,True
baseline,48.0,6,36.20000000000013,3,1.0000000000000213,1.0000000000000213,20,0.434432959035294,1.0,0.12333082467036248,2.4666164934072494,,True,0.1844329590353082,1.0,0.05255185974759258,1.0510371949518515,,True
baseline,48.0,6,37.20000000000015,2,0.6,0.30000000000009663,12,0.5443348324158275,1.0,0.16338537793595603,3.2677075587191204,,True,0.3943348324158359,1.0,0.11881148216911641,2.3762296433823282,,True
baseline,48.0,6,37.50000000000025,7,1.5,2.0000000000000426,30,1.319205981448038,1.0,0.4108524357829264,8.217048715658528,,True,0.9442059814480591,1.0,0.29379070952417047,5.87581419048341,,True
baseline,48.0,6,39.50000000000029,23,1.5,3.3999999999999417,30,0.7346442528213187,1.0,0.24164025305526868,4.832805061105374,,True,0.3596442528213399,1.0,0.11866343536541213,2.3732687073082426,,True
baseline,48.0,6,49.000000000000455,22,1.29999999999999,1.29999999999999,26,0.6122061306982663,0.8461538461538461,0.16724367675515708,3.3448735351031416,,True,0.3372061306982819,0.8461538461538461,0.09211863503888366,1.8423727007776733,,True
baseline,48.0,6,50.300000000000445,9,0.6,0.4000000000000057,12,0.29843291060658456,1.0,0.0840332274383709,1.6806645487674179,,True,0.14843291060659314,1.0,0.04196941275839139,0.8393882551678278,,True
baseline,48.0,6,50.70000000000045,24,0.6,0.4000000000000057,12,0.3156653477150857,1.0,0.09250556783684465,1.850111356736893,,True,0.16566534771509422,1.0,0.04847567079789935,0.969513415957987,,True
baseline,48.0,6,51.100000000000456,12,1.5,3.2000000000000455,30,0.6131341656007283,1.0,0.19071072370698652,3.8142144741397304,,True,0.2389945349403931,0.9333333333333333,0.0741062900106241,1.482125800212482,1.4499999999986954,False
baseline,48.0,6,54.3000000000005,16,1.5,1.5999999999999162,30,0.499495765017795,1.0,0.16489513283140492,3.2979026566280982,,True,0.1697531477887655,0.8333333333333334,0.05613634126493981,1.1227268252987963,,True
baseline,48.0,6,55.90000000000042,8,1.100000000000037,1.100000000000037,22,0.42097889816144635,1.0,0.14626650187332413,2.9253300374664826,,True,0.15881041250361005,0.8181818181818182,0.055435291692767355,1.108705833855347,,True
baseline,48.0,6,57.80000000000055,14,0.6,0.4999999999998934,12,0.3754031642276498,1.0,0.12937905796296575,2.587581159259315,,True,0.2503858002625216,0.5833333333333334,0.0866586788478116,1.733173576956232,,True
baseline,48.0,6,60.90000000000048,9,1.40000000000002,1.40000000000002,28,0.7175254661047928,1.0,0.2242358683108551,4.484717366217102,,True,0.3675254661048128,1.0,0.11521512324878694,2.3043024649757387,,True
baseline,48.0,6,66.10000000000052,21,1.5,2.7999999999999687,30,0.7299875514212603,1.0,0.20821002423691873,4.164200484738375,,True,0.3954270753783032,0.8333333333333334,0.11293370863990679,2.258674172798136,,True
baseline,48.0,6,70.50000000000016,24,1.5,2.899999999999906,30,0.9005097009938213,0.8333333333333334,0.2571849691935027,5.143699383870054,,True,0.5880097009938391,0.8333333333333334,0.1679351778983434,3.3587035579668676,,True
baseline,48.0,6,73.40000000000006,10,0.6,0.4000000000000341,12,0.17765695410192814,1.0,0.05284603677327691,1.056920735465538,,True,0.054951048440306315,0.6666666666666666,0.016441315246392682,0.32882630492785364,,True
baseline,48.0,6,73.8000000000001,14,0.6,0.3000000000004235,12,0.27827872274587634,1.0,0.08396044260518368,1.6792088521036734,,True,0.1282787227458848,1.0,0.03870654842847616,0.7741309685695231,,True
baseline,48.0,6,74.9999999999999,11,1.5,3.500000000000256,30,1.0189586604373306,1.0,0.3191092896594666,6.382185793189333,,True,0.643958660437352,1.0,0.20204756340071087,4.040951268014218,,True
baseline,48.0,6,78.99999999999967,16,1.5,1.599999999999909,30,0.9629836103310149,1.0,0.3019678225089569,6.039356450179137,,True,0.6128898683182901,0.8333333333333334,0.1925450307768356,3.850900615536712,,True
baseline,48.0,6,80.59999999999958,12,0.8000000000004803,0.8000000000004803,16,0.6870585523269871,1.0,0.22521522551856288,4.504304510371258,,True,0.4870585523269984,1.0,0.16010985144746231,3.2021970289492465,,True
baseline,48.0,6,82.59999999999947,18,0.6,0.29999999999999716,12,0.44565513408512136,1.0,0.13780073292922132,2.7560146585844265,,True,0.2956551340851299,1.0,0.09161184093894546,1.8322368187789093,,True
baseline,48.0,6,82.89999999999947,17,0.6,0.10000000000043485,12,0.6001684933339396,1.0,0.18792467469862473,3.7584934939724945,,True,0.4501684933339481,1.0,0.1409877844574942,2.8197556891498836,,True
baseline,48.0,6,83.59999999999941,15,1.5,2.699999999999733,30,2.515233816026221,1.0,0.8274599303020249,16.5491986060405,,True,2.1402338160262424,1.0,0.7044831126121682,14.089662252243365,,True
baseline,48.0,6,86.29999999999914,8,0.6,0.3000000000006793,12,0.5657123237398456,1.0,0.19570165921486032,3.9140331842972067,,True,0.4157123237398541,1.0,0.14400370993171857,2.8800741986343716,,True
baseline,48.0,6,86.59999999999982,14,0.6,0.1999999999999318,12,0.6619556756905145,1.0,0.2425644230556222,4.8512884611124445,,True,0.511955675690523,1.0,0.18811913370572864,3.7623826741145727,,True
baseline,48.0,6,86.79999999999976,10,0.6,0.19999999999991758,12,0.6514174965000591,1.0,0.24185190863766773,4.8370381727533545,,True,0.5014174965000676,1.0,0.18637995502189525,3.7275991004379048,,True
baseline,48.0,6,89.09999999999899,3,1.5,1.5000000000004974,30,0.22197598395664944,1.0,0.08114744215674874,1.6229488431349748,,True,0.0,0.0,0.0,0.0,0.0,False
baseline,48.0,6,90.89999999999944,11,0.6,0.1999999999995623,12,0.2622576512273371,1.0,0.09391573185968512,1.8783146371937023,,True,0.16197525828527878,0.5833333333333334,0.05822006942000465,1.164401388400093,,True
baseline,48.0,6,91.099999999999,6,0.6,0.5000000000000995,12,0.4128991101365203,1.0,0.14899577041373235,2.979915408274647,,True,0.27497627534464997,0.9166666666666666,0.0993193906718256,1.986387813436512,,True
baseline,48.0,6,91.5999999999991,4,1.5,2.199999999999747,30,1.0287755797508165,1.0,0.39636943738468444,7.927388747693689,,True,0.6537755797508378,1.0,0.2513210265709728,5.026420531419457,,True
baseline,48.0,6,91.5999999999994,16,1.5,2.1999999999994486,30,1.0287755797508165,1.0,0.39636943738468444,7.927388747693689,,True,0.6537755797508378,1.0,0.2513210265709728,5.026420531419457,,True
baseline,48.0,6,93.79999999999885,19,0.6,0.5000000000002984,12,0.23875937324863458,1.0,0.09698084341016677,1.9396168682033355,,True,0.08875937324864314,1.0,0.03578523651211904,0.7157047302423808,,True
baseline,48.0,6,95.39999999999864,2,1.5,1.7000000000003581,30,1.7935132141884587,1.0,0.6610454487297213,13.220908974594426,,True,1.4185132141884795,1.0,0.5237291031684105,10.47458206336821,,True
baseline,48.0,6,97.29999999999876,25,1.5,1.6000000000006764,30,1.320570760013097,1.0,0.48296515502275855,9.65930310045517,,True,0.9455707600131181,1.0,0.3456488094614478,6.9129761892289565,,True
baseline,48.0,6,100.39999999999844,7,0.6,0.09999999999999432,12,0.21819715176388005,1.0,0.0698302033384991,1.396604066769982,,True,0.0690538619780384,0.9166666666666666,0.022670352436467023,0.45340704872934046,,True
baseline,48.0,6,100.49999999999844,5,1.3000000000004093,1.3000000000004093,26,0.5301680243243083,1.0,0.17392055923023922,3.4784111846047843,,True,0.20602473453847653,0.9615384615384616,0.06810189812960409,1.3620379625920818,,True
baseline,48.0,6,102.6999999999993,10,0.6999999999993349,0.6999999999993349,14,0.4513982820452875,1.0,0.14830700882438175,2.966140176487635,,True,0.2763982820452973,1.0,0.09126230011446504,1.8252460022893007,,True
baseline,48.0,6,106.19999999999816,22,1.5,2.200000000000287,30,1.1361432384158474,1.0,0.3559907623221045,7.119815246442091,,True,0.7622818799635005,0.9333333333333333,0.23945671638045402,4.78913432760908,,True
baseline,48.0,6,108.59999999999856,25,1.5,2.1000000000007475,30,0.8368168473006053,1.0,0.2493146413386467,4.986292826772934,,True,0.46181684730062644,1.0,0.13779490212031406,2.7558980424062813,,True
baseline,48.0,6,110.99999999999832,17,1.5,2.4999999999998437,30,0.5341183862514732,1.0,0.15900151114239586,3.1800302228479174,,True,0.16303282675587052,0.8,0.04877930769811626,0.9755861539623252,1.4999999999974278,False
baseline,48.0,6,113.49999999999817,24,0.6999999999999886,0.6999999999999886,14,0.49216855405356547,1.0,0.1545510230639627,3.0910204612792542,,True,0.3751038167551578,0.6428571428571429,0.11784233950514957,2.3568467901029915,,True
baseline,48.0,6,114.69999999999808,7,0.6,0.49999999999967315,12,0.46418431033215635,1.0,0.14239467144690343,2.8478934289380686,,True,0.3141843103321648,1.0,0.09620577945662756,1.9241155891325512,,True
baseline,48.0,6,115.19999999999776,20,0.6,0.40000000000088676,12,0.46568752615502546,1.0,0.15207194200150537,3.041438840030107,,True,0.3156875261550339,1.0,0.10329458237998239,2.065891647599648,,True
baseline,48.0,6,115.59999999999864,14,0.9999999999992326,0.9999999999992326,20,0.670426798461444,1.0,0.23009013299048522,4.601802659809705,,True,0.42042679846145825,1.0,0.14397191331971737,2.8794382663943474,,True
baseline,48.0,6,116.59999999999788,8,1.5,2.400000000000446,30,0.5926849006364752,1.0,0.2054736920765662,4.109473841531324,,True,0.21768490063649662,1.0,0.0752629439343652,1.5052588786873038,,True
baseline,48.0,6,119.6999999999978,15,1.399999999999963,1.399999999999963,28,0.4743083640488099,1.0,0.1654900455399549,3.3098009107990976,,True,0.17023654994528664,0.8571428571428571,0.05942376607562054,1.1884753215124109,,True
baseline,48.0,6,121.09999999999776,22,0.6,0.1999999999999602,12,0.30493693862632243,1.0,0.1113161500268988,2.226323000537976,,True,0.1552387188911768,0.9166666666666666,0.057264951186565737,1.1452990237313148,,True
baseline,48.0,6,121.29999999999772,6,0.6,0.20000000000044338,12,0.4000567619819524,1.0,0.15226653707798837,3.0453307415597672,,True,0.25035854224680676,0.9166666666666666,0.09566792752794312,1.9133585505588624,,True
baseline,48.0,6,121.49999999999818,17,0.6,0.0999999999999801,12,0.47699880786594134,1.0,0.19616802207755837,3.9233604415511674,,True,0.3269988078659498,1.0,0.13524741453644254,2.7049482907288507,,True
baseline,48.0,6,121.59999999999816,11,0.6,0.09999999999953957,12,0.5036187022119093,1.0,0.21348133810160683,4.269626762032137,,True,0.3536187022119178,1.0,0.15058073519058157,3.0116147038116314,,True
baseline,48.0,6,121.6999999999977,5,1.0000000000003837,1.0000000000003837,20,0.8821703301843686,1.0,0.3886513256619169,7.773026513238338,,True,0.6321703301843831,1.0,0.278890832329702,5.577816646594041,,True
baseline,48.0,6,124.1999999999986,14,0.6,0.39999999999928093,12,0.1814011925919215,1.0,0.06794184515013861,1.3588369030027723,,True,0.04260797849007063,0.6666666666666666,0.01574787202455505,0.31495744049110097,,True
baseline,48.0,6,128.69999999999828,10,0.6,0.39999999999946567,12,0.3330852918015892,1.0,0.12013549359469369,2.4027098718938737,,True,0.21676440639944136,0.6666666666666666,0.07824851448029528,1.5649702896059057,,True
baseline,48.0,6,132.6999999999971,19,1.5,1.9999999999998863,30,0.7259469718886062,1.0,0.20704580550252571,4.140916110050514,,True,0.37806249488876,0.8666666666666667,0.10797439604912339,2.1594879209824676,,True
baseline,48.0,6,134.69999999999698,18,1.5,2.0000000000013074,30,1.0398579653666216,1.0,0.31072262779845056,6.214452555969011,,True,0.6852881981184409,0.8666666666666667,0.2050377494095887,4.100754988191774,,True
baseline,48.0,6,137.2999999999966,9,0.6,0.30000000000077875,12,0.2801426048530061,1.0,0.08326357043671713,1.6652714087343425,,True,0.13043237377056704,0.9166666666666666,0.039129431644387355,0.7825886328877472,,True
baseline,48.0,6,137.59999999999738,25,1.5,1.6999999999997897,30,0.6529700625261484,1.0,0.2032953975760379,4.065907951520758,,True,0.27861210346531595,0.9666666666666667,0.08643537442705462,1.7287074885410925,1.4999999999999858,False
baseline,48.0,6,139.29999999999717,24,1.3999999999999204,1.3999999999999204,28,0.8851840693697818,1.0,0.2921775017726026,5.843550035452052,,True,0.5645702755674435,0.8214285714285714,0.18669998212187852,3.7339996424375705,,True
baseline,48.0,6,141.499999999998,10,1.1999999999989654,1.1999999999989654,23,0.39924016292981207,1.0,0.1304716491670436,2.609432983340872,,True,0.11260242572774705,0.9130434782608695,0.03650901466160827,0.7301802932321654,1.1000000000001506,False
baseline,48.0,6,143.29999999999637,2,0.6,0.500000000000199,12,0.37587727408375904,1.0,0.1296516685877484,2.5930333717549683,,True,0.24385124169960112,0.5833333333333334,0.08512014105469068,1.7024028210938136,,True
baseline,48.0,6,143.2999999999969,7,0.6,0.49999999999965894,12,0.37587727408375904,1.0,0.1296516685877484,2.5930333717549683,,True,0.24385124169960112,0.5833333333333334,0.08512014105469068,1.7024028210938136,,True
baseline,48.0,6,143.79999999999657,21,1.4000000000002615,1.4000000000002615,28,0.9403827356991105,1.0,0.342815551216863,6.856311024337261,,True,0.5903827356991305,1.0,0.2147391840484629,4.294783680969258,,True
baseline,48.0,6,145.19999999999683,18,0.6,0.09999999999976694,12,0.4103182653026908,1.0,0.14845506554254215,2.969101310850843,,True,0.2603182653026993,1.0,0.09404185945095733,1.8808371890191466,,True
baseline,48.0,6,146.59999999999584,13,0.7000000000013245,0.7000000000013245,14,0.304858989320793,1.0,0.11021078659774856,2.2042157319549713,,True,0.12985898932080298,1.0,0.046557602113253146,0.931152042265063,,True
baseline,48.0,6,147.89999999999668,19,0.8999999999994657,0.8999999999994657,18,0.5049670069530895,1.0,0.18571366147557045,3.714273229511409,,True,0.28507853219826074,0.7777777777777778,0.1053647791117903,2.107295582235806,,True
baseline,48.0,6,148.79999999999615,12,0.7000000000018645,0.7000000000018645,14,0.4354220933407363,1.0,0.16734417440253124,3.346883488050625,,True,0.26042209334074623,1.0,0.10006558172915074,2.001311634583015,,True
baseline,48.0,6,152.2999999999962,9,0.6000000000001933,0.6000000000001933,12,0.4321448513568304,1.0,0.14239450795398936,2.847890159079787,,True,0.3011079520261614,0.6666666666666666,0.0995745821076691,1.9914916421533821,,True
baseline,48.0,6,152.8999999999964,6,0.6,0.3000000000004377,12,0.5088943379985668,1.0,0.16968209484767627,3.3936418969535254,,True,0.3588943379985753,1.0,0.11961870314573646,2.392374062914729,,True
baseline,48.0,7,22.80000000000005,22,1.2000000000000206,1.2000000000000206,24,0.6710021242730598,0.8333333333333334,0.18330568210081652,3.6661136420163305,,True,0.42100212427307404,0.8333333333333334,0.11501018963147706,2.3002037926295413,,True
baseline,48.0,7,24.00000000000007,6,1.5,3.5000000000000497,30,0.7194814726703177,1.0,0.20421500317620433,4.084300063524086,,True,0.3459134174978497,0.9333333333333333,0.0981450842217755,1.9629016844355098,1.4000000000001513,False
baseline,48.0,7,27.50000000000012,21,1.1000000000000156,1.1000000000000156,22,0.764010536911845,0.8181818181818182,0.22859141809785202,4.57182836195704,,True,0.5390105369118577,0.8181818181818182,0.16127157552093171,3.2254315104186344,,True
baseline,48.0,7,28.600000000000136,25,0.6,0.09999999999999787,12,0.3670199810029062,1.0,0.11693864217129914,2.338772843425983,,True,0.21701998100291475,1.0,0.06886335108347313,1.3772670216694627,,True
baseline,48.0,7,28.700000000000134,7,0.6,0.2000000000000064,12,0.3444854781189147,1.0,0.11259145002780173,2.2518290005560346,,True,0.1944854781189232,1.0,0.06326949518855127,1.2653899037710254,,True
baseline,48.0,7,28.90000000000014,16,0.8000000000000114,0.8000000000000114,16,0.39243388960969616,1.0,0.13477887214508616,2.6955774429017234,,True,0.1924338896097075,1.0,0.06588429640847185,1.3176859281694369,,True
baseline,48.0,7,29.700000000000152,23,1.0999999999998984,1.0999999999998984,22,0.9746052791350585,1.0,0.35871890245480975,7.174378049096195,,True,0.6996052791350739,1.0,0.2581058043986717,5.162116087973434,,True
baseline,48.0,7,31.3000000000001,4,0.6,0.20000000000007745,12,0.2688567577952474,1.0,0.10184630125047239,2.036926025009448,,True,0.15649017570928364,0.6666666666666666,0.05941463888734972,1.1882927777469945,,True
baseline,48.0,7,31.500000000000178,9,0.6,0.4999999999998934,12,0.37736668404551227,1.0,0.1442468916824812,2.884937833649624,,True,0.2273666840455208,1.0,0.08678577605156824,1.7357155210313648,,True
baseline,48.0,7,33.000000000000085,6,1.5,2.5000000000000355,30,0.923053705372379,1.0,0.36055184276455154,7.211036855291031,,True,0.5480537053724003,1.0,0.21473343375143075,4.294668675028615,,True
baseline,48.0,7,38.300000000000274,17,0.6,0.5000000000000071,12,0.20028494894995005,1.0,0.0621591515230389,1.243183030460778,,True,0.06183423478270181,0.5833333333333334,0.019425797773368243,0.38851595546736484,,True
baseline,48.0,7,38.80000000000028,2,0.6,0.49999999999981526,12,0.45399234854414705,1.0,0.14759274761993188,2.9518549523986377,,True,0.30399234854415547,1.0,0.09922875545282858,1.9845751090565718,,True
baseline,48.0,7,39.60000000000032,11,1.399999999999764,1.399999999999764,28,1.134491926149486,1.0,0.35310791362534955,7.062158272506991,,True,0.7844919261495054,1.0,0.2439001690005678,4.878003380011356,,True
baseline,48.0,7,47.90000000000041,10,0.6,0.30000000000000426,12,0.10245327446756844,1.0,0.028228668860755108,0.5645733772151021,,True,0.017462422101212568,0.08333333333333333,0.004987256089732134,0.09974512179464268,,True
baseline,48.0,7,48.200000000000415,19,1.5,1.5999999999999304,30,0.6140648089128335,1.0,0.17473672426196357,3.494734485239271,,True,0.25004218734205846,0.8333333333333334,0.07141188171284855,1.4282376342569711,,True
baseline,48.0,7,49.800000000000345,11,0.6,0.10000000000009379,12,0.2856647151906168,1.0,0.09149720489974233,1.8299440979948467,,True,0.16117791781300472,0.5833333333333334,0.05241144591557165,1.048228918311433,,True
baseline,48.0,7,49.80000000000044,8,0.6,0.10000000000000142,12,0.2856647151906168,1.0,0.09149720489974233,1.8299440979948467,,True,0.16117791781300472,0.5833333333333334,0.05241144591557165,1.048228918311433,,True
baseline,48.0,7,49.90000000000044,15,1.5,2.0999999999999233,30,0.8654642334634739,1.0,0.28404416243692854,5.680883248738571,,True,0.5089564450808123,0.9,0.167419705530395,3.3483941106079,,True
baseline,48.0,7,52.00000000000036,17,0.6,0.29999999999999716,12,0.38434171669018097,1.0,0.13334280521367597,2.6668561042735197,,True,0.2343417166901894,1.0,0.08187450451632294,1.6374900903264589,,True
baseline,48.0,7,52.30000000000036,23,0.6,0.4000000000001478,12,0.47623297162082134,1.0,0.17155424068414352,3.43108481368287,,True,0.32623297162082987,1.0,0.11739770065902845,2.347954013180569,,True
baseline,48.0,7,52.70000000000051,14,0.6999999999998678,0.6999999999998678,14,0.5109089109418413,1.0,0.19724847735182544,3.944969547036509,,True,0.3359089109418514,1.0,0.12968113535366652,2.5936227070733304,,True
baseline,48.0,7,53.400000000000375,9,1.5,2.5000000000000355,30,1.126493412288664,1.0,0.46710275662220796,9.342055132444159,,True,0.7514934122886855,1.0,0.3116593701164717,6.233187402329435,,True
baseline,48.0,7,57.900000000000325,6,1.4000000000001336,1.4000000000001336,28,0.9512164055697316,1.0,0.3130937835314502,6.261875670629004,,True,0.6012164055697515,1.0,0.19817763120277757,3.963552624055551,,True
baseline,48.0,7,59.30000000000046,15,0.6000000000000085,0.6000000000000085,12,0.3743032728987468,1.0,0.12837846073762554,2.5675692147525107,,True,0.22430327289875543,1.0,0.07716682610674222,1.5433365221348443,,True
baseline,48.0,7,59.90000000000047,21,0.6,0.09999999999989484,12,0.4617369648454051,1.0,0.15739426319741773,3.1478852639483543,,True,0.31173696484541363,1.0,0.10618262856653438,2.1236525713306875,,True
baseline,48.0,7,61.70000000000049,7,1.4000000000001336,1.4000000000001336,28,0.23184612729149598,1.0,0.07226524387212867,1.4453048774425734,,True,0.0070247719042909945,0.21428571428571427,0.0022068971807664563,0.04413794361532913,0.5999999999981043,False
baseline,48.0,7,63.10000000000063,20,0.6,0.19999999999989626,12,0.34564682008761305,0.5833333333333334,0.11820452915380782,2.3640905830761563,,True,0.25814682008761797,0.5833333333333334,0.08857986158706366,1.7715972317412731,,True
baseline,48.0,7,63.30000000000052,19,0.6,0.29999999999999716,12,0.6182763218279304,0.9166666666666666,0.21464547859856134,4.292909571971227,,True,0.4807763218279381,0.9166666666666666,0.16731085244540514,3.3462170489081027,,True
baseline,48.0,7,63.60000000000052,10,1.5,2.299999999999798,30,1.65853010408221,1.0,0.6057637628011784,12.115275256023567,,True,1.2835301040822313,1.0,0.46844741723986766,9.368948344797353,,True
baseline,48.0,7,68.0000000000003,2,0.6,0.5,12,0.2786486766303969,1.0,0.09142873519317068,1.8285747038634137,,True,0.14768249974302433,0.5833333333333334,0.04883771118489073,0.9767542236978145,,True
baseline,48.0,7,68.5000000000003,14,0.6,0.1999999999999602,12,0.3224629544435539,1.0,0.1112724125795128,2.225448251590256,,True,0.1724629544435624,1.0,0.05903411368275052,1.1806822736550104,,True
baseline,48.0,7,68.70000000000026,22,1.0000000000002416,1.0000000000002416,20,0.4126042073175183,1.0,0.1496833643256359,2.993667286512718,,True,0.16260420731753253,1.0,0.0585398932481973,1.170797864963946,,True
baseline,48.0,7,70.40000000000028,13,0.7000000000003439,0.7000000000003439,14,0.4251109714335147,1.0,0.1561667070626533,3.123334141253066,,True,0.2661527185042712,0.6428571428571429,0.09836981472776127,1.9673962945552255,,True
baseline,48.0,7,71.30000000000061,20,0.6,0.2999999999999119,12,0.4931186345880293,1.0,0.16520532535625707,3.3041065071251414,,True,0.34311863458803776,1.0,0.11491228506852857,2.2982457013705715,,True
baseline,48.0,7,72.6000000000002,21,0.7999999999999119,0.7999999999999119,16,0.7797307677244938,1.0,0.27033449783511554,5.40668995670231,,True,0.5797307677245052,1.0,0.20166957068428992,4.0333914136857985,,True
baseline,48.0,7,73.4000000000001,5,0.6,0.29999999999986926,12,0.5744515876403544,1.0,0.20872601802314605,4.174520360462921,,True,0.424451587640363,1.0,0.15395347943850357,3.0790695887700714,,True
baseline,48.0,7,73.69999999999997,25,0.6,0.4999999999999716,12,0.5083490762443993,1.0,0.20252903826775737,4.050580765355147,,True,0.3583490762444078,1.0,0.14277717799360193,2.8555435598720385,,True
baseline,48.0,7,73.70000000000009,18,0.6,0.4999999999998579,12,0.5083490762443993,1.0,0.20252903826775737,4.050580765355147,,True,0.3583490762444078,1.0,0.14277717799360193,2.8555435598720385,,True
baseline,48.0,7,74.19999999999995,8,0.7000000000002586,0.7000000000002586,14,0.5221647066134284,1.0,0.22796984792320563,4.559396958464113,,True,0.3471647066134385,1.0,0.1513000272106019,3.026000544212038,,True
baseline,48.0,7,74.9000000000002,7,0.6,0.5000000000000853,12,0.40990406546451114,1.0,0.19263652479446927,3.8527304958893853,,True,0.25990406546451966,1.0,0.12229592005063583,2.4459184010127166,,True
baseline,48.0,7,75.40000000000029,19,0.6000000000000085,0.6000000000000085,12,0.3318038797903444,1.0,0.1668717127818523,3.337434255637046,,True,0.18180387979035292,1.0,0.09084919824787285,1.816983964957457,,True
baseline,48.0,7,76.29999999999983,16,0.6,0.2000000000004718,12,0.4211853452995414,1.0,0.19915189830732574,3.9830379661465147,,True,0.27118534529954996,1.0,0.12794821865866002,2.5589643731732004,,True
baseline,48.0,7,79.99999999999952,11,0.6000000000006764,0.6000000000006764,12,0.15027181825224756,1.0,0.061284862743293235,1.2256972548658647,,True,0.0031876754392429728,0.5,0.0012712276748768235,0.02542455349753647,0.44999999999805596,False
baseline,48.0,7,81.49999999999999,2,0.6,0.19999999999998863,12,0.5281068371590143,1.0,0.18727589637892117,3.7455179275784234,,True,0.39150439534915443,0.6666666666666666,0.1382956650897506,2.7659133017950124,,True
baseline,48.0,7,86.89999999999911,9,1.1000000000004064,1.1000000000004064,22,0.4766013587832606,1.0,0.14234126366133404,2.8468252732266808,,True,0.2451653271049616,0.7727272727272727,0.07335329433789393,1.4670658867578787,,True
baseline,48.0,7,89.199999999999,6,0.6,0.3000000000009919,12,0.35604632280725845,1.0,0.10327626944889165,2.065525388977833,,True,0.23490118322637288,0.6666666666666666,0.06816729968463438,1.3633459936926875,,True
baseline,48.0,7,91.49999999999908,12,1.5,3.4000000000000483,30,0.7443047599251001,1.0,0.221955197433505,4.4391039486701,,True,0.37737331078661696,0.8333333333333334,0.11290983055505659,2.258196611101132,,True
baseline,48.0,7,95.1999999999992,25,1.0000000000000568,1.0000000000000568,20,0.5211206124922992,1.0,0.15574284840757563,3.1148569681515124,,True,0.3081739466398789,0.8,0.09220542921824922,1.8441085843649843,,True
baseline,48.0,7,96.19999999999926,18,0.99999999999973,0.99999999999973,20,0.3915833135207731,1.0,0.12145760322244824,2.4291520644489646,,True,0.14158331352078735,1.0,0.04366578513356254,0.8733157026712508,,True
baseline,48.0,7,98.7999999999993,7,0.6999999999997755,0.6999999999997755,14,0.24339362677034043,1.0,0.08041263053186896,1.6082526106373793,,True,0.11597503909753175,0.7142857142857143,0.03835224535037841,0.7670449070075681,,True
baseline,48.0,7,98.7999999999994,19,0.699999999999676,0.699999999999676,14,0.24339362677034043,1.0,0.08041263053186896,1.6082526106373793,,True,0.11597503909753175,0.7142857142857143,0.03835224535037841,0.7670449070075681,,True
baseline,48.0,7,99.59999999999886,6,1.3000000000000256,1.3000000000000256,26,0.4666177060455794,1.0,0.15223537374077276,3.0447074748154552,,True,0.14192500275575443,0.9615384615384616,0.04589487539476676,0.9178975078953353,1.2999999999975387,False
baseline,48.0,7,100.89999999999888,22,1.1999999999995907,1.1999999999995907,24,0.6107185914918467,1.0,0.21240574722352276,4.248114944470455,,True,0.3185205703657123,0.8333333333333334,0.1111846537642392,2.2236930752847837,,True
baseline,48.0,7,102.09999999999847,15,1.1000000000007333,1.1000000000007333,22,0.4313091457938171,1.0,0.15756317055569127,3.1512634111138254,,True,0.15630914579383268,1.0,0.056950072499553354,1.139001449991067,,True
baseline,48.0,7,103.2999999999982,4,0.7000000000001876,0.7000000000001876,14,0.4034817620677361,1.0,0.14769687997314523,2.953937599462905,,True,0.22879906689430968,0.9285714285714286,0.08441112183423963,1.6882224366847924,,True
baseline,48.0,7,103.9999999999984,24,0.6,0.2000000000008697,12,0.38417626477809386,1.0,0.14263601415605778,2.8527202831211556,,True,0.23417626477810238,1.0,0.08690739447381556,1.7381478894763112,,True
baseline,48.0,7,104.79999999999924,18,0.6,0.5999999999993975,12,0.21167066089322314,1.0,0.08091151590300098,1.6182303180600197,,True,0.06233708984344492,0.9166666666666666,0.02342335698407575,0.468467139681515,0.5999999999969106,False
baseline,48.0,7,105.39999999999864,16,0.6,0.3000000000000824,12,0.31494865201237554,1.0,0.13197370776102485,2.6394741552204968,,True,0.17970130419141334,0.5833333333333334,0.07619745470087526,1.5239490940175051,,True
baseline,48.0,7,105.69999999999872,5,0.6,0.49999999999955946,12,0.47860189467260045,1.0,0.20922519871119813,4.184503974223962,,True,0.328601894672609,1.0,0.14377535176141445,2.875507035228289,,True
baseline,48.0,7,106.19999999999828,3,0.6000000000010175,0.6000000000010175,12,0.3982337952630139,1.0,0.1869991724898522,3.739983449797044,,True,0.24823379526302244,1.0,0.11622703029360268,2.3245406058720537,,True
baseline,48.0,7,108.19999999999858,13,0.7000000000003013,0.7000000000003013,14,0.5643588207412504,1.0,0.2302131779971455,4.60426355994291,,True,0.3893588207412603,1.0,0.15854559558713235,3.170911911742647,,True
baseline,48.0,7,112.09999999999827,14,0.7000000000009692,0.7000000000009692,14,0.4170481476141867,1.0,0.14523267108153126,2.9046534216306252,,True,0.27329148830889827,0.7142857142857143,0.0953967257733173,1.907934515466346,,True
baseline,48.0,7,113.3999999999992,18,0.6,0.19999999999946283,12,0.3628707521520085,1.0,0.1195689246828747,2.391378493657494,,True,0.25804262958449403,0.5,0.08530111756024249,1.7060223512048498,,True
baseline,48.0,7,113.59999999999866,20,0.6,0.10000000000006537,12,0.6021119363438521,1.0,0.1988387483560411,3.976774967120822,,True,0.4691101546702696,0.75,0.15509987400454264,3.1019974800908527,,True
baseline,48.0,7,115.8999999999984,6,0.6,0.3000000000001819,12,0.3766542128910546,1.0,0.11973390013524811,2.3946780027049623,,True,0.22665421289106305,1.0,0.07198995914977437,1.4397991829954873,,True
baseline,48.0,7,118.79999999999832,16,0.899999999999622,0.899999999999622,18,0.6601499975690241,1.0,0.21794329719308875,4.358865943861775,,True,0.46311620975846224,0.7777777777777778,0.15314973498268786,3.062994699653757,,True
baseline,48.0,7,119.69999999999794,15,0.6,0.40000000000033253,12,0.6563645166789767,1.0,0.2243136734406861,4.486273468813722,,True,0.5063645166789852,1.0,0.17356133598138018,3.4712267196276034,,True
baseline,48.0,7,120.19999999999835,13,1.2000000000008413,1.2000000000008413,24,1.3971202645044887,1.0,0.48472538408849686,9.694507681769938,,True,1.0971202645045055,1.0,0.3811538718977867,7.623077437955734,,True
baseline,48.0,7,121.49999999999817,25,0.6,0.1000000000004917,12,0.6431808699659121,1.0,0.21165857826360088,4.233171565272017,,True,0.49318086996592064,1.0,0.16226116746044839,3.2452233492089677,,True
baseline,48.0,7,121.89999999999712,17,1.5,2.000000000001279,30,0.9254436722123008,1.0,0.318724915213688,6.37449830427376,,True,0.5504436722123219,1.0,0.18897346424306447,3.7794692848612894,,True
baseline,48.0,7,124.49999999999902,18,1.5,2.299999999999301,30,1.3519306108986122,1.0,0.47087969184475476,9.417593836895096,,True,0.9769306108986335,1.0,0.3408985922883426,6.817971845766851,,True
baseline,48.0,7,126.79999999999836,20,0.8999999999995794,0.8999999999995794,18,0.9239697114428679,1.0,0.3216228905818117,6.432457811636234,,True,0.6989697114428806,1.0,0.24377201999943754,4.875440399988751,,True
baseline,48.0,7,129.59999999999818,16,0.6,0.29999999999895977,12,0.3302922249431319,1.0,0.10171211407052382,2.034242281410476,,True,0.1802922249431404,1.0,0.056271220331102656,1.1254244066220531,,True
baseline,48.0,7,130.89999999999793,7,1.5,1.6000000000011028,30,0.8464282233867634,1.0,0.26506899748904106,5.301379949780821,,True,0.4714282233867848,1.0,0.1480072712302853,2.960145424605706,,True
baseline,48.0,7,134.39999999999756,5,0.6,0.29999999999998295,12,0.39445380826945875,1.0,0.12302051251473133,2.4604102502946263,,True,0.28726021439007987,0.6666666666666666,0.08963926728589332,1.7927853457178664,,True
baseline,48.0,7,134.69999999999754,15,0.6,0.10000000000081855,12,0.5598864754372924,1.0,0.17510033361133728,3.5020066722267456,,True,0.409886475437301,1.0,0.12816344337020674,2.563268867404135,,True
baseline,48.0,7,138.99999999999758,19,0.6,0.4000000000005173,12,0.1951634056159629,1.0,0.058202218484817506,1.16404436969635,,True,0.08115337816199841,0.6666666666666666,0.024281033966450358,0.48562067932900715,,True
baseline,48.0,7,139.3999999999981,20,1.5,2.4999999999983515,30,0.3914619051458185,1.0,0.12166796646515175,2.433359329303035,,True,0.05198783857614301,0.3333333333333333,0.015767041354051936,0.3153408270810387,0.5499999999994571,False
baseline,48.0,7,141.89999999999645,11,0.6,0.5000000000011084,12,0.25869088209941593,0.5833333333333334,0.0848861736448171,1.697723472896342,,True,0.1711908820994209,0.5833333333333334,0.05615713556264894,1.1231427112529788,,True
baseline,48.0,7,144.5999999999976,7,1.1999999999991928,1.1999999999991928,24,0.4431779104447549,1.0,0.13884428487813819,2.7768856975627636,,True,0.17999857963921048,0.7916666666666666,0.0565482215451141,1.130964430902282,,True
baseline,48.0,7,145.7999999999968,2,1.2000000000007844,1.2000000000007844,24,0.48066316439527107,1.0,0.15764882718537096,3.1529765437074193,,True,0.1806631643952881,1.0,0.059474056760695546,1.189481135213911,,True
baseline,48.0,7,147.2999999999982,18,0.6,0.09999999999990905,12,0.26136174635834775,1.0,0.08169853489272316,1.6339706978544632,,True,0.11254245256320772,0.8333333333333334,0.03531957400822721,0.7063914801645442,,True
baseline,48.0,7,147.79999999999703,6,1.5,2.099999999999426,30,1.1180007276408515,1.0,0.3674973154259225,7.34994630851845,,True,0.7430007276408728,1.0,0.24452049773606616,4.890409954721323,,True
baseline,48.0,7,149.99999999999625,3,1.5,2.2000000000010402,30,1.5059634624605194,1.0,0.4958022825688247,9.916045651376495,,True,1.1309634624605407,1.0,0.3728254648789683,7.456509297579366,,True
baseline,48.0,7,152.1999999999973,19,0.6,0.4000000000003183,12,0.3634914346974762,1.0,0.12267940592154622,2.4535881184309245,,True,0.21349143469748477,1.0,0.0719270684622403,1.438541369244806,,True
baseline,48.0,7,153.9999999999969,5,0.6,0.09999999999897113,12,0.813004323797227,1.0,0.2769787738489549,5.539575476979098,,True,0.6630043237972356,1.0,0.22705317129848848,4.54106342596977,,True
baseline,6.0,0,71.90000000000019,15,1.5,3.499999999999801,30,0.7150297997274632,0.8333333333333334,0.1953332492105721,3.9066649842114423,,True,0.4025297997274809,0.8333333333333334,0.10996388362389778,2.1992776724779555,,True
baseline,6.0,0,75.39999999999999,24,1.5,3.1999999999998465,30,0.5841074356257606,0.8333333333333334,0.16682069351536927,3.3364138703073856,,True,0.2716074356257785,0.8333333333333334,0.07757090222020985,1.551418044404197,,True
baseline,6.0,0,78.59999999999984,21,1.3000000000003524,1.3000000000003524,26,0.6452249942813817,0.8461538461538461,0.1930508668520862,3.861017337041724,,True,0.37022499428139743,0.8461538461538461,0.11077105925807254,2.2154211851614507,,True
baseline,6.0,0,85.29999999999943,12,1.3000000000004093,1.3000000000004093,26,0.5084117922233388,0.8846153846153846,0.14519810413640016,2.903962082728003,,True,0.2455925475317711,0.8076923076923077,0.07014106755474678,1.4028213510949357,,True
baseline,6.0,0,101.89999999999849,8,1.5,2.6999999999998323,30,0.7560455570450947,0.8333333333333334,0.20653801459061494,4.130760291812299,,True,0.4435455570451124,0.8333333333333334,0.12116864900394068,2.4233729800788137,,True
baseline,6.0,0,104.59999999999832,23,1.3999999999999204,1.3999999999999204,28,0.5416277288704484,1.0,0.15459784669633733,3.0919569339267468,,True,0.24682578035122865,0.8214285714285714,0.07049327802436255,1.409865560487251,,True
baseline,6.0,0,105.99999999999824,7,1.1999999999999602,1.1999999999999602,24,0.8154158759436795,1.0,0.2431212715817946,4.862425431635892,,True,0.5182221569584945,0.9166666666666666,0.15501295147520525,3.100259029504105,,True
baseline,6.0,0,107.1999999999982,22,1.5,2.700000000000287,30,0.9960417821507704,1.0,0.31106050448229433,6.221210089645886,,True,0.6210417821507918,1.0,0.19399877822353837,3.8799755644707674,,True
baseline,6.0,0,112.69999999999833,23,1.299999999999912,1.299999999999912,26,0.008030971702047638,0.4230769230769231,0.0024028611143181162,0.048057222286362326,,True,0.0,0.0,0.0,0.0,0.0,False
baseline,6.0,0,121.59999999999737,25,1.5,7.999999999999986,30,0.7289682404572675,0.8666666666666667,0.19914097990615906,3.9828195981231813,,True,0.4039682404572859,0.8666666666666667,0.11035683969601771,2.207136793920354,,True
baseline,6.0,0,132.39999999999677,2,1.5,1.899999999999892,30,0.4718271275269741,0.8666666666666667,0.12889466413940137,2.577893282788027,,True,0.1485268108966857,0.8,0.04057484678036069,0.8114969356072138,1.4499999999993776,False
baseline,6.0,0,134.29999999999666,20,1.5,6.100000000000108,30,0.6696428746312573,1.0,0.1911190911891526,3.822381823783052,,True,0.3341360875964408,0.8666666666666667,0.09542904346292859,1.9085808692585717,,True
baseline,6.0,0,141.29999999999671,8,0.9999999999999432,0.9999999999999432,20,0.471613363594163,0.75,0.13469246167292676,2.6938492334585353,,True,0.28411336359417366,0.75,0.0811425868958311,1.622851737916622,,True
baseline,6.0,1,24.100000000000072,18,1.5,8.0,30,0.7173800692110849,0.8666666666666667,0.19597530045785053,3.9195060091570104,,True,0.3923800692111033,0.8666666666666667,0.10719116024770926,2.1438232049541854,,True
baseline,6.0,1,32.20000000000019,7,1.5,2.10000000000003,30,0.707187415522922,0.8333333333333334,0.1931908512450403,3.863817024900806,,True,0.39468741552293957,0.8333333333333334,0.10782148565836591,2.1564297131673182,,True
baseline,6.0,1,34.30000000000022,24,1.5,4.4000000000000625,30,0.6961854162093329,1.0,0.19857808939573654,3.9715617879147307,,True,0.36339120903502825,0.8333333333333334,0.1037842866075962,2.075685732151924,,True
baseline,6.0,1,38.70000000000028,4,1.4999999999999076,1.4999999999999076,30,0.8392625411409187,0.8333333333333334,0.25110676511251556,5.0221353022503115,,True,0.5267625411409365,0.8333333333333334,0.15760698375568172,3.1521396751136344,,True
baseline,6.0,1,40.400000000000304,14,1.5,1.8999999999999133,30,0.6439619707907944,1.0,0.19108441841648333,3.8216883683296663,,True,0.2689619707908157,1.0,0.07973467880061774,1.5946935760123548,,True
baseline,6.0,1,60.9000000000006,23,1.5,3.2000000000000313,30,0.7069499787265405,0.8333333333333334,0.1931259877932835,3.86251975586567,,True,0.3944499787265584,0.8333333333333334,0.10775662220660918,2.1551324441321835,,True
baseline,6.0,1,64.10000000000063,3,1.5,4.799999999999969,30,0.6228187298707062,0.9,0.17787612449643736,3.557522489928747,,True,0.31027936549300095,0.8333333333333334,0.08861557956302858,1.7723115912605716,,True
baseline,6.0,1,82.8999999999998,23,1.5,4.799999999999486,30,0.6673496753409163,0.8666666666666667,0.18230789890665705,3.6461579781331412,,True,0.3423496753409348,0.8666666666666667,0.09352375869651576,1.8704751739303151,,True
baseline,6.0,1,87.69999999999929,21,1.5,3.2000000000005144,30,0.9180785892030872,0.8333333333333334,0.26220263193259086,5.244052638651818,,True,0.6055785892031048,0.8333333333333334,0.17295284063743152,3.4590568127486305,,True
baseline,6.0,1,91.99999999999892,7,0.6,0.20000000000011653,12,0.20427217678259615,1.0,0.05931635222519476,1.1863270445038951,,True,0.10869522871578753,0.5833333333333334,0.03160993527165983,0.6321987054331967,,True
baseline,6.0,1,92.19999999999904,11,1.5,3.5000000000002416,30,0.6584002510159639,1.0,0.19537789640677464,3.9075579281354926,,True,0.2950009073388054,0.9666666666666667,0.08735246396538693,1.7470492793077386,,True
baseline,6.0,1,106.49999999999812,4,1.5,8.0,30,0.6358020289093715,0.8333333333333334,0.18158463483265147,3.6316926966530296,,True,0.32330202890938925,0.8333333333333334,0.09233484353749205,1.846696870749841,,True
baseline,6.0,1,106.49999999999856,7,1.5,7.9999999999995595,30,0.6358020289093715,0.8333333333333334,0.18158463483265147,3.6316926966530296,,True,0.32330202890938925,0.8333333333333334,0.09233484353749205,1.846696870749841,,True
baseline,6.0,1,115.19999999999771,22,1.5,8.0,30,0.7408762982962842,0.8333333333333334,0.20239404660403534,4.047880932080707,,True,0.428376298296302,0.8333333333333334,0.1170246810173611,2.340493620347222,,True
baseline,6.0,1,125.69999999999791,7,1.5,8.000000000000028,30,0.6282776125105985,0.8666666666666667,0.17163411581549828,3.4326823163099656,,True,0.3032776125106169,0.8666666666666667,0.08284997560535699,1.65699951210714,,True
baseline,6.0,1,149.89999999999577,9,1.5,1.7999999999998977,30,0.694070422294567,0.8666666666666667,0.18960752519605018,3.7921505039210035,,True,0.3690704222945855,0.8666666666666667,0.10082338498590888,2.0164676997181776,,True
baseline,6.0,1,151.69999999999567,19,1.5,inf,30,0.6897304236139153,1.0,0.19655041324594144,3.931008264918829,,True,0.32960741692612694,0.8666666666666667,0.09413565814398445,1.882713162879689,,True
baseline,6.0,2,38.70000000000028,20,1.5,1.6000000000000227,30,0.7085269039072202,0.8333333333333334,0.19355677532049076,3.871135506409815,,True,0.396026903907238,0.8333333333333334,0.10818740973381644,2.163748194676329,,True
baseline,6.0,2,40.3000000000003,25,1.5,6.399999999999977,30,0.6784298833172566,1.0,0.19289248424981414,3.8578496849962827,,True,0.30394357754144036,0.9666666666666667,0.08670915183739118,1.7341830367478237,,True
baseline,6.0,2,65.30000000000057,17,1.2999999999998124,1.2999999999998124,26,0.622292102498326,0.8076923076923077,0.16999898239962502,3.3999796479925006,,True,0.359792102498341,0.8076923076923077,0.09828871530681861,1.9657743061363722,,True
baseline,6.0,2,66.60000000000038,20,1.5,3.3999999999999204,30,0.7145863891505313,1.0,0.2028547960285789,4.0570959205715775,,True,0.3395863891505528,1.0,0.09653113161608463,1.9306226323216926,,True
baseline,6.0,2,70.0000000000003,7,1.5,3.300000000000267,30,0.5550476180633219,1.0,0.16569820799216628,3.3139641598433256,,True,0.21538350172504367,0.8,0.06444259302131831,1.2888518604263663,1.499999999997783,False
baseline,6.0,2,95.19999999999888,19,1.5,6.199999999999633,30,0.6594969138458099,0.8333333333333334,0.1801626660524467,3.603253321048934,,True,0.34699691384582765,0.8333333333333334,0.09479330046577239,1.8958660093154478,,True
baseline,6.0,2,101.39999999999851,13,1.5,1.8000000000003666,30,0.635011289705389,0.8333333333333334,0.18135880024409357,3.6271760048818713,,True,0.32251128970540693,0.8333333333333334,0.09210900894893419,1.8421801789786838,,True
baseline,6.0,2,106.8999999999982,12,1.5,2.5000000000003126,30,1.0583802691223723,0.8333333333333334,0.3022726980162938,6.045453960325876,,True,0.74588026912239,0.8333333333333334,0.21302290672113447,4.26045813442269,,True
baseline,6.0,2,110.99999999999842,7,1.5,3.8999999999997783,30,0.714952651603854,1.0,0.20410386395187982,4.0820772790375965,,True,0.39551592387651124,0.8333333333333334,0.11295908371165712,2.2591816742331425,,True
baseline,6.0,2,115.49999999999773,16,1.5,3.5000000000006963,30,0.7266646988933898,1.0,0.20747223389656114,4.149444677931223,,True,0.40911380329696706,0.8333333333333334,0.11684262899272103,2.336852579854421,,True
baseline,6.0,2,134.79999999999663,5,1.5,8.0,29,0.7346532735216084,0.8620689655172413,0.20069402843749368,4.013880568749873,,True,0.4221532735216259,0.8620689655172413,0.11532466285081937,2.3064932570163874,,True
baseline,6.0,2,147.89999999999588,9,1.5,inf,30,0.7250958447327162,0.8666666666666667,0.1980831112139814,3.9616622242796278,,True,0.40009584473273474,0.8666666666666667,0.10929897100384015,2.185979420076803,,True
baseline,6.0,3,27.900000000000126,14,1.5,1.8000000000000256,30,0.6753703537509025,0.8666666666666667,0.18449900363445002,3.6899800726890004,,True,0.35037035375092096,0.8666666666666667,0.09571486342430871,1.914297268486174,,True
baseline,6.0,3,29.700000000000152,15,1.5,6.199999999999974,30,1.2727873000709742,1.0,0.36306023631672885,7.261204726334577,,True,0.9117920108976334,0.8666666666666667,0.26040718936707913,5.208143787341583,,True
baseline,6.0,3,36.80000000000025,7,0.8999999999998991,0.8999999999998991,18,0.399153632612089,0.7222222222222222,0.11399801089707436,2.279960217941487,,True,0.23665363261209826,0.7222222222222222,0.06758811942359146,1.351762388471829,,True
baseline,6.0,3,48.2000000000003,7,1.5,3.200000000000159,30,0.6398586905760593,0.8333333333333334,0.17479785753472454,3.495957150694491,,True,0.32735869057607697,0.8333333333333334,0.0894284919480502,1.788569838961004,,True
baseline,6.0,3,51.40000000000046,23,1.5,4.799999999999841,30,0.677594167848996,0.8333333333333334,0.19352044180269945,3.870408836053989,,True,0.3650941678490138,0.8333333333333334,0.10427065050754003,2.0854130101508006,,True
baseline,6.0,3,56.20000000000053,22,1.5,3.199999999999932,30,1.0398427173127696,0.8333333333333334,0.2969783855998767,5.939567711997534,,True,0.7273427173127871,0.8333333333333334,0.20772859430471735,4.154571886094347,,True
baseline,6.0,3,65.20000000000057,2,1.5,3.499999999999801,30,0.9074845646028281,0.8333333333333334,0.24790842099151097,4.958168419830219,,True,0.5949845646028458,0.8333333333333334,0.16253905540483674,3.2507811080967346,,True
baseline,6.0,3,68.70000000000037,21,1.5,4.500000000000199,30,0.5222762744709083,1.0,0.14902390349276567,2.9804780698553133,,True,0.19993399751244398,0.8,0.05710101616253944,1.1420203232507888,1.499999999997783,False
baseline,6.0,3,77.99999999999962,7,1.5,8.0,30,0.8148163677863094,0.8333333333333334,0.22259314044019032,4.451862808803806,,True,0.5023163677863272,0.8333333333333334,0.137223774853516,2.74447549707032,,True
baseline,6.0,3,91.59999999999896,15,1.2000000000000455,1.2000000000000455,24,0.6337382004319075,0.7916666666666666,0.1731258499805301,3.462516999610602,,True,0.396238200431921,0.7916666666666666,0.1082451321346576,2.164902642693152,,True
baseline,6.0,3,92.799999999999,10,1.5,6.599999999999639,30,0.7486983371951897,1.0,0.21229335908966657,4.245867181793331,,True,0.3736983371952111,1.0,0.1059696946771723,2.119393893543446,,True
baseline,6.0,3,99.39999999999864,12,0.6,0.20000000000031548,12,0.36706363414490867,0.5833333333333334,0.10483312876632879,2.096662575326576,,True,0.27956363414491364,0.5833333333333334,0.07984318720368414,1.5968637440736826,,True
baseline,6.0,3,101.09999999999852,18,1.5,2.399999999999878,30,0.9389432727964254,1.0,0.2660566505361505,5.321133010723011,,True,0.563943272796447,1.0,0.1597329861236561,3.194659722473122,,True
baseline,6.0,3,103.4999999999984,6,1.5,3.9000000000002473,30,0.6194271024992376,0.8333333333333334,0.18533215568057296,3.706643113611459,,True,0.3069271024992554,0.8333333333333334,0.09183237432373927,1.8366474864747853,,True
baseline,6.0,3,107.99999999999814,5,1.100000000000378,1.100000000000378,22,0.6825461569352522,0.7727272727272727,0.20421733260606992,4.084346652121399,,True,0.47004615693526425,0.7727272727272727,0.14063748128342302,2.8127496256684603,,True
baseline,6.0,3,111.39999999999829,15,0.6,0.100000000000108,12,0.26590982893918597,1.0,0.07568936725673092,1.5137873451346184,,True,0.13590221399829025,0.5833333333333334,0.038813581554874244,0.7762716310974849,,True
baseline,6.0,3,121.89999999999723,23,1.5,8.000000000000014,30,0.864554608903351,0.8333333333333334,0.23618073112677943,4.723614622535589,,True,0.5520546089033685,0.8333333333333334,0.15081136554010519,3.016227310802104,,True
baseline,6.0,3,132.99999999999676,16,0.6,0.09999999999999432,12,0.24046755420850469,0.6666666666666666,0.06784495900626657,1.3568991801253314,,True,0.14046755420851037,0.6666666666666666,0.03959545984849435,0.791909196969887,,True
baseline,6.0,3,133.09999999999675,25,1.5,7.899999999999977,30,0.6646909937908081,0.9333333333333333,0.18900289003102635,3.780057800620527,,True,0.3146909937908279,0.9333333333333333,0.08935355783712656,1.7870711567425313,,True
baseline,6.0,3,140.99999999999673,21,0.6,0.10000000000002274,12,0.3090680397173635,0.5833333333333334,0.08443181591612763,1.6886363183225526,,True,0.22156803971736852,0.5833333333333334,0.060528393551858815,1.2105678710371763,,True
baseline,6.0,3,150.39999999999574,11,1.5,1.6999999999997897,30,0.7556005848928127,0.8666666666666667,0.206416456221514,4.12832912443028,,True,0.4306005848928311,0.8666666666666667,0.11763231601137278,2.3526463202274557,,True
baseline,6.0,3,152.09999999999553,22,1.5,inf,30,0.5020243064905067,1.0,0.14260942679098101,2.85218853581962,,True,0.13553485567801432,0.7666666666666667,0.03867569271050015,0.773513854210003,1.3000000000050846,False
baseline,6.0,4,21.400000000000038,19,1.5,8.0,30,0.7682697051793971,0.8666666666666667,0.20987743145801654,4.197548629160331,,True,0.4432697051794155,0.8666666666666667,0.12109329124787527,2.4218658249575054,,True
baseline,6.0,4,45.10000000000037,6,1.5,8.0,30,0.7122550402734477,0.8333333333333334,0.1945752349569883,3.891504699139766,,True,0.3997550402734655,0.8333333333333334,0.10920586937031397,2.1841173874062796,,True
baseline,6.0,4,63.20000000000063,17,1.5,5.499999999999744,30,0.7123016676592913,0.8333333333333334,0.19458797271810327,3.8917594543620653,,True,0.399801667659309,0.8333333333333334,0.109218607131429,2.18437214262858,,True
baseline,6.0,4,68.70000000000037,12,1.5,2.2999999999998693,30,0.6793377637652825,0.8333333333333334,0.19401841163192082,3.8803682326384163,,True,0.3668377637653004,0.8333333333333334,0.10476862033676143,2.095372406735229,,True
baseline,6.0,4,71.00000000000024,13,0.6,0.20000000000038654,12,0.46012125384978186,1.0,0.1314103228049999,2.628206456099998,,True,0.3557935516711611,0.5833333333333334,0.10161440073861273,2.032288014772255,,True
baseline,6.0,4,71.90000000000019,14,1.5,4.800000000000182,30,2.4963496807742143,1.0,0.7432082105644537,14.864164211289076,,True,2.1213496807742356,1.0,0.6318584709485882,12.637169418971762,,True
baseline,6.0,4,83.89999999999951,11,1.5,8.000000000000014,30,0.3834313865161731,0.8333333333333334,0.10474654148130069,2.094930829626014,,True,0.09343427269015409,0.6,0.025524558667555933,0.5104911733511187,1.1999999999978002,False
baseline,6.0,4,106.29999999999824,24,1.5,8.0,30,0.7833641169672275,0.8333333333333334,0.21400095260435625,4.280019052087125,,True,0.4708641169672453,0.8333333333333334,0.128631587017682,2.5726317403536396,,True
baseline,6.0,4,116.59999999999764,16,1.199999999999946,1.199999999999946,24,0.5495395346076836,0.7916666666666666,0.15012429258962195,3.0024858517924393,,True,0.312039534607697,0.7916666666666666,0.08524357474374945,1.704871494874989,,True
baseline,6.0,4,117.79999999999758,4,1.5,6.599999999999625,30,0.8466034355536532,1.0,0.2405036215206242,4.810072430412484,,True,0.47160343555367457,1.0,0.1341799571081299,2.683599142162598,,True
baseline,6.0,4,124.3999999999972,8,0.6,0.20000000000042917,12,0.2555336818099506,0.5833333333333334,0.07298024886535386,1.4596049773070772,,True,0.16803368180995557,0.5833333333333334,0.0479903073027092,0.959806146054184,,True
baseline,6.0,4,137.59999999999692,4,1.5,3.099999999999824,30,0.6843183518699022,0.8333333333333334,0.18694343538705738,3.7388687077411475,,True,0.37181835186992007,0.8333333333333334,0.10157406980038305,2.031481396007661,,True
baseline,6.0,4,140.69999999999675,24,0.6,0.49999999999954525,12,0.22377521883916363,0.9166666666666666,0.06390535146403377,1.2781070292806753,,True,0.13589658875449392,0.5833333333333334,0.038811974989002865,0.7762394997800572,,True
baseline,6.0,4,141.1999999999963,3,1.5,4.400000000000631,30,1.060161316374862,1.0,0.3154968381220611,6.309936762441222,,True,0.6851613163748834,1.0,0.20397709890372842,4.079541978074569,,True
baseline,6.0,4,152.7999999999955,6,0.6,0.100000000000108,12,0.22413961750263992,0.5833333333333334,0.06368617862687102,1.2737235725374205,,True,0.13663961750264492,0.5833333333333334,0.03885145409256579,0.7770290818513158,,True
baseline,6.0,4,152.8999999999956,9,0.6,0.3000000000004377,12,0.2840905462061719,0.75,0.08118426093061751,1.62368521861235,,True,0.17159054620617833,0.75,0.049039553490232535,0.9807910698046507,,True
baseline,6.0,4,153.19999999999604,16,1.5,inf,30,0.7174138093333144,1.0,0.21242233981757738,4.248446796351548,,True,0.3424138093333359,1.0,0.10107260020171181,2.021452004034236,,True
baseline,6.0,5,31.10000000000017,9,1.5,8.000000000000004,30,0.7214258493243657,0.8666666666666667,0.1970805346388873,3.941610692777746,,True,0.3964258493243842,0.8666666666666667,0.10829639442874599,2.16592788857492,,True
baseline,6.0,5,80.79999999999968,15,1.5,5.299999999999699,30,0.7054717149624361,0.8333333333333334,0.1927221527862071,3.854443055724142,,True,0.3929717149624539,0.8333333333333334,0.10735278719953281,2.147055743990656,,True
baseline,6.0,5,86.09999999999938,16,1.5,2.7000000000003013,30,0.9776679821818596,0.8333333333333334,0.27922132277022604,5.584426455404521,,True,0.6651679821818772,0.8333333333333334,0.18997153147506654,3.7994306295013307,,True
baseline,6.0,5,92.09999999999904,12,1.5,2.000000000000341,30,0.725633321627743,0.8333333333333334,0.20724039203869785,4.144807840773957,,True,0.41313332162776084,0.8333333333333334,0.11799060074353843,2.3598120148707684,,True
baseline,6.0,5,99.19999999999864,17,0.9000000000004036,0.9000000000004036,18,0.3526712977979532,0.7222222222222222,0.1007226871176389,2.014453742352778,,True,0.19017129779796246,0.7222222222222222,0.054312795644155976,1.0862559128831195,,True
baseline,6.0,5,115.99999999999768,5,1.5,8.0,30,0.7674558782737673,0.8333333333333334,0.20965510862079736,4.193102172415947,,True,0.454955878273785,0.8333333333333334,0.12428574303412306,2.485714860682461,,True
baseline,6.0,5,129.39999999999694,14,1.5,2.199999999999875,30,0.6825148395792462,0.8666666666666667,0.1864507483467979,3.729014966935958,,True,0.35751483957926466,0.8666666666666667,0.09766660813665659,1.953332162733132,,True
baseline,6.0,5,131.5999999999968,24,1.5,1.6999999999999034,30,0.6955747968440072,1.0,0.19856498071267228,3.9712996142534456,,True,0.3632691613484015,0.8666666666666667,0.10374942986980579,2.074988597396116,,True
baseline,6.0,5,133.29999999999671,18,1.5,4.100000000000222,30,0.614079757433956,1.0,0.18315243072193055,3.663048614438611,,True,0.24662681412920665,0.9,0.07378812585541233,1.4757625171082467,,True
baseline,6.0,5,149.5999999999958,7,1.5,inf,30,0.7861226907193892,0.8666666666666667,0.21475454521602383,4.295090904320476,,True,0.46112269071940776,0.8666666666666667,0.12597040500588252,2.5194081001176505,,True
baseline,6.0,6,28.20000000000013,3,1.5,8.0,30,0.8091771274905585,0.8666666666666667,0.22105260166758517,4.421052033351703,,True,0.4841771274905769,0.8666666666666667,0.13226846145744392,2.645369229148878,,True
baseline,6.0,6,51.100000000000456,12,1.5,8.0,30,0.7224177524899021,0.8333333333333334,0.19735150469957616,3.9470300939915233,,True,0.40991775248991974,0.8333333333333334,0.11198213911290185,2.239642782258037,,True
baseline,6.0,6,67.00000000000047,11,1.5,3.799999999999784,30,0.625459166953641,0.8333333333333334,0.17086416730625653,3.4172833461251306,,True,0.31295916695365883,0.8333333333333334,0.08549480171958222,1.7098960343916445,,True
baseline,6.0,6,70.80000000000025,10,1.5,4.200000000000216,30,0.948270326650518,0.8333333333333334,0.27082537198386,5.4165074396772,,True,0.6357703266505357,0.8333333333333334,0.1815755806887006,3.631511613774012,,True
baseline,6.0,6,97.49999999999874,24,1.1999999999999034,1.1999999999999034,24,0.616554872279824,0.7916666666666666,0.16843167454689462,3.368633490937892,,True,0.3790548722798375,0.7916666666666666,0.10355095670102214,2.071019134020443,,True
baseline,6.0,6,98.69999999999864,7,1.5,6.800000000000097,30,0.6825598749176736,1.0,0.19372720885789857,3.874544177157971,,True,0.3075598749176948,1.0,0.0872483274170649,1.744966548341298,,True
baseline,6.0,6,109.49999999999852,10,1.5,8.0,30,0.6761239934644178,0.8333333333333334,0.18470488441596594,3.694097688319319,,True,0.36362399346443564,0.8333333333333334,0.0993355188292916,1.986710376585832,,True
baseline,6.0,6,130.8999999999973,11,1.5,4.899999999999267,30,0.66519182144917,0.8666666666666667,0.18171841212980222,3.6343682425960444,,True,0.3401918214491885,0.8666666666666667,0.09293427191966093,1.8586854383932185,,True
baseline,6.0,6,135.79999999999657,21,1.5,2.8999999999997215,30,0.6537685526668152,0.8666666666666667,0.18671586201873613,3.7343172403747227,,True,0.3287685526668337,0.8666666666666667,0.09389607907177037,1.8779215814354075,,True
baseline,6.0,6,138.6999999999963,3,0.6,0.2000000000010118,12,0.2016723228237974,0.5833333333333334,0.05759748071051192,1.1519496142102383,,True,0.11417232282380238,0.5833333333333334,0.03260753914786727,0.6521507829573454,,True
baseline,6.0,7,25.000000000000085,6,1.5,3.9000000000000554,30,0.7423948056183016,0.8666666666666667,0.2028088754255373,4.056177508510746,,True,0.41739480561832004,0.8666666666666667,0.11402473521539598,2.2804947043079196,,True
baseline,6.0,7,28.90000000000014,16,1.5,4.099999999999945,30,0.6510867933713986,0.8666666666666667,0.18594995335499281,3.7189990670998565,,True,0.3260867933714171,0.8666666666666667,0.09313017040802704,1.862603408160541,,True
baseline,6.0,7,45.400000000000375,9,1.5,4.4000000000000625,30,0.7376213562489643,0.8333333333333334,0.2015048551237118,4.030097102474236,,True,0.425121356248982,0.8333333333333334,0.1161354895370375,2.32270979074075,,True
baseline,6.0,7,49.80000000000044,8,1.5,3.5999999999999375,30,1.0032294177463401,0.8333333333333334,0.286521651696097,5.7304330339219405,,True,0.6907294177463579,0.8333333333333334,0.19727186040093764,3.9454372080187525,,True
baseline,6.0,7,74.80000000000003,7,0.7999999999998408,0.7999999999998408,16,0.329346155771727,0.6875,0.08997143160526062,1.7994286321052124,,True,0.19184615577173483,0.6875,0.052408910747123914,1.0481782149424783,,True
baseline,6.0,7,75.59999999999987,6,1.5,7.200000000000159,30,1.6077402119061108,1.0,0.4578241186918808,9.156482373837616,,True,1.232740211906132,1.0,0.351345237251047,7.02690474502094,,True
baseline,6.0,7,95.69999999999884,15,1.5,1.7999999999998977,30,0.7597476961205708,0.8333333333333334,0.20754937223601358,4.150987444720272,,True,0.44724769612058857,0.8333333333333334,0.12218000664933924,2.4436001329867847,,True
baseline,6.0,7,97.49999999999874,25,1.5,2.6999999999998465,30,0.6825287444431244,1.0,0.19420193721529647,3.884038744305929,,True,0.31320990528577997,0.9,0.08943026351298324,1.7886052702596646,,True
baseline,6.0,7,100.19999999999858,13,1.5,3.500000000000256,30,0.868507696589054,0.8333333333333334,0.25985689516098714,5.197137903219743,,True,0.5560076965890718,0.8333333333333334,0.16635711380415344,3.3271422760830687,,True
baseline,6.0,7,137.39999999999648,2,1.5,8.0,30,0.7314181157643032,0.8666666666666667,0.199810241668489,3.9962048333697804,,True,0.4064181157643217,0.8666666666666667,0.11102610145834776,2.2205220291669554,,True
baseline,6.0,7,150.09999999999576,22,0.6,0.10000000000044906,12,0.26308444613127296,0.6666666666666666,0.07378648400480894,1.4757296800961788,,True,0.16308444613127865,0.6666666666666666,0.045692201875376134,0.9138440375075227,,True
baseline,6.0,7,150.1999999999962,13,1.5,inf,30,0.7238973223872562,0.9333333333333333,0.2053943337071161,4.107886674142322,,True,0.3738973223872762,0.9333333333333333,0.10590021854155575,2.118004370831115,,True
B2,12.0,0,52.600000000000506,22,1.5,8.0,30,0.70717237371467,0.8666666666666667,0.1931867420942316,3.863734841884632,,True,0.38217237371468854,0.8666666666666667,0.10440260188409031,2.0880520376818064,,True
B2,12.0,0,66.80000000000048,2,1.5,5.09999999999971,30,0.6625200377241522,0.8333333333333334,0.18098852898871562,3.6197705797743125,,True,0.3500200377241702,0.8333333333333334,0.0956191634020413,1.912383268040826,,True
B2,12.0,0,71.90000000000019,15,1.5,2.90000000000029,30,0.680510311473914,0.8333333333333334,0.19435329047441358,3.8870658094882717,,True,0.3680103114739317,0.8333333333333334,0.10510349917925411,2.1020699835850825,,True
B2,12.0,0,75.39999999999999,24,1.5,3.099999999999824,30,0.6011597731504222,0.8333333333333334,0.17169082972391567,3.4338165944783134,,True,0.28961887487521326,0.8,0.08271495724081017,1.6542991448162034,1.499999999997783,False
B2,12.0,0,78.49999999999982,5,0.6,0.10000000000002274,12,0.20630061447420006,0.5833333333333334,0.06439174055671436,1.2878348111342872,,True,0.11880061447420505,0.5833333333333334,0.0370898044005189,0.741796088010378,,True
B2,12.0,0,78.59999999999984,21,1.3000000000003524,1.3000000000003524,26,0.6144287045157051,0.8846153846153846,0.1926089614965169,3.8521792299303383,,True,0.3269287045157214,0.8846153846153846,0.10247517226852917,2.0495034453705836,,True
B2,12.0,0,85.29999999999943,12,1.2000000000003865,1.2000000000003865,24,0.5470683681364102,0.7916666666666666,0.16368247298559074,3.273649459711815,,True,0.3095683681364237,0.7916666666666666,0.0926226391543971,1.852452783087942,,True
B2,12.0,0,101.89999999999849,8,1.5,2.6999999999998323,30,0.6899528862153725,0.8333333333333334,0.18848268857889464,3.7696537715778926,,True,0.3774528862153903,0.8333333333333334,0.10311332299222035,2.062266459844407,,True
B2,12.0,0,104.59999999999832,23,1.3999999999999204,1.3999999999999204,28,0.6077875627113818,0.8214285714285714,0.1735837219961202,3.4716744399224044,,True,0.32028756271139824,0.8214285714285714,0.09147391400457354,1.8294782800914708,,True
B2,12.0,0,105.99999999999824,7,1.5,3.9000000000002473,30,0.6968784719489346,1.0,0.20750890103347078,4.150178020669416,,True,0.32195146680175707,0.9666666666666667,0.09618000869881516,1.9236001739763031,,True
B2,12.0,0,112.69999999999833,23,1.299999999999912,1.299999999999912,26,0.0,0.0,0.0,0.0,0.0,False,0.0,0.0,0.0,0.0,0.0,False
B2,12.0,0,115.19999999999764,22,1.5,5.500000000000682,30,0.5280285965119198,0.8333333333333334,0.15080461451701593,3.0160922903403184,,True,0.2235503483747133,0.7,0.0638458301964944,1.2769166039298878,1.349999999997877,False
B2,12.0,0,121.59999999999737,25,1.5,1.6000000000002785,30,0.21345101165390867,0.8,0.06096146637392983,1.2192293274785966,1.449999999997786,False,0.015621465426268456,0.23333333333333334,0.00446148009286108,0.0892296018572216,0.5999999999978343,False
B2,12.0,0,134.29999999999666,20,1.5,6.100000000000108,30,0.617718924277337,0.8666666666666667,0.16874967256461496,3.374993451292299,,True,0.2927189242773556,0.8666666666666667,0.07996553235447364,1.5993106470894727,,True
B2,12.0,0,140.39999999999677,2,0.8999999999999488,0.8999999999999488,18,0.3837985062908436,0.7222222222222222,0.10961259707473182,2.1922519414946366,,True,0.22129850629085282,0.7222222222222222,0.06320270560124891,1.2640541120249782,,True
B2,12.0,0,141.29999999999671,8,0.9999999999999432,0.9999999999999432,20,0.5789548287951054,1.0,0.1715615370830202,3.4312307416604035,,True,0.32895482879511956,1.0,0.0976117100098881,1.952234200197762,,True
B2,12.0,0,142.8999999999962,19,1.5,5.500000000000568,30,0.20171325836695986,0.9666666666666667,0.0594496263814656,1.188992527629312,1.4500000000023618,False,0.016385404620725907,0.13333333333333333,0.004679660616597168,0.09359321233194336,0.20000000000207763,False
B2,12.0,1,24.100000000000072,18,0.6,0.40000000000000924,12,0.2632867181303241,0.6666666666666666,0.0719251843013907,1.438503686027814,,True,0.16328671813032983,0.6666666666666666,0.044606987313654894,0.8921397462730979,,True
B2,12.0,1,24.50000000000008,13,0.6,0.40000000000000213,12,0.361144002316669,1.0,0.1015270539677553,2.030541079355106,,True,0.21114400231667754,1.0,0.059308022259436384,1.1861604451887278,,True
B2,12.0,1,24.900000000000084,7,1.5,3.2000000000000455,30,0.6324205974866753,1.0,0.18766696604681576,3.7533393209363153,,True,0.26160592654580483,0.9333333333333333,0.077399474354669,1.54798948709338,1.400000000000155,False
B2,12.0,1,28.10000000000013,19,1.5,3.999999999999943,30,0.7615255811337218,0.8666666666666667,0.23924031712103985,4.784806342420797,,True,0.43652558113374046,0.8666666666666667,0.13713855587937743,2.7427711175875484,,True
B2,12.0,1,34.30000000000022,24,1.5,1.799999999999912,30,0.8951750328443693,0.8333333333333334,0.25566139153280654,5.113227830656131,,True,0.582675032844387,0.8333333333333334,0.16641160023764717,3.3282320047529437,,True
B2,12.0,1,36.80000000000025,5,1.5,1.900000000000027,30,0.6720630112729079,0.9666666666666667,0.19183851228177934,3.836770245635587,,True,0.3513297895465187,0.8333333333333334,0.1003395532569629,2.0067910651392578,,True
B2,12.0,1,38.70000000000028,4,1.4999999999999076,1.4999999999999076,30,1.0568757148013055,1.0,0.315769409653237,6.315388193064741,,True,0.7115032288399002,0.8333333333333334,0.21288126825989037,4.257625365197807,,True
B2,12.0,1,40.20000000000019,7,0.6,0.20000000000011653,12,0.4023796312000937,1.0,0.12695331442121152,2.5390662884242303,,True,0.2523796312001022,1.0,0.07995737168659241,1.599147433731848,,True
B2,12.0,1,40.400000000000304,14,0.6,0.30000000000000426,12,0.4534211512003221,1.0,0.14704532572927992,2.940906514585598,,True,0.30342115120033064,1.0,0.09824500124917807,1.9649000249835613,,True
B2,12.0,1,40.70000000000031,17,1.5,1.599999999999909,30,0.7255802193831175,1.0,0.2499942096895821,4.999884193791642,,True,0.3514527181046462,0.9666666666666667,0.12054731822715349,2.41094636454307,1.4999999999994316,False
B2,12.0,1,55.80000000000052,15,1.5,5.10000000000008,30,0.7238899011639176,0.8333333333333334,0.19775366917429607,3.9550733834859213,,True,0.4113899011639354,0.8333333333333334,0.1123843035876218,2.247686071752436,,True
B2,12.0,1,60.9000000000006,23,1.5,2.8999999999999204,30,0.5920309473143252,0.8333333333333334,0.1690836431618626,3.3816728632372524,,True,0.27953094731434286,0.8333333333333334,0.07983385186670319,1.596677037334064,,True
B2,12.0,1,64.10000000000063,3,1.499999999999801,1.499999999999801,30,0.8103746625900782,0.8333333333333334,0.2314424624225724,4.6288492484514485,,True,0.497874662590096,0.8333333333333334,0.14219267112741302,2.8438534225482606,,True
B2,12.0,1,65.60000000000043,13,1.5,3.3000000000001677,30,0.4923864880923146,1.0,0.14622129685546545,2.924425937109309,,True,0.14443309550288416,0.7333333333333333,0.04279388365099058,0.8558776730198115,1.1499999999979167,False
B2,12.0,1,69.20000000000034,21,0.8999999999999488,0.8999999999999488,18,0.4768948084443086,0.7222222222222222,0.14268659302321443,2.8537318604642885,,True,0.3143948084443178,0.7222222222222222,0.09406670671766089,1.8813341343532177,,True
B2,12.0,1,70.10000000000029,11,1.5,2.000000000000341,30,0.818140828200378,1.0,0.25468248208160205,5.093649641632041,,True,0.4431408282003993,1.0,0.13780775538555998,2.7561551077111996,,True
B2,12.0,1,76.59999999999981,14,0.6000000000005343,0.6000000000005343,12,0.2146867032544737,0.5833333333333334,0.06423411140644444,1.2846822281288888,,True,0.12718670325447867,0.5833333333333334,0.038054172626531005,0.76108345253062,,True
B2,12.0,1,82.8999999999998,23,1.5,1.7000000000000028,30,0.6580457725144461,0.8666666666666667,0.1879374331506548,3.758748663013096,,True,0.3330457725144645,0.8666666666666667,0.09511765020368904,1.9023530040737806,,True
B2,12.0,1,89.59999999999964,21,1.3000000000001677,1.3000000000001677,26,0.6354467763037582,0.8076923076923077,0.18148317492574573,3.6296634985149145,,True,0.3729467763037731,0.8076923076923077,0.10651335023781178,2.1302670047562353,,True
B2,12.0,1,94.09999999999891,9,1.5,2.4999999999998863,30,0.7151944601822151,0.8333333333333334,0.2042590601815058,4.085181203630116,,True,0.40269446018223287,0.8333333333333334,0.11500926888634637,2.3001853777269274,,True
B2,12.0,1,96.5999999999988,8,1.0000000000008384,1.0000000000008384,20,0.6001185572369705,0.75,0.17955505244748307,3.5911010489496613,,True,0.41261855723698115,0.75,0.12345518363338286,2.469103672667657,,True
B2,12.0,1,99.99999999999837,7,0.6,0.20000000000067075,12,0.2711040720008043,0.5833333333333334,0.08340518169951833,1.6681036339903665,,True,0.18360407200080922,0.5833333333333334,0.056477244668750204,1.129544893375004,,True
B2,12.0,1,100.19999999999904,11,1.5,1.8999999999998778,30,1.001720296172822,0.9666666666666667,0.31293503794475064,6.258700758895013,,True,0.6392202961728425,0.9666666666666667,0.19961330294026822,3.9922660588053644,,True
B2,12.0,1,103.69999999999928,21,0.8999999999995225,0.8999999999995225,18,0.40129525054925247,1.0,0.12593326181228617,2.5186652362457234,,True,0.21711345820165104,0.7777777777777778,0.06820820452817816,1.3641640905635632,,True
B2,12.0,1,106.49999999999812,4,1.5,1.5000000000002416,30,0.7823471784425887,0.8333333333333334,0.24578161483519395,4.915632296703879,,True,0.4698471784426066,0.8333333333333334,0.14760684441051858,2.9521368882103713,,True
B2,12.0,1,114.499999999998,7,0.6999999999997186,0.6999999999997186,14,0.3886627831042028,0.7142857142857143,0.10617566470642842,2.1235132941285686,,True,0.26366278310420993,0.7142857142857143,0.0720279184717587,1.440558369435174,,True
B2,12.0,1,115.19999999999771,22,1.5,7.300000000000281,30,0.8002568076892854,1.0,0.22635554298261493,4.527110859652298,,True,0.4252568076893068,1.0,0.12003187857012065,2.400637571402413,,True
B2,12.0,1,133.69999999999737,7,1.5,8.0,30,0.7787992026717228,0.8666666666666667,0.21275390032478889,4.255078006495777,,True,0.4537992026717413,0.8666666666666667,0.12396976011464765,2.479395202292953,,True
B2,12.0,2,38.70000000000028,20,1.5,1.6000000000000227,30,0.6959138907162749,0.8333333333333334,0.19011112753089904,3.802222550617981,,True,0.3834138907162926,0.8333333333333334,0.10474176194422476,2.094835238884495,,True
B2,12.0,2,40.3000000000003,25,1.5,6.399999999999977,30,0.686716961226848,1.0,0.19538883639730312,3.9077767279460622,,True,0.31741238177047987,0.9,0.09062105818819247,1.8124211637638492,,True
B2,12.0,2,49.30000000000043,23,0.9000000000000128,0.9000000000000128,18,0.3815621380776917,0.7222222222222222,0.10423589651068613,2.0847179302137224,,True,0.21906213807770095,0.7222222222222222,0.05984382640561546,1.1968765281123093,,True
B2,12.0,2,50.20000000000044,14,1.5,4.300000000000054,30,0.8081744087704706,1.0,0.22950664207360516,4.590132841472103,,True,0.433174408770492,1.0,0.12318297766111083,2.4636595532222167,,True
B2,12.0,2,54.5000000000005,12,1.5,2.799999999999933,30,0.7542773284166934,0.8333333333333334,0.22567924892602093,4.513584978520418,,True,0.4417773284167111,0.8333333333333334,0.13217946756918714,2.643589351383743,,True
B2,12.0,2,58.10000000000056,18,0.6,0.09999999999988063,12,0.28652860525479995,0.5833333333333334,0.0818323783010736,1.6366475660214719,,True,0.199028605254805,0.5833333333333334,0.056842436738428946,1.136848734768579,,True
B2,12.0,2,59.00000000000057,7,1.5,3.0999999999999304,30,0.9300646928749656,1.0,0.275916656614911,5.51833313229822,,True,0.555064692874987,1.0,0.16456691699904524,3.291338339980905,,True
B2,12.0,2,62.1000000000005,23,0.6,0.3999999999999986,12,0.22661439085483007,0.5833333333333334,0.06962923089620138,1.3925846179240275,,True,0.13911439085483507,0.5833333333333334,0.04270129386543326,0.8540258773086652,,True
B2,12.0,2,65.30000000000057,17,0.7999999999999972,0.7999999999999972,16,0.3384071807753971,0.6875,0.10631375130460208,2.1262750260920416,,True,0.20090718077540495,0.6875,0.06311685231774487,1.2623370463548975,,True
B2,12.0,2,66.3000000000004,12,0.6,0.29999999999998295,12,0.24184759558656715,0.5833333333333334,0.07656077831808396,1.531215566361679,,True,0.15434759558657213,0.5833333333333334,0.04886515887196499,0.9773031774392998,,True
B2,12.0,2,66.60000000000038,20,0.6,0.4000000000001904,12,0.4325493069550432,1.0,0.13821228456192086,2.7642456912384175,,True,0.2825493069550518,1.0,0.09026165984923726,1.8052331969847453,,True
B2,12.0,2,70.50000000000048,23,1.5,2.8000000000000824,30,0.0611792742809609,0.6,0.019220035863302173,0.38440071726604347,,True,0.0,0.0,0.0,0.0,0.0,False
B2,12.0,2,77.99999999999994,7,0.6,0.50000000000054,12,0.24367428455067125,0.5833333333333334,0.06912101223242244,1.3824202446484488,,True,0.15617428455067622,0.5833333333333334,0.044286287698117204,0.8857257539623441,,True
B2,12.0,2,80.39999999999971,11,1.5,5.600000000000236,30,0.7111388633239578,0.8666666666666667,0.20309851935722775,4.061970387144555,,True,0.3984564517889332,0.8333333333333334,0.11379889651959715,2.275977930391943,,True
B2,12.0,2,95.19999999999888,19,1.0000000000003837,1.0000000000003837,20,0.47562731019159965,0.75,0.12993280552561762,2.5986561105123522,,True,0.28812731019161014,0.75,0.07871118617361303,1.5742237234722607,,True
B2,12.0,2,96.19999999999926,11,1.5,5.19999999999925,30,0.7455188773023439,1.0,0.21165065044144282,4.2330130088288564,,True,0.37051887730236527,1.0,0.10517176900060911,2.1034353800121823,,True
B2,12.0,2,101.39999999999851,13,1.5,1.8000000000003666,30,0.6860849125073333,0.8333333333333334,0.20527612579731752,4.10552251594635,,True,0.373584912507351,0.8333333333333334,0.11177634444048379,2.2355268888096758,,True
B2,12.0,2,112.69999999999789,24,1.3999999999997925,1.3999999999997925,28,0.6429252252162967,0.8214285714285714,0.17563557950844183,3.512711590168837,,True,0.3554252252163131,0.8214285714285714,0.09709576316870144,1.9419152633740289,,True
B2,12.0,2,114.09999999999768,14,1.1999999999999176,1.1999999999999176,24,0.562237188803445,1.0,0.15962055524638666,3.192411104927733,,True,0.262237188803462,1.0,0.07471684074473062,1.4943368148946123,,True
B2,12.0,2,115.2999999999976,25,0.6,0.20000000000013074,12,0.33710889879588635,1.0,0.10101814094118572,2.020362818823714,,True,0.18710889879589493,1.0,0.056427245214099385,1.1285449042819877,,True
B2,12.0,2,115.49999999999773,16,0.999999999999929,0.999999999999929,20,0.6106611334277222,1.0,0.18911134282433795,3.782226856486759,,True,0.3606611334277364,1.0,0.1116765239006329,2.233530478012658,,True
B2,12.0,2,116.49999999999766,6,1.5,2.5000000000004263,30,0.5526863448067922,1.0,0.18063829192010242,3.6127658384020482,,True,0.18727759583228343,0.8333333333333334,0.060833243047124966,1.2166648609424993,1.2999999999977803,False
B2,12.0,2,118.99999999999808,7,1.5,1.699999999999804,30,0.6323996932360529,0.8333333333333334,0.22074913671142465,4.414982734228493,,True,0.31989969323607065,0.8333333333333334,0.11166605846178541,2.2333211692357082,,True
B2,12.0,2,122.89999999999765,12,0.6,0.39999999999994884,12,0.08234308893883065,0.6666666666666666,0.02655401710716453,0.5310803421432906,,True,0.0034046077868590437,0.25,0.0010695890811550843,0.021391781623101687,,True
B2,12.0,2,124.99999999999716,2,1.5,2.0000000000009237,30,0.7468713792742935,1.0,0.2232309927037758,4.464619854075516,,True,0.41728299957378895,0.8333333333333334,0.12485078151704082,2.497015630340816,,True
B2,12.0,2,129.1999999999974,24,1.5,1.7000000000002444,30,0.8855045461390189,0.8666666666666667,0.264942340654353,5.29884681308706,,True,0.5605045461390374,0.8666666666666667,0.16770256804324585,3.3540513608649167,,True
B2,12.0,2,134.79999999999663,5,1.5,2.400000000000773,29,0.6987817806273461,0.8620689655172413,0.1995716098619331,3.991432197238662,,True,0.3862817806273639,0.8620689655172413,0.11032181856677367,2.2064363713354735,,True
B2,12.0,2,147.89999999999588,9,1.5,inf,30,0.6674772417120088,0.8666666666666667,0.1823427477392022,3.646854954784044,,True,0.3424772417120272,0.8666666666666667,0.0935586075290609,1.8711721505812178,,True
B2,12.0,3,25.60000000000012,25,1.5,2.300000000000008,30,0.9332025204635015,0.8666666666666667,0.2549341028347492,5.098682056694984,,True,0.6082025204635203,0.8666666666666667,0.16614996262460788,3.3229992524921577,,True
B2,12.0,3,27.900000000000126,14,1.5,1.8000000000000256,30,0.510496822232784,1.0,0.14561677690766783,2.9123355381533567,,True,0.17704159887337872,0.7666666666666667,0.05056296240003616,1.0112592480007232,1.3500000000001506,False
B2,12.0,3,29.700000000000152,15,1.5,3.89999999999997,30,0.8387252994525164,1.0,0.25089027282571613,5.017805456514322,,True,0.5096260288729503,0.8666666666666667,0.15247975127480007,3.0495950254960014,,True
B2,12.0,3,36.80000000000025,7,0.8999999999998991,0.8999999999998991,18,0.5147803497017889,0.7222222222222222,0.14702092407595674,2.940418481519135,,True,0.352280349701798,0.7222222222222222,0.10061103260247385,2.012220652049477,,True
B2,12.0,3,41.60000000000035,17,1.5,3.1999999999999034,30,0.4347106888033463,0.8666666666666667,0.12415308239832275,2.483061647966455,,True,0.11375899362853722,0.7666666666666667,0.032489492605743665,0.6497898521148733,1.3999999999993449,False
B2,12.0,3,45.50000000000038,22,1.0000000000000142,1.0000000000000142,20,0.5217780343184599,0.75,0.14901945812903603,2.9803891625807206,,True,0.3342780343184706,0.75,0.09546958335194038,1.9093916670388076,,True
B2,12.0,3,46.50000000000039,6,1.5,1.6999999999999105,30,0.5319765678947079,1.0,0.15724577941817075,3.144915588363415,,True,0.16371078604854683,0.8333333333333334,0.04791091316227702,0.9582182632455404,1.2999999999990308,False
B2,12.0,3,48.2000000000003,7,1.4000000000000483,1.4000000000000483,28,0.9694223118435903,1.0,0.30412970107011017,6.082594021402203,,True,0.6536267750029964,0.8214285714285714,0.20534290745390016,4.106858149078003,,True
B2,12.0,3,51.40000000000046,23,1.5,2.099999999999916,30,0.7559982619138303,0.8333333333333334,0.2375038585755142,4.750077171510284,,True,0.4434982619138483,0.8333333333333334,0.13932908815083875,2.786581763016775,,True
B2,12.0,3,64.20000000000051,22,1.0000000000000568,1.0000000000000568,20,0.4701027488118061,0.75,0.12842359496517722,2.5684718993035442,,True,0.28260274881181674,0.75,0.07720197561317262,1.5440395122634523,,True
B2,12.0,3,65.20000000000057,2,1.5,3.399999999999693,30,0.7161436466382903,1.0,0.2029950848169441,4.059901696338882,,True,0.34114364663831165,1.0,0.09667142040444984,1.933428408088997,,True
B2,12.0,3,68.60000000000026,15,0.6,0.100000000000108,12,0.17521664975500154,0.5833333333333334,0.05605795236169203,1.1211590472338406,,True,0.08771664975500655,0.5833333333333334,0.027909597132161054,0.5581919426432211,,True
B2,12.0,3,68.70000000000037,8,1.5,3.500000000000142,30,0.5382640745962893,0.9,0.17611554423391118,3.5223108846782236,,True,0.20211871397798742,0.8333333333333334,0.06574166918673205,1.314833383734641,1.449999999997786,False
B2,12.0,3,68.70000000000037,21,1.5,3.500000000000142,30,0.5382640745962893,0.9,0.17611554423391118,3.5223108846782236,,True,0.20211871397798742,0.8333333333333334,0.06574166918673205,1.314833383734641,1.449999999997786,False
B2,12.0,3,75.99999999999984,23,0.6000000000004206,0.6000000000004206,12,0.19293007184430444,0.5833333333333334,0.060610769636261795,1.212215392725236,,True,0.1054300718443094,0.5833333333333334,0.03312183391735266,0.6624366783470532,,True
B2,12.0,3,77.99999999999962,7,1.5,6.000000000000227,30,0.46901157930918724,0.8333333333333334,0.13394939381875343,2.6789878763750687,,True,0.15651157930920484,0.8333333333333334,0.04469960252359404,0.8939920504718808,,True
B2,12.0,3,85.7999999999994,19,0.6,0.200000000000216,12,0.2563487108566085,0.5833333333333334,0.07002984580733349,1.4005969161466698,,True,0.16884871085661346,0.5833333333333334,0.046126423443064675,0.9225284688612935,,True
B2,12.0,3,89.09999999999921,12,1.5,3.6999999999997897,30,0.7040900750943413,0.8333333333333334,0.20108765521653343,4.021753104330669,,True,0.3915900750943591,0.8333333333333334,0.11183786392137404,2.236757278427481,,True
B2,12.0,3,92.799999999999,10,1.000000000000398,1.000000000000398,20,0.5234640646737201,0.75,0.1566200819044963,3.132401638089926,,True,0.33596406467373074,0.75,0.10052021309039609,2.010404261807922,,True
B2,12.0,3,96.0999999999988,18,1.000000000000398,1.000000000000398,20,0.2695567537762158,0.75,0.08065119213227351,1.6130238426454702,,True,0.08205675377622643,0.75,0.024551323318173304,0.4910264663634661,,True
B2,12.0,3,99.59999999999896,15,1.2000000000000455,1.2000000000000455,24,0.3955963794465057,0.8333333333333334,0.11836215994817738,2.3672431989635476,,True,0.14559637944651999,0.8333333333333334,0.043562334862710404,0.8712466972542081,,True
B2,12.0,3,107.39999999999864,12,0.6,0.20000000000031548,12,0.25495288594487403,0.5833333333333334,0.06964853160834196,1.3929706321668391,,True,0.16745288594487903,0.5833333333333334,0.04574510924407316,0.9149021848814631,,True
B2,12.0,3,107.99999999999814,5,1.100000000000378,1.100000000000378,22,0.6423470487232077,1.0,0.1813808787927373,3.627617575854746,,True,0.36734704872322343,1.0,0.10361714759469402,2.0723429518938805,,True
B2,12.0,3,109.09999999999852,18,1.5,2.3999999999993236,30,0.943731301087648,1.0,0.28105659660070376,5.621131932014075,,True,0.5687313010876693,1.0,0.16970685698483812,3.3941371396967623,,True
B2,12.0,3,111.49999999999784,6,1.5,2.0999999999998806,30,0.5729365834174502,0.9333333333333333,0.17993028554926374,3.5986057109852747,,True,0.25627675406669076,0.8,0.08051171678617539,1.6102343357235078,1.4999999999978826,False
B2,12.0,3,113.59999999999772,9,1.5,1.8000000000009209,30,0.6995056087082537,0.9,0.23132142690274218,4.626428538054844,,True,0.37445387770714356,0.8666666666666667,0.12382963698031295,2.476592739606259,,True
B2,12.0,3,119.39999999999829,15,0.6,0.09999999999955378,12,0.27895369125417696,0.5833333333333334,0.07966898792144342,1.5933797584288683,,True,0.19145369125418193,0.5833333333333334,0.05467904635879878,1.0935809271759755,,True
B2,12.0,3,129.89999999999725,23,1.5,2.299999999999528,30,0.8003171212812251,0.8666666666666667,0.21863220771819375,4.372644154363875,,True,0.4753171212812437,0.8666666666666667,0.12984806750805247,2.5969613501610493,,True
B2,12.0,3,132.19999999999678,20,0.6,0.4000000000003183,12,0.36449697415976773,0.75,0.10409707846538908,2.081941569307782,,True,0.2642542556760472,0.6666666666666666,0.07547083893742809,1.509416778748562,,True
B2,12.0,3,132.5999999999971,22,0.6,0.3999999999996646,12,0.8677431431391377,1.0,0.2571374056684037,5.142748113368074,,True,0.7177431431391463,1.0,0.21293750902699135,4.258750180539827,,True
B2,12.0,3,132.99999999999676,16,1.5,4.900000000000489,30,1.73019677247413,1.0,0.5384943046426395,10.76988609285279,,True,1.3551967724741512,1.0,0.4214325783838835,8.428651567677669,,True
B2,12.0,3,140.99999999999673,21,0.6,0.0999999999994543,12,0.23823588917766308,0.5,0.06804001084199804,1.3608002168399609,,True,0.16323588917766735,0.5,0.04662006093115977,0.9324012186231955,,True
B2,12.0,3,141.0999999999962,25,1.5,7.900000000000546,30,0.8923936747686135,0.8666666666666667,0.25486703752391593,5.097340750478319,,True,0.5673936747686322,0.8666666666666667,0.16204725457695018,3.240945091539004,,True
B2,12.0,3,150.39999999999574,11,1.5,inf,30,0.9615526228748282,0.8666666666666667,0.2626788396577006,5.2535767931540125,,True,0.6365526228748466,0.8666666666666667,0.17389469944755936,3.4778939889511875,,True
B2,12.0,4,21.400000000000038,19,1.5,8.0,30,0.7713469269512017,0.8666666666666667,0.21071807296338763,4.214361459267753,,True,0.4463469269512202,0.8666666666666667,0.12193393275324634,2.4386786550649266,,True
B2,12.0,4,45.10000000000037,6,1.5,8.0,30,0.7089681034942318,0.8333333333333334,0.1936773030927797,3.8735460618555937,,True,0.3964681034942495,0.8333333333333334,0.10830793750610543,2.1661587501221087,,True
B2,12.0,4,54.4000000000005,11,1.5,7.0000000000000995,30,0.7908599946882525,0.8333333333333334,0.21604869124614579,4.320973824922916,,True,0.47835999468827034,0.8333333333333334,0.13067932565947152,2.6135865131894302,,True
B2,12.0,4,61.4000000000006,14,0.9999999999999005,0.9999999999999005,20,0.4925828076608672,0.75,0.14068132089381952,2.8136264178763906,,True,0.30508280766087786,0.75,0.0871314461167238,1.742628922334476,,True
B2,12.0,4,63.20000000000063,17,1.5,3.3999999999998636,30,0.8418398319037842,1.0,0.2397221577090702,4.794443154181404,,True,0.4733084434030517,0.8666666666666667,0.13516560132831135,2.703312026566227,,True
B2,12.0,4,66.60000000000049,5,1.5,2.800000000000111,30,0.6801494369604258,0.8333333333333334,0.20350023566648645,4.070004713329729,,True,0.3676494369604437,0.8333333333333334,0.11000045430965276,2.200009086193055,,True
B2,12.0,4,71.00000000000024,13,0.6,0.20000000000038654,12,0.15881542189825149,0.5833333333333334,0.04535757842839185,0.9071515685678371,,True,0.07131542189825647,0.5833333333333334,0.0203676368657472,0.40735273731494404,,True
B2,12.0,4,74.70000000000003,21,1.5,1.9999999999998863,30,0.8356138937521425,0.8333333333333334,0.23865076998629925,4.773015399725985,,True,0.5231138937521601,0.8333333333333334,0.1494009786911399,2.988019573822798,,True
B2,12.0,4,76.69999999999992,12,1.5,2.300000000000324,30,0.7285165852187185,1.0,0.21762062657574227,4.352412531514846,,True,0.3777057888945341,0.8666666666666667,0.1130093077723244,2.260186155446488,,True
B2,12.0,4,79.9,14,1.5,2.8000000000000256,30,0.5355934194997393,0.8333333333333334,0.16024917638203967,3.2049835276407936,,True,0.23520321282774986,0.6666666666666666,0.07037263671622629,1.4074527343245258,1.2999999999975245,False
B2,12.0,4,91.89999999999894,11,1.5,8.0,30,0.6090101594120378,0.8333333333333334,0.16637059502351365,3.327411900470273,,True,0.2965101594120558,0.8333333333333334,0.08100122943683932,1.6200245887367863,,True
B2,12.0,4,106.29999999999824,24,0.6,0.29999999999998295,12,0.23393680584516716,0.5833333333333334,0.06430082417698929,1.2860164835397858,,True,0.14643680584517216,0.5833333333333334,0.04024218478438106,0.8048436956876213,,True
B2,12.0,4,106.59999999999822,18,1.5,7.700000000000017,30,0.827585375626934,1.0,0.2342676232782029,4.685352465564058,,True,0.45258537562695544,1.0,0.12794395886570853,2.5588791773141706,,True
B2,12.0,4,116.59999999999764,16,1.199999999999946,1.199999999999946,24,0.4895060886880673,0.7916666666666666,0.13372423757477442,2.6744847514954886,,True,0.2520060886880808,0.7916666666666666,0.06884351972890192,1.3768703945780383,,True
B2,12.0,4,117.79999999999758,4,1.5,6.599999999999625,30,0.7095908540605274,1.0,0.20164241171555555,4.032848234311111,,True,0.3345908540605487,1.0,0.09531874730306131,1.9063749460612263,,True
B2,12.0,4,124.3999999999972,8,0.6,0.20000000000042917,12,0.2502611270576235,0.5833333333333334,0.07147441074939379,1.4294882149878756,,True,0.16276112705762846,0.5833333333333334,0.046484469186749144,0.9296893837349829,,True
B2,12.0,4,130.69999999999726,17,0.6999999999995623,0.6999999999995623,14,0.3311289849376352,0.7142857142857143,0.09457021695188363,1.8914043390376725,,True,0.20612898493764228,0.7142857142857143,0.05887030043381985,1.1774060086763969,,True
B2,12.0,4,131.39999999999682,7,1.0000000000003695,1.0000000000003695,20,0.5266923399552278,1.0,0.15595659183300978,3.1191318366601957,,True,0.27669233995524195,1.0,0.0818367651574107,1.636735303148214,,True
B2,12.0,4,137.59999999999692,4,1.1000000000003354,1.1000000000003354,22,0.49143958768135054,0.7727272727272727,0.14703838079456455,2.940767615891291,,True,0.2789395876813626,0.7727272727272727,0.08345852947191763,1.6691705894383526,,True
B2,12.0,4,139.09999999999724,17,0.6,0.29999999999958504,12,0.13300562196997076,1.0,0.03835440560207995,0.767088112041599,,True,0.01577464700933632,0.3333333333333333,0.004505228650682107,0.09010457301364214,0.20000000000017337,False
B2,12.0,4,140.69999999999675,24,0.6,0.49999999999954525,12,0.24594205913501815,0.5833333333333334,0.07358569201783992,1.4717138403567984,,True,0.15844205913502307,0.5833333333333334,0.0474057532379265,0.94811506475853,,True
B2,12.0,4,141.1999999999963,3,0.6,0.0999999999999659,12,0.6666812249065873,1.0,0.21500501535342054,4.30010030706841,,True,0.5166812249065958,1.0,0.16738902143717202,3.3477804287434405,,True
B2,12.0,4,141.29999999999626,2,1.5,4.300000000000665,30,1.9518851849396774,1.0,0.642216765388301,12.84433530776602,,True,1.576885184939699,1.0,0.519407263096662,10.38814526193324,,True
B2,12.0,4,146.7999999999963,11,0.6,0.3000000000009493,12,0.23536215965650661,0.5833333333333334,0.07494066251784229,1.4988132503568456,,True,0.1478621596565116,0.5833333333333334,0.04703835934451348,0.9407671868902696,,True
B2,12.0,4,147.3999999999959,23,1.3000000000008356,1.3000000000008356,26,0.8770730175971769,1.0,0.2878219918457409,5.756439836914819,,True,0.5520730175971954,1.0,0.18117318860546197,3.6234637721092393,,True
B2,12.0,4,150.89999999999662,4,1.5,1.8999999999988688,30,0.4755001275018543,0.8666666666666667,0.1422693054610319,2.845386109220638,,True,0.15618566966173836,0.7666666666666667,0.04673064308622092,0.9346128617244185,,True
B2,12.0,4,152.7999999999955,6,0.6,0.100000000000108,12,0.3207625447282084,1.0,0.1033430046919581,2.066860093839162,,True,0.17141910644946962,0.9166666666666666,0.05611045314605326,1.122209062921065,,True
B2,12.0,4,152.8999999999956,9,0.6,0.3000000000004377,12,0.3599000056594624,1.0,0.11774655887440623,2.3549311774881247,,True,0.2105565673807236,0.9166666666666666,0.06949699216286565,1.389939843257313,,True
B2,12.0,4,153.19999999999604,16,1.5,1.6000000000002501,30,0.8254627194805925,1.0,0.2848216698099335,5.69643339619867,,True,0.45046271948061367,1.0,0.15507021883931,3.1014043767862,,True
B2,12.0,5,30.20000000000016,19,0.9000000000000092,0.9000000000000092,18,0.44733222048193955,0.7777777777777778,0.12220309718087573,2.4440619436175144,,True,0.2723322204819495,0.7777777777777778,0.0743962524523381,1.487925049046762,,True
B2,12.0,5,31.10000000000017,9,1.5,4.300000000000065,30,0.7359366779632238,1.0,0.20884364529690205,4.176872905938041,,True,0.36093667796324497,1.0,0.10236476385606837,2.0472952771213673,,True
B2,12.0,5,35.40000000000023,24,1.5,2.799999999999926,30,0.6801148376636946,0.8333333333333334,0.2034898835811121,4.069797671622243,,True,0.36761483766371233,0.8333333333333334,0.10999010222427842,2.1998020444855686,,True
B2,12.0,5,45.90000000000038,5,1.5,3.999999999999943,30,0.7513533806394245,0.8333333333333334,0.20525619659710181,4.105123931942036,,True,0.4388533806394421,0.8333333333333334,0.11988683101042755,2.397736620208551,,True
B2,12.0,5,49.900000000000325,19,1.5,4.000000000000057,30,0.6564527796060228,0.8333333333333334,0.18748247543989818,3.7496495087979635,,True,0.3439527796060405,0.8333333333333334,0.09823268414473878,1.9646536828947756,,True
B2,12.0,5,57.50000000000055,18,0.6,0.3999999999997783,12,0.18253002510175761,0.5833333333333334,0.05152698919933745,1.030539783986749,,True,0.09503002510176259,0.5833333333333334,0.027002698721711002,0.5400539744342201,,True
B2,12.0,5,78.3999999999998,18,1.5,1.6999999999996902,30,0.7087268192318543,0.8666666666666667,0.193611388582683,3.87222777165366,,True,0.38372681923187274,0.8666666666666667,0.10482724837254173,2.0965449674508347,,True
B2,12.0,5,80.0999999999995,19,0.7000000000001876,0.7000000000001876,14,0.5205399985209881,1.0,0.14804881448938542,2.9609762897877085,,True,0.3583465588479094,0.6428571428571429,0.10234353788325228,2.0468707576650456,,True
B2,12.0,5,80.79999999999968,15,1.5,5.299999999999699,30,0.8784534270442517,1.0,0.2598350329025305,5.19670065805061,,True,0.503453427044273,1.0,0.14848529328666488,2.9697058657332978,,True
B2,12.0,5,86.09999999999938,16,0.6,0.3000000000004235,12,0.2588149369833886,0.5833333333333334,0.07845088190514371,1.5690176381028742,,True,0.17131493698339362,0.5833333333333334,0.051896943999802936,1.0379388799960587,,True
B2,12.0,5,92.09999999999904,12,1.5,2.000000000000341,30,0.7398187625026788,0.8333333333333334,0.21129174447875515,4.225834889575103,,True,0.4273187625026965,0.8333333333333334,0.12204195318359576,2.4408390636719153,,True
B2,12.0,5,99.19999999999864,17,0.9000000000004036,0.9000000000004036,18,0.38968411166213723,0.7222222222222222,0.11129352203803954,2.2258704407607905,,True,0.22718411166214647,0.7222222222222222,0.06488363056455662,1.2976726112911323,,True
B2,12.0,5,100.69999999999855,11,1.5,6.500000000000085,30,0.4045534711223187,1.0,0.11453472631140771,2.290694526228154,,True,0.09593720093834185,0.6333333333333333,0.027170210799626227,0.5434042159925245,0.9999999999977973,False
B2,12.0,5,112.69999999999789,13,1.5,3.1999999999997897,30,0.8191493904319517,0.8333333333333334,0.22377684410205018,4.475536882041004,,True,0.5066493904319694,0.8333333333333334,0.13840747851537588,2.768149570307518,,True
B2,12.0,5,115.89999999999768,22,1.5,1.8999999999999062,30,0.5694015884120264,0.8333333333333334,0.1626207133725073,3.252414267450146,,True,0.25690158841204414,0.8333333333333334,0.0733709220773479,1.467418441546958,,True
B2,12.0,5,117.79999999999758,8,1.5,2.900000000000304,30,0.7243635718194897,1.0,0.21658411306659814,4.331682261331963,,True,0.4012046634427831,0.8333333333333334,0.12004015459598222,2.400803091919644,,True
B2,12.0,5,123.99999999999712,5,1.5,1.8000000000004661,30,0.8761027552065668,0.8333333333333334,0.2502143617769751,5.004287235539502,,True,0.5636027552065844,0.8333333333333334,0.16096457048181573,3.2192914096363143,,True
B2,12.0,5,129.39999999999694,14,1.5,2.600000000000165,30,0.7665656733922274,0.8666666666666667,0.2189306443657394,4.378612887314787,,True,0.4415656733922458,0.8666666666666667,0.12611086141877353,2.522217228375471,,True
B2,12.0,5,139.59999999999624,24,1.5,8.0,30,0.6974551315825569,0.8333333333333334,0.19053216674680545,3.810643334936109,,True,0.38495513158257455,0.8333333333333334,0.10516280116013116,2.103256023202623,,True
B2,12.0,5,149.29999999999623,18,0.6,0.2999999999995566,12,0.24688920224825614,0.5833333333333334,0.06826183788723007,1.3652367577446014,,True,0.1593892022482611,0.5833333333333334,0.04404798146628244,0.8809596293256489,,True
B2,12.0,5,149.5999999999958,7,1.5,inf,30,0.8436854917836805,1.0,0.2391592357916931,4.783184715833862,,True,0.4686854917837017,1.0,0.1326803543508594,2.653607087017188,,True
B2,12.0,6,22.50000000000005,5,0.9999999999999112,0.9999999999999112,20,0.5288099584507591,0.8,0.15102777096491166,3.0205554192982333,,True,0.3288099584507705,0.8,0.09390790453600965,1.8781580907201931,,True
B2,12.0,6,28.20000000000013,3,1.5,2.299999999999919,30,0.7342721529071372,0.8666666666666667,0.20970763648260207,4.194152729652042,,True,0.40927215290715574,0.8666666666666667,0.11688785353563629,2.3377570707127258,,True
B2,12.0,6,50.300000000000445,9,0.8000000000000114,0.8000000000000114,16,0.3387098726550063,0.6875,0.09252943022880888,1.8505886045761777,,True,0.2012098726550141,0.6875,0.054966909370672175,1.0993381874134436,,True
B2,12.0,6,51.100000000000456,12,1.5,3.2000000000000455,30,0.6948489228123218,1.0,0.19676641358788274,3.9353282717576548,,True,0.319848922812343,1.0,0.0904427491753885,1.80885498350777,,True
B2,12.0,6,54.3000000000005,16,1.5,3.999999999999943,30,0.6429946023592744,0.8333333333333334,0.1923835351495035,3.8476707029900696,,True,0.3304946023592923,0.8333333333333334,0.0988837537926698,1.9776750758533959,,True
B2,12.0,6,67.00000000000047,11,1.5,3.799999999999784,30,0.5964458821066543,0.8333333333333334,0.16293826099914338,3.258765219982868,,True,0.283945882106672,0.8333333333333334,0.07756889541246904,1.5513779082493808,,True
B2,12.0,6,70.80000000000025,10,1.5,3.799999999999784,30,0.6078805551695967,0.8333333333333334,0.17361028058008085,3.472205611601617,,True,0.2953805551696145,0.8333333333333334,0.08436048928492143,1.6872097856984287,,True
B2,12.0,6,74.60000000000004,18,0.6,0.400000000000432,12,0.23234690648349016,0.5833333333333334,0.06806987214904044,1.3613974429808087,,True,0.14484690648349516,0.5833333333333334,0.04239993217652791,0.8479986435305582,,True
B2,12.0,6,80.59999999999958,12,1.5,2.0000000000004547,30,0.5050638279314043,0.8333333333333334,0.14424589194756707,2.8849178389513415,,True,0.19256382793142202,0.8333333333333334,0.05499610065240768,1.0999220130481537,,True
B2,12.0,6,92.19999999999904,14,1.5,5.299999999999699,30,0.5344530685280479,0.8333333333333334,0.14600294206749886,2.9200588413499773,,True,0.22211216572159884,0.8,0.06067703896555592,1.2135407793111184,1.499999999997783,False
B2,12.0,6,97.49999999999874,24,1.1999999999999034,1.1999999999999034,24,0.6006348355092226,0.7916666666666666,0.17154090788417156,3.430818157683431,,True,0.36313483550923603,0.7916666666666666,0.10371106649985037,2.0742213299970076,,True
B2,12.0,6,98.69999999999864,7,1.5,1.500000000000398,30,0.6918384066929062,1.0,0.2057340841661142,4.114681683322284,,True,0.31683840669292745,1.0,0.09421434494778162,1.8842868989556325,,True
B2,12.0,6,105.29999999999828,6,0.6,0.2000000000004576,12,0.25859383570296013,0.5833333333333334,0.07385422677345686,1.4770845354691373,,True,0.17109383570296513,0.5833333333333334,0.048864285210812215,0.9772857042162443,,True
B2,12.0,6,109.49999999999852,10,1.5,3.7999999999997556,30,0.6714900964098182,0.8333333333333334,0.1917771230763078,3.8355424615261557,,True,0.3589900964098358,0.8333333333333334,0.10252733178114838,2.050546635622968,,True
B2,12.0,6,123.29999999999772,24,1.5,5.899999999999679,30,0.7447653258435686,0.8666666666666667,0.2034564588103099,4.069129176206198,,True,0.4197653258435871,0.8666666666666667,0.11467231860016859,2.293446372003372,,True
B2,12.0,6,129.1999999999974,18,1.5,1.6999999999999034,30,0.7084513207811336,0.8666666666666667,0.20233322407199955,4.046664481439991,,True,0.38345132078115224,0.8666666666666667,0.10951344112503378,2.1902688225006757,,True
B2,12.0,6,130.8999999999973,11,0.6,0.400000000000432,12,0.2747109199173988,1.0,0.0803808336927521,1.6076166738550421,,True,0.13788004448779495,0.6666666666666666,0.04045202904097149,0.8090405808194299,,True
B2,12.0,6,135.79999999999657,21,1.40000000000083,1.40000000000083,29,0.6600109101774646,0.8620689655172413,0.1974748025431081,3.949496050862162,,True,0.34751091017748226,0.8620689655172413,0.1039750211862744,2.079500423725488,,True
B2,12.0,6,138.6999999999963,3,0.6,0.2000000000010118,12,0.2563926901013175,0.5833333333333334,0.07322558105967487,1.4645116211934974,,True,0.16889269010132252,0.5833333333333334,0.048235639497030226,0.9647127899406045,,True
B2,12.0,6,140.79999999999674,14,1.5,2.9999999999998295,30,0.5597673394293621,1.0,0.16726045275672852,3.3452090551345703,,True,0.23345972298634493,0.8,0.06985098577552476,1.397019715510495,1.4500000000013387,False
B2,12.0,6,150.69999999999607,3,1.5,3.49999999999946,30,0.7838621012449707,0.8666666666666667,0.21413699293031815,4.282739858606363,,True,0.4588621012449892,0.8666666666666667,0.12535285272017688,2.5070570544035373,,True
B2,12.0,7,23.30000000000006,4,1.5,1.7000000000000242,30,0.7176094457537712,0.8666666666666667,0.19603796199362525,3.920759239872505,,True,0.3926094457537895,0.8666666666666667,0.10725382178348393,2.1450764356696785,,True
B2,12.0,7,25.000000000000085,6,1.5,3.600000000000051,30,0.9543688633778954,1.0,0.2721225381637424,5.442450763274848,,True,0.5935664258754278,0.8666666666666667,0.16952217481343596,3.390443496268719,,True
B2,12.0,7,28.600000000000136,25,0.6,0.30000000000000426,12,0.2687972251553793,0.6666666666666666,0.0813108852885722,1.626217705771444,,True,0.16879722515538492,0.6666666666666666,0.051016956128958076,1.0203391225791616,,True
B2,12.0,7,28.90000000000014,16,1.5,2.3999999999999204,30,0.7251402743254639,1.0,0.22571988505502902,4.51439770110058,,True,0.3505632435027043,0.9666666666666667,0.10879103848225778,2.1758207696451555,1.450000000000152,False
B2,12.0,7,38.80000000000028,2,1.5,6.600000000000094,30,0.6233209167273326,0.8333333333333334,0.17028003589734286,3.4056007179468573,,True,0.31082091672735035,0.8333333333333334,0.08491067031066854,1.698213406213371,,True
B2,12.0,7,45.400000000000375,9,1.3999999999999062,1.3999999999999062,28,0.6673821321304443,0.8214285714285714,0.19060389122164506,3.812077824432901,,True,0.3798821321304607,0.8214285714285714,0.10849408323009838,2.1698816646019674,,True
B2,12.0,7,49.80000000000044,8,0.6,0.09999999999988773,12,0.24496242264824486,0.5833333333333334,0.07280631981744991,1.456126396348998,,True,0.15746242264824978,0.5833333333333334,0.04679638064000344,0.9359276128000688,,True
B2,12.0,7,49.900000000000325,6,1.5,3.5000000000000497,30,0.8553767194918941,0.9,0.2554418503517536,5.108837007035072,,True,0.5178767194919134,0.9,0.15463208608884008,3.0926417217768014,,True
B2,12.0,7,53.70000000000049,7,1.5,2.900000000000034,30,0.5786665685632694,0.8333333333333334,0.17313663244536961,3.462732648907392,,True,0.28345862874268,0.6666666666666666,0.08481062339568003,1.6962124679136006,1.2999999999985192,False
B2,12.0,7,56.60000000000053,21,1.1999999999999105,1.1999999999999105,24,0.5307484665529464,0.7916666666666666,0.16673954834267843,3.3347909668535687,,True,0.29324846655295983,0.7916666666666666,0.0921267228199251,1.8425344563985018,,True
B2,12.0,7,74.80000000000003,19,1.5,7.999999999999432,30,0.7306446530402583,0.8333333333333334,0.19959894559790772,3.9919789119581544,,True,0.41814465304027615,0.8333333333333334,0.11422958001123339,2.2845916002246676,,True
B2,12.0,7,82.79999999999946,7,0.7999999999998408,0.7999999999998408,16,0.38987730181380836,0.6875,0.10650744931997141,2.130148986399428,,True,0.2523773018138162,0.6875,0.0689449284618347,1.378898569236694,,True
B2,12.0,7,83.5999999999993,6,1.5,5.199999999999932,30,0.984942348329562,1.0,0.27934552021943015,5.586910404388603,,True,0.6099423483295833,1.0,0.17302185580693596,3.4604371161387193,,True
B2,12.0,7,88.79999999999923,18,1.5,2.0000000000002274,30,0.6840416353290502,0.8333333333333334,0.20466477869517066,4.093295573903413,,True,0.3715416353290679,0.8333333333333334,0.11116499733833697,2.2232999467667396,,True
B2,12.0,7,95.69999999999884,15,1.1000000000004064,1.1000000000004064,22,0.5534427062907944,0.7727272727272727,0.1580628672969103,3.161257345938206,,True,0.34094270629080636,0.7727272727272727,0.09737300921620183,1.9474601843240367,,True
B2,12.0,7,100.19999999999858,13,1.5,3.500000000000256,30,0.7408834611320128,0.8333333333333334,0.2115958216962282,4.231916433924564,,True,0.4283834611320307,0.8333333333333334,0.12234603040106877,2.4469206080213755,,True
B2,12.0,7,105.49999999999817,25,1.5,2.700000000000415,30,0.7379664687860907,0.8333333333333334,0.2107627306303621,4.215254612607242,,True,0.4254664687861085,0.8333333333333334,0.12151293933520269,2.4302587867040537,,True
B2,12.0,7,120.1999999999979,19,1.5,7.999999999999986,30,0.7572756074837653,0.8666666666666667,0.2068740421924995,4.13748084384999,,True,0.43227560748378374,0.8666666666666667,0.11808990198235825,2.361798039647165,,True
B2,12.0,7,129.2999999999974,18,0.6,0.49999999999940314,12,0.12598699063399574,0.6666666666666666,0.03441737428031714,0.6883474856063427,,True,0.025986990634001415,0.6666666666666666,0.0070991772925813506,0.141983545851627,,True
B2,12.0,7,129.7999999999968,2,1.5,7.500000000000597,30,0.7297273612064917,1.0,0.20743297960528323,4.148659592105664,,True,0.3547273612065128,1.0,0.10110931519278898,2.0221863038557797,,True
B2,12.0,7,137.99999999999736,18,1.5,8.0,29,0.16998225882586,0.8620689655172413,0.04643608831025395,0.928721766205079,,True,0.0,0.0,0.0,0.0,0.0,False
B2,12.0,7,150.09999999999576,22,0.6,0.10000000000044906,12,0.2473224922826673,0.6666666666666666,0.06945609223092482,1.3891218446184963,,True,0.147322492282673,0.6666666666666666,0.041361810101492015,0.8272362020298403,,True
B2,12.0,7,150.1999999999962,13,1.5,3.1999999999997044,30,0.7113763475582843,0.9333333333333333,0.20198956337673385,4.039791267534677,,True,0.3613763475583043,0.9333333333333333,0.10249544821117344,2.049908964223469,,True
B2,12.0,7,153.3999999999959,2,0.6,0.20000000000010232,12,0.2665290571290642,0.6666666666666666,0.08122505153517441,1.6245010307034882,,True,0.1665290571290699,0.6666666666666666,0.05074412281284662,1.0148824562569323,,True
B2,24.0,0,32.100000000000186,20,1.200000000000017,1.200000000000017,24,0.4998895709607167,0.7916666666666666,0.13656081771620357,2.7312163543240713,,True,0.2623895709607302,0.7916666666666666,0.07168009987033107,1.4336019974066214,,True
B2,24.0,0,33.3000000000002,4,1.5,3.2000000000000455,31,0.8112577780472915,1.0,0.2306733680296181,4.613467360592362,,True,0.42375777804731385,1.0,0.12077971196531749,2.41559423930635,,True
B2,24.0,0,36.50000000000025,14,1.1999999999999034,1.1999999999999034,24,0.5301827953019388,0.7916666666666666,0.15863032140764496,3.1726064281528994,,True,0.29268279530195235,0.7916666666666666,0.08757048757645133,1.7514097515290268,,True
B2,24.0,0,37.70000000000015,18,1.5,2.400000000000034,30,0.5647423387285372,1.0,0.17620082412431715,3.524016482486343,,True,0.19654923106075894,0.8666666666666667,0.06127754616002304,1.2255509232004607,1.349999999999767,False
B2,24.0,0,51.000000000000455,7,1.5,1.6000000000000512,30,0.7907762532113246,0.8333333333333334,0.21602581458451822,4.320516291690365,,True,0.4782762532113423,0.8333333333333334,0.13065644899784395,2.613128979956879,,True
B2,24.0,0,52.600000000000506,22,0.6,0.19999999999997442,12,0.2816510159301713,1.0,0.08065894727320978,1.6131789454641956,,True,0.13165101593017983,1.0,0.037929916757489954,0.7585983351497991,,True
B2,24.0,0,52.80000000000048,23,1.5,3.7000000000000526,30,0.7121710592105189,1.0,0.21110451636816494,4.222090327363299,,True,0.3371710592105403,1.0,0.09975477675229931,1.9950955350459862,,True
B2,24.0,0,56.50000000000053,2,1.5,2.499999999999922,30,0.9126030527505551,0.8333333333333334,0.2867027046164762,5.734054092329524,,True,0.6001030527505726,0.8333333333333334,0.18852793419180078,3.7705586838360157,,True
B2,24.0,0,69.90000000000029,25,1.5,1.9999999999999005,30,0.7472073046936313,0.8666666666666667,0.20412356340296886,4.082471268059377,,True,0.4222073046936497,0.8666666666666667,0.11533942319282764,2.306788463856553,,True
B2,24.0,0,71.90000000000019,15,1.5,2.899999999999764,30,0.6287320333349498,1.0,0.17932647278351718,3.5865294556703438,,True,0.29698671942101507,0.8333333333333334,0.08481920872243587,1.6963841744487174,,True
B2,24.0,0,74.79999999999995,2,1.5,3.1000000000003354,30,0.7103620927609124,0.8666666666666667,0.21253984114346225,4.250796822869245,,True,0.3853620927609308,0.8666666666666667,0.11530006853235515,2.306001370647103,,True
B2,24.0,0,78.49999999999982,5,0.6,0.10000000000002274,12,0.2633224917811993,0.5833333333333334,0.08210017790021486,1.642003558004297,,True,0.1758224917812043,0.5833333333333334,0.054798241744019406,1.095964834880388,,True
B2,24.0,0,78.59999999999984,21,1.3000000000003524,1.3000000000003524,26,0.7842550986454594,0.8846153846153846,0.24575598297422876,4.915119659484575,,True,0.4967550986454758,0.8846153846153846,0.15562219374624106,3.1124438749248213,,True
B2,24.0,0,83.39999999999942,24,1.5,1.9000000000000057,30,0.7048409972333184,0.8666666666666667,0.21088793322448537,4.217758664489708,,True,0.3798409972333368,0.8666666666666667,0.11364816061337828,2.2729632122675656,,True
B2,24.0,0,85.29999999999943,12,1.2000000000003865,1.2000000000003865,24,0.481107540221827,0.9166666666666666,0.151066617779562,3.02133235559124,,True,0.23840875699581815,0.7916666666666666,0.07489831995295365,1.497966399059073,,True
B2,24.0,0,89.89999999999961,25,0.6,0.5999999999999943,12,0.19739543952404978,0.5833333333333334,0.05906057739627459,1.1812115479254919,,True,0.10989543952405476,0.5833333333333334,0.03288063861636114,0.6576127723272228,,True
B2,24.0,0,90.4999999999996,15,0.6,0.19999999999990337,12,0.46406917943880216,1.0,0.14798602893915908,2.9597205787831813,,True,0.3140691794388107,1.0,0.10078340247733013,2.0156680495466026,,True
B2,24.0,0,90.6999999999995,2,0.6999999999999176,0.6999999999999176,14,0.6815525546609292,1.0,0.22324686005968114,4.464937201193623,,True,0.5065525546609392,1.0,0.16620215134976443,3.3240430269952888,,True
B2,24.0,0,95.29999999999876,7,1.5,2.6000000000008328,30,0.8401128050486405,0.8333333333333334,0.26392922165275223,5.278584433055045,,True,0.5276128050486583,0.8333333333333334,0.1657544512280768,3.3150890245615363,,True
B2,24.0,0,101.89999999999849,8,1.4000000000002757,1.4000000000002757,28,0.8640212180620062,0.8214285714285714,0.24676388283720932,4.935277656744186,,True,0.5765212180620225,0.8214285714285714,0.1646540748456627,3.2930814969132536,,True
B2,24.0,0,103.3999999999984,9,1.4000000000004036,1.4000000000004036,28,1.2949384793071885,1.0,0.36866634067035725,7.373326813407145,,True,0.9449384793072084,1.0,0.26948265956147577,5.389653191229515,,True
B2,24.0,0,104.7999999999988,21,1.5,2.199999999999278,30,0.7465585177886911,1.0,0.22207844745960115,4.441568949192023,,True,0.3715585177887124,1.0,0.11055870824126848,2.2111741648253695,,True
B2,24.0,0,106.99999999999808,3,1.5,2.9000000000004036,30,0.6839604685756244,1.0,0.21478756163426735,4.295751232685347,,True,0.3532815309620168,0.8666666666666667,0.11098666623192273,2.2197333246384545,,True
B2,24.0,0,112.59999999999776,23,0.6,0.20000000000104023,12,0.33615613377589515,0.5833333333333334,0.0960059673026818,1.9201193460536359,,True,0.24865613377590012,0.5833333333333334,0.07101602574003715,1.4203205148007432,,True
B2,24.0,0,115.19999999999764,22,1.5,4.999999999999801,30,0.7943850456976275,0.9666666666666667,0.22677186871264302,4.535437374252861,,True,0.47351210771277286,0.8333333333333334,0.1352347417251151,2.704694834502302,,True
B2,24.0,0,120.19999999999744,13,0.6,0.4000000000003183,12,0.22600087856516943,0.5833333333333334,0.06621099838818054,1.3242199677636108,,True,0.13850087856517437,0.5833333333333334,0.04054105841566801,0.8108211683133603,,True
B2,24.0,0,120.69999999999776,23,1.299999999999926,1.299999999999926,26,0.5801705737082192,1.0,0.17173573475090528,3.434714695018106,,True,0.2597718670209455,0.8846153846153846,0.07655266428949606,1.531053285789921,1.199999999997459,False
B2,24.0,0,121.99999999999768,7,1.1999999999999602,1.1999999999999602,24,0.4385693855017844,1.0,0.13725894903294536,2.745178980658907,,True,0.1661971832848745,0.7916666666666666,0.05221238500550781,1.0442477001101562,,True
B2,24.0,0,124.39999999999766,12,1.5,3.79999999999977,30,0.8127904341119799,0.8333333333333334,0.2553456456714254,5.106912913428508,,True,0.5002904341119978,0.8333333333333334,0.15717087524675008,3.1434175049350017,,True
B2,24.0,0,137.19999999999683,3,0.6,0.4000000000005173,12,0.20830543587994724,0.5833333333333334,0.05690528930984887,1.1381057861969772,,True,0.12080543587995216,0.5833333333333334,0.03300186694558005,0.660037338911601,,True
B2,24.0,0,137.59999999999735,25,1.5,3.6999999999993634,29,0.6891324286405877,1.0,0.1953547700580748,3.907095401161496,,True,0.3266324286406084,1.0,0.09244588026904747,1.8489176053809495,,True
B2,24.0,0,141.29999999999671,8,0.9999999999993747,0.9999999999993747,20,0.46547234030676227,0.75,0.13926899854828312,2.7853799709656624,,True,0.27797234030677304,0.75,0.08316912973418289,1.6633825946836578,,True
B2,24.0,0,142.2999999999961,20,0.600000000000108,0.600000000000108,12,0.3216162095965561,1.0,0.09916096178186129,1.9832192356372258,,True,0.17161620959656468,1.0,0.052972069791585426,1.0594413958317086,,True
B2,24.0,0,142.8999999999962,19,1.5,2.3000000000006366,30,1.5476772461537425,1.0,0.5099873842332487,10.199747684664974,,True,1.1726772461537638,1.0,0.3868038828161824,7.736077656323648,,True
B2,24.0,0,150.3999999999962,9,0.6,0.5,12,0.3151128839095619,0.5833333333333334,0.08939873826477794,1.7879747652955589,,True,0.22761288390956688,0.5833333333333334,0.0645640137304727,1.291280274609454,,True
B2,24.0,1,24.100000000000072,18,0.6,0.40000000000000924,12,0.2605661953390723,0.6666666666666666,0.07441753136827935,1.4883506273655869,,True,0.16056619533907804,0.6666666666666666,0.04585759815382832,0.9171519630765663,,True
B2,24.0,1,24.50000000000008,13,0.6,0.40000000000000213,12,0.3334447760281553,1.0,0.09801739513162078,1.9603479026324155,,True,0.1834447760281638,1.0,0.0538174984902085,1.0763499698041699,,True
B2,24.0,1,24.900000000000084,7,1.0999999999998984,1.0999999999998984,22,0.4964546593525354,1.0,0.15446379449687486,3.0892758899374972,,True,0.22145465935255101,1.0,0.06881799477401515,1.3763598954803031,,True
B2,24.0,1,28.10000000000013,19,1.5,3.999999999999943,30,0.6933287583484578,0.8666666666666667,0.2178156533750047,4.356313067500094,,True,0.3683287583484762,0.8666666666666667,0.11571389213334227,2.3142778426668453,,True
B2,24.0,1,34.30000000000022,24,0.6,0.4000000000000057,12,0.2808915214957177,0.5833333333333334,0.08022243094423694,1.6044486188847387,,True,0.19339152149572272,0.5833333333333334,0.05523248938159229,1.1046497876318457,,True
B2,24.0,1,34.70000000000022,6,0.6,0.4000000000000057,12,0.42152493555561527,1.0,0.12341966978245966,2.4683933956491932,,True,0.2715249355556238,1.0,0.07938977274351436,1.587795454870287,,True
B2,24.0,1,35.10000000000023,20,0.9999999999999005,0.9999999999999005,20,0.49513478443117276,1.0,0.15328233876718478,3.0656467753436956,,True,0.245134784431187,1.0,0.07567752024101276,1.5135504048202553,,True
B2,24.0,1,36.80000000000025,5,1.5,1.900000000000027,30,1.036310462045313,1.0,0.32495733310521413,6.499146662104282,,True,0.683088419308625,0.8333333333333334,0.21459855598522404,4.291971119704481,,True
B2,24.0,1,38.70000000000028,4,1.4999999999999076,1.4999999999999076,30,1.4705877160223828,1.0,0.4844520421088567,9.689040842177134,,True,1.0955877160224041,1.0,0.3614752244190002,7.229504488380004,,True
B2,24.0,1,40.20000000000019,7,0.6,0.20000000000011653,12,0.7270115096807658,1.0,0.25533531578047164,5.106706315609433,,True,0.5770115096807743,1.0,0.20312403436439044,4.062480687287809,,True
B2,24.0,1,40.400000000000304,14,0.6,0.30000000000000426,12,0.8240613008165081,1.0,0.2975698241177471,5.951396482354942,,True,0.6740613008165166,1.0,0.24312453476785356,4.862490695357071,,True
B2,24.0,1,40.70000000000031,17,1.5,1.599999999999909,30,1.012879815567994,1.0,0.39062473649002294,7.812494729800459,,True,0.6440056258302086,0.8666666666666667,0.2472119275415259,4.944238550830518,1.34999999999944,False
B2,24.0,1,42.90000000000034,21,0.6,0.19999999999988916,12,0.28078917329599884,1.0,0.09801391155936236,1.960278231187247,,True,0.15821886049249104,0.5833333333333334,0.05522880108695091,1.1045760217390184,,True
B2,24.0,1,53.30000000000037,18,1.5,2.5000000000001563,30,0.566033794602896,0.8666666666666667,0.15463022702678364,3.092604540535673,,True,0.24103379460291446,0.8666666666666667,0.06584608681664235,1.316921736332847,,True
B2,24.0,1,55.80000000000052,15,1.099999999999902,1.099999999999902,22,0.6248765863191188,0.7727272727272727,0.17846433572549192,3.5692867145098384,,True,0.4123765863191308,0.7727272727272727,0.11777447764478356,2.3554895528956714,,True
B2,24.0,1,56.900000000000425,13,1.5,4.000000000000178,30,1.0225909055649534,1.0,0.30435730042908854,6.087146008581771,,True,0.647590905564975,1.0,0.1928375612107559,3.856751224215118,,True
B2,24.0,1,60.9000000000006,23,0.6,0.3999999999997641,12,0.22697608730011082,0.5833333333333334,0.06974656013390755,1.394931202678151,,True,0.1394760873001158,0.5833333333333334,0.04281862310313943,0.8563724620627886,,True
B2,24.0,1,62.50000000000039,18,1.3000000000001322,1.3000000000001322,26,0.3309473194740188,1.0,0.10294331366168599,2.0588662732337197,,True,0.034313704208159525,0.6538461538461539,0.010669851969164841,0.21339703938329682,,True
B2,24.0,1,70.10000000000029,11,0.6,0.40000000000010516,12,0.24910277366686057,0.5833333333333334,0.0697454614376147,1.3949092287522942,,True,0.16160277366686557,0.5833333333333334,0.04522117095998825,0.9044234191997649,,True
B2,24.0,1,72.10000000000007,3,1.499999999999872,1.499999999999872,30,0.7295323318336492,1.0,0.20807110323440997,4.1614220646882,,True,0.38175426439598575,0.8666666666666667,0.10902876295481856,2.180575259096371,,True
B2,24.0,1,73.59999999999994,13,1.5,2.999999999999872,30,0.9046870626509155,1.0,0.26983938564480126,5.396787712896025,,True,0.5335407390219307,0.9,0.15959025342679256,3.191805068535851,,True
B2,24.0,1,76.59999999999981,14,0.6,0.5999999999999659,12,0.28237092637983574,0.5833333333333334,0.08870944279022364,1.7741888558044727,,True,0.19487092637984077,0.5833333333333334,0.0612205070713145,1.22441014142629,,True
B2,24.0,1,77.19999999999978,21,0.9000000000005173,0.9000000000005173,18,0.4944125323855206,1.0,0.1605110233529464,3.210220467058928,,True,0.26941253238553337,1.0,0.08713830019345212,1.7427660038690425,,True
B2,24.0,1,82.8999999999998,23,1.5,1.7000000000000028,30,0.7468995003501474,0.8333333333333334,0.2234718079304677,4.469436158609354,,True,0.43439950035016517,0.8333333333333334,0.1299720265736339,2.5994405314726783,,True
B2,24.0,1,92.69999999999897,10,1.3999999999999488,1.3999999999999488,28,0.675148170516108,0.8571428571428571,0.18443830718069512,3.6887661436139023,,True,0.37514817051612503,0.8571428571428571,0.10248371621748777,2.0496743243497555,,True
B2,24.0,1,94.09999999999891,9,0.6,0.10000000000005116,12,0.33144087405416706,1.0,0.09769999211580149,1.9539998423160299,,True,0.1815842334826233,0.9166666666666666,0.054468343469370344,1.0893668693874068,,True
B2,24.0,1,94.19999999999897,2,0.6,0.1999999999999602,12,0.4228326620057923,1.0,0.127759999993242,2.55519999986484,,True,0.2729760214342485,0.9166666666666666,0.08350391895977076,1.6700783791954152,,True
B2,24.0,1,94.39999999999893,25,0.6,0.39999999999984936,12,0.5913190450402158,1.0,0.1833789248637966,3.6675784972759318,,True,0.44131904504022434,1.0,0.13719003287352075,2.743800657470415,,True
B2,24.0,1,94.79999999999878,15,1.5,1.8000000000000256,30,1.3805924535377923,1.0,0.45151026589056337,9.030205317811268,,True,1.0055924535378136,1.0,0.3285334482007069,6.570668964014138,,True
B2,24.0,1,96.5999999999988,8,1.0000000000002842,1.0000000000002842,20,0.6052098313135016,1.0,0.20922026411161476,4.184405282232295,,True,0.35520983131351574,1.0,0.1231020444408469,2.462040888816938,,True
B2,24.0,1,97.59999999999908,21,1.5,2.399999999999281,30,0.43243083415193384,1.0,0.1574108624693425,3.1482172493868497,,True,0.08559578788073778,0.6666666666666666,0.03050425946368354,0.6100851892736707,1.0499999999974534,False
B2,24.0,1,99.99999999999837,7,0.6,0.20000000000067075,12,0.28619490736727077,0.5833333333333334,0.11636208139072556,2.327241627814511,,True,0.19869490736727574,0.5833333333333334,0.08069191480309343,1.6138382960618687,,True
B2,24.0,1,100.19999999999904,11,0.6,0.49999999999992895,12,0.44094880104652867,0.9166666666666666,0.18005649722177916,3.6011299444355833,,True,0.3034488010465365,0.9166666666666666,0.12376962884496522,2.475392576899304,,True
B2,24.0,1,106.49999999999812,4,1.5,1.5000000000002416,30,0.8313749399211228,0.9666666666666667,0.2487083392117987,4.974166784235974,,True,0.516046908721364,0.8333333333333334,0.15440087403302483,3.0880174806604965,,True
B2,24.0,1,111.69999999999872,21,0.6,0.09999999999907061,12,0.2589674178138226,0.5833333333333334,0.07697504897800314,1.5395009795600627,,True,0.1714674178138276,0.5833333333333334,0.050948109840309966,1.0189621968061993,,True
B2,24.0,1,111.7999999999978,24,0.6,0.20000000000057128,12,0.32232056367337175,0.75,0.09687802673941934,1.9375605347883869,,True,0.20982056367337815,0.75,0.06299710596775214,1.2599421193550429,,True
B2,24.0,1,111.99999999999837,8,1.5,2.4999999999996305,30,0.7682171333549837,1.0,0.2380050829168417,4.760101658336834,,True,0.393217133355005,1.0,0.1213003558232665,2.42600711646533,,True
B2,24.0,1,114.499999999998,7,1.000000000000398,1.000000000000398,20,0.3630760391166765,0.95,0.11401782628303696,2.280356525660739,,True,0.16000949215259172,0.8,0.050268464505121575,1.0053692901024316,,True
B2,24.0,1,115.4999999999984,23,1.1999999999992497,1.1999999999992497,24,0.9592752655938732,1.0,0.31622329873854405,6.324465974770881,,True,0.6592752655938903,1.0,0.21784184458665884,4.356836891733177,,True
B2,24.0,1,116.69999999999764,16,1.5,3.00000000000108,30,0.5338185128242575,1.0,0.1833870827743732,3.6677416554874642,,True,0.18247880279142278,0.7333333333333333,0.06189463104181444,1.2378926208362888,1.1499999999977888,False
B2,24.0,1,120.39999999999787,25,0.6,0.4000000000004462,12,0.3388469436434493,1.0,0.10644648581712884,2.1289297163425767,,True,0.2384845720051222,0.6666666666666666,0.07492213794057978,1.4984427588115956,,True
B2,24.0,1,120.79999999999832,11,1.5,1.699999999999676,30,0.7094932819989745,1.0,0.23191133446912013,4.638226689382402,,True,0.35056995860746604,0.8333333333333334,0.11404429296019156,2.2808858592038312,1.2999999999968708,False
B2,24.0,1,123.19999999999725,22,0.6,0.30000000000114824,12,0.23576866043221015,1.0,0.076462189164764,1.5292437832952799,,True,0.11060404298845407,0.6666666666666666,0.036520513718066375,0.7304102743613274,,True
B2,24.0,1,124.99999999999751,24,1.5,3.400000000000361,30,1.2345551121506975,1.0,0.38765259525728357,7.753051905145671,,True,0.8965649867774425,0.8666666666666667,0.2816641975925842,5.633283951851684,,True
B2,24.0,1,130.19999999999678,17,1.0000000000004832,1.0000000000004832,20,0.384414863861826,0.75,0.11501665830847928,2.3003331661695854,,True,0.19691486386183663,0.75,0.05891678949437907,1.1783357898875815,,True
B2,24.0,1,133.69999999999737,7,0.6,0.299999999999784,12,0.3682469242416683,0.6666666666666666,0.1062948775297156,2.125897550594312,,True,0.268246924241674,0.6666666666666666,0.07739494511033064,1.5478989022066127,,True
B2,24.0,1,133.99999999999716,2,0.6999999999998181,0.6999999999998181,14,0.5777397895049252,1.0,0.170281794090779,3.4056358818155803,,True,0.4027397895049353,1.0,0.11860191494082005,2.372038298816401,,True
B2,24.0,1,134.69999999999698,14,0.6,0.100000000000108,12,0.6041975742117358,1.0,0.19476791807201294,3.895358361440259,,True,0.45419757421174434,1.0,0.1471519241557643,2.943038483115286,,True
B2,24.0,1,134.79999999999708,9,1.5,1.5999999999997954,30,1.616502424910835,1.0,0.5316734782249425,10.63346956449885,,True,1.2415024249108562,1.0,0.40886397593330337,8.177279518666067,,True
B2,24.0,1,136.39999999999688,4,1.5,1.7999999999998977,29,1.5080769127841445,1.0,0.5240631225935681,10.481262451871363,,True,1.145576912784165,1.0,0.39844534616714117,7.968906923342823,,True
B2,24.0,1,148.89999999999617,3,1.5,inf,30,0.4664069461703876,0.8333333333333334,0.1274139683193165,2.54827936638633,,True,0.15757940091483766,0.7333333333333333,0.04304785115401169,0.8609570230802338,1.3500000000037318,False
B2,24.0,2,20.50000000000002,14,1.200000000000017,1.200000000000017,24,0.6069191592625399,0.8333333333333334,0.18158978781543705,3.6317957563087413,,True,0.35691915926255413,0.8333333333333334,0.10678996272997007,2.1357992545994016,,True
B2,24.0,2,21.70000000000004,7,1.5,3.4999999999999325,30,0.7269270507180726,1.0,0.22714650765396618,4.542930153079324,,True,0.3519270507180939,1.0,0.11008478139521043,2.2016956279042086,,True
B2,24.0,2,25.900000000000095,9,0.6,0.39999999999989555,12,0.3723602252557439,0.6666666666666666,0.11476823394576466,2.295364678915293,,True,0.2723602252557496,0.6666666666666666,0.08391330609800954,1.6782661219601906,,True
B2,24.0,2,38.70000000000028,20,1.5,1.6000000000000227,30,0.7227776742746856,0.8333333333333334,0.1974498288417451,3.9489965768349022,,True,0.41027767427470346,0.8333333333333334,0.11208046325507082,2.2416092651014163,,True
B2,24.0,2,40.3000000000003,25,1.5,4.300000000000068,30,0.7125205282639631,1.0,0.20269229094144736,4.053845818828947,,True,0.34086913963753523,0.9,0.0972834067803335,1.9456681356066698,,True
B2,24.0,2,44.60000000000037,17,1.5,2.099999999999909,30,0.726400924083026,0.8333333333333334,0.21733864825334015,4.346772965066803,,True,0.41390092408304374,0.8333333333333334,0.12383886689650643,2.4767773379301286,,True
B2,24.0,2,47.500000000000405,15,0.7999999999998977,0.7999999999998977,16,0.47937350451349836,0.6875,0.14342821715287618,2.868564343057524,,True,0.3418735045135062,0.6875,0.10228831335586934,2.045766267117387,,True
B2,24.0,2,49.30000000000043,18,0.6,0.20000000000000284,12,0.4316964141531387,1.0,0.1368757938183127,2.737515876366254,,True,0.2816964141531472,1.0,0.09091684865874212,1.8183369731748424,,True
B2,24.0,2,49.30000000000043,23,0.6,0.20000000000000284,12,0.4316964141531387,1.0,0.1368757938183127,2.737515876366254,,True,0.2816964141531472,1.0,0.09091684865874212,1.8183369731748424,,True
B2,24.0,2,49.50000000000043,19,1.5,2.5000000000000355,30,1.7914670371082786,1.0,0.5896190979646981,11.792381959293962,,True,1.4164670371083,1.0,0.4669992794400223,9.339985588800445,,True
B2,24.0,2,52.00000000000047,8,0.6,0.599999999999902,12,0.22589284537643745,1.0,0.07781568592414992,1.5563137184829983,,True,0.08390620910905687,0.75,0.029254022307257464,0.5850804461451493,,True
B2,24.0,2,53.50000000000049,2,1.000000000000007,1.000000000000007,20,0.5171217817709908,1.0,0.17929198408773186,3.585839681754637,,True,0.2681065003538291,0.95,0.0934994049080854,1.869988098161708,,True
B2,24.0,2,54.5000000000005,12,0.9999999999999076,0.9999999999999076,20,0.5211602158479196,1.0,0.190052519590855,3.8010503918171,,True,0.27116021584793387,1.0,0.0989360659940974,1.9787213198819482,,True
B2,24.0,2,56.000000000000526,5,1.2999999999999048,1.2999999999999048,26,0.5513007764993554,1.0,0.20193910708864887,4.038782141772978,,True,0.22630077649937388,1.0,0.08310271831315941,1.6620543662631881,,True
B2,24.0,2,57.90000000000044,14,1.5,1.6000000000000227,30,1.0001467005501092,1.0,0.3299049407773636,6.598098815547272,,True,0.6269233913864061,0.9333333333333333,0.2072796032481915,4.1455920649638305,,True
B2,24.0,2,59.50000000000046,9,0.6,0.5000000000000071,12,0.36472942817828036,1.0,0.12563585100501026,2.5127170201002054,,True,0.2185147459494141,0.9166666666666666,0.07567599811110276,1.5135199622220552,0.5999999999982606,False
B2,24.0,2,62.1000000000005,23,0.6,0.3999999999999986,12,0.2759424180874626,0.5833333333333334,0.08919937780246594,1.7839875560493188,,True,0.18844241808746756,0.5833333333333334,0.06088370717471745,1.217674143494349,,True
B2,24.0,2,62.90000000000051,7,0.6,0.20000000000011653,12,0.4125951338175956,1.0,0.13602697231935415,2.720539446387083,,True,0.26259513381760413,1.0,0.08656066694046508,1.7312133388093014,,True
B2,24.0,2,63.10000000000063,4,0.8999999999998991,0.8999999999998991,18,0.6015962731437692,1.0,0.20678996533188432,4.135799306637686,,True,0.376596273143782,1.0,0.1293983919210876,2.587967838421752,,True
B2,24.0,2,66.1000000000004,18,0.6,0.10000000000000853,12,0.19789391442288842,1.0,0.06903960962877762,1.3807921925755524,,True,0.08820167851038835,0.5833333333333334,0.030984101574312344,0.6196820314862469,,True
B2,24.0,2,66.20000000000041,14,0.6,0.0999999999999801,12,0.23092198128434716,1.0,0.08184801583136445,1.636960316627289,,True,0.10707503112612327,0.75,0.03795967638915971,0.7591935277831942,,True
B2,24.0,2,66.3000000000004,12,0.6,0.29999999999998295,12,0.2641647906272211,1.0,0.09504616622690584,1.900923324538117,,True,0.12364775469874759,0.9166666666666666,0.04424601880193328,0.8849203760386657,,True
B2,24.0,2,66.60000000000038,20,0.6000000000000796,0.6000000000000796,12,0.24237225602688908,1.0,0.09265997279076423,1.8531994558152844,,True,0.09237225602689766,1.0,0.03519885715985127,0.7039771431970254,,True
B2,24.0,2,67.20000000000046,11,0.6,0.29999999999999716,12,0.22495254865031367,1.0,0.08912094573471775,1.782418914694355,,True,0.0749525486503222,1.0,0.029561585010414667,0.5912317002082933,,True
B2,24.0,2,69.50000000000021,5,0.6000000000002927,0.6000000000002927,12,0.1438062915397663,1.0,0.05996624437311583,1.1993248874623166,,True,0.03344743745661609,0.6666666666666666,0.014010429839347886,0.2802085967869577,,True
B2,24.0,2,70.50000000000048,23,0.6,0.4000000000000341,12,0.11750824727627884,0.75,0.04739585162817467,0.9479170325634934,0.4999999999976268,False,0.019743779938691364,0.3333333333333333,0.007753364251185783,0.15506728502371564,0.249999999997641,False
B2,24.0,2,73.3,17,0.8000000000004093,0.8000000000004093,16,0.5386236018741357,1.0,0.21142342372543121,4.228468474508624,,True,0.3970729382114288,0.6875,0.15593017820304228,3.1186035640608454,,True
B2,24.0,2,75.00000000000028,7,0.6,0.20000000000017337,12,0.4984662532721134,1.0,0.15733854707657202,3.1467709415314404,,True,0.3484662532721219,1.0,0.11000797354551797,2.2001594709103593,,True
B2,24.0,2,76.9999999999999,21,0.6,0.5000000000003126,12,0.2656614331980993,1.0,0.08612095753884821,1.7224191507769642,,True,0.11626922423573888,0.9166666666666666,0.03794790855761887,0.7589581711523774,,True
B2,24.0,2,82.1,4,0.9000000000002899,0.9000000000002899,18,0.45972331334171557,0.7222222222222222,0.13754889370269446,2.7509778740538895,,True,0.29722331334172475,0.7222222222222222,0.08892900739714095,1.778580147942819,,True
B2,24.0,2,88.39999999999971,11,1.5,1.700000000000287,30,0.6453127746416526,0.8333333333333334,0.18430089746198736,3.686017949239747,,True,0.3328127746416703,0.8333333333333334,0.09505110616682795,1.901022123336559,,True
B2,24.0,2,93.99999999999966,7,1.5,2.4000000000000625,30,0.737308527012923,0.8666666666666667,0.21057482289935547,4.21149645798711,,True,0.41230852701294163,0.8666666666666667,0.11775503995238973,2.3551007990477943,,True
B2,24.0,2,103.1999999999983,19,1.0000000000009663,1.0000000000009663,20,0.5280553875801142,0.75,0.14425521098349545,2.885104219669909,,True,0.3405553875801248,0.75,0.09303359163149084,1.8606718326298168,,True
B2,24.0,2,104.19999999999926,11,1.5,3.599999999998772,30,0.6405090296902898,1.0,0.18152376134583667,3.6304752269167335,,True,0.2749127285504903,0.8666666666666667,0.07773057001915844,1.5546114003831688,1.3499999999968963,False
B2,24.0,2,107.79999999999804,15,0.6,0.19999999999998863,12,0.217838350537023,0.5833333333333334,0.06645128432723055,1.329025686544611,,True,0.130338350537028,0.5833333333333334,0.0397103468591761,0.794206937183522,,True
B2,24.0,2,107.99999999999802,25,1.0000000000005116,1.0000000000005116,20,0.5192256267974213,0.95,0.16113488962574105,3.222697792514821,,True,0.2817256267974349,0.95,0.08727006235384237,1.7454012470768474,,True
B2,24.0,2,108.99999999999854,21,0.6,0.39999999999942304,12,0.26759361427341327,1.0,0.08690426262897467,1.7380852525794934,,True,0.11759361427342185,1.0,0.03833358673466158,0.7666717346932316,,True
B2,24.0,2,109.39999999999796,13,1.5,1.8000000000003382,30,0.5614008430488212,1.0,0.19416832305033294,3.8833664610066587,,True,0.1881845956204199,0.9333333333333333,0.06480987060221936,1.2961974120443873,1.4499999999978712,False
B2,24.0,2,112.69999999999789,24,1.5,2.799999999999841,30,0.9346132136435656,0.8333333333333334,0.30907094799269186,6.181418959853837,,True,0.6221132136435834,0.8333333333333334,0.20572908438777046,4.114581687755409,,True
B2,24.0,2,115.49999999999773,16,0.6,0.3000000000003098,12,0.11470788899913001,0.5833333333333334,0.03893564899544529,0.7787129799089059,,True,0.04088041094501055,0.25,0.014268734215511046,0.28537468431022095,,True
B2,24.0,2,117.09999999999846,4,0.6,0.2999999999994998,12,0.30119449177165836,1.0,0.09169632823216911,1.8339265646433822,,True,0.19101053953679376,0.6666666666666666,0.058168368126452985,1.1633673625290597,,True
B2,24.0,2,122.89999999999765,12,0.6,0.39999999999994884,12,0.21511840343033797,0.5833333333333334,0.0643632757970205,1.28726551594041,,True,0.12761840343034295,0.5833333333333334,0.038183337017107064,0.7636667403421413,,True
B2,24.0,2,123.2999999999976,25,0.6,0.20000000000013074,12,0.3562699758648865,1.0,0.10659572751159432,2.1319145502318864,,True,0.20626997586489507,1.0,0.06171583246031416,1.2343166492062831,,True
B2,24.0,2,124.49999999999709,6,0.6000000000013728,0.6000000000013728,12,0.32283791441860443,1.0,0.10037263073492904,2.0074526146985807,,True,0.1728379144186129,1.0,0.05399673918193949,1.0799347836387898,,True
B2,24.0,2,129.1999999999974,24,0.8999999999998352,0.8999999999998352,18,0.2998979093124749,0.7777777777777778,0.09421570687230091,1.8843141374460182,,True,0.12489790931248486,0.7777777777777778,0.039237835434482664,0.7847567086896533,,True
B2,24.0,2,130.09999999999724,14,0.6,0.5000000000009095,12,0.31643339755347466,1.0,0.10345282026309757,2.0690564052619513,,True,0.16643339755348316,1.0,0.05467546064157462,1.0935092128314925,,True
B2,24.0,2,130.59999999999815,4,0.6,0.2999999999994998,12,0.3225926031228753,1.0,0.10799894341766167,2.1599788683532335,,True,0.17259260312288383,1.0,0.057705903129933206,1.154118062598664,,True
B2,24.0,2,131.69999999999715,15,0.7999999999999545,0.7999999999999545,16,0.570115763988663,1.0,0.1870562686220967,3.741125372441934,,True,0.37011576398867446,1.0,0.12174421082378631,2.434884216475726,,True
B2,24.0,2,132.99999999999662,2,1.5,2.0000000000011653,30,0.5435201887709339,1.0,0.1780263162384695,3.5605263247693903,,True,0.1772916380248439,0.8333333333333334,0.05774348014112434,1.1548696028224867,1.299999999999656,False
B2,24.0,2,134.99999999999778,7,1.5,2.199999999999619,30,0.2698894957872457,0.9333333333333333,0.09420254675735759,1.884050935147152,,True,0.005186225603830824,0.3333333333333333,0.0018103342507615776,0.036206685015231554,0.7499999999988205,False
B2,24.0,2,141.69999999999658,6,1.300000000001205,1.300000000001205,26,0.5684353341123737,1.0,0.1623311042270569,3.246622084541138,,True,0.304836263110496,0.8076923076923077,0.08706103315779089,1.7412206631558178,,True
B2,24.0,2,144.09999999999644,20,0.6,0.3000000000005514,12,0.2929161958801586,0.5833333333333334,0.08474579983104132,1.6949159966208263,,True,0.2054161958801636,0.5833333333333334,0.0595858586659297,1.191717173318594,,True
B2,24.0,2,144.399999999997,21,1.5,5.299999999999585,30,1.844872213718683,1.0,0.5495819027955714,10.991638055911428,,True,1.4698722137187041,1.0,0.4382321631797058,8.764643263594117,,True
B2,24.0,2,150.79999999999606,5,1.3000000000003809,1.3000000000003809,26,0.24352622437519048,0.8076923076923077,0.07286287594795784,1.4572575189591568,,True,0.008363295794994143,0.38461538461538464,0.002502292250414478,0.050045845008289555,1.2000000000042377,False
B2,24.0,3,27.900000000000126,14,1.5,1.8000000000000256,30,0.6632876077245969,0.8666666666666667,0.1811982152734558,3.623964305469116,,True,0.3382876077246154,0.8666666666666667,0.0924140750633145,1.84828150126629,,True
B2,24.0,3,29.700000000000152,15,1.5,3.3000000000000753,30,0.7352087613708176,1.0,0.20977549144331992,4.195509828866398,,True,0.3941312896264303,0.8666666666666667,0.11256363309456953,2.2512726618913907,,True
B2,24.0,3,33.00000000000023,21,0.6,0.5999999999998948,13,0.20314840449612337,0.6153846153846154,0.060781860490810365,1.2156372098162074,,True,0.10314840449612905,0.6153846153846154,0.030861930456623575,0.6172386091324715,,True
B2,24.0,3,33.60000000000012,25,1.100000000000101,1.100000000000101,23,0.6467869270030967,1.0,0.2014137039878453,4.0282740797569065,,True,0.35928692700311315,1.0,0.11202791301071223,2.2405582602142444,,True
B2,24.0,3,34.70000000000022,13,1.1999999999999034,1.1999999999999034,24,0.5059850023631924,1.0,0.1656440297677819,3.312880595355638,,True,0.2059850023632094,1.0,0.06746925934310649,1.3493851868621298,,True
B2,24.0,3,36.80000000000025,7,0.8999999999998991,0.8999999999998991,18,0.4279942049308417,0.7222222222222222,0.14153509999891967,2.8307019999783933,,True,0.26549420493085096,0.7222222222222222,0.08779733092436047,1.7559466184872095,,True
B2,24.0,3,41.60000000000035,17,1.0999999999998735,1.0999999999998735,22,0.6450782676248958,0.8181818181818182,0.19300696633912406,3.8601393267824813,,True,0.42007826762490863,0.8181818181818182,0.1256871237622038,2.5137424752440762,,True
B2,24.0,3,45.50000000000038,22,1.0000000000000142,1.0000000000000142,20,0.48516060859076177,0.75,0.13856154579635363,2.7712309159270725,,True,0.29766060859077254,0.75,0.085011671019258,1.70023342038516,,True
B2,24.0,3,46.50000000000039,6,1.5,1.6999999999999105,30,0.5776830427757863,1.0,0.1711467652407118,3.422935304814236,,True,0.20273207629506554,0.9666666666666667,0.05981169641950148,1.1962339283900296,1.4999999999990195,False
B2,24.0,3,48.2000000000003,7,0.6,0.49999999999992184,12,0.3941812884440796,1.0,0.12328281804312045,2.465656360862409,,True,0.2697235848601688,0.5833333333333334,0.08473616326966094,1.6947232653932187,,True
B2,24.0,3,48.70000000000022,25,0.9000000000001265,0.9000000000001265,18,0.662660642270677,1.0,0.21517991297912553,4.303598259582511,,True,0.43766064227068974,1.0,0.1418071898196313,2.8361437963926264,,True
B2,24.0,3,51.40000000000046,23,1.5,2.099999999999916,30,0.7201608431954225,1.0,0.23811607588590597,4.762321517718119,,True,0.4054371719039778,0.8333333333333334,0.13407562534165882,2.6815125068331764,,True
B2,24.0,3,64.20000000000051,22,1.0000000000000568,1.0000000000000568,20,0.44493605392536034,0.75,0.12154850768079513,2.4309701536159025,,True,0.2574360539253709,0.75,0.07032688832879053,1.4065377665758105,,True
B2,24.0,3,65.20000000000057,2,1.5,3.2999999999998124,30,0.7035393430417397,1.0,0.19945986189392506,3.9891972378785012,,True,0.3285393430417609,1.0,0.09313619748143083,1.8627239496286165,,True
B2,24.0,3,68.50000000000038,24,0.6,0.09999999999988063,12,0.23066308706703662,0.5833333333333334,0.07267629888274678,1.4535259776549356,,True,0.1431630870670416,0.5833333333333334,0.044941311107635475,0.8988262221527095,,True
B2,24.0,3,68.60000000000026,15,0.6,0.100000000000108,12,0.28408788336161034,0.75,0.09034355652049036,1.8068711304098073,,True,0.17158788336161676,0.75,0.05434121965698535,1.086824393139707,,True
B2,24.0,3,68.70000000000037,8,0.6,0.5999999999999659,12,0.33499924635501394,0.9166666666666666,0.10717963693778719,2.1435927387557436,,True,0.19749924635502172,0.9166666666666666,0.06290995098588843,1.2581990197177686,,True
B2,24.0,3,69.30000000000034,3,0.8999999999998352,0.8999999999998352,18,0.44030553868976574,1.0,0.15160227134201884,3.032045426840377,,True,0.21530553868977853,1.0,0.07421069793122208,1.4842139586244416,,True
B2,24.0,3,70.20000000000017,13,1.5,2.000000000000341,30,0.678772559765842,1.0,0.24857063030292598,4.97141260605852,,True,0.30377255976586354,1.0,0.11125428474161513,2.2250856948323023,,True
B2,24.0,3,74.9999999999999,4,0.9999999999999432,0.9999999999999432,20,0.380536950259261,0.8,0.13283245415043984,2.656649083008797,,True,0.18053695025927233,0.8,0.06301928407067069,1.2603856814134138,,True
B2,24.0,3,75.99999999999984,23,0.6,0.50000000000054,12,0.1545836750186859,1.0,0.05510096112024426,1.1020192224048853,,True,0.026547137469147542,0.4166666666666667,0.009266699116323586,0.18533398232647172,0.299999999997965,False
B2,24.0,3,77.99999999999962,7,0.6,0.20000000000055707,12,0.24678799030801848,1.0,0.073838794032939,1.47677588065878,,True,0.1564108856535856,0.5833333333333334,0.04679802755340741,0.9359605510681481,,True
B2,24.0,3,84.69999999999938,21,0.6,0.10000000000042064,12,0.25176946508036047,0.5833333333333334,0.07431091967601561,1.4862183935203122,,True,0.16426946508036544,0.5833333333333334,0.04847098010103612,0.9694196020207224,,True
B2,24.0,3,84.7999999999998,15,1.199999999999818,1.199999999999818,24,0.687513670590014,0.875,0.20468528109253453,4.093705621850691,,True,0.425013670590029,0.875,0.12648546395772817,2.5297092791545635,,True
B2,24.0,3,89.09999999999921,12,1.5,3.0000000000001705,30,0.6704667763025273,0.8333333333333334,0.20060319037219526,4.012063807443905,,True,0.357966776302545,0.8333333333333334,0.10710340901536157,2.1420681803072315,,True
B2,24.0,3,92.09999999999938,23,0.6,0.5999999999999943,12,0.2670428670108201,0.6666666666666666,0.08389399091947486,1.6778798183894972,,True,0.16704286701082577,0.6666666666666666,0.05247806438357871,1.049561287671574,,True
B2,24.0,3,93.79999999999896,19,1.2000000000002586,1.2000000000002586,24,0.6528907402042462,0.9583333333333334,0.19527404584567326,3.905480916913465,,True,0.3977137558090845,0.8333333333333334,0.11899567747442144,2.3799135494884287,,True
B2,24.0,3,94.99999999999922,13,1.0999999999995822,1.0999999999995822,22,0.6095934437516036,1.0,0.19036006569045838,3.8072013138091676,,True,0.3345934437516192,1.0,0.10471426596759865,2.094285319351973,,True
B2,24.0,3,96.0999999999988,18,1.000000000000398,1.000000000000398,20,0.5896851266945212,1.0,0.19331341013421768,3.8662682026843536,,True,0.3396851266945354,1.0,0.11167333788632965,2.233466757726593,,True
B2,24.0,3,100.79999999999843,10,1.0000000000005258,1.0000000000005258,20,0.4253904142001693,0.8,0.13364034001587713,2.6728068003175425,,True,0.22539041420018074,0.8,0.07080848694408483,1.4161697388816965,,True
B2,24.0,3,105.19999999999877,2,1.5,2.199999999999875,30,0.8465651060118896,0.8333333333333334,0.241778428893856,4.83556857787712,,True,0.5340651060119074,0.8333333333333334,0.15252863759869661,3.0505727519739323,,True
B2,24.0,3,107.39999999999864,12,0.6,0.20000000000031548,12,0.24673054250843407,1.0,0.07526026217564631,1.5052052435129262,,True,0.13392722560475284,0.6666666666666666,0.040935715133677136,0.8187143026735427,,True
B2,24.0,3,107.59999999999896,15,0.6,0.39999999999918145,12,0.33721803206110595,1.0,0.1040534072933848,2.081068145867696,,True,0.1872180320611145,1.0,0.057677515740395265,1.1535503148079054,,True
B2,24.0,3,107.99999999999814,5,0.6000000000004206,0.6000000000004206,12,0.28304787197681675,1.0,0.09148452705736469,1.829690541147294,,True,0.13304787197682527,1.0,0.042913851163051596,0.858277023261032,,True
B2,24.0,3,108.59999999999856,8,0.6,0.19999999999987494,12,0.2615849317519558,1.0,0.08650455788228752,1.7300911576457503,,True,0.11158493175196425,1.0,0.03690046335192522,0.7380092670385043,,True
B2,24.0,3,109.09999999999852,18,1.5,2.3999999999993236,30,0.8212873736743339,1.0,0.284636644398159,5.69273288796318,,True,0.4462873736743554,1.0,0.15488519342753548,3.0977038685507097,,True
B2,24.0,3,111.49999999999784,6,1.5,1.7000000000009265,30,0.8359431306233204,1.0,0.3086926749732894,6.173853499465788,,True,0.5102361055907669,0.8333333333333334,0.18858282363767287,3.7716564727534574,,True
B2,24.0,3,113.59999999999772,9,1.5,1.8000000000009209,30,0.8429385490458187,1.0,0.3108995917877621,6.217991835755242,,True,0.48629395873317827,0.8666666666666667,0.17973382685191183,3.5946765370382368,,True
B2,24.0,3,119.099999999998,19,0.6,0.39999999999983515,12,0.18619169197444954,0.6666666666666666,0.05463700931407289,1.0927401862814579,,True,0.08619169197445521,0.6666666666666666,0.02522707808728701,0.5045415617457403,,True
B2,24.0,3,122.49999999999724,17,1.5,4.600000000000762,30,0.9008322729904354,0.8333333333333334,0.25727709554030437,5.145541910806087,,True,0.5883322729904534,0.8333333333333334,0.1680273042451448,3.360546084902896,,True
B2,24.0,3,127.39999999999829,15,1.5,3.0999999999989,30,0.449264865568424,0.8333333333333334,0.12830974556234234,2.5661949112468467,,True,0.16518668571324657,0.6,0.047177207118871044,0.9435441423774209,1.1999999999966917,False
B2,24.0,3,132.19999999999678,20,0.6,0.4000000000003183,12,0.27647967112701904,0.6666666666666666,0.078962409425415,1.5792481885083,,True,0.17647967112702473,0.6666666666666666,0.050402476210963984,1.0080495242192797,,True
B2,24.0,3,132.5999999999971,22,0.6,0.3999999999996646,12,0.7587373073503137,1.0,0.22512279147476702,4.50245582949534,,True,0.6087373073503223,1.0,0.1809228948333547,3.6184578966670937,,True
B2,24.0,3,132.99999999999676,16,1.5,2.400000000001512,30,1.476306296015621,1.0,0.4592349006877129,9.184698013754257,,True,1.1013062960156423,1.0,0.34217317442895717,6.843463488579143,,True
B2,24.0,3,137.39999999999694,5,0.6,0.5000000000003126,12,0.24113610337325234,0.5833333333333334,0.07575514108726787,1.5151028217453575,,True,0.1536361033732573,0.5833333333333334,0.04826620536835874,0.9653241073671748,,True
B2,24.0,3,137.89999999999725,23,1.5,2.299999999999528,29,0.6506655863484218,1.0,0.21296041724539308,4.2592083449078615,,True,0.2897719157818893,0.9310344827586207,0.09444179381961432,1.8888358763922863,1.400000000000162,False
B2,24.0,3,140.9999999999972,2,1.5,2.099999999999312,30,1.2554177892346112,0.9666666666666667,0.37558898362897447,7.51177967257949,,True,0.9406280377936275,0.8333333333333334,0.2814352507898137,5.628705015796274,,True
B2,24.0,3,143.0999999999965,10,1.5,2.3000000000004377,30,0.8626412259923327,1.0,0.2700799584523823,5.401599169047646,,True,0.49229483468251184,0.9,0.15459758822050038,3.0919517644100076,,True
B2,24.0,3,150.39999999999574,11,0.700000000000756,0.700000000000756,14,0.4014698638271307,0.7142857142857143,0.11465952498518256,2.293190499703651,,True,0.2764698638271378,0.7142857142857143,0.0789596084671188,1.579192169342376,,True
B2,24.0,4,25.800000000000097,21,0.6,0.09999999999999787,12,0.27888135145813037,0.6666666666666666,0.07868972710371369,1.5737945420742738,,True,0.17888135145813605,0.6666666666666666,0.05044022794594147,1.0088045589188295,,True
B2,24.0,4,25.900000000000095,2,1.5,3.5000000000000817,30,0.7932605443922439,0.9333333333333333,0.22559608107473705,4.511921621494741,,True,0.4432605443922638,0.9333333333333333,0.12594674888083734,2.518934977616747,,True
B2,24.0,4,29.400000000000176,19,1.5,3.5000000000000213,30,0.7804569751671323,0.8666666666666667,0.23351218091695003,4.670243618339001,,True,0.4554569751671508,0.8666666666666667,0.1362724083058429,2.7254481661168577,,True
B2,24.0,4,32.9000000000002,22,0.8999999999998991,0.8999999999998991,18,0.4978293059720436,0.7222222222222222,0.15639768903834775,3.127953780766955,,True,0.3353293059720528,0.7222222222222222,0.10534680841751652,2.1069361683503303,,True
B2,24.0,4,40.30000000000019,21,0.6000000000000085,0.6000000000000085,12,0.2322684475906672,0.6666666666666666,0.06633571351014052,1.3267142702028103,,True,0.13226844759067283,0.6666666666666666,0.037775780295689496,0.75551560591379,,True
B2,24.0,4,41.10000000000032,17,1.5,1.8000000000000185,30,0.625066148616301,0.8333333333333334,0.17851847459096695,3.570369491819339,,True,0.3125661486163187,0.8333333333333334,0.08926868329580752,1.7853736659161503,,True
B2,24.0,4,42.90000000000034,23,1.0000000000000142,1.0000000000000142,20,0.3451210433266743,1.0,0.10292806659102158,2.0585613318204317,,True,0.13321597849387026,0.75,0.03985812755972562,0.7971625511945124,,True
B2,24.0,4,43.900000000000354,24,1.200000000000017,1.200000000000017,24,1.0327159742064533,1.0,0.32315181244551433,6.463036248910287,,True,0.7327159742064704,1.0,0.22983903065139424,4.596780613027885,,True
B2,24.0,4,45.10000000000037,6,1.3000000000000185,1.3000000000000185,26,0.7328808566777253,1.0,0.23972474892717552,4.7944949785435105,,True,0.40788085667774376,1.0,0.1332826294141064,2.665652588282128,,True
B2,24.0,4,46.40000000000039,5,1.5,1.8999999999997996,30,1.3709468881687525,1.0,0.47667724993471605,9.533544998694321,,True,0.9959468881687736,1.0,0.34692579896409237,6.938515979281847,,True
B2,24.0,4,55.500000000000405,22,1.5,2.8000000000001535,30,0.6789996667873707,0.9333333333333333,0.1854788635127664,3.7095772702553282,,True,0.3654803017428083,0.8333333333333334,0.09984262878147716,1.9968525756295432,,True
B2,24.0,4,58.30000000000056,25,1.400000000000034,1.400000000000034,28,0.5190181303785347,0.8214285714285714,0.14823123140701036,2.964624628140207,,True,0.23584220920792173,0.7142857142857143,0.06735637744127218,1.3471275488254437,1.2999999999981924,False
B2,24.0,4,59.70000000000059,8,1.5,1.70000000000001,30,0.7547921328693754,1.0,0.22542563334429053,4.50851266688581,,True,0.41231818676376614,0.8333333333333334,0.1233653129979536,2.467306259959072,,True
B2,24.0,4,61.4000000000006,14,1.0,1.0,20,0.5583310657508941,1.0,0.17450405822090784,3.490081164418157,,True,0.3129792019430368,0.85,0.0982899587913144,1.965799175826288,,True
B2,24.0,4,62.4000000000006,11,0.6,0.49999999999993605,12,0.39917829754373585,1.0,0.1301259399604104,2.602518799208208,,True,0.24917829754374438,1.0,0.08134858033888738,1.6269716067777475,,True
B2,24.0,4,62.90000000000054,19,0.6,0.5999999999998664,12,0.37513460966048157,1.0,0.12768500768573746,2.553700153714749,,True,0.22513460966049006,1.0,0.07647337305485413,1.5294674610970826,,True
B2,24.0,4,70.10000000000034,25,0.6,0.30000000000026716,12,0.2638496752751981,0.5833333333333334,0.07629916478511264,1.525983295702253,,True,0.17634967527520307,0.5833333333333334,0.05096922401753405,1.019384480350681,,True
B2,24.0,4,71.00000000000024,13,0.6,0.19999999999987494,12,0.3966631200684851,1.0,0.1121995255823111,2.243990511646222,,True,0.24666312006849359,1.0,0.06962571209493067,1.3925142418986134,,True
B2,24.0,4,71.20000000000012,17,0.6,0.30000000000009663,12,0.3607708280701479,1.0,0.10572656732981858,2.1145313465963715,,True,0.2107708280701564,1.0,0.061664887756499004,1.2332977551299802,,True
B2,24.0,4,71.50000000000021,4,1.5,3.09999999999971,30,0.6244919855160979,1.0,0.19398177039524436,3.879635407904887,,True,0.2501136107980341,0.9666666666666667,0.0773023330410971,1.546046660821942,1.499999999997783,False
B2,24.0,4,74.59999999999992,5,1.5,2.0999999999999943,30,0.6286854125583665,1.0,0.20726552813034685,4.145310562606937,,True,0.2776638284999094,0.8333333333333334,0.09182175197715071,1.8364350395430142,,True
B2,24.0,4,76.69999999999992,12,1.4000000000004178,1.4000000000004178,28,0.923191623440047,0.8571428571428571,0.3222546691172094,6.445093382344188,,True,0.6231916234400638,0.8571428571428571,0.2175349139975557,4.350698279951114,,True
B2,24.0,4,79.9,14,1.5,2.6999999999999176,30,0.803171792763435,1.0,0.23987997828708293,4.797599565741659,,True,0.44666729541047473,0.8666666666666667,0.13364254227241618,2.6728508454483233,,True
B2,24.0,4,88.09999999999916,23,1.5,2.5999999999997385,30,0.7880971238387363,0.8333333333333334,0.21529392474495823,4.305878494899165,,True,0.47559712383875413,0.8333333333333334,0.12992455915828394,2.5984911831656787,,True
B2,24.0,4,90.6999999999989,21,0.6,0.3999999999999915,12,0.2593172258780706,0.5833333333333334,0.07406082652434835,1.481216530486967,,True,0.17181722587807566,0.5833333333333334,0.049070884961703705,0.9814176992340741,,True
B2,24.0,4,91.09999999999889,22,1.5,1.8000000000001108,30,0.6377813993794477,1.0,0.1957032375685215,3.91406475137043,,True,0.2713098209548351,0.8666666666666667,0.08218779193913588,1.6437558387827176,1.3499999999980048,False
B2,24.0,4,91.09999999999944,5,1.5,1.7999999999995566,30,0.6377813993794477,1.0,0.1957032375685215,3.91406475137043,,True,0.2713098209548351,0.8666666666666667,0.08218779193913588,1.6437558387827176,1.3499999999974506,False
B2,24.0,4,92.899999999999,10,0.6,0.5000000000001279,12,0.14860761926427835,1.0,0.049014641527084624,0.9802928305416925,,True,0.05330577748558261,0.5833333333333334,0.017627898836063007,0.3525579767212601,,True
B2,24.0,4,93.39999999999912,8,1.5,2.7000000000000313,30,0.5818859658809632,1.0,0.20125813378538063,4.025162675707612,,True,0.20826418758704016,0.9333333333333333,0.07198777294661948,1.4397554589323898,1.4499999999976296,False
B2,24.0,4,98.49999999999868,20,0.6,0.200000000000216,12,0.1066204653013797,0.5833333333333334,0.03525874426454102,0.7051748852908204,,True,0.01912046530138467,0.5833333333333334,0.00632302245516302,0.1264604491032604,,True
B2,24.0,4,99.89999999999893,11,1.000000000000071,1.000000000000071,20,0.6794540639823231,1.0,0.21321980274913996,4.264396054982799,,True,0.476112660847446,0.75,0.14957520375994252,2.99150407519885,,True
B2,24.0,4,106.59999999999822,18,1.3000000000007077,1.3000000000007077,26,0.6067681516052567,0.8076923076923077,0.1732925788650302,3.4658515773006036,,True,0.3442681516052715,0.8076923076923077,0.09832275417709625,1.966455083541925,,True
B2,24.0,4,110.09999999999802,15,1.5,4.199999999999662,30,0.9404866241302466,0.8333333333333334,0.26860235174245894,5.372047034849179,,True,0.6279866241302647,0.8333333333333334,0.17935256044729947,3.587051208945989,,True
B2,24.0,4,114.29999999999768,24,0.6,0.30000000000053717,12,0.2028260364585908,0.5833333333333334,0.05864003287837589,1.1728006575675178,,True,0.11532603645859575,0.5833333333333334,0.0333100921107973,0.666201842215946,,True
B2,24.0,4,116.59999999999764,16,0.6,0.40000000000020464,12,0.10971526758825594,0.5833333333333334,0.03282673129922887,0.6565346259845773,,True,0.022215267588260902,0.5833333333333334,0.00664679251931543,0.13293585038630862,,True
B2,24.0,4,116.99999999999784,22,1.100000000000179,1.100000000000179,22,0.5800230100638989,1.0,0.1812783926459627,3.625567852919254,,True,0.3050230100639144,1.0,0.09563259292310299,1.9126518584620598,,True
B2,24.0,4,125.79999999999758,4,1.5,5.599999999999241,30,0.7166044280865222,0.8333333333333334,0.19576340928752464,3.915268185750493,,True,0.40410442808654,0.8333333333333334,0.11039404370085036,2.207880874017007,,True
B2,24.0,4,131.39999999999682,7,1.5,2.4000000000007446,30,0.8167287564538598,0.8666666666666667,0.23325718738645201,4.66514374772904,,True,0.4917287564538783,0.8666666666666667,0.14043740443948627,2.8087480887897254,,True
B2,24.0,4,138.69999999999675,17,0.7000000000000739,0.7000000000000739,14,0.29507345672389546,0.6428571428571429,0.08427278217392142,1.6854556434784285,,True,0.18257345672390182,0.6428571428571429,0.05214285730766401,1.0428571461532803,,True
B2,24.0,4,139.99999999999633,9,1.1999999999999602,1.1999999999999602,24,0.8025715768965658,1.0,0.23728959396807447,4.745791879361489,,True,0.5025715768965828,1.0,0.14900066999120654,2.9800133998241307,,True
B2,24.0,4,139.99999999999704,14,1.1999999999992497,1.1999999999992497,24,0.8025715768965658,1.0,0.23728959396807447,4.745791879361489,,True,0.5025715768965828,1.0,0.14900066999120654,2.9800133998241307,,True
B2,24.0,4,141.1999999999963,3,0.9000000000004036,0.9000000000004036,18,0.4122579613530892,1.0,0.12779758258253296,2.555951651650659,,True,0.18725796135310208,1.0,0.05785974612762132,1.1571949225524265,,True
B2,24.0,4,142.0999999999967,25,1.5,3.500000000000199,30,0.7151708564419164,1.0,0.23524139373490427,4.704827874698085,,True,0.3401708564419376,1.0,0.1122645760450477,2.2452915209009543,,True
B2,24.0,4,145.5999999999969,4,1.0999999999998522,1.0999999999998522,22,0.4502847794275633,0.7727272727272727,0.15717903945254816,3.1435807890509633,,True,0.2377847794275754,0.7727272727272727,0.0830025462427934,1.6600509248558681,,True
B2,24.0,4,147.09999999999673,17,0.8999999999996078,0.8999999999996078,18,0.10159383518309326,0.7222222222222222,0.034351818891512356,0.6870363778302471,0.6500000000025778,False,0.010479339451417628,0.2222222222222222,0.0034654542984260436,0.06930908596852087,0.20000000000250395,False
B2,24.0,4,148.39999999999645,8,0.6,0.29999999999972715,12,0.2806635394605267,1.0,0.09344000676503515,1.868800135300703,,True,0.18510984727443525,0.5833333333333334,0.061744494349257016,1.2348898869851404,,True
B2,24.0,4,148.69999999999618,24,0.6,0.5000000000001137,12,0.48108749038186494,1.0,0.16358056988832512,3.2716113977665024,,True,0.33108749038187346,1.0,0.11259858384323049,2.25197167686461,,True
B2,24.0,4,149.2999999999957,2,0.8000000000010061,0.8000000000010061,16,0.5575121981497986,1.0,0.1913984412563978,3.827968825127956,,True,0.3575121981498099,1.0,0.12250386551978348,2.4500773103956694,,True
B2,24.0,4,152.7999999999955,6,0.6,0.4000000000005457,12,0.2885084612301622,0.5833333333333334,0.1007084513665748,2.014169027331496,,True,0.20100846123016725,0.5833333333333334,0.07016518945667581,1.4033037891335163,,True
B2,24.0,4,153.19999999999604,16,0.6,0.40000000000085834,12,0.43592752700763143,1.0,0.15480916496524427,3.0961832993048857,,True,0.2859275270076399,1.0,0.10142262313953841,2.028452462790768,,True
B2,24.0,5,30.20000000000016,19,0.6,0.5000000000000071,12,0.23574573487926404,0.6666666666666666,0.06440148424450635,1.2880296848901271,,True,0.13574573487926972,0.6666666666666666,0.03708328725677057,0.7416657451354114,,True
B2,24.0,5,30.700000000000166,24,0.6,0.40000000000000213,12,0.334147041393035,1.0,0.09401468794510999,1.8802937589021997,,True,0.1841470413930435,1.0,0.051795656236791075,1.0359131247358215,,True
B2,24.0,5,31.10000000000017,9,1.5,3.200000000000049,30,0.6592600328621036,1.0,0.19577044787046516,3.915408957409303,,True,0.2846955348687764,0.9666666666666667,0.08438101054782021,1.6876202109564042,1.45000000000012,False
B2,24.0,5,34.30000000000022,12,1.5,3.8999999999999417,30,0.6604594168537464,0.8333333333333334,0.20748944519819282,4.149788903963857,,True,0.3479594168537641,0.8333333333333334,0.10931467477351738,2.1862934954703475,,True
B2,24.0,5,43.40000000000023,24,0.6000000000001293,0.6000000000001293,12,0.27632684345538383,0.5833333333333334,0.07548751142513832,1.5097502285027664,,True,0.18882684345538883,0.5833333333333334,0.05158408906086951,1.0316817812173902,,True
B2,24.0,5,44.00000000000036,11,1.5,1.90000000000002,30,0.6527537040151028,1.0,0.18415782180377271,3.6831564360754543,,True,0.29392957992429564,0.7666666666666667,0.08245397674779058,1.6490795349558116,1.199999999999207,False
B2,24.0,5,45.90000000000038,5,1.5,3.999999999999943,30,0.5475150934516246,0.9,0.16378970262551718,3.2757940525103435,,True,0.23307168730192787,0.8333333333333334,0.06973488577023947,1.3946977154047893,,True
B2,24.0,5,49.900000000000325,19,1.4999999999999076,1.4999999999999076,30,0.643826034792054,0.8333333333333334,0.20226391410925634,4.0452782821851265,,True,0.3313260347920718,0.8333333333333334,0.1040891436845809,2.081782873691618,,True
B2,24.0,5,57.50000000000055,18,0.6,0.3999999999997783,12,0.18289142880892495,0.5833333333333334,0.05168906970816168,1.0337813941632337,,True,0.09539142880892988,0.5833333333333334,0.02716477923053524,0.5432955846107048,,True
B2,24.0,5,66.80000000000048,23,1.5,3.499999999999801,30,0.8408317169539294,0.8333333333333334,0.22970006477284852,4.5940012954569704,,True,0.5283317169539472,0.8333333333333334,0.14433069918617417,2.886613983723483,,True
B2,24.0,5,70.30000000000028,2,1.5,4.500000000000199,30,0.8686473285940981,0.8333333333333334,0.24808509691560154,4.96170193831203,,True,0.556147328594116,0.8333333333333334,0.1588353056204422,3.1767061124088443,,True
B2,24.0,5,78.3999999999998,18,1.0999999999997243,1.0999999999997243,22,0.6398889853014971,0.8181818181818182,0.17480613350749657,3.4961226701499317,,True,0.41488898530151,0.8181818181818182,0.1133401902850911,2.266803805701822,,True
B2,24.0,5,79.49999999999953,19,1.3000000000001535,1.3000000000001535,26,1.3017557331674723,1.0,0.37009285618512316,7.401857123702463,,True,0.9767557331674908,1.0,0.27804915837985444,5.560983167597088,,True
B2,24.0,5,80.79999999999968,15,1.5,4.199999999999761,30,0.8696361063880831,1.0,0.2579880910995998,5.159761821991996,,True,0.49463610638810435,1.0,0.1466383514837341,2.9327670296746824,,True
B2,24.0,5,84.99999999999945,7,1.0999999999999375,1.0999999999999375,22,0.5960578027604851,0.7727272727272727,0.1872570814267214,3.745141628534428,,True,0.3835578027604972,0.7727272727272727,0.1204982375379421,2.409964750758842,,True
B2,24.0,5,86.09999999999938,16,0.6,0.3000000000004235,12,0.324263147398732,1.0,0.10265485939030246,2.053097187806049,,True,0.17426314739874052,1.0,0.05511760213203856,1.1023520426407711,,True
B2,24.0,5,88.0999999999995,19,0.7000000000001876,0.7000000000001876,14,0.015483636193418611,0.35714285714285715,0.004632693115819129,0.09265386231638258,0.29999999999762395,False,0.0,0.0,0.0,0.0,0.0,False
B2,24.0,5,98.49999999999868,6,0.6999999999999602,0.6999999999999602,14,0.33739163016879775,0.6428571428571429,0.09216931014965032,1.8433862029930066,,True,0.22489163016880404,0.6428571428571429,0.061436338538447585,1.2287267707689518,,True
B2,24.0,5,99.19999999999864,17,0.8999999999998352,0.8999999999998352,18,0.4489141880815932,1.0,0.12609296222402977,2.5218592444805954,,True,0.22391418808160599,1.0,0.062609197633212,1.25218395266424,,True
B2,24.0,5,100.09999999999847,12,1.5,6.400000000000205,30,0.5689887078281612,1.0,0.16941245107970296,3.388249021594059,,True,0.1988562710377743,0.8333333333333334,0.059478783056051934,1.1895756611210386,1.4499999999978996,False
B2,24.0,5,108.49999999999812,10,0.6,0.19999999999986073,12,0.34497962964992157,0.5833333333333334,0.09637894972562044,1.9275789945124089,,True,0.25747962964992654,0.5833333333333334,0.07200987627633341,1.4401975255266684,,True
B2,24.0,5,108.69999999999798,11,1.5,3.9999999999999005,30,1.4831756510731156,0.9666666666666667,0.42144697329364195,8.428939465872839,,True,1.1206756510731362,0.9666666666666667,0.3185380835046147,6.370761670092294,,True
B2,24.0,5,112.69999999999789,13,1.5,3.8000000000002387,30,0.883546680837088,1.0,0.2641062197318953,5.282124394637906,,True,0.5526400941213376,0.8333333333333334,0.1653495295019778,3.3069905900395558,,True
B2,24.0,5,117.79999999999758,8,1.5,2.900000000000304,30,0.8086119083294951,1.0,0.23084782819745814,4.616956563949163,,True,0.48876793433608867,0.8333333333333334,0.13959179562004678,2.7918359124009355,,True
B2,24.0,5,123.89999999999712,22,0.6,0.09999999999999432,12,0.2587473490464497,0.6666666666666666,0.07627998472648989,1.5255996945297978,,True,0.15874734904645535,0.6666666666666666,0.04687005349970402,0.9374010699940805,,True
B2,24.0,5,123.99999999999712,5,1.2000000000000455,1.2000000000000455,24,0.6817383431473402,0.9166666666666666,0.2028385942123948,4.056771884247896,,True,0.40673834314735585,0.9166666666666666,0.12106878542578202,2.42137570851564,,True
B2,24.0,5,125.19999999999716,3,0.6000000000004206,0.6000000000004206,12,0.3414205872175681,1.0,0.10564678230383914,2.112935646076783,,True,0.1914205872175766,1.0,0.05945789031356327,1.1891578062712655,,True
B2,24.0,5,129.39999999999694,14,1.5,2.500000000000199,30,0.7671492554466699,0.8666666666666667,0.24100704651181376,4.820140930236275,,True,0.44214925544668826,0.8666666666666667,0.1389052852701513,2.7781057054030263,,True
B2,24.0,5,132.8999999999972,8,0.6,0.2999999999993008,12,0.3581612910592681,0.6666666666666666,0.1052065374526438,2.1041307490528762,,True,0.25816129105927377,0.6666666666666666,0.07579660622585795,1.5159321245171589,,True
B2,24.0,5,133.1999999999965,24,1.5,2.800000000000523,30,1.0138740871052825,1.0,0.3013953472548325,6.0279069450966505,,True,0.6388740871053036,1.0,0.18970560843403286,3.794112168680657,,True
B2,24.0,5,135.99999999999702,10,1.3999999999999204,1.3999999999999204,27,1.045024141626705,1.0,0.3281784693555134,6.5635693871102685,,True,0.7491319254559866,0.8518518518518519,0.2353467353582104,4.7069347071642085,,True
B2,24.0,5,146.29999999999688,10,1.5,2.9999999999993463,30,0.7706093396870176,0.8666666666666667,0.21051657742160138,4.210331548432028,,True,0.44560933968703603,0.8666666666666667,0.12173243721146013,2.4346487442292024,,True
B2,24.0,5,149.29999999999623,18,1.5,3.299999999999386,30,0.6291259058097997,0.8333333333333334,0.1796779385340991,3.593558770681982,,True,0.31662590580981737,0.8333333333333334,0.09042814723893969,1.8085629447787936,,True
B2,24.0,5,152.59999999999562,25,1.5,1.7000000000012676,30,0.5938482426514734,0.8666666666666667,0.17767897871057878,3.5535795742115757,,True,0.2688482426514918,0.8666666666666667,0.08043920609947174,1.6087841219894348,,True
B2,24.0,6,20.700000000000024,19,1.5,1.8000000000000256,30,0.7154366785314771,0.8666666666666667,0.22476106133831708,4.495221226766342,,True,0.3904366785314956,0.8666666666666667,0.12265930009665463,2.4531860019330924,,True
B2,24.0,6,22.50000000000005,5,0.9999999999999112,0.9999999999999112,20,0.5306308504140785,1.0,0.17491845400074654,3.498369080014931,,True,0.29688574717274735,0.8,0.09817832444983367,1.9635664889966733,,True
B2,24.0,6,24.70000000000008,18,1.5,2.9000000000000377,30,1.009665004608868,1.0,0.301418878026453,6.02837756052906,,True,0.637300777699519,0.9333333333333333,0.1906519138424887,3.813038276849774,,True
B2,24.0,6,27.60000000000012,15,0.6000000000000121,0.6000000000000121,12,0.2904090486564958,0.6666666666666666,0.0912346933795248,1.8246938675904962,,True,0.19040904865650152,0.6666666666666666,0.059818766843628655,1.1963753368725731,,True
B2,24.0,6,28.20000000000013,3,0.6,0.4999999999998934,12,0.3532287476300274,1.0,0.11406152911218866,2.281230582243773,,True,0.20322874763003598,1.0,0.06549085321787554,1.3098170643575107,,True
B2,24.0,6,37.50000000000025,7,1.5,2.0000000000000426,30,0.7797116680291545,0.8666666666666667,0.21300316940857697,4.260063388171539,,True,0.45471166802917296,0.8666666666666667,0.12421902919843567,2.484380583968713,,True
B2,24.0,6,39.50000000000029,23,1.5,5.999999999999957,30,0.679577178823316,0.9,0.1940597694618031,3.881195389236062,,True,0.3649012778375907,0.8333333333333334,0.10421556124910028,2.0843112249820055,,True
B2,24.0,6,50.300000000000445,9,0.6,0.4000000000000057,12,0.2126339015130995,0.5833333333333334,0.05808774807805993,1.1617549615611986,,True,0.12513390151310447,0.5833333333333334,0.03418432571379111,0.6836865142758222,,True
B2,24.0,6,50.70000000000045,24,0.6,0.4000000000000057,12,0.3447097012507094,1.0,0.09658461717714895,1.931692343542979,,True,0.19470970125071788,1.0,0.05452080249716942,1.0904160499433884,,True
B2,24.0,6,51.100000000000456,12,1.5,3.2000000000000455,30,0.6702560897056904,1.0,0.19865223878514593,3.9730447757029186,,True,0.2960569881962432,0.9666666666666667,0.08754212743729226,1.7508425487458452,1.4999999999986926,False
B2,24.0,6,54.3000000000005,16,1.5,1.5999999999999162,30,0.523068655996583,0.8333333333333334,0.16432686470019522,3.2865372940039044,,True,0.21056865599660085,0.8333333333333334,0.06615209427551977,1.3230418855103954,,True
B2,24.0,6,55.90000000000042,8,1.5,2.400000000000027,30,0.7714430160716788,1.0,0.25457099775542963,5.091419955108592,,True,0.41375110567084716,0.8666666666666667,0.1368249930515987,2.736499861031974,,True
B2,24.0,6,65.40000000000056,10,1.5,8.0,30,0.6351772002284292,0.8333333333333334,0.17351895877959703,3.4703791755919404,,True,0.3258966039817861,0.7666666666666667,0.08902907625209053,1.7805815250418107,1.449999999997786,False
B2,24.0,6,74.9999999999999,11,1.5,3.8000000000003524,30,0.3613900711319617,0.8666666666666667,0.09872525152595334,1.9745050305190668,,True,0.05261682965513859,0.6333333333333333,0.014373969173892925,0.2874793834778585,1.1999999999979138,False
B2,24.0,6,78.80000000000025,10,1.5,1.7999999999993292,30,0.7161339395860082,0.8666666666666667,0.20452737487179262,4.090547497435852,,True,0.39113393958602666,0.8666666666666667,0.11170759192482682,2.2341518384965364,,True
B2,24.0,6,80.59999999999958,12,1.5,1.9999999999998863,30,1.0276356862169125,1.0,0.3069836560440419,6.139673120880838,,True,0.679531023662988,0.8333333333333334,0.20331520684057097,4.06630413681142,,True
B2,24.0,6,82.59999999999947,18,0.6,0.400000000000432,12,0.25710432126557625,1.0,0.07901476382884966,1.580295276576993,,True,0.1358867226321094,0.6666666666666666,0.04181154531502462,0.8362309063004925,,True
B2,24.0,6,91.59999999999908,14,1.5,3.100000000000719,30,0.6914095342221873,0.8333333333333334,0.1888806185508143,3.777612371016286,,True,0.3789095342222052,0.8333333333333334,0.10351125296413996,2.0702250592827993,,True
B2,24.0,6,94.6999999999998,10,1.5,2.599999999998957,30,0.6565591316366035,0.8666666666666667,0.18751284950880423,3.7502569901760845,,True,0.33155913163662193,0.8666666666666667,0.09469306656183846,1.8938613312367691,,True
B2,24.0,6,97.29999999999876,25,0.6,0.19999999999997442,12,0.22123834059901992,0.5833333333333334,0.06748339561176009,1.3496679122352018,,True,0.1337383405990249,0.5833333333333334,0.04074245814370565,0.8148491628741129,,True
B2,24.0,6,97.49999999999874,17,1.5,2.1000000000003496,30,0.6915829898980959,0.9666666666666667,0.2152465251010845,4.30493050202169,,True,0.3291927697957387,0.9333333333333333,0.10214627803130388,2.0429255606260774,1.499999999997783,False
B2,24.0,6,100.19999999999904,14,0.6,0.2999999999994003,12,0.05562780307996967,0.16666666666666666,0.018395778683302357,0.36791557366604716,,True,0.030627803079971098,0.16666666666666666,0.010128429594908641,0.20256859189817283,,True
B2,24.0,6,100.49999999999844,5,1.5,2.200000000001367,30,0.6242112915714856,0.8666666666666667,0.20642290609355535,4.128458121871107,,True,0.29921129157150417,0.8666666666666667,0.09894736794443694,1.9789473588887387,,True
B2,24.0,6,105.29999999999828,6,0.6,0.19999999999988916,12,0.24536708690173156,0.5833333333333334,0.07485244970535737,1.4970489941071474,,True,0.15786708690173656,0.5833333333333334,0.048111512237302916,0.9622302447460583,,True
B2,24.0,6,105.49999999999817,24,1.1999999999999176,1.1999999999999176,24,0.6732997360268643,0.9583333333333334,0.20929145637763097,4.185829127552619,,True,0.3857997360268807,0.9583333333333334,0.11971866583778422,2.394373316755684,,True
B2,24.0,6,106.69999999999808,7,1.5,1.5000000000009521,30,0.9275414874370214,1.0,0.30533931034589806,6.1067862069179615,,True,0.5525414874370428,1.0,0.1823624926560416,3.647249853120832,,True
B2,24.0,6,115.19999999999776,20,1.5,5.500000000001023,30,1.0406875881033608,0.8666666666666667,0.2842970853450085,5.68594170690017,,True,0.7156875881033791,0.8666666666666667,0.1955129451348673,3.910258902697346,,True
B2,24.0,6,120.69999999999878,10,1.5,2.499999999998977,30,0.5738313363086576,0.8333333333333334,0.16388584641335383,3.2777169282670764,,True,0.26133133630867533,0.8333333333333334,0.07463605511819442,1.4927211023638884,,True
B2,24.0,6,124.69999999999708,19,1.5,2.599999999999838,30,0.6879249072599494,0.8666666666666667,0.1964708940790269,3.9294178815805383,,True,0.3629249072599678,0.8666666666666667,0.10365111113206114,2.0730222226412227,,True
B2,24.0,6,127.29999999999691,2,1.4000000000018815,1.4000000000018815,28,0.6871227785321493,0.8571428571428571,0.2055866545857911,4.111733091715822,,True,0.38712277853216626,0.8571428571428571,0.11582686448323071,2.3165372896646144,,True
B2,24.0,6,129.29999999999683,9,1.5,2.000000000000341,30,0.19429859183146586,1.0,0.057695127570403786,1.1539025514080756,,True,0.0,0.0,0.0,0.0,0.0,False
B2,24.0,6,131.29999999999717,24,1.3999999999999204,1.3999999999999204,28,0.7241973225206406,0.8571428571428571,0.2275132988180243,4.550265976360485,,True,0.4241973225206576,0.8571428571428571,0.13326551921033586,2.665310384206717,,True
B2,24.0,6,133.49999999999852,10,1.1999999999984539,1.1999999999984539,24,0.5945568340963397,1.0,0.1865865410331853,3.731730820663706,,True,0.3312548524103053,0.8333333333333334,0.10406678107981863,2.0813356215963728,,True
B2,24.0,6,134.69999999999698,18,0.6,0.5999999999999375,12,0.22148045003932604,1.0,0.07190067060465113,1.4380134120930226,,True,0.07148045003933454,1.0,0.023123310983128205,0.46246621966256407,,True
B2,24.0,6,135.2999999999969,7,0.6,0.49999999999965894,12,0.3412231314028179,1.0,0.11172237634053521,2.2344475268107042,,True,0.19122313140282637,1.0,0.06273833299180241,1.2547666598360483,,True
B2,24.0,6,135.79999999999657,21,1.1000000000003922,1.1000000000003922,23,0.7785093354761797,1.0,0.26942261541023216,5.388452308204643,,True,0.49100933547619596,1.0,0.16998477776371898,3.3996955552743797,,True
B2,24.0,6,136.89999999999696,6,0.6,0.3999999999998636,11,0.2953284626972902,1.0,0.10537336812685383,2.1074673625370766,,True,0.15782846269729797,1.0,0.05635014943113358,1.1270029886226716,,True
B2,24.0,6,138.6999999999963,3,0.6,0.20000000000044338,12,0.23925759717758346,0.9166666666666666,0.09055932935599616,1.811186587119923,,True,0.15162923611107015,0.5833333333333334,0.057308350541631324,1.1461670108326265,,True
B2,24.0,6,138.89999999999674,11,0.6,0.400000000000432,12,0.37568027258392755,1.0,0.14168303429577064,2.833660685915413,,True,0.2381477855345919,0.9166666666666666,0.08969681571614231,1.7939363143228462,,True
B2,24.0,6,145.19999999999683,18,1.49999999999946,1.49999999999946,30,0.7583229963639723,0.9,0.226887528791457,4.53775057582914,,True,0.43316261703267517,0.8666666666666667,0.12960195195043633,2.5920390390087267,,True
B2,24.0,6,148.79999999999615,12,1.5,1.8999999999999204,30,0.7469180026649187,0.9666666666666667,0.22341216294476443,4.4682432588952885,,True,0.4319127162203341,0.8333333333333334,0.12922798250188713,2.584559650037743,,True
B2,24.0,6,148.79999999999674,14,1.5,1.8999999999993236,30,0.7469180026649187,0.9666666666666667,0.22341216294476443,4.4682432588952885,,True,0.4319127162203341,0.8333333333333334,0.12922798250188713,2.584559650037743,,True
B2,24.0,6,150.69999999999607,3,1.5,2.5000000000007674,30,0.7119937883553453,1.0,0.22341023370722218,4.4682046741444434,,True,0.3689983062575041,0.8666666666666667,0.11592423681256514,2.318484736251303,,True
B2,24.0,7,22.80000000000005,22,0.6,0.5000000000000107,12,0.26681093481857326,0.6666666666666666,0.0728879367585613,1.457758735171226,,True,0.16681093481857895,0.6666666666666666,0.0455697397708255,0.91139479541651,,True
B2,24.0,7,23.30000000000006,4,1.5,1.7000000000000242,30,0.741005079505144,1.0,0.21002456009042025,4.200491201808405,,True,0.3660050795051653,1.0,0.1035456786495866,2.070913572991732,,True
B2,24.0,7,25.000000000000085,6,1.5,2.5000000000000355,30,0.8619764078053281,1.0,0.25755998052640766,5.1511996105281534,,True,0.5117735841528204,0.8666666666666667,0.1531222983119828,3.0624459662396557,,True
B2,24.0,7,27.50000000000012,21,1.1000000000000156,1.1000000000000156,22,0.46861720170453863,0.8181818181818182,0.1472204358220785,2.94440871644157,,True,0.24361720170455134,0.8181818181818182,0.07653460111631216,1.5306920223262432,,True
B2,24.0,7,28.600000000000136,25,0.6,0.30000000000000426,12,0.3228956961460453,1.0,0.1064762451466637,2.129524902933274,,True,0.17289569614605382,1.0,0.05723958835356334,1.1447917670712668,,True
B2,24.0,7,28.90000000000014,16,1.5,1.8999999999999098,30,0.6386184540349006,1.0,0.22056835681108622,4.411367136221724,,True,0.2687740369711918,0.8666666666666667,0.0923868951966249,1.847737903932498,1.30000000000015,False
B2,24.0,7,31.500000000000178,9,0.6,0.10000000000000142,12,0.27990681131530637,0.75,0.09626060254632275,1.925212050926455,,True,0.17987225136138596,0.6666666666666666,0.06180245734827931,1.2360491469655863,,True
B2,24.0,7,31.60000000000018,11,1.3999999999999062,1.3999999999999062,28,0.8111723502140041,0.9285714285714286,0.281708466039579,5.63416932079158,,True,0.48617235021402266,0.9285714285714286,0.16872136183153166,3.374427236630633,,True
B2,24.0,7,38.80000000000028,2,0.6999999999998963,0.6999999999998963,14,0.15701177292089138,0.6428571428571429,0.04697781260336963,0.9395562520673927,,True,0.0445117729208978,0.6428571428571429,0.013317891314909486,0.2663578262981897,,True
B2,24.0,7,44.00000000000036,17,1.5,2.799999999999919,30,0.8553156936564492,0.8333333333333334,0.24427759088101444,4.885551817620289,,True,0.542815693656467,0.8333333333333334,0.15502779958585497,3.1005559917170995,,True
B2,24.0,7,48.200000000000415,19,1.5,1.6000000000000227,30,0.9403046435030781,0.8333333333333334,0.2685503781968762,5.371007563937525,,True,0.6278046435030958,0.8333333333333334,0.17930058690171685,3.586011738034337,,True
B2,24.0,7,49.80000000000044,8,0.6,0.09999999999988773,12,0.27672069664682775,1.0,0.08400187411692364,1.6800374823384727,,True,0.12672069664683627,1.0,0.03884997970169629,0.7769995940339258,,True
B2,24.0,7,49.900000000000325,6,1.4000000000001336,1.4000000000001336,28,0.6049146484347544,1.0,0.18819937664221592,3.763987532844318,,True,0.25491464843477446,1.0,0.079501630824835,1.5900326164966998,,True
B2,24.0,7,51.30000000000046,15,0.6999999999999034,0.6999999999999034,14,0.33458418417538077,1.0,0.10983818404951093,2.1967636809902187,,True,0.17329067472024734,0.6428571428571429,0.057306180067026063,1.1461236013405212,,True
B2,24.0,7,52.70000000000051,14,0.6999999999998678,0.6999999999998678,14,0.7418114759157501,1.0,0.24369516751134151,4.87390335022683,,True,0.5668114759157601,1.0,0.18665045880142478,3.733009176028496,,True
B2,24.0,7,53.400000000000375,9,0.6,0.30000000000011795,12,0.5723353561154396,1.0,0.19613693027361095,3.922738605472219,,True,0.42233535611544815,1.0,0.14466862957625792,2.8933725915251585,,True
B2,24.0,7,53.70000000000049,7,1.5,2.499999999999922,30,1.5802586419587588,1.0,0.5801283853445414,11.602567706890827,,True,1.20525864195878,1.0,0.44281203978323064,8.856240795664613,,True
B2,24.0,7,63.30000000000052,19,0.7000000000000028,0.7000000000000028,14,0.44815455946047583,0.6428571428571429,0.1224277453629392,2.4485549072587838,,True,0.3356545594604822,0.6428571428571429,0.09169477375173646,1.8338954750347292,,True
B2,24.0,7,64.00000000000053,11,0.6,0.5999999999999659,12,0.46030878774741324,1.0,0.12867752311665656,2.5735504623331313,,True,0.31030878774742165,1.0,0.08661370843667705,1.732274168733541,,True
B2,24.0,7,64.60000000000049,21,1.5,3.3999999999998067,30,1.6099948379225293,1.0,0.4798210023198094,9.596420046396188,,True,1.2349948379225508,1.0,0.3684712627039437,7.369425254078874,,True
B2,24.0,7,68.0000000000003,2,0.6,0.5,12,0.2296175288375429,0.5833333333333334,0.07213647417314674,1.4427294834629347,,True,0.1421175288375479,0.5833333333333334,0.044647538454237606,0.8929507690847521,,True
B2,24.0,7,68.5000000000003,14,0.6,0.1999999999999602,12,0.3368330044365951,1.0,0.11044881809767004,2.208976361953401,,True,0.18683300443660364,1.0,0.06095954786020208,1.2191909572040416,,True
B2,24.0,7,68.70000000000026,22,1.5,2.6000000000002643,30,0.580598577587706,1.0,0.20004479013790782,4.000895802758157,,True,0.2168207493809782,0.8333333333333334,0.07418765124903859,1.4837530249807718,1.2999999999979082,False
B2,24.0,7,73.70000000000009,18,1.5,2.3000000000002103,30,0.6151321648478077,1.0,0.19320413984781656,3.8640827969563314,,True,0.29960213373495476,0.8333333333333334,0.09412278623415607,1.8824557246831213,,True
B2,24.0,7,82.79999999999946,7,0.7999999999998408,0.7999999999998408,16,0.4170852704662081,0.6875,0.11394017579279579,2.2788035158559157,,True,0.279585270466216,0.6875,0.07637765493465908,1.5275530986931816,,True
B2,24.0,7,83.5999999999993,6,1.5,7.200000000000102,30,1.114330107824828,1.0,0.31617655289075225,6.323531057815045,,True,0.7393301078248491,1.0,0.20985288847825803,4.197057769565161,,True
B2,24.0,7,90.7999999999994,19,0.7999999999998977,0.7999999999998977,16,0.41308920863934495,0.75,0.11797800210350795,2.359560042070159,,True,0.26308920863935353,0.75,0.07513810228183142,1.5027620456366284,,True
B2,24.0,7,96.19999999999926,18,1.1999999999993776,1.1999999999993776,24,0.5778452291783804,0.8333333333333334,0.16503221153624636,3.3006442307249273,,True,0.3278452291783946,0.8333333333333334,0.0936323785001188,1.872647570002376,,True
B2,24.0,7,97.39999999999864,16,0.800000000000054,0.800000000000054,16,0.39546469435939524,1.0,0.11700205402421036,2.340041080484207,,True,0.19546469435940658,1.0,0.05801219196817163,1.1602438393634327,,True
B2,24.0,7,98.1999999999987,3,0.6000000000007049,0.6000000000007049,12,0.3169736237603202,1.0,0.09775763231866705,1.955152646373341,,True,0.16697362376032865,1.0,0.051568740328391184,1.0313748065678237,,True
B2,24.0,7,100.19999999999858,13,1.5,3.4999999999997016,30,0.7835141000649701,1.0,0.24572397753267355,4.914479550653471,,True,0.4426559761218848,0.8333333333333334,0.13906447626521318,2.7812895253042633,,True
B2,24.0,7,103.69999999999828,15,0.6,0.30000000000011084,12,0.23393759982457885,0.5833333333333334,0.07793938031359848,1.5587876062719697,,True,0.14643759982458382,0.5833333333333334,0.048774009918431754,0.9754801983686351,,True
B2,24.0,7,103.9999999999984,24,0.6,0.2000000000008697,12,0.4171475274786376,1.0,0.13852579744862045,2.770515948972409,,True,0.2671475274786461,1.0,0.0886920543324694,1.773841086649388,,True
B2,24.0,7,104.79999999999924,18,0.6,0.5999999999993975,12,0.2977627887252045,1.0,0.10107727960018348,2.02154559200367,,True,0.14776278872521303,1.0,0.04986564496930015,0.997312899386003,,True
B2,24.0,7,105.49999999999817,25,0.7000000000005286,0.7000000000005286,14,0.6014078067496185,1.0,0.20832775707283427,4.166555141456685,,True,0.42640780674962836,1.0,0.14838947618197987,2.9677895236395972,,True
B2,24.0,7,110.79999999999832,16,0.899999999999963,0.899999999999963,18,0.388690998582472,0.7222222222222222,0.12853776691191315,2.5707553382382633,,True,0.22619099858248123,0.7222222222222222,0.07479999783735394,1.4959999567470788,,True
B2,24.0,7,112.09999999999827,14,0.7000000000009692,0.7000000000009692,14,0.5591798194283246,1.0,0.17391649782325225,3.478329956465045,,True,0.3841798194283345,1.0,0.11968662463628867,2.3937324927257735,,True
B2,24.0,7,116.49999999999902,18,1.5,2.299999999999301,30,0.736762341620869,0.8333333333333334,0.2204387771312128,4.408775542624256,,True,0.4242623416208866,0.8333333333333334,0.1269389957743791,2.5387799154875816,,True
B2,24.0,7,130.99999999999758,19,0.9999999999994316,0.9999999999994316,20,0.4077583013655396,0.8,0.11139221600088971,2.227844320017794,,True,0.20775830136555093,0.8,0.05675582202541815,1.1351164405083631,,True
B2,24.0,7,131.99999999999702,6,1.5,5.799999999999784,30,0.805662414309566,1.0,0.22913860315315715,4.5827720630631426,,True,0.43066241430958724,1.0,0.1226597217123235,2.45319443424647,,True
B2,24.0,7,137.7999999999968,2,1.2000000000007844,1.2000000000007844,25,0.6279753584894979,0.8,0.1878897878920022,3.757795757840044,,True,0.377975358489512,0.8,0.11308996280653522,2.261799256130704,,True
B2,24.0,7,140.79999999999615,17,1.4000000000000625,1.4000000000000625,28,0.3700628685099915,0.8214285714285714,0.1056897080979413,2.113794161958826,,True,0.0914349346910925,0.6428571428571429,0.02611375628245443,0.5222751256490886,1.1500000000018673,False
B2,24.0,7,142.1999999999962,23,1.5,2.00000000000108,30,0.7927111594468059,1.0,0.23681521415017517,4.736304283003504,,True,0.44098976390824673,0.8666666666666667,0.13194382881928052,2.63887657638561,,True
B2,24.0,7,144.1999999999973,19,1.5,1.5999999999995111,30,0.7196914260737373,1.0,0.22591005810622247,4.518201162124449,,True,0.394646504073965,0.8333333333333334,0.12398185579636631,2.4796371159273263,,True
B2,24.0,7,146.09999999999587,8,1.5,2.700000000000273,30,0.8019961544896678,1.0,0.2511577503282613,5.023155006565227,,True,0.43664599010471367,0.8666666666666667,0.1371702476966488,2.7434049539329757,,True
B2,24.0,7,150.1999999999962,13,1.5,2.00000000000108,30,0.937563412745034,0.8333333333333334,0.2805183171194642,5.610366342389284,,True,0.6250634127450518,0.8333333333333334,0.18701853576263047,3.7403707152526096,,True
B2,24.0,7,153.2999999999974,18,0.7999999999984766,0.7999999999984766,16,0.36223904108459304,0.6875,0.1083816676490256,2.167633352980512,,True,0.22473904108460088,0.6875,0.06724176385201876,1.344835277040375,,True
B2,48.0,0,21.200000000000053,10,1.5,1.8999999999999382,30,0.8201993404884036,0.9,0.28630343020026694,5.726068604005339,,True,0.49519117127272383,0.8666666666666667,0.17285432731032394,3.4570865462064786,,True
B2,48.0,0,23.800000000000097,19,1.3999999999998742,1.3999999999998742,28,0.16452285288480203,0.9285714285714286,0.05147808290498114,1.0295616580996227,1.3000000000001215,False,0.0,0.0,0.0,0.0,0.0,False
B2,48.0,0,25.40000000000012,18,0.6,0.2999999999999723,12,0.35273733683277836,0.75,0.110092668135341,2.20185336270682,,True,0.25242146129646975,0.6666666666666666,0.07876923142269819,1.5753846284539639,,True
B2,48.0,0,25.70000000000009,12,0.6,0.09999999999989129,12,0.5134053636010705,1.0,0.16057274287851755,3.211454857570351,,True,0.3634053636010791,1.0,0.113635852637387,2.27271705274774,,True
B2,48.0,0,27.60000000000012,16,0.6,0.2000000000000064,12,0.3970585995697607,1.0,0.13381022341378235,2.676204468275647,,True,0.25785134381064356,0.5833333333333334,0.0877115937782348,1.754231875564696,,True
B2,48.0,0,27.800000000000125,23,1.3999999999999275,1.3999999999999275,28,1.0015960492045572,1.0,0.3463210398715303,6.926420797430605,,True,0.6550007390516092,0.9642857142857143,0.22634288516341783,4.526857703268357,,True
B2,48.0,0,30.00000000000016,13,1.5,1.7999999999999368,30,0.9564299966624322,1.0,0.3335520822909478,6.671041645818956,,True,0.614830294994297,0.8666666666666667,0.2146162597731699,4.292325195463398,,True
B2,48.0,0,32.100000000000186,20,0.6,0.5000000000000071,12,0.22797804645183986,1.0,0.07825057373105915,1.565011474621183,,True,0.07831171866035533,0.9166666666666666,0.027149282485328725,0.5429856497065745,,True
B2,48.0,0,32.60000000000019,4,0.7999999999999261,0.7999999999999261,16,0.3529431084865471,1.0,0.12847605636452047,2.5695211272904093,,True,0.15294310848655845,1.0,0.055839559553584155,1.116791191071683,,True
B2,48.0,0,34.200000000000145,21,1.3999999999999773,1.3999999999999773,29,0.39798827001264936,1.0,0.1377480665633797,2.754961331267594,,True,0.052487073093493236,0.6896551724137931,0.01823626777724269,0.3647253555448538,1.0999999999999872,False
B2,48.0,0,36.50000000000025,14,1.4999999999999147,1.4999999999999147,30,0.678133025635349,1.0,0.2237337421463517,4.474674842927034,,True,0.33669950225552087,0.7333333333333333,0.11134449292139839,2.2268898584279677,1.3999999999997357,False
B2,48.0,0,38.1000000000002,22,1.5,1.9999999999999858,30,0.768636126730116,1.0,0.2536546265075625,5.07309253015125,,True,0.4116608979145059,0.8666666666666667,0.13613377396404097,2.722675479280819,,True
B2,48.0,0,40.400000000000304,11,0.6,0.19999999999988916,12,0.22192790353451156,0.5833333333333334,0.07095629735387539,1.4191259470775077,,True,0.13442790353451653,0.5833333333333334,0.04305399418054659,0.8610798836109318,,True
B2,48.0,0,40.70000000000032,7,0.6,0.5999999999998806,12,0.4144284440578223,1.0,0.13507744966397,2.7015489932794,,True,0.26442844405783084,1.0,0.08630009004244701,1.7260018008489402,,True
B2,48.0,0,41.3000000000002,4,0.8999999999999488,0.8999999999999488,18,0.4571515191626316,1.0,0.15641293321523062,3.1282586643046124,,True,0.23215151916264437,1.0,0.07902135980443385,1.580427196088677,,True
B2,48.0,0,45.70000000000029,18,0.6,0.0999999999999801,12,0.24814327790084897,1.0,0.0829214922015965,1.65842984403193,,True,0.14117885626475168,0.6666666666666666,0.04720486109159592,0.9440972218319184,,True
B2,48.0,0,45.80000000000027,14,0.6,0.2999999999999332,12,0.30642972414600794,1.0,0.10225570779863996,2.045114155972799,,True,0.178048051174811,0.8333333333333334,0.05939728128877617,1.1879456257755234,,True
B2,48.0,0,46.600000000000286,24,1.5,1.8000000000000185,30,0.5418643824662939,1.0,0.1872212063028657,3.7444241260573143,,True,0.17585048323408592,0.8333333333333334,0.06037684765272514,1.2075369530545028,1.2999999999991303,False
B2,48.0,0,53.90000000000051,2,0.6999999999997755,0.6999999999997755,14,0.2868559765163318,1.0,0.0818084792575831,1.636169585151662,,True,0.16490179014232748,0.6428571428571429,0.047095841134085624,0.9419168226817125,,True
B2,48.0,0,60.80000000000048,23,1.1000000000000298,1.1000000000000298,22,0.3726902359020234,0.7727272727272727,0.10644008247040396,2.128801649408079,,True,0.16019023590203552,0.7727272727272727,0.045750224389695525,0.9150044877939105,,True
B2,48.0,0,66.2000000000004,12,0.7999999999999687,0.7999999999999687,16,0.4520355419419931,0.75,0.12910104888422236,2.582020977684447,,True,0.30203554194200155,0.75,0.08626114906254581,1.725222981250916,,True
B2,48.0,0,67.00000000000037,7,1.5,1.5999999999998238,30,0.8360557459907827,1.0,0.2478717212374085,4.95743442474817,,True,0.46105574599080396,1.0,0.1365219816215428,2.730439632430856,,True
B2,48.0,0,68.6000000000002,22,0.6,0.20000000000028706,12,0.2770592720704551,1.0,0.08341105357518394,1.668221071503679,,True,0.12937483369676087,0.8333333333333334,0.03903697337967675,0.7807394675935351,,True
B2,48.0,0,68.90000000000036,6,0.999999999999929,0.999999999999929,20,0.665997562658956,1.0,0.20700023038218326,4.140004607643665,,True,0.4159975626589705,1.0,0.12939541185601125,2.587908237120225,,True
B2,48.0,0,69.90000000000029,25,1.5,1.9999999999999005,30,0.5772602231609097,1.0,0.18888245253468594,3.777649050693719,,True,0.2092070572803919,0.8666666666666667,0.06799622722660949,1.3599245445321897,1.3499999999978058,False
B2,48.0,0,71.90000000000019,15,0.6,0.5999999999998664,12,0.22573860547148544,0.6666666666666666,0.07879656126860234,1.5759312253720468,,True,0.13817998230644246,0.5833333333333334,0.048233913031898584,0.9646782606379717,,True
B2,48.0,0,72.50000000000006,2,1.5,1.700000000000344,30,0.6927629727431742,1.0,0.2528579269888752,5.057158539777504,,True,0.3177629727431955,1.0,0.11554158142756443,2.3108316285512887,,True
B2,48.0,0,75.39999999999976,4,1.2000000000004292,1.2000000000004292,24,0.6235981266292654,0.7916666666666666,0.2176768103789841,4.3535362075796815,,True,0.3860981266292788,0.7916666666666666,0.1347736709092582,2.695473418185164,,True
B2,48.0,0,77.20000000000034,6,0.699999999999946,0.699999999999946,14,0.1779394395225177,1.0,0.057165553590220235,1.1433110718044046,,True,0.03898022763244229,0.35714285714285715,0.01224599967653385,0.244919993530677,0.29999999999739657,False
B2,48.0,0,78.49999999999982,5,1.199999999999747,1.199999999999747,24,0.7678539790436372,1.0,0.25334327821633723,5.066865564326744,,True,0.49519170852034805,0.7916666666666666,0.1637569088006425,3.27513817601285,,True
B2,48.0,0,79.69999999999956,21,0.6,0.20000000000062812,12,0.32756041765085075,1.0,0.10832225281039126,2.1664450562078255,,True,0.17756041765085934,1.0,0.05871815828002897,1.1743631656005795,,True
B2,48.0,0,81.59999999999953,8,0.6,0.19999999999998863,12,0.3859259771347743,1.0,0.12912915056978164,2.5825830113956325,,True,0.24773964749330166,0.6666666666666666,0.083374219191918,1.66748438383836,,True
B2,48.0,0,81.79999999999951,13,1.5,1.6000000000002501,30,0.9698815585609795,1.0,0.3343010565584755,6.686021131169509,,True,0.5948815585610009,1.0,0.20454960558785193,4.090992111757038,,True
B2,48.0,0,83.49999999999989,2,1.5,1.7000000000004576,30,0.6514465823218645,1.0,0.22619579710263807,4.523915942052762,,True,0.27871026897267676,0.9333333333333333,0.09719293364276764,1.9438586728553529,,True
B2,48.0,0,89.89999999999961,25,0.6,0.5999999999999943,12,0.00713187831422239,0.3333333333333333,0.0020368596834779464,0.04073719366955893,,True,0.0,0.0,0.0,0.0,0.0,False
B2,48.0,0,90.4999999999996,15,0.8999999999992383,0.8999999999992383,18,0.2530451228936409,1.0,0.07539570559609259,1.5079141119218518,,True,0.06736726511952193,0.7222222222222222,0.020156238589707245,0.4031247717941449,,True
B2,48.0,0,91.39999999999884,24,0.6,0.10000000000104592,12,0.16015003646039264,1.0,0.04742724286385432,0.9485448572770865,,True,0.021720209979237067,0.5833333333333334,0.006349134839177989,0.12698269678355978,0.399999999998073,False
B2,48.0,0,92.1999999999988,14,1.300000000000523,1.300000000000523,26,0.3952601142532875,1.0,0.12397592836732735,2.479518567346547,,True,0.11947808104235312,0.8076923076923077,0.03753514616676624,0.7507029233353247,,True
B2,48.0,0,93.49999999999932,7,1.5,3.5999999999996817,30,0.7371716836136861,1.0,0.24298399282856628,4.859679856571326,,True,0.3647369144327357,0.9,0.12060638244108211,2.412127648821642,,True
B2,48.0,0,97.099999999999,4,0.800000000000594,0.800000000000594,16,0.28206205235255316,0.6875,0.0984582301696934,1.9691646033938681,,True,0.14456205235256103,0.6875,0.050461675739852094,1.009233514797042,,True
B2,48.0,0,98.49999999999856,16,0.6,0.30000000000092086,12,0.37427789669412614,1.0,0.12308511207777124,2.461702241555425,,True,0.22427789669413464,1.0,0.0740781038704596,1.481562077409192,,True
B2,48.0,0,98.79999999999949,2,0.6,0.5999999999993548,12,0.4352767925548378,1.0,0.14824114864011695,2.964822972802339,,True,0.28527679255484634,1.0,0.09702951400923363,1.9405902801846726,,True
B2,48.0,0,101.29999999999886,12,0.6,0.2000000000004576,12,0.18775597045285253,0.75,0.05898527774423039,1.1797055548846078,,True,0.09994016276372703,0.5833333333333334,0.03139712811370931,0.6279425622741862,,True
B2,48.0,0,102.59999999999872,21,0.7999999999996845,0.7999999999996845,16,0.5582064227778398,1.0,0.1832048663550949,3.664097327101898,,True,0.35820642277785125,1.0,0.11809949228399436,2.3619898456798873,,True
B2,48.0,0,103.3999999999984,9,0.6,0.40000000000088676,12,0.42587190512141515,1.0,0.14521556839306737,2.9043113678613475,,True,0.27587190512142373,1.0,0.09400393376218406,1.8800786752436813,,True
B2,48.0,0,103.79999999999929,25,1.299999999999713,1.299999999999713,26,0.5832484750550141,1.0,0.21225008780530255,4.245001756106051,,True,0.2582484750550326,1.0,0.09341369902981304,1.868273980596261,,True
B2,48.0,0,106.99999999999808,3,0.6000000000003212,0.6000000000003212,12,0.14022595446085637,0.6666666666666666,0.04637187667124664,0.9274375334249328,,True,0.04022595446086206,0.6666666666666666,0.013302480317671781,0.2660496063534356,,True
B2,48.0,0,107.5999999999984,24,1.5,1.7000000000004576,30,0.2901619583132535,1.0,0.10027711142364706,2.005542228472941,,True,0.004894704930651816,0.13333333333333333,0.0016186493738553128,0.032372987477106256,0.24999999999761258,False
B2,48.0,0,114.19999999999769,10,0.6,0.5000000000013358,12,0.2016369421505126,0.6666666666666666,0.060329632014510526,1.2065926402902105,,True,0.1016369421505183,0.6666666666666666,0.030409701980323736,0.6081940396064747,,True
B2,48.0,0,114.69999999999902,2,0.6,0.29999999999905924,12,0.2970062432413449,1.0,0.08976805898994633,1.7953611797989266,,True,0.14700624324135342,1.0,0.044514164813238825,0.8902832962647765,,True
B2,48.0,0,116.19999999999813,5,0.6,0.4999999999998579,12,0.21949138004330332,1.0,0.06531187652421039,1.3062375304842078,,True,0.09303611113388406,0.6666666666666666,0.027836339357787992,0.5567267871557599,,True
B2,48.0,0,116.69999999999798,13,1.1999999999999318,1.1999999999999318,24,0.5649658808415841,1.0,0.17584637948611617,3.5169275897223233,,True,0.26496588084160105,1.0,0.08253359769199609,1.6506719538399217,,True
B2,48.0,0,117.89999999999792,8,0.6,0.4999999999997442,12,0.35428365254870164,1.0,0.1160430053575194,2.320860107150388,,True,0.20428365254871014,1.0,0.06726564573599642,1.3453129147199283,,True
B2,48.0,0,118.39999999999766,23,0.9000000000006452,0.9000000000006452,18,0.4975766161161862,1.0,0.17044708106405954,3.4089416212811905,,True,0.27257661611619893,1.0,0.09305550765326277,1.8611101530652554,,True
B2,48.0,0,119.2999999999983,7,1.5,2.099999999998957,30,0.7836768426623619,1.0,0.28827368373420714,5.765473674684143,,True,0.4086768426623832,1.0,0.15070067210642657,3.0140134421285314,,True
B2,48.0,0,121.39999999999726,11,0.8000000000004235,0.8000000000004235,16,0.3097652464125782,1.0,0.12074867131460533,2.4149734262921068,,True,0.13348348932620976,0.6875,0.052418843680344024,1.0483768736068804,,True
B2,48.0,0,124.39999999999893,2,0.6,0.29999999999905924,12,0.18764345596094784,1.0,0.06301868597856362,1.2603737195712725,,True,0.07224343343251408,0.6666666666666666,0.024167649379152868,0.48335298758305734,,True
B2,48.0,0,125.49999999999748,3,0.6,0.400000000000432,12,0.48138341697631065,1.0,0.16361462082388484,3.272292416477697,,True,0.33138341697631923,1.0,0.11286228336457892,2.257245667291578,,True
B2,48.0,0,125.99999999999748,10,0.6,0.4000000000001762,12,0.5521433285288465,1.0,0.18644147758260454,3.728829551652091,,True,0.402143328528855,1.0,0.1356891401232986,2.713782802465972,,True
B2,48.0,0,127.09999999999783,8,0.6,0.2000000000004718,12,0.32373478729990623,1.0,0.1070571399466147,2.141142798932294,,True,0.17373478729991476,1.0,0.05745304541625238,1.1490609083250476,,True
B2,48.0,0,128.59999999999755,23,0.6,0.20000000000013074,12,0.26727869715573593,0.6666666666666666,0.09621332682478151,1.9242665364956302,,True,0.16727869715574162,0.6666666666666666,0.060280077519017955,1.2056015503803592,,True
B2,48.0,0,128.79999999999768,21,0.6,0.599999999999568,12,0.40734865334419645,1.0,0.147983061571877,2.95966123143754,,True,0.257348653344205,1.0,0.0935698554802922,1.871397109605844,,True
B2,48.0,0,129.4999999999976,24,0.6,0.5999999999995396,12,0.6564060313470413,1.0,0.23946246124123885,4.789249224824777,,True,0.5064060313470499,1.0,0.18504925514965395,3.700985102993079,,True
B2,48.0,0,130.09999999999715,22,1.5,2.3000000000017735,30,1.0814901938601529,1.0,0.419354410138001,8.38708820276002,,True,0.7064901938601746,1.0,0.2732472518001017,5.4649450360020335,,True
B2,48.0,0,135.9999999999968,14,0.6000000000007617,0.6000000000007617,12,0.43856728725421584,1.0,0.1448150404478153,2.8963008089563056,,True,0.3254727602724767,0.6666666666666666,0.10763187711743206,2.1526375423486415,,True
B2,48.0,0,136.69999999999754,23,0.6,0.10000000000013642,12,0.4723057844705316,1.0,0.14775196594993073,2.9550393189986144,,True,0.32230578447054015,1.0,0.10081507570880019,2.016301514176004,,True
B2,48.0,0,138.4999999999963,20,0.7000000000007844,0.7000000000007844,14,0.12146435438935843,1.0,0.03558523606946143,0.7117047213892286,,True,0.0,0.0,0.0,0.0,0.0,False
B2,48.0,0,139.1999999999971,22,1.200000000000017,1.200000000000017,24,0.6187297225867682,1.0,0.1940141813881312,3.880283627762624,,True,0.34429826736109903,0.8333333333333334,0.10816449073853229,2.163289814770646,,True
B2,48.0,0,140.3999999999971,12,1.5,3.5999999999996817,30,0.7609270408006896,1.0,0.25012744661973807,5.002548932394761,,True,0.38592704080071083,1.0,0.12715062892988158,2.5430125785976316,,True
B2,48.0,0,144.1999999999969,13,0.6,0.5000000000006537,12,0.336085140167728,0.5833333333333334,0.11027953317817034,2.205590663563407,,True,0.24858514016773298,0.5833333333333334,0.08155049509600215,1.631009901920043,,True
B2,48.0,0,145.19999999999683,3,0.6,0.4000000000005173,12,0.4315641499669989,1.0,0.13913086831952606,2.782617366390521,,True,0.2815641499670074,1.0,0.09056019242521289,1.8112038485042579,,True
B2,48.0,0,145.59999999999735,25,0.6,0.399999999999892,12,0.3278172779760881,1.0,0.11185648774587362,2.2371297549174725,,True,0.17781727797609662,1.0,0.0606448531149903,1.212897062299806,,True
B2,48.0,0,145.99999999999724,7,0.6,0.4999999999990621,12,0.3187818327592262,1.0,0.11440666230931047,2.2881332461862094,,True,0.16878183275923475,1.0,0.06050678835066517,1.2101357670133033,,True
B2,48.0,0,146.89999999999674,10,0.6,0.30000000000035243,12,0.6344094031864177,1.0,0.2242292206965321,4.484584413930642,,True,0.4844094031864262,1.0,0.1713560110037657,3.4271202200753144,,True
B2,48.0,0,149.39999999999614,16,0.8999999999999488,0.8999999999999488,18,0.6083774126625969,1.0,0.2120127100538548,4.2402542010770965,,True,0.4267683868291489,0.7222222222222222,0.14897026987186904,2.9794053974373806,,True
B2,48.0,0,150.2999999999961,20,0.6,0.100000000000108,12,0.5021523152967672,1.0,0.19659197741826542,3.9318395483653084,,True,0.35215231529677576,1.0,0.13823253055470833,2.7646506110941664,,True
B2,48.0,0,150.299999999997,12,0.6,0.09999999999919851,12,0.5021523152967672,1.0,0.19659197741826542,3.9318395483653084,,True,0.35215231529677576,1.0,0.13823253055470833,2.7646506110941664,,True
B2,48.0,0,150.3999999999962,9,0.6,0.49999999999943157,12,0.51892675357795,1.0,0.2095245822870182,4.190491645740364,,True,0.36892675357795857,1.0,0.1494198061714669,2.988396123429338,,True
B2,48.0,0,150.89999999999563,19,1.300000000001262,1.300000000001262,26,0.9839444124006159,1.0,0.4355484075832721,8.710968151665442,,True,0.6589444124006344,1.0,0.29118474516832066,5.823694903366413,,True
B2,48.0,0,152.29999999999688,8,0.6,0.3000000000002103,12,0.6053419559602544,1.0,0.2711671122709343,5.423342245418686,,True,0.45534195596026295,1.0,0.20485419041631836,4.097083808326367,,True
B2,48.0,0,152.5999999999971,23,0.6,0.5999999999997385,12,0.716037018482052,1.0,0.3366775972139977,6.733551944279954,,True,0.5660370184820606,1.0,0.26590545501774804,5.3181091003549605,,True
B2,48.0,1,21.80000000000004,13,0.6,0.4999999999999254,12,0.25354499391115703,0.6666666666666666,0.0791151498674933,1.582302997349866,,True,0.15354499391116272,0.6666666666666666,0.047886222894310826,0.9577244578862165,,True
B2,48.0,1,22.70000000000008,19,1.3999999999999915,1.3999999999999915,28,0.48737307452790557,1.0,0.1511222617201,3.022445234402,,True,0.19252790580344598,0.6428571428571429,0.059241918369834105,1.184838367396682,0.9000000000001158,False
B2,48.0,1,24.100000000000072,18,0.8000000000000114,0.8000000000000114,16,0.3303717717493392,0.875,0.10923587225722674,2.1847174451445346,,True,0.17939936918570162,0.75,0.059326288451836164,1.1865257690367232,,True
B2,48.0,1,24.900000000000084,7,1.0999999999998984,1.0999999999998984,22,0.459035356796902,1.0,0.15840268593136478,3.1680537186272955,,True,0.18403535679691754,1.0,0.06332817141483704,1.2665634282967408,,True
B2,48.0,1,27.900000000000126,6,1.5,1.8999999999999133,30,0.8913452976535466,0.8666666666666667,0.29476250936001996,5.895250187200399,,True,0.5663452976535652,0.8666666666666667,0.18728697121090163,3.7457394242180326,,True
B2,48.0,1,31.800000000000097,19,0.6,0.29999999999997584,12,0.07170363840620483,0.5833333333333334,0.02161542440921288,0.4323084881842576,,True,0.001925648536298498,0.16666666666666666,0.0005761526947648815,0.01152305389529763,,True
B2,48.0,1,32.50000000000008,13,0.6,0.4000000000000057,12,0.35789773422581805,1.0,0.11371051170811088,2.2742102341622177,,True,0.2078977342258266,1.0,0.06669488480899566,1.3338976961799132,,True
B2,48.0,1,32.50000000000019,9,0.6,0.399999999999892,12,0.35789773422581805,1.0,0.11371051170811088,2.2742102341622177,,True,0.2078977342258266,1.0,0.06669488480899566,1.3338976961799132,,True
B2,48.0,1,34.70000000000022,11,0.6,0.4999999999999787,12,0.3925841647103369,1.0,0.1294705767936163,2.5894115358723258,,True,0.2836361375354921,0.5833333333333334,0.09379675852358801,1.8759351704717604,,True
B2,48.0,1,35.2000000000002,22,0.6999999999999247,0.6999999999999247,14,0.6449162585151761,1.0,0.2212339788709598,4.424679577419196,,True,0.469916258515186,1.0,0.1610660493943167,3.221320987886334,,True
B2,48.0,1,36.80000000000025,5,0.8000000000000398,0.8000000000000398,16,0.151047931451819,1.0,0.05111167567585667,1.0222335135171334,,True,0.025351562519908902,0.3125,0.008383608691533491,0.16767217383066982,0.2999999999997769,False
B2,48.0,1,37.60000000000029,20,1.0999999999999872,1.0999999999999872,22,0.5446265781015963,1.0,0.2009298857324887,4.018597714649774,,True,0.3019174382127534,0.8181818181818182,0.11158842422115721,2.231768484423144,,True
B2,48.0,1,38.70000000000028,4,1.0999999999998167,1.0999999999998167,22,0.5650708987325522,1.0,0.2192950310972257,4.385900621944514,,True,0.2900708987325679,1.0,0.11274653025397509,2.254930605079502,,True
B2,48.0,1,40.20000000000019,7,0.6,0.20000000000011653,12,0.31545757791911333,1.0,0.1184784587130143,2.369569174260286,,True,0.1654575779191219,1.0,0.06268567251415462,1.2537134502830924,,True
B2,48.0,1,40.400000000000304,14,0.6,0.09999999999977405,12,0.36638232660768366,1.0,0.138178820832832,2.7635764166566403,,True,0.21638232660769216,1.0,0.0820972853091939,1.641945706183878,,True
B2,48.0,1,40.70000000000031,17,1.5,1.599999999999909,30,0.8962377755186314,1.0,0.34921493554349664,6.984298710869933,,True,0.5212377755186529,1.0,0.20339652653037577,4.067930530607516,,True
B2,48.0,1,42.30000000000022,24,0.6,0.4000000000000057,12,0.2138172164498914,1.0,0.08641823498473193,1.7283646996946387,,True,0.06963159032759048,0.75,0.028160425838604185,0.5632085167720837,,True
B2,48.0,1,42.70000000000022,6,0.6,0.20000000000000995,12,0.33260045516303954,1.0,0.13823074672869406,2.7646149345738813,,True,0.18260045516304801,1.0,0.07595989234504276,1.5191978469008551,,True
B2,48.0,1,42.90000000000023,11,0.6,0.29999999999996874,12,0.35381222944926266,1.0,0.14906297942771332,2.9812595885542663,,True,0.20381222944927121,1.0,0.08581037733981524,1.7162075467963047,,True
B2,48.0,1,44.60000000000037,8,0.6,0.19999999999988205,12,0.21000467375907117,0.9166666666666666,0.0879665520401359,1.759331040802718,,True,0.11671532970154108,0.5833333333333334,0.04888960298022293,0.9777920596044586,,True
B2,48.0,1,47.60000000000026,22,0.6,0.10000000000015064,12,0.5430605134632588,0.5833333333333334,0.22516494875351326,4.503298975070265,,True,0.45556051346326376,0.5833333333333334,0.18916753293113228,3.7833506586226457,,True
B2,48.0,1,47.70000000000041,23,0.6,0.49999999999977973,12,0.7308503569705321,0.75,0.3012457160758074,6.024914321516148,,True,0.6183503569705385,0.75,0.25510357397621,5.1020714795241995,,True
B2,48.0,1,48.60000000000039,12,0.6,0.09999999999991616,12,1.0722989424337217,1.0,0.39419188296276236,7.8838376592552475,,True,0.9222989424337303,1.0,0.3390086786717683,6.780173573435366,,True
B2,48.0,1,49.300000000000345,20,0.6,0.4000000000000057,12,0.62267766302602,1.0,0.2373409853596772,4.746819707193544,,True,0.47267766302602854,1.0,0.17987986972876427,3.5975973945752853,,True
B2,48.0,1,49.70000000000035,21,0.6,0.5999999999998664,12,0.7042791568406598,1.0,0.2903596613917424,5.807193227834848,,True,0.5542791568406683,1.0,0.22883680525894584,4.576736105178917,,True
B2,48.0,1,52.10000000000027,19,0.6,0.5000000000000995,12,0.20948386665207494,1.0,0.07455679582308854,1.4911359164617708,,True,0.065791555929905,0.6666666666666666,0.022988238369893936,0.45976476739787875,,True
B2,48.0,1,53.30000000000037,18,1.1999999999999105,1.1999999999999105,24,0.8147243825199871,1.0,0.2991453403390641,5.982906806781282,,True,0.5147243825200042,1.0,0.18929226389001552,3.7858452778003104,,True
B2,48.0,1,54.50000000000028,6,1.09999999999998,1.09999999999998,22,0.5117404203299485,1.0,0.19823831073811296,3.964766214762259,,True,0.23674042032996404,1.0,0.09168980989486229,1.833796197897246,,True
B2,48.0,1,55.80000000000052,15,0.7999999999998693,0.7999999999998693,16,0.5892361696818809,1.0,0.2155174146756714,4.310348293513428,,True,0.3892361696818923,1.0,0.14288091786473509,2.857618357294702,,True
B2,48.0,1,57.60000000000055,16,0.6,0.09999999999980247,12,0.7472924677966701,1.0,0.24601474400351173,4.920294880070235,,True,0.5972924677966787,1.0,0.1968240169275691,3.936480338551382,,True
B2,48.0,1,58.90000000000037,21,0.6,0.20000000000000284,12,0.4192356086293217,1.0,0.14396052219527847,2.8792104439055692,,True,0.2692356086293302,1.0,0.09197888936498592,1.8395777872997185,,True
B2,48.0,1,59.10000000000037,20,0.9999999999999005,0.9999999999999005,20,0.6362989334393779,1.0,0.23127598878285838,4.6255197756571675,,True,0.38629893343939226,1.0,0.14038918377188941,2.807783675437788,,True
B2,48.0,1,60.10000000000036,11,1.20000000000001,1.20000000000001,24,0.8259474347319473,1.0,0.3020520810824267,6.041041621648534,,True,0.5259474347319644,1.0,0.19219900463337816,3.843980092667563,,True
B2,48.0,1,62.50000000000039,18,1.3000000000001322,1.3000000000001322,26,0.25685262024348754,1.0,0.08868256835755584,1.7736513671511167,,True,0.00378235665074977,0.11538461538461539,0.0012508025123423206,0.02501605024684641,0.249999999998181,False
B2,48.0,1,64.90000000000036,13,0.7000000000001876,0.7000000000001876,14,0.24285182086759952,0.6428571428571429,0.08477127737206168,1.6954255474412336,,True,0.13035182086760597,0.6428571428571429,0.045501369202191506,0.9100273840438301,,True
B2,48.0,1,66.70000000000037,15,0.6,0.20000000000000284,12,0.21244313467879658,1.0,0.06875102878339821,1.3750205756679643,,True,0.10198429361345852,0.5833333333333334,0.0328430080055637,0.656860160111274,,True
B2,48.0,1,67.20000000000049,2,0.6999999999998181,0.6999999999998181,14,0.47347088949976746,1.0,0.15455542625354013,3.0911085250708026,,True,0.2984708894997774,1.0,0.0975107175436234,1.950214350872468,,True
B2,48.0,1,67.9000000000003,17,0.6,0.20000000000005969,12,0.3691238762769764,1.0,0.12206703768171966,2.441340753634393,,True,0.21912387627698496,1.0,0.07246294315135732,1.4492588630271463,,True
B2,48.0,1,68.90000000000025,23,0.999999999999801,0.999999999999801,20,0.6662936878036283,1.0,0.23109340887761123,4.621868177552225,,True,0.4162936878036427,1.0,0.1449751892068434,2.899503784136868,,True
B2,48.0,1,69.90000000000005,22,0.6000000000003496,0.6000000000003496,12,0.3484323070396879,1.0,0.12516425870234157,2.5032851740468316,,True,0.19843230703969644,1.0,0.07100771867722651,1.4201543735445301,,True
B2,48.0,1,72.10000000000007,3,0.8000000000002956,0.8000000000002956,16,0.5978010914391614,1.0,0.2207565966353355,4.41513193270671,,True,0.43853953937940254,0.75,0.16208383473211566,3.241676694642313,,True
B2,48.0,1,74.79999999999997,10,0.6,0.4000000000005173,12,0.3690006585671061,1.0,0.12586923817520435,2.517384763504087,,True,0.24921599837065442,0.6666666666666666,0.08510893119511105,1.702178623902221,,True
B2,48.0,1,76.59999999999981,14,0.6,0.3000000000004377,12,0.19333796485261606,1.0,0.06111450184394333,1.2222900368788665,,True,0.045622773088641634,0.8333333333333334,0.014332816877167049,0.28665633754334097,,True
B2,48.0,1,81.09999999999944,7,0.6,0.5000000000004263,12,0.35501406939781655,0.5833333333333334,0.10621996117535214,2.1243992235070426,,True,0.2675140693978215,0.5833333333333334,0.08004002239543871,1.6008004479087743,,True
B2,48.0,1,81.59999999999987,13,1.2000000000001023,1.2000000000001023,24,0.8798634661051843,1.0,0.2727470211777965,5.45494042355593,,True,0.5798634661052012,1.0,0.17943423938367636,3.588684787673527,,True
B2,48.0,1,87.69999999999895,6,1.4000000000004889,1.4000000000004889,28,0.7990221058015257,0.8214285714285714,0.2390668550135162,4.781337100270324,,True,0.5115221058015419,0.8214285714285714,0.15304705616522912,3.0609411233045822,,True
B2,48.0,1,90.89999999999944,23,1.5,1.5999999999994827,30,0.996570333782443,1.0,0.2845581878686711,5.691163757373422,,True,0.6791068082513143,0.8333333333333334,0.19395245089137658,3.8790490178275316,,True
B2,48.0,1,92.49999999999892,20,0.6999999999999602,0.6999999999999602,14,0.34982135987112023,1.0,0.10680693578296176,2.1361387156592353,,True,0.17482135987113012,1.0,0.05344406056857973,1.0688812113715946,,True
B2,48.0,1,92.49999999999936,17,0.6999999999995197,0.6999999999995197,14,0.34982135987112023,1.0,0.10680693578296176,2.1361387156592353,,True,0.17482135987113012,1.0,0.05344406056857973,1.0688812113715946,,True
B2,48.0,1,93.19999999999888,21,0.9000000000000057,0.9000000000000057,18,0.9030484986087688,1.0,0.29705876867443853,5.941175373488771,,True,0.6780484986087816,1.0,0.2234793617877345,4.46958723575469,,True
B2,48.0,1,94.09999999999889,11,1.199999999999875,1.199999999999875,24,0.6769022480729758,1.0,0.23274523004178146,4.654904600835629,,True,0.3769022480729929,1.0,0.12894406926528257,2.5788813853056514,,True
B2,48.0,1,95.29999999999876,9,0.6,0.40000000000020464,12,0.24680914127481351,1.0,0.0881207176515705,1.7624143530314098,,True,0.09927379292338707,0.75,0.035594501549507974,0.7118900309901595,,True
B2,48.0,1,98.49999999999916,2,0.6,0.39999999999928093,12,0.19790664091450214,0.5833333333333334,0.07121971188464295,1.4243942376928589,,True,0.1104066409145071,0.5833333333333334,0.03964978570886497,0.7929957141772993,,True
B2,48.0,1,98.89999999999844,24,1.5,1.6000000000004775,30,0.640766492867766,1.0,0.23426271666771994,4.685254333354399,,True,0.26653081197119927,0.9333333333333333,0.0969721967199722,1.939443934399444,1.4499999999979991,False
B2,48.0,1,100.69999999999897,10,0.6,0.49999999999991473,12,0.3495131217864632,1.0,0.11992274497917037,2.3984548995834074,,True,0.19975402496083164,0.9166666666666666,0.06902042415963319,1.3804084831926637,,True
B2,48.0,1,102.39999999999849,25,0.6,0.30000000000063665,12,0.2938092221031585,1.0,0.09624400109058351,1.9248800218116702,,True,0.14380922210316696,1.0,0.047007344297483135,0.9401468859496627,,True
B2,48.0,1,102.69999999999912,13,0.6,0.09999999999965326,12,0.5133476075990528,1.0,0.18573009148241784,3.7146018296483567,,True,0.3633476075990615,1.0,0.13274881186692736,2.654976237338547,,True
B2,48.0,1,102.79999999999878,15,0.6,0.4999999999999858,12,0.6036678556516258,1.0,0.21919360558473466,4.383872111694693,,True,0.4536678556516343,1.0,0.16549636273119703,3.3099272546239407,,True
B2,48.0,1,104.59999999999822,8,0.6,0.20000000000030127,12,0.17917721033151388,1.0,0.06710275634426587,1.3420551268853174,,True,0.04356061891529135,0.5,0.016918121021230074,0.3383624204246015,,True
B2,48.0,1,104.79999999999852,22,1.00000000000054,1.00000000000054,20,0.4012953779271885,1.0,0.15651830976086328,3.130366195217266,,True,0.16155801407453751,0.8,0.06344368376814041,1.2688736753628083,,True
B2,48.0,1,105.79999999999906,23,0.6999999999990649,0.6999999999990649,14,0.43840022199139145,1.0,0.18114367942744736,3.622873588548947,,True,0.26340022199140134,1.0,0.10947609701743426,2.189521940348685,,True
B2,48.0,1,106.49999999999812,4,0.6,0.4000000000003183,12,0.6333758467187204,1.0,0.256910301370388,5.13820602740776,,True,0.4833758467187289,1.0,0.19636919294183816,3.9273838588367633,,True
B2,48.0,1,107.19999999999852,9,0.7999999999998408,0.7999999999998408,16,0.871562767764752,1.0,0.3577103565955217,7.154207131910434,,True,0.6715627677647634,1.0,0.2752435494387943,5.504870988775886,,True
B2,48.0,1,107.99999999999837,7,0.6000000000006764,0.6000000000006764,12,0.36502867435613584,1.0,0.15830120184957433,3.1660240369914865,,True,0.21502867435614437,1.0,0.09285135489979068,1.8570270979958137,,True
B2,48.0,1,108.59999999999904,2,0.6,0.09999999999992326,12,0.4863978200039444,1.0,0.21738126225304208,4.347625245060842,,True,0.3363978200039529,1.0,0.15043541880154912,3.0087083760309823,,True
B2,48.0,1,113.59999999999818,21,0.6,0.20000000000088392,12,0.18336633493037696,1.0,0.06063814007715343,1.2127628015430685,,True,0.06398412707879958,0.5833333333333334,0.021159164587064495,0.4231832917412899,,True
B2,48.0,1,118.09999999999836,9,0.6,0.10000000000060538,12,0.29181132905902524,0.6666666666666666,0.08623062379801227,1.7246124759602455,,True,0.1918113290590309,0.6666666666666666,0.05665069296875944,1.1330138593751888,,True
B2,48.0,1,118.19999999999897,2,1.5,1.7999999999988319,30,0.8482950740129218,0.9333333333333333,0.2527301709398503,5.054603418797006,,True,0.4982950740129417,0.9333333333333333,0.14835041502513036,2.967008300502607,,True
B2,48.0,1,119.9999999999978,8,1.199999999999278,1.199999999999278,24,0.8699252250371575,1.0,0.2727768409135983,5.455536818271965,,True,0.5852841880609707,0.8333333333333334,0.18387245054746126,3.6774490109492253,,True
B2,48.0,1,121.19999999999708,19,0.6,0.4000000000010999,12,0.36169137981831984,1.0,0.11574534875687534,2.314906975137507,,True,0.21169137981832836,1.0,0.06779472404419175,1.355894480883835,,True
B2,48.0,1,122.499999999998,7,1.5,1.6999999999996476,30,0.9158176038075159,1.0,0.30065008287673217,6.013001657534644,,True,0.5408176038075374,1.0,0.17767326518687565,3.553465303737513,,True
B2,48.0,1,124.19999999999764,11,0.6,0.49999999999955946,12,0.26284739500334614,1.0,0.09051730367941153,1.8103460735882306,,True,0.11284739500335471,1.0,0.0390760204627395,0.78152040925479,,True
B2,48.0,1,124.6999999999972,16,0.6,0.10000000000047748,12,0.27252502414086605,1.0,0.10203169014846755,2.040633802969351,,True,0.12252502414087461,1.0,0.04588598810821202,0.9177197621642403,,True
B2,48.0,1,124.79999999999768,25,1.3000000000006793,1.3000000000006793,26,0.5698892763949929,1.0,0.22090078659183954,4.418015731836791,,True,0.24488927639501126,1.0,0.09494191447181478,1.8988382894362956,,True
B2,48.0,1,127.69999999999784,21,0.6,0.09999999999939746,12,0.3180557251930703,0.6666666666666666,0.11837514759832053,2.3675029519664106,,True,0.21805572519307595,0.6666666666666666,0.08112648470189956,1.6225296940379912,,True
B2,48.0,1,127.79999999999724,24,0.6,0.20000000000055707,12,0.39107162840053467,0.8333333333333334,0.14536176231735506,2.9072352463471014,,True,0.26607162840054177,0.8333333333333334,0.09887312102802348,1.9774624205604696,,True
B2,48.0,1,129.2999999999982,9,1.199999999999818,1.199999999999818,24,0.6649475872957714,1.0,0.24386931926992847,4.8773863853985695,,True,0.36494758729578847,1.0,0.1340162428208799,2.680324856417598,,True
B2,48.0,1,131.49999999999807,23,0.6999999999995623,0.6999999999995623,14,0.3783445163426168,1.0,0.1384153708702779,2.7683074174055577,,True,0.20334451634262674,1.0,0.07476218638578246,1.4952437277156492,,True
B2,48.0,1,133.39999999999785,7,1.2999999999991303,1.2999999999991303,26,1.2013163734298145,1.0,0.3965048961828684,7.930097923657367,,True,0.8813811525747743,0.8846153846153846,0.2914472402379697,5.828944804759394,,True
B2,48.0,1,134.69999999999698,14,0.7999999999994429,0.7999999999994429,15,0.5342743988065546,1.0,0.18316456524865124,3.6632913049730247,,True,0.34677439880656535,1.0,0.11863331264202251,2.37266625284045,,True
B2,48.0,1,135.49999999999642,12,0.6,0.20000000000140972,12,0.46081777370430876,1.0,0.15802096788979017,3.1604193577958033,,True,0.3108177737043173,1.0,0.10632301860664836,2.1264603721329673,,True
B2,48.0,1,136.39999999999688,4,0.9000000000013131,0.9000000000013131,18,0.5718870051600852,1.0,0.20419125139699934,4.083825027939987,,True,0.3468870051600978,1.0,0.12297670446983754,2.4595340893967506,,True
B2,48.0,1,136.39999999999748,25,0.9000000000007162,0.9000000000007162,18,0.5718870051600852,1.0,0.20419125139699934,4.083825027939987,,True,0.3468870051600978,1.0,0.12297670446983754,2.4595340893967506,,True
B2,48.0,1,139.4999999999975,13,1.299999999999585,1.299999999999585,25,0.9716627795141264,0.96,0.339121869849342,6.78243739698684,,True,0.7063092575502395,0.84,0.24654844163136594,4.930968832627319,,True
B2,48.0,1,140.79999999999708,15,0.6,0.19999999999984652,12,0.44581168373115426,1.0,0.1640564251619717,3.281128503239434,,True,0.29581168373116273,1.0,0.10903363716252128,2.1806727432504256,,True
B2,48.0,1,140.99999999999693,24,0.6,0.4000000000009152,12,0.48122503987907594,1.0,0.18069898031005385,3.613979606201077,,True,0.3312250398790844,1.0,0.12436077871994601,2.4872155743989204,,True
B2,48.0,1,143.399999999998,2,0.6,0.09999999999843112,12,0.2995669465729363,1.0,0.10387703693030019,2.077540738606004,,True,0.14956694657294486,1.0,0.05197645654205074,1.0395291308410148,,True
B2,48.0,1,144.7999999999969,11,1.0000000000006821,1.0000000000006821,20,0.510441479240819,1.0,0.16736285270321347,3.3472570540642694,,True,0.2604414792408332,1.0,0.08572278045532546,1.714455609106509,,True
B2,48.0,1,145.7999999999976,7,0.6,0.39999999999918145,12,0.3927157112637255,1.0,0.13512695193648822,2.702539038729764,,True,0.24271571126373404,1.0,0.0836856687198162,1.673713374396324,,True
B2,48.0,1,146.19999999999678,17,1.300000000000722,1.300000000000722,26,0.851208907131998,1.0,0.3109441277062843,6.2188825541256865,,True,0.5262089071320165,1.0,0.1921077389307948,3.842154778615896,,True
B2,48.0,1,148.89999999999617,3,0.6,0.1000000000007617,12,0.2934536159510943,1.0,0.09674947441472669,1.9349894882945338,,True,0.16594481323352012,0.5833333333333334,0.0548769480163955,1.09753896032791,,True
B2,48.0,1,150.29999999999586,6,1.1000000000009322,1.1000000000009322,22,0.7588124027739842,1.0,0.26284218734279907,5.256843746855981,,True,0.4838124027739998,1.0,0.1679973214120601,3.3599464282412024,,True
B2,48.0,1,151.3999999999968,24,1.4000000000001194,1.4000000000001194,28,0.7004809270776908,1.0,0.24257928437907814,4.851585687581562,,True,0.3504809270777106,1.0,0.12109518249684834,2.421903649936967,,True
B2,48.0,1,153.69999999999544,5,0.6,0.10000000000215437,12,0.08289360159859549,1.0,0.02710334910104463,0.5420669820208925,,True,2.2068017134323348e-05,0.08333333333333333,6.9328720508461895e-06,0.00013865744101692378,,True
B2,48.0,2,20.50000000000002,14,1.200000000000017,1.200000000000017,24,1.2010759166610374,1.0,0.44277972830247464,8.855594566049493,,True,0.9010759166610546,1.0,0.332926651853426,6.65853303706852,,True
B2,48.0,2,21.70000000000004,7,1.0999999999999446,1.0999999999999446,22,0.6836205578166177,1.0,0.26400242324117695,5.280048464823539,,True,0.40862055781663326,1.0,0.1571651730731479,3.143303461462958,,True
B2,48.0,2,23.29999999999999,18,0.6,0.2000000000000739,12,0.23150967498510713,1.0,0.0948641167357812,1.897282334715624,,True,0.1346265270571619,0.3333333333333333,0.05639222778414499,1.1278445556828998,,True
B2,48.0,2,23.500000000000064,12,1.5,1.699999999999907,30,0.9563218656998899,1.0,0.40035653712962227,8.007130742592445,,True,0.6226652665016701,0.8666666666666667,0.2608214169182903,5.216428338365806,,True
B2,48.0,2,28.90000000000014,17,0.7999999999998977,0.7999999999998977,16,0.42185819815443537,0.75,0.13253066161786015,2.6506132323572027,,True,0.27185819815444384,0.75,0.08540677181401593,1.7081354362803185,,True
B2,48.0,2,33.40000000000009,13,0.6,0.5000000000001492,12,0.24885422217121123,0.5833333333333334,0.07107259965344358,1.4214519930688716,,True,0.16135422217121617,0.5833333333333334,0.046082658090798936,0.9216531618159787,,True
B2,48.0,2,33.90000000000024,9,1.5,2.299999999999997,30,0.5962273665303028,1.0,0.17657975866318093,3.531595173263619,,True,0.24277708855837243,0.8,0.07150768119820253,1.4301536239640504,1.2499999999999005,False
B2,48.0,2,36.20000000000024,2,0.6999999999999034,0.6999999999999034,14,0.27613696091825757,0.6428571428571429,0.09131682608477994,1.8263365216955987,,True,0.16363696091826396,0.6428571428571429,0.054113755187008214,1.0822751037401643,,True
B2,48.0,2,36.20000000000024,15,0.6999999999999034,0.6999999999999034,14,0.27613696091825757,0.6428571428571429,0.09131682608477994,1.8263365216955987,,True,0.16363696091826396,0.6428571428571429,0.054113755187008214,1.0822751037401643,,True
B2,48.0,2,40.3000000000003,25,1.0999999999997883,1.0999999999997883,22,0.502556900669327,0.7727272727272727,0.16619253338459092,3.3238506676918185,,True,0.2900569006693392,0.7727272727272727,0.09592006613324423,1.9184013226648846,,True
B2,48.0,2,46.7000000000004,20,1.5,1.599999999999902,30,0.8158411522308038,0.8666666666666667,0.23300368821313863,4.660073764262773,,True,0.4908411522308224,0.8666666666666667,0.14018390526617275,2.803678105323455,,True
B2,48.0,2,49.30000000000043,23,1.200000000000017,1.200000000000017,24,0.62774629154822,0.7916666666666666,0.17928392162237497,3.5856784324474993,,True,0.39024629154823354,0.7916666666666666,0.11145408023805375,2.229081604761075,,True
B2,48.0,2,50.50000000000045,10,1.5,1.5000000000000213,30,0.657944873511074,1.0,0.1952424809451126,3.9048496189022517,,True,0.28305438919290116,0.9666666666666667,0.08392550834461976,1.6785101668923952,1.4999999999987423,False
B2,48.0,2,52.00000000000047,8,0.6,0.599999999999902,12,0.28471710259786465,1.0,0.0887523849579904,1.775047699159808,,True,0.1508178744914707,0.5833333333333334,0.04738083265324319,0.9476166530648639,,True
B2,48.0,2,52.60000000000037,17,1.0000000000001208,1.0000000000001208,20,0.5051456207851232,1.0,0.16432108768361772,3.2864217536723546,,True,0.2551456207851374,1.0,0.08268101543572969,1.6536203087145938,,True
B2,48.0,2,53.60000000000049,3,1.099999999999909,1.099999999999909,22,0.3724790396238801,1.0,0.12854652914748307,2.5709305829496616,,True,0.09747903962389574,1.0,0.03370166321674401,0.6740332643348802,,True
B2,48.0,2,55.500000000000405,15,1.5,1.8000000000000256,30,0.6090272224473362,1.0,0.21224779033936986,4.244955806787397,,True,0.27810179550361,0.8,0.09707583974491919,1.9415167948983838,1.4999999999984936,False
B2,48.0,2,57.5000000000005,19,0.6,0.39999999999994174,12,0.20056325135880876,1.0,0.06985942556650428,1.3971885113300855,,True,0.09237920750201248,0.6666666666666666,0.032246426625863286,0.6449285325172658,,True
B2,48.0,2,57.90000000000044,14,0.6000000000000085,0.6000000000000085,12,0.3832814539357423,1.0,0.13966835414209244,2.793367082841849,,True,0.2332814539357508,1.0,0.08525514805050761,1.7051029610101522,,True
B2,48.0,2,61.100000000000485,2,0.6,0.5000000000000071,12,0.31757884733673825,0.8333333333333334,0.10419165615525888,2.083833123105178,,True,0.2287370792105834,0.5833333333333334,0.07504108918429424,1.5008217836858848,,True
B2,48.0,2,62.1000000000005,23,0.6,0.3999999999999986,12,0.4764924144185052,1.0,0.15447290945778408,3.089458189155682,,True,0.32649241441851373,1.0,0.10590223356347092,2.1180446712694185,,True
B2,48.0,2,62.5000000000005,12,0.6,0.4000000000000128,12,0.4254096553041135,1.0,0.14549668480655453,2.9099336961310907,,True,0.27540965530412204,1.0,0.09405540158988253,1.8811080317976505,,True
B2,48.0,2,62.90000000000051,7,0.6,0.20000000000011653,12,0.3691121079416183,1.0,0.13680462521081466,2.736092504216293,,True,0.2191121079416269,1.0,0.08152517114489449,1.6305034228978899,,True
B2,48.0,2,63.10000000000063,4,0.6,0.3999999999997783,12,0.42798746370600327,1.0,0.16213826837877426,3.242765367575485,,True,0.27798746370601185,1.0,0.10554340072219665,2.110868014443933,,True
B2,48.0,2,64.00000000000053,5,1.4999999999999858,1.4999999999999858,30,0.6467974429724614,1.0,0.2504069606727809,5.0081392134556175,,True,0.27636786080331893,0.9,0.10609460122003044,2.1218920244006085,1.3999999999979025,False
B2,48.0,2,66.2000000000004,8,1.2999999999999545,1.2999999999999545,26,0.6664510035705904,1.0,0.2606094150768992,5.212188301537984,,True,0.3779167533691908,0.8076923076923077,0.14840756200664446,2.9681512401328893,,True
B2,48.0,2,66.20000000000041,14,1.2999999999999403,1.2999999999999403,26,0.6664510035705904,1.0,0.2606094150768992,5.212188301537984,,True,0.3779167533691908,0.8076923076923077,0.14840756200664446,2.9681512401328893,,True
B2,48.0,2,67.50000000000036,9,1.5,1.6000000000001222,30,1.3361631566514962,1.0,0.5569868404584937,11.139736809169873,,True,0.9611631566515174,1.0,0.4015434539527575,8.03086907905515,,True
B2,48.0,2,69.50000000000045,2,0.6,0.09999999999986642,12,0.24137365990161458,1.0,0.10449624906077613,2.0899249812155225,,True,0.11427406980432896,0.6666666666666666,0.050920032226237755,1.018400644524755,,True
B2,48.0,2,69.60000000000032,24,0.6,0.5000000000001847,12,0.2876389238395941,1.0,0.12573668750532477,2.5147337501064952,,True,0.16053933374230855,0.6666666666666666,0.07113197307586122,1.4226394615172244,,True
B2,48.0,2,70.50000000000048,23,0.6,0.4000000000000341,12,0.5293076549785053,1.0,0.2131426648971791,4.262853297943582,,True,0.3793076549785139,1.0,0.15260155646862925,3.052031129372585,,True
B2,48.0,2,73.29999999999993,18,0.6999999999999176,0.6999999999999176,14,0.5985355947900574,1.0,0.2200139813881025,4.40027962776205,,True,0.42353559479006725,1.0,0.15636079690360702,3.1272159380721405,,True
B2,48.0,2,73.99999999999984,15,0.6,0.20000000000055707,12,0.5868007857143797,1.0,0.21160763260537516,4.232152652107503,,True,0.4368007857143882,1.0,0.1574510925802601,3.149021851605202,,True
B2,48.0,2,74.3000000000003,12,0.6,0.2999999999996277,12,0.49604739449228535,1.0,0.17980462266504238,3.5960924533008476,,True,0.3460473944922938,1.0,0.1251026672486791,2.5020533449735822,,True
B2,48.0,2,74.59999999999992,20,0.6,0.40000000000036096,12,0.3519202213494249,1.0,0.13395812770519694,2.6791625541039386,,True,0.20192022134943344,1.0,0.07649701207428398,1.5299402414856798,,True
B2,48.0,2,75.00000000000028,7,0.6,0.19999999999960494,12,0.20158660877351925,1.0,0.08305839374824438,1.6611678749648875,,True,0.056975052632818796,0.75,0.022831868188112836,0.4566373637622567,,True
B2,48.0,2,75.19999999999989,11,0.6,0.3000000000004661,12,0.17433722627433962,1.0,0.07398698208777711,1.4797396417555422,,True,0.029725670133639158,0.75,0.012451459588649886,0.2490291917729977,,True
B2,48.0,2,76.9999999999999,21,0.6,0.5000000000003126,12,0.3614491925808262,1.0,0.15914569407445345,3.182913881489069,,True,0.22108863057211683,0.5833333333333334,0.09810760459384994,1.9621520918769988,,True
B2,48.0,2,77.50000000000021,5,0.6,0.100000000000108,12,0.5816462706192365,1.0,0.24196244933149483,4.839248986629896,,True,0.431646270619245,1.0,0.17941109560377302,3.5882219120754604,,True
B2,48.0,2,78.60000000000048,23,1.5,2.6999999999989512,30,0.7554619018235804,1.0,0.3142738461224687,6.285476922449375,,True,0.3804619018236018,1.0,0.1588304596167327,3.176609192334654,,True
B2,48.0,2,81.29999999999943,17,0.700000000000415,0.700000000000415,14,0.6457900585810018,1.0,0.26886478566893035,5.377295713378607,,True,0.47206370956875965,0.9285714285714286,0.19740345970234777,3.948069194046955,,True
B2,48.0,2,82.1,4,0.6,0.20000000000030127,12,0.737845772272448,1.0,0.288997067522773,5.779941350455459,,True,0.5878457722724565,1.0,0.23038095459274618,4.607619091854923,,True
B2,48.0,2,87.59999999999907,13,1.5,1.7000000000003581,30,0.5524175270102236,1.0,0.16516678381379132,3.3033356762758266,,True,0.23194706884076638,0.8,0.0693984007135084,1.387968014270168,1.4999999999980105,False
B2,48.0,2,90.09999999999944,18,0.6,0.3999999999996362,12,0.3309210349940699,0.5833333333333334,0.09451082658688191,1.8902165317376383,,True,0.2434210349940749,0.5833333333333334,0.06952088502423727,1.3904177004847453,,True
B2,48.0,2,90.49999999999908,19,1.5,3.5000000000005826,30,1.0722249565162434,1.0,0.3176189849857176,6.352379699714352,,True,0.6972249565162648,1.0,0.2062692453698519,4.125384907397038,,True
B2,48.0,2,93.99999999999966,7,1.5,1.5999999999994259,30,0.5915762655457915,0.9,0.18583953464522587,3.7167906929045174,,True,0.27843252457198664,0.8333333333333334,0.08747215737158127,1.7494431474316254,,True
B2,48.0,2,96.39999999999914,11,1.5,1.7000000000003013,30,0.56163061221811,0.8333333333333334,0.17644146053755522,3.5288292107511046,,True,0.2504630887795789,0.7666666666666667,0.07868529997053335,1.573705999410667,1.449999999997459,False
B2,48.0,2,98.99999999999888,13,1.5,3.0000000000007816,30,0.9581151757773168,0.8333333333333334,0.28666739023951543,5.733347804790308,,True,0.6456151757773344,0.8333333333333334,0.19316760888268159,3.8633521776536317,,True
B2,48.0,2,105.6999999999985,15,1.3000000000003809,1.3000000000003809,26,0.7057698890461901,0.8076923076923077,0.20156740895930855,4.031348179186171,,True,0.443269889046205,0.8076923076923077,0.12659758427137463,2.531951685427493,,True
B2,48.0,2,107.99999999999802,25,1.0000000000005116,1.0000000000005116,20,0.46080070519726263,1.0,0.13150054723745608,2.6300109447491216,,True,0.2649393143982286,0.75,0.07566649125096286,1.5133298250192573,,True
B2,48.0,2,108.99999999999854,21,1.5,3.200000000000159,30,0.7741272816553587,1.0,0.23029360653057562,4.6058721306115125,,True,0.3991272816553799,1.0,0.11877386731224297,2.3754773462448595,,True
B2,48.0,2,112.1999999999987,11,0.6,0.19999999999906493,12,0.19143002653155,0.5833333333333334,0.0613585420431992,1.227170840863984,,True,0.10393002653155499,0.5833333333333334,0.033249555142660564,0.6649911028532113,,True
B2,48.0,2,112.39999999999776,3,1.3000000000007361,1.3000000000007361,26,0.5544307541472279,0.9615384615384616,0.1814006914247953,3.6280138284959063,,True,0.24193075414724563,0.9615384615384616,0.0788855627287132,1.5777112545742638,,True
B2,48.0,2,117.09999999999846,4,1.5,2.0999999999994543,30,0.39152321400318696,0.8333333333333334,0.1171434716973596,2.342869433947192,,True,0.09708637944732072,0.6,0.029048176803365137,0.5809635360673028,1.1999999999969617,False
B2,48.0,2,119.19999999999791,19,0.6,0.09999999999992326,12,0.23929410303224652,0.5833333333333334,0.07804582854428023,1.5609165708856045,,True,0.1517941030322515,0.5833333333333334,0.04952347418932192,0.9904694837864383,,True
B2,48.0,2,119.29999999999784,8,0.9000000000008583,0.9000000000008583,18,0.49536686724721013,0.8333333333333334,0.16272754589608668,3.2545509179217333,,True,0.3078668672472208,0.8333333333333334,0.10113579518755345,2.022715903751069,,True
B2,48.0,2,120.69999999999789,24,1.5,2.59999999999971,30,0.8467027106521459,1.0,0.27621289494503753,5.524257898900751,,True,0.47170271065216696,1.0,0.15398407550603568,3.0796815101207136,,True
B2,48.0,2,120.69999999999814,18,1.5,2.5999999999994543,30,0.8467027106521459,1.0,0.27621289494503753,5.524257898900751,,True,0.47170271065216696,1.0,0.15398407550603568,3.0796815101207136,,True
B2,48.0,2,123.2999999999976,25,0.6,0.1999999999995481,12,0.2445585347088557,0.5833333333333334,0.08871471786156103,1.7742943572312206,,True,0.15705853470886064,0.5833333333333334,0.05714479168578305,1.142895833715661,,True
B2,48.0,2,123.49999999999714,16,0.9999999999999432,0.9999999999999432,20,0.6814007956349878,0.95,0.2501712399442777,5.003424798885554,,True,0.44390079563500123,0.95,0.16316144341103597,3.2632288682207196,,True
B2,48.0,2,124.49999999999709,6,0.6000000000013728,0.6000000000013728,12,0.3272832613745732,1.0,0.1257678013715785,2.51535602743157,,True,0.1772832613745817,1.0,0.06801793641588709,1.3603587283177418,,True
B2,48.0,2,126.1999999999979,5,1.0000000000000142,1.0000000000000142,20,0.42997980060144786,1.0,0.16711686206094548,3.3423372412189094,,True,0.17997980060146213,1.0,0.07038583826016233,1.4077167652032465,,True
B2,48.0,2,128.7999999999973,3,1.299999999999926,1.299999999999926,26,0.9124640550754824,1.0,0.30163047560590617,6.032609512118123,,True,0.630455801904791,0.8461538461538461,0.2084879279660162,4.169758559320324,,True
B2,48.0,2,130.09999999999724,14,0.6,0.4000000000000057,12,0.38772745700623545,1.0,0.13343205232563898,2.6686410465127794,,True,0.23772745700624398,1.0,0.08199076910896697,1.6398153821793393,,True
B2,48.0,2,130.49999999999724,9,0.6,0.10000000000090381,12,0.4330420227224754,1.0,0.16272559837683484,3.254511967536697,,True,0.2830420227224839,1.0,0.1065798963365793,2.131597926731586,,True
B2,48.0,2,130.59999999999815,4,0.6,0.2999999999993861,12,0.479641333596306,1.0,0.1871510285834993,3.743020571669986,,True,0.32964133359631453,1.0,0.12925999729124948,2.5851999458249897,,True
B2,48.0,2,130.89999999999753,12,0.6,0.10000000000022169,12,0.5831739219548497,1.0,0.24464376084768083,4.892875216953617,,True,0.43317392195485815,1.0,0.18199890733860222,3.6399781467720445,,True
B2,48.0,2,130.99999999999775,21,0.6,0.29999999999986926,12,0.6170258770978267,1.0,0.25933478685177136,5.186695737035427,,True,0.4670258770978353,1.0,0.19636268410794377,3.9272536821588755,,True
B2,48.0,2,131.79999999999748,15,0.6999999999996191,0.6999999999996191,14,1.03631317829611,1.0,0.42851410769473064,8.570282153894613,,True,0.8613131782961198,1.0,0.35651927604996864,7.130385520999373,,True
B2,48.0,2,133.3999999999974,13,0.8000000000004945,0.8000000000004945,16,0.8554832443823266,1.0,0.35474774594638475,7.094954918927695,,True,0.655483244382338,1.0,0.2722809387896574,5.4456187757931485,,True
B2,48.0,2,134.99999999999778,7,1.5,1.7999999999995282,30,0.8938546865109658,1.0,0.3729030888434354,7.458061776868709,,True,0.5198531414193216,0.9666666666666667,0.21752454542857097,4.35049090857142,,True
B2,48.0,2,137.1999999999974,24,0.8999999999998352,0.8999999999998352,18,0.3410704414419528,1.0,0.14129443381817539,2.825888676363508,,True,0.11607044144196561,1.0,0.04835565114948257,0.9671130229896514,,True
B2,48.0,2,138.3999999999963,10,0.6,0.10000000000093223,12,0.29796206815068776,1.0,0.11216745550927443,2.2433491101854885,,True,0.1479620681506962,1.0,0.05528383852791837,1.1056767705583674,,True
B2,48.0,2,140.19999999999712,25,0.9999999999991758,0.9999999999991758,20,0.5137588557831173,1.0,0.16798245722024185,3.359649144404837,,True,0.2637588557831316,1.0,0.08634238497235383,1.7268476994470765,,True
B2,48.0,2,141.1999999999963,22,0.6,0.20000000000109708,12,0.36803268311047854,1.0,0.12232903847976437,2.4465807695952875,,True,0.21803268311048707,1.0,0.07249529536361334,1.4499059072722666,,True
B2,48.0,2,141.69999999999658,6,1.300000000001205,1.300000000001205,26,1.0547858453650278,1.0,0.3649384319073004,7.298768638146008,,True,0.7297858453650463,1.0,0.25264027345661905,5.052805469132381,,True
B2,48.0,2,144.19999999999726,18,0.6,0.2999999999999261,12,0.12358477379838838,1.0,0.043728892622957496,0.8745778524591499,,True,0.03133689644003605,0.08333333333333333,0.01158208984027311,0.2316417968054622,,True
B2,48.0,2,144.4999999999972,12,0.700000000000216,0.700000000000216,14,0.44810528178926123,1.0,0.16453938757986697,3.2907877515973394,,True,0.28301081077716983,0.6428571428571429,0.1046005510616527,2.092011021233054,,True
B2,48.0,2,148.69999999999607,17,0.6,0.300000000000324,12,0.17754846194179355,0.5833333333333334,0.058714204599211096,1.174284091984222,,True,0.09004846194179854,0.5833333333333334,0.029778482789833093,0.5955696557966619,,True
B2,48.0,2,148.9999999999964,2,0.6,0.19999999999990337,12,0.3065901910785553,1.0,0.10138752546895578,2.0277505093791155,,True,0.15659019107856384,1.0,0.051783430938593486,1.0356686187718698,,True
B2,48.0,2,150.79999999999694,5,0.7999999999995282,0.7999999999995282,16,0.3059699787224733,1.0,0.10045621359389953,2.0091242718779907,,True,0.12454952822347475,0.6875,0.04118777714473084,0.8237555428946168,,True
B2,48.0,2,151.59999999999647,14,0.6,0.29999999999998295,12,0.27385651017381685,1.0,0.09457355517182306,1.8914711034364613,,True,0.12385651017382533,1.0,0.04284858840800026,0.8569717681600052,,True
B2,48.0,2,151.89999999999645,6,0.6,0.19999999999953388,12,0.31832168467852545,1.0,0.11452902513219576,2.290580502643915,,True,0.16832168467853398,1.0,0.060629151173550416,1.2125830234710082,,True
B2,48.0,2,152.099999999996,20,0.6,0.10000000000127329,12,0.36185374678017146,1.0,0.13094391306052747,2.6188782612105492,,True,0.21185374678018,1.0,0.07653070696894265,1.530614139378853,,True
B2,48.0,2,152.399999999997,21,0.6,0.10000000000019327,12,0.36644930741295745,1.0,0.13399555675982894,2.679911135196579,,True,0.21644930741296603,1.0,0.07906901853530464,1.5813803707060927,,True
B2,48.0,3,23.600000000000065,2,0.6,0.09999999999991971,12,0.42570460744147093,1.0,0.1320932649846818,2.641865299693636,,True,0.3158291960320817,0.6666666666666666,0.09841792623375105,1.968358524675021,,True
B2,48.0,3,23.699999999999985,4,1.5,2.1999999999999993,30,1.6385521398799976,1.0,0.5132762867098742,10.265525734197485,,True,1.2841295403061637,0.9333333333333333,0.40261845103774346,8.052369020754869,,True
B2,48.0,3,26.100000000000065,18,0.6,0.1999999999999531,12,0.3581488010925559,1.0,0.10761208576460236,2.1522417152920474,,True,0.2081488010925644,1.0,0.06254519115060853,1.2509038230121705,,True
B2,48.0,3,27.800000000000047,9,0.6,0.10000000000007958,12,0.2404550325900556,1.0,0.07676295519125706,1.5352591038251413,,True,0.09045503259006411,1.0,0.029333960837722158,0.5866792167544431,,True
B2,48.0,3,27.900000000000126,14,0.9000000000000128,0.9000000000000128,18,0.38279303605717047,1.0,0.12492541003621241,2.498508200724248,,True,0.15779303605718326,1.0,0.051907001837649305,1.038140036752986,,True
B2,48.0,3,28.80000000000014,23,0.9000000000000128,0.9000000000000128,18,0.4052956233287589,1.0,0.14012031442922798,2.8024062885845598,,True,0.18029562332877166,1.0,0.06249909243264253,1.2499818486528507,,True
B2,48.0,3,29.700000000000152,15,1.5,1.8999999999999133,30,0.85636236651454,1.0,0.3146192252909557,6.292384505819114,,True,0.4813623665145615,1.0,0.17704621366317516,3.5409242732635033,,True
B2,48.0,3,33.00000000000023,21,0.6,0.5999999999998948,13,0.39498953935701026,0.6153846153846154,0.1378773594543111,2.757547189086222,,True,0.29498953935701594,0.6153846153846154,0.10297077441442654,2.059415488288531,,True
B2,48.0,3,33.60000000000012,25,0.6,0.49999999999994316,12,0.4943261202723663,1.0,0.17709301771486127,3.5418603542972256,,True,0.3443261202723748,1.0,0.12319314375621591,2.463862875124318,,True
B2,48.0,3,34.70000000000022,13,1.0999999999998238,1.0999999999998238,21,0.5864105439850671,1.0,0.21400632667533515,4.280126533506703,,True,0.323910543985082,1.0,0.11826988388212228,2.365397677642446,,True
B2,48.0,3,36.80000000000025,7,0.8999999999998991,0.8999999999998991,18,0.26784500861826166,1.0,0.08825711415746626,1.7651422831493253,,True,0.083454065995096,0.7222222222222222,0.027597755857093845,0.551955117141877,,True
B2,48.0,3,38.30000000000016,15,0.8000000000001606,0.8000000000001606,16,0.04276326648787979,0.5,0.013481624211693698,0.269632484233874,0.44999999999977547,False,0.0,0.0,0.0,0.0,0.0,False
B2,48.0,3,39.10000000000032,16,0.7999999999999119,0.7999999999999119,16,0.4171008045151196,0.75,0.14559564703012134,2.911912940602427,,True,0.26710080451512813,0.75,0.09323576947029445,1.864715389405889,,True
B2,48.0,3,39.90000000000023,6,1.0999999999999943,1.0999999999999943,22,0.6230609972243847,1.0,0.2275585821430139,4.551171642860278,,True,0.34806099722440026,1.0,0.1269454840868758,2.538909681737516,,True
B2,48.0,3,45.50000000000038,22,0.799999999999784,0.799999999999784,16,0.3610662803605734,0.6875,0.11343231738397701,2.26864634767954,,True,0.22356628036058127,0.6875,0.0702354183971198,1.404708367942396,,True
B2,48.0,3,47.00000000000029,13,0.6,0.10000000000002984,12,0.32515174367614313,1.0,0.09929660534295937,1.9859321068591873,,True,0.1751517436761516,1.0,0.0536347121203311,1.072694242406622,,True
B2,48.0,3,47.10000000000043,19,0.7999999999998053,0.7999999999998053,16,0.4257608414215888,1.0,0.13158582187945658,2.6317164375891315,,True,0.22576084142160013,1.0,0.0698419662634529,1.396839325269058,,True
B2,48.0,3,48.2000000000003,7,0.6,0.49999999999992184,12,0.3035635471220234,1.0,0.09416528033491124,1.8833056066982248,,True,0.15356354712203196,1.0,0.04797638834463538,0.9595277668927076,,True
B2,48.0,3,48.70000000000022,25,0.9000000000001478,0.9000000000001478,18,0.7042565834731546,1.0,0.2303809106797822,4.607618213595644,,True,0.4792565834731673,1.0,0.15700818752028795,3.140163750405759,,True
B2,48.0,3,49.60000000000037,17,1.5,3.9000000000000057,30,0.6125886317303395,1.0,0.21105570564325762,4.221114112865153,,True,0.2640029066467025,0.7666666666666667,0.09029492742318757,1.8058985484637513,1.199999999998873,False
B2,48.0,3,53.800000000000296,4,0.6,0.20000000000005258,12,0.32829795728556915,0.6666666666666666,0.11771733904884511,2.3543467809769023,,True,0.22829795728557487,0.6666666666666666,0.08178408974308157,1.6356817948616316,,True
B2,48.0,3,54.00000000000035,18,0.6,0.4000000000001549,12,0.4756423984299453,1.0,0.1721757171484293,3.443514342968586,,True,0.32564239842995374,1.0,0.11776251105684446,2.355250221136889,,True
B2,48.0,3,54.4000000000005,12,0.6,0.5999999999997883,12,0.37434606094744005,1.0,0.14277792214845633,2.8555584429691265,,True,0.22434606094744858,1.0,0.08531680651754338,1.7063361303508675,,True
B2,48.0,3,59.40000000000046,23,1.5,2.399999999999835,30,0.8041721992784111,0.8333333333333334,0.2526381473474202,5.052762946948404,,True,0.491672199278429,0.8333333333333334,0.15446337692274487,3.089267538454897,,True
B2,48.0,3,62.30000000000043,6,0.6,0.10000000000007248,12,0.3873387149564144,1.0,0.11374490642659525,2.274898128531905,,True,0.26703922945435926,0.5833333333333334,0.0787468401053732,1.574936802107464,,True
B2,48.0,3,62.40000000000053,21,0.6,0.599999999999902,12,0.4717003557756267,1.0,0.13912997277436975,2.782599455487395,,True,0.33699813321429045,0.75,0.09967849516302989,1.9935699032605978,,True
B2,48.0,3,63.00000000000043,9,1.200000000000081,1.200000000000081,24,0.8771544178073422,1.0,0.27283026657315335,5.4566053314630665,,True,0.5771544178073591,1.0,0.17933048521631959,3.5866097043263916,,True
B2,48.0,3,64.20000000000051,22,0.6,0.10000000000007958,12,0.7155951788090507,1.0,0.25686992286925814,5.137398457385163,,True,0.5655951788090592,1.0,0.2051517104756056,4.103034209512112,,True
B2,48.0,3,64.20000000000054,16,0.6,0.10000000000005116,12,0.7155951788090507,1.0,0.25686992286925814,5.137398457385163,,True,0.5655951788090592,1.0,0.2051517104756056,4.103034209512112,,True
B2,48.0,3,64.3000000000006,20,1.5,3.0999999999998664,30,2.1832514518811434,1.0,0.8020742928234447,16.041485856468892,,True,1.8082514518811654,1.0,0.66581027813466,13.316205562693199,,True
B2,48.0,3,68.50000000000038,24,0.6,0.19999999999998863,12,0.20096159380799816,0.5833333333333334,0.07603499571644429,1.5206999143288857,,True,0.11346159380800315,0.5833333333333334,0.04282882336692173,0.8565764673384346,,True
B2,48.0,3,68.70000000000037,8,0.6,0.5999999999999659,12,0.3003426978832928,0.9166666666666666,0.11506186402501781,2.3012372805003563,,True,0.1628426978833006,0.9166666666666666,0.062220737590560155,1.244414751811203,,True
B2,48.0,3,69.30000000000034,3,1.0000000000000995,1.0000000000000995,20,0.4974306657823035,1.0,0.20531122288998047,4.106224457799609,,True,0.24743066578231773,1.0,0.10222771394407118,2.0445542788814235,,True
B2,48.0,3,70.50000000000043,6,0.6,0.5,12,0.20416790694529258,1.0,0.0788860366999374,1.5777207339987482,,True,0.07267263003774473,0.6666666666666666,0.02826425073066378,0.5652850146132756,,True
B2,48.0,3,71.20000000000012,14,0.6,0.20000000000013074,12,0.4444489461236842,1.0,0.1784881257812701,3.569762515625402,,True,0.2944489461236928,1.0,0.11971801321136145,2.3943602642272293,,True
B2,48.0,3,71.40000000000025,5,0.8000000000002672,0.8000000000002672,16,0.8101075540275475,1.0,0.3359849459836081,6.719698919672163,,True,0.6101075540275589,1.0,0.2538068881516592,5.076137763033184,,True
B2,48.0,3,73.2,2,1.5,3.300000000000381,30,2.0156559898417408,1.0,0.7418529847492478,14.837059694984955,,True,1.640655989841762,1.0,0.6042799731214673,12.085599462429347,,True
B2,48.0,3,76.5999999999997,15,0.6,0.10000000000067644,12,0.30529887061319266,1.0,0.10628172365468573,2.1256344730937147,,True,0.18758322636269936,0.5833333333333334,0.06547889843085862,1.3095779686171725,,True
B2,48.0,3,77.99999999999962,7,0.6,0.19999999999998863,12,0.34796173108283823,1.0,0.12053624325252794,2.410724865050559,,True,0.19796173108284673,1.0,0.06881127648870515,1.376225529774103,,True
B2,48.0,3,78.1999999999996,13,0.6,0.3000000000004661,12,0.3973948002140714,1.0,0.1413841821973631,2.827683643947262,,True,0.24739480021407992,1.0,0.08822728895744596,1.7645457791489192,,True
B2,48.0,3,78.50000000000007,21,0.7000000000000455,0.7000000000000455,14,0.5239188399242072,1.0,0.19094081762350934,3.818816352470187,,True,0.34891883992421713,1.0,0.12703096707254413,2.5406193414508826,,True
B2,48.0,3,83.99999999999952,23,0.6000000000001791,0.6000000000001791,12,0.20569274234994084,1.0,0.06792297956387637,1.3584595912775275,,True,0.09974351525700324,0.6666666666666666,0.032984578397328726,0.6596915679465745,,True
B2,48.0,3,85.59999999999987,3,0.6,0.3999999999997499,12,0.31752068991318577,1.0,0.10250966807965133,2.0501933615930263,,True,0.18342159722660645,0.6666666666666666,0.059347776999880655,1.186955539997613,,True
B2,48.0,3,87.49999999999919,10,1.5,3.4999999999996163,30,0.790587919853172,1.0,0.2355203953670932,4.710407907341864,,True,0.41558791985319327,1.0,0.12400065614876052,2.4800131229752105,,True
B2,48.0,3,90.9999999999988,4,0.6,0.40000000000061675,12,0.17081133924159053,0.5833333333333334,0.053661964851121485,1.0732392970224298,,True,0.08331133924159553,0.5833333333333334,0.026173029132212356,0.5234605826442471,,True
B2,48.0,3,91.39999999999942,14,0.6,0.3999999999998636,12,0.3096736578280084,1.0,0.10080131529786655,2.016026305957331,,True,0.15967365782801698,1.0,0.05202395567634361,1.0404791135268723,,True
B2,48.0,3,91.79999999999929,7,0.6,0.19999999999998863,12,0.4690718011543287,1.0,0.15868901731472893,3.1737803462945786,,True,0.3190718011543372,1.0,0.10839597702700049,2.1679195405400096,,True
B2,48.0,3,91.99999999999928,15,1.5,1.6000000000006054,30,1.5518144511715786,1.0,0.5386018884409699,10.772037768819398,,True,1.1768144511715999,1.0,0.40885043747034616,8.177008749406923,,True
B2,48.0,3,93.79999999999916,13,1.5,1.7000000000000455,30,0.8763726676743911,1.0,0.30346178266547735,6.069235653309547,,True,0.5013726676744124,1.0,0.17371033169485386,3.474206633897077,,True
B2,48.0,3,96.29999999999848,25,0.6,0.4000000000011994,12,0.1655893142531591,0.5833333333333334,0.057801574796744026,1.1560314959348805,,True,0.07808931425316407,0.5833333333333334,0.027258312886845004,0.5451662577369001,,True
B2,48.0,3,96.69999999999968,3,0.6,0.3999999999989683,12,0.6161627277417528,1.0,0.22577713461539753,4.5155426923079505,,True,0.4661627277417616,1.0,0.1713639285238127,3.4272785704762536,,True
B2,48.0,3,97.09999999999864,12,0.7000000000005002,0.7000000000005002,14,0.7942045930042454,1.0,0.3044111804658031,6.088223609316063,,True,0.6192045930042553,1.0,0.2371325877924227,4.7426517558484536,,True
B2,48.0,3,97.79999999999914,20,0.6,0.20000000000001705,12,0.4112696586091624,1.0,0.1695392644859482,3.3907852897189636,,True,0.2612696586091709,1.0,0.10689441097686957,2.137888219537391,,True
B2,48.0,3,97.99999999999916,24,0.9999999999996447,0.9999999999996447,20,0.5183802234155944,1.0,0.22773235802338523,4.554647160467705,,True,0.2683802234156086,1.0,0.11740261602232137,2.348052320446427,,True
B2,48.0,3,100.09999999999906,23,0.6000000000002075,0.6000000000002075,12,0.5842501715024723,1.0,0.21338213112430043,4.267642622486009,,True,0.4342501715024808,1.0,0.1589689250327156,3.1793785006543116,,True
B2,48.0,3,100.69999999999926,21,0.6,0.0999999999999801,12,0.6689836982083475,1.0,0.26441212853901463,5.288242570780293,,True,0.518983698208356,1.0,0.20502601740957863,4.100520348191573,,True
B2,48.0,3,100.79999999999924,15,0.9999999999991616,0.9999999999991616,20,1.0464339866571943,1.0,0.4280741538068048,8.561483076136096,,True,0.7964339866572084,1.0,0.32556814351045243,6.511362870209049,,True
B2,48.0,3,101.7999999999984,19,1.5,2.400000000000091,30,2.2457089792457015,1.0,0.9352270268772291,18.70454053754458,,True,1.8707089792457228,1.0,0.7794563911367439,15.589127822734879,,True
B2,48.0,3,104.1999999999985,4,0.6,0.0999999999999801,12,0.4952189499628429,1.0,0.20470312231211638,4.094062446242328,,True,0.3452189499628514,1.0,0.14285301694457084,2.857060338891417,,True
B2,48.0,3,108.59999999999856,8,0.6,0.10000000000070486,12,0.3826753809006261,0.75,0.11817893807605671,2.363578761521134,,True,0.29374865585769994,0.5833333333333334,0.09059775801895734,1.8119551603791466,,True
B2,48.0,3,108.79999999999843,10,0.6,0.10000000000052012,12,0.559457386423982,1.0,0.17666409005087283,3.5332818010174565,,True,0.4213057097232254,0.9166666666666666,0.13278010573869337,2.6556021147738673,,True
B2,48.0,3,108.89999999999895,20,0.8999999999994515,0.8999999999994515,18,0.8241460057988569,1.0,0.266095225360766,5.32190450721532,,True,0.5991460057988697,1.0,0.19307681716220293,3.8615363432440586,,True
B2,48.0,3,110.99999999999864,13,1.1999999999998607,1.1999999999998607,24,1.5941421961634437,1.0,0.5251962083062705,10.503924166125408,,True,1.2941421961634607,1.0,0.4270214378815951,8.5404287576319,,True
B2,48.0,3,112.2999999999979,11,0.9000000000002899,0.9000000000002899,18,0.8457243779598745,1.0,0.27505052944756947,5.50101058895139,,True,0.6207243779598872,1.0,0.2016778062880753,4.033556125761506,,True
B2,48.0,3,113.19999999999818,2,1.5,2.199999999999875,30,0.7521888049200371,1.0,0.25946601767581545,5.189320353516309,,True,0.38581338544442956,0.8666666666666667,0.13249546465447626,2.649909293089525,1.3499999999974506,False
B2,48.0,3,115.39999999999806,12,1.2000000000005002,1.2000000000005002,24,0.6497070257906379,0.7916666666666666,0.2401311552011226,4.802623104022452,,True,0.4122070257906514,0.7916666666666666,0.1523513604684717,3.0470272093694337,,True
B2,48.0,3,117.2999999999984,14,1.5,1.7000000000002302,30,0.978704258416209,1.0,0.32339649595795106,6.467929919159021,,True,0.6507764360083498,0.8333333333333334,0.21520783899928203,4.30415677998564,,True
B2,48.0,3,120.09999999999718,18,0.6,0.20000000000071338,12,0.27579656309287165,1.0,0.08664404564978795,1.732880912995759,,True,0.17774171016409063,0.5833333333333334,0.05583920508879934,1.1167841017759867,,True
B2,48.0,3,123.5999999999984,13,0.6,0.39999999999932356,12,0.2869619162606399,0.6666666666666666,0.09015174479844755,1.803034895968951,,True,0.18696191626064554,0.6666666666666666,0.0587358182625514,1.174716365251028,,True
B2,48.0,3,123.5999999999984,15,0.6,0.39999999999932356,12,0.2869619162606399,0.6666666666666666,0.09015174479844755,1.803034895968951,,True,0.18696191626064554,0.6666666666666666,0.0587358182625514,1.174716365251028,,True
B2,48.0,3,123.99999999999773,5,1.3000000000006793,1.3000000000006793,26,0.7741468873487775,1.0,0.25307603143125545,5.061520628625109,,True,0.44914688734879593,1.0,0.14663391191818634,2.9326782383637267,,True
B2,48.0,3,127.09999999999742,19,0.9999999999997584,0.9999999999997584,20,0.4530681635133102,0.8,0.14982690674408783,2.9965381348817566,,True,0.25306816351332156,0.8,0.08368811403693803,1.6737622807387607,,True
B2,48.0,3,129.5999999999971,9,0.7000000000002444,0.7000000000002444,14,0.3361789508691777,0.7142857142857143,0.11117234972022445,2.223446994404489,,True,0.2111789508691848,0.7142857142857143,0.06983560427825586,1.3967120855651172,,True
B2,48.0,3,130.29999999999734,11,0.6,0.19999999999933493,12,0.32150619838930483,1.0,0.111809359925115,2.2361871985023,,True,0.17150619838931336,1.0,0.059341412442564016,1.1868282488512802,,True
B2,48.0,3,130.49999999999667,17,1.1000000000016712,1.1000000000016712,22,0.4498847016487934,1.0,0.16400658682470248,3.2801317364940497,,True,0.17488470164880918,1.0,0.06339348876856456,1.267869775371291,,True
B2,48.0,3,132.5999999999971,22,0.6,0.49999999999980105,12,0.33008806811480634,1.0,0.10897251990885848,2.1794503981771696,,True,0.2188624835951118,0.6666666666666666,0.07237650216934945,1.4475300433869889,,True
B2,48.0,3,133.0999999999969,18,1.1000000000011312,1.1000000000011312,22,0.7125426405085138,1.0,0.2459560317166318,4.919120634332636,,True,0.43754264050852953,1.0,0.15088151720010418,3.0176303440020833,,True
B2,48.0,3,134.19999999999803,3,0.8999999999993804,0.8999999999993804,18,0.42581698810142254,1.0,0.15592370980108614,3.118474196021723,,True,0.2008169881014354,1.0,0.07379056853076944,1.4758113706153888,,True
B2,48.0,3,135.4999999999972,6,1.5,1.5000000000001137,30,1.4051777701155144,1.0,0.5177010129120206,10.354020258240412,,True,1.0301777701155357,1.0,0.38012800128424007,7.602560025684801,,True
B2,48.0,3,136.9999999999973,2,0.6,0.5999999999997954,12,0.2990087003939001,1.0,0.11454853870330362,2.2909707740660723,,True,0.14900870039390865,1.0,0.056798673747612195,1.1359734749522439,,True
B2,48.0,3,139.59999999999792,13,0.9999999999991758,0.9999999999991758,19,0.41285724949402325,1.0,0.1437822949619733,2.8756458992394665,,True,0.20728224563247413,0.7894736842105263,0.07235515334428622,1.4471030668857243,,True
B2,48.0,3,141.69999999999715,5,0.6,0.5000000000008811,12,0.37261012962160367,1.0,0.12195551547663501,2.4391103095327002,,True,0.24534762637067384,0.5833333333333334,0.08073471858431912,1.6146943716863824,,True
B2,48.0,3,142.299999999997,22,0.6,0.20000000000010232,12,0.4016548284882748,1.0,0.13242915031202127,2.6485830062404254,,True,0.2516548284882833,1.0,0.08296284493313219,1.659256898662644,,True
B2,48.0,3,142.4999999999971,11,0.9000000000006025,0.9000000000006025,18,0.6002265246383691,1.0,0.20682176039235767,4.136435207847153,,True,0.3752265246383819,1.0,0.12943018698156092,2.5886037396312185,,True
B2,48.0,3,143.3999999999977,15,0.6,0.09999999999948272,12,0.3208481599409409,1.0,0.11078073709132814,2.215614741826563,,True,0.17084815994094946,1.0,0.058880156703078695,1.1776031340615738,,True
B2,48.0,3,143.99999999999673,9,1.0000000000005684,1.0000000000005684,20,0.704402712705018,1.0,0.25862279633956164,5.172455926791233,,True,0.4544027127050323,1.0,0.16750634274280393,3.3501268548560788,,True
B2,48.0,3,145.8999999999969,23,1.5,1.7000000000010118,30,0.6047382825582256,1.0,0.22100333958887686,4.420066791777537,,True,0.22982793718460268,0.9666666666666667,0.08372013029998018,1.6744026059996036,1.4500000000023334,False
B2,48.0,3,148.9999999999962,16,0.700000000000955,0.700000000000955,14,0.2610062660668359,1.0,0.09578456419234106,1.9156912838468212,,True,0.115237056976692,0.6428571428571429,0.04259151666109225,0.8518303332218451,,True
B2,48.0,3,151.0999999999965,10,0.6,0.3000000000012051,12,0.2106003093826832,1.0,0.06695856711295776,1.3391713422591554,,True,0.0979912128691872,0.5833333333333334,0.031168008625119786,0.6233601725023957,,True
B2,48.0,4,22.700000000000053,9,1.5,2.1999999999999176,30,0.958700810668508,1.0,0.2867888284778913,5.735776569557825,,True,0.6297461461763783,0.8666666666666667,0.18841960632897092,3.7683921265794185,,True
B2,48.0,4,25.59999999999998,24,0.6,0.3000000000001144,12,0.07925143628010661,0.75,0.02438650479684934,0.4877300959369868,,True,0.035855523129608685,0.16666666666666666,0.01126434480545975,0.225286896109195,,True
B2,48.0,4,25.900000000000095,2,1.5,1.8999999999999453,30,0.6821820359691693,0.9,0.21431299924271865,4.286259984854373,,True,0.3571280239145219,0.8666666666666667,0.11219507763209019,2.2439015526418036,,True
B2,48.0,4,29.400000000000176,19,0.6,0.5999999999999837,12,0.18381591690276072,0.5833333333333334,0.0577474734154585,1.1549494683091701,,True,0.09631591690276571,0.5833333333333334,0.030258537696549372,0.6051707539309874,,True
B2,48.0,4,30.00000000000016,15,0.6999999999998927,0.6999999999998927,14,0.369812094817,1.0,0.12067467179317051,2.41349343586341,,True,0.19481209481700998,1.0,0.06362996308325382,1.2725992616650763,,True
B2,48.0,4,32.9000000000002,22,0.6,0.4000000000000057,12,0.2502811660967437,0.5833333333333334,0.082766470814886,1.65532941629772,,True,0.16278116609674873,0.5833333333333334,0.053830749005508,1.07661498011016,,True
B2,48.0,4,33.3000000000002,6,0.6,0.2999999999997769,12,0.43029346206345526,1.0,0.14351486392824384,2.870297278564877,,True,0.2802934620634638,1.0,0.09345147222630405,1.869029444526081,,True
B2,48.0,4,33.80000000000023,21,0.6,0.09999999999986642,12,0.4460978579559215,1.0,0.14729492199855485,2.945898439971097,,True,0.29609785795592997,1.0,0.09762193289245591,1.9524386578491182,,True
B2,48.0,4,34.00000000000021,16,1.5,1.5000000000000213,30,0.8546246712561545,1.0,0.2941074637626735,5.88214927525347,,True,0.4796246712561758,1.0,0.1645626965192599,3.291253930385198,,True
B2,48.0,4,35.500000000000234,10,1.3000000000000256,1.3000000000000256,26,0.5076574268331415,1.0,0.1861391536921729,3.722783073843458,,True,0.18265742683316002,1.0,0.06730276491668342,1.3460552983336684,,True
B2,48.0,4,36.80000000000026,8,0.6,0.5999999999999162,12,0.3449705249044282,1.0,0.13427408807264216,2.6854817614528432,,True,0.19589158600363568,0.8333333333333334,0.0768646465031567,1.5372929300631342,,True
B2,48.0,4,37.700000000000266,4,0.6,0.2999999999998977,12,0.42006657117913665,1.0,0.1566639680292498,3.1332793605849965,,True,0.27006657117914523,1.0,0.10064659902222912,2.0129319804445824,,True
B2,48.0,4,40.60000000000032,12,0.6,0.29999999999987637,12,0.2580908388657029,1.0,0.09729941231892432,1.9459882463784863,,True,0.15173287685110703,0.6666666666666666,0.05712335350743174,1.1424670701486348,,True
B2,48.0,4,42.90000000000034,23,0.6,0.599999999999902,12,0.21336687926752532,1.0,0.06914176002543844,1.3828352005087687,,True,0.0633668792675338,1.0,0.02057108413112534,0.4114216826225068,,True
B2,48.0,4,43.80000000000024,10,1.0000000000000142,1.0000000000000142,20,0.2970757093751969,1.0,0.09634758536828565,1.926951707365713,,True,0.07076888730704835,0.6,0.0225427040394351,0.45085408078870204,0.6499999999993733,False
B2,48.0,4,44.80000000000025,22,0.9000000000000128,0.9000000000000128,18,0.42294553770553,1.0,0.1390930270187057,2.7818605403741143,,True,0.20568780995337968,0.7222222222222222,0.06801971712447487,1.3603943424894973,,True
B2,48.0,4,46.40000000000039,5,1.5,1.8999999999999275,30,0.2842576041646397,1.0,0.09285364946225372,1.8570729892450744,,True,0.007810311597685438,0.13333333333333333,0.0024536817537535666,0.04907363507507133,0.2499999999990976,False
B2,48.0,4,48.30000000000032,21,0.6,0.30000000000000426,12,0.2727559359086364,0.5833333333333334,0.0915108362699244,1.830216725398488,,True,0.18525593590864134,0.5833333333333334,0.06211581728896898,1.2423163457793795,,True
B2,48.0,4,49.10000000000038,17,1.5,1.700000000000074,30,0.9232742658599217,1.0,0.3196795695221164,6.393591390442328,,True,0.5482742658599429,1.0,0.18969846996570416,3.7939693993140833,,True
B2,48.0,4,50.80000000000045,14,0.6,0.09999999999988773,12,0.33022833555693426,1.0,0.11471840257074604,2.2943680514149207,,True,0.1802283355569428,1.0,0.06281782218249658,1.2563564436499317,,True
B2,48.0,4,53.10000000000037,6,1.3000000000000185,1.3000000000000185,26,0.8350127146249147,1.0,0.2750949328803316,5.501898657606632,,True,0.5130549737760425,0.9230769230769231,0.16960856726720663,3.3921713453441327,,True
B2,48.0,4,57.10000000000057,3,1.5,1.699999999999882,30,1.0054744674194867,0.8666666666666667,0.30083725716354004,6.016745143270801,,True,0.6804744674195051,0.8666666666666667,0.2035974845524329,4.071949691048658,,True
B2,48.0,4,59.900000000000354,24,1.000000000000128,1.000000000000128,20,0.43438817599737406,1.0,0.12989760564948774,2.5979521129897547,,True,0.22916517218712887,0.8,0.06856605918111659,1.3713211836223318,,True
B2,48.0,4,60.90000000000048,15,0.6,0.19999999999988916,12,0.287936041375273,1.0,0.08615026212269371,1.7230052424538742,,True,0.1379360413752815,1.0,0.04127036707141354,0.8254073414282708,,True
B2,48.0,4,62.0000000000005,5,0.6,0.40000000000010516,12,0.21240928313838056,1.0,0.06512913753985308,1.3025827507970615,,True,0.06240928313838905,1.0,0.018940245549577205,0.3788049109915441,,True
B2,48.0,4,62.4000000000006,11,0.6,0.49999999999993605,12,0.3576592824093289,1.0,0.11724720643522166,2.3449441287044333,,True,0.20765928240933743,1.0,0.06846984681369872,1.3693969362739744,,True
B2,48.0,4,62.90000000000054,19,0.6,0.5999999999998664,12,0.3924019590058367,1.0,0.133591478059768,2.67182956119536,,True,0.2424019590058453,1.0,0.0823798434288847,1.647596868577694,,True
B2,48.0,4,63.500000000000405,22,1.5,1.6000000000001577,30,1.0581294035971904,1.0,0.3883906174261094,7.767812348522188,,True,0.683129403597211,1.0,0.25107427186479875,5.021485437295975,,True
B2,48.0,4,66.30000000000051,25,0.6,0.3999999999998636,12,0.1879355776514463,1.0,0.06942176093283953,1.3884352186567905,,True,0.0860330015706218,0.6666666666666666,0.03179772302359349,0.6359544604718698,,True
B2,48.0,4,66.70000000000037,14,1.1999999999999744,1.1999999999999744,24,0.661964845214497,1.0,0.25723693095128897,5.144738619025779,,True,0.36196484521451416,1.0,0.1408709530655707,2.8174190613114143,,True
B2,48.0,4,69.10000000000032,7,0.6,0.4999999999997726,12,0.3362025170932093,1.0,0.1240768020970517,2.481536041941034,,True,0.2272727407103204,0.6666666666666666,0.08399980853844238,1.6799961707688476,,True
B2,48.0,4,69.6000000000001,10,0.6,0.4000000000004036,12,0.5064708238501209,1.0,0.19102974752458665,3.820594950491733,,True,0.35647082385012946,1.0,0.13443487986800906,2.688697597360181,,True
B2,48.0,4,70.70000000000014,9,0.6,0.20000000000040075,12,0.9581200931008379,1.0,0.3364018615346156,6.728037230692312,,True,0.8081200931008464,1.0,0.2837853179083189,5.675706358166378,,True
B2,48.0,4,73.70000000000041,11,0.6000000000000938,0.6000000000000938,12,0.26651228334038507,1.0,0.09299995072781328,1.8599990145562657,,True,0.16485833791996782,0.6666666666666666,0.057546415921377186,1.1509283184275438,,True
B2,48.0,4,74.39999999999998,24,0.6,0.30000000000039506,12,0.2552176990135217,1.0,0.08504540466703853,1.7009080933407705,,True,0.10521769901353023,1.0,0.034982012965098806,0.6996402593019762,,True
B2,48.0,4,75.40000000000012,15,0.6,0.29999999999974136,12,0.15719761367083124,1.0,0.05541328921838762,1.1082657843677524,,True,0.05630308798200849,0.5833333333333334,0.020183872452298787,0.40367744904597574,,True
B2,48.0,4,75.69999999999986,8,1.4000000000004604,1.4000000000004604,28,0.7373089700866118,1.0,0.27069648348922565,5.413929669784513,,True,0.3873089700866316,1.0,0.14262011632082564,2.8524023264165126,,True
B2,48.0,4,77.40000000000022,14,0.6,0.19999999999987494,12,0.291304374943045,1.0,0.1016844093644041,2.0336881872880817,,True,0.1485539938107883,0.6666666666666666,0.05185512617971069,1.0371025235942137,,True
B2,48.0,4,78.10000000000029,25,0.6,0.5999999999998522,12,0.40568835922979124,1.0,0.14631271871548768,2.9262543743097535,,True,0.2556883592297997,1.0,0.09215617869037258,1.8431235738074516,,True
B2,48.0,4,79.1999999999996,17,0.6,0.3000000000000398,12,0.5574490281622747,1.0,0.20415753496248454,4.083150699249691,,True,0.4074490281622833,1.0,0.14971224561259097,2.9942449122518195,,True
B2,48.0,4,79.49999999999964,4,1.5,1.5000000000002558,30,1.1760538541001304,1.0,0.4549491304914386,9.098982609828772,,True,0.8010538541001517,1.0,0.30913072147831766,6.182614429566353,,True
B2,48.0,4,80.9999999999999,10,0.7000000000005144,0.7000000000005144,14,0.25300412445246634,1.0,0.10401151064084532,2.0802302128169066,,True,0.0780041244524763,1.0,0.0323439282308322,0.6468785646166441,,True
B2,48.0,4,82.59999999999978,5,0.8000000000003382,0.8000000000003382,16,0.48736287986417287,1.0,0.18903118900434834,3.780623780086967,,True,0.28736287986418424,1.0,0.11193511928850028,2.2387023857700057,,True
B2,48.0,4,84.69999999999935,12,0.7000000000008697,0.7000000000008697,14,0.3386168966479745,1.0,0.12409468704669271,2.481893740933854,,True,0.17496033126358318,0.7142857142857143,0.0646577742792049,1.2931554855840979,,True
B2,48.0,4,86.99999999999925,13,0.6,0.2000000000003581,12,0.3088600953242123,0.6666666666666666,0.1020190340954686,2.040380681909372,,True,0.208860095324218,0.6666666666666666,0.06892667288331483,1.3785334576662966,,True
B2,48.0,4,88.09999999999916,23,0.9000000000007446,0.9000000000007446,18,0.43929002457564276,1.0,0.14236502774901214,2.847300554980243,,True,0.21429002457565555,1.0,0.06899230458951784,1.3798460917903568,,True
B2,48.0,4,91.29999999999907,18,1.40000000000029,1.40000000000029,28,0.8199006799327617,0.8214285714285714,0.257579395275004,5.15158790550008,,True,0.532400679932778,0.8214285714285714,0.16725860648430257,3.3451721296860515,,True
B2,48.0,4,92.7999999999992,22,0.700000000000415,0.700000000000415,14,0.505133923070681,1.0,0.15716910258824993,3.1433820517649984,,True,0.33013392307069084,1.0,0.10293922940128636,2.058784588025727,,True
B2,48.0,4,93.49999999999962,5,0.6,0.2999999999996703,12,0.40074339607201026,1.0,0.13091176857560077,2.6182353715120152,,True,0.2507433960720188,1.0,0.08167511178250039,1.633502235650008,,True
B2,48.0,4,93.79999999999929,12,0.6,0.19999999999998863,12,0.3075124928097851,1.0,0.10732836076034434,2.1465672152068866,,True,0.15751249280979362,1.0,0.054282914628236444,1.085658292564729,,True
B2,48.0,4,93.99999999999928,8,0.6,0.09999999999952536,12,0.2426892023348622,1.0,0.08964773548394436,1.7929547096788871,,True,0.09268920233487067,1.0,0.033502033443688836,0.6700406688737768,,True
B2,48.0,4,94.0999999999988,2,0.9000000000004462,0.9000000000004462,18,0.2874251253155318,1.0,0.10954802860480714,2.190960572096143,,True,0.06772379990423648,0.7777777777777778,0.024939849299852216,0.4987969859970443,0.7499999999979536,False
B2,48.0,4,95.49999999999928,7,0.6,0.3999999999999204,12,0.4096110125877853,1.0,0.15999611795952173,3.1999223591904347,,True,0.28497886786138577,0.5833333333333334,0.11191093971270821,2.2382187942541645,,True
B2,48.0,4,95.8999999999992,13,0.6,0.1999999999999602,12,0.5510145704011689,1.0,0.22639594228264484,4.527918845652897,,True,0.40101457040117733,1.0,0.1644990870244209,3.289981740488418,,True
B2,48.0,4,95.89999999999962,14,0.6,0.19999999999953388,12,0.5510145704011689,1.0,0.22639594228264484,4.527918845652897,,True,0.40101457040117733,1.0,0.1644990870244209,3.289981740488418,,True
B2,48.0,4,96.2999999999992,24,1.5,2.3999999999992383,30,0.7966710847448129,1.0,0.35127191134886493,7.025438226977299,,True,0.42167108474483417,1.0,0.18484230053370082,3.696846010674016,,True
B2,48.0,4,98.69999999999844,21,0.6,0.40000000000050306,12,0.1227246783546857,1.0,0.05915085527795002,1.1830171055590004,,True,0.03045466440812199,0.5833333333333334,0.014719407688015175,0.2943881537603035,,True
B2,48.0,4,99.09999999999894,19,0.6,0.20000000000013074,12,0.5178004880796305,1.0,0.2522375852232395,5.04475170446479,,True,0.36780048807963905,1.0,0.17923583285617317,3.5847166571234634,,True
B2,48.0,4,102.39999999999893,18,1.1000000000003496,1.1000000000003496,22,0.6439225410471823,1.0,0.23657282174055747,4.731456434811149,,True,0.36892254104719785,1.0,0.13621638975088918,2.7243277950177838,,True
B2,48.0,4,106.19999999999852,17,0.6,0.49999999999991473,12,0.283281283623014,0.75,0.08834258748377856,1.7668517496755711,,True,0.19506153096633744,0.5833333333333334,0.06082530183628479,1.2165060367256957,,True
B2,48.0,4,107.09999999999884,22,0.8000000000000824,0.8000000000000824,16,0.6157108795133869,1.0,0.18848829345901763,3.7697658691803526,,True,0.41571087951339825,1.0,0.1272714366106616,2.5454287322132316,,True
B2,48.0,4,107.0999999999993,5,0.7999999999996277,0.7999999999996277,16,0.6157108795133869,1.0,0.18848829345901763,3.7697658691803526,,True,0.41571087951339825,1.0,0.1272714366106616,2.5454287322132316,,True
B2,48.0,4,107.89999999999893,11,0.6,0.5999999999995111,12,0.41452047612161297,1.0,0.13411298998998408,2.6822597997996818,,True,0.2645204761216215,1.0,0.08554231409567092,1.7108462819134185,,True
B2,48.0,4,108.49999999999844,2,1.3999999999998494,1.3999999999998494,28,0.5511690886108279,1.0,0.19005343815688186,3.8010687631376374,,True,0.20825966383958974,0.8214285714285714,0.07127406253247856,1.4254812506495713,1.1999999999974733,False
B2,48.0,4,109.89999999999829,21,0.6,0.5000000000006395,12,0.14027536412994063,1.0,0.05083558321744854,1.0167116643489709,,True,0.008961105077011712,0.5833333333333334,0.0032030447111990666,0.06406089422398133,,True
B2,48.0,4,112.7999999999982,4,0.7999999999999545,0.7999999999999545,16,0.32420334495385106,0.6875,0.11982527609132423,2.3965055218264846,,True,0.18670334495385887,0.6875,0.06900539493031578,1.3801078986063156,,True
B2,48.0,4,113.59999999999816,9,0.6000000000003638,0.6000000000003638,12,0.41084388347330136,1.0,0.15890389826367454,3.178077965273491,,True,0.2608438834733099,1.0,0.10115403330798312,2.0230806661596623,,True
B2,48.0,4,114.49999999999774,20,0.6,0.10000000000077591,12,0.5029869845806518,1.0,0.20060296552194937,4.012059310438987,,True,0.35298698458066013,1.0,0.1412168543925133,2.824337087850266,,True
B2,48.0,4,114.59999999999852,19,0.6,0.5000000000003268,12,0.4828725497404435,1.0,0.19568748082150203,3.9137496164300405,,True,0.3367962175915688,0.9166666666666666,0.13713555537914976,2.7427111075829953,0.5999999999970811,False
B2,48.0,4,115.4999999999986,7,0.6,0.30000000000001137,12,0.4262419969007506,1.0,0.16448605496092644,3.2897210992185286,,True,0.31222474630971203,0.6666666666666666,0.12061288173704238,2.4122576347408478,,True
B2,48.0,4,115.7999999999986,25,0.6,0.10000000000032117,12,0.5800101077550999,1.0,0.22519444861945015,4.503888972389003,,True,0.43001010775510834,1.0,0.16686708501420183,3.3373417002840364,,True
B2,48.0,4,117.3999999999984,8,0.6,0.4999999999998863,12,0.2860467587214462,1.0,0.10993938798488964,2.198787759697793,,True,0.13780198710424582,0.8333333333333334,0.05341575257201968,1.0683150514403936,,True
B2,48.0,4,122.59999999999822,18,0.9000000000003752,0.9000000000003752,18,0.06378702773025197,1.0,0.019714770900333436,0.39429541800666873,,True,0.0,0.0,0.0,0.0,0.0,False
B2,48.0,4,124.59999999999708,16,0.6,0.30000000000077875,12,0.2651317041733746,1.0,0.08071780466650376,1.6143560933300751,,True,0.16016814231030616,0.5833333333333334,0.049176285156204605,0.983525703124092,,True
B2,48.0,4,124.89999999999786,10,0.6,0.30000000000066507,12,0.530829579180714,1.0,0.16587649390197962,3.3175298780395925,,True,0.3808295791807226,1.0,0.11929391862178022,2.3858783724356045,,True
B2,48.0,4,125.19999999999852,25,0.6,0.19999999999987494,12,0.6056162923065354,1.0,0.19102721453797802,3.8205442907595604,,True,0.45561629230654394,1.0,0.14369664100692398,2.8739328201384797,,True
B2,48.0,4,128.89999999999816,19,1.5,1.599999999999028,30,0.4596716623243722,1.0,0.15197410402233227,3.0394820804466454,,True,0.14635327994760017,0.7,0.048398146222331705,0.9679629244466341,1.2999999999971834,False
B2,48.0,4,130.4999999999972,23,0.6,0.1000000000010175,12,0.22832165274093585,0.9166666666666666,0.07550459230593722,1.5100918461187443,,True,0.117545203796653,0.6666666666666666,0.038871489338134745,0.7774297867626949,,True
B2,48.0,4,132.9999999999978,22,0.6,0.20000000000069917,12,0.27325612128196897,0.6666666666666666,0.08227372963502223,1.6454745927004446,,True,0.17325612128197465,0.6666666666666666,0.05216680003812178,1.0433360007624357,,True
B2,48.0,4,133.4999999999975,2,0.6,0.5999999999997385,12,0.480117979892096,1.0,0.14888269885230496,2.9776539770460992,,True,0.33011797989210456,1.0,0.10250680729931543,2.0501361459863086,,True
B2,48.0,4,134.09999999999724,15,1.5,2.800000000000921,30,0.8100288077110855,1.0,0.2650629177397275,5.30125835479455,,True,0.4364924752052774,0.9333333333333333,0.14236344232760684,2.8472688465521365,1.4499999999993207,False
B2,48.0,4,140.79999999999671,20,0.6,0.2000000000003581,12,0.18268729486756916,0.5833333333333334,0.05609579128031848,1.1219158256063697,,True,0.0951872948675741,0.5833333333333334,0.02916785424955036,0.5833570849910072,,True
B2,48.0,4,140.99999999999707,23,0.6,0.5000000000004263,12,0.2768142055707491,0.9166666666666666,0.08527891543053706,1.7055783086107412,,True,0.1393142055707569,0.9166666666666666,0.04283001469453454,0.8566002938906908,,True
B2,48.0,4,141.79999999999703,4,0.6,0.3000000000002103,12,0.28454874028689403,1.0,0.08588110448261062,1.7176220896522123,,True,0.1345487402869025,1.0,0.040627210305903105,0.8125442061180621,,True
B2,48.0,4,142.89999999999685,21,1.1000000000000512,1.1000000000000512,22,0.7077826877563352,1.0,0.22148847059172258,4.429769411834451,,True,0.43909489854998335,0.8636363636363636,0.13791827948464191,2.758365589692838,,True
B2,48.0,4,143.9999999999969,12,1.5,2.2999999999998977,30,0.6581259486162488,1.0,0.2156205345438993,4.312410690877986,,True,0.2831259486162703,1.0,0.09264371685404267,1.8528743370808534,,True
B2,48.0,4,146.2999999999968,24,1.4000000000003183,1.4000000000003183,28,0.48743156682423283,0.8571428571428571,0.17014190412330288,3.4028380824660576,,True,0.19972417051934,0.8214285714285714,0.06971688742754155,1.394337748550831,,True
B2,48.0,4,147.69999999999712,11,1.0999999999995964,1.0999999999995964,22,0.6034547887734236,1.0,0.22192413156804722,4.4384826313609445,,True,0.3370690644167442,0.8181818181818182,0.12457464903137952,2.4914929806275903,,True
B2,48.0,4,149.19999999999578,3,0.6000000000012449,0.6000000000012449,12,0.42817410381450766,1.0,0.14677028461473557,2.9354056922947116,,True,0.2781741038145163,1.0,0.09555864998385227,1.9111729996770455,,True
B2,48.0,5,23.200000000000088,13,1.2999999999999936,1.2999999999999936,26,0.4692929345037008,0.8461538461538461,0.14743272354184223,2.9486544708368445,,True,0.19429293450371646,0.8461538461538461,0.06103892556812784,1.2207785113625567,,True
B2,48.0,5,24.50000000000008,10,0.999999999999897,0.999999999999897,20,0.4911769603247484,1.0,0.16162065488042987,3.2324130976085974,,True,0.2447208003367756,0.9,0.08088722908005576,1.6177445816011151,,True
B2,48.0,5,30.20000000000016,19,0.6,0.5000000000000071,12,0.26606751281177443,0.6666666666666666,0.07960721367698842,1.5921442735397684,,True,0.1660675128117801,0.6666666666666666,0.04968728364280166,0.9937456728560332,,True
B2,48.0,5,30.700000000000166,16,0.6,0.300000000000022,12,0.364835556338357,1.0,0.11272184516965739,2.254436903393148,,True,0.21483555633836554,1.0,0.06634595361666784,1.3269190723333568,,True
B2,48.0,5,31.00000000000019,24,0.6,0.0999999999999801,12,0.3393933772031805,1.0,0.10924051317953355,2.184810263590671,,True,0.18939337720318897,1.0,0.06087652101243027,1.2175304202486052,,True
B2,48.0,5,31.10000000000017,9,0.6,0.09999999999991971,12,0.3224232776950981,1.0,0.1053697530953832,2.107395061907664,,True,0.1724232776951066,1.0,0.05613309630228283,1.1226619260456565,,True
B2,48.0,5,31.400000000000176,15,1.099999999999902,1.099999999999902,22,0.4222993987836841,1.0,0.14547376301077153,2.9094752602154306,,True,0.14729939878369985,1.0,0.05039924849424378,1.0079849698848755,,True
B2,48.0,5,33.30000000000012,13,0.6,0.40000000000009095,12,0.3098496419918856,1.0,0.1079991400764411,2.159982801528822,,True,0.2137066156972135,0.5833333333333334,0.0745976815442115,1.4919536308842298,,True
B2,48.0,5,33.70000000000021,17,0.6000000000000085,0.6000000000000085,13,0.5108386039633365,1.0,0.18434600606947063,3.6869201213894125,,True,0.34833860396334565,1.0,0.1255694768479002,2.511389536958004,,True
B2,48.0,5,34.30000000000022,12,1.5,2.1999999999999176,30,1.5622292634209929,1.0,0.6094666156619578,12.189332313239156,,True,1.1872292634210142,1.0,0.46364820664883655,9.272964132976732,,True
B2,48.0,5,36.500000000000135,14,1.5,1.7000000000000242,30,1.0152743394984634,1.0,0.4241711844745153,8.483423689490305,,True,0.6480306818262673,0.8666666666666667,0.27144645724349137,5.428929144869827,,True
B2,48.0,5,38.600000000000165,6,0.6,0.10000000000000142,12,0.28765448879636224,0.8333333333333334,0.10918078953346998,2.1836157906693994,,True,0.1873374457059005,0.6666666666666666,0.07091294303567695,1.4182588607135391,,True
B2,48.0,5,45.90000000000038,5,0.6999999999997826,0.6999999999997826,14,0.4637054195306126,1.0,0.13228026620440578,2.6456053240881157,,True,0.3388282397376756,0.6428571428571429,0.09676911898078572,1.9353823796157144,,True
B2,48.0,5,46.70000000000029,24,1.5,3.2000000000000384,30,1.4572454874203882,1.0,0.4131217757966421,8.262435515932843,,True,1.0822454874204095,1.0,0.3067981113841478,6.135962227682956,,True
B2,48.0,5,49.900000000000325,19,0.6,0.19999999999988916,12,0.2674277900549506,1.0,0.08088649839669493,1.6177299679338986,,True,0.14411537081875667,0.5833333333333334,0.043917557912302285,0.8783511582460457,,True
B2,48.0,5,50.100000000000215,14,1.5,1.8000000000001393,30,0.7370610050427716,1.0,0.2292444851373074,4.584889702746148,,True,0.36740274706524234,0.9666666666666667,0.11406535599783223,2.2813071199566446,,True
B2,48.0,5,51.900000000000354,10,0.6,0.10000000000014353,12,0.21673366670053124,1.0,0.07459291566232719,1.4918583132465437,,True,0.10018512911377932,0.6666666666666666,0.03494675138299879,0.6989350276599758,,True
B2,48.0,5,52.0000000000005,11,0.6,0.4999999999999858,12,0.25856856068169076,1.0,0.08956201224809562,1.7912402449619125,,True,0.12750411202745562,0.8333333333333334,0.044482875385793305,0.8896575077158662,,True
B2,48.0,5,52.50000000000048,3,1.399999999999899,1.399999999999899,28,0.716863872542287,1.0,0.2623978339478498,5.247956678956997,,True,0.3668638725423069,1.0,0.13432146677944967,2.6864293355889934,,True
B2,48.0,5,55.70000000000032,13,0.6,0.3000000000002032,12,0.23044538923982913,0.5833333333333334,0.08100616351891883,1.6201232703783766,,True,0.1429453892398341,0.5833333333333334,0.05020623554255007,1.0041247108510014,,True
B2,48.0,5,56.000000000000526,25,1.5,1.8999999999997996,30,0.715341313811417,1.0,0.2609276131369043,5.218552262738086,,True,0.34034131381143834,1.0,0.1236112675755935,2.47222535151187,,True
B2,48.0,5,59.40000000000036,24,0.6,0.4999999999999929,12,0.30019185732059267,0.5833333333333334,0.10394887051281984,2.078977410256397,,True,0.21269185732059767,0.5833333333333334,0.07363525718870954,1.472705143774191,,True
B2,48.0,5,62.40000000000062,2,1.2999999999997058,1.2999999999997058,26,0.5508204556204741,0.8076923076923077,0.1730453496824264,3.4609069936485284,,True,0.2883204556204891,0.8076923076923077,0.09057854252569904,1.8115708505139807,,True
B2,48.0,5,64.2000000000004,19,1.300000000000182,1.300000000000182,26,0.9492503207136344,1.0,0.2831606424611806,5.663212849223612,,True,0.6274460373928328,0.9230769230769231,0.18768356241170533,3.753671248234107,,True
B2,48.0,5,65.50000000000058,18,1.2999999999998977,1.2999999999998977,26,0.5309521014597839,1.0,0.1649991554102473,3.2999831082049456,,True,0.20595210145980244,1.0,0.06364539241943949,1.27290784838879,,True
B2,48.0,5,66.80000000000048,23,0.6,0.5999999999998806,12,0.245452026507055,1.0,0.08009875173075917,1.6019750346151835,,True,0.09697874674188947,0.8333333333333334,0.03200770914382769,0.6401541828765538,,True
B2,48.0,5,74.59999999999992,12,0.6,0.20000000000055707,12,0.20388928596253342,0.5833333333333334,0.05569887677613595,1.113977535522719,,True,0.11638928596253839,0.5833333333333334,0.031795454411867145,0.6359090882373429,,True
B2,48.0,5,78.30000000000017,2,1.0999999999998238,1.0999999999998238,22,0.4864182352025958,0.7727272727272727,0.1389207231167806,2.778414462335612,,True,0.27391823520260794,0.7727272727272727,0.07823086503607224,1.5646173007214448,,True
B2,48.0,5,79.39999999999999,19,1.5,2.699999999999534,30,0.7273046921446208,1.0,0.21614169104046518,4.322833820809303,,True,0.352304692144642,1.0,0.10479195142459952,2.0958390284919903,,True
B2,48.0,5,82.09999999999953,24,0.6,0.39999999999983515,12,0.23287332242410566,0.5833333333333334,0.07261290087619787,1.4522580175239574,,True,0.14537332242411063,0.5833333333333334,0.04531096472000242,0.9062192944000484,,True
B2,48.0,5,82.49999999999936,6,0.6,0.10000000000056275,12,0.38062266774813813,1.0,0.11848977720336559,2.369795544067312,,True,0.2306226677481467,1.0,0.0717398865249487,1.4347977304989739,,True
B2,48.0,5,84.99999999999945,7,1.300000000000722,1.300000000000722,26,0.6995613628440059,0.9615384615384616,0.2313317222104415,4.62663444420883,,True,0.4365171977900284,0.8076923076923077,0.14435360228871114,2.8870720457742225,,True
B2,48.0,5,86.39999999999985,18,1.000000000000142,1.000000000000142,20,0.48606938069180855,1.0,0.1591026659855269,3.182053319710538,,True,0.23606938069182268,1.0,0.07725591001042903,1.5451182002085806,,True
B2,48.0,5,88.79999999999912,15,1.3000000000004093,1.3000000000004093,26,0.7353390790407128,0.8076923076923077,0.24317219459071446,4.863443891814289,,True,0.47283907904072786,0.8076923076923077,0.15636502916258044,3.1273005832516088,,True
B2,48.0,5,91.49999999999896,3,0.8999999999998352,0.8999999999998352,18,0.5463218288543452,0.7222222222222222,0.17163206440245515,3.432641288049103,,True,0.3838218288543545,0.7222222222222222,0.12058118378162391,2.4116236756324785,,True
B2,48.0,5,92.3999999999988,10,0.600000000000648,0.600000000000648,12,0.43361823350987694,1.0,0.14051763224097916,2.810352644819583,,True,0.28361823350988546,1.0,0.091946956346666,1.83893912693332,,True
B2,48.0,5,93.4999999999993,12,0.6,0.5999999999994969,12,0.6713107766677294,1.0,0.2199700281353081,4.3994005627061625,,True,0.521310776667738,1.0,0.17119266851378512,3.4238533702757024,,True
B2,48.0,5,94.0999999999988,16,0.6,0.30000000000103455,12,0.6495107926981595,1.0,0.216587141560186,4.331742831203719,,True,0.4995107926981681,1.0,0.16652374985824625,3.330474997164925,,True
B2,48.0,5,94.99999999999876,5,0.6,0.5000000000007532,12,0.23916461469506323,1.0,0.08102673007409598,1.6205346014819197,,True,0.08927496385469533,0.9166666666666666,0.02985361456645746,0.5970722913291492,0.599999999997948,False
B2,48.0,5,95.49999999999952,19,0.6,0.5999999999997669,12,0.2479192890361831,1.0,0.09030736673236968,1.8061473346473935,,True,0.09814731202581928,0.8333333333333334,0.03623042174603948,0.7246084349207895,,True
B2,48.0,5,96.09999999999928,7,0.6999999999998323,0.6999999999998323,14,0.3231756262985905,1.0,0.12395358870411874,2.479071774082375,,True,0.14817562629860045,1.0,0.056674996030738244,1.133499920614765,,True
B2,48.0,5,98.69999999999855,22,0.7999999999999687,0.7999999999999687,16,0.4888898607619342,1.0,0.19154442469112165,3.830888493822433,,True,0.31974805487866387,0.75,0.12556476752580453,2.5112953505160904,,True
B2,48.0,5,99.49999999999852,9,0.6000000000008612,0.6000000000008612,12,0.41622407906044623,1.0,0.15963966842226474,3.1927933684452947,,True,0.2662240790604548,1.0,0.10188980346657332,2.0377960693314665,,True
B2,48.0,5,100.09999999999938,2,0.6,0.2999999999994145,12,0.3046670983396809,1.0,0.12074588370971169,2.4149176741942338,,True,0.15466709833968945,1.0,0.061186522985408595,1.223730459708172,,True
B2,48.0,5,101.6999999999985,4,0.6,0.4000000000003041,12,0.3056043125303604,1.0,0.11624813220790665,2.3249626441581333,,True,0.1811475569728724,0.5833333333333334,0.06909402562067225,1.381880512413445,,True
B2,48.0,5,103.19999999999877,5,0.6,0.30000000000075033,12,0.2931410584992036,1.0,0.10325174944746972,2.065034988949394,,True,0.1431410584992121,1.0,0.050378539754703355,1.007570795094067,,True
B2,48.0,5,104.0999999999995,19,1.5,2.5999999999990564,30,0.2878335796425714,1.0,0.09947837548425188,1.9895675096850376,,True,0.023590502702153505,0.16666666666666666,0.007929086877398126,0.15858173754796254,0.29999999999670024,False
B2,48.0,5,107.19999999999808,17,0.6,0.3000000000004377,12,0.33531736144264684,0.5833333333333334,0.11252577228033768,2.2505154456067538,,True,0.24781736144265185,0.5833333333333334,0.08313075329938223,1.6626150659876446,,True
B2,48.0,5,109.49999999999828,6,0.6,0.200000000000216,12,0.14777805315153683,1.0,0.046941473763427964,0.9388294752685593,,True,0.022106872337153857,0.5,0.007254024194776111,0.14508048389552222,0.5499999999976097,False
B2,48.0,5,111.49999999999828,9,0.6,0.20000000000089813,12,0.303611155744779,0.5833333333333334,0.09808340753701295,1.961668150740259,,True,0.21611115574478396,0.5833333333333334,0.06976773690926447,1.3953547381852893,,True
B2,48.0,5,111.69999999999918,2,0.6,0.4000000000003183,12,0.47797348678340973,0.9166666666666666,0.1535320241942871,3.070640483885742,,True,0.34047348678341754,0.9166666666666666,0.1093017065713807,2.186034131427614,,True
B2,48.0,5,116.09999999999847,12,0.6,0.5999999999990848,12,0.298133762717176,0.5833333333333334,0.09366148387393627,1.8732296774787254,,True,0.21063376271718096,0.5833333333333334,0.06617254815502714,1.3234509631005429,,True
B2,48.0,5,116.69999999999756,11,0.8000000000007219,0.8000000000007219,16,0.530598610669636,1.0,0.17210604158169543,3.4421208316339085,,True,0.33059861066964724,1.0,0.1070006675105949,2.140013350211898,,True
B2,48.0,5,117.79999999999758,8,1.5,1.7000000000006992,30,0.7587348328567228,1.0,0.2491147715808316,4.982295431616632,,True,0.3837348328567442,1.0,0.12613795389097507,2.5227590778195013,,True
B2,48.0,5,122.39999999999756,10,1.5,1.7000000000009123,30,0.825437094956986,0.8333333333333334,0.2593187113517367,5.186374227034733,,True,0.5129370949570038,0.8333333333333334,0.1611439409270613,3.222878818541226,,True
B2,48.0,5,125.79999999999748,22,1.5,4.600000000000051,30,1.048030001203333,0.9333333333333333,0.2993014274995502,5.986028549991004,,True,0.7218026139997609,0.8666666666666667,0.2061463444985053,4.122926889970106,,True
B2,48.0,5,130.49999999999756,6,1.5,2.399999999999636,30,0.7993862163767926,0.8666666666666667,0.22830416952275193,4.566083390455039,,True,0.47438621637681105,0.8666666666666667,0.13548438657578618,2.7096877315157237,,True
B2,48.0,5,132.8999999999972,8,0.9000000000002615,0.9000000000002615,18,0.4969123952994596,0.7777777777777778,0.1486758410048085,2.9735168200961697,,True,0.3219123952994695,0.7777777777777778,0.09631596344498163,1.9263192688996325,,True
B2,48.0,5,134.19999999999703,24,1.5,3.10000000000025,30,0.9614367808644434,1.0,0.2867943827573078,5.735887655146156,,True,0.5864367808644647,1.0,0.17527464353897512,3.5054928707795026,,True
B2,48.0,5,137.29999999999728,9,1.2000000000002728,1.2000000000002728,24,0.4422608721569555,0.8333333333333334,0.1389403506938506,2.778807013877012,,True,0.19226087215696971,0.8333333333333334,0.06040053435411025,1.208010687082205,,True
B2,48.0,5,139.39999999999682,4,0.6,0.5000000000002842,12,0.05274476739107202,0.5833333333333334,0.016570257375109424,0.33140514750218847,,True,0.0,0.0,0.0,0.0,0.0,False
B2,48.0,5,139.8999999999971,22,0.6,0.10000000000002274,12,0.26605797369081385,1.0,0.08980786549695122,1.7961573099390242,,True,0.12734165847574141,0.5833333333333334,0.043633820796267,0.87267641592534,,True
B2,48.0,5,139.99999999999713,5,0.6,0.49999999999982947,12,0.3029340806171687,1.0,0.1033384999748572,2.066769999497144,,True,0.15808082099765397,0.75,0.05436381270252737,1.0872762540505474,,True
B2,48.0,5,140.49999999999696,10,0.6,0.40000000000023306,12,0.5035250369093743,1.0,0.17989504038324247,3.5979008076648493,,True,0.35352503690938286,1.0,0.12650849855753662,2.5301699711507326,,True
B2,48.0,5,141.1999999999966,3,1.0000000000004263,1.0000000000004263,20,0.7357340869904822,1.0,0.26678550618827607,5.335710123765521,,True,0.4857340869904963,1.0,0.17566905259151847,3.513381051830369,,True
B2,48.0,5,144.69999999999575,13,0.6000000000015291,0.6000000000015291,12,0.15458054540767666,0.5833333333333334,0.057132835981254154,1.1426567196250832,,True,0.06708054540768162,0.5833333333333334,0.024792911606066958,0.49585823212133917,,True
B2,48.0,5,148.19999999999587,21,0.6,0.3000000000010914,12,0.19694903594964305,1.0,0.059920202016540816,1.1984040403308163,,True,0.09602089072653823,0.6666666666666666,0.0291615728928427,0.583231457856854,,True
B2,48.0,5,148.79999999999697,6,0.6,0.19999999999976126,12,0.25183520927302355,1.0,0.07728971627868629,1.5457943255737259,,True,0.10183520927303208,1.0,0.03110082428841042,0.6220164857682084,,True
B2,48.0,5,148.99999999999673,7,0.6,0.19999999999987494,12,0.22253808747941198,1.0,0.06955986836830048,1.3911973673660096,,True,0.07253808747942052,1.0,0.022622978127169933,0.45245956254339864,,True
B2,48.0,5,153.39999999999523,14,0.6,0.30000000000066507,12,0.2919140126379365,0.5833333333333334,0.09301426284119187,1.8602852568238373,,True,0.20441401263794143,0.5833333333333334,0.06531864339507289,1.3063728679014577,,True
B2,48.0,6,20.700000000000024,19,1.5,1.8000000000000256,30,0.8316574815532422,1.0,0.2877932449784384,5.755864899568768,,True,0.4566574815532634,1.0,0.1578121454220262,3.1562429084405244,,True
B2,48.0,6,22.50000000000005,5,0.7999999999999119,0.7999999999999119,16,0.4267624018566441,1.0,0.15718098010113546,3.143619602022709,,True,0.24997493103317128,0.75,0.09239051846063838,1.8478103692127676,,True
B2,48.0,6,23.800000000000068,3,0.6,0.4999999999998934,12,0.4573889982864483,1.0,0.14858770810415653,2.9717541620831307,,True,0.3073889982864568,1.0,0.1000170322098434,2.000340644196868,,True
B2,48.0,6,24.70000000000008,18,1.5,2.499999999999922,30,0.69852519146426,1.0,0.230134184391761,4.60268368783522,,True,0.3235251914642813,1.0,0.1069506829746946,2.1390136594938918,,True
B2,48.0,6,27.60000000000012,15,1.0999999999999055,1.0999999999999055,22,0.7151522717670552,1.0,0.2364670930851368,4.729341861702736,,True,0.4883713987928945,0.8181818181818182,0.16150147354432925,3.230029470886585,,True
B2,48.0,6,34.900000000000226,6,0.6999999999998963,0.6999999999998963,14,0.26990909836816873,0.6428571428571429,0.07708585823368035,1.541717164673607,,True,0.15740909836817518,0.6428571428571429,0.04495593336742295,0.899118667348459,,True
B2,48.0,6,36.20000000000013,3,1.0000000000000213,1.0000000000000213,20,0.544916550640017,1.0,0.15456116264719252,3.0912232529438506,,True,0.29491655064003114,1.0,0.08378219772442258,1.6756439544884516,,True
B2,48.0,6,37.20000000000015,2,0.6,0.30000000000009663,12,0.5787777152930376,1.0,0.17341657365768265,3.468331473153653,,True,0.4287777152930461,1.0,0.128842677890843,2.57685355781686,,True
B2,48.0,6,37.50000000000025,7,1.5,2.0000000000000426,30,1.289829892845173,1.0,0.4015159271018717,8.030318542037433,,True,0.9148298928451942,1.0,0.2844542008431158,5.689084016862315,,True
B2,48.0,6,39.50000000000029,23,1.5,3.3999999999999417,30,0.7278178044585365,1.0,0.2388939338517404,4.777878677034808,,True,0.35281780445855804,1.0,0.11591711616188388,2.318342323237678,,True
B2,48.0,6,49.000000000000455,22,1.29999999999999,1.29999999999999,26,0.774422421238926,0.8461538461538461,0.21155824255125483,4.231164851025096,,True,0.49942242123894165,0.8461538461538461,0.1364332008349814,2.7286640166996277,,True
B2,48.0,6,50.300000000000445,9,0.6,0.4000000000000057,12,0.3268478732688816,1.0,0.09206186121771694,1.8412372243543387,,True,0.17684787326889012,1.0,0.049998046537737414,0.9999609307547483,,True
B2,48.0,6,50.70000000000045,24,0.6,0.4000000000000057,12,0.3453857253118554,1.0,0.10118965322410231,2.0237930644820463,,True,0.19538572531186385,1.0,0.057159756185157014,1.1431951237031404,,True
B2,48.0,6,51.100000000000456,12,1.5,3.2000000000000455,30,0.5840937153769094,1.0,0.18147669038551106,3.6295338077102213,,True,0.21327259648924818,0.8666666666666667,0.06591479790973707,1.3182959581947415,1.3499999999987011,False
B2,48.0,6,54.3000000000005,16,1.5,1.5999999999999162,30,0.5509411412085735,0.8333333333333334,0.1821929096611823,3.643858193223646,,True,0.23844114120859128,0.8333333333333334,0.07885104605626073,1.5770209211252144,,True
B2,48.0,6,55.90000000000042,8,1.100000000000037,1.100000000000037,22,0.5054119569452739,1.0,0.17576554029819513,3.5153108059639027,,True,0.24467723576209846,0.8181818181818182,0.08540846737454073,1.7081693474908146,,True
B2,48.0,6,57.80000000000055,14,0.6,0.4999999999998934,12,0.2627802471548158,1.0,0.09037653146617936,1.807530629323587,,True,0.13772392070818862,0.5833333333333334,0.047643267693589106,0.9528653538717822,,True
B2,48.0,6,60.90000000000048,9,1.40000000000002,1.40000000000002,28,0.631950445779447,0.8214285714285714,0.19853308778935064,3.9706617557870127,,True,0.3444504457794636,0.8214285714285714,0.10821229899864922,2.1642459799729843,,True
B2,48.0,6,66.10000000000052,21,1.5,2.7999999999999687,30,0.9410778472572147,0.8333333333333334,0.2687712046726693,5.375424093453386,,True,0.6285778472572326,0.8333333333333334,0.17952141337750996,3.590428267550199,,True
B2,48.0,6,70.50000000000016,24,1.5,2.899999999999906,30,1.0620412443261358,0.8333333333333334,0.3033182700894863,6.066365401789726,,True,0.7495412443261533,0.8333333333333334,0.21406847879432694,4.281369575886539,,True
B2,48.0,6,73.40000000000006,10,0.6,0.4000000000000341,12,0.1785390159829179,1.0,0.05338379975468624,1.0676759950937247,,True,0.07596923709636678,0.6666666666666666,0.022729942586739722,0.4545988517347944,,True
B2,48.0,6,73.8000000000001,14,0.6,0.3000000000004235,12,0.2592673546036608,1.0,0.07813739245844845,1.5627478491689688,,True,0.10926735460366928,1.0,0.032883498281740926,0.6576699656348185,,True
B2,48.0,6,74.9999999999999,11,1.5,3.500000000000256,30,1.0549047851192617,1.0,0.3306942768025666,6.613885536051331,,True,0.682898600992019,0.9,0.21452829815828595,4.290565963165719,,True
B2,48.0,6,78.99999999999967,16,1.5,1.599999999999909,30,0.6783407464602383,0.8333333333333334,0.2131070305710101,4.262140611420202,,True,0.36584074646025605,0.8333333333333334,0.11493226014633466,2.2986452029266933,,True
B2,48.0,6,80.59999999999958,12,0.8000000000004803,0.8000000000004803,16,0.32293698383793434,1.0,0.10596338975659562,2.1192677951319125,,True,0.13524426836267117,0.6875,0.044724463150346776,0.8944892630069355,,True
B2,48.0,6,82.59999999999947,18,0.6,0.29999999999999716,12,0.34744216004059386,0.8333333333333334,0.1083904677877645,2.1678093557552898,,True,0.24358350083558433,0.6666666666666666,0.07600703268018368,1.5201406536036735,,True
B2,48.0,6,82.89999999999947,17,0.6,0.10000000000043485,12,0.4890175121927019,1.0,0.15292540181952943,3.0585080363905885,,True,0.3390175121927103,1.0,0.10598851157839889,2.119770231567978,,True
B2,48.0,6,83.59999999999941,15,1.5,2.699999999999733,30,0.747656727455507,1.0,0.2445371143064476,4.890742286128952,,True,0.37265672745552836,1.0,0.12156029661659104,2.431205932331821,,True
B2,48.0,6,86.29999999999914,8,0.6,0.3000000000006793,12,0.1683131602553801,0.6666666666666666,0.0594936769338768,1.1898735386775359,,True,0.0683131602553858,0.6666666666666666,0.02433042582752246,0.4866085165504492,,True
B2,48.0,6,86.59999999999982,14,0.6,0.1999999999999318,12,0.31694649140294867,1.0,0.11585664922555793,2.3171329845111583,,True,0.16694649140295725,1.0,0.0614113598756644,1.228227197513288,,True
B2,48.0,6,86.79999999999976,10,0.6,0.19999999999991758,12,0.3599987055957843,1.0,0.1333246251679134,2.6664925033582683,,True,0.2099987055957928,1.0,0.07785267155214093,1.5570534310428186,,True
B2,48.0,6,89.09999999999899,3,1.5,1.5000000000004974,30,0.600623805395053,0.8333333333333334,0.22199003936473466,4.439800787294693,,True,0.2881238053950708,0.8333333333333334,0.10649030945335171,2.1298061890670343,,True
B2,48.0,6,90.89999999999944,11,0.6,0.1999999999995623,12,0.481336778072333,1.0,0.17258730770782557,3.4517461541565115,,True,0.3355512545830102,0.75,0.12179759944880444,2.4359519889760888,,True
B2,48.0,6,91.099999999999,6,0.6,0.5000000000000995,12,0.795329499819436,1.0,0.2883633471795525,5.76726694359105,,True,0.6472233364776929,0.9166666666666666,0.23531940215750125,4.7063880431500245,,True
B2,48.0,6,91.5999999999991,4,1.5,2.199999999999747,30,2.0873105824278384,1.0,0.8029523003543233,16.059046007086465,,True,1.71231058242786,1.0,0.6579038895406117,13.158077790812236,,True
B2,48.0,6,91.5999999999994,16,1.5,2.1999999999994486,30,2.0873105824278384,1.0,0.8029523003543233,16.059046007086465,,True,1.71231058242786,1.0,0.6579038895406117,13.158077790812236,,True
B2,48.0,6,93.79999999999885,19,0.6,0.5000000000002984,12,0.28980949548574286,1.0,0.11789001855574457,2.3578003711148914,,True,0.13980949548575144,1.0,0.05669441165769685,1.133888233153937,,True
B2,48.0,6,95.39999999999864,2,1.5,1.7000000000003581,30,0.9228434645444291,1.0,0.3388974830578741,6.777949661157482,,True,0.5478434645444502,1.0,0.20158113749656334,4.031622749931267,,True
B2,48.0,6,97.29999999999876,25,1.5,1.6000000000006764,30,0.5762885087258799,1.0,0.21274693926382635,4.254938785276527,,True,0.25167181718187326,0.8333333333333334,0.09301768611460788,1.8603537222921576,,True
B2,48.0,6,100.39999999999844,7,0.6,0.09999999999999432,12,0.5375500289560105,1.0,0.17574896784856997,3.5149793569713994,,True,0.4137871766901001,0.5833333333333334,0.1361701097400388,2.7234021948007756,,True
B2,48.0,6,100.49999999999844,5,1.3000000000004093,1.3000000000004093,26,1.6602519378933462,1.0,0.5475492833327513,10.950985666655026,,True,1.3533037232459264,0.8846153846153846,0.44686256032802163,8.937251206560433,,True
B2,48.0,6,102.6999999999993,10,0.6999999999993349,0.6999999999993349,14,0.3883240844445083,1.0,0.12631827368893728,2.5263654737787453,,True,0.21332408444451825,1.0,0.06927356497902058,1.3854712995804117,,True
B2,48.0,6,106.19999999999816,22,1.5,2.200000000000287,30,0.7520376193512447,1.0,0.23586369897802087,4.717273979560417,,True,0.41307452005728645,0.8333333333333334,0.12977118775971008,2.5954237551942017,,True
B2,48.0,6,108.59999999999856,25,1.5,2.1000000000007475,30,0.9155920539646907,1.0,0.2737509951630081,5.475019903260162,,True,0.5763635808529479,0.8666666666666667,0.1724475801337455,3.44895160267491,,True
B2,48.0,6,110.99999999999832,17,1.5,2.4999999999998437,30,0.6043942627460238,1.0,0.180634897786184,3.61269795572368,,True,0.27722931977106646,0.8333333333333334,0.08294681850975986,1.6589363701951974,,True
B2,48.0,6,113.49999999999817,24,0.6999999999999886,0.6999999999999886,14,0.22245575342822624,0.6428571428571429,0.0698865360718898,1.3977307214377959,,True,0.10995575342823263,0.6428571428571429,0.03454361871900663,0.6908723743801326,,True
B2,48.0,6,114.69999999999808,7,0.6,0.49999999999967315,12,0.39031062672405875,1.0,0.12129392110867233,2.425878422173447,,True,0.24031062672406725,1.0,0.07510502911839646,1.5021005823679292,,True
B2,48.0,6,115.19999999999776,20,0.6,0.40000000000088676,12,0.44511196178237694,1.0,0.14438793033531958,2.8877586067063916,,True,0.2951119617823856,1.0,0.0956105707137966,1.9122114142759319,,True
B2,48.0,6,115.59999999999864,14,0.9999999999992326,0.9999999999992326,20,0.9876789742535366,1.0,0.34174431587317916,6.834886317463583,,True,0.7376789742535508,1.0,0.2556260962024113,5.112521924048226,,True
B2,48.0,6,116.59999999999788,8,1.5,2.400000000000446,30,1.7323148759608205,1.0,0.6020487012508551,12.040974025017102,,True,1.357314875960842,1.0,0.4718379531086539,9.436759062173078,,True
B2,48.0,6,119.6999999999978,15,1.399999999999963,1.399999999999963,28,0.3480167472341866,1.0,0.12116494052007017,2.4232988104014033,,True,0.06301836357785522,0.5357142857142857,0.021997558673048978,0.43995117346097956,0.9999999999974705,False
B2,48.0,6,121.09999999999776,22,0.6,0.1999999999999602,12,0.26971740499424046,1.0,0.09936675087067032,1.9873350174134063,,True,0.16660524659262987,0.5833333333333334,0.0615771551464614,1.231543102929228,,True
B2,48.0,6,121.29999999999772,6,0.6,0.20000000000044338,12,0.3982036733904066,1.0,0.1510308327446292,3.020616654892584,,True,0.259199371970641,0.9166666666666666,0.09816510488543809,1.9633020977087616,,True
B2,48.0,6,121.49999999999818,17,0.6,0.0999999999999801,12,0.3993691572154237,1.0,0.15891590515605594,3.1783181031211187,,True,0.2493691572154322,1.0,0.09799529761494011,1.959905952298802,,True
B2,48.0,6,121.59999999999816,11,0.6,0.09999999999953957,12,0.3693614453972149,1.0,0.1513547768768252,3.027095537536504,,True,0.21936144539722338,1.0,0.08845417396579994,1.7690834793159986,,True
B2,48.0,6,121.6999999999977,5,1.0000000000003837,1.0000000000003837,20,0.5081115966446236,1.0,0.2206325104671907,4.4126502093438145,,True,0.25811159664463784,1.0,0.11087201713497584,2.2174403426995166,,True
B2,48.0,6,124.1999999999986,14,0.6,0.39999999999928093,12,0.22507324228898695,1.0,0.08455571379379237,1.6911142758758473,,True,0.07507324228899548,1.0,0.027960846137214775,0.5592169227442955,,True
B2,48.0,6,128.69999999999828,10,0.6,0.39999999999946567,12,0.2640537861258121,0.6666666666666666,0.09547178198147525,1.9094356396295051,,True,0.16405378612581775,0.6666666666666666,0.05928186660924196,1.1856373321848392,,True
B2,48.0,6,132.6999999999971,19,1.5,1.9999999999998863,30,0.14220555125798942,0.6333333333333333,0.040613810466526,0.81227620933052,1.1999999999990933,False,0.0007274166481871877,0.06666666666666667,0.0002077497089130735,0.00415499417826147,0.3499999999989001,False
B2,48.0,6,134.69999999999698,18,1.5,2.0000000000013074,30,0.7231622210929906,0.8666666666666667,0.21636963058470635,4.327392611694127,,True,0.39816222109300886,0.8666666666666667,0.11912985797359925,2.382597159471985,,True
B2,48.0,6,137.2999999999966,9,0.6,0.30000000000077875,12,0.26414712067649015,0.5833333333333334,0.07952816595511686,1.5905633191023372,,True,0.17664712067649507,0.5833333333333334,0.05316122761248976,1.0632245522497952,,True
B2,48.0,6,137.59999999999738,25,1.5,1.6999999999997897,30,0.7815293227395326,1.0,0.24322449563884255,4.864489912776851,,True,0.40667249639477276,0.9666666666666667,0.12620774871042906,2.524154974208581,1.4999999999999858,False
B2,48.0,6,139.29999999999717,24,1.3999999999999204,1.3999999999999204,28,0.7279973966403991,1.0,0.24022971144337657,4.804594228867531,,True,0.40937296425859193,0.8214285714285714,0.1353771681150599,2.707543362301198,,True
B2,48.0,6,141.499999999998,10,1.1999999999989654,1.1999999999989654,23,0.6895502221696712,1.0,0.22761425896182577,4.552285179236516,,True,0.4269008629261189,0.8260869565217391,0.14117353839787772,2.8234707679575544,,True
B2,48.0,6,143.29999999999637,2,0.6,0.500000000000199,12,0.33891758407887523,1.0,0.11528877053811015,2.305775410762203,,True,0.1889175840788837,1.0,0.06511055454327604,1.3022110908655207,,True
B2,48.0,6,143.2999999999969,7,0.6,0.49999999999965894,12,0.33891758407887523,1.0,0.11528877053811015,2.305775410762203,,True,0.1889175840788837,1.0,0.06511055454327604,1.3022110908655207,,True
B2,48.0,6,143.79999999999657,21,1.4000000000002615,1.4000000000002615,28,0.7359035565318627,1.0,0.2683061255963156,5.366122511926312,,True,0.38590355653188263,1.0,0.1402297584279155,2.80459516855831,,True
B2,48.0,6,145.19999999999683,18,0.6,0.09999999999976694,12,0.19970103740765682,1.0,0.07212490177673642,1.4424980355347283,,True,0.04970103740766538,1.0,0.017711695685151598,0.354233913703032,,True
B2,48.0,6,146.59999999999584,13,0.7000000000013245,0.7000000000013245,14,0.36922050043613763,1.0,0.13520053571732973,2.7040107143465946,,True,0.19422050043614755,1.0,0.07154735123283429,1.4309470246566858,,True
B2,48.0,6,147.89999999999668,19,0.8999999999994657,0.8999999999994657,18,0.6393613785582702,1.0,0.23442519466578346,4.688503893315669,,True,0.4143613785582831,1.0,0.15229205339546678,3.0458410679093357,,True
B2,48.0,6,148.79999999999615,12,0.7000000000018645,0.7000000000018645,14,0.4178748224064128,1.0,0.15988835296547493,3.1977670593094984,,True,0.24287482240642277,1.0,0.09260976029209445,1.852195205841889,,True
B2,48.0,6,152.2999999999962,9,0.6000000000001933,0.6000000000001933,12,0.39641493313896436,1.0,0.13077459079876763,2.6154918159753526,,True,0.27721684180831246,0.6666666666666666,0.09167393617645875,1.833478723529175,,True
B2,48.0,6,152.8999999999964,6,0.6,0.3000000000004377,12,0.887427742938009,1.0,0.2968594281981331,5.937188563962662,,True,0.7374277429380175,1.0,0.24679603649619347,4.935920729923869,,True
B2,48.0,7,22.80000000000005,22,1.2000000000000206,1.2000000000000206,24,0.6808080150279203,0.8333333333333334,0.18598447465363166,3.719689493072633,,True,0.43080801502793453,0.8333333333333334,0.11768898218429219,2.3537796436858436,,True
B2,48.0,7,24.00000000000007,6,1.5,3.5000000000000497,30,0.6527132991839192,1.0,0.18520194325072276,3.7040388650144553,,True,0.28196325769258335,0.9,0.07993684712159944,1.5987369424319888,1.3500000000001506,False
B2,48.0,7,27.50000000000012,21,1.1000000000000156,1.1000000000000156,22,0.5360178063808776,0.8181818181818182,0.1603761526399506,3.2075230527990115,,True,0.3110178063808905,0.8181818181818182,0.09305631006303033,1.8611262012606067,,True
B2,48.0,7,28.600000000000136,25,0.6,0.09999999999999787,12,0.2836840092266706,1.0,0.09077082176594813,1.8154164353189626,,True,0.1336840092266791,1.0,0.04269553067812211,0.8539106135624421,,True
B2,48.0,7,28.700000000000134,7,0.6,0.2000000000000064,12,0.2758395053322848,1.0,0.09031745233479435,1.8063490466958871,,True,0.12583950533229332,1.0,0.040995497495543876,0.8199099499108775,,True
B2,48.0,7,28.90000000000014,16,0.8000000000000114,0.8000000000000114,16,0.31591057736662226,1.0,0.1084736181795185,2.16947236359037,,True,0.1159105773666336,1.0,0.039579042442904194,0.7915808488580839,,True
B2,48.0,7,29.700000000000152,23,1.0999999999998984,1.0999999999998984,22,0.627326065783206,1.0,0.23061820809511027,4.612364161902206,,True,0.35232606578322156,1.0,0.13000511003897228,2.6001022007794456,,True
B2,48.0,7,31.3000000000001,4,0.6,0.20000000000007745,12,0.2541269147656836,0.6666666666666666,0.09661703418010001,1.9323406836020003,,True,0.15412691476568932,0.6666666666666666,0.058502123309343686,1.1700424661868738,,True
B2,48.0,7,31.500000000000178,9,0.6,0.4999999999998934,12,0.37530395799388055,1.0,0.14340734524438423,2.8681469048876846,,True,0.22530395799388908,1.0,0.08594622961347127,1.7189245922694254,,True
B2,48.0,7,33.000000000000085,6,1.5,2.5000000000000355,30,0.49920357860330566,1.0,0.19400015339411733,3.8800030678823467,,True,0.1436217391192068,0.8,0.05580723818386089,1.1161447636772177,,True
B2,48.0,7,38.300000000000274,17,0.6,0.5000000000000071,12,0.1786229722677097,1.0,0.0559254637421058,1.1185092748421162,,True,0.07838243433614779,0.5833333333333334,0.024624567988092625,0.4924913597618525,,True
B2,48.0,7,38.80000000000028,2,0.6,0.49999999999981526,12,0.3760433789643962,1.0,0.12182573621055208,2.4365147242110416,,True,0.2260433789644047,1.0,0.07346174404344881,1.4692348808689761,,True
B2,48.0,7,39.60000000000032,11,1.399999999999764,1.399999999999764,28,1.0745464568483643,1.0,0.3352185123328273,6.704370246656546,,True,0.7245464568483841,1.0,0.2260107677080455,4.520215354160911,,True
B2,48.0,7,47.90000000000041,10,0.6,0.30000000000000426,12,0.030173951754651145,0.3333333333333333,0.008596387602655553,0.17192775205311106,,True,0.015960796724114493,0.08333333333333333,0.004558392884901648,0.09116785769803296,,True
B2,48.0,7,48.200000000000415,19,1.5,1.5999999999999304,30,0.610552007227739,0.9333333333333333,0.17435197263710842,3.4870394527421684,,True,0.2963388521972194,0.8333333333333334,0.08463417827600149,1.6926835655200299,,True
B2,48.0,7,49.800000000000345,11,0.6,0.10000000000009379,12,0.22694347571983967,1.0,0.07134580468532628,1.4269160937065255,,True,0.07757802746160909,0.75,0.02515471962499413,0.5030943924998825,,True
B2,48.0,7,49.80000000000044,8,0.6,0.10000000000000142,12,0.22694347571983967,1.0,0.07134580468532628,1.4269160937065255,,True,0.07757802746160909,0.75,0.02515471962499413,0.5030943924998825,,True
B2,48.0,7,49.90000000000044,15,1.5,2.0999999999999233,30,0.5760031490915821,1.0,0.18809164169437517,3.7618328338875036,,True,0.2016377008333643,0.9,0.06636704905371851,1.3273409810743702,,True
B2,48.0,7,52.00000000000036,17,0.6,0.29999999999999716,12,0.34533255646676925,1.0,0.12128350601971806,2.4256701203943614,,True,0.25021232431065166,0.5833333333333334,0.08796361326857845,1.7592722653715689,,True
B2,48.0,7,52.30000000000036,23,0.6,0.4000000000001478,12,0.5409910487192195,1.0,0.19488930069733826,3.897786013946765,,True,0.3909910487192281,1.0,0.1407327606722232,2.814655213444464,,True
B2,48.0,7,52.70000000000051,14,0.6999999999998678,0.6999999999998678,14,0.4909695249249919,1.0,0.1889542653286004,3.779085306572008,,True,0.31596952492500185,1.0,0.12138692333044146,2.427738466608829,,True
B2,48.0,7,53.400000000000375,9,1.5,2.5000000000000355,30,0.5585113372796375,1.0,0.2299180856072242,4.598361712144484,,True,0.2029029531483384,0.7666666666666667,0.08259744016205858,1.6519488032411718,1.19999999999866,False
B2,48.0,7,57.900000000000325,6,1.4000000000001336,1.4000000000001336,28,0.16349132415026169,1.0,0.05341030530406498,1.0682061060812995,,True,0.0,0.0,0.0,0.0,0.0,False
B2,48.0,7,59.30000000000046,15,0.6000000000000085,0.6000000000000085,12,0.17315681304335565,1.0,0.06012946295071721,1.202589259014344,,True,0.06858359411073282,0.5833333333333334,0.023940190601673603,0.47880381203347205,,True
B2,48.0,7,59.90000000000047,21,0.6,0.09999999999989484,12,0.46723443484321814,1.0,0.1601498321668151,3.202996643336302,,True,0.31723443484322666,1.0,0.10893819753593177,2.1787639507186354,,True
B2,48.0,7,61.70000000000049,7,1.4000000000001336,1.4000000000001336,28,0.3757470062031663,1.0,0.11717556837800835,2.343511367560167,,True,0.07915141720602856,0.5714285714285714,0.024845389533008307,0.4969077906601661,0.9999999999980815,False
B2,48.0,7,63.10000000000063,20,0.6,0.19999999999989626,12,0.47051087348786574,1.0,0.15994882921314696,3.1989765842629394,,True,0.3590082635786691,0.5833333333333334,0.12278351935062987,2.4556703870125975,,True
B2,48.0,7,63.30000000000052,19,0.6,0.29999999999999716,12,0.7838876347676001,1.0,0.2715993769101614,5.431987538203228,,True,0.6421277863442394,0.9166666666666666,0.22292647990577916,4.458529598115583,,True
B2,48.0,7,63.60000000000052,10,1.5,2.299999999999798,30,2.081082993139363,1.0,0.7603615958532257,15.207231917064515,,True,1.7060829931393844,1.0,0.6230452502919149,12.460905005838299,,True
B2,48.0,7,68.0000000000003,2,0.6,0.5,12,0.3629883559634628,1.0,0.11820944529311733,2.3641889058623464,,True,0.21298835596347138,1.0,0.0696387693988042,1.392775387976084,,True
B2,48.0,7,68.5000000000003,14,0.6,0.1999999999999602,12,0.4176453072016671,1.0,0.14583806207903832,2.916761241580766,,True,0.2676453072016756,1.0,0.09359976318227604,1.8719952636455208,,True
B2,48.0,7,68.70000000000026,22,1.0000000000002416,1.0000000000002416,20,0.6948790978828642,1.0,0.2537829676975238,5.075659353950476,,True,0.4448790978828783,1.0,0.16263949662008517,3.2527899324017033,,True
B2,48.0,7,70.40000000000028,13,0.7000000000003439,0.7000000000003439,14,0.3695847320809288,1.0,0.13462086668326106,2.6924173336652215,,True,0.19458473208093877,1.0,0.07122434826523537,1.4244869653047074,,True
B2,48.0,7,71.30000000000061,20,0.6,0.2999999999999119,12,0.3125367692796048,1.0,0.10471114785785533,2.0942229571571067,,True,0.1625367692796133,1.0,0.05441810757012688,1.0883621514025374,,True
B2,48.0,7,72.6000000000002,21,0.7999999999999119,0.7999999999999119,16,0.5523740598043712,1.0,0.19215677228488717,3.8431354456977433,,True,0.3790503774627687,0.6875,0.13231354235305248,2.6462708470610496,,True
B2,48.0,7,73.4000000000001,5,0.6,0.29999999999986926,12,0.39077171622817525,1.0,0.14210498524058102,2.8420997048116203,,True,0.2407717162281838,1.0,0.08733244665593858,1.7466489331187716,,True
B2,48.0,7,73.69999999999997,25,0.6,0.4999999999999716,12,0.3696649890706213,1.0,0.14834110877423673,2.966822175484735,,True,0.21966498907062987,1.0,0.08858924850008129,1.771784970001626,,True
B2,48.0,7,73.70000000000009,18,0.6,0.4999999999998579,12,0.3696649890706213,1.0,0.14834110877423673,2.966822175484735,,True,0.21966498907062987,1.0,0.08858924850008129,1.771784970001626,,True
B2,48.0,7,74.19999999999995,8,0.7000000000002586,0.7000000000002586,14,0.4069370020801685,1.0,0.1776113085388025,3.55222617077605,,True,0.23193700208017845,1.0,0.1009414878261988,2.018829756523976,,True
B2,48.0,7,74.9000000000002,7,0.6,0.5000000000000853,12,0.20435846905536684,1.0,0.09486734972239345,1.8973469944478691,,True,0.055990489191392025,0.8333333333333334,0.025315536127763202,0.5063107225552641,0.5499999999976524,False
B2,48.0,7,75.40000000000029,19,0.6000000000000085,0.6000000000000085,12,0.22519316457234692,1.0,0.11572524423608971,2.314504884721794,,True,0.08342819219956717,0.5833333333333334,0.043682899286072885,0.8736579857214577,,True
B2,48.0,7,76.29999999999983,16,0.6,0.2000000000004718,12,0.4062261384103575,1.0,0.19252547697643155,3.850509539528631,,True,0.256226138410366,1.0,0.12132179732776584,2.426435946555317,,True
B2,48.0,7,79.99999999999952,11,0.6000000000006764,0.6000000000006764,12,0.04417092523136855,1.0,0.017559469796910334,0.3511893959382067,,True,0.0,0.0,0.0,0.0,0.0,False
B2,48.0,7,81.49999999999999,2,0.6,0.19999999999998863,12,0.4348754781505803,0.9166666666666666,0.1538072449116282,3.076144898232564,,True,0.33286301745513247,0.6666666666666666,0.1176114407467925,2.35222881493585,,True
B2,48.0,7,86.89999999999911,9,1.1000000000004064,1.1000000000004064,22,0.5946213815947432,1.0,0.1776981231534674,3.5539624630693476,,True,0.36652000775874977,0.7727272727272727,0.10966252988272024,2.193250597654405,,True
B2,48.0,7,89.199999999999,6,0.6,0.3000000000009919,12,0.4378696177595001,0.6666666666666666,0.12717784367413448,2.5435568734826894,,True,0.3378696177595058,0.6666666666666666,0.09810791165228255,1.962158233045651,,True
B2,48.0,7,91.49999999999908,12,1.5,3.4000000000000483,30,0.5981565835710224,1.0,0.17815492285377876,3.5630984570755753,,True,0.2281969988497993,0.8666666666666667,0.06824488253316517,1.3648976506633035,1.499999999997783,False
B2,48.0,7,95.1999999999992,25,1.0000000000000568,1.0000000000000568,20,0.5155216071173181,0.8,0.1542437041606257,3.084874083212514,,True,0.31552160711732935,0.8,0.09440384409225212,1.8880768818450424,,True
B2,48.0,7,96.19999999999926,18,0.99999999999973,0.99999999999973,20,0.5398517547038619,1.0,0.16800339179367477,3.3600678358734952,,True,0.2898517547038761,1.0,0.09021157370478908,1.8042314740957814,,True
B2,48.0,7,98.7999999999993,7,0.6999999999997755,0.6999999999997755,14,0.2619743307213705,0.7142857142857143,0.08663332977088002,1.7326665954176004,,True,0.1369743307213776,0.7142857142857143,0.04529658432891145,0.905931686578229,,True
B2,48.0,7,98.7999999999994,19,0.699999999999676,0.699999999999676,14,0.2619743307213705,0.7142857142857143,0.08663332977088002,1.7326665954176004,,True,0.1369743307213776,0.7142857142857143,0.04529658432891145,0.905931686578229,,True
B2,48.0,7,99.59999999999886,6,1.3000000000000256,1.3000000000000256,26,0.6839046570717162,1.0,0.22391023649911793,4.478204729982359,,True,0.35890465707173475,1.0,0.11746811698604882,2.3493623397209764,,True
B2,48.0,7,100.89999999999888,22,1.1999999999995907,1.1999999999995907,24,0.6265972070808407,1.0,0.21704934472260848,4.340986894452169,,True,0.3265972070808577,1.0,0.11324818394610957,2.264963678922191,,True
B2,48.0,7,102.09999999999847,15,1.1000000000007333,1.1000000000007333,22,0.48670348396851043,1.0,0.17825685943882622,3.565137188776524,,True,0.21170348396852606,1.0,0.0776437613826883,1.552875227653766,,True
B2,48.0,7,103.2999999999982,4,0.7000000000001876,0.7000000000001876,14,0.16172152714039773,1.0,0.05783905597918545,1.156781119583709,,True,0.03164375969316231,0.35714285714285715,0.011045755887111063,0.22091511774222125,0.29999999999805027,False
B2,48.0,7,103.9999999999984,24,0.6,0.2000000000008697,12,0.2877164481971062,0.9166666666666666,0.10706051564417833,2.1412103128835667,,True,0.18280985662421148,0.6666666666666666,0.06799838074309979,1.3599676148619957,,True
B2,48.0,7,104.79999999999924,18,0.6,0.5999999999993975,12,0.273139725984258,1.0,0.10446047644784907,2.0892095289569816,,True,0.12313972598426648,1.0,0.04671061149215766,0.9342122298431532,,True
B2,48.0,7,105.39999999999864,16,0.6,0.3000000000000824,12,0.27238982522890204,1.0,0.11331704067810008,2.266340813562002,,True,0.12813852376128398,0.75,0.054004943289250866,1.0800988657850172,,True
B2,48.0,7,105.69999999999872,5,0.6,0.49999999999955946,12,0.3288521439578369,1.0,0.14287721464174488,2.8575442928348975,,True,0.17885214395784543,1.0,0.07742736769196124,1.5485473538392247,,True
B2,48.0,7,106.19999999999828,3,0.6000000000010175,0.6000000000010175,12,0.22256221916052008,1.0,0.10435293877672273,2.0870587755344547,,True,0.07256221916052857,1.0,0.03358079658047317,0.6716159316094634,,True
B2,48.0,7,108.19999999999858,13,0.7000000000003013,0.7000000000003013,14,0.5089023265361226,1.0,0.21177779503969751,4.23555590079395,,True,0.34370647798477716,0.7142857142857143,0.14396029390040235,2.879205878008047,,True
B2,48.0,7,112.09999999999827,14,0.7000000000009692,0.7000000000009692,14,0.45649524669388963,1.0,0.1591129104809154,3.1822582096183076,,True,0.31875888427935933,0.7142857142857143,0.11126784101316829,2.225356820263366,,True
B2,48.0,7,113.3999999999992,18,0.6,0.19999999999946283,12,0.36676420393517023,1.0,0.11853223493914272,2.370644698782854,,True,0.21676420393517876,1.0,0.06996155904482959,1.3992311808965918,,True
B2,48.0,7,113.59999999999866,20,0.6,0.10000000000006537,12,0.33199600627501635,1.0,0.10878339468400816,2.1756678936801634,,True,0.18199600627502494,1.0,0.05959266760806551,1.1918533521613102,,True
B2,48.0,7,115.8999999999984,6,0.6,0.3000000000001819,12,0.2956993389082908,0.9166666666666666,0.09458724362882422,1.8917448725764843,,True,0.19451016580847805,0.6666666666666666,0.06217767616387492,1.2435535232774984,,True
B2,48.0,7,118.79999999999832,16,0.899999999999622,0.899999999999622,18,0.3347660897278397,0.7777777777777778,0.11070512506946976,2.2141025013893953,,True,0.15976608972784964,0.7777777777777778,0.05283368145071372,1.0566736290142744,,True
B2,48.0,7,119.69999999999794,15,0.6,0.40000000000033253,12,0.5524895436868325,1.0,0.1880550564432967,3.761101128865934,,True,0.4024895436868409,1.0,0.1373027189839908,2.746054379679816,,True
B2,48.0,7,120.19999999999835,13,1.2000000000008413,1.2000000000008413,24,0.9818020041089873,1.0,0.3372015049581747,6.744030099163494,,True,0.6818020041090044,1.0,0.23362999276746446,4.672599855349289,,True
B2,48.0,7,121.49999999999817,25,0.6,0.1000000000004917,12,0.3420400449453251,1.0,0.11282126760940302,2.25642535218806,,True,0.19204004494533355,1.0,0.06342385680625055,1.2684771361250111,,True
B2,48.0,7,121.89999999999712,17,1.5,2.000000000001279,30,0.6808465647053352,1.0,0.23449743365904027,4.6899486731808055,,True,0.3121727556227819,0.8666666666666667,0.1069542399007934,2.139084798015868,1.349999999998019,False
B2,48.0,7,124.49999999999902,18,1.5,2.299999999999301,30,0.7098510327077153,0.8666666666666667,0.2477847543886318,4.955695087772636,,True,0.3848510327077338,0.8666666666666667,0.13433835300900693,2.6867670601801388,,True
B2,48.0,7,126.79999999999836,20,0.8999999999995794,0.8999999999995794,18,0.0739466173771051,0.8333333333333334,0.025812238878858706,0.5162447775771741,,True,0.0,0.0,0.0,0.0,0.0,False
B2,48.0,7,129.59999999999818,16,0.6,0.29999999999895977,12,0.16772714412433695,0.6666666666666666,0.051630038945824935,1.0326007789164988,,True,0.06772714412434264,0.6666666666666666,0.02114911022349714,0.4229822044699428,,True
B2,48.0,7,130.89999999999793,7,1.5,1.6000000000011028,30,0.6728177319068934,1.0,0.21110977945437082,4.222195589087416,,True,0.3302946346474008,0.8666666666666667,0.10376511977283989,2.0753023954567977,,True
B2,48.0,7,134.39999999999756,5,0.6,0.29999999999998295,12,0.2607272512681276,0.6666666666666666,0.08136213794290503,1.6272427588581007,,True,0.1607272512681333,0.6666666666666666,0.05013321096972256,1.002664219394451,,True
B2,48.0,7,134.69999999999754,15,0.6,0.10000000000081855,12,0.3749931619240167,1.0,0.11725983249013394,2.345196649802679,,True,0.2249931619240253,1.0,0.0703229422490034,1.406458844980068,,True
B2,48.0,7,138.99999999999758,19,0.6,0.4000000000005173,12,0.2395674741563795,0.6666666666666666,0.07167842065226139,1.4335684130452278,,True,0.13956747415638518,0.6666666666666666,0.0417584906180746,0.835169812361492,,True
B2,48.0,7,139.3999999999981,20,1.5,2.4999999999983515,30,0.5576745757166075,1.0,0.1734372503637915,3.4687450072758303,,True,0.1969027088304827,0.8,0.06084542395151378,1.2169084790302755,1.2499999999996163,False
B2,48.0,7,141.89999999999645,11,0.6,0.5000000000011084,12,0.07542392204801386,1.0,0.02453489912733438,0.4906979825466876,,True,0.002035725987520116,0.08333333333333333,0.0006395421807114996,0.012790843614229991,,True
B2,48.0,7,144.5999999999976,7,1.1999999999991928,1.1999999999991928,24,0.9269795586283985,1.0,0.29098190355066406,5.819638071013281,,True,0.6736163135905188,0.7916666666666666,0.2116228062114212,4.232456124228424,,True
B2,48.0,7,145.7999999999968,2,1.2000000000007844,1.2000000000007844,24,0.6211583423930934,1.0,0.2025699520403935,4.05139904080787,,True,0.3211583423931105,1.0,0.10439518161571805,2.087903632314361,,True
B2,48.0,7,147.2999999999982,18,0.6,0.09999999999990905,12,0.17888313543827353,1.0,0.05568316993730967,1.1136633987461935,,True,0.02888313543828207,1.0,0.008933279258892795,0.1786655851778559,,True
B2,48.0,7,147.79999999999703,6,1.5,2.099999999999426,30,1.0300041135848956,1.0,0.33959254898626373,6.791850979725274,,True,0.6569086505277013,0.9,0.21721405922320147,4.344281184464029,,True
B2,48.0,7,149.99999999999625,3,1.5,2.2000000000010402,30,1.142455876517376,1.0,0.3774953941620227,7.549907883240454,,True,0.8113363767874341,0.8333333333333334,0.26830404220058574,5.366080844011715,,True
B2,48.0,7,152.1999999999973,19,0.6,0.4000000000003183,12,0.27098186073310687,1.0,0.09224702317124885,1.8449404634249769,,True,0.143510220986063,0.6666666666666666,0.04894467845595188,0.9788935691190376,,True
B2,48.0,7,153.9999999999969,5,0.6,0.09999999999897113,12,0.29016343212792584,1.0,0.09922481521390872,1.9844963042781743,,True,0.16402568821988497,0.5833333333333334,0.05715823605202903,1.1431647210405806,,True
B2,6.0,0,71.90000000000019,15,1.5,3.499999999999801,30,0.7054101059024017,0.8333333333333334,0.19270532230182463,3.854106446036493,,True,0.3929101059024194,0.8333333333333334,0.10733595671515028,2.1467191343030056,,True
B2,6.0,0,75.39999999999999,24,1.5,3.1999999999998465,30,0.6611658975415925,0.8333333333333334,0.18882853877461528,3.7765707754923055,,True,0.34866589754161026,0.8333333333333334,0.09957874747945589,1.9915749495891177,,True
B2,6.0,0,78.59999999999984,21,1.3000000000003524,1.3000000000003524,26,0.6266875051463264,0.8461538461538461,0.18750446307278235,3.750089261455647,,True,0.35168750514634206,0.8461538461538461,0.10522465547876868,2.1044931095753734,,True
B2,6.0,0,85.29999999999943,12,1.3000000000004093,1.3000000000004093,26,0.5736206800748083,0.8076923076923077,0.16382568313365442,3.2765136626730884,,True,0.31112068007482324,0.8076923076923077,0.0888558584457205,1.77711716891441,,True
B2,6.0,0,101.89999999999849,8,1.5,2.6999999999998323,30,0.6967194511370476,0.8333333333333334,0.19033119211350097,3.806623842270019,,True,0.3842194511370653,0.8333333333333334,0.10496182652682669,2.0992365305365337,,True
B2,6.0,0,104.59999999999832,23,1.3999999999999204,1.3999999999999204,28,0.6233861870951706,0.8214285714285714,0.1780386787025036,3.5607735740500717,,True,0.33588618709518686,0.8214285714285714,0.09592887071095692,1.9185774142191383,,True
B2,6.0,0,105.99999999999824,7,1.1999999999999602,1.1999999999999602,24,0.5926224881729928,1.0,0.1762748618965381,3.525497237930762,,True,0.29262248817300984,1.0,0.08736506980631259,1.7473013961262518,,True
B2,6.0,0,107.1999999999982,22,1.5,2.700000000000287,30,0.8206482310468545,1.0,0.25667898655353844,5.1335797310707685,,True,0.44564823104687573,1.0,0.13961726029478264,2.7923452058956526,,True
B2,6.0,0,112.69999999999833,23,1.299999999999912,1.299999999999912,26,0.0,0.0,0.0,0.0,0.0,False,0.0,0.0,0.0,0.0,0.0,False
B2,6.0,0,121.59999999999737,25,1.5,7.999999999999986,30,0.6372420352663618,0.8666666666666667,0.17408303448273135,3.481660689654627,,True,0.3133257103035576,0.8333333333333334,0.08559493475395302,1.7118986950790605,1.4999999999977973,False
B2,6.0,0,132.39999999999677,2,1.5,1.899999999999892,30,0.6219362898240356,0.8666666666666667,0.16990178079235502,3.3980356158471006,,True,0.29693628982405407,0.8666666666666667,0.0811176405822137,1.622352811644274,,True
B2,6.0,0,134.29999999999666,20,1.5,6.100000000000108,30,0.5791807614624385,1.0,0.16511912358780736,3.302382471756147,,True,0.23110453957932786,0.8333333333333334,0.0660033021594244,1.320066043188488,1.4999999999999574,False
B2,6.0,0,141.29999999999671,8,0.9999999999999432,0.9999999999999432,20,0.5297776286258749,0.75,0.1513041369206609,3.026082738413218,,True,0.3422776286258855,0.75,0.09775426214356525,1.955085242871305,,True
B2,6.0,1,24.100000000000072,18,1.5,8.0,30,0.7094886454370751,0.8666666666666667,0.1938195057661294,3.876390115322588,,True,0.3844886454370936,0.8666666666666667,0.10503536555598816,2.100707311119763,,True
B2,6.0,1,32.20000000000019,7,1.5,2.10000000000003,30,0.7919183486207421,0.8333333333333334,0.21633781445825076,4.326756289165015,,True,0.4794183486207598,0.8333333333333334,0.13096844887157646,2.619368977431529,,True
B2,6.0,1,34.30000000000022,24,1.5,4.4000000000000625,30,0.7202130060992709,1.0,0.20552940749228746,4.110588149845749,,True,0.39459056930792885,0.8333333333333334,0.11269480306487306,2.2538960612974615,,True
B2,6.0,1,38.70000000000028,4,1.4999999999999076,1.4999999999999076,30,0.7521566779818839,0.8333333333333334,0.22504475179965627,4.500895035993126,,True,0.4396566779819017,0.8333333333333334,0.1315449704428225,2.6308994088564503,,True
B2,6.0,1,40.400000000000304,14,1.5,1.8999999999999133,30,0.7937720079143608,1.0,0.2364080074931943,4.728160149863886,,True,0.41877200791438207,1.0,0.12505826787732857,2.5011653575465713,,True
B2,6.0,1,60.9000000000006,23,1.5,3.2000000000000313,30,0.6961880265296094,0.8333333333333334,0.19018601649239972,3.8037203298479945,,True,0.3836880265296271,0.8333333333333334,0.10481665090572542,2.0963330181145086,,True
B2,6.0,1,64.10000000000063,3,1.5,4.799999999999969,30,0.6827506410054773,0.8333333333333334,0.19499312709241173,3.8998625418482344,,True,0.37025064100549515,0.8333333333333334,0.10574333579725236,2.114866715945047,,True
B2,6.0,1,82.8999999999998,23,1.5,4.799999999999486,30,0.6877497139702733,0.8666666666666667,0.18788082164499934,3.7576164328999866,,True,0.3627497139702918,0.8666666666666667,0.09909668143485802,1.9819336286971603,,True
B2,6.0,1,87.69999999999929,21,1.5,3.2000000000005144,30,0.7016638853759279,0.8333333333333334,0.2003947370532987,4.007894741065973,,True,0.3891638853759459,0.8333333333333334,0.11114494575813925,2.222898915162785,,True
B2,6.0,1,91.99999999999892,7,0.6,0.20000000000011653,12,0.24030620428587357,0.5833333333333334,0.06992518026684533,1.3985036053369067,,True,0.1528062042858785,0.5833333333333334,0.04442523989679979,0.8885047979359959,,True
B2,6.0,1,92.19999999999904,11,1.5,3.5000000000002416,30,0.7976655754441073,0.9666666666666667,0.23668671415638204,4.7337342831276406,,True,0.435165575444128,0.9666666666666667,0.1289069661923227,2.578139323846454,,True
B2,6.0,1,106.49999999999812,4,1.5,8.0,30,0.6099718737749806,0.8333333333333334,0.17420755977707988,3.484151195541598,,True,0.29747187377499823,0.8333333333333334,0.08495776848192048,1.6991553696384096,,True
B2,6.0,1,106.49999999999856,7,1.5,7.9999999999995595,30,0.6099718737749806,0.8333333333333334,0.17420755977707988,3.484151195541598,,True,0.29747187377499823,0.8333333333333334,0.08495776848192048,1.6991553696384096,,True
B2,6.0,1,115.19999999999771,22,1.5,8.0,30,0.8723496481569196,0.8333333333333334,0.2383101953053408,4.766203906106816,,True,0.5598496481569375,0.8333333333333334,0.15294082971866654,3.0588165943733308,,True
B2,6.0,1,125.69999999999791,7,1.5,8.000000000000028,30,0.6825850843645548,0.8666666666666667,0.18646993795562214,3.729398759112443,,True,0.3575850843645733,0.8666666666666667,0.09768579774548082,1.9537159549096164,,True
B2,6.0,1,149.89999999999577,9,1.5,1.7999999999998977,30,0.6985437312226571,0.8666666666666667,0.1908295525408958,3.8165910508179164,,True,0.3735437312226753,0.8666666666666667,0.10204541233075452,2.0409082466150905,,True
B2,6.0,1,151.69999999999567,19,1.5,inf,30,0.7182160230146468,1.0,0.20480522864230427,4.096104572846086,,True,0.36770433547900155,0.8666666666666667,0.10501611263944981,2.100322252788996,,True
B2,6.0,2,38.70000000000028,20,1.5,1.6000000000000227,30,0.7023482386365519,0.8333333333333334,0.1918688753706367,3.837377507412734,,True,0.3898482386365698,0.8333333333333334,0.10649950978396241,2.129990195679248,,True
B2,6.0,2,40.3000000000003,25,1.5,6.399999999999977,30,0.6886110950578573,1.0,0.1959407662095321,3.918815324190642,,True,0.31951210243861283,0.9,0.09122915061756773,1.8245830123513547,,True
B2,6.0,2,65.30000000000057,17,1.2999999999998124,1.2999999999998124,26,0.6103861280104412,0.8076923076923077,0.16674648483571491,3.3349296967142985,,True,0.3478861280104562,0.8076923076923077,0.09503621774290845,1.900724354858169,,True
B2,6.0,2,66.60000000000038,20,1.5,3.3999999999999204,30,0.7274888760656886,1.0,0.20662001820666537,4.132400364133307,,True,0.35248887606571006,1.0,0.10029635379417111,2.005927075883422,,True
B2,6.0,2,70.0000000000003,7,1.5,3.300000000000267,30,0.6804301033802327,0.8333333333333334,0.2035842108629221,4.071684217258442,,True,0.3679301033802504,0.8333333333333334,0.11008442950608842,2.201688590121768,,True
B2,6.0,2,95.19999999999888,19,1.5,6.199999999999633,30,0.6867577301720802,0.8333333333333334,0.18760982955692243,3.7521965911384485,,True,0.3742577301720979,0.8333333333333334,0.10224046397024814,2.0448092794049626,,True
B2,6.0,2,101.39999999999851,13,1.5,1.8000000000003666,30,0.6786382318697727,0.8333333333333334,0.19381862578974943,3.8763725157949884,,True,0.36613823186979033,0.8333333333333334,0.10456883449459003,2.091376689891801,,True
B2,6.0,2,106.8999999999982,12,1.5,2.5000000000003126,30,0.7271960315741495,0.8333333333333334,0.2076867009557271,4.153734019114542,,True,0.4146960315741672,0.8333333333333334,0.11843690966056765,2.368738193211353,,True
B2,6.0,2,110.99999999999842,7,1.5,3.8999999999997783,30,0.7645875497017236,0.8333333333333334,0.2183656935608323,4.367313871216646,,True,0.45208754970174136,0.8333333333333334,0.12911590226567288,2.5823180453134578,,True
B2,6.0,2,115.49999999999773,16,1.5,3.5000000000006963,30,0.8376649172570941,0.8333333333333334,0.23923654092952618,4.784730818590523,,True,0.5251649172571118,0.8333333333333334,0.1499867496343667,2.9997349926873342,,True
B2,6.0,2,134.79999999999663,5,1.5,8.0,29,0.6492126247850138,0.8620689655172413,0.17735318370803016,3.5470636741606034,,True,0.3367126247850318,0.8620689655172413,0.09198381812135581,1.8396763624271162,,True
B2,6.0,2,147.89999999999588,9,1.5,inf,30,0.6793385910395375,0.8666666666666667,0.18558305451390017,3.711661090278003,,True,0.35433859103955606,0.8666666666666667,0.09679891430375885,1.935978286075177,,True
B2,6.0,3,27.900000000000126,14,1.5,1.8000000000000256,30,0.6048397291463835,0.8666666666666667,0.165231308668306,3.3046261733661195,,True,0.2805700084738552,0.8333333333333334,0.07664666760339905,1.532933352067981,1.450000000000152,False
B2,6.0,3,29.700000000000152,15,1.5,6.199999999999974,30,0.9502224581459497,1.0,0.27115999142192704,5.423199828438541,,True,0.6072711405882683,0.8666666666666667,0.17343623218265442,3.468724643653088,,True
B2,6.0,3,36.80000000000025,7,0.8999999999998991,0.8999999999998991,18,0.4728414324290547,0.7222222222222222,0.1350431973119993,2.700863946239986,,True,0.31034143242906387,0.7222222222222222,0.0886333058385164,1.7726661167703281,,True
B2,6.0,3,48.2000000000003,7,1.5,3.200000000000159,30,0.7027568972545719,0.8333333333333334,0.19198051353691478,3.8396102707382957,,True,0.3902568972545897,0.8333333333333334,0.1066111479502405,2.13222295900481,,True
B2,6.0,3,51.40000000000046,23,1.5,4.799999999999841,30,0.703238941334815,0.8333333333333334,0.2008445719832471,4.016891439664942,,True,0.39073894133483306,0.8333333333333334,0.11159478068808765,2.231895613761753,,True
B2,6.0,3,56.20000000000053,22,1.5,3.199999999999932,30,0.7987550109711036,0.8333333333333334,0.22812389768044117,4.562477953608823,,True,0.4862550109711212,0.8333333333333334,0.13887410638528178,2.7774821277056354,,True
B2,6.0,3,65.20000000000057,2,1.5,3.499999999999801,30,0.8495092526605846,0.8333333333333334,0.23207061107087376,4.641412221417475,,True,0.5370092526606024,0.8333333333333334,0.1467012454841995,2.93402490968399,,True
B2,6.0,3,68.70000000000037,21,1.5,4.500000000000199,30,0.6244652665766801,0.8333333333333334,0.17834686308175354,3.5669372616350707,,True,0.31196526657669776,0.8333333333333334,0.08909707178659414,1.7819414357318828,,True
B2,6.0,3,77.99999999999962,7,1.5,8.0,30,0.8053376460044227,0.8333333333333334,0.22000372455189499,4.4000744910379,,True,0.4928376460044405,0.8333333333333334,0.13463435896522066,2.6926871793044134,,True
B2,6.0,3,91.59999999999896,15,1.2000000000000455,1.2000000000000455,24,0.5937557427411327,0.7916666666666666,0.16220336342802558,3.2440672685605114,,True,0.3562557427411463,0.7916666666666666,0.09732264558215308,1.9464529116430616,,True
B2,6.0,3,92.799999999999,10,1.5,6.599999999999639,30,0.7124551949183826,1.0,0.20210691054778207,4.042138210955642,,True,0.3374551949184039,1.0,0.09578324613528778,1.9156649227057556,,True
B2,6.0,3,99.39999999999864,12,0.6,0.20000000000031548,12,0.2659442278123395,0.5833333333333334,0.075953493850896,1.51906987701792,,True,0.17844422781234445,0.5833333333333334,0.050963552288251356,1.0192710457650271,,True
B2,6.0,3,101.09999999999852,18,1.5,2.399999999999878,30,0.8640658239941417,1.0,0.24581785428879557,4.916357085775911,,True,0.48906582399416293,1.0,0.13949418987630116,2.789883797526023,,True
B2,6.0,3,103.4999999999984,6,1.5,3.9000000000002473,30,0.709306172134924,0.8333333333333334,0.21222391043094993,4.2444782086189985,,True,0.39680617213494174,0.8333333333333334,0.11872412907411621,2.374482581482324,,True
B2,6.0,3,107.99999999999814,5,1.100000000000378,1.100000000000378,22,0.5777459883636046,0.7727272727272727,0.17286119549372136,3.4572239098744273,,True,0.36524598836361666,0.7727272727272727,0.10928134417107445,2.185626883421489,,True
B2,6.0,3,111.39999999999829,15,0.6,0.100000000000108,12,0.2276134008350255,0.5833333333333334,0.0650062352656277,1.300124705312554,,True,0.14011340083503046,0.5833333333333334,0.040016293702983055,0.800325874059661,,True
B2,6.0,3,121.89999999999723,23,1.5,8.000000000000014,30,0.8156221091904763,0.8333333333333334,0.2228132544641924,4.456265089283848,,True,0.503122109190494,0.8333333333333334,0.13744388887751813,2.7488777775503626,,True
B2,6.0,3,132.99999999999676,16,0.6,0.09999999999999432,12,0.24236391340158492,0.6666666666666666,0.06837786459456631,1.3675572918913261,,True,0.1423639134015906,0.6666666666666666,0.040128365436794086,0.8025673087358818,,True
B2,6.0,3,133.09999999999675,25,1.5,7.899999999999977,30,0.7123280434304707,0.9333333333333333,0.20259930626269948,4.05198612525399,,True,0.3623280434304905,0.9333333333333333,0.10294997406879977,2.0589994813759955,,True
B2,6.0,3,140.99999999999673,21,0.6,0.10000000000002274,12,0.31736358578047535,0.5833333333333334,0.086698009530857,1.73396019061714,,True,0.22986358578048038,0.5833333333333334,0.0627945871665882,1.255891743331764,,True
B2,6.0,3,150.39999999999574,11,1.5,1.6999999999997897,30,0.7264166619707932,0.8666666666666667,0.1984439346689273,3.968878693378546,,True,0.4014166619708117,0.8666666666666667,0.10965979445878604,2.193195889175721,,True
B2,6.0,3,152.09999999999553,22,1.5,inf,30,0.6210320187818571,1.0,0.17684428713576192,3.5368857427152385,,True,0.26649066913997577,0.8333333333333334,0.07610955712912508,1.5221911425825017,,True
B2,6.0,4,21.400000000000038,19,1.5,8.0,30,0.7372786634921202,0.8666666666666667,0.20141123764133445,4.028224752826689,,True,0.4122786634921387,0.8666666666666667,0.11262709743119313,2.2525419486238625,,True
B2,6.0,4,45.10000000000037,6,1.5,8.0,30,0.7061828339269457,0.8333333333333334,0.19291641766574896,3.8583283533149793,,True,0.39368283392696346,0.8333333333333334,0.10754705207907465,2.150941041581493,,True
B2,6.0,4,63.20000000000063,17,1.5,5.499999999999744,30,0.70909260092062,0.8333333333333334,0.19371131354496515,3.874226270899303,,True,0.3965926009206379,0.8333333333333334,0.10834194795829083,2.1668389591658164,,True
B2,6.0,4,68.70000000000037,12,1.5,2.2999999999998693,30,0.7089828023491305,0.8333333333333334,0.20248501485286655,4.049700297057331,,True,0.39648280234914834,0.8333333333333334,0.11323522355770721,2.264704471154144,,True
B2,6.0,4,71.00000000000024,13,0.6,0.20000000000038654,12,0.36422475483255284,0.75,0.10402234673068106,2.0804469346136214,,True,0.2755560000226889,0.5833333333333334,0.07869860957489713,1.5739721914979428,,True
B2,6.0,4,71.90000000000019,14,1.5,4.800000000000182,30,1.869584416935716,1.0,0.5565991483267745,11.131982966535489,,True,1.4945844169357378,1.0,0.4452494087109087,8.904988174218174,,True
B2,6.0,4,83.89999999999951,11,1.5,8.000000000000014,30,0.5396759518879071,0.8333333333333334,0.14742973963218498,2.9485947926436995,,True,0.2274249839698115,0.8,0.06212840512020311,1.2425681024040622,1.499999999997783,False
B2,6.0,4,106.29999999999824,24,1.5,8.0,30,0.7664834615995848,0.8333333333333334,0.20938946191820262,4.1877892383640525,,True,0.4539834615996025,0.8333333333333334,0.12402009633152832,2.480401926630566,,True
B2,6.0,4,116.59999999999764,16,1.199999999999946,1.199999999999946,24,0.5797938448438853,0.7916666666666666,0.15838922465722874,3.1677844931445747,,True,0.34229384484389874,0.7916666666666666,0.09350850681135624,1.8701701362271248,,True
B2,6.0,4,117.79999999999758,4,1.5,6.599999999999625,30,0.7776370203598504,1.0,0.22078656150310227,4.415731230062045,,True,0.4026370203598717,1.0,0.11446289709060802,2.2892579418121604,,True
B2,6.0,4,124.3999999999972,8,0.6,0.20000000000042917,12,0.26908210108338626,0.5833333333333334,0.07684966836146112,1.5369933672292224,,True,0.18158210108339123,0.5833333333333334,0.051859726798816466,1.0371945359763293,,True
B2,6.0,4,137.59999999999692,4,1.5,3.099999999999824,30,0.6384981397757853,0.8333333333333334,0.17442617958698747,3.4885235917397495,,True,0.32599813977580316,0.8333333333333334,0.08905681400031315,1.7811362800062631,,True
B2,6.0,4,140.69999999999675,24,0.6,0.49999999999954525,12,0.22032354307815433,0.5833333333333334,0.06292425675883671,1.2584851351767343,,True,0.1328235430781593,0.5833333333333334,0.037934315196192066,0.7586863039238413,,True
B2,6.0,4,141.1999999999963,3,1.5,4.400000000000631,30,0.7383340385009056,1.0,0.21922592145064287,4.384518429012857,,True,0.3633340385009268,1.0,0.10770618223231021,2.154123644646204,,True
B2,6.0,4,152.7999999999955,6,0.6,0.100000000000108,12,0.22215372218537544,0.5833333333333334,0.06304649378369542,1.2609298756739085,,True,0.1346537221853804,0.5833333333333334,0.038211769249390175,0.7642353849878035,,True
B2,6.0,4,152.8999999999956,9,0.6,0.3000000000004377,12,0.2800422311448244,0.75,0.079944964158925,1.5988992831785,,True,0.1675422311448308,0.75,0.04780025671854004,0.9560051343708008,,True
B2,6.0,4,153.19999999999604,16,1.5,inf,30,0.7263403967237682,1.0,0.2151811914866518,4.303623829733036,,True,0.35134039672378936,1.0,0.10383145187078618,2.0766290374157235,,True
B2,6.0,5,31.10000000000017,9,1.5,8.000000000000004,30,0.7188004544232963,0.8666666666666667,0.19636332408810714,3.9272664817621425,,True,0.39380045442331457,0.8666666666666667,0.10757918387796585,2.151583677559317,,True
B2,6.0,5,80.79999999999968,15,1.5,5.299999999999699,30,0.7031620795851384,0.8333333333333334,0.19209120204413851,3.8418240408827704,,True,0.3906620795851563,0.8333333333333334,0.10672183645746418,2.1344367291492836,,True
B2,6.0,5,86.09999999999938,16,1.5,2.7000000000003013,30,0.7039745555013074,0.8333333333333334,0.20105466289791332,4.021093257958267,,True,0.39147455550132515,0.8333333333333334,0.11180487160275389,2.236097432055078,,True
B2,6.0,5,92.09999999999904,12,1.5,2.000000000000341,30,0.5313708734321226,0.8333333333333334,0.15175916657326793,3.0351833314653587,,True,0.21887087343214032,0.8333333333333334,0.06250937527810854,1.2501875055621707,,True
B2,6.0,5,99.19999999999864,17,0.9000000000004036,0.9000000000004036,18,0.4510455874983111,0.7222222222222222,0.1288183185562533,2.576366371125066,,True,0.2885455874983203,0.7222222222222222,0.08240842708277038,1.6481685416554077,,True
B2,6.0,5,115.99999999999768,5,1.5,8.0,30,0.7070083372919318,0.8333333333333334,0.1931419303011363,3.862838606022726,,True,0.3945083372919496,0.8333333333333334,0.10777256471446202,2.1554512942892403,,True
B2,6.0,5,129.39999999999694,14,1.5,2.199999999999875,30,0.7134311646039012,0.8666666666666667,0.19489653091840226,3.8979306183680453,,True,0.3884311646039196,0.8666666666666667,0.106112390708261,2.1222478141652203,,True
B2,6.0,5,131.5999999999968,24,1.5,1.6999999999999034,30,0.6847876465030418,0.9,0.19556990429860596,3.9113980859721194,,True,0.35938577343391753,0.8666666666666667,0.10264033687497108,2.0528067374994214,,True
B2,6.0,5,133.29999999999671,18,1.5,4.100000000000222,30,0.6951450038770514,1.0,0.20747751551108687,4.149550310221738,,True,0.3326902629768134,0.8666666666666667,0.09954069391322036,1.9908138782644071,,True
B2,6.0,5,149.5999999999958,7,1.5,inf,30,0.706512776096656,0.8666666666666667,0.1930065519176161,3.8601310383523217,,True,0.38151277609667444,0.8666666666666667,0.1042224117074748,2.084448234149496,,True
B2,6.0,6,28.20000000000013,3,1.5,8.0,30,0.7242951936051871,0.8666666666666667,0.1978643877617785,3.95728775523557,,True,0.39929519360520566,0.8666666666666667,0.10908024755163725,2.181604951032745,,True
B2,6.0,6,51.100000000000456,12,1.5,8.0,30,0.6968702631610999,0.8333333333333334,0.19037239123931277,3.807447824786255,,True,0.38437026316111755,0.8333333333333334,0.10500302565263844,2.1000605130527688,,True
B2,6.0,6,67.00000000000047,11,1.5,3.799999999999784,30,0.6860457706986595,0.8333333333333334,0.18741533506550054,3.748306701310011,,True,0.37354577069867717,0.8333333333333334,0.10204596947882622,2.0409193895765245,,True
B2,6.0,6,70.80000000000025,10,1.5,4.200000000000216,30,0.6843374668988401,0.8333333333333334,0.19544632350778576,3.9089264701557154,,True,0.3718374668988579,0.8333333333333334,0.10619653221262637,2.1239306442525274,,True
B2,6.0,6,97.49999999999874,24,1.1999999999999034,1.1999999999999034,24,0.5916063513195042,0.7916666666666666,0.16161618844542755,3.232323768908551,,True,0.3541063513195178,0.7916666666666666,0.09673547059955508,1.9347094119911015,,True
B2,6.0,6,98.69999999999864,7,1.5,6.800000000000097,30,0.7289141948015728,1.0,0.20705651385863727,4.141130277172746,,True,0.35391419480159414,1.0,0.10057763241780361,2.0115526483560724,,True
B2,6.0,6,109.49999999999852,10,1.5,8.0,30,0.7443360905535134,0.8333333333333334,0.20333919946823167,4.066783989364634,,True,0.43183609055353117,0.8333333333333334,0.11796983388155742,2.3593966776311484,,True
B2,6.0,6,130.8999999999973,11,1.5,4.899999999999267,30,0.7100266130996106,0.8666666666666667,0.19396646883191127,3.8793293766382253,,True,0.3850266130996291,0.8666666666666667,0.10518232862176996,2.103646572435399,,True
B2,6.0,6,135.79999999999657,21,1.5,2.8999999999997215,30,0.7036520435999196,0.8666666666666667,0.2009625537142683,4.019251074285366,,True,0.37865204359993804,0.8666666666666667,0.1081427707673025,2.16285541534605,,True
B2,6.0,6,138.6999999999963,3,0.6,0.2000000000010118,12,0.24056022972592303,0.5833333333333334,0.06870384095025751,1.3740768190051502,,True,0.153060229725928,0.5833333333333334,0.043713899387612866,0.8742779877522573,,True
B2,6.0,7,25.000000000000085,6,1.5,3.9000000000000554,30,0.7125275709939908,0.8666666666666667,0.19464968543607838,3.892993708721568,,True,0.38752757099400925,0.8666666666666667,0.1058655452259371,2.117310904518742,,True
B2,6.0,7,28.90000000000014,16,1.5,4.099999999999945,30,0.7093933979573809,0.8666666666666667,0.20260228068436434,4.052045613687286,,True,0.3843933979573992,0.8666666666666667,0.10978249773739848,2.1956499547479695,,True
B2,6.0,7,45.400000000000375,9,1.5,4.4000000000000625,30,0.7032954764085758,0.8333333333333334,0.1921276436511404,3.8425528730228082,,True,0.3907954764085934,0.8333333333333334,0.10675827806446614,2.1351655612893228,,True
B2,6.0,7,49.80000000000044,8,1.5,3.5999999999999375,30,0.6963466953365497,0.8333333333333334,0.19887615112916673,3.977523022583335,,True,0.3838466953365676,0.8333333333333334,0.10962635983400736,2.192527196680147,,True
B2,6.0,7,74.80000000000003,7,0.7999999999998408,0.7999999999998408,16,0.3536737534945877,0.6875,0.09661729267357604,1.9323458534715208,,True,0.21617375349459553,0.6875,0.05905477181543932,1.1810954363087864,,True
B2,6.0,7,75.59999999999987,6,1.5,7.200000000000159,30,1.60465515814596,1.0,0.45683508921365285,9.136701784273058,,True,1.2296551581459814,1.0,0.3503562077728192,7.007124155456383,,True
B2,6.0,7,95.69999999999884,15,1.5,1.7999999999998977,30,0.7677518552754135,0.8333333333333334,0.20973596420114549,4.194719284022909,,True,0.4552518552754312,0.8333333333333334,0.1243665986144712,2.4873319722894243,,True
B2,6.0,7,97.49999999999874,25,1.5,2.6999999999998465,30,0.6672681686688307,1.0,0.1899558148774594,3.799116297549188,,True,0.3053929146331437,0.8666666666666667,0.08721759442163046,1.7443518884326092,,True
B2,6.0,7,100.19999999999858,13,1.5,3.500000000000256,30,0.7445514174449236,0.8333333333333334,0.22276926316808,4.4553852633616,,True,0.43205141744494135,0.8333333333333334,0.12926948181124623,2.5853896362249245,,True
B2,6.0,7,137.39999999999648,2,1.5,8.0,30,0.7079074632155041,0.8666666666666667,0.1933875552921056,3.867751105842112,,True,0.3829074632155226,0.8666666666666667,0.10460341508196432,2.0920683016392863,,True
B2,6.0,7,150.09999999999576,22,0.6,0.10000000000044906,12,0.24391104445761952,0.6666666666666666,0.06846538364379912,1.3693076728759823,,True,0.1439110444576252,0.6666666666666666,0.04037110151436632,0.8074220302873264,,True
B2,6.0,7,150.1999999999962,13,1.5,inf,30,0.71040107585813,0.9333333333333333,0.20169462506386407,4.033892501277282,,True,0.3604010758581498,0.9333333333333333,0.10220050989830377,2.0440101979660756,,True
