rate_total,seed,t_fail,w_e,gap_next,area_1.25_base,area_1.25_b2,d_area_1.25,frac_1.25_base,frac_1.25_b2,d_frac_1.25,arcom_1.25_base,arcom_1.25_b2,d_arcom_1.25,tclose_1.25_base,tclose_1.25_b2,d_tclose_1.25,cens_1.25,area_1.5_base,area_1.5_b2,d_area_1.5,frac_1.5_base,frac_1.5_b2,d_frac_1.5,arcom_1.5_base,arcom_1.5_b2,d_arcom_1.5,tclose_1.5_base,tclose_1.5_b2,d_tclose_1.5,cens_1.5
6.0,0,71.90000000000019,1.5,3.499999999999801,0.7150297997274632,0.7054101059024017,0.009619693825061448,0.8333333333333334,0.8333333333333334,0.0,3.9066649842114423,3.854106446036493,0.052558538174949376,,,,True,0.4025297997274809,0.3929101059024194,0.009619693825061448,0.8333333333333334,0.8333333333333334,0.0,2.1992776724779555,2.1467191343030056,0.05255853817494982,,,,True
6.0,0,75.39999999999999,1.5,3.1999999999998465,0.5841074356257606,0.6611658975415925,-0.07705846191583188,0.8333333333333334,0.8333333333333334,0.0,3.3364138703073856,3.7765707754923055,-0.4401569051849199,,,,True,0.2716074356257785,0.34866589754161026,-0.07705846191583177,0.8333333333333334,0.8333333333333334,0.0,1.551418044404197,1.9915749495891177,-0.4401569051849208,,,,True
6.0,0,78.59999999999984,1.3000000000003524,1.3000000000003524,0.6452249942813817,0.6266875051463264,0.018537489135055263,0.8461538461538461,0.8461538461538461,0.0,3.861017337041724,3.750089261455647,0.11092807558607687,,,,True,0.37022499428139743,0.35168750514634206,0.018537489135055374,0.8461538461538461,0.8461538461538461,0.0,2.2154211851614507,2.1044931095753734,0.11092807558607731,,,,True
6.0,0,85.29999999999943,1.3000000000004093,1.3000000000004093,0.5084117922233388,0.5736206800748083,-0.0652088878514695,0.8846153846153846,0.8076923076923077,0.07692307692307687,2.903962082728003,3.2765136626730884,-0.37255157994508536,,,,True,0.2455925475317711,0.31112068007482324,-0.06552813254305215,0.8076923076923077,0.8076923076923077,0.0,1.4028213510949357,1.77711716891441,-0.3742958178194744,,,,True
6.0,0,101.89999999999849,1.5,2.6999999999998323,0.7560455570450947,0.6967194511370476,0.0593261059080471,0.8333333333333334,0.8333333333333334,0.0,4.130760291812299,3.806623842270019,0.32413644954228005,,,,True,0.4435455570451124,0.3842194511370653,0.0593261059080471,0.8333333333333334,0.8333333333333334,0.0,2.4233729800788137,2.0992365305365337,0.32413644954228005,,,,True
6.0,0,104.59999999999832,1.3999999999999204,1.3999999999999204,0.5416277288704484,0.6233861870951706,-0.08175845822472216,1.0,0.8214285714285714,0.1785714285714286,3.0919569339267468,3.5607735740500717,-0.4688166401233249,,,,True,0.24682578035122865,0.33588618709518686,-0.08906040674395821,0.8214285714285714,0.8214285714285714,0.0,1.409865560487251,1.9185774142191383,-0.5087118537318873,,,,True
6.0,0,105.99999999999824,1.1999999999999602,1.1999999999999602,0.8154158759436795,0.5926224881729928,0.2227933877706867,1.0,1.0,0.0,4.862425431635892,3.525497237930762,1.3369281937051305,,,,True,0.5182221569584945,0.29262248817300984,0.22559966878548465,0.9166666666666666,1.0,-0.08333333333333337,3.100259029504105,1.7473013961262518,1.352957633377853,,,,True
6.0,0,107.1999999999982,1.5,2.700000000000287,0.9960417821507704,0.8206482310468545,0.17539355110391597,1.0,1.0,0.0,6.221210089645886,5.1335797310707685,1.087630358575118,,,,True,0.6210417821507918,0.44564823104687573,0.17539355110391602,1.0,1.0,0.0,3.8799755644707674,2.7923452058956526,1.0876303585751148,,,,True
6.0,0,112.69999999999833,1.299999999999912,1.299999999999912,0.008030971702047638,0.0,0.008030971702047638,0.4230769230769231,0.0,0.4230769230769231,0.048057222286362326,0.0,0.048057222286362326,,0.0,,True,0.0,0.0,0.0,0.0,0.0,0.0,0.0,0.0,0.0,0.0,0.0,0.0,False
6.0,0,121.59999999999737,1.5,7.999999999999986,0.7289682404572675,0.6372420352663618,0.09172620519090569,0.8666666666666667,0.8666666666666667,0.0,3.9828195981231813,3.481660689654627,0.5011589084685544,,,,True,0.4039682404572859,0.3133257103035576,0.0906425301537283,0.8666666666666667,0.8333333333333334,0.033333333333333326,2.207136793920354,1.7118986950790605,0.49523809884129366,,1.4999999999977973,,True
6.0,0,132.39999999999677,1.5,1.899999999999892,0.4718271275269741,0.6219362898240356,-0.1501091622970615,0.8666666666666667,0.8666666666666667,0.0,2.577893282788027,3.3980356158471006,-0.8201423330590734,,,,True,0.1485268108966857,0.29693628982405407,-0.14840947892736836,0.8,0.8666666666666667,-0.06666666666666665,0.8114969356072138,1.622352811644274,-0.8108558760370602,1.4499999999993776,,,True
6.0,0,134.29999999999666,1.5,6.100000000000108,0.6696428746312573,0.5791807614624385,0.0904621131688188,1.0,1.0,0.0,3.822381823783052,3.302382471756147,0.5199993520269048,,,,True,0.3341360875964408,0.23110453957932786,0.10303154801711295,0.8666666666666667,0.8333333333333334,0.033333333333333326,1.9085808692585717,1.320066043188488,0.5885148260700837,,1.4999999999999574,,True
6.0,0,141.29999999999671,0.9999999999999432,0.9999999999999432,0.471613363594163,0.5297776286258749,-0.05816426503171185,0.75,0.75,0.0,2.6938492334585353,3.026082738413218,-0.3322335049546825,,,,True,0.28411336359417366,0.3422776286258855,-0.05816426503171185,0.75,0.75,0.0,1.622851737916622,1.955085242871305,-0.33223350495468296,,,,True
6.0,1,24.100000000000072,1.5,8.0,0.7173800692110849,0.7094886454370751,0.007891423774009754,0.8666666666666667,0.8666666666666667,0.0,3.9195060091570104,3.876390115322588,0.04311589383442227,,,,True,0.3923800692111033,0.3844886454370936,0.007891423774009698,0.8666666666666667,0.8666666666666667,0.0,2.1438232049541854,2.100707311119763,0.04311589383442227,,,,True
6.0,1,32.20000000000019,1.5,2.10000000000003,0.707187415522922,0.7919183486207421,-0.0847309330978201,0.8333333333333334,0.8333333333333334,0.0,3.863817024900806,4.326756289165015,-0.46293926426420917,,,,True,0.39468741552293957,0.4794183486207598,-0.08473093309782026,0.8333333333333334,0.8333333333333334,0.0,2.1564297131673182,2.619368977431529,-0.46293926426421095,,,,True
6.0,1,34.30000000000022,1.5,4.4000000000000625,0.6961854162093329,0.7202130060992709,-0.024027589889937917,1.0,1.0,0.0,3.9715617879147307,4.110588149845749,-0.13902636193101836,,,,True,0.36339120903502825,0.39459056930792885,-0.0311993602729006,0.8333333333333334,0.8333333333333334,0.0,2.075685732151924,2.2538960612974615,-0.17821032914553747,,,,True
6.0,1,38.70000000000028,1.4999999999999076,1.4999999999999076,0.8392625411409187,0.7521566779818839,0.08710586315903479,0.8333333333333334,0.8333333333333334,0.0,5.0221353022503115,4.500895035993126,0.5212402662571858,,,,True,0.5267625411409365,0.4396566779819017,0.08710586315903474,0.8333333333333334,0.8333333333333334,0.0,3.1521396751136344,2.6308994088564503,0.521240266257184,,,,True
6.0,1,40.400000000000304,1.5,1.8999999999999133,0.6439619707907944,0.7937720079143608,-0.14981003712356633,1.0,1.0,0.0,3.8216883683296663,4.728160149863886,-0.9064717815342194,,,,True,0.2689619707908157,0.41877200791438207,-0.1498100371235664,1.0,1.0,0.0,1.5946935760123548,2.5011653575465713,-0.9064717815342165,,,,True
6.0,1,60.9000000000006,1.5,3.2000000000000313,0.7069499787265405,0.6961880265296094,0.010761952196931102,0.8333333333333334,0.8333333333333334,0.0,3.86251975586567,3.8037203298479945,0.058799426017675405,,,,True,0.3944499787265584,0.3836880265296271,0.010761952196931324,0.8333333333333334,0.8333333333333334,0.0,2.1551324441321835,2.0963330181145086,0.05879942601767496,,,,True
6.0,1,64.10000000000063,1.5,4.799999999999969,0.6228187298707062,0.6827506410054773,-0.05993191113477114,0.9,0.8333333333333334,0.06666666666666665,3.557522489928747,3.8998625418482344,-0.34234005191948746,,,,True,0.31027936549300095,0.37025064100549515,-0.059971275512494204,0.8333333333333334,0.8333333333333334,0.0,1.7723115912605716,2.114866715945047,-0.34255512468447535,,,,True
6.0,1,82.8999999999998,1.5,4.799999999999486,0.6673496753409163,0.6877497139702733,-0.02040003862935702,0.8666666666666667,0.8666666666666667,0.0,3.6461579781331412,3.7576164328999866,-0.11145845476684535,,,,True,0.3423496753409348,0.3627497139702918,-0.02040003862935702,0.8666666666666667,0.8666666666666667,0.0,1.8704751739303151,1.9819336286971603,-0.11145845476684513,,,,True
6.0,1,87.69999999999929,1.5,3.2000000000005144,0.9180785892030872,0.7016638853759279,0.21641470382715922,0.8333333333333334,0.8333333333333334,0.0,5.244052638651818,4.007894741065973,1.2361578975858443,,,,True,0.6055785892031048,0.3891638853759459,0.21641470382715894,0.8333333333333334,0.8333333333333334,0.0,3.4590568127486305,2.222898915162785,1.2361578975858456,,,,True
6.0,1,91.99999999999892,0.6,0.20000000000011653,0.20427217678259615,0.24030620428587357,-0.036034027503277416,1.0,0.5833333333333334,0.41666666666666663,1.1863270445038951,1.3985036053369067,-0.2121765608330115,,,,True,0.10869522871578753,0.1528062042858785,-0.04411097557009096,0.5833333333333334,0.5833333333333334,0.0,0.6321987054331967,0.8885047979359959,-0.25630609250279923,,,,True
6.0,1,92.19999999999904,1.5,3.5000000000002416,0.6584002510159639,0.7976655754441073,-0.13926532442814343,1.0,0.9666666666666667,0.033333333333333326,3.9075579281354926,4.7337342831276406,-0.8261763549921479,,,,True,0.2950009073388054,0.435165575444128,-0.14016466810532258,0.9666666666666667,0.9666666666666667,0.0,1.7470492793077386,2.578139323846454,-0.8310900445387153,,,,True
6.0,1,106.49999999999812,1.5,8.0,0.6358020289093715,0.6099718737749806,0.02583015513439091,0.8333333333333334,0.8333333333333334,0.0,3.6316926966530296,3.484151195541598,0.14754150111143183,,,,True,0.32330202890938925,0.29747187377499823,0.02583015513439102,0.8333333333333334,0.8333333333333334,0.0,1.846696870749841,1.6991553696384096,0.14754150111143138,,,,True
6.0,1,106.49999999999856,1.5,7.9999999999995595,0.6358020289093715,0.6099718737749806,0.02583015513439091,0.8333333333333334,0.8333333333333334,0.0,3.6316926966530296,3.484151195541598,0.14754150111143183,,,,True,0.32330202890938925,0.29747187377499823,0.02583015513439102,0.8333333333333334,0.8333333333333334,0.0,1.846696870749841,1.6991553696384096,0.14754150111143138,,,,True
6.0,1,115.19999999999771,1.5,8.0,0.7408762982962842,0.8723496481569196,-0.1314733498606354,0.8333333333333334,0.8333333333333334,0.0,4.047880932080707,4.766203906106816,-0.7183229740261092,,,,True,0.428376298296302,0.5598496481569375,-0.13147334986063547,0.8333333333333334,0.8333333333333334,0.0,2.340493620347222,3.0588165943733308,-0.7183229740261088,,,,True
6.0,1,125.69999999999791,1.5,8.000000000000028,0.6282776125105985,0.6825850843645548,-0.054307471853956235,0.8666666666666667,0.8666666666666667,0.0,3.4326823163099656,3.729398759112443,-0.29671644280247733,,,,True,0.3032776125106169,0.3575850843645733,-0.0543074718539564,0.8666666666666667,0.8666666666666667,0.0,1.65699951210714,1.9537159549096164,-0.29671644280247644,,,,True
6.0,1,149.89999999999577,1.5,1.7999999999998977,0.694070422294567,0.6985437312226571,-0.0044733089280901694,0.8666666666666667,0.8666666666666667,0.0,3.7921505039210035,3.8165910508179164,-0.024440546896912885,,,,True,0.3690704222945855,0.3735437312226753,-0.004473308928089836,0.8666666666666667,0.8666666666666667,0.0,2.0164676997181776,2.0409082466150905,-0.024440546896912885,,,,True
6.0,1,151.69999999999567,1.5,inf,0.6897304236139153,0.7182160230146468,-0.028485599400731476,1.0,1.0,0.0,3.931008264918829,4.096104572846086,-0.1650963079272567,,,,True,0.32960741692612694,0.36770433547900155,-0.038096918552874615,0.8666666666666667,0.8666666666666667,0.0,1.882713162879689,2.100322252788996,-0.21760908990930727,,,,True
6.0,2,38.70000000000028,1.5,1.6000000000000227,0.7085269039072202,0.7023482386365519,0.006178665270668238,0.8333333333333334,0.8333333333333334,0.0,3.871135506409815,3.837377507412734,0.033757998997081096,,,,True,0.396026903907238,0.3898482386365698,0.006178665270668182,0.8333333333333334,0.8333333333333334,0.0,2.163748194676329,2.129990195679248,0.03375799899708065,,,,True
6.0,2,40.3000000000003,1.5,6.399999999999977,0.6784298833172566,0.6886110950578573,-0.010181211740600715,1.0,1.0,0.0,3.8578496849962827,3.918815324190642,-0.060965639194359156,,,,True,0.30394357754144036,0.31951210243861283,-0.015568524897172475,0.9666666666666667,0.9,0.06666666666666665,1.7341830367478237,1.8245830123513547,-0.09039997560353097,,,,True
6.0,2,65.30000000000057,1.2999999999998124,1.2999999999998124,0.622292102498326,0.6103861280104412,0.011905974487884774,0.8076923076923077,0.8076923076923077,0.0,3.3999796479925006,3.3349296967142985,0.06504995127820212,,,,True,0.359792102498341,0.3478861280104562,0.011905974487884774,0.8076923076923077,0.8076923076923077,0.0,1.9657743061363722,1.900724354858169,0.06504995127820323,,,,True
6.0,2,66.60000000000038,1.5,3.3999999999999204,0.7145863891505313,0.7274888760656886,-0.012902486915157274,1.0,1.0,0.0,4.0570959205715775,4.132400364133307,-0.0753044435617296,,,,True,0.3395863891505528,0.35248887606571006,-0.012902486915157274,1.0,1.0,0.0,1.9306226323216926,2.005927075883422,-0.07530444356172938,,,,True
6.0,2,70.0000000000003,1.5,3.300000000000267,0.5550476180633219,0.6804301033802327,-0.12538248531691076,1.0,0.8333333333333334,0.16666666666666663,3.3139641598433256,4.071684217258442,-0.7577200574151162,,,,True,0.21538350172504367,0.3679301033802504,-0.15254660165520673,0.8,0.8333333333333334,-0.033333333333333326,1.2888518604263663,2.201688590121768,-0.9128367296954019,1.499999999997783,,,True
6.0,2,95.19999999999888,1.5,6.199999999999633,0.6594969138458099,0.6867577301720802,-0.02726081632627031,0.8333333333333334,0.8333333333333334,0.0,3.603253321048934,3.7521965911384485,-0.14894327008951436,,,,True,0.34699691384582765,0.3742577301720979,-0.027260816326270254,0.8333333333333334,0.8333333333333334,0.0,1.8958660093154478,2.0448092794049626,-0.1489432700895148,,,,True
6.0,2,101.39999999999851,1.5,1.8000000000003666,0.635011289705389,0.6786382318697727,-0.043626942164383675,0.8333333333333334,0.8333333333333334,0.0,3.6271760048818713,3.8763725157949884,-0.24919651091311712,,,,True,0.32251128970540693,0.36613823186979033,-0.0436269421643834,0.8333333333333334,0.8333333333333334,0.0,1.8421801789786838,2.091376689891801,-0.24919651091311712,,,,True
6.0,2,106.8999999999982,1.5,2.5000000000003126,1.0583802691223723,0.7271960315741495,0.3311842375482228,0.8333333333333334,0.8333333333333334,0.0,6.045453960325876,4.153734019114542,1.891719941211334,,,,True,0.74588026912239,0.4146960315741672,0.33118423754822285,0.8333333333333334,0.8333333333333334,0.0,4.26045813442269,2.368738193211353,1.8917199412113366,,,,True
6.0,2,110.99999999999842,1.5,3.8999999999997783,0.714952651603854,0.7645875497017236,-0.049634898097869584,1.0,0.8333333333333334,0.16666666666666663,4.0820772790375965,4.367313871216646,-0.2852365921790492,,,,True,0.39551592387651124,0.45208754970174136,-0.05657162582523012,0.8333333333333334,0.8333333333333334,0.0,2.2591816742331425,2.5823180453134578,-0.32313637108031523,,,,True
6.0,2,115.49999999999773,1.5,3.5000000000006963,0.7266646988933898,0.8376649172570941,-0.11100021836370433,1.0,0.8333333333333334,0.16666666666666663,4.149444677931223,4.784730818590523,-0.6352861406593,,,,True,0.40911380329696706,0.5251649172571118,-0.11605111396014473,0.8333333333333334,0.8333333333333334,0.0,2.336852579854421,2.9997349926873342,-0.6628824128329134,,,,True
6.0,2,134.79999999999663,1.5,8.0,0.7346532735216084,0.6492126247850138,0.08544064873659452,0.8620689655172413,0.8620689655172413,0.0,4.013880568749873,3.5470636741606034,0.4668168945892699,,,,True,0.4221532735216259,0.3367126247850318,0.08544064873659413,0.8620689655172413,0.8620689655172413,0.0,2.3064932570163874,1.8396763624271162,0.4668168945892712,,,,True
6.0,2,147.89999999999588,1.5,inf,0.7250958447327162,0.6793385910395375,0.04575725369317862,0.8666666666666667,0.8666666666666667,0.0,3.9616622242796278,3.711661090278003,0.2500011340016246,,,,True,0.40009584473273474,0.35433859103955606,0.04575725369317868,0.8666666666666667,0.8666666666666667,0.0,2.185979420076803,1.935978286075177,0.2500011340016257,,,,True
6.0,3,27.900000000000126,1.5,1.8000000000000256,0.6753703537509025,0.6048397291463835,0.07053062460451898,0.8666666666666667,0.8666666666666667,0.0,3.6899800726890004,3.3046261733661195,0.3853538993228809,,,,True,0.35037035375092096,0.2805700084738552,0.06980034527706575,0.8666666666666667,0.8333333333333334,0.033333333333333326,1.914297268486174,1.532933352067981,0.381363916418193,,1.450000000000152,,True
6.0,3,29.700000000000152,1.5,6.199999999999974,1.2727873000709742,0.9502224581459497,0.32256484192502444,1.0,1.0,0.0,7.261204726334577,5.423199828438541,1.8380048978960355,,,,True,0.9117920108976334,0.6072711405882683,0.30452087030936514,0.8666666666666667,0.8666666666666667,0.0,5.208143787341583,3.468724643653088,1.7394191436884947,,,,True
6.0,3,36.80000000000025,0.8999999999998991,0.8999999999998991,0.399153632612089,0.4728414324290547,-0.07368779981696566,0.7222222222222222,0.7222222222222222,0.0,2.279960217941487,2.700863946239986,-0.42090372829849887,,,,True,0.23665363261209826,0.31034143242906387,-0.0736877998169656,0.7222222222222222,0.7222222222222222,0.0,1.351762388471829,1.7726661167703281,-0.4209037282984991,,,,True
6.0,3,48.2000000000003,1.5,3.200000000000159,0.6398586905760593,0.7027568972545719,-0.06289820667851265,0.8333333333333334,0.8333333333333334,0.0,3.495957150694491,3.8396102707382957,-0.3436531200438049,,,,True,0.32735869057607697,0.3902568972545897,-0.0628982066785127,0.8333333333333334,0.8333333333333334,0.0,1.788569838961004,2.13222295900481,-0.34365312004380577,,,,True
6.0,3,51.40000000000046,1.5,4.799999999999841,0.677594167848996,0.703238941334815,-0.02564477348581906,0.8333333333333334,0.8333333333333334,0.0,3.870408836053989,4.016891439664942,-0.146482603610953,,,,True,0.3650941678490138,0.39073894133483306,-0.025644773485819283,0.8333333333333334,0.8333333333333334,0.0,2.0854130101508006,2.231895613761753,-0.14648260361095256,,,,True
6.0,3,56.20000000000053,1.5,3.199999999999932,1.0398427173127696,0.7987550109711036,0.24108770634166599,0.8333333333333334,0.8333333333333334,0.0,5.939567711997534,4.562477953608823,1.3770897583887107,,,,True,0.7273427173127871,0.4862550109711212,0.24108770634166587,0.8333333333333334,0.8333333333333334,0.0,4.154571886094347,2.7774821277056354,1.3770897583887116,,,,True
6.0,3,65.20000000000057,1.5,3.499999999999801,0.9074845646028281,0.8495092526605846,0.05797531194224348,0.8333333333333334,0.8333333333333334,0.0,4.958168419830219,4.641412221417475,0.31675619841274383,,,,True,0.5949845646028458,0.5370092526606024,0.05797531194224337,0.8333333333333334,0.8333333333333334,0.0,3.2507811080967346,2.93402490968399,0.3167561984127447,,,,True
6.0,3,68.70000000000037,1.5,4.500000000000199,0.5222762744709083,0.6244652665766801,-0.10218899210577181,1.0,0.8333333333333334,0.16666666666666663,2.9804780698553133,3.5669372616350707,-0.5864591917797575,,,,True,0.19993399751244398,0.31196526657669776,-0.11203126906425379,0.8,0.8333333333333334,-0.033333333333333326,1.1420203232507888,1.7819414357318828,-0.639921112481094,1.499999999997783,,,True
6.0,3,77.99999999999962,1.5,8.0,0.8148163677863094,0.8053376460044227,0.00947872178188669,0.8333333333333334,0.8333333333333334,0.0,4.451862808803806,4.4000744910379,0.0517883177659062,,,,True,0.5023163677863272,0.4928376460044405,0.009478721781886634,0.8333333333333334,0.8333333333333334,0.0,2.74447549707032,2.6926871793044134,0.051788317765906644,,,,True
6.0,3,91.59999999999896,1.2000000000000455,1.2000000000000455,0.6337382004319075,0.5937557427411327,0.0399824576907748,0.7916666666666666,0.7916666666666666,0.0,3.462516999610602,3.2440672685605114,0.2184497310500908,,,,True,0.396238200431921,0.3562557427411463,0.039982457690774686,0.7916666666666666,0.7916666666666666,0.0,2.164902642693152,1.9464529116430616,0.21844973105009058,,,,True
6.0,3,92.799999999999,1.5,6.599999999999639,0.7486983371951897,0.7124551949183826,0.03624314227680714,1.0,1.0,0.0,4.245867181793331,4.042138210955642,0.20372897083768926,,,,True,0.3736983371952111,0.3374551949184039,0.036243142276807194,1.0,1.0,0.0,2.119393893543446,1.9156649227057556,0.20372897083769037,,,,True
6.0,3,99.39999999999864,0.6,0.20000000000031548,0.36706363414490867,0.2659442278123395,0.10111940633256916,0.5833333333333334,0.5833333333333334,0.0,2.096662575326576,1.51906987701792,0.5775926983086559,,,,True,0.27956363414491364,0.17844422781234445,0.10111940633256919,0.5833333333333334,0.5833333333333334,0.0,1.5968637440736826,1.0192710457650271,0.5775926983086555,,,,True
6.0,3,101.09999999999852,1.5,2.399999999999878,0.9389432727964254,0.8640658239941417,0.07487744880228375,1.0,1.0,0.0,5.321133010723011,4.916357085775911,0.40477592494709924,,,,True,0.563943272796447,0.48906582399416293,0.07487744880228403,1.0,1.0,0.0,3.194659722473122,2.789883797526023,0.4047759249470988,,,,True
6.0,3,103.4999999999984,1.5,3.9000000000002473,0.6194271024992376,0.709306172134924,-0.08987906963568637,0.8333333333333334,0.8333333333333334,0.0,3.706643113611459,4.2444782086189985,-0.5378350950075395,,,,True,0.3069271024992554,0.39680617213494174,-0.08987906963568632,0.8333333333333334,0.8333333333333334,0.0,1.8366474864747853,2.374482581482324,-0.5378350950075388,,,,True
6.0,3,107.99999999999814,1.100000000000378,1.100000000000378,0.6825461569352522,0.5777459883636046,0.10480016857164764,0.7727272727272727,0.7727272727272727,0.0,4.084346652121399,3.4572239098744273,0.6271227422469714,,,,True,0.47004615693526425,0.36524598836361666,0.10480016857164759,0.7727272727272727,0.7727272727272727,0.0,2.8127496256684603,2.185626883421489,0.6271227422469714,,,,True
6.0,3,111.39999999999829,0.6,0.100000000000108,0.26590982893918597,0.2276134008350255,0.03829642810416048,1.0,0.5833333333333334,0.41666666666666663,1.5137873451346184,1.300124705312554,0.21366263982206446,,,,True,0.13590221399829025,0.14011340083503046,-0.0042111868367402105,0.5833333333333334,0.5833333333333334,0.0,0.7762716310974849,0.800325874059661,-0.024054242962176176,,,,True
6.0,3,121.89999999999723,1.5,8.000000000000014,0.864554608903351,0.8156221091904763,0.04893249971287472,0.8333333333333334,0.8333333333333334,0.0,4.723614622535589,4.456265089283848,0.2673495332517408,,,,True,0.5520546089033685,0.503122109190494,0.0489324997128745,0.8333333333333334,0.8333333333333334,0.0,3.016227310802104,2.7488777775503626,0.26734953325174127,,,,True
6.0,3,132.99999999999676,0.6,0.09999999999999432,0.24046755420850469,0.24236391340158492,-0.0018963591930802326,0.6666666666666666,0.6666666666666666,0.0,1.3568991801253314,1.3675572918913261,-0.010658111765994738,,,,True,0.14046755420851037,0.1423639134015906,-0.0018963591930802326,0.6666666666666666,0.6666666666666666,0.0,0.791909196969887,0.8025673087358818,-0.010658111765994738,,,,True
6.0,3,133.09999999999675,1.5,7.899999999999977,0.6646909937908081,0.7123280434304707,-0.04763704963966264,0.9333333333333333,0.9333333333333333,0.0,3.780057800620527,4.05198612525399,-0.2719283246334627,,,,True,0.3146909937908279,0.3623280434304905,-0.04763704963966264,0.9333333333333333,0.9333333333333333,0.0,1.7870711567425313,2.0589994813759955,-0.2719283246334643,,,,True
6.0,3,140.99999999999673,0.6,0.10000000000002274,0.3090680397173635,0.31736358578047535,-0.008295546063111836,0.5833333333333334,0.5833333333333334,0.0,1.6886363183225526,1.73396019061714,-0.04532387229458745,,,,True,0.22156803971736852,0.22986358578048038,-0.008295546063111864,0.5833333333333334,0.5833333333333334,0.0,1.2105678710371763,1.255891743331764,-0.045323872294587675,,,,True
6.0,3,150.39999999999574,1.5,1.6999999999997897,0.7556005848928127,0.7264166619707932,0.029183922922019434,0.8666666666666667,0.8666666666666667,0.0,4.12832912443028,3.968878693378546,0.1594504310517344,,,,True,0.4306005848928311,0.4014166619708117,0.02918392292201938,0.8666666666666667,0.8666666666666667,0.0,2.3526463202274557,2.193195889175721,0.15945043105173484,,,,True
6.0,3,152.09999999999553,1.5,inf,0.5020243064905067,0.6210320187818571,-0.11900771229135043,1.0,1.0,0.0,2.85218853581962,3.5368857427152385,-0.6846972068956183,,,,True,0.13553485567801432,0.26649066913997577,-0.13095581346196145,0.7666666666666667,0.8333333333333334,-0.06666666666666665,0.773513854210003,1.5221911425825017,-0.7486772883724987,1.3000000000050846,,,True
6.0,4,21.400000000000038,1.5,8.0,0.7682697051793971,0.7372786634921202,0.030991041687276843,0.8666666666666667,0.8666666666666667,0.0,4.197548629160331,4.028224752826689,0.16932387633364243,,,,True,0.4432697051794155,0.4122786634921387,0.030991041687276788,0.8666666666666667,0.8666666666666667,0.0,2.4218658249575054,2.2525419486238625,0.16932387633364288,,,,True
6.0,4,45.10000000000037,1.5,8.0,0.7122550402734477,0.7061828339269457,0.006072206346501963,0.8333333333333334,0.8333333333333334,0.0,3.891504699139766,3.8583283533149793,0.03317634582478668,,,,True,0.3997550402734655,0.39368283392696346,0.006072206346502018,0.8333333333333334,0.8333333333333334,0.0,2.1841173874062796,2.150941041581493,0.03317634582478668,,,,True
6.0,4,63.20000000000063,1.5,5.499999999999744,0.7123016676592913,0.70909260092062,0.0032090667386712735,0.8333333333333334,0.8333333333333334,0.0,3.8917594543620653,3.874226270899303,0.017533183462762114,,,,True,0.399801667659309,0.3965926009206379,0.003209066738671107,0.8333333333333334,0.8333333333333334,0.0,2.18437214262858,2.1668389591658164,0.017533183462763446,,,,True
6.0,4,68.70000000000037,1.5,2.2999999999998693,0.6793377637652825,0.7089828023491305,-0.029645038583847927,0.8333333333333334,0.8333333333333334,0.0,3.8803682326384163,4.049700297057331,-0.1693320644189149,,,,True,0.3668377637653004,0.39648280234914834,-0.029645038583847927,0.8333333333333334,0.8333333333333334,0.0,2.095372406735229,2.264704471154144,-0.16933206441891535,,,,True
6.0,4,71.00000000000024,0.6,0.20000000000038654,0.46012125384978186,0.36422475483255284,0.09589649901722902,1.0,0.75,0.25,2.628206456099998,2.0804469346136214,0.5477595214863764,,,,True,0.3557935516711611,0.2755560000226889,0.08023755164847224,0.5833333333333334,0.5833333333333334,0.0,2.032288014772255,1.5739721914979428,0.4583158232743121,,,,True
6.0,4,71.90000000000019,1.5,4.800000000000182,2.4963496807742143,1.869584416935716,0.6267652638384982,1.0,1.0,0.0,14.864164211289076,11.131982966535489,3.732181244753587,,,,True,2.1213496807742356,1.4945844169357378,0.6267652638384977,1.0,1.0,0.0,12.637169418971762,8.904988174218174,3.7321812447535887,,,,True
6.0,4,83.89999999999951,1.5,8.000000000000014,0.3834313865161731,0.5396759518879071,-0.15624456537173398,0.8333333333333334,0.8333333333333334,0.0,2.094930829626014,2.9485947926436995,-0.8536639630176857,,,,True,0.09343427269015409,0.2274249839698115,-0.13399071127965742,0.6,0.8,-0.20000000000000007,0.5104911733511187,1.2425681024040622,-0.7320769290529435,1.1999999999978002,1.499999999997783,-0.29999999999998295,False
6.0,4,106.29999999999824,1.5,8.0,0.7833641169672275,0.7664834615995848,0.016880655367642716,0.8333333333333334,0.8333333333333334,0.0,4.280019052087125,4.1877892383640525,0.0922298137230726,,,,True,0.4708641169672453,0.4539834615996025,0.016880655367642772,0.8333333333333334,0.8333333333333334,0.0,2.5726317403536396,2.480401926630566,0.09222981372307348,,,,True
6.0,4,116.59999999999764,1.199999999999946,1.199999999999946,0.5495395346076836,0.5797938448438853,-0.03025431023620173,0.7916666666666666,0.7916666666666666,0.0,3.0024858517924393,3.1677844931445747,-0.16529864135213534,,,,True,0.312039534607697,0.34229384484389874,-0.03025431023620173,0.7916666666666666,0.7916666666666666,0.0,1.704871494874989,1.8701701362271248,-0.1652986413521358,,,,True
6.0,4,117.79999999999758,1.5,6.599999999999625,0.8466034355536532,0.7776370203598504,0.06896641519380287,1.0,1.0,0.0,4.810072430412484,4.415731230062045,0.3943412003504392,,,,True,0.47160343555367457,0.4026370203598717,0.06896641519380287,1.0,1.0,0.0,2.683599142162598,2.2892579418121604,0.39434120035043785,,,,True
6.0,4,124.3999999999972,0.6,0.20000000000042917,0.2555336818099506,0.26908210108338626,-0.013548419273435641,0.5833333333333334,0.5833333333333334,0.0,1.4596049773070772,1.5369933672292224,-0.07738838992214525,,,,True,0.16803368180995557,0.18158210108339123,-0.013548419273435669,0.5833333333333334,0.5833333333333334,0.0,0.959806146054184,1.0371945359763293,-0.07738838992214525,,,,True
6.0,4,137.59999999999692,1.5,3.099999999999824,0.6843183518699022,0.6384981397757853,0.04582021209411691,0.8333333333333334,0.8333333333333334,0.0,3.7388687077411475,3.4885235917397495,0.2503451160013981,,,,True,0.37181835186992007,0.32599813977580316,0.04582021209411691,0.8333333333333334,0.8333333333333334,0.0,2.031481396007661,1.7811362800062631,0.2503451160013981,,,,True
6.0,4,140.69999999999675,0.6,0.49999999999954525,0.22377521883916363,0.22032354307815433,0.0034516757610092985,0.9166666666666666,0.5833333333333334,0.33333333333333326,1.2781070292806753,1.2584851351767343,0.019621894103940996,,,,True,0.13589658875449392,0.1328235430781593,0.0030730456763346237,0.5833333333333334,0.5833333333333334,0.0,0.7762394997800572,0.7586863039238413,0.017553195856215953,,,,True
6.0,4,141.1999999999963,1.5,4.400000000000631,1.060161316374862,0.7383340385009056,0.3218272778739564,1.0,1.0,0.0,6.309936762441222,4.384518429012857,1.9254183334283645,,,,True,0.6851613163748834,0.3633340385009268,0.3218272778739566,1.0,1.0,0.0,4.079541978074569,2.154123644646204,1.9254183334283645,,,,True
6.0,4,152.7999999999955,0.6,0.100000000000108,0.22413961750263992,0.22215372218537544,0.00198589531726448,0.5833333333333334,0.5833333333333334,0.0,1.2737235725374205,1.2609298756739085,0.01279369686351206,,,,True,0.13663961750264492,0.1346537221853804,0.0019858953172645077,0.5833333333333334,0.5833333333333334,0.0,0.7770290818513158,0.7642353849878035,0.012793696863512283,,,,True
6.0,4,152.8999999999956,0.6,0.3000000000004377,0.2840905462061719,0.2800422311448244,0.004048315061347507,0.75,0.75,0.0,1.62368521861235,1.5988992831785,0.024785935433849993,,,,True,0.17159054620617833,0.1675422311448308,0.004048315061347535,0.75,0.75,0.0,0.9807910698046507,0.9560051343708008,0.02478593543384988,,,,True
6.0,4,153.19999999999604,1.5,inf,0.7174138093333144,0.7263403967237682,-0.00892658739045371,1.0,1.0,0.0,4.248446796351548,4.303623829733036,-0.05517703338148827,,,,True,0.3424138093333359,0.35134039672378936,-0.008926587390453489,1.0,1.0,0.0,2.021452004034236,2.0766290374157235,-0.055177033381487384,,,,True
6.0,5,31.10000000000017,1.5,8.000000000000004,0.7214258493243657,0.7188004544232963,0.002625394901069389,0.8666666666666667,0.8666666666666667,0.0,3.941610692777746,3.9272664817621425,0.01434421101560357,,,,True,0.3964258493243842,0.39380045442331457,0.002625394901069611,0.8666666666666667,0.8666666666666667,0.0,2.16592788857492,2.151583677559317,0.014344211015602681,,,,True
6.0,5,80.79999999999968,1.5,5.299999999999699,0.7054717149624361,0.7031620795851384,0.0023096353772976697,0.8333333333333334,0.8333333333333334,0.0,3.854443055724142,3.8418240408827704,0.012619014841371623,,,,True,0.3929717149624539,0.3906620795851563,0.002309635377297614,0.8333333333333334,0.8333333333333334,0.0,2.147055743990656,2.1344367291492836,0.012619014841372511,,,,True
6.0,5,86.09999999999938,1.5,2.7000000000003013,0.9776679821818596,0.7039745555013074,0.2736934266805522,0.8333333333333334,0.8333333333333334,0.0,5.584426455404521,4.021093257958267,1.563333197446254,,,,True,0.6651679821818772,0.39147455550132515,0.2736934266805521,0.8333333333333334,0.8333333333333334,0.0,3.7994306295013307,2.236097432055078,1.5633331974462528,,,,True
6.0,5,92.09999999999904,1.5,2.000000000000341,0.725633321627743,0.5313708734321226,0.19426244819562033,0.8333333333333334,0.8333333333333334,0.0,4.144807840773957,3.0351833314653587,1.1096245093085986,,,,True,0.41313332162776084,0.21887087343214032,0.19426244819562052,0.8333333333333334,0.8333333333333334,0.0,2.3598120148707684,1.2501875055621707,1.1096245093085977,,,,True
6.0,5,99.19999999999864,0.9000000000004036,0.9000000000004036,0.3526712977979532,0.4510455874983111,-0.09837428970035789,0.7222222222222222,0.7222222222222222,0.0,2.014453742352778,2.576366371125066,-0.561912628772288,,,,True,0.19017129779796246,0.2885455874983203,-0.09837428970035786,0.7222222222222222,0.7222222222222222,0.0,1.0862559128831195,1.6481685416554077,-0.5619126287722882,,,,True
6.0,5,115.99999999999768,1.5,8.0,0.7674558782737673,0.7070083372919318,0.06044754098183547,0.8333333333333334,0.8333333333333334,0.0,4.193102172415947,3.862838606022726,0.33026356639322074,,,,True,0.454955878273785,0.3945083372919496,0.06044754098183536,0.8333333333333334,0.8333333333333334,0.0,2.485714860682461,2.1554512942892403,0.33026356639322074,,,,True
6.0,5,129.39999999999694,1.5,2.199999999999875,0.6825148395792462,0.7134311646039012,-0.030916325024655023,0.8666666666666667,0.8666666666666667,0.0,3.729014966935958,3.8979306183680453,-0.16891565143208753,,,,True,0.35751483957926466,0.3884311646039196,-0.03091632502465491,0.8666666666666667,0.8666666666666667,0.0,1.953332162733132,2.1222478141652203,-0.16891565143208842,,,,True
6.0,5,131.5999999999968,1.5,1.6999999999999034,0.6955747968440072,0.6847876465030418,0.010787150340965446,1.0,0.9,0.09999999999999998,3.9712996142534456,3.9113980859721194,0.05990152828132622,,,,True,0.3632691613484015,0.35938577343391753,0.003883387914483949,0.8666666666666667,0.8666666666666667,0.0,2.074988597396116,2.0528067374994214,0.022181859896694522,,,,True
6.0,5,133.29999999999671,1.5,4.100000000000222,0.614079757433956,0.6951450038770514,-0.08106524644309532,1.0,1.0,0.0,3.663048614438611,4.149550310221738,-0.48650169578312674,,,,True,0.24662681412920665,0.3326902629768134,-0.08606344884760678,0.9,0.8666666666666667,0.033333333333333326,1.4757625171082467,1.9908138782644071,-0.5150513611561605,,,,True
6.0,5,149.5999999999958,1.5,inf,0.7861226907193892,0.706512776096656,0.07960991462273326,0.8666666666666667,0.8666666666666667,0.0,4.295090904320476,3.8601310383523217,0.4349598659681546,,,,True,0.46112269071940776,0.38151277609667444,0.07960991462273331,0.8666666666666667,0.8666666666666667,0.0,2.5194081001176505,2.084448234149496,0.4349598659681546,,,,True
6.0,6,28.20000000000013,1.5,8.0,0.8091771274905585,0.7242951936051871,0.08488193388537135,0.8666666666666667,0.8666666666666667,0.0,4.421052033351703,3.95728775523557,0.4637642781161331,,,,True,0.4841771274905769,0.39929519360520566,0.08488193388537124,0.8666666666666667,0.8666666666666667,0.0,2.645369229148878,2.181604951032745,0.4637642781161331,,,,True
6.0,6,51.100000000000456,1.5,8.0,0.7224177524899021,0.6968702631610999,0.025547489328802242,0.8333333333333334,0.8333333333333334,0.0,3.9470300939915233,3.807447824786255,0.13958226920526817,,,,True,0.40991775248991974,0.38437026316111755,0.025547489328802186,0.8333333333333334,0.8333333333333334,0.0,2.239642782258037,2.1000605130527688,0.13958226920526817,,,,True
6.0,6,67.00000000000047,1.5,3.799999999999784,0.625459166953641,0.6860457706986595,-0.06058660374501845,0.8333333333333334,0.8333333333333334,0.0,3.4172833461251306,3.748306701310011,-0.33102335518488024,,,,True,0.31295916695365883,0.37354577069867717,-0.06058660374501834,0.8333333333333334,0.8333333333333334,0.0,1.7098960343916445,2.0409193895765245,-0.33102335518488,,,,True
6.0,6,70.80000000000025,1.5,4.200000000000216,0.948270326650518,0.6843374668988401,0.2639328597516779,0.8333333333333334,0.8333333333333334,0.0,5.4165074396772,3.9089264701557154,1.5075809695214843,,,,True,0.6357703266505357,0.3718374668988579,0.2639328597516778,0.8333333333333334,0.8333333333333334,0.0,3.631511613774012,2.1239306442525274,1.5075809695214848,,,,True
6.0,6,97.49999999999874,1.1999999999999034,1.1999999999999034,0.616554872279824,0.5916063513195042,0.024948520960319742,0.7916666666666666,0.7916666666666666,0.0,3.368633490937892,3.232323768908551,0.136309722029341,,,,True,0.3790548722798375,0.3541063513195178,0.024948520960319687,0.7916666666666666,0.7916666666666666,0.0,2.071019134020443,1.9347094119911015,0.13630972202934144,,,,True
6.0,6,98.69999999999864,1.5,6.800000000000097,0.6825598749176736,0.7289141948015728,-0.046354319883899264,1.0,1.0,0.0,3.874544177157971,4.141130277172746,-0.26658610001477445,,,,True,0.3075598749176948,0.35391419480159414,-0.04635431988389932,1.0,1.0,0.0,1.744966548341298,2.0115526483560724,-0.26658610001477445,,,,True
6.0,6,109.49999999999852,1.5,8.0,0.6761239934644178,0.7443360905535134,-0.06821209708909559,0.8333333333333334,0.8333333333333334,0.0,3.694097688319319,4.066783989364634,-0.37268630104531475,,,,True,0.36362399346443564,0.43183609055353117,-0.06821209708909554,0.8333333333333334,0.8333333333333334,0.0,1.986710376585832,2.3593966776311484,-0.3726863010453163,,,,True
6.0,6,130.8999999999973,1.5,4.899999999999267,0.66519182144917,0.7100266130996106,-0.044834791650440575,0.8666666666666667,0.8666666666666667,0.0,3.6343682425960444,3.8793293766382253,-0.2449611340421809,,,,True,0.3401918214491885,0.3850266130996291,-0.044834791650440575,0.8666666666666667,0.8666666666666667,0.0,1.8586854383932185,2.103646572435399,-0.24496113404218045,,,,True
6.0,6,135.79999999999657,1.5,2.8999999999997215,0.6537685526668152,0.7036520435999196,-0.0498834909331044,0.8666666666666667,0.8666666666666667,0.0,3.7343172403747227,4.019251074285366,-0.2849338339106433,,,,True,0.3287685526668337,0.37865204359993804,-0.049883490933104346,0.8666666666666667,0.8666666666666667,0.0,1.8779215814354075,2.16285541534605,-0.2849338339106424,,,,True
6.0,6,138.6999999999963,0.6,0.2000000000010118,0.2016723228237974,0.24056022972592303,-0.038887906902125624,0.5833333333333334,0.5833333333333334,0.0,1.1519496142102383,1.3740768190051502,-0.22212720479491188,,,,True,0.11417232282380238,0.153060229725928,-0.038887906902125624,0.5833333333333334,0.5833333333333334,0.0,0.6521507829573454,0.8742779877522573,-0.22212720479491188,,,,True
6.0,7,25.000000000000085,1.5,3.9000000000000554,0.7423948056183016,0.7125275709939908,0.029867234624310846,0.8666666666666667,0.8666666666666667,0.0,4.056177508510746,3.892993708721568,0.16318379978917852,,,,True,0.41739480561832004,0.38752757099400925,0.02986723462431079,0.8666666666666667,0.8666666666666667,0.0,2.2804947043079196,2.117310904518742,0.16318379978917763,,,,True
6.0,7,28.90000000000014,1.5,4.099999999999945,0.6510867933713986,0.7093933979573809,-0.05830660458598225,0.8666666666666667,0.8666666666666667,0.0,3.7189990670998565,4.052045613687286,-0.33304654658742994,,,,True,0.3260867933714171,0.3843933979573992,-0.05830660458598208,0.8666666666666667,0.8666666666666667,0.0,1.862603408160541,2.1956499547479695,-0.3330465465874286,,,,True
6.0,7,45.400000000000375,1.5,4.4000000000000625,0.7376213562489643,0.7032954764085758,0.034325879840388485,0.8333333333333334,0.8333333333333334,0.0,4.030097102474236,3.8425528730228082,0.18754422945142757,,,,True,0.425121356248982,0.3907954764085934,0.034325879840388596,0.8333333333333334,0.8333333333333334,0.0,2.32270979074075,2.1351655612893228,0.18754422945142712,,,,True
6.0,7,49.80000000000044,1.5,3.5999999999999375,1.0032294177463401,0.6963466953365497,0.3068827224097904,0.8333333333333334,0.8333333333333334,0.0,5.7304330339219405,3.977523022583335,1.7529100113386056,,,,True,0.6907294177463579,0.3838466953365676,0.30688272240979025,0.8333333333333334,0.8333333333333334,0.0,3.9454372080187525,2.192527196680147,1.7529100113386056,,,,True
6.0,7,74.80000000000003,0.7999999999998408,0.7999999999998408,0.329346155771727,0.3536737534945877,-0.024327597722860694,0.6875,0.6875,0.0,1.7994286321052124,1.9323458534715208,-0.13291722136630835,,,,True,0.19184615577173483,0.21617375349459553,-0.024327597722860694,0.6875,0.6875,0.0,1.0481782149424783,1.1810954363087864,-0.13291722136630812,,,,True
6.0,7,75.59999999999987,1.5,7.200000000000159,1.6077402119061108,1.60465515814596,0.00308505376015078,1.0,1.0,0.0,9.156482373837616,9.136701784273058,0.01978058956455797,,,,True,1.232740211906132,1.2296551581459814,0.003085053760150558,1.0,1.0,0.0,7.02690474502094,7.007124155456383,0.019780589564557083,,,,True
6.0,7,95.69999999999884,1.5,1.7999999999998977,0.7597476961205708,0.7677518552754135,-0.00800415915484265,0.8333333333333334,0.8333333333333334,0.0,4.150987444720272,4.194719284022909,-0.043731839302637354,,,,True,0.44724769612058857,0.4552518552754312,-0.00800415915484265,0.8333333333333334,0.8333333333333334,0.0,2.4436001329867847,2.4873319722894243,-0.043731839302639575,,,,True
6.0,7,97.49999999999874,1.5,2.6999999999998465,0.6825287444431244,0.6672681686688307,0.015260575774293739,1.0,1.0,0.0,3.884038744305929,3.799116297549188,0.0849224467567411,,,,True,0.31320990528577997,0.3053929146331437,0.007816990652636246,0.9,0.8666666666666667,0.033333333333333326,1.7886052702596646,1.7443518884326092,0.044253381827055405,,,,True
6.0,7,100.19999999999858,1.5,3.500000000000256,0.868507696589054,0.7445514174449236,0.12395627914413043,0.8333333333333334,0.8333333333333334,0.0,5.197137903219743,4.4553852633616,0.7417526398581433,,,,True,0.5560076965890718,0.43205141744494135,0.12395627914413043,0.8333333333333334,0.8333333333333334,0.0,3.3271422760830687,2.5853896362249245,0.7417526398581442,,,,True
6.0,7,137.39999999999648,1.5,8.0,0.7314181157643032,0.7079074632155041,0.023510652548799027,0.8666666666666667,0.8666666666666667,0.0,3.9962048333697804,3.867751105842112,0.12845372752766826,,,,True,0.4064181157643217,0.3829074632155226,0.023510652548799083,0.8666666666666667,0.8666666666666667,0.0,2.2205220291669554,2.0920683016392863,0.12845372752766915,,,,True
6.0,7,150.09999999999576,0.6,0.10000000000044906,0.26308444613127296,0.24391104445761952,0.019173401673653445,0.6666666666666666,0.6666666666666666,0.0,1.4757296800961788,1.3693076728759823,0.10642200722019646,,,,True,0.16308444613127865,0.1439110444576252,0.019173401673653445,0.6666666666666666,0.6666666666666666,0.0,0.9138440375075227,0.8074220302873264,0.10642200722019635,,,,True
6.0,7,150.1999999999962,1.5,inf,0.7238973223872562,0.71040107585813,0.013496246529126288,0.9333333333333333,0.9333333333333333,0.0,4.107886674142322,4.033892501277282,0.0739941728650404,,,,True,0.3738973223872762,0.3604010758581498,0.013496246529126399,0.9333333333333333,0.9333333333333333,0.0,2.118004370831115,2.0440101979660756,0.07399417286503951,,,,True
12.0,0,52.600000000000506,1.5,8.0,0.6648145604606858,0.70717237371467,-0.042357813253984244,0.8666666666666667,0.8666666666666667,0.0,3.632307024596205,3.863734841884632,-0.23142781728842676,,,,True,0.33981456046070435,0.38217237371468854,-0.04235781325398419,0.8666666666666667,0.8666666666666667,0.0,1.856624220393379,2.0880520376818064,-0.23142781728842743,,,,True
12.0,0,66.80000000000048,1.5,5.09999999999971,0.6834344229506825,0.6625200377241522,0.02091438522653022,0.8333333333333334,0.8333333333333334,0.0,3.734039238873466,3.6197705797743125,0.11426865909915351,,,,True,0.37093442295070006,0.3500200377241702,0.020914385226529886,0.8333333333333334,0.8333333333333334,0.0,2.02665192713998,1.912383268040826,0.11426865909915418,,,,True
12.0,0,71.90000000000019,1.5,2.90000000000029,0.627891236216458,0.680510311473914,-0.052619075257456016,0.8333333333333334,0.8333333333333334,0.0,3.5865063544564317,3.8870658094882717,-0.30055945503184,,,,True,0.31539123621647586,0.3680103114739317,-0.05261907525745585,0.8333333333333334,0.8333333333333334,0.0,1.8015105285532433,2.1020699835850825,-0.3005594550318391,,,,True
12.0,0,75.39999999999999,1.5,3.099999999999824,0.5855599976621219,0.6011597731504222,-0.015599775488300383,0.8333333333333334,0.8333333333333334,0.0,3.34471088525705,3.4338165944783134,-0.08910570922126348,,,,True,0.2772639772239716,0.28961887487521326,-0.012354897651241648,0.7333333333333333,0.8,-0.06666666666666676,1.5837281344580312,1.6542991448162034,-0.07057101035817226,1.3999999999977888,1.499999999997783,-0.09999999999999432,False
12.0,0,78.49999999999982,0.6,0.10000000000002274,0.1964919931385199,0.20630061447420006,-0.009808621335680168,0.5833333333333334,0.5833333333333334,0.0,1.2268229917130222,1.2878348111342872,-0.06101181942126499,,,,True,0.10899199313852485,0.11880061447420505,-0.009808621335680195,0.5833333333333334,0.5833333333333334,0.0,0.6807842685891131,0.741796088010378,-0.06101181942126488,,,,True
12.0,0,78.59999999999984,1.3000000000003524,1.3000000000003524,0.6021065632775142,0.6144287045157051,-0.012322141238190865,0.8846153846153846,0.8846153846153846,0.0,3.775374499188315,3.8521792299303383,-0.07680473074202343,,,,True,0.3146065632775305,0.3269287045157214,-0.01232214123819092,0.8846153846153846,0.8846153846153846,0.0,1.97269871462856,2.0495034453705836,-0.07680473074202365,,,,True
12.0,0,85.29999999999943,1.2000000000003865,1.2000000000003865,0.42755835092928796,0.5470683681364102,-0.11951001720712229,0.7916666666666666,0.7916666666666666,0.0,2.558503189067462,3.273649459711815,-0.715146270644353,,,,True,0.19005835092930146,0.3095683681364237,-0.11951001720712223,0.7916666666666666,0.7916666666666666,0.0,1.1373065124435895,1.852452783087942,-0.7151462706443525,,,,True
12.0,0,101.89999999999849,1.5,2.6999999999998323,0.7444234185218948,0.6899528862153725,0.05447053230652221,0.8333333333333334,0.8333333333333334,0.0,4.067261117893191,3.7696537715778926,0.29760734631529795,,,,True,0.4319234185219127,0.3774528862153903,0.05447053230652238,0.8333333333333334,0.8333333333333334,0.0,2.359873806159705,2.062266459844407,0.29760734631529795,,,,True
12.0,0,104.59999999999832,1.3999999999999204,1.3999999999999204,0.524700028993142,0.6077875627113818,-0.08308753371823974,1.0,0.8214285714285714,0.1785714285714286,2.9958547910622055,3.4716744399224044,-0.4758196488601989,,,,True,0.23226836136300746,0.32028756271139824,-0.08801920134839078,0.8214285714285714,0.8214285714285714,0.0,1.3267137776715707,1.8294782800914708,-0.5027645024199001,,,,True
12.0,0,105.99999999999824,1.5,3.9000000000002473,0.9780305696473368,0.6968784719489346,0.2811520976984022,1.0,1.0,0.0,5.8363670213395356,4.150178020669416,1.6861890006701197,,,,True,0.6077150535225821,0.32195146680175707,0.2857635867208251,0.9,0.9666666666666667,-0.06666666666666665,3.6361299383463375,1.9236001739763031,1.7125297643700343,,,,True
12.0,0,112.69999999999833,1.299999999999912,1.299999999999912,0.0,0.0,0.0,0.0,0.0,0.0,0.0,0.0,0.0,0.0,0.0,0.0,False,0.0,0.0,0.0,0.0,0.0,0.0,0.0,0.0,0.0,0.0,0.0,0.0,False
12.0,0,115.19999999999764,1.5,5.500000000000682,0.8776323002164189,0.5280285965119198,0.3496037037044991,0.8333333333333334,0.8333333333333334,0.0,5.013023976205478,3.0160922903403184,1.9969316858651593,,,,True,0.5651323002164366,0.2235503483747133,0.34158195184172324,0.8333333333333334,0.7,0.13333333333333341,3.22802815030229,1.2769166039298878,1.951111546372402,,1.349999999997877,,True
12.0,0,121.59999999999737,1.5,1.6000000000002785,0.7361067350128779,0.21345101165390867,0.5226557233589693,0.8666666666666667,0.8,0.06666666666666665,4.2046318381353185,1.2192293274785966,2.985402510656722,,1.449999999997786,,True,0.4111067350128964,0.015621465426268456,0.39548526958662794,0.8666666666666667,0.23333333333333334,0.6333333333333333,2.348236179196002,0.0892296018572216,2.2590065773387806,,0.5999999999978343,,True
12.0,0,134.29999999999666,1.5,6.100000000000108,0.7342172736571866,0.617718924277337,0.1164983493798496,0.8666666666666667,0.8666666666666667,0.0,4.011498422713293,3.374993451292299,0.6365049714209943,,,,True,0.4092172736572051,0.2927189242773556,0.11649834937984954,0.8666666666666667,0.8666666666666667,0.0,2.2358156185104687,1.5993106470894727,0.636504971420996,,,,True
12.0,0,140.39999999999677,0.8999999999999488,0.8999999999999488,0.32142704817499523,0.3837985062908436,-0.06237145811584838,0.7222222222222222,0.7222222222222222,0.0,1.8359870058393049,2.1922519414946366,-0.3562649356553318,,,,True,0.15892704817500455,0.22129850629085282,-0.062371458115848266,0.7222222222222222,0.7222222222222222,0.0,0.9077891763696465,1.2640541120249782,-0.3562649356553317,,,,True
12.0,0,141.29999999999671,0.9999999999999432,0.9999999999999432,0.47828817046891103,0.5789548287951054,-0.10066665832619437,1.0,1.0,0.0,2.8344572862738375,3.4312307416604035,-0.596773455386566,,,,True,0.22828817046892533,0.32895482879511956,-0.10066665832619423,1.0,1.0,0.0,1.3554607448111957,1.952234200197762,-0.5967734553865662,,,,True
12.0,0,142.8999999999962,1.5,5.500000000000568,0.26709423938001386,0.20171325836695986,0.06538098101305401,0.9333333333333333,0.9666666666666667,-0.033333333333333326,1.5844990635731526,1.188992527629312,0.39550653594384055,1.4000000000023505,1.4500000000023618,-0.05000000000001137,False,0.0161154661226173,0.016385404620725907,-0.00026993849810860726,0.3333333333333333,0.13333333333333333,0.19999999999999998,0.09588314283419674,0.09359321233194336,0.0022899305022533872,0.6000000000021686,0.20000000000207763,0.40000000000009095,False
12.0,1,24.100000000000072,0.6,0.40000000000000924,0.2632867181303241,0.2632867181303241,0.0,0.6666666666666666,0.6666666666666666,0.0,1.438503686027814,1.438503686027814,0.0,,,,True,0.16328671813032983,0.16328671813032983,0.0,0.6666666666666666,0.6666666666666666,0.0,0.8921397462730979,0.8921397462730979,0.0,,,,True
12.0,1,24.50000000000008,0.6,0.40000000000000213,0.361144002316669,0.361144002316669,0.0,1.0,1.0,0.0,2.030541079355106,2.030541079355106,0.0,,,,True,0.21114400231667754,0.21114400231667754,0.0,1.0,1.0,0.0,1.1861604451887278,1.1861604451887278,0.0,,,,True
12.0,1,24.900000000000084,1.5,3.2000000000000455,0.6347508932456188,0.6324205974866753,0.0023302957589435014,1.0,1.0,0.0,3.7672837781496273,3.7533393209363153,0.013944457213312056,,,,True,0.26201901234141217,0.26160592654580483,0.0004130857956073375,0.9333333333333333,0.9333333333333333,0.0,1.5504613867139176,1.54798948709338,0.002471899620537732,1.400000000000155,1.400000000000155,0.0,False
12.0,1,28.10000000000013,1.5,3.999999999999943,0.8031192488356801,0.7615255811337218,0.04159366770195827,0.8666666666666667,0.8666666666666667,0.0,5.046147064197451,4.784806342420797,0.26134072177665413,,,,True,0.47811924883569856,0.43652558113374046,0.041593667701958104,0.8666666666666667,0.8666666666666667,0.0,3.004111839364201,2.7427711175875484,0.26134072177665235,,,,True
12.0,1,34.30000000000022,1.5,1.799999999999912,0.780204491758271,0.8951750328443693,-0.11497054108609828,0.8333333333333334,0.8333333333333334,0.0,4.45651763564644,5.113227830656131,-0.6567101950096905,,,,True,0.4677044917582887,0.582675032844387,-0.11497054108609833,0.8333333333333334,0.8333333333333334,0.0,2.6715218097432523,3.3282320047529437,-0.6567101950096914,,,,True
12.0,1,36.80000000000025,1.5,1.900000000000027,0.5679600619758989,0.6720630112729079,-0.10410294929700903,1.0,0.9666666666666667,0.033333333333333326,3.2345656701307064,3.836770245635587,-0.6022045755048806,,,,True,0.21674564999351673,0.3513297895465187,-0.134584139553002,0.8333333333333334,0.8333333333333334,0.0,1.2380482576675942,2.0067910651392578,-0.7687428074716636,,,,True
12.0,1,38.70000000000028,1.4999999999999076,1.4999999999999076,1.233821404375238,1.0568757148013055,0.17694568957393253,1.0,1.0,0.0,7.375846790257153,6.315388193064741,1.0604585971924125,,,,True,0.8943977073678704,0.7115032288399002,0.18289447852797014,0.8333333333333334,0.8333333333333334,0.0,5.352063365437059,4.257625365197807,1.0944380002392515,,,,True
12.0,1,40.20000000000019,0.6,0.20000000000011653,0.493800484172632,0.4023796312000937,0.09142085297253832,1.0,1.0,0.0,3.1037766904364466,2.5390662884242303,0.5647104020122162,,,,True,0.34380048417264053,0.2523796312001022,0.09142085297253832,1.0,1.0,0.0,2.1638578357440643,1.599147433731848,0.5647104020122162,,,,True
12.0,1,40.400000000000304,0.6,0.30000000000000426,0.5201378592071046,0.4534211512003221,0.06671670800678253,1.0,1.0,0.0,3.376708225604575,2.940906514585598,0.4358017110189767,,,,True,0.3701378592071132,0.30342115120033064,0.06671670800678253,1.0,1.0,0.0,2.4007017360025382,1.9649000249835613,0.4358017110189769,,,,True
12.0,1,40.70000000000031,1.5,1.599999999999909,0.9798993744282121,0.7255802193831175,0.2543191550450946,1.0,1.0,0.0,6.763985350751417,4.999884193791642,1.764101156959775,,,,True,0.6048993744282333,0.3514527181046462,0.2534466563235871,1.0,0.9666666666666667,0.033333333333333326,4.168956331338946,2.41094636454307,1.7580099667958762,,1.4999999999994316,,True
12.0,1,55.80000000000052,1.5,5.10000000000008,0.6240459674307046,0.7238899011639176,-0.09984393373321299,0.8333333333333334,0.8333333333333334,0.0,3.40956213353502,3.9550733834859213,-0.5455112499509012,,,,True,0.31154596743072227,0.4113899011639354,-0.09984393373321315,0.8333333333333334,0.8333333333333334,0.0,1.7021748218015338,2.247686071752436,-0.545511249950902,,,,True
12.0,1,60.9000000000006,1.5,2.8999999999999204,0.670263238200734,0.5920309473143252,0.07823229088640882,0.8333333333333334,0.8333333333333334,0.0,3.828534663823147,3.3816728632372524,0.44686180058589464,,,,True,0.35776323820075173,0.27953094731434286,0.07823229088640887,0.8333333333333334,0.8333333333333334,0.0,2.043538837919959,1.596677037334064,0.4468618005858951,,,,True
12.0,1,64.10000000000063,1.499999999999801,1.499999999999801,0.6294141916228487,0.8103746625900782,-0.18096047096722945,1.0,0.8333333333333334,0.16666666666666663,3.5937611616212966,4.6288492484514485,-1.035088086830152,,,,True,0.31109856933899105,0.497874662590096,-0.18677609325110495,0.8333333333333334,0.8333333333333334,0.0,1.7769908726866719,2.8438534225482606,-1.0668625498615887,,,,True
12.0,1,65.60000000000043,1.5,3.3000000000001677,0.47166710187539634,0.4923864880923146,-0.020719386216918267,1.0,1.0,0.0,2.806122493095891,2.924425937109309,-0.11830344401341808,,,,True,0.1297985879811692,0.14443309550288416,-0.014634507521714968,0.7,0.7333333333333333,-0.033333333333333326,0.7739860579717955,0.8558776730198115,-0.08189161504801601,1.0999999999979195,1.1499999999979167,-0.04999999999999716,False
12.0,1,69.20000000000034,0.8999999999999488,0.8999999999999488,0.468356083622495,0.4768948084443086,-0.008538724821813615,0.7222222222222222,0.7222222222222222,0.0,2.8026362506143183,2.8537318604642885,-0.05109560984997019,,,,True,0.3058560836225042,0.3143948084443178,-0.00853872482181356,0.7222222222222222,0.7222222222222222,0.0,1.8302385245032473,1.8813341343532177,-0.051095609849970414,,,,True
12.0,1,70.10000000000029,1.5,2.000000000000341,0.8349912906392443,0.818140828200378,0.01685046243886623,1.0,1.0,0.0,5.205103844589472,5.093649641632041,0.11145420295743147,,,,True,0.45999129063926547,0.4431408282003993,0.016850462438866176,1.0,1.0,0.0,2.867609310668632,2.7561551077111996,0.11145420295743236,,,,True
12.0,1,76.59999999999981,0.6000000000005343,0.6000000000005343,0.1978402633402092,0.2146867032544737,-0.01684643991426449,0.5833333333333334,0.5833333333333334,0.0,1.1838733674168982,1.2846822281288888,-0.10080886071199058,,,,True,0.1103402633402142,0.12718670325447867,-0.016846439914264474,0.5833333333333334,0.5833333333333334,0.0,0.6602745918186292,0.76108345253062,-0.1008088607119908,,,,True
12.0,1,82.8999999999998,1.5,1.7000000000000028,0.5423576216536901,0.6580457725144461,-0.11568815086075601,0.8666666666666667,0.8666666666666667,0.0,3.0979394905557536,3.758748663013096,-0.6608091724573426,,,,True,0.2183123202249597,0.3330457725144645,-0.1147334522895048,0.8333333333333334,0.8666666666666667,-0.033333333333333326,1.2469970571034108,1.9023530040737806,-0.6553559469703698,1.4999999999975415,,,True
12.0,1,89.59999999999964,1.3000000000001677,1.3000000000001677,0.8061355307919701,0.6354467763037582,0.17068875448821186,0.8076923076923077,0.8076923076923077,0.0,4.604635384243202,3.6296634985149145,0.9749718857282872,,,,True,0.543635530791985,0.3729467763037731,0.1706887544882119,0.8076923076923077,0.8076923076923077,0.0,3.1052388904845234,2.1302670047562353,0.9749718857282881,,,,True
12.0,1,94.09999999999891,1.5,2.4999999999998863,0.6153746080316783,0.7151944601822151,-0.09981985215053679,0.8333333333333334,0.8333333333333334,0.0,3.515011541450942,4.085181203630116,-0.5701696621791736,,,,True,0.30287460803169597,0.40269446018223287,-0.0998198521505369,0.8333333333333334,0.8333333333333334,0.0,1.7300157155477542,2.3001853777269274,-0.5701696621791732,,,,True
12.0,1,96.5999999999988,1.0000000000008384,1.0000000000008384,0.691102179962885,0.6001185572369705,0.09098362272591454,0.75,0.75,0.0,4.135545774192933,3.5911010489496613,0.544444725243272,,,,True,0.5036021799628957,0.41261855723698115,0.09098362272591454,0.75,0.75,0.0,3.0135483979109297,2.469103672667657,0.5444447252432725,,,,True
12.0,1,99.99999999999837,0.6,0.20000000000067075,0.44303947080920225,0.2711040720008043,0.17193539880839798,1.0,0.5833333333333334,0.41666666666666663,2.7093419699981176,1.6681036339903665,1.041238336007751,,,,True,0.3247910138100194,0.18360407200080922,0.14118694180921018,0.5833333333333334,0.5833333333333334,0.0,1.9951484537139,1.129544893375004,0.8656035603388958,,,,True
12.0,1,100.19999999999904,1.5,1.8999999999998778,1.4925487680372038,1.001720296172822,0.49082847186438183,1.0,0.9666666666666667,0.033333333333333326,9.317748320274825,6.258700758895013,3.0590475613798125,,,,True,1.1240639442005258,0.6392202961728425,0.4848436480276833,0.9666666666666667,0.9666666666666667,0.0,7.017128386369903,3.9922660588053644,3.0248623275645383,,,,True
12.0,1,103.69999999999928,0.8999999999995225,0.8999999999995225,0.24891879358452723,0.40129525054925247,-0.15237645696472524,1.0,1.0,0.0,1.5508937298627359,2.5186652362457234,-0.9677715063829875,,,,True,0.030908296515666563,0.21711345820165104,-0.18620516168598447,0.6666666666666666,0.7777777777777778,-0.11111111111111116,0.19420255453718593,1.3641640905635632,-1.1699615360263773,0.8499999999969248,,,True
12.0,1,106.49999999999812,1.5,1.5000000000002416,0.9723529065151062,0.7823471784425887,0.19000572807251748,0.8333333333333334,0.8333333333333334,0.0,6.109473495609084,4.915632296703879,1.1938411989052051,,,,True,0.6598529065151238,0.4698471784426066,0.19000572807251725,0.8333333333333334,0.8333333333333334,0.0,4.145978087115571,2.9521368882103713,1.1938411989051998,,,,True
12.0,1,114.499999999998,0.6999999999997186,0.6999999999997186,0.3101082752239281,0.3886627831042028,-0.07855450788027474,0.8571428571428571,0.7142857142857143,0.1428571428571428,1.6942754308978079,2.1235132941285686,-0.42923786323076074,,,,True,0.18491341995808713,0.26366278310420993,-0.0787493631461228,0.7142857142857143,0.7142857142857143,0.0,1.010300246418244,1.440558369435174,-0.43025812301693,,,,True
12.0,1,115.19999999999771,1.5,7.300000000000281,0.6767385188594146,0.8002568076892854,-0.12351828882987081,1.0,1.0,0.0,3.830400714468518,4.527110859652298,-0.69671014518378,,,,True,0.3017385188594359,0.4252568076893068,-0.12351828882987087,1.0,1.0,0.0,1.7039274262186324,2.400637571402413,-0.6967101451837807,,,,True
12.0,1,133.69999999999737,1.5,8.0,0.6332992483091442,0.7787992026717228,-0.14549995436257857,0.8666666666666667,0.8666666666666667,0.0,3.4601187234990363,4.255078006495777,-0.7949592829967411,,,,True,0.3082992483091628,0.4537992026717413,-0.1454999543625785,0.8666666666666667,0.8666666666666667,0.0,1.6844359192962102,2.479395202292953,-0.7949592829967427,,,,True
12.0,2,38.70000000000028,1.5,1.6000000000000227,0.6832614424684167,0.6959138907162749,-0.012652448247858161,0.8333333333333334,0.8333333333333334,0.0,3.7330941358955534,3.802222550617981,-0.06912841472242759,,,,True,0.37076144246843457,0.3834138907162926,-0.01265244824785805,0.8333333333333334,0.8333333333333334,0.0,2.025706824162067,2.094835238884495,-0.06912841472242803,,,,True
12.0,2,40.3000000000003,1.5,6.399999999999977,0.659529571632969,0.686716961226848,-0.027187389593879008,1.0,1.0,0.0,3.751169915986911,3.9077767279460622,-0.15660681195915105,,,,True,0.2868179773907788,0.31741238177047987,-0.030594404379701068,0.9333333333333333,0.9,0.033333333333333326,1.6371996515928537,1.8124211637638492,-0.17522151217099546,,,,True
12.0,2,49.30000000000043,0.9000000000000128,0.9000000000000128,0.49014617559486917,0.3815621380776917,0.10858403751717749,0.7222222222222222,0.7222222222222222,0.0,2.677981955537346,2.0847179302137224,0.5932640253236237,,,,True,0.32764617559487846,0.21906213807770095,0.10858403751717752,0.7222222222222222,0.7222222222222222,0.0,1.790140553435933,1.1968765281123093,0.5932640253236237,,,,True
12.0,2,50.20000000000044,1.5,4.300000000000054,0.8349738529167128,0.8081744087704706,0.026799444146242135,1.0,1.0,0.0,4.735504486820925,4.590132841472103,0.1453716453488214,,,,True,0.4599738529167342,0.433174408770492,0.02679944414624219,1.0,1.0,0.0,2.609031198571037,2.4636595532222167,0.14537164534882008,,,,True
12.0,2,54.5000000000005,1.5,2.799999999999933,0.9248948074917024,0.7542773284166934,0.17061747907500902,0.8333333333333334,0.8333333333333334,0.0,5.534557585827199,4.513584978520418,1.0209726073067804,,,,True,0.6123948074917202,0.4417773284167111,0.17061747907500907,0.8333333333333334,0.8333333333333334,0.0,3.6645619586905234,2.643589351383743,1.0209726073067804,,,,True
12.0,2,58.10000000000056,0.6,0.09999999999988063,0.30845645522926834,0.28652860525479995,0.021927849974468394,1.0,0.5833333333333334,0.41666666666666663,1.7587467129781567,1.6366475660214719,0.12209914695668478,,,,True,0.19042875208825863,0.199028605254805,-0.008599853166546378,0.5833333333333334,0.5833333333333334,0.0,1.0877264883504458,1.136848734768579,-0.04912224641813312,,,,True
12.0,2,59.00000000000057,1.5,3.0999999999999304,0.7810872314935464,0.9300646928749656,-0.1489774613814192,1.0,1.0,0.0,4.627493438650754,5.51833313229822,-0.8908396936474654,,,,True,0.40608723149356785,0.555064692874987,-0.1489774613814192,1.0,1.0,0.0,2.4004986463334403,3.291338339980905,-0.8908396936474645,,,,True
12.0,2,62.1000000000005,0.6,0.3999999999999986,0.1233154555116462,0.22661439085483007,-0.10329893534318386,1.0,0.5833333333333334,0.41666666666666663,0.7548290893825549,1.3925846179240275,-0.6377555285414727,,,,True,0.021679423152817824,0.13911439085483507,-0.11743496770201725,0.5833333333333334,0.5833333333333334,0.0,0.13168052893972892,0.8540258773086652,-0.7223453483689363,,,,True
12.0,2,65.30000000000057,0.7999999999999972,0.7999999999999972,0.4061843628769097,0.3384071807753971,0.06777718210151257,0.6875,0.6875,0.0,2.552131620834301,2.1262750260920416,0.42585659474225945,,,,True,0.2686843628769175,0.20090718077540495,0.06777718210151254,0.6875,0.6875,0.0,1.6881936410971567,1.2623370463548975,0.42585659474225923,,,,True
12.0,2,66.3000000000004,0.6,0.29999999999998295,0.23259594406883838,0.24184759558656715,-0.009251651517728776,1.0,0.5833333333333334,0.41666666666666663,1.451347721150995,1.531215566361679,-0.07986784521068402,,,,True,0.08259594406884692,0.15434759558657213,-0.07175165151772521,1.0,0.5833333333333334,0.41666666666666663,0.5234362068012807,0.9773031774392998,-0.4538669706380192,,,,True
12.0,2,66.60000000000038,0.6,0.4000000000001904,0.3725890769498576,0.4325493069550432,-0.05996023000518558,1.0,1.0,0.0,2.3904550625919447,2.7642456912384175,-0.3737906286464727,,,,True,0.2225890769498661,0.2825493069550518,-0.059960230005185716,1.0,1.0,0.0,1.4314425683382728,1.8052331969847453,-0.3737906286464725,,,,True
12.0,2,70.50000000000048,1.5,2.8000000000000824,0.07208295593419915,0.0611792742809609,0.010903681653238254,0.8,0.6,0.20000000000000007,0.4467467563042205,0.38440071726604347,0.06234603903817704,,,,True,0.0,0.0,0.0,0.0,0.0,0.0,0.0,0.0,0.0,0.0,0.0,0.0,False
12.0,2,77.99999999999994,0.6,0.50000000000054,0.25093751376946094,0.24367428455067125,0.007263229218789691,0.5833333333333334,0.5833333333333334,0.0,1.423600153774251,1.3824202446484488,0.04117990912580227,,,,True,0.16343751376946591,0.15617428455067622,0.007263229218789691,0.5833333333333334,0.5833333333333334,0.0,0.9269056630881461,0.8857257539623441,0.04117990912580205,,,,True
12.0,2,80.39999999999971,1.5,5.600000000000236,0.6507289927608502,0.7111388633239578,-0.06040987056310765,1.0,0.8666666666666667,0.1333333333333333,3.709798620943858,4.061970387144555,-0.35217176620069734,,,,True,0.309411705748721,0.3984564517889332,-0.08904474604021217,0.8333333333333334,0.8333333333333334,0.0,1.7673555303906716,2.275977930391943,-0.5086224000012716,,,,True
12.0,2,95.19999999999888,1.0000000000003837,1.0000000000003837,0.44981810266079875,0.47562731019159965,-0.025809207530800904,0.75,0.75,0.0,2.457643907427591,2.5986561105123522,-0.14101220308476137,,,,True,0.2623181026608094,0.28812731019161014,-0.025809207530800737,0.75,0.75,0.0,1.4332115203874989,1.5742237234722607,-0.1410122030847618,,,,True
12.0,2,96.19999999999926,1.5,5.19999999999925,0.6599807496898745,0.7455188773023439,-0.08553812761246937,1.0,1.0,0.0,3.745793885424064,4.2330130088288564,-0.48721912340479223,,,,True,0.2851775936571379,0.37051887730236527,-0.08534128364522736,0.9666666666666667,1.0,-0.033333333333333326,1.61734062671901,2.1034353800121823,-0.4860947532931723,1.4999999999973284,,,True
12.0,2,101.39999999999851,1.5,1.8000000000003666,0.7886011344028371,0.6860849125073333,0.1025162218955038,0.8333333333333334,0.8333333333333334,0.0,4.718978153242916,4.10552251594635,0.6134556372965658,,,,True,0.4761011344028549,0.373584912507351,0.10251622189550391,0.8333333333333334,0.8333333333333334,0.0,2.8489825261062403,2.2355268888096758,0.6134556372965645,,,,True
12.0,2,112.69999999999789,1.3999999999997925,1.3999999999997925,0.6897542241109859,0.6429252252162967,0.04682899889468917,0.8214285714285714,0.8214285714285714,0.0,3.768568353477568,3.512711590168837,0.255856763308731,,,,True,0.40225422411100226,0.3554252252163131,0.04682899889468917,0.8214285714285714,0.8214285714285714,0.0,2.197772026682761,1.9419152633740289,0.2558567633087321,,,,True
12.0,2,114.09999999999768,1.1999999999999176,1.1999999999999176,0.49989911393672487,0.562237188803445,-0.062338074866720106,1.0,1.0,0.0,2.832278900396194,3.192411104927733,-0.36013220453153894,,,,True,0.19989911393674192,0.262237188803462,-0.06233807486672005,1.0,1.0,0.0,1.134204610363073,1.4943368148946123,-0.3601322045315394,,,,True
12.0,2,115.2999999999976,0.6,0.20000000000013074,0.39163532690719555,0.33710889879588635,0.0545264281113092,1.0,1.0,0.0,2.364672489292811,2.020362818823714,0.34430967046909666,,,,True,0.2444924179705324,0.18710889879589493,0.057383519174637465,0.75,1.0,-0.25,1.4891742407423374,1.1285449042819877,0.36062933646034967,,,,True
12.0,2,115.49999999999773,0.999999999999929,0.999999999999929,0.7829085691308411,0.6106611334277222,0.17224743570311885,1.0,1.0,0.0,4.853442764211296,3.782226856486759,1.0712159077245373,,,,True,0.5348126108473213,0.3606611334277364,0.17415147741958492,0.95,1.0,-0.050000000000000044,3.3156222465891583,2.233530478012658,1.0820917685765004,,,,True
12.0,2,116.49999999999766,1.5,2.5000000000004263,0.5373886308332627,0.5526863448067922,-0.015297713973529525,1.0,1.0,0.0,3.5055669029501484,3.6127658384020482,-0.10719893545189985,,,,True,0.18046438884441723,0.18727759583228343,-0.006813206987866194,0.7666666666666667,0.8333333333333334,-0.06666666666666665,1.1655814303653176,1.2166648609424993,-0.05108343057718168,1.1999999999978002,1.2999999999977803,-0.0999999999999801,False
12.0,2,118.99999999999808,1.5,1.699999999999804,0.7204111629790968,0.6323996932360529,0.08801146974304386,0.8333333333333334,0.8333333333333334,0.0,5.029418704842685,4.414982734228493,0.614435970614192,,,,True,0.40791116297911456,0.31989969323607065,0.08801146974304391,0.8333333333333334,0.8333333333333334,0.0,2.847757139849902,2.2333211692357082,0.6144359706141937,,,,True
12.0,2,122.89999999999765,0.6,0.39999999999994884,0.21436064364972973,0.08234308893883065,0.1320175547108991,1.0,0.6666666666666666,0.33333333333333337,1.3840055335680266,0.5310803421432906,0.852925191424736,,,,True,0.08252861287116948,0.0034046077868590437,0.07912400508431044,0.6666666666666666,0.25,0.41666666666666663,0.5350120820435461,0.021391781623101687,0.5136203004204444,,,,True
12.0,2,124.99999999999716,1.5,2.0000000000009237,0.46397704449222965,0.7468713792742935,-0.2828943347820638,1.0,1.0,0.0,2.769667229706052,4.464619854075516,-1.694952624369464,,,,True,0.12666766102743884,0.41728299957378895,-0.29061533854635013,0.8,0.8333333333333334,-0.033333333333333326,0.7579775111070557,2.497015630340816,-1.7390381192337605,1.4999999999977973,,,True
12.0,2,129.1999999999974,1.5,1.7000000000002444,1.027337615582663,0.8855045461390189,0.14183306944364416,0.8666666666666667,0.8666666666666667,0.0,6.147573915944667,5.29884681308706,0.8487271028576071,,,,True,0.7023376155826816,0.5605045461390374,0.14183306944364416,0.8666666666666667,0.8666666666666667,0.0,4.202778463722525,3.3540513608649167,0.848727102857608,,,,True
12.0,2,134.79999999999663,1.5,2.400000000000773,0.9671464852269793,0.6987817806273461,0.26836470459963324,0.8620689655172413,0.8620689655172413,0.0,5.524327805335031,3.991432197238662,1.5328956080963692,,,,True,0.6546464852269971,0.3862817806273639,0.2683647045996332,0.8620689655172413,0.8620689655172413,0.0,3.7393319794318436,2.2064363713354735,1.53289560809637,,,,True
12.0,2,147.89999999999588,1.5,inf,0.771790950220409,0.6674772417120088,0.10431370850840016,0.8666666666666667,0.8666666666666667,0.0,4.216787442294822,3.646854954784044,0.5699324875107781,,,,True,0.44679095022042753,0.3424772417120272,0.10431370850840033,0.8666666666666667,0.8666666666666667,0.0,2.441104638091997,1.8711721505812178,0.5699324875107794,,,,True
12.0,3,25.60000000000012,1.5,2.300000000000008,0.7445791407831224,0.9332025204635015,-0.18862337968037912,0.8666666666666667,0.8666666666666667,0.0,4.068111928174709,5.098682056694984,-1.0305701285202753,,,,True,0.4195791407831408,0.6082025204635203,-0.1886233796803795,0.8666666666666667,0.8666666666666667,0.0,2.292429123971883,3.3229992524921577,-1.0305701285202749,,,,True
12.0,3,27.900000000000126,1.5,1.8000000000000256,0.6482855276565779,0.510496822232784,0.13778870542379384,1.0,1.0,0.0,3.7008077660419536,2.9123355381533567,0.7884722278885969,,,,True,0.31446518133612805,0.17704159887337872,0.13742358246274933,0.8666666666666667,0.7666666666666667,0.09999999999999998,1.7962209154461137,1.0112592480007232,0.7849616674453905,,1.3500000000001506,,True
12.0,3,29.700000000000152,1.5,3.89999999999997,1.1867340644448034,0.8387252994525164,0.34800876499228706,1.0,1.0,0.0,7.09396547592636,5.017805456514322,2.076160019412038,,,,True,0.8344010610102248,0.5096260288729503,0.32477503213727454,0.8666666666666667,0.8666666666666667,0.0,4.993044273175719,3.0495950254960014,1.9434492476797174,,,,True
12.0,3,36.80000000000025,0.8999999999998991,0.8999999999998991,0.42222597449280125,0.5147803497017889,-0.09255437520898763,0.7222222222222222,0.7222222222222222,0.0,2.411749126584319,2.940418481519135,-0.528669354934816,,,,True,0.2597259744928105,0.352280349701798,-0.09255437520898752,0.7222222222222222,0.7222222222222222,0.0,1.4835512971146612,2.012220652049477,-0.528669354934816,,,,True
12.0,3,41.60000000000035,1.5,3.1999999999999034,0.448755521530873,0.4347106888033463,0.014044832727526713,0.9333333333333333,0.8666666666666667,0.06666666666666665,2.5632008151216636,2.483061647966455,0.08013916715520875,,,,True,0.1274513877409307,0.11375899362853722,0.01369239411239348,0.7666666666666667,0.7666666666666667,0.0,0.7280006243940589,0.6497898521148733,0.0782107722791856,1.3999999999993449,1.3999999999993449,0.0,False
12.0,3,45.50000000000038,1.0000000000000142,1.0000000000000142,0.4568369349518988,0.5217780343184599,-0.06494109936656112,0.75,0.75,0.0,2.609446470424296,2.9803891625807206,-0.3709426921564245,,,,True,0.2693369349519094,0.3342780343184706,-0.06494109936656117,0.75,0.75,0.0,1.5384489748823835,1.9093916670388076,-0.37094269215642406,,,,True
12.0,3,46.50000000000039,1.5,1.6999999999999105,0.4444557471320849,0.5319765678947079,-0.08752082076262302,1.0,1.0,0.0,2.626053310036708,3.144915588363415,-0.518862278326707,,,,True,0.10350298040456136,0.16371078604854683,-0.060207805643985465,0.6666666666666666,0.8333333333333334,-0.16666666666666674,0.602796685193306,0.9582182632455404,-0.3554215780522344,1.049999999999045,1.2999999999990308,-0.2499999999999858,False
12.0,3,48.2000000000003,1.4000000000000483,1.4000000000000483,0.871687424846572,0.9694223118435903,-0.09773488699701827,1.0,1.0,0.0,5.474869009836521,6.082594021402203,-0.607725011565682,,,,True,0.577153282686947,0.6536267750029964,-0.07647349231604939,0.8214285714285714,0.8214285714285714,0.0,3.626361025769091,4.106858149078003,-0.48049712330891214,,,,True
12.0,3,51.40000000000046,1.5,2.099999999999916,0.9161697550693413,0.7559982619138303,0.16017149315551094,1.0,0.8333333333333334,0.16666666666666663,5.749709551422846,4.750077171510284,0.9996323799125619,,,,True,0.5810935240974311,0.4434982619138483,0.1375952621835828,0.8333333333333334,0.8333333333333334,0.0,3.6511182927061863,2.786581763016775,0.8645365296894112,,,,True
12.0,3,64.20000000000051,1.0000000000000568,1.0000000000000568,0.4135892297019627,0.4701027488118061,-0.05651351910984337,0.75,0.75,0.0,2.259702409800952,2.5684718993035442,-0.3087694895025921,,,,True,0.22608922970197332,0.28260274881181674,-0.056513519109843424,0.75,0.75,0.0,1.2352700227608597,1.5440395122634523,-0.30876948950259253,,,,True
12.0,3,65.20000000000057,1.5,3.399999999999693,0.7127487154733761,0.7161436466382903,-0.0033949311649141833,1.0,1.0,0.0,4.044345098376685,4.059901696338882,-0.015556597962196328,,,,True,0.3377487154733976,0.34114364663831165,-0.0033949311649140723,1.0,1.0,0.0,1.9178718101268006,1.933428408088997,-0.015556597962196328,,,,True
12.0,3,68.60000000000026,0.6,0.100000000000108,0.22119416786359802,0.17521664975500154,0.04597751810859649,1.0,0.5833333333333334,0.41666666666666663,1.4121685706268696,1.1211590472338406,0.291009523393029,,,,True,0.11605651515911226,0.08771664975500655,0.028339865404105713,0.5833333333333334,0.5833333333333334,0.0,0.7484554293762573,0.5581919426432211,0.19026348673303617,,,,True
12.0,3,68.70000000000037,1.5,3.500000000000142,0.7112973231333962,0.5382640745962893,0.1730332485371069,1.0,0.9,0.09999999999999998,4.6603403840484345,3.5223108846782236,1.138029499370211,,,,True,0.3635759792711312,0.20211871397798742,0.1614572652931438,0.9,0.8333333333333334,0.06666666666666665,2.3855192821653124,1.314833383734641,1.0706858984306713,,1.449999999997786,,True
12.0,3,68.70000000000037,1.5,3.500000000000142,0.7112973231333962,0.5382640745962893,0.1730332485371069,1.0,0.9,0.09999999999999998,4.6603403840484345,3.5223108846782236,1.138029499370211,,,,True,0.3635759792711312,0.20211871397798742,0.1614572652931438,0.9,0.8333333333333334,0.06666666666666665,2.3855192821653124,1.314833383734641,1.0706858984306713,,1.449999999997786,,True
12.0,3,75.99999999999984,0.6000000000004206,0.6000000000004206,0.20284760243307845,0.19293007184430444,0.00991753058877401,0.5833333333333334,0.5833333333333334,0.0,1.274529075204125,1.212215392725236,0.06231368247888902,,,,True,0.11534760243308344,0.1054300718443094,0.009917530588774037,0.5833333333333334,0.5833333333333334,0.0,0.7247503608259422,0.6624366783470532,0.06231368247888902,,,,True
12.0,3,77.99999999999962,1.5,6.000000000000227,0.3920005542293625,0.46901157930918724,-0.07701102507982477,0.9333333333333333,0.8333333333333334,0.09999999999999998,2.2380502930286634,2.6789878763750687,-0.4409375833464053,,,,True,0.09284287668642434,0.15651157930920484,-0.0636687026227805,0.6,0.8333333333333334,-0.2333333333333334,0.5303172715203887,0.8939920504718808,-0.36367477895149214,1.1999999999980275,,,True
12.0,3,85.7999999999994,0.6,0.200000000000216,0.2659049461258591,0.2563487108566085,0.00955623526925059,0.5833333333333334,0.5833333333333334,0.0,1.4528087396559806,1.4005969161466698,0.05221182350931075,,,,True,0.17840494612586408,0.16884871085661346,0.009556235269250618,0.5833333333333334,0.5833333333333334,0.0,0.9747402923706044,0.9225284688612935,0.05221182350931097,,,,True
12.0,3,89.09999999999921,1.5,3.6999999999997897,0.7691146957955798,0.7040900750943413,0.06502462070123849,1.0,0.8333333333333334,0.16666666666666663,4.391415817554468,4.021753104330669,0.36966271322379907,,,,True,0.44953971625124756,0.3915900750943591,0.05794964115688844,0.8333333333333334,0.8333333333333334,0.0,2.5677648546759273,2.236757278427481,0.33100757624844634,,,,True
12.0,3,92.799999999999,1.000000000000398,1.000000000000398,0.6119600963268577,0.5234640646737201,0.08849603165313757,0.75,0.75,0.0,3.6619606531629683,3.132401638089926,0.5295590150730423,,,,True,0.4244600963268683,0.33596406467373074,0.08849603165313757,0.75,0.75,0.0,2.5399632768809646,2.010404261807922,0.5295590150730427,,,,True
12.0,3,96.0999999999988,1.000000000000398,1.000000000000398,0.2540655585157422,0.2695567537762158,-0.0154911952604736,1.0,0.75,0.25,1.5086591529597817,1.6130238426454702,-0.10436468968568846,,,,True,0.023933393261237328,0.08205675377622643,-0.0581233605149891,0.7,0.75,-0.050000000000000044,0.14321709037138794,0.4910264663634661,-0.3478093759920782,0.99999999999784,,,True
12.0,3,99.59999999999896,1.2000000000000455,1.2000000000000455,0.8102573617771371,0.3955963794465057,0.4146609823306314,0.8333333333333334,0.8333333333333334,0.0,4.848568714811622,2.3672431989635476,2.481325515848074,,,,True,0.5602573617771514,0.14559637944651999,0.41466098233063137,0.8333333333333334,0.8333333333333334,0.0,3.352572213102282,0.8712466972542081,2.4813255158480736,,,,True
12.0,3,107.39999999999864,0.6,0.20000000000031548,0.306905896841409,0.25495288594487403,0.05195301089653498,0.5833333333333334,0.5833333333333334,0.0,1.6768231493223607,1.3929706321668391,0.2838525171555215,,,,True,0.21940589684141396,0.16745288594487903,0.051953010896534924,0.5833333333333334,0.5833333333333334,0.0,1.1987547020369844,0.9149021848814631,0.2838525171555213,,,,True
12.0,3,107.99999999999814,1.100000000000378,1.100000000000378,0.720127206318194,0.6423470487232077,0.07778015759498635,1.0,1.0,0.0,4.061383991010823,3.627617575854746,0.43376641515607695,,,,True,0.44512720631820973,0.36734704872322343,0.0777801575949863,1.0,1.0,0.0,2.5061093670499597,2.0723429518938805,0.43376641515607917,,,,True
12.0,3,109.09999999999852,1.5,2.3999999999993236,0.681620561254667,0.943731301087648,-0.26211073983298105,1.0,1.0,0.0,4.0495947573633,5.621131932014075,-1.571537174650775,,,,True,0.30662056125468834,0.5687313010876693,-0.262110739832981,1.0,1.0,0.0,1.822599965045988,3.3941371396967623,-1.5715371746507742,,,,True
12.0,3,111.49999999999784,1.5,2.0999999999998806,0.8332920761243525,0.5729365834174502,0.2603554927069023,0.8333333333333334,0.9333333333333333,-0.09999999999999998,5.235728529293705,3.5986057109852747,1.63712281830843,,,,True,0.5207920761243702,0.25627675406669076,0.2645153220576794,0.8333333333333334,0.8,0.033333333333333326,3.2722331208001956,1.6102343357235078,1.6619987850766877,,1.4999999999978826,,True
12.0,3,113.59999999999772,1.5,1.8000000000009209,0.8617280093754607,0.6995056087082537,0.16222240066720695,1.0,0.9,0.09999999999999998,5.684693063760056,4.626428538054844,1.0582645257052121,,,,True,0.49236084196112745,0.37445387770714356,0.11790696425398389,0.8666666666666667,0.8666666666666667,0.0,3.256415166358658,2.476592739606259,0.779822426752399,,,,True
12.0,3,119.39999999999829,0.6,0.09999999999955378,0.20346717503328154,0.27895369125417696,-0.07548651622089542,1.0,0.5833333333333334,0.41666666666666663,1.1609044695952404,1.5933797584288683,-0.43247528883362785,,,,True,0.10965204691004192,0.19145369125418193,-0.08180164434414001,0.5833333333333334,0.5833333333333334,0.0,0.6263310273157657,1.0935809271759755,-0.4672498998602098,,,,True
12.0,3,129.89999999999725,1.5,2.299999999999528,0.8476969445640893,0.8003171212812251,0.047379823282864164,0.8666666666666667,0.8666666666666667,0.0,4.631510423500968,4.372644154363875,0.2588662691370933,,,,True,0.5226969445641078,0.4753171212812437,0.04737982328286405,0.8666666666666667,0.8666666666666667,0.0,2.8558276192981435,2.5969613501610493,0.2588662691370942,,,,True
12.0,3,132.19999999999678,0.6,0.4000000000003183,0.3214998126790255,0.36449697415976773,-0.04299716148074223,1.0,0.75,0.25,1.8308727835848249,2.081941569307782,-0.251068785722957,,,,True,0.19923319916399854,0.2642542556760472,-0.06502105651204867,0.6666666666666666,0.6666666666666666,0.0,1.138017372445109,1.509416778748562,-0.3713994063034529,,,,True
12.0,3,132.5999999999971,0.6,0.3999999999996646,0.5826847021986037,0.8677431431391377,-0.285058440940534,1.0,1.0,0.0,3.4461101106559333,5.142748113368074,-1.6966380027121408,,,,True,0.4326847021986122,0.7177431431391463,-0.2850584409405341,1.0,1.0,0.0,2.5621121778276876,4.258750180539827,-1.696638002712139,,,,True
12.0,3,132.99999999999676,1.5,4.900000000000489,1.2699912303901082,1.73019677247413,-0.46020554208402187,1.0,1.0,0.0,7.915249755819914,10.76988609285279,-2.8546363370328756,,,,True,0.8949912303901296,1.3551967724741512,-0.46020554208402153,1.0,1.0,0.0,5.574015230644797,8.428651567677669,-2.854636337032872,,,,True
12.0,3,140.99999999999673,0.6,0.0999999999994543,0.2813675707649511,0.23823588917766308,0.04313168158728803,1.0,0.5,0.5,1.5830603341583795,1.3608002168399609,0.22226011731841866,,,,True,0.15835682102980053,0.16323588917766735,-0.004879068147866816,0.5833333333333334,0.5,0.08333333333333337,0.8993265150010352,0.9324012186231955,-0.03307470362216025,,,,True
12.0,3,141.0999999999962,1.5,7.900000000000546,0.8650161774617212,0.8923936747686135,-0.027377497306892318,1.0,0.8666666666666667,0.1333333333333333,4.921747318867449,5.097340750478319,-0.17559343161086982,,,,True,0.5046092739385301,0.5673936747686322,-0.06278440083010217,0.9,0.8666666666666667,0.033333333333333326,2.8771159010837826,3.240945091539004,-0.36382919045522133,,,,True
12.0,3,150.39999999999574,1.5,inf,0.7616958346335168,0.9615526228748282,-0.19985678824131148,0.8666666666666667,0.8666666666666667,0.0,4.161631371051481,5.2535767931540125,-1.0919454221025315,,,,True,0.43669583463353523,0.6365526228748466,-0.19985678824131137,0.8666666666666667,0.8666666666666667,0.0,2.3859485668486564,3.4778939889511875,-1.091945422102531,,,,True
12.0,4,21.400000000000038,1.5,8.0,0.8193948268600337,0.7713469269512017,0.04804789990883207,0.8666666666666667,0.8666666666666667,0.0,4.476877858179066,4.214361459267753,0.2625163989113126,,,,True,0.49439482686005215,0.4463469269512202,0.04804789990883196,0.8666666666666667,0.8666666666666667,0.0,2.7011950539762393,2.4386786550649266,0.2625163989113126,,,,True
12.0,4,45.10000000000037,1.5,8.0,0.7178581233147994,0.7089681034942318,0.008890019820567585,0.8333333333333334,0.8333333333333334,0.0,3.922117924392225,3.8735460618555937,0.04857186253663137,,,,True,0.4053581233148172,0.3964681034942495,0.008890019820567696,0.8333333333333334,0.8333333333333334,0.0,2.214730612658739,2.1661587501221087,0.048571862536630483,,,,True
12.0,4,54.4000000000005,1.5,7.0000000000000995,0.8229399079088379,0.7908599946882525,0.03207991322058534,0.8333333333333334,0.8333333333333334,0.0,4.4962469026648115,4.320973824922916,0.17527307774189538,,,,True,0.5104399079088556,0.47835999468827034,0.03207991322058529,0.8333333333333334,0.8333333333333334,0.0,2.788859590931324,2.6135865131894302,0.1752730777418936,,,,True
12.0,4,61.4000000000006,0.9999999999999005,0.9999999999999005,0.5796815509258505,0.4925828076608672,0.08709874326498329,0.75,0.75,0.0,3.311133276018525,2.8136264178763906,0.49750685814213425,,,,True,0.39218155092586116,0.30508280766087786,0.08709874326498329,0.75,0.75,0.0,2.2401357804766113,1.742628922334476,0.49750685814213536,,,,True
12.0,4,63.20000000000063,1.5,3.3999999999998636,0.8459294533502247,0.8418398319037842,0.004089621446440539,1.0,1.0,0.0,4.807189059320748,4.794443154181404,0.012745905139343705,,,,True,0.4709294533502462,0.4733084434030517,-0.0023789900528055075,1.0,0.8666666666666667,0.1333333333333333,2.680715771070861,2.703312026566227,-0.022596255495365813,,,,True
12.0,4,66.60000000000049,1.5,2.800000000000111,0.5838734330586317,0.6801494369604258,-0.09627600390179414,1.0,0.8333333333333334,0.16666666666666663,3.482878649902465,4.070004713329729,-0.5871260634272635,,,,True,0.23088876748857018,0.3676494369604437,-0.13676066947187354,0.8333333333333334,0.8333333333333334,0.0,1.3816351537876082,2.200009086193055,-0.8183739324054469,,,,True
12.0,4,71.00000000000024,0.6,0.20000000000038654,0.1482109681730171,0.15881542189825149,-0.010604453725234386,0.5833333333333334,0.5833333333333334,0.0,0.8465790705341475,0.9071515685678371,-0.06057249803368958,,,,True,0.06071096817302209,0.07131542189825647,-0.010604453725234386,0.5833333333333334,0.5833333333333334,0.0,0.34678023928125457,0.40735273731494404,-0.06057249803368947,,,,True
12.0,4,74.70000000000003,1.5,1.9999999999998863,0.791802878025828,0.8356138937521425,-0.043811015726314406,0.8333333333333334,0.8333333333333334,0.0,4.52276746308581,4.773015399725985,-0.2502479366401751,,,,True,0.47930287802584576,0.5231138937521601,-0.04381101572631435,0.8333333333333334,0.8333333333333334,0.0,2.737771637182622,2.988019573822798,-0.25024793664017597,,,,True
12.0,4,76.69999999999992,1.5,2.300000000000324,0.8588721480817167,0.7285165852187185,0.1303555628629982,1.0,1.0,0.0,5.130790780808637,4.352412531514846,0.778378249293791,,,,True,0.5019304006860178,0.3777057888945341,0.1242246117914837,0.8666666666666667,0.8666666666666667,0.0,3.0035444941115723,2.260186155446488,0.7433583386650842,,,,True
12.0,4,79.9,1.5,2.8000000000000256,0.4678207052285097,0.5355934194997393,-0.06777271427122955,1.0,0.8333333333333334,0.16666666666666663,2.795001021849375,3.2049835276407936,-0.4099825057914188,,,,True,0.139028270265955,0.23520321282774986,-0.09617494256179487,0.8333333333333334,0.6666666666666666,0.16666666666666674,0.8319432238263251,1.4074527343245258,-0.5755095104982006,,1.2999999999975245,,True
12.0,4,91.89999999999894,1.5,8.0,0.48059576521493413,0.6090101594120378,-0.1284143941971037,0.8333333333333334,0.8333333333333334,0.0,2.6258019571227855,3.327411900470273,-0.7016099433474876,,,,True,0.17012739368614493,0.2965101594120558,-0.12638276572591084,0.7666666666666667,0.8333333333333334,-0.06666666666666665,0.929514730745689,1.6200245887367863,-0.6905098579910973,1.4499999999978996,,,True
12.0,4,106.29999999999824,0.6,0.29999999999998295,0.24740554599919287,0.23393680584516716,0.013468740154025716,0.5833333333333334,0.5833333333333334,0.0,1.3594404097943809,1.2860164835397858,0.07342392625459504,,,,True,0.1599055459991979,0.14643680584517216,0.013468740154025743,0.5833333333333334,0.5833333333333334,0.0,0.8782676219422163,0.8048436956876213,0.07342392625459504,,,,True
12.0,4,106.59999999999822,1.5,7.700000000000017,0.8071762055829028,0.827585375626934,-0.0204091700440312,1.0,1.0,0.0,4.565850826902528,4.685352465564058,-0.11950163866153041,,,,True,0.4321762055829242,0.45258537562695544,-0.020409170044031255,1.0,1.0,0.0,2.4393775386526406,2.5588791773141706,-0.11950163866152996,,,,True
12.0,4,116.59999999999764,1.199999999999946,1.199999999999946,0.42576228016844386,0.4895060886880673,-0.06374380851962341,0.7916666666666666,0.7916666666666666,0.0,2.326211567917952,2.6744847514954886,-0.34827318357753656,,,,True,0.18826228016845734,0.2520060886880808,-0.06374380851962344,0.7916666666666666,0.7916666666666666,0.0,1.028597211000502,1.3768703945780383,-0.34827318357753634,,,,True
12.0,4,117.79999999999758,1.5,6.599999999999625,0.8161948316430961,0.7095908540605274,0.10660397758256879,1.0,1.0,0.0,4.645756734353958,4.032848234311111,0.6129085000428462,,,,True,0.442562159902173,0.3345908540605487,0.10797130584162429,0.9333333333333333,1.0,-0.06666666666666665,2.5267540346496276,1.9063749460612263,0.6203790885884013,,,,True
12.0,4,124.3999999999972,0.6,0.20000000000042917,0.2582894486702665,0.2502611270576235,0.008028321612642997,0.5833333333333334,0.5833333333333334,0.0,1.4753458808041222,1.4294882149878756,0.04585766581624662,,,,True,0.17078944867027146,0.16276112705762846,0.008028321612642997,0.5833333333333334,0.5833333333333334,0.0,0.9755470495512293,0.9296893837349829,0.045857665816246396,,,,True
12.0,4,130.69999999999726,0.6999999999995623,0.6999999999995623,0.23098559891838413,0.3311289849376352,-0.10014338601925107,0.7142857142857143,0.7142857142857143,0.0,1.31938665572188,1.8914043390376725,-0.5720176833157924,,,,True,0.10598559891839125,0.20612898493764228,-0.10014338601925103,0.7142857142857143,0.7142857142857143,0.0,0.6053883253606043,1.1774060086763969,-0.5720176833157926,,,,True
12.0,4,131.39999999999682,1.0000000000003695,1.0000000000003695,0.6764192315356443,0.5266923399552278,0.14972689158041652,1.0,1.0,0.0,4.0257511308483975,3.1191318366601957,0.9066192941882019,,,,True,0.4264192315356587,0.27669233995524195,0.14972689158041674,1.0,1.0,0.0,2.543354597336416,1.636735303148214,0.9066192941882019,,,,True
12.0,4,137.59999999999692,1.1000000000003354,1.1000000000003354,0.5186923183389143,0.49143958768135054,0.02725273065756373,0.7727272727272727,0.7727272727272727,0.0,3.103847574794268,2.940767615891291,0.16307995890297722,,,,True,0.30619231833892635,0.2789395876813626,0.02725273065756373,0.7727272727272727,0.7727272727272727,0.0,1.8322505483413303,1.6691705894383526,0.16307995890297766,,,,True
12.0,4,139.09999999999724,0.6,0.29999999999958504,0.1768604244896569,0.13300562196997076,0.043854802519686126,1.0,1.0,0.0,1.0204056892663806,0.767088112041599,0.25331757722478165,,,,True,0.031162059634801315,0.01577464700933632,0.015387412625464995,0.5833333333333334,0.3333333333333333,0.25000000000000006,0.1782423713525351,0.09010457301364214,0.08813779833889296,0.4500000000002302,0.20000000000017337,0.25000000000005684,False
12.0,4,140.69999999999675,0.6,0.49999999999954525,0.21530174015391648,0.24594205913501815,-0.030640318981101672,1.0,0.5833333333333334,0.41666666666666663,1.286480850884317,1.4717138403567984,-0.18523298947248135,,,,True,0.12088352748894163,0.15844205913502307,-0.037558531646081444,0.5833333333333334,0.5833333333333334,0.0,0.7233653369510075,0.94811506475853,-0.22474972780752256,,,,True
12.0,4,141.1999999999963,0.6,0.0999999999999659,0.7452006977011747,0.6666812249065873,0.07851947279458737,1.0,1.0,0.0,4.82424716223972,4.30010030706841,0.5241468551713098,,,,True,0.5952006977011832,0.5166812249065958,0.07851947279458737,1.0,1.0,0.0,3.8719272839147494,3.3477804287434405,0.5241468551713089,,,,True
12.0,4,141.29999999999626,1.5,4.300000000000665,2.341716254776837,1.9518851849396774,0.3898310698371594,1.0,1.0,0.0,15.420760260560726,12.84433530776602,2.5764249527947065,,,,True,1.9667162547768582,1.576885184939699,0.3898310698371592,1.0,1.0,0.0,12.964570214727942,10.38814526193324,2.576424952794703,,,,True
12.0,4,146.7999999999963,0.6,0.3000000000009493,0.2246478068419932,0.23536215965650661,-0.010714352814513411,1.0,0.5833333333333334,0.41666666666666663,1.4243861584472866,1.4988132503568456,-0.0744270919095591,,,,True,0.0746478068420017,0.1478621596565116,-0.07321435281450989,1.0,0.5833333333333334,0.41666666666666663,0.4736410132820087,0.9407671868902696,-0.4671261736082609,,,,True
12.0,4,147.3999999999959,1.3000000000008356,1.3000000000008356,1.4653939990275666,0.8770730175971769,0.5883209814303897,1.0,1.0,0.0,9.662640093909566,5.756439836914819,3.9062002569947474,,,,True,1.140393999027585,0.5520730175971954,0.5883209814303897,1.0,1.0,0.0,7.529664029103989,3.6234637721092393,3.9062002569947496,,,,True
12.0,4,150.89999999999662,1.5,1.8999999999988688,0.37061306173548525,0.4755001275018543,-0.10488706576636903,1.0,0.8666666666666667,0.1333333333333333,2.2133551012730805,2.845386109220638,-0.6320310079475573,,,,True,0.07186370213087068,0.15618566966173836,-0.08432196753086768,0.5333333333333333,0.7666666666666667,-0.2333333333333334,0.4300313879506828,0.9346128617244185,-0.5045814737737357,1.0000000000036522,,,True
12.0,4,152.7999999999955,0.6,0.100000000000108,0.2716851904257715,0.3207625447282084,-0.049077354302436926,0.5833333333333334,1.0,-0.41666666666666663,1.781999600521437,2.066860093839162,-0.284860493317725,,,,True,0.18418519042577644,0.17141910644946962,0.012766083976306825,0.5833333333333334,0.9166666666666666,-0.33333333333333326,1.2074188388780736,1.122209062921065,0.08520977595700852,,,,True
12.0,4,152.8999999999956,0.6,0.3000000000004377,0.33695361531649043,0.3599000056594624,-0.022946390342971967,0.75,1.0,-0.25,2.2246010186485594,2.3549311774881247,-0.13033015883956534,,,,True,0.22445361531649682,0.2105565673807236,0.013897047935773232,0.75,0.9166666666666666,-0.16666666666666663,1.4800803035215473,1.389939843257313,0.09014046026423439,,,,True
12.0,4,153.19999999999604,1.5,1.6000000000002501,0.7467999320467095,0.8254627194805925,-0.078662787433883,1.0,1.0,0.0,5.145912096728862,5.69643339619867,-0.5505212994698079,,,,True,0.3717999320467308,0.45046271948061367,-0.07866278743388289,1.0,1.0,0.0,2.550883077316392,3.1014043767862,-0.5505212994698079,,,,True
12.0,5,30.20000000000016,0.9000000000000092,0.9000000000000092,0.44733222048193955,0.44733222048193955,0.0,0.7777777777777778,0.7777777777777778,0.0,2.4440619436175144,2.4440619436175144,0.0,,,,True,0.2723322204819495,0.2723322204819495,0.0,0.7777777777777778,0.7777777777777778,0.0,1.487925049046762,1.487925049046762,0.0,,,,True
12.0,5,31.10000000000017,1.5,4.300000000000065,0.7240604362540131,0.7359366779632238,-0.011876241709210755,1.0,1.0,0.0,4.109035541307394,4.176872905938041,-0.06783736463064738,,,,True,0.34906043625403455,0.36093667796324497,-0.011876241709210422,1.0,1.0,0.0,1.9794579124907203,2.0472952771213673,-0.06783736463064693,,,,True
12.0,5,35.40000000000023,1.5,2.799999999999926,0.5511254089206854,0.6801148376636946,-0.12898942874300923,0.8333333333333334,0.8333333333333334,0.0,3.297926734994086,4.069797671622243,-0.7718709366281566,,,,True,0.23862540892070305,0.36761483766371233,-0.12898942874300928,0.8333333333333334,0.8333333333333334,0.0,1.4279311078574124,2.1998020444855686,-0.7718709366281562,,,,True
12.0,5,45.90000000000038,1.5,3.999999999999943,0.8369526474315142,0.7513533806394245,0.08559926679208973,0.8333333333333334,0.8333333333333334,0.0,4.572807458388477,4.105123931942036,0.4676835264464403,,,,True,0.5244526474315322,0.4388533806394421,0.08559926679209007,0.8333333333333334,0.8333333333333334,0.0,2.8654201466549907,2.397736620208551,0.46768352644643985,,,,True
12.0,5,49.900000000000325,1.5,4.000000000000057,0.6077061145002175,0.6564527796060228,-0.048746665105805276,0.8333333333333334,0.8333333333333334,0.0,3.471209208828146,3.7496495087979635,-0.2784402999698177,,,,True,0.29520611450023526,0.3439527796060405,-0.04874666510580522,0.8333333333333334,0.8333333333333334,0.0,1.6862133829249575,1.9646536828947756,-0.2784402999698181,,,,True
12.0,5,57.50000000000055,0.6,0.3999999999997783,0.23364707158261913,0.18253002510175761,0.05111704648086152,0.5833333333333334,0.5833333333333334,0.0,1.3182818273910928,1.030539783986749,0.28774204340434384,,,,True,0.1461470715826241,0.09503002510176259,0.05111704648086152,0.5833333333333334,0.5833333333333334,0.0,0.8277960178385645,0.5400539744342201,0.2877420434043444,,,,True
12.0,5,78.3999999999998,1.5,1.6999999999996902,0.6621669851435553,0.7087268192318543,-0.046559834088299,0.8666666666666667,0.8666666666666667,0.0,3.617841627785557,3.87222777165366,-0.254386143868103,,,,True,0.3371669851435739,0.38372681923187274,-0.046559834088298835,0.8666666666666667,0.8666666666666667,0.0,1.842158823582731,2.0965449674508347,-0.25438614386810365,,,,True
12.0,5,80.0999999999995,0.7000000000001876,0.7000000000001876,0.5561850966084296,0.5205399985209881,0.03564509808744154,1.0,1.0,0.0,3.164507045650073,2.9609762897877085,0.20353075586236447,,,,True,0.3936954253523436,0.3583465588479094,0.035348866504434195,0.6428571428571429,0.6428571428571429,0.0,2.248783010979693,2.0468707576650456,0.20191225331464757,,,,True
12.0,5,80.79999999999968,1.5,5.299999999999699,0.9889747354532724,0.8784534270442517,0.11052130840902075,1.0,1.0,0.0,5.849822079255043,5.19670065805061,0.6531214212044327,,,,True,0.613974735453294,0.503453427044273,0.11052130840902097,1.0,1.0,0.0,3.622827286937729,2.9697058657332978,0.6531214212044314,,,,True
12.0,5,86.09999999999938,0.6,0.3000000000004235,0.46578086254907597,0.2588149369833886,0.20696592556568738,1.0,0.5833333333333334,0.41666666666666663,2.8234512503303613,1.5690176381028742,1.254433612227487,,,,True,0.36201252495480163,0.17131493698339362,0.190697587971408,0.5833333333333334,0.5833333333333334,0.0,2.195022987704866,1.0379388799960587,1.1570841077088074,,,,True
12.0,5,92.09999999999904,1.5,2.000000000000341,0.8283135280741851,0.7398187625026788,0.08849476557150637,0.8333333333333334,0.8333333333333334,0.0,4.7313158084852756,4.225834889575103,0.5054809189101723,,,,True,0.5158135280742028,0.4273187625026965,0.08849476557150626,0.8333333333333334,0.8333333333333334,0.0,2.946319982582089,2.4408390636719153,0.5054809189101737,,,,True
12.0,5,99.19999999999864,0.9000000000004036,0.9000000000004036,0.284296598584131,0.38968411166213723,-0.10538751307800626,0.7222222222222222,0.7222222222222222,0.0,1.6238983737317672,2.2258704407607905,-0.6019720670290234,,,,True,0.12179659858414023,0.22718411166214647,-0.10538751307800624,0.7222222222222222,0.7222222222222222,0.0,0.695700544262109,1.2976726112911323,-0.6019720670290233,,,,True
12.0,5,100.69999999999855,1.5,6.500000000000085,0.4242258353108674,0.4045534711223187,0.019672364188548674,1.0,1.0,0.0,2.4099360634180207,2.290694526228154,0.11924153718986652,,,,True,0.09815167206135482,0.09593720093834185,0.0022144711230129704,0.5666666666666667,0.6333333333333333,-0.06666666666666665,0.560637868636208,0.5434042159925245,0.017233652643683484,1.0999999999978058,0.9999999999977973,0.10000000000000853,False
12.0,5,112.69999999999789,1.5,3.1999999999997897,0.5300608518068949,0.8191493904319517,-0.2890885386250568,0.8333333333333334,0.8333333333333334,0.0,2.89606135302972,4.475536882041004,-1.5794755290112836,,,,True,0.2180926149979181,0.5066493904319694,-0.28855677543405134,0.8,0.8333333333333334,-0.033333333333333326,1.191579403616776,2.768149570307518,-1.576570166690742,1.499999999997769,,,True
12.0,5,115.89999999999768,1.5,1.8999999999999062,0.6213951050306054,0.5694015884120264,0.05199351661857898,0.8333333333333334,0.8333333333333334,0.0,3.549400539892376,3.252414267450146,0.2969862724422301,,,,True,0.3088951050306232,0.25690158841204414,0.05199351661857904,0.8333333333333334,0.8333333333333334,0.0,1.7644047139891883,1.467418441546958,0.2969862724422303,,,,True
12.0,5,117.79999999999758,1.5,2.900000000000304,0.6287010274901431,0.7243635718194897,-0.09566254432934662,1.0,1.0,0.0,3.7543393071437925,4.331682261331963,-0.5773429541881705,,,,True,0.2875287404357594,0.4012046634427831,-0.11367592300702373,0.8333333333333334,0.8333333333333334,0.0,1.7205679593312542,2.400803091919644,-0.68023513258839,,,,True
12.0,5,123.99999999999712,1.5,1.8000000000004661,1.0012440652791703,0.8761027552065668,0.12514131007260354,0.8333333333333334,0.8333333333333334,0.0,5.719092727148035,5.004287235539502,0.7148054916085327,,,,True,0.688744065279188,0.5636027552065844,0.12514131007260354,0.8333333333333334,0.8333333333333334,0.0,3.934096901244848,3.2192914096363143,0.7148054916085336,,,,True
12.0,5,129.39999999999694,1.5,2.600000000000165,0.6001041468596849,0.7665656733922274,-0.16646152653254243,1.0,0.8666666666666667,0.1333333333333333,3.426169488359616,4.378612887314787,-0.9524433989551713,,,,True,0.26859156064643924,0.4415656733922458,-0.17297411274580654,0.8666666666666667,0.8666666666666667,0.0,1.5341914068055837,2.522217228375471,-0.9880258215698872,,,,True
12.0,5,139.59999999999624,1.5,8.0,0.7865896750677678,0.6974551315825569,0.08913454348521088,0.8333333333333334,0.8333333333333334,0.0,4.297642338404317,3.810643334936109,0.4869990034682079,,,,True,0.4740896750677856,0.38495513158257455,0.08913454348521105,0.8333333333333334,0.8333333333333334,0.0,2.590255026670831,2.103256023202623,0.4869990034682079,,,,True
12.0,5,149.29999999999623,0.6,0.2999999999995566,0.23478122469114487,0.24688920224825614,-0.012107977557111266,0.5833333333333334,0.5833333333333334,0.0,1.2981008527723663,1.3652367577446014,-0.0671359049722351,,,,True,0.14728122469114985,0.1593892022482611,-0.012107977557111266,0.5833333333333334,0.5833333333333334,0.0,0.8138237243534139,0.8809596293256489,-0.06713590497223498,,,,True
12.0,5,149.5999999999958,1.5,inf,0.8072314477578204,0.8436854917836805,-0.036454044025860055,1.0,1.0,0.0,4.576539566524864,4.783184715833862,-0.20664514930899802,,,,True,0.43223144775784167,0.4686854917837017,-0.036454044025860055,1.0,1.0,0.0,2.4469619377081897,2.653607087017188,-0.20664514930899847,,,,True
12.0,6,22.50000000000005,0.9999999999999112,0.9999999999999112,0.5399140165765506,0.5288099584507591,0.011104058125791516,0.8,0.8,0.0,3.0839816509946334,3.0205554192982333,0.06342623169640005,,,,True,0.3399140165765619,0.3288099584507705,0.011104058125791405,0.8,0.8,0.0,1.9415843224165936,1.8781580907201931,0.06342623169640049,,,,True
12.0,6,28.20000000000013,1.5,2.299999999999919,0.964056011132391,0.7342721529071372,0.22978385822525382,0.8666666666666667,0.8666666666666667,0.0,5.506675058586544,4.194152729652042,1.3125223289345023,,,,True,0.6390560111324097,0.40927215290715574,0.229783858225254,0.8666666666666667,0.8666666666666667,0.0,3.6502793996472302,2.3377570707127258,1.3125223289345045,,,,True
12.0,6,50.300000000000445,0.8000000000000114,0.8000000000000114,0.3457087170720735,0.3387098726550063,0.006998844417067218,0.6875,0.6875,0.0,1.888827766670571,1.8505886045761777,0.038239162094393375,,,,True,0.20820871707208127,0.2012098726550141,0.006998844417067163,0.6875,0.6875,0.0,1.137577349507837,1.0993381874134436,0.038239162094393375,,,,True
12.0,6,51.100000000000456,1.5,3.2000000000000455,0.783050250938485,0.6948489228123218,0.08820132812616321,1.0,1.0,0.0,4.438576149215258,3.9353282717576548,0.5032478774576035,,,,True,0.4080502509385061,0.319848922812343,0.0882013281261631,1.0,1.0,0.0,2.3121028609653718,1.80885498350777,0.5032478774576017,,,,True
12.0,6,54.3000000000005,1.5,3.999999999999943,0.6490992576381635,0.6429946023592744,0.006104655278889037,1.0,0.8333333333333334,0.16666666666666663,3.872019261513367,3.8476707029900696,0.024348558523297203,,,,True,0.29181381010857765,0.3304946023592923,-0.038680792250714635,0.8333333333333334,0.8333333333333334,0.0,1.746209756291723,1.9776750758533959,-0.23146531956167293,,,,True
12.0,6,67.00000000000047,1.5,3.799999999999784,0.6515957832696084,0.5964458821066543,0.05514990116295415,0.8333333333333334,0.8333333333333334,0.0,3.5600843927476333,3.258765219982868,0.3013191727647655,,,,True,0.33909578326962636,0.283945882106672,0.05514990116295437,0.8333333333333334,0.8333333333333334,0.0,1.852697081014147,1.5513779082493808,0.30131917276476616,,,,True
12.0,6,70.80000000000025,1.5,3.799999999999784,0.9145058437194632,0.6078805551695967,0.3066252885498665,0.8333333333333334,0.8333333333333334,0.0,5.223645164170908,3.472205611601617,1.7514395525692912,,,,True,0.6020058437194806,0.2953805551696145,0.30662528854986615,0.8333333333333334,0.8333333333333334,0.0,3.4386493382677212,1.6872097856984287,1.7514395525692925,,,,True
12.0,6,74.60000000000004,0.6,0.400000000000432,0.19965383325375527,0.23234690648349016,-0.03269307322973489,1.0,0.5833333333333334,0.41666666666666663,1.1687140656535484,1.3613974429808087,-0.19268337732726026,,,,True,0.10558062596687047,0.14484690648349516,-0.03926628051662469,0.5833333333333334,0.5833333333333334,0.0,0.617769193979633,0.8479986435305582,-0.23022944955092517,,,,True
12.0,6,80.59999999999958,1.5,2.0000000000004547,0.19606501398030415,0.5050638279314043,-0.30899881395110007,0.8333333333333334,0.8333333333333334,0.0,1.119920740993642,2.8849178389513415,-1.7649970979576994,,,,True,0.0,0.19256382793142202,-0.19256382793142202,0.0,0.8333333333333334,-0.8333333333333334,0.0,1.0999220130481537,-1.0999220130481537,0.0,,,True
12.0,6,92.19999999999904,1.5,5.299999999999699,0.49989267229909384,0.5344530685280479,-0.034560396228954016,0.8333333333333334,0.8333333333333334,0.0,2.731233298918613,2.9200588413499773,-0.1888255424313643,,,,True,0.18766547029600267,0.22211216572159884,-0.03444669542559617,0.8,0.8,0.0,1.0253364570685128,1.2135407793111184,-0.18820432224260553,1.499999999997783,1.499999999997783,0.0,False
12.0,6,97.49999999999874,1.1999999999999034,1.1999999999999034,0.5620680290274741,0.6006348355092226,-0.038566806481748483,0.7916666666666666,0.7916666666666666,0.0,3.2105250742007407,3.430818157683431,-0.2202930834826904,,,,True,0.32456802902748766,0.36313483550923603,-0.03856680648174837,0.7916666666666666,0.7916666666666666,0.0,1.853928246514317,2.0742213299970076,-0.2202930834826906,,,,True
12.0,6,98.69999999999864,1.5,1.500000000000398,0.6030432679270671,0.6918384066929062,-0.08879513876583911,1.0,1.0,0.0,3.584972975687922,4.114681683322284,-0.5297087076343621,,,,True,0.230071837971089,0.31683840669292745,-0.08676656872183847,0.9,1.0,-0.09999999999999998,1.36671712607846,1.8842868989556325,-0.5175697728771724,1.3999999999978172,,,True
12.0,6,105.29999999999828,0.6,0.2000000000004576,0.32222425645249664,0.25859383570296013,0.06363042074953651,0.5833333333333334,0.5833333333333334,0.0,1.8405406488719942,1.4770845354691373,0.3634561134028569,,,,True,0.23472425645250164,0.17109383570296513,0.06363042074953651,0.5833333333333334,0.5833333333333334,0.0,1.3407418176191013,0.9772857042162443,0.363456113402857,,,,True
12.0,6,109.49999999999852,1.5,3.7999999999997556,0.7114457485006381,0.6714900964098182,0.03995565209081997,0.8333333333333334,0.8333333333333334,0.0,4.063768612576902,3.8355424615261557,0.22822615105074595,,,,True,0.398945748500656,0.3589900964098358,0.03995565209082019,0.8333333333333334,0.8333333333333334,0.0,2.2787727866737133,2.050546635622968,0.2282261510507455,,,,True
12.0,6,123.29999999999772,1.5,5.899999999999679,0.7962898699207371,0.7447653258435686,0.051524544077168555,0.8666666666666667,0.8666666666666667,0.0,4.350640705166887,4.069129176206198,0.28151152896068865,,,,True,0.4712898699207556,0.4197653258435871,0.0515245440771685,0.8666666666666667,0.8666666666666667,0.0,2.574957900964061,2.293446372003372,0.2815115289606891,,,,True
12.0,6,129.1999999999974,1.5,1.6999999999999034,0.699195564623007,0.7084513207811336,-0.009255756158126571,0.8666666666666667,0.8666666666666667,0.0,3.9937957258949193,4.046664481439991,-0.05286875554507153,,,,True,0.37419556462302545,0.38345132078115224,-0.009255756158126793,0.8666666666666667,0.8666666666666667,0.0,2.1374000669556024,2.1902688225006757,-0.05286875554507331,,,,True
12.0,6,130.8999999999973,0.6,0.400000000000432,0.22940066209860313,0.2747109199173988,-0.04531025781879569,1.0,1.0,0.0,1.3399109647955583,1.6076166738550421,-0.2677057090594839,,,,True,0.08380543194803929,0.13788004448779495,-0.054074612539755665,0.6666666666666666,0.6666666666666666,0.0,0.49127299466026814,0.8090405808194299,-0.31776758615916173,,,,True
12.0,6,135.79999999999657,1.40000000000083,1.40000000000083,0.7447473956413776,0.6600109101774646,0.08473648546391299,0.8620689655172413,0.8620689655172413,0.0,4.456557994146825,3.949496050862162,0.5070619432846635,,,,True,0.43224739564139525,0.34751091017748226,0.08473648546391299,0.8620689655172413,0.8620689655172413,0.0,2.5865623670101505,2.079500423725488,0.5070619432846626,,,,True
12.0,6,138.6999999999963,0.6,0.2000000000010118,0.20217306625869447,0.2563926901013175,-0.05421962384262302,1.0,0.5833333333333334,0.41666666666666663,1.1548098540218856,1.4645116211934974,-0.3097017671716118,,,,True,0.11055302044358492,0.16889269010132252,-0.0583396696577376,0.5833333333333334,0.5833333333333334,0.0,0.6314773761049615,0.9647127899406045,-0.33323541383564304,,,,True
12.0,6,140.79999999999674,1.5,2.9999999999998295,0.723880364145006,0.5597673394293621,0.16411302471564393,1.0,1.0,0.0,4.329377487532926,3.3452090551345703,0.9841684323983557,,,,True,0.4028785717076775,0.23345972298634493,0.16941884872133256,0.8333333333333334,0.8,0.033333333333333326,2.4108197355535017,1.397019715510495,1.0138000200430066,,1.4500000000013387,,True
12.0,6,150.69999999999607,1.5,3.49999999999946,0.6688527895185221,0.7838621012449707,-0.11500931172644857,0.8666666666666667,0.8666666666666667,0.0,3.6543704519729205,4.282739858606363,-0.6283694066334427,,,,True,0.34385278951854054,0.4588621012449892,-0.11500931172644868,0.8666666666666667,0.8666666666666667,0.0,1.8786876477700938,2.5070570544035373,-0.6283694066334435,,,,True
12.0,7,23.30000000000006,1.5,1.7000000000000242,0.7344296405259971,0.7176094457537712,0.01682019477222596,0.8666666666666667,0.8666666666666667,0.0,4.012658718704461,3.920759239872505,0.09189947883195648,,,,True,0.4094296405260156,0.3926094457537895,0.016820194772226127,0.8666666666666667,0.8666666666666667,0.0,2.2369759145016346,2.1450764356696785,0.09189947883195604,,,,True
12.0,7,25.000000000000085,1.5,3.600000000000051,1.1356745633040124,0.9543688633778954,0.181305699926117,1.0,1.0,0.0,6.47555543649297,5.442450763274848,1.033104673218122,,,,True,0.7654384201385492,0.5935664258754278,0.17187199426312139,0.9,0.8666666666666667,0.033333333333333326,4.372005803561632,3.390443496268719,0.9815623072929132,,,,True
12.0,7,28.600000000000136,0.6,0.30000000000000426,0.2946131723109865,0.2687972251553793,0.0258159471556072,1.0,0.6666666666666666,0.33333333333333337,1.7749962107587214,1.626217705771444,0.1487785049872774,,,,True,0.1723540944914214,0.16879722515538492,0.0035568693360364667,0.6666666666666666,0.6666666666666666,0.0,1.0419740723779898,1.0203391225791616,0.021634949798828185,,,,True
12.0,7,28.90000000000014,1.5,2.3999999999999204,0.7460248900605024,0.7251402743254639,0.020884615735038525,1.0,1.0,0.0,4.645103830908101,4.51439770110058,0.13070612980752117,,,,True,0.3710248900605238,0.3505632435027043,0.020461646557819513,1.0,0.9666666666666667,0.033333333333333326,2.303869305732985,2.1758207696451555,0.1280485360878294,,1.450000000000152,,True
12.0,7,38.80000000000028,1.5,6.600000000000094,0.37232729799271924,0.6233209167273326,-0.25099361873461334,0.8333333333333334,0.8333333333333334,0.0,2.034262094095417,3.4056007179468573,-1.3713386238514405,,,,True,0.07501011035066012,0.31082091672735035,-0.23581080637669022,0.6,0.8333333333333334,-0.2333333333333334,0.4098281941262493,1.698213406213371,-1.2883852120871215,1.1999999999995836,,,True
12.0,7,45.400000000000375,1.3999999999999062,1.3999999999999062,0.6417659823317358,0.6673821321304443,-0.02561614979870852,0.8214285714285714,0.8214285714285714,0.0,3.6657587189403955,3.812077824432901,-0.14631910549250549,,,,True,0.3542659823317522,0.3798821321304607,-0.025616149798708465,0.8214285714285714,0.8214285714285714,0.0,2.0235625591094624,2.1698816646019674,-0.14631910549250504,,,,True
12.0,7,49.80000000000044,0.6,0.09999999999988773,0.3149914818586984,0.24496242264824486,0.07002905921045355,0.5833333333333334,0.5833333333333334,0.0,1.871345043344763,1.456126396348998,0.41521864699576483,,,,True,0.22749148185870335,0.15746242264824978,0.07002905921045358,0.5833333333333334,0.5833333333333334,0.0,1.3511462597958341,0.9359276128000688,0.4152186469957654,,,,True
12.0,7,49.900000000000325,1.5,3.5000000000000497,1.1068016524612176,0.8553767194918941,0.25142493296932356,0.9,0.9,0.0,6.609526024302013,5.108837007035072,1.5006890172669403,,,,True,0.7693016524612368,0.5178767194919134,0.25142493296932344,0.9,0.9,0.0,4.593330739043743,3.0926417217768014,1.5006890172669411,,,,True
12.0,7,53.70000000000049,1.5,2.900000000000034,1.5244137109778586,0.5786665685632694,0.9457471424145892,1.0,0.8333333333333334,0.16666666666666663,9.10337187676958,3.462732648907392,5.640639227862188,,,,True,1.1494443460849806,0.28345862874268,0.8659857173423006,0.9666666666666667,0.6666666666666666,0.30000000000000004,6.876552071774833,1.6962124679136006,5.180339603861233,,1.2999999999985192,,True
12.0,7,56.60000000000053,1.1999999999999105,1.1999999999999105,0.44206219057593626,0.5307484665529464,-0.08868627597701012,1.0,0.7916666666666666,0.20833333333333337,2.753195201795931,3.3347909668535687,-0.5815957650576378,,,,True,0.14206219057595323,0.29324846655295983,-0.1511862759770066,1.0,0.7916666666666666,0.20833333333333337,0.8869395659135294,1.8425344563985018,-0.9555948904849724,,,,True
12.0,7,74.80000000000003,1.5,7.999999999999432,0.7599559974323543,0.7306446530402583,0.02931134439209604,0.8333333333333334,0.8333333333333334,0.0,4.152125527973891,3.9919789119581544,0.16014661601573676,,,,True,0.447455997432372,0.41814465304027615,0.029311344392095873,0.8333333333333334,0.8333333333333334,0.0,2.4447382162404065,2.2845916002246676,0.16014661601573899,,,,True
12.0,7,82.79999999999946,0.7999999999998408,0.7999999999998408,0.32088346068121093,0.38987730181380836,-0.06899384113259743,0.6875,0.6875,0.0,1.7531915177992372,2.130148986399428,-0.37695746860019086,,,,True,0.18338346068121877,0.2523773018138162,-0.0689938411325974,0.6875,0.6875,0.0,1.0019411006365033,1.378898569236694,-0.37695746860019064,,,,True
12.0,7,83.5999999999993,1.5,5.199999999999932,0.8811260817446884,0.984942348329562,-0.10381626658487353,1.0,1.0,0.0,5.00140619090203,5.586910404388603,-0.5855042134865727,,,,True,0.5061260817447097,0.6099423483295833,-0.10381626658487353,1.0,1.0,0.0,2.874932902652146,3.4604371161387193,-0.5855042134865731,,,,True
12.0,7,88.79999999999923,1.5,2.0000000000002274,0.4629580493936039,0.6840416353290502,-0.22108358593544625,0.8333333333333334,0.8333333333333334,0.0,2.7703344893242026,4.093295573903413,-1.3229610845792106,,,,True,0.1550127959060432,0.3715416353290679,-0.21652883942302473,0.7333333333333333,0.8333333333333334,-0.10000000000000009,0.9275944015825516,2.2232999467667396,-1.295705545184188,1.3999999999977888,,,True
12.0,7,95.69999999999884,1.1000000000004064,1.1000000000004064,0.6531792601574533,0.5534427062907944,0.09973655386665892,0.7727272727272727,0.7727272727272727,0.0,3.7309512094324937,3.161257345938206,0.5696938634942876,,,,True,0.44067926015746545,0.34094270629080636,0.09973655386665908,0.7727272727272727,0.7727272727272727,0.0,2.5171540478183245,1.9474601843240367,0.5696938634942879,,,,True
12.0,7,100.19999999999858,1.5,3.500000000000256,1.1914424826926902,0.7408834611320128,0.4505590215606774,1.0,0.8333333333333334,0.16666666666666663,6.80354588033879,4.231916433924564,2.571629446414226,,,,True,0.8710597031938406,0.4283834611320307,0.44267624206180994,0.8333333333333334,0.8333333333333334,0.0,4.97548138980341,2.4469206080213755,2.528560781782035,,,,True
12.0,7,105.49999999999817,1.5,2.700000000000415,0.6325263263424544,0.7379664687860907,-0.10544014244363631,0.9,0.8333333333333334,0.06666666666666665,3.6128912297820266,4.215254612607242,-0.6023633828252155,,,,True,0.31966112171713285,0.4254664687861085,-0.10580534706897565,0.8333333333333334,0.8333333333333334,0.0,1.8259000574996687,2.4302587867040537,-0.604358729204385,,,,True
12.0,7,120.1999999999979,1.5,7.999999999999986,0.8090690698529105,0.7572756074837653,0.05179346236914517,0.8666666666666667,0.8666666666666667,0.0,4.420461645385446,4.13748084384999,0.282980801535456,,,,True,0.4840690698529292,0.43227560748378374,0.05179346236914545,0.8666666666666667,0.8666666666666667,0.0,2.64477884118262,2.361798039647165,0.28298080153545513,,,,True
12.0,7,129.2999999999974,0.6,0.49999999999940314,0.15094464547427394,0.12598699063399574,0.024957654840278204,0.6666666666666666,0.6666666666666666,0.0,0.8247071118620781,0.6883474856063427,0.1363596262557354,,,,True,0.05094464547427962,0.025986990634001415,0.024957654840278204,0.6666666666666666,0.6666666666666666,0.0,0.27834317210736226,0.141983545851627,0.13635962625573525,,,,True
12.0,7,129.7999999999968,1.5,7.500000000000597,0.7158026265055643,0.7297273612064917,-0.013924734700927477,1.0,1.0,0.0,4.066536391204054,4.148659592105664,-0.08212320090161018,,,,True,0.3408026265055856,0.3547273612065128,-0.0139247347009272,1.0,1.0,0.0,1.9400631029541684,2.0221863038557797,-0.08212320090161129,,,,True
12.0,7,137.99999999999736,1.5,8.0,0.09480996102099744,0.16998225882586,-0.07517229780486255,0.7931034482758621,0.8620689655172413,-0.06896551724137923,0.518007438314261,0.928721766205079,-0.41071432789081797,,,,True,0.0,0.0,0.0,0.0,0.0,0.0,0.0,0.0,0.0,0.0,0.0,0.0,False
12.0,7,150.09999999999576,0.6,0.10000000000044906,0.2776177191559031,0.2473224922826673,0.030295226873235798,0.6666666666666666,0.6666666666666666,0.0,1.5592023413224525,1.3891218446184963,0.1700804967039562,,,,True,0.1776177191559088,0.147322492282673,0.030295226873235798,0.6666666666666666,0.6666666666666666,0.0,0.9973166987337966,0.8272362020298403,0.1700804967039563,,,,True
12.0,7,150.1999999999962,1.5,3.1999999999997044,0.8231360205098699,0.7113763475582843,0.11175967295158562,0.9333333333333333,0.9333333333333333,0.0,4.675195592108643,4.039791267534677,0.6354043245739662,,,,True,0.47313602050988995,0.3613763475583043,0.11175967295158568,0.9333333333333333,0.9333333333333333,0.0,2.6853132887974356,2.049908964223469,0.6354043245739667,,,,True
12.0,7,153.3999999999959,0.6,0.20000000000010232,0.2444481380487274,0.2665290571290642,-0.022080919080336825,0.6666666666666666,0.6666666666666666,0.0,1.4957878822430313,1.6245010307034882,-0.1287131484604569,,,,True,0.14444813804873305,0.1665290571290699,-0.022080919080336853,0.6666666666666666,0.6666666666666666,0.0,0.8861693077964754,1.0148824562569323,-0.1287131484604569,,,,True
24.0,0,32.100000000000186,1.200000000000017,1.200000000000017,0.4820251044635163,0.4998895709607167,-0.01786446649720036,0.7916666666666666,0.7916666666666666,0.0,2.6336113513538004,2.7312163543240713,-0.09760500297027086,,,,True,0.24452510446352985,0.2623895709607302,-0.017864466497200332,0.7916666666666666,0.7916666666666666,0.0,1.3359969944363508,1.4336019974066214,-0.09760500297027064,,,,True
24.0,0,33.3000000000002,1.5,3.2000000000000455,0.6497123744331963,0.8112577780472915,-0.1615454036140952,1.0,1.0,0.0,3.690833350008478,4.613467360592362,-0.9226340105838844,,,,True,0.2623293407062863,0.42375777804731385,-0.16142843734102758,0.967741935483871,1.0,-0.032258064516129004,1.4936283385118974,2.41559423930635,-0.9219659007944525,1.4999999999999574,,,True
24.0,0,36.50000000000025,1.1999999999999034,1.1999999999999034,0.4800207725040249,0.5301827953019388,-0.050162022797913874,0.7916666666666666,0.7916666666666666,0.0,2.872437585655509,3.1726064281528994,-0.3001688424973903,,,,True,0.24252077250403853,0.29268279530195235,-0.05016202279791382,0.7916666666666666,0.7916666666666666,0.0,1.4512409090316367,1.7514097515290268,-0.30016884249739006,,,,True
24.0,0,37.70000000000015,1.5,2.400000000000034,0.6903571107570116,0.5647423387285372,0.12561477202847438,1.0,1.0,0.0,4.316001001474566,3.524016482486343,0.7919845189882233,,,,True,0.3153571107570328,0.19654923106075894,0.11880787969627388,1.0,0.8666666666666667,0.1333333333333333,1.9747664762994495,1.2255509232004607,0.7492155530989888,,1.349999999999767,,True
24.0,0,51.000000000000455,1.5,1.6000000000000512,0.8040932967536962,0.7907762532113246,0.01331704354237162,0.8333333333333334,0.8333333333333334,0.0,4.3932758154473195,4.320516291690365,0.07275952375695471,,,,True,0.49159329675371394,0.4782762532113423,0.01331704354237162,0.8333333333333334,0.8333333333333334,0.0,2.6858885037138336,2.613128979956879,0.07275952375695471,,,,True
24.0,0,52.600000000000506,0.6,0.19999999999997442,0.3973441072565944,0.2816510159301713,0.11569309132642314,1.0,1.0,0.0,2.304482863969072,1.6131789454641956,0.6913039185048764,,,,True,0.24734410725660297,0.13165101593017983,0.11569309132642314,1.0,1.0,0.0,1.4499022536546757,0.7585983351497991,0.6913039185048766,,,,True
24.0,0,52.80000000000048,1.5,3.7000000000000526,1.5367396384557275,0.7121710592105189,0.8245685792452085,1.0,1.0,0.0,9.16047004964598,4.222090327363299,4.938379722282681,,,,True,1.1617396384557488,0.3371710592105403,0.8245685792452084,1.0,1.0,0.0,6.933475257328668,1.9950955350459862,4.938379722282682,,,,True
24.0,0,56.50000000000053,1.5,2.499999999999922,1.1150324539925414,0.9126030527505551,0.20242940124198627,1.0,0.8333333333333334,0.16666666666666663,7.001169529024711,5.734054092329524,1.2671154366951871,,,,True,0.7865364174906319,0.6001030527505726,0.18643336474005923,0.8333333333333334,0.8333333333333334,0.0,4.941954061938808,3.7705586838360157,1.1713953781027922,,,,True
24.0,0,69.90000000000029,1.5,1.9999999999999005,0.5862628940394854,0.7472073046936313,-0.1609444106541459,0.8666666666666667,0.8666666666666667,0.0,3.203129045194327,4.082471268059377,-0.8793422228650503,,,,True,0.26126289403950376,0.4222073046936497,-0.16094441065414594,0.8666666666666667,0.8666666666666667,0.0,1.4274462409915012,2.306788463856553,-0.8793422228650516,,,,True
24.0,0,71.90000000000019,1.5,2.899999999999764,0.7001371278466593,0.6287320333349498,0.07140509451170951,0.9333333333333333,1.0,-0.06666666666666665,3.9980501917808944,3.5865294556703438,0.4115207361105506,,,,True,0.3831122913846802,0.29698671942101507,0.08612557196366516,0.8333333333333334,0.8333333333333334,0.0,2.188332291116479,1.6963841744487174,0.4919481166677615,,,,True
24.0,0,74.79999999999995,1.5,3.1000000000003354,0.7378924664411171,0.7103620927609124,0.02753037368020461,0.8666666666666667,0.8666666666666667,0.0,4.415538193734603,4.250796822869245,0.16474137086535823,,,,True,0.41289246644113536,0.3853620927609308,0.027530373680204556,0.8666666666666667,0.8666666666666667,0.0,2.4707427415124608,2.306001370647103,0.16474137086535778,,,,True
24.0,0,78.49999999999982,0.6,0.10000000000002274,0.2541386672625894,0.2633224917811993,-0.00918382451860994,0.5833333333333334,0.5833333333333334,0.0,1.584673423657452,1.642003558004297,-0.057330134346845085,,,,True,0.16663866726259435,0.1758224917812043,-0.00918382451860994,0.5833333333333334,0.5833333333333334,0.0,1.0386347005335428,1.095964834880388,-0.05733013434684531,,,,True
24.0,0,78.59999999999984,1.3000000000003524,1.3000000000003524,0.7421472223213006,0.7842550986454594,-0.0421078763241588,0.8846153846153846,0.8846153846153846,0.0,4.650921606580286,4.915119659484575,-0.2641980529042893,,,,True,0.45464722232131694,0.4967550986454758,-0.042107876324158855,0.8846153846153846,0.8846153846153846,0.0,2.848245822020532,3.1124438749248213,-0.2641980529042893,,,,True
24.0,0,83.39999999999942,1.5,1.9000000000000057,0.5754965596817372,0.7048409972333184,-0.1293444375515812,0.8666666666666667,0.8666666666666667,0.0,3.443763360118752,4.217758664489708,-0.7739953043709558,,,,True,0.262926257833675,0.3798409972333368,-0.1169147393996618,0.7,0.8666666666666667,-0.16666666666666674,1.5733470477069134,2.2729632122675656,-0.6996161645606522,1.2999999999979082,,,True
24.0,0,85.29999999999943,1.2000000000003865,1.2000000000003865,0.39114621343342487,0.481107540221827,-0.08996132678840213,1.0,0.9166666666666666,0.08333333333333337,2.45448540764334,3.02133235559124,-0.5668469479479001,,,,True,0.14308892417214536,0.23840875699581815,-0.09531983282367279,0.7916666666666666,0.7916666666666666,0.0,0.8990542259785577,1.497966399059073,-0.5989121730805154,,,,True
24.0,0,89.89999999999961,0.6,0.5999999999999943,0.21964916901319848,0.19739543952404978,0.022253729489148694,0.5833333333333334,0.5833333333333334,0.0,1.3143775537885092,1.1812115479254919,0.1331660058630173,,,,True,0.13214916901320345,0.10989543952405476,0.022253729489148694,0.5833333333333334,0.5833333333333334,0.0,0.79077877819024,0.6576127723272228,0.1331660058630172,,,,True
24.0,0,90.4999999999996,0.6,0.19999999999990337,0.4716722810268862,0.46406917943880216,0.007603101588084027,1.0,1.0,0.0,3.005094570515438,2.9597205787831813,0.04537399173225687,,,,True,0.3216722810268946,0.3140691794388107,0.007603101588083916,1.0,1.0,0.0,2.061042041278859,2.0156680495466026,0.045373991732256425,,,,True
24.0,0,90.6999999999995,0.6999999999999176,0.6999999999999176,0.6800356270182966,0.6815525546609292,-0.0015169276426326705,1.0,1.0,0.0,4.454219555634277,4.464937201193623,-0.01071764555934518,,,,True,0.5050356270183064,0.5065525546609392,-0.0015169276426327816,1.0,1.0,0.0,3.3133253814359436,3.3240430269952888,-0.01071764555934518,,,,True
24.0,0,95.29999999999876,1.5,2.6000000000008328,0.6583676521332499,0.8401128050486405,-0.18174515291539062,0.8333333333333334,0.8333333333333334,0.0,4.136645958605956,5.278584433055045,-1.1419384744490886,,,,True,0.34586765213326764,0.5276128050486583,-0.18174515291539062,0.8333333333333334,0.8333333333333334,0.0,2.1731505501124477,3.3150890245615363,-1.1419384744490886,,,,True
24.0,0,101.89999999999849,1.4000000000002757,1.4000000000002757,1.1932866797062076,0.8640212180620062,0.32926546164420145,1.0,0.8214285714285714,0.1785714285714286,6.814266524326289,4.935277656744186,1.8789888675821027,,,,True,0.898655329035048,0.5765212180620225,0.32213411097302547,0.8214285714285714,0.8214285714285714,0.0,5.133107236010592,3.2930814969132536,1.8400257390973387,,,,True
24.0,0,103.3999999999984,1.4000000000004036,1.4000000000004036,1.5741254053043798,1.2949384793071885,0.2791869259971913,1.0,1.0,0.0,8.970500316191705,7.373326813407145,1.5971735027845604,,,,True,1.2241254053044002,0.9449384793072084,0.27918692599719175,1.0,1.0,0.0,6.986826694014074,5.389653191229515,1.5971735027845595,,,,True
24.0,0,104.7999999999988,1.5,2.199999999999278,0.7005898940214047,0.7465585177886911,-0.04596862376728639,1.0,1.0,0.0,4.143054697298852,4.441568949192023,-0.29851425189317116,,,,True,0.33679227167253617,0.3715585177887124,-0.034766246116176236,0.8333333333333334,1.0,-0.16666666666666663,1.9796947840397552,2.2111741648253695,-0.23147938078561436,1.2999999999973113,,,True
24.0,0,106.99999999999808,1.5,2.9000000000004036,0.47035452257481847,0.6839604685756244,-0.21360594600080596,1.0,1.0,0.0,2.9448672346699567,4.295751232685347,-1.35088399801539,,,,True,0.12275155095488789,0.3532815309620168,-0.23052998000712893,0.7,0.8666666666666667,-0.16666666666666674,0.7712707413932576,2.2197333246384545,-1.448462583245197,1.2999999999979224,,,True
24.0,0,112.59999999999776,0.6,0.20000000000104023,0.09575718283757957,0.33615613377589515,-0.2403989509383156,0.5833333333333334,0.5833333333333334,0.0,0.546963749329081,1.9201193460536359,-1.3731555967245548,,,,True,0.00825718283758455,0.24865613377590012,-0.24039895093831556,0.5833333333333334,0.5833333333333334,0.0,0.04716491807618804,1.4203205148007432,-1.3731555967245552,,,,True
24.0,0,115.19999999999764,1.5,4.999999999999801,0.9695034766102903,0.7943850456976275,0.17511843091266288,1.0,0.9666666666666667,0.033333333333333326,5.535416618741861,4.535437374252861,0.9999792444890003,,,,True,0.6474431133021915,0.47351210771277286,0.17393100558941865,0.8333333333333334,0.8333333333333334,0.0,3.6981864152135806,2.704694834502302,0.9934915807112787,,,,True
24.0,0,120.19999999999744,0.6,0.4000000000003183,0.22179669355989545,0.22600087856516943,-0.004204185005273975,0.5833333333333334,0.5833333333333334,0.0,1.2996024667277004,1.3242199677636108,-0.024617501035910427,,,,True,0.13429669355990045,0.13850087856517437,-0.004204185005273919,0.5833333333333334,0.5833333333333334,0.0,0.7862036672774497,0.8108211683133603,-0.02461750103591054,,,,True
24.0,0,120.69999999999776,1.299999999999926,1.299999999999926,0.5729074060990875,0.5801705737082192,-0.007263167609131704,1.0,1.0,0.0,3.392006874786993,3.434714695018106,-0.04270782023111286,,,,True,0.250514401864752,0.2597718670209455,-0.009257465156193523,0.9230769230769231,0.8846153846153846,0.03846153846153855,1.4764116169437198,1.531053285789921,-0.05464166884620125,1.2499999999974563,1.199999999997459,0.04999999999999716,False
24.0,0,121.99999999999768,1.1999999999999602,1.1999999999999602,0.3428023043484768,0.4385693855017844,-0.09576708115330762,1.0,1.0,0.0,2.141844625036054,2.745178980658907,-0.6033343556228532,,,,True,0.06839523707949653,0.1661971832848745,-0.09780194620537798,0.6666666666666666,0.7916666666666666,-0.125,0.42973994869895665,1.0442477001101562,-0.6145077514111996,1.099999999997479,,,True
24.0,0,124.39999999999766,1.5,3.79999999999977,0.9053537412979605,0.8127904341119799,0.0925633071859806,0.8333333333333334,0.8333333333333334,0.0,5.688505325123412,5.106912913428508,0.5815924116949036,,,,True,0.5928537412979783,0.5002904341119978,0.09256330718598049,0.8333333333333334,0.8333333333333334,0.0,3.725009916629905,3.1434175049350017,0.5815924116949032,,,,True
24.0,0,137.19999999999683,0.6,0.4000000000005173,0.2280159058934604,0.20830543587994724,0.01971047001351317,0.5833333333333334,0.5833333333333334,0.0,1.245796686706986,1.1381057861969772,0.10769090051000885,,,,True,0.1405159058934654,0.12080543587995216,0.019710470013513254,0.5833333333333334,0.5833333333333334,0.0,0.7677282394216095,0.660037338911601,0.10769090051000851,,,,True
24.0,0,137.59999999999735,1.5,3.6999999999993634,1.6981120634089972,0.6891324286405877,1.0089796347684095,1.0,1.0,0.0,9.667472589297128,3.907095401161496,5.7603771881356325,,,,True,1.3356120634090178,0.3266324286406084,1.0089796347684095,1.0,1.0,0.0,7.609294793516579,1.8489176053809495,5.76037718813563,,,,True
24.0,0,141.29999999999671,0.9999999999993747,0.9999999999993747,0.45436798325430855,0.46547234030676227,-0.011104357052453717,1.0,0.75,0.25,2.708098892060428,2.7853799709656624,-0.0772810789052345,,,,True,0.22704156038619275,0.27797234030677304,-0.05093077992058029,0.75,0.75,0.0,1.3586135203215752,1.6633825946836578,-0.30476907436208256,,,,True
24.0,0,142.2999999999961,0.600000000000108,0.600000000000108,0.26665077055140457,0.3216162095965561,-0.054965439045151554,1.0,1.0,0.0,1.6402086904419186,1.9832192356372258,-0.34301054519530716,,,,True,0.11665077055141314,0.17161620959656468,-0.05496543904515154,1.0,1.0,0.0,0.7164308506364013,1.0594413958317086,-0.34301054519530727,,,,True
24.0,0,142.8999999999962,1.5,2.3000000000006366,1.3109246034301318,1.5476772461537425,-0.23675264272361063,1.0,1.0,0.0,8.643616228211412,10.199747684664974,-1.5561314564535618,,,,True,0.9359246034301532,1.1726772461537638,-0.23675264272361063,1.0,1.0,0.0,6.179946199870088,7.736077656323648,-1.55613145645356,,,,True
24.0,0,150.3999999999962,0.6,0.5,0.2573464469243881,0.3151128839095619,-0.05776643698517381,1.0,0.5833333333333334,0.41666666666666663,1.4561295688436757,1.7879747652955589,-0.33184519645188315,,,,True,0.14937311459674563,0.22761288390956688,-0.07823976931282126,0.5833333333333334,0.5833333333333334,0.0,0.8475761730531546,1.291280274609454,-0.44370410155629947,,,,True
24.0,1,24.100000000000072,0.6,0.40000000000000924,0.26118373928366034,0.2605661953390723,0.0006175439445880171,0.6666666666666666,0.6666666666666666,0.0,1.4918780301284715,1.4883506273655869,0.003527402762884657,,,,True,0.16118373928366603,0.16056619533907804,0.0006175439445879893,0.6666666666666666,0.6666666666666666,0.0,0.920679365839451,0.9171519630765663,0.003527402762884657,,,,True
24.0,1,24.50000000000008,0.6,0.40000000000000213,0.328187276362727,0.3334447760281553,-0.005257499665428322,1.0,1.0,0.0,1.9288414340439486,1.9603479026324155,-0.03150646858846695,,,,True,0.1781872763627355,0.1834447760281638,-0.005257499665428295,1.0,1.0,0.0,1.044843501215703,1.0763499698041699,-0.03150646858846695,,,,True
24.0,1,24.900000000000084,1.0999999999998984,1.0999999999998984,0.525149448450674,0.4964546593525354,0.028694789098138607,1.0,1.0,0.0,3.2707808145931114,3.0892758899374972,0.18150492465561419,,,,True,0.25014944845068976,0.22145465935255101,0.028694789098138745,1.0,1.0,0.0,1.557864820135917,1.3763598954803031,0.18150492465561396,,,,True
24.0,1,28.10000000000013,1.5,3.999999999999943,0.8520780713810182,0.6933287583484578,0.15874931303256046,0.8666666666666667,0.8666666666666667,0.0,5.353764418671133,4.356313067500094,0.9974513511710397,,,,True,0.5270780713810367,0.3683287583484762,0.15874931303256046,0.8666666666666667,0.8666666666666667,0.0,3.3117291938378823,2.3142778426668453,0.997451351171037,,,,True
24.0,1,34.30000000000022,0.6,0.4000000000000057,0.23254083427991562,0.2808915214957177,-0.0483506872158021,0.8333333333333334,0.5833333333333334,0.25,1.3276697390070242,1.6044486188847387,-0.27677887987771443,,,,True,0.142623250281172,0.19339152149572272,-0.050768271214550714,0.5833333333333334,0.5833333333333334,0.0,0.8146621005716882,1.1046497876318457,-0.28998768706015754,,,,True
24.0,1,34.70000000000022,0.6,0.4000000000000057,0.34934462965331553,0.42152493555561527,-0.07218030590229974,1.0,1.0,0.0,2.04583645204913,2.4683933956491932,-0.42255694360006313,,,,True,0.19934462965332406,0.2715249355556238,-0.07218030590229974,1.0,1.0,0.0,1.165238511270224,1.587795454870287,-0.42255694360006313,,,,True
24.0,1,35.10000000000023,0.9999999999999005,0.9999999999999005,0.4995220973691539,0.49513478443117276,0.004387312937981114,1.0,1.0,0.0,3.1006387343322857,3.0656467753436956,0.03499195898859009,,,,True,0.2495220973691681,0.245134784431187,0.004387312937981114,1.0,1.0,0.0,1.5485423638088456,1.5135504048202553,0.03499195898859031,,,,True
24.0,1,36.80000000000025,1.5,1.900000000000027,0.8537800000549827,1.036310462045313,-0.1825304619903303,1.0,1.0,0.0,5.353913727503129,6.499146662104282,-1.145232934601153,,,,True,0.5060385259136065,0.683088419308625,-0.17704989339501842,0.8333333333333334,0.8333333333333334,0.0,3.1795338308871877,4.291971119704481,-1.1124372888172935,,,,True
24.0,1,38.70000000000028,1.4999999999999076,1.4999999999999076,1.3884935127569713,1.4705877160223828,-0.0820942032654115,1.0,1.0,0.0,9.162302614874694,9.689040842177134,-0.5267382273024399,,,,True,1.0143526383860544,1.0955877160224041,-0.08123507763634974,0.9333333333333333,1.0,-0.06666666666666665,6.708164306607106,7.229504488380004,-0.5213401817728984,,,,True
24.0,1,40.20000000000019,0.6,0.20000000000011653,0.85848488968679,0.7270115096807658,0.13147338000602427,1.0,1.0,0.0,6.033164299154208,5.106706315609433,0.9264579835447755,,,,True,0.7084848896867986,0.5770115096807743,0.13147338000602427,1.0,1.0,0.0,4.988938670832583,4.062480687287809,0.9264579835447746,,,,True
24.0,1,40.400000000000304,0.6,0.30000000000000426,0.9966366590060497,0.8240613008165081,0.17257535818954162,1.0,1.0,0.0,7.2093855843863075,5.951396482354942,1.2579891020313658,,,,True,0.8466366590060582,0.6740613008165166,0.17257535818954162,1.0,1.0,0.0,6.1204797973884375,4.862490695357071,1.2579891020313667,,,,True
24.0,1,40.70000000000031,1.5,1.599999999999909,1.69054736097669,1.012879815567994,0.677667545408696,1.0,1.0,0.0,13.097713740810587,7.812494729800459,5.285219011010128,,,,True,1.3155473609767114,0.6440056258302086,0.6715417351465028,1.0,0.8666666666666667,0.1333333333333333,10.181345560548165,4.944238550830518,5.237107009717646,,1.34999999999944,,True
24.0,1,42.90000000000034,0.6,0.19999999999988916,0.23649674938339468,0.28078917329599884,-0.044292423912604156,1.0,1.0,0.0,1.6510587788016426,1.960278231187247,-0.30921945238560444,,,,True,0.08649674938340317,0.15821886049249104,-0.07172211110908787,1.0,0.5833333333333334,0.41666666666666663,0.6038612276051046,1.1045760217390184,-0.5007147941339137,,,,True
24.0,1,53.30000000000037,1.5,2.5000000000001563,0.6472970900362603,0.566033794602896,0.0812632954333643,0.8666666666666667,0.8666666666666667,0.0,3.536597883039942,3.092604540535673,0.44399334250426925,,,,True,0.32257646495408726,0.24103379460291446,0.0815426703511728,0.8333333333333334,0.8666666666666667,-0.033333333333333326,1.7624414826447405,1.316921736332847,0.4455197463118936,1.499999999998657,,,True
24.0,1,55.80000000000052,1.099999999999902,1.099999999999902,0.5711895790373255,0.6248765863191188,-0.05368700728179332,0.7727272727272727,0.7727272727272727,0.0,3.262627246019468,3.5692867145098384,-0.3066594684903703,,,,True,0.3586895790373375,0.4123765863191308,-0.05368700728179332,0.7727272727272727,0.7727272727272727,0.0,2.0488300844053002,2.3554895528956714,-0.3066594684903712,,,,True
24.0,1,56.900000000000425,1.5,4.000000000000178,1.0769734616539806,1.0225909055649534,0.0543825560890272,1.0,1.0,0.0,6.413179089122,6.087146008581771,0.3260330805402294,,,,True,0.701973461654002,0.647590905564975,0.05438255608902698,1.0,1.0,0.0,4.182784304755346,3.856751224215118,0.32603308054022806,,,,True
24.0,1,60.9000000000006,0.6,0.3999999999997641,0.21879503055137045,0.22697608730011082,-0.008181056748740367,1.0,0.5833333333333334,0.41666666666666663,1.338820844450927,1.394931202678151,-0.05611035822722399,,,,True,0.09688639167244098,0.1394760873001158,-0.04258969562767481,0.5833333333333334,0.5833333333333334,0.0,0.5943612902696892,0.8563724620627886,-0.2620111717930994,,,,True
24.0,1,62.50000000000039,1.3000000000001322,1.3000000000001322,0.3439418942474741,0.3309473194740188,0.012994574773455336,1.0,1.0,0.0,2.1445182733882624,2.0588662732337197,0.08565200015454266,,,,True,0.034885054275322694,0.034313704208159525,0.0005713500671631691,0.6538461538461539,0.6538461538461539,0.0,0.2190779965450434,0.21339703938329682,0.005680957161746575,,,,True
24.0,1,70.10000000000029,0.6,0.40000000000010516,0.2215624421745144,0.24910277366686057,-0.027540331492346165,0.5833333333333334,0.5833333333333334,0.0,1.2405433953085048,1.3949092287522942,-0.1543658334437894,,,,True,0.13406244217451932,0.16160277366686557,-0.02754033149234625,0.5833333333333334,0.5833333333333334,0.0,0.7500575857559759,0.9044234191997649,-0.15436583344378896,,,,True
24.0,1,72.10000000000007,1.499999999999872,1.499999999999872,0.7856290110029102,0.7295323318336492,0.05609667916926098,1.0,1.0,0.0,4.480106778969039,4.1614220646882,0.3186847142808391,,,,True,0.4308495860825281,0.38175426439598575,0.04909532168654235,0.8666666666666667,0.8666666666666667,0.0,2.4610070807983147,2.180575259096371,0.2804318217019435,,,,True
24.0,1,73.59999999999994,1.5,2.999999999999872,1.0391034882530177,0.9046870626509155,0.1344164256021022,1.0,1.0,0.0,6.197329034129419,5.396787712896025,0.8005413212333945,,,,True,0.664103488253039,0.5335407390219307,0.13056274923110833,1.0,0.9,0.09999999999999998,3.9703342418121057,3.191805068535851,0.7785291732762545,,,,True
24.0,1,76.59999999999981,0.6,0.5999999999999659,0.3798311623098272,0.28237092637983574,0.09746023592999148,1.0,0.5833333333333334,0.41666666666666663,2.378780171784027,1.7741888558044727,0.6045913159795542,,,,True,0.26636383404019115,0.19487092637984077,0.07149290766035038,0.5833333333333334,0.5833333333333334,0.0,1.673613328405351,1.22441014142629,0.4492031869790609,,,,True
24.0,1,77.19999999999978,0.9000000000005173,0.9000000000005173,0.6705791704799565,0.4944125323855206,0.17616663809443595,1.0,1.0,0.0,4.357915051178983,3.210220467058928,1.147694584120055,,,,True,0.44557917047996926,0.26941253238553337,0.1761666380944359,1.0,1.0,0.0,2.8904605879890983,1.7427660038690425,1.1476945841200559,,,,True
24.0,1,82.8999999999998,1.5,1.7000000000000028,0.896149087036568,0.7468995003501474,0.14924958668642063,0.8333333333333334,0.8333333333333334,0.0,5.362543596867205,4.469436158609354,0.893107438257851,,,,True,0.5836490870365858,0.43439950035016517,0.14924958668642063,0.8333333333333334,0.8333333333333334,0.0,3.4925479697305297,2.5994405314726783,0.8931074382578514,,,,True
24.0,1,92.69999999999897,1.3999999999999488,1.3999999999999488,0.6740437468539918,0.675148170516108,-0.0011044236621161607,0.8571428571428571,0.8571428571428571,0.0,3.6827319709819806,3.6887661436139023,-0.0060341726319217415,,,,True,0.37404374685400876,0.37514817051612503,-0.0011044236621162717,0.8571428571428571,0.8571428571428571,0.0,2.0436401517178333,2.0496743243497555,-0.0060341726319221856,,,,True
24.0,1,94.09999999999891,0.6,0.10000000000005116,0.5031061039672764,0.33144087405416706,0.17166522991310934,1.0,1.0,0.0,2.964866242020858,1.9539998423160299,1.010866399704828,,,,True,0.3531061039672849,0.1815842334826233,0.17152187048466164,1.0,0.9166666666666666,0.08333333333333337,2.0994500048709575,1.0893668693874068,1.0100831354835507,,,,True
24.0,1,94.19999999999897,0.6,0.1999999999999602,0.5870887774559823,0.4228326620057923,0.16425611545019003,1.0,1.0,0.0,3.522951940666314,2.55519999986484,0.9677519408014743,,,,True,0.43708877745599084,0.2729760214342485,0.16411275602174236,1.0,0.9166666666666666,0.08333333333333337,2.637047055775612,1.6700783791954152,0.9669686765801968,,,,True
24.0,1,94.39999999999893,0.6,0.39999999999984936,0.7079851126402756,0.5913190450402158,0.11666606760005982,1.0,1.0,0.0,4.362149378913721,3.6675784972759318,0.6945708816377896,,,,True,0.5579851126402843,0.44131904504022434,0.11666606760005993,1.0,1.0,0.0,3.4383715391082035,2.743800657470415,0.6945708816377887,,,,True
24.0,1,94.79999999999878,1.5,1.8000000000000256,1.2646664646586765,1.3805924535377923,-0.11592598887911576,1.0,1.0,0.0,8.266508118092394,9.030205317811268,-0.7636971997188731,,,,True,0.8896664646586978,1.0055924535378136,-0.11592598887911576,1.0,1.0,0.0,5.806971764295264,6.570668964014138,-0.763697199718874,,,,True
24.0,1,96.5999999999988,1.0000000000002842,1.0000000000002842,0.7963231433921955,0.6052098313135016,0.19111331207869386,1.0,1.0,0.0,5.534890132083977,4.184405282232295,1.3504848498516822,,,,True,0.5479580895581365,0.35520983131351574,0.19274825824462077,0.9,1.0,-0.09999999999999998,3.8233390752241796,2.462040888816938,1.3612981864072418,,,,True
24.0,1,97.59999999999908,1.5,2.399999999999281,0.6902496084698839,0.43243083415193384,0.2578187743179501,1.0,1.0,0.0,5.020393612388061,3.1482172493868497,1.872176363001211,,,,True,0.32533179243557836,0.08559578788073778,0.23973600455484056,0.8333333333333334,0.6666666666666666,0.16666666666666674,2.3485940307587856,0.6100851892736707,1.7385088414851149,1.2999999999974392,1.0499999999974534,0.2499999999999858,False
24.0,1,99.99999999999837,0.6,0.20000000000067075,0.31321473065215344,0.28619490736727077,0.02701982328488267,1.0,0.5833333333333334,0.41666666666666663,2.5504866372555335,2.327241627814511,0.22324500944102255,,,,True,0.2195859187867054,0.19869490736727574,0.020891011419429645,0.5833333333333334,0.5833333333333334,0.0,1.7917792341340886,1.6138382960618687,0.1779409380722199,,,,True
24.0,1,100.19999999999904,0.6,0.49999999999992895,0.48222061078642375,0.44094880104652867,0.04127180973989508,1.0,0.9166666666666666,0.08333333333333337,3.9489424536901394,3.6011299444355833,0.3478125092545561,,,,True,0.3436750445423713,0.3034488010465365,0.04022624349583481,0.9166666666666666,0.9166666666666666,0.0,2.8154762785510816,2.475392576899304,0.3400837016517775,,,,True
24.0,1,106.49999999999812,1.5,1.5000000000002416,1.263114024241575,0.8313749399211228,0.43173908432045227,1.0,0.9666666666666667,0.033333333333333326,7.549138130390486,4.974166784235974,2.574971346154512,,,,True,0.9163546951890126,0.516046908721364,0.40030778646764853,0.8333333333333334,0.8333333333333334,0.0,5.48345367331108,3.0880174806604965,2.395436192650583,,,,True
24.0,1,111.69999999999872,0.6,0.09999999999907061,0.19598255259067027,0.2589674178138226,-0.06298486522315233,0.5833333333333334,0.5833333333333334,0.0,1.1662045199147233,1.5395009795600627,-0.3732964596453394,,,,True,0.10848255259067524,0.1714674178138276,-0.06298486522315236,0.5833333333333334,0.5833333333333334,0.0,0.6456657371608598,1.0189621968061993,-0.3732964596453394,,,,True
24.0,1,111.7999999999978,0.6,0.20000000000057128,0.24648254696865346,0.32232056367337175,-0.07583801670471829,0.75,0.75,0.0,1.4835053426031188,1.9375605347883869,-0.454055192185268,,,,True,0.13398254696865985,0.20982056367337815,-0.07583801670471829,0.75,0.75,0.0,0.8058869271697748,1.2599421193550429,-0.454055192185268,,,,True
24.0,1,111.99999999999837,1.5,2.4999999999996305,0.654124953760148,0.7682171333549837,-0.11409217959483564,1.0,1.0,0.0,4.05964224073507,4.760101658336834,-0.7004594176017633,,,,True,0.27912495376016944,0.393217133355005,-0.11409217959483559,1.0,1.0,0.0,1.7255476988635663,2.42600711646533,-0.7004594176017638,,,,True
24.0,1,114.499999999998,1.000000000000398,1.000000000000398,0.4872661528377666,0.3630760391166765,0.12419011372109007,1.0,0.95,0.050000000000000044,3.051923983891582,2.280356525660739,0.7715674582308427,,,,True,0.248053910691363,0.16000949215259172,0.08804441853877129,0.8,0.8,0.0,1.5585686870444093,1.0053692901024316,0.5531993969419777,,,,True
24.0,1,115.4999999999984,1.1999999999992497,1.1999999999992497,1.1293045719761157,0.9592752655938732,0.17002930638224245,1.0,1.0,0.0,7.44173059104001,6.324465974770881,1.1172646162691287,,,,True,0.8293045719761326,0.6592752655938903,0.17002930638224234,1.0,1.0,0.0,5.474101508002306,4.356836891733177,1.1172646162691295,,,,True
24.0,1,116.69999999999764,1.5,3.00000000000108,0.7534515530762318,0.5338185128242575,0.21963304025197428,1.0,1.0,0.0,5.183254434415141,3.6677416554874642,1.5155127789276768,,,,True,0.3802892244007127,0.18247880279142278,0.19781042160928994,0.9333333333333333,0.7333333333333333,0.20000000000000007,2.601054781075194,1.2378926208362888,1.363162160238905,1.4499999999978002,1.1499999999977888,0.30000000000001137,False
24.0,1,120.39999999999787,0.6,0.4000000000004462,0.10282961258467999,0.3388469436434493,-0.23601733105876932,1.0,1.0,0.0,0.6450070241080716,2.1289297163425767,-1.483922692234505,,,,True,0.005198522996128589,0.2384845720051222,-0.2332860490089936,0.3333333333333333,0.6666666666666666,-0.3333333333333333,0.03266328330831029,1.4984427588115956,-1.4657794755032854,,,,True
24.0,1,120.79999999999832,1.5,1.699999999999676,0.3546215491076745,0.7094932819989745,-0.35487173289130003,1.0,1.0,0.0,2.327170294241305,4.638226689382402,-2.3110563951410974,,,,True,0.007928711016132411,0.35056995860746604,-0.34264124759133363,0.43333333333333335,0.8333333333333334,-0.4,0.05072041725896887,2.2808858592038312,-2.2301654419448624,0.8999999999969219,1.2999999999968708,-0.39999999999994884,False
24.0,1,123.19999999999725,0.6,0.30000000000114824,0.15074022731291276,0.23576866043221015,-0.08502843311929739,1.0,1.0,0.0,0.9736106172423868,1.5292437832952799,-0.555633166052893,,,,True,0.042579586291326764,0.11060404298845407,-0.06802445669712731,0.25,0.6666666666666666,-0.41666666666666663,0.2816162431278418,0.7304102743613274,-0.44879403123348566,0.39999999999787406,,,True
24.0,1,124.99999999999751,1.5,3.400000000000361,0.9564233005894043,1.2345551121506975,-0.2781318115612932,0.9666666666666667,1.0,-0.033333333333333326,6.008952322391179,7.753051905145671,-1.744099582754492,,,,True,0.6299777513656305,0.8965649867774425,-0.26658723541181195,0.8666666666666667,0.8666666666666667,0.0,3.958266951230564,5.633283951851684,-1.67501700062112,,,,True
24.0,1,130.19999999999678,1.0000000000004832,1.0000000000004832,0.47346153825622217,0.384414863861826,0.08904667439439617,1.0,0.75,0.25,2.8313307953872213,2.3003331661695854,0.5309976292176359,,,,True,0.27913643290700096,0.19691486386183663,0.08222156904516434,0.75,0.75,0.0,1.6703485085140846,1.1783357898875815,0.4920127186265031,,,,True
24.0,1,133.69999999999737,0.6,0.299999999999784,0.3235330248091515,0.3682469242416683,-0.0447138994325168,1.0,0.6666666666666666,0.33333333333333337,1.8557234796815298,2.125897550594312,-0.2701740709127822,,,,True,0.18557982414270738,0.268246924241674,-0.08266710009896663,0.6666666666666666,0.6666666666666666,0.0,1.0703622288695902,1.5478989022066127,-0.47753667333702254,,,,True
24.0,1,133.99999999999716,0.6999999999998181,0.6999999999998181,0.44007364961563894,0.5777397895049252,-0.13766613988928628,1.0,1.0,0.0,2.5932159147485794,3.4056358818155803,-0.8124199670670009,,,,True,0.2650736496156488,0.4027397895049353,-0.1376661398892865,1.0,1.0,0.0,1.5596183317494,2.372038298816401,-0.8124199670670009,,,,True
24.0,1,134.69999999999698,0.6,0.100000000000108,0.28071984068662126,0.6041975742117358,-0.32347773352511455,1.0,1.0,0.0,1.7799068629735235,3.895358361440259,-2.1154514984667356,,,,True,0.1307198406866298,0.45419757421174434,-0.32347773352511455,1.0,1.0,0.0,0.827586984648552,2.943038483115286,-2.115451498466734,,,,True
24.0,1,134.79999999999708,1.5,1.5999999999997954,0.6762565450673569,1.616502424910835,-0.9402458798434782,1.0,1.0,0.0,4.427379821412138,10.63346956449885,-6.206089743086712,,,,True,0.3012565450673783,1.2415024249108562,-0.9402458798434778,1.0,1.0,0.0,1.9711897755793564,8.177279518666067,-6.206089743086711,,,,True
24.0,1,136.39999999999688,1.5,1.7999999999998977,1.0216303631039687,1.5080769127841445,-0.48644654968017575,1.0,1.0,0.0,7.109001309357318,10.481262451871363,-3.372261142514045,,,,True,0.6591303631039892,1.145576912784165,-0.48644654968017587,1.0,1.0,0.0,4.596645780828783,7.968906923342823,-3.3722611425140405,,,,True
24.0,1,148.89999999999617,1.5,inf,0.4734451000615178,0.4664069461703876,0.007038153891130217,0.8333333333333334,0.8333333333333334,0.0,2.5867333012719094,2.54827936638633,0.038453934885579244,,,,True,0.16602096856289827,0.15757940091483766,0.008441567648060616,0.7333333333333333,0.7333333333333333,0.0,0.9070787046592399,0.8609570230802338,0.04612168157900609,1.3500000000037318,1.3500000000037318,0.0,False
24.0,2,20.50000000000002,1.200000000000017,1.200000000000017,0.8001724666495147,0.6069191592625399,0.19325330738697477,0.9583333333333334,0.8333333333333334,0.125,4.78767399517802,3.6317957563087413,1.1558782388692785,,,,True,0.548161990222129,0.35691915926255413,0.19124283095957484,0.8333333333333334,0.8333333333333334,0.0,3.2801936789695247,2.1357992545994016,1.1443944243701232,,,,True
24.0,2,21.70000000000004,1.5,3.4999999999999325,0.9785918366201498,0.7269270507180726,0.2516647859020772,1.0,1.0,0.0,6.111955625252243,4.542930153079324,1.5690254721729193,,,,True,0.6035918366201711,0.3519270507180939,0.25166478590207725,1.0,1.0,0.0,3.770721100077129,2.2016956279042086,1.5690254721729202,,,,True
24.0,2,25.900000000000095,0.6,0.39999999999989555,0.5023917164175682,0.3723602252557439,0.13003149116182428,1.0,0.6666666666666666,0.33333333333333337,3.0948819868065334,2.295364678915293,0.7995173078912403,,,,True,0.38942331614908365,0.2723602252557496,0.11706309089333405,0.6666666666666666,0.6666666666666666,0.0,2.4001807041137155,1.6782661219601906,0.7219145821535249,,,,True
24.0,2,38.70000000000028,1.5,1.6000000000000227,0.7703009238125433,0.7227776742746856,0.04752324953785769,0.8333333333333334,0.8333333333333334,0.0,4.20864647530942,3.9489965768349022,0.2596498984745179,,,,True,0.457800923812561,0.41027767427470346,0.047523249537857526,0.8333333333333334,0.8333333333333334,0.0,2.5012591635759334,2.2416092651014163,0.259649898474517,,,,True
24.0,2,40.3000000000003,1.5,4.300000000000068,0.7724620992471204,0.7125205282639631,0.05994157098315733,1.0,1.0,0.0,4.391975061420816,4.053845818828947,0.3381292425918696,,,,True,0.39746209924714176,0.34086913963753523,0.05659295960960653,1.0,0.9,0.09999999999999998,2.2655017731709317,1.9456681356066698,0.31983363756426186,,,,True
24.0,2,44.60000000000037,1.5,2.099999999999909,0.7963018836680934,0.726400924083026,0.06990095958506737,0.8333333333333334,0.8333333333333334,0.0,4.765059329088374,4.346772965066803,0.41828636402157127,,,,True,0.4838018836681112,0.41390092408304374,0.06990095958506748,0.8333333333333334,0.8333333333333334,0.0,2.8950637019516994,2.4767773379301286,0.4182863640215708,,,,True
24.0,2,47.500000000000405,0.7999999999998977,0.7999999999998977,0.5414413697098787,0.47937350451349836,0.0620678651963803,1.0,0.6875,0.3125,3.2359410091174503,2.868564343057524,0.36737666605992647,,,,True,0.389101001368857,0.3418735045135062,0.047227496855350826,0.6875,0.6875,0.0,2.3283749474377777,2.045766267117387,0.2826086803203909,,,,True
24.0,2,49.30000000000043,0.6,0.20000000000000284,0.5809008179121473,0.4316964141531387,0.14920440375900862,1.0,1.0,0.0,3.651405433741135,2.737515876366254,0.9138895573748811,,,,True,0.4309008179121559,0.2816964141531472,0.14920440375900867,1.0,1.0,0.0,2.732226530549724,1.8183369731748424,0.9138895573748815,,,,True
24.0,2,49.30000000000043,0.6,0.20000000000000284,0.5809008179121473,0.4316964141531387,0.14920440375900862,1.0,1.0,0.0,3.651405433741135,2.737515876366254,0.9138895573748811,,,,True,0.4309008179121559,0.2816964141531472,0.14920440375900867,1.0,1.0,0.0,2.732226530549724,1.8183369731748424,0.9138895573748815,,,,True
24.0,2,49.50000000000043,1.5,2.5000000000000355,2.216095153419195,1.7914670371082786,0.42462811631091624,1.0,1.0,0.0,14.573302719448604,11.792381959293962,2.7809207601546415,,,,True,1.8410951534192164,1.4164670371083,0.42462811631091646,1.0,1.0,0.0,12.120906348955085,9.339985588800445,2.7809207601546397,,,,True
24.0,2,52.00000000000047,0.6,0.599999999999902,0.4034541426909995,0.22589284537643745,0.17756129731456205,1.0,1.0,0.0,2.7421557672703116,1.5563137184829983,1.1858420487873134,,,,True,0.253454142691008,0.08390620910905687,0.16954793358195114,1.0,0.75,0.25,1.7179230746526453,0.5850804461451493,1.132842628507496,,,,True
24.0,2,53.50000000000049,1.000000000000007,1.000000000000007,0.36271751517905026,0.5171217817709908,-0.1544042665919405,1.0,1.0,0.0,2.50379200352554,3.585839681754637,-1.082047678229097,,,,True,0.1127175151790645,0.2681065003538291,-0.1553889851747646,1.0,0.95,0.050000000000000044,0.7814276101101816,1.869988098161708,-1.0885604880515265,,,,True
24.0,2,54.5000000000005,0.9999999999999076,0.9999999999999076,0.43474674419175363,0.5211602158479196,-0.08641347165616597,1.0,1.0,0.0,3.1835921965724765,3.8010503918171,-0.6174581952446236,,,,True,0.1847467441917678,0.27116021584793387,-0.08641347165616609,1.0,1.0,0.0,1.361263124637325,1.9787213198819482,-0.6174581952446232,,,,True
24.0,2,56.000000000000526,1.2999999999999048,1.2999999999999048,0.47195983008244413,0.5513007764993554,-0.07934094641691125,1.0,1.0,0.0,3.451726696784517,4.038782141772978,-0.5870554449884606,,,,True,0.14695983008246263,0.22630077649937388,-0.07934094641691125,1.0,1.0,0.0,1.0749989212747277,1.6620543662631881,-0.5870554449884604,,,,True
24.0,2,57.90000000000044,1.5,1.6000000000000227,0.9726998808074407,1.0001467005501092,-0.027446819742668493,1.0,1.0,0.0,6.408260976147405,6.598098815547272,-0.18983783939986676,,,,True,0.5976998808074618,0.6269233913864061,-0.029223510578944234,1.0,0.9333333333333333,0.06666666666666665,3.9445909478060774,4.1455920649638305,-0.20100111715775304,,,,True
24.0,2,59.50000000000046,0.6,0.5000000000000071,0.4235562668972526,0.36472942817828036,0.05882683871897226,1.0,1.0,0.0,2.9155910520708295,2.5127170201002054,0.4028740319706241,,,,True,0.2735562668972612,0.2185147459494141,0.05504152094784709,1.0,0.9166666666666666,0.08333333333333337,1.891358359453163,1.5135199622220552,0.3778383972311079,,0.5999999999982606,,True
24.0,2,62.1000000000005,0.6,0.3999999999999986,0.2580025072838308,0.2759424180874626,-0.01793991080363183,1.0,0.5833333333333334,0.41666666666666663,1.6594038887984384,1.7839875560493188,-0.12458366725088044,,,,True,0.1270882173433234,0.18844241808746756,-0.06135420074414416,0.5833333333333334,0.5833333333333334,0.0,0.8203104475676071,1.217674143494349,-0.3973636959267419,,,,True
24.0,2,62.90000000000051,0.6,0.20000000000011653,0.6116544094517877,0.4125951338175956,0.19905927563419212,1.0,1.0,0.0,4.10225223990904,2.720539446387083,1.3817127935219573,,,,True,0.4616544094517963,0.26259513381760413,0.19905927563419218,1.0,1.0,0.0,3.1129261323312587,1.7312133388093014,1.3817127935219573,,,,True
24.0,2,63.10000000000063,0.8999999999998991,0.8999999999998991,1.313508107076016,0.6015962731437692,0.7119118339322468,1.0,1.0,0.0,9.082321084015518,4.135799306637686,4.946521777377832,,,,True,1.0885081070760287,0.376596273143782,0.7119118339322468,1.0,1.0,0.0,7.534489615799583,2.587967838421752,4.94652177737783,,,,True
24.0,2,66.1000000000004,0.6,0.10000000000000853,0.1961468797016425,0.19789391442288842,-0.0017470347212459325,1.0,1.0,0.0,1.352913767716314,1.3807921925755524,-0.027878424859238304,,,,True,0.05980642849589519,0.08820167851038835,-0.02839525001449316,0.5833333333333334,0.5833333333333334,0.0,0.4243679318339194,0.6196820314862469,-0.1953140996523275,,,,True
24.0,2,66.20000000000041,0.6,0.0999999999999801,0.21797463334746775,0.23092198128434716,-0.012947347936879405,1.0,1.0,0.0,1.5365716914174867,1.636960316627289,-0.1003886252098023,,,,True,0.07675286740809012,0.10707503112612327,-0.030322163718033146,0.75,0.75,0.0,0.5496357153422953,0.7591935277831942,-0.20955781244089888,,,,True
24.0,2,66.3000000000004,0.6,0.29999999999998295,0.23436560087459143,0.2641647906272211,-0.029799189752629657,1.0,1.0,0.0,1.6862346436779216,1.900923324538117,-0.21468868086019532,,,,True,0.08749120628761635,0.12364775469874759,-0.03615654841113124,0.9166666666666666,0.9166666666666666,0.0,0.6302872326629015,0.8849203760386657,-0.25463314337576415,,,,True
24.0,2,66.60000000000038,0.6000000000000796,0.6000000000000796,0.20307338750023357,0.24237225602688908,-0.03929886852665551,1.0,1.0,0.0,1.5462826035631272,1.8531994558152844,-0.30691685225215726,,,,True,0.05307338750024209,0.09237225602689766,-0.039298868526655574,1.0,1.0,0.0,0.39706029094486806,0.7039771431970254,-0.30691685225215737,,,,True
24.0,2,67.20000000000046,0.6,0.29999999999999716,0.42868740435164854,0.22495254865031367,0.20373485570133487,1.0,1.0,0.0,3.4178050034617655,1.782418914694355,1.6353860887674105,,,,True,0.2835497212473773,0.0749525486503222,0.20859717259705512,0.5833333333333334,1.0,-0.41666666666666663,2.2648063365732547,0.5912317002082933,1.6735746363649615,,,,True
24.0,2,69.50000000000021,0.6000000000002927,0.6000000000002927,0.29411716132113075,0.1438062915397663,0.15031086978136446,1.0,1.0,0.0,2.42935766050507,1.1993248874623166,1.2300327730427536,,,,True,0.14411716132113928,0.03344743745661609,0.11066972386452319,1.0,0.6666666666666666,0.33333333333333337,1.198900537849137,0.2802085967869577,0.9186919410621794,,,,True
24.0,2,70.50000000000048,0.6,0.4000000000000341,0.19969531284025602,0.11750824727627884,0.08218706556397717,1.0,0.75,0.25,1.612571931872502,0.9479170325634934,0.6646548993090087,,0.4999999999976268,,True,0.07541516755076544,0.019743779938691364,0.055671387612074075,0.75,0.3333333333333333,0.4166666666666667,0.6037530298262709,0.15506728502371564,0.44868574480255524,0.4999999999976268,0.249999999997641,0.2499999999999858,False
24.0,2,73.3,0.8000000000004093,0.8000000000004093,0.4649602783320442,0.5386236018741357,-0.07366332354209154,0.6875,1.0,-0.3125,3.6517894865475387,4.228468474508624,-0.5766789879610852,,,,True,0.32746027833205194,0.3970729382114288,-0.06961265987937687,0.6875,0.6875,0.0,2.5718670118761082,3.1186035640608454,-0.5467365521847372,,,,True
24.0,2,75.00000000000028,0.6,0.20000000000017337,0.31493281421327857,0.4984662532721134,-0.18353343905883485,1.0,1.0,0.0,1.9869880904699224,3.1467709415314404,-1.159782851061518,,,,True,0.16493281421328707,0.3484662532721219,-0.18353343905883482,1.0,1.0,0.0,1.0403766198488413,2.2001594709103593,-1.159782851061518,,,,True
24.0,2,76.9999999999999,0.6,0.5000000000003126,0.3001980520569583,0.2656614331980993,0.034536618858859,1.0,1.0,0.0,1.9550572277411926,1.7224191507769642,0.23263807696422845,,,,True,0.16070520347892292,0.11626922423573888,0.04443597924318404,0.5833333333333334,0.9166666666666666,-0.33333333333333326,1.053795763833873,0.7589581711523774,0.2948375926814957,,,,True
24.0,2,82.1,0.9000000000002899,0.9000000000002899,0.5132838746205879,0.45972331334171557,0.05356056127887232,0.8333333333333334,0.7222222222222222,0.11111111111111116,3.071199180085168,2.7509778740538895,0.32022130603127863,,,,True,0.3497384928382971,0.29722331334172475,0.05251517949657236,0.7222222222222222,0.7222222222222222,0.0,2.0928302471968783,1.778580147942819,0.31425009925405933,,,,True
24.0,2,88.39999999999971,1.5,1.700000000000287,0.6971853758758334,0.6453127746416526,0.051872601234180804,0.8333333333333334,0.8333333333333334,0.0,3.9823135546213746,3.686017949239747,0.2962956053816277,,,,True,0.3846853758758511,0.3328127746416703,0.051872601234180804,0.8333333333333334,0.8333333333333334,0.0,2.1973177287181853,1.901022123336559,0.29629560538162636,,,,True
24.0,2,93.99999999999966,1.5,2.4000000000000625,0.582600814840973,0.737308527012923,-0.15470771217195,0.8666666666666667,0.8666666666666667,0.0,3.327808072508777,4.21149645798711,-0.8836883854783331,,,,True,0.25760081484099145,0.41230852701294163,-0.15470771217195017,0.8666666666666667,0.8666666666666667,0.0,1.4714124135694615,2.3551007990477943,-0.8836883854783328,,,,True
24.0,2,103.1999999999983,1.0000000000009663,1.0000000000009663,0.4902811971606902,0.5280553875801142,-0.03777419041942398,0.75,0.75,0.0,2.678719664683884,2.885104219669909,-0.20638455498602504,,,,True,0.30278119716070084,0.3405553875801248,-0.03777419041942398,0.75,0.75,0.0,1.6542872776437922,1.8606718326298168,-0.2063845549860246,,,,True
24.0,2,104.19999999999926,1.5,3.599999999998772,0.7834911511478966,0.6405090296902898,0.1429821214576068,1.0,1.0,0.0,4.4486950956845925,3.6304752269167335,0.818219868767859,,,,True,0.40849115114791795,0.2749127285504903,0.13357842259742764,1.0,0.8666666666666667,0.1333333333333333,2.3191174668679193,1.5546114003831688,0.7645060664847505,,1.3499999999968963,,True
24.0,2,107.79999999999804,0.6,0.19999999999998863,0.20050089905370788,0.217838350537023,-0.017337451483315114,0.5833333333333334,0.5833333333333334,0.0,1.22329227485516,1.329025686544611,-0.10573341168945105,,,,True,0.11300089905371286,0.130338350537028,-0.01733745148331514,0.5833333333333334,0.5833333333333334,0.0,0.688473525494071,0.794206937183522,-0.10573341168945094,,,,True
24.0,2,107.99999999999802,1.0000000000005116,1.0000000000005116,0.48639721000299374,0.5192256267974213,-0.032828416794427606,0.95,0.95,0.0,3.0196317751885586,3.222697792514821,-0.2030660173262624,,,,True,0.24889721000300724,0.2817256267974349,-0.03282841679442766,0.95,0.95,0.0,1.5423352297505855,1.7454012470768474,-0.20306601732626195,,,,True
24.0,2,108.99999999999854,0.6,0.39999999999942304,0.2989098580226269,0.26759361427341327,0.0313162437492136,1.0,1.0,0.0,1.945146848630872,1.7380852525794934,0.20706159605137864,,,,True,0.14890985802263532,0.11759361427342185,0.03131624374921346,1.0,1.0,0.0,0.9737333307446101,0.7666717346932316,0.20706159605137853,,,,True
24.0,2,109.39999999999796,1.5,1.8000000000003382,0.97459931011671,0.5614008430488212,0.41319846706788876,1.0,1.0,0.0,6.761784392608602,3.8833664610066587,2.8784179316019434,,,,True,0.5995993101167313,0.1881845956204199,0.4114147144963114,1.0,0.9333333333333333,0.06666666666666665,4.162162401480357,1.2961974120443873,2.8659649894359696,,1.4499999999978712,,True
24.0,2,112.69999999999789,1.5,2.799999999999841,1.0175159117977495,0.9346132136435656,0.08290269815418383,1.0,0.8333333333333334,0.16666666666666663,6.716002774319146,6.181418959853837,0.534583814465309,,,,True,0.6635134235265115,0.6221132136435834,0.04140020988292814,0.8333333333333334,0.8333333333333334,0.0,4.388397677703372,4.114581687755409,0.27381598994796263,,,,True
24.0,2,115.49999999999773,0.6,0.3000000000003098,0.1558519167646482,0.11470788899913001,0.041144027765518204,1.0,0.5833333333333334,0.41666666666666663,1.059232811031911,0.7787129799089059,0.28051983112300505,,,,True,0.06003122404617519,0.04088041094501055,0.019150813101164642,0.16666666666666666,0.25,-0.08333333333333334,0.4190970054432598,0.28537468431022095,0.13372232113303884,0.3999999999978314,,,True
24.0,2,117.09999999999846,0.6,0.2999999999994998,0.3629409567446231,0.30119449177165836,0.061746464972964765,1.0,1.0,0.0,2.208008649883289,1.8339265646433822,0.3740820852399067,,,,True,0.2448115998666573,0.19101053953679376,0.05380106032986354,0.6666666666666666,0.6666666666666666,0.0,1.489904257565985,1.1633673625290597,0.3265368950369254,,,,True
24.0,2,122.89999999999765,0.6,0.39999999999994884,0.20018011421227244,0.21511840343033797,-0.014938289218065531,0.5833333333333334,0.5833333333333334,0.0,1.1978750022934113,1.28726551594041,-0.08939051364699879,,,,True,0.11268011421227744,0.12761840343034295,-0.014938289218065504,0.5833333333333334,0.5833333333333334,0.0,0.6742762266951424,0.7636667403421413,-0.0893905136469989,,,,True
24.0,2,123.2999999999976,0.6,0.20000000000013074,0.33809955463681635,0.3562699758648865,-0.018170421228070166,1.0,1.0,0.0,2.023183003864767,2.1319145502318864,-0.10873154636711924,,,,True,0.18809955463682482,0.20626997586489507,-0.01817042122807025,1.0,1.0,0.0,1.125585102839164,1.2343166492062831,-0.10873154636711924,,,,True
24.0,2,124.49999999999709,0.6000000000013728,0.6000000000013728,0.37850517282846396,0.32283791441860443,0.05566725840985953,1.0,1.0,0.0,2.3525559434325727,2.0074526146985807,0.34510332873399197,,,,True,0.22850517282847244,0.1728379144186129,0.05566725840985953,1.0,1.0,0.0,1.4250381123727818,1.0799347836387898,0.34510332873399197,,,,True
24.0,2,129.1999999999974,0.8999999999998352,0.8999999999998352,0.40091346325804367,0.2998979093124749,0.10101555394556877,0.7777777777777778,0.7777777777777778,0.0,2.5190135817934234,1.8843141374460182,0.6346994443474052,,,,True,0.22591346325805367,0.12489790931248486,0.10101555394556881,0.7777777777777778,0.7777777777777778,0.0,1.419456153037058,0.7847567086896533,0.6346994443474047,,,,True
24.0,2,130.09999999999724,0.6,0.5000000000009095,0.28037316172976756,0.31643339755347466,-0.0360602358237071,1.0,1.0,0.0,1.8234894993083461,2.0690564052619513,-0.2455669059536052,,,,True,0.13037316172977612,0.16643339755348316,-0.03606023582370704,1.0,1.0,0.0,0.8479423068778875,1.0935092128314925,-0.24556690595360497,,,,True
24.0,2,130.59999999999815,0.6,0.2999999999994998,0.34474803438445334,0.3225926031228753,0.02215543126157804,1.0,1.0,0.0,2.312016831918958,2.1599788683532335,0.15203796356572452,,,,True,0.19474803438446187,0.17259260312288383,0.02215543126157804,1.0,1.0,0.0,1.3061560261643885,1.154118062598664,0.15203796356572452,,,,True
24.0,2,131.69999999999715,0.7999999999999545,0.7999999999999545,0.45784391626069054,0.570115763988663,-0.1122718477279725,1.0,1.0,0.0,2.987330429264711,3.741125372441934,-0.7537949431772231,,,,True,0.2578439162607019,0.37011576398867446,-0.11227184772797255,1.0,1.0,0.0,1.6810892732985034,2.434884216475726,-0.7537949431772226,,,,True
24.0,2,132.99999999999662,1.5,2.0000000000011653,0.632542569768326,0.5435201887709339,0.08902238099739213,1.0,1.0,0.0,4.1564832097892985,3.5605263247693903,0.5959568850199082,,,,True,0.2575425697683475,0.1772916380248439,0.08025093174350359,1.0,0.8333333333333334,0.16666666666666663,1.6928131814479699,1.1548696028224867,0.5379435786254831,,1.299999999999656,,True
24.0,2,134.99999999999778,1.5,2.199999999999619,0.4906658568107941,0.2698894957872457,0.22077636102354842,1.0,0.9333333333333333,0.06666666666666665,3.414221080565941,1.884050935147152,1.530170145418789,,,,True,0.13989633256911108,0.005186225603830824,0.13471010696528024,0.7333333333333333,0.3333333333333333,0.39999999999999997,0.9766606459183869,0.036206685015231554,0.9404539609031553,1.349999999998957,0.7499999999988205,0.6000000000001364,False
24.0,2,141.69999999999658,1.300000000001205,1.300000000001205,0.9170604624473385,0.5684353341123737,0.34862512833496484,0.8076923076923077,1.0,-0.1923076923076923,5.238237112222213,3.246622084541138,1.9916150276810747,,,,True,0.6545604624473536,0.304836263110496,0.34972419933685756,0.8076923076923077,0.8076923076923077,0.0,3.7388406184635343,1.7412206631558178,1.9976199553077165,,,,True
24.0,2,144.09999999999644,0.6,0.3000000000005514,0.40781045509918,0.2929161958801586,0.11489425921902141,1.0,0.5833333333333334,0.41666666666666663,2.3411217842955905,1.6949159966208263,0.6462057876747642,,,,True,0.27024959871412363,0.2054161958801636,0.06483340283396002,0.5833333333333334,0.5833333333333334,0.0,1.5644084937729708,1.191717173318594,0.3726913204543767,,,,True
24.0,2,144.399999999997,1.5,5.299999999999585,2.1248119518011084,1.844872213718683,0.27993973808242534,1.0,1.0,0.0,12.653995262068896,10.991638055911428,1.662357206157468,,,,True,1.7498119518011297,1.4698722137187041,0.27993973808242556,1.0,1.0,0.0,10.427000469751581,8.764643263594117,1.6623572061574645,,,,True
24.0,2,150.79999999999606,1.3000000000003809,1.3000000000003809,0.11627815981191116,0.24352622437519048,-0.1272480645632793,0.8076923076923077,0.8076923076923077,0.0,0.6924025233965223,1.4572575189591568,-0.7648549955626345,1.0500000000042036,,,True,0.0,0.008363295794994143,-0.008363295794994143,0.0,0.38461538461538464,-0.38461538461538464,0.0,0.050045845008289555,-0.050045845008289555,0.0,1.2000000000042377,-1.2000000000042377,False
24.0,3,27.900000000000126,1.5,1.8000000000000256,0.9199854949996984,0.6632876077245969,0.25669788727510146,0.8666666666666667,0.8666666666666667,0.0,5.02646899565256,3.623964305469116,1.4025046901834437,,,,True,0.5949854949997168,0.3382876077246154,0.25669788727510134,0.8666666666666667,0.8666666666666667,0.0,3.2507861914497345,1.84828150126629,1.4025046901834444,,,,True
24.0,3,29.700000000000152,1.5,3.3000000000000753,1.1634110772091486,0.7352087613708176,0.428202315838331,1.0,1.0,0.0,6.630122781772309,4.195509828866398,2.434612952905911,,,,True,0.7884110772091698,0.3941312896264303,0.3942797875827395,1.0,0.8666666666666667,0.1333333333333333,4.500545152955636,2.2512726618913907,2.2492724910642456,,,,True
24.0,3,33.00000000000023,0.6,0.5999999999998948,0.2101028730065735,0.20314840449612337,0.006954468510450118,1.0,0.6153846153846154,0.3846153846153846,1.2503095035082339,1.2156372098162074,0.03467229369202651,,,,True,0.0845765318462787,0.10314840449612905,-0.018571872649850357,0.6153846153846154,0.6153846153846154,0.0,0.5061047830749953,0.6172386091324715,-0.11113382605747624,,,,True
24.0,3,33.60000000000012,1.100000000000101,1.100000000000101,0.4013731496560657,0.6467869270030967,-0.24541377734703101,1.0,1.0,0.0,2.489835896077683,4.0282740797569065,-1.5384381836792236,,,,True,0.1145869227585783,0.35928692700311315,-0.24470000424453486,0.9565217391304348,1.0,-0.04347826086956519,0.7066048452052864,2.2405582602142444,-1.533953415008958,1.100000000000044,,,True
24.0,3,34.70000000000022,1.1999999999999034,1.1999999999999034,0.7966739312993623,0.5059850023631924,0.2906889289361698,1.0,1.0,0.0,5.253802875366532,3.312880595355638,1.9409222800108936,,,,True,0.5129005605670672,0.2059850023632094,0.30691555820385785,0.7916666666666666,1.0,-0.20833333333333337,3.3922623854728107,1.3493851868621298,2.0428771986106806,,,,True
24.0,3,36.80000000000025,0.8999999999998991,0.8999999999998991,0.22224405739099234,0.4279942049308417,-0.20575014753984938,0.7222222222222222,0.7222222222222222,0.0,1.469895364217957,2.8307019999783933,-1.3608066357604363,,,,True,0.059744057391001575,0.26549420493085096,-0.20575014753984938,0.7222222222222222,0.7222222222222222,0.0,0.395139982726774,1.7559466184872095,-1.3608066357604356,,,,True
24.0,3,41.60000000000035,1.0999999999998735,1.0999999999998735,0.5388450844092245,0.6450782676248958,-0.10623318321567132,0.8181818181818182,0.8181818181818182,0.0,3.224441444958079,3.8601393267824813,-0.6356978818244023,,,,True,0.31384508440923736,0.42007826762490863,-0.10623318321567127,0.8181818181818182,0.8181818181818182,0.0,1.8780445934196741,2.5137424752440762,-0.6356978818244021,,,,True
24.0,3,45.50000000000038,1.0000000000000142,1.0000000000000142,0.3713767189318261,0.48516060859076177,-0.11378388965893566,0.75,0.75,0.0,2.1212988580191023,2.7712309159270725,-0.6499320579079702,,,,True,0.18387671893183677,0.29766060859077254,-0.11378388965893577,0.75,0.75,0.0,1.0503013624771886,1.70023342038516,-0.6499320579079713,,,,True
24.0,3,46.50000000000039,1.5,1.6999999999999105,0.5041947537490207,0.5776830427757863,-0.07348828902676563,1.0,1.0,0.0,2.992169554991801,3.422935304814236,-0.4307657498224349,,,,True,0.13686480968896944,0.20273207629506554,-0.0658672666060961,0.8333333333333334,0.9666666666666667,-0.1333333333333333,0.811072270090678,1.1962339283900296,-0.3851616582993517,1.2999999999990308,1.4999999999990195,-0.19999999999998863,False
24.0,3,48.2000000000003,0.6,0.49999999999992184,0.36914972988001027,0.3941812884440796,-0.025031558564069356,1.0,1.0,0.0,2.3126502123601447,2.465656360862409,-0.15300614850226424,,,,True,0.2589693741322098,0.2697235848601688,-0.010754210727959013,0.5833333333333334,0.5833333333333334,0.0,1.627152566556994,1.6947232653932187,-0.0675706988362248,,,,True
24.0,3,48.70000000000022,0.9000000000001265,0.9000000000001265,0.6735821351999662,0.662660642270677,0.010921492929289234,1.0,1.0,0.0,4.377074638482205,4.303598259582511,0.07347637889969416,,,,True,0.44858213519997897,0.43766064227068974,0.010921492929289234,1.0,1.0,0.0,2.9096201752923214,2.8361437963926264,0.07347637889969505,,,,True
24.0,3,51.40000000000046,1.5,2.099999999999916,1.132835544283596,0.7201608431954225,0.4126747010881735,1.0,1.0,0.0,7.486615281400773,4.762321517718119,2.7242937636826543,,,,True,0.8027294107945327,0.4054371719039778,0.3972922388905549,0.8333333333333334,0.8333333333333334,0.0,5.309155410047514,2.6815125068331764,2.6276429032143374,,,,True
24.0,3,64.20000000000051,1.0000000000000568,1.0000000000000568,0.3768158855891119,0.44493605392536034,-0.06812016833624845,0.75,0.75,0.0,2.0587861181264104,2.4309701536159025,-0.3721840354894921,,,,True,0.1893158855891225,0.2574360539253709,-0.0681201683362484,0.75,0.75,0.0,1.034353731086318,1.4065377665758105,-0.3721840354894925,,,,True
24.0,3,65.20000000000057,1.5,3.2999999999998124,0.6406141725756545,0.7035393430417397,-0.06292517046608526,1.0,1.0,0.0,3.6355967182793276,3.9891972378785012,-0.3536005195991736,,,,True,0.26561417257567566,0.3285393430417609,-0.06292517046608526,1.0,1.0,0.0,1.5091234300294423,1.8627239496286165,-0.35360051959917427,,,,True
24.0,3,68.50000000000038,0.6,0.09999999999988063,0.35485152026067796,0.23066308706703662,0.12418843319364134,1.0,0.5833333333333334,0.41666666666666663,2.224946787729153,1.4535259776549356,0.7714208100742175,,,,True,0.242915734171352,0.1431630870670416,0.09975264710431042,0.5833333333333334,0.5833333333333334,0.0,1.5306701484761385,0.8988262221527095,0.631843926323429,,,,True
24.0,3,68.60000000000026,0.6,0.100000000000108,0.42683336448598747,0.28408788336161034,0.14274548112437713,1.0,0.75,0.25,2.7099636662365385,1.8068711304098073,0.9030925358267312,,,,True,0.2998074621699724,0.17158788336161676,0.12821957880835563,0.75,0.75,0.0,1.9069451689613894,1.086824393139707,0.8201207758216824,,,,True
24.0,3,68.70000000000037,0.6,0.5999999999999659,0.4968181485702485,0.33499924635501394,0.16181890221523454,1.0,0.9166666666666666,0.08333333333333337,3.181616399534662,2.1435927387557436,1.0380236607789182,,,,True,0.3545293483291458,0.19749924635502172,0.15703010197412406,0.9166666666666666,0.9166666666666666,0.0,2.268869117483993,1.2581990197177686,1.0106700977662242,,,,True
24.0,3,69.30000000000034,0.8999999999998352,0.8999999999998352,0.6595652409485482,0.44030553868976574,0.21925970225878244,1.0,1.0,0.0,4.5357939879454054,3.032045426840377,1.5037485611050285,,,,True,0.434565240948561,0.21530553868977853,0.2192597022587825,1.0,1.0,0.0,2.98796251972947,1.4842139586244416,1.5037485611050285,,,,True
24.0,3,70.20000000000017,1.5,2.000000000000341,0.7377117972096152,0.678772559765842,0.05893923744377316,1.0,1.0,0.0,5.381079390996575,4.97141260605852,0.40966678493805553,,,,True,0.3627117972096365,0.30377255976586354,0.05893923744377294,1.0,1.0,0.0,2.6347524797703588,2.2250856948323023,0.4096667849380564,,,,True
24.0,3,74.9999999999999,0.9999999999999432,0.9999999999999432,0.4403416903981941,0.380536950259261,0.05980474013893311,0.8,0.8,0.0,3.074164932498395,2.656649083008797,0.4175158494895981,,,,True,0.24034169039820552,0.18053695025927233,0.05980474013893319,0.8,0.8,0.0,1.6779015309030119,1.2603856814134138,0.4175158494895981,,,,True
24.0,3,75.99999999999984,0.6,0.50000000000054,0.21753667965093365,0.1545836750186859,0.06295300463224776,1.0,1.0,0.0,1.5566033816627014,1.1020192224048853,0.45458415925781614,,,,True,0.06753667965094218,0.026547137469147542,0.04098954218179464,1.0,0.4166666666666667,0.5833333333333333,0.47860590248979495,0.18533398232647172,0.29327192016332326,,0.299999999997965,,True
24.0,3,77.99999999999962,0.6,0.20000000000055707,0.26213274008107357,0.24678799030801848,0.015344749773055083,1.0,1.0,0.0,1.5685986485791683,1.47677588065878,0.09182276792038824,,,,True,0.12990597517991656,0.1564108856535856,-0.02650491047366904,0.5833333333333334,0.5833333333333334,0.0,0.7773555376812269,0.9359605510681481,-0.15860501338692123,,,,True
24.0,3,84.69999999999938,0.6,0.10000000000042064,0.2671894139879967,0.25176946508036047,0.01541994890763626,1.0,0.5833333333333334,0.41666666666666663,1.5740561750567035,1.4862183935203122,0.08783778153639132,,,,True,0.1755228482297531,0.16426946508036544,0.011253383149387647,0.5833333333333334,0.5833333333333334,0.0,1.034492770727874,0.9694196020207224,0.06507316870715152,,,,True
24.0,3,84.7999999999998,1.199999999999818,1.199999999999818,0.6785550993289049,0.687513670590014,-0.008958571261109105,1.0,0.875,0.125,4.036540292267626,4.093705621850691,-0.057165329583065194,,,,True,0.4135751255884885,0.425013670590029,-0.011438545001540457,0.875,0.875,0.0,2.4589942673383947,2.5297092791545635,-0.0707150118161688,,,,True
24.0,3,89.09999999999921,1.5,3.0000000000001705,0.8040193337496327,0.6704667763025273,0.13355255744710548,1.0,0.8333333333333334,0.16666666666666663,4.810058918714048,4.012063807443905,0.7979951112701427,,,,True,0.48717548656713067,0.357966776302545,0.1292087102645857,0.8333333333333334,0.8333333333333334,0.0,2.91525129449206,2.1420681803072315,0.7731831141848287,,,,True
24.0,3,92.09999999999938,0.6,0.5999999999999943,0.2156952163598047,0.2670428670108201,-0.051347650651015375,1.0,0.6666666666666666,0.33333333333333337,1.3503391119906705,1.6778798183894972,-0.3275407063988267,,,,True,0.09927170780026066,0.16704286701082577,-0.0677711592105651,0.6666666666666666,0.6666666666666666,0.0,0.6237425358692229,1.049561287671574,-0.4258187518023512,,,,True
24.0,3,93.79999999999896,1.2000000000002586,1.2000000000002586,0.7599108302725982,0.6528907402042462,0.107020090068352,1.0,0.9583333333333334,0.04166666666666663,4.53375161582691,3.905480916913465,0.628270698913445,,,,True,0.46197282820954305,0.3977137558090845,0.06425907240045853,0.9166666666666666,0.8333333333333334,0.08333333333333326,2.7639338866464587,2.3799135494884287,0.38402033715802997,,,,True
24.0,3,94.99999999999922,1.0999999999995822,1.0999999999995822,0.6539936332352191,0.6095934437516036,0.04440018948361546,1.0,1.0,0.0,4.082273668572674,3.8072013138091676,0.2750723547635068,,,,True,0.3789936332352347,0.3345934437516192,0.044400189483615515,1.0,1.0,0.0,2.3693576741154794,2.094285319351973,0.27507235476350633,,,,True
24.0,3,96.0999999999988,1.000000000000398,1.000000000000398,0.5959108045757007,0.5896851266945212,0.006225677881179448,1.0,1.0,0.0,3.9034011130927966,3.8662682026843536,0.03713291040844302,,,,True,0.3459108045757148,0.3396851266945354,0.006225677881179448,1.0,1.0,0.0,2.2705996681350356,2.233466757726593,0.037132910408442577,,,,True
24.0,3,100.79999999999843,1.0000000000005258,1.0000000000005258,0.4117968969307524,0.4253904142001693,-0.013593517269416933,1.0,0.8,0.19999999999999996,2.5766022427345,2.6728068003175425,-0.09620455758304258,,,,True,0.17572071095500835,0.22539041420018074,-0.04966970324517239,0.8,0.8,0.0,1.1040857892396592,1.4161697388816965,-0.31208394964203734,,,,True
24.0,3,105.19999999999877,1.5,2.199999999999875,0.6344903489058447,0.8465651060118896,-0.21207475710604495,0.9666666666666667,0.8333333333333334,0.1333333333333333,3.6233425732036646,4.83556857787712,-1.2122260046734552,,,,True,0.3185362144004134,0.5340651060119074,-0.21552889161149397,0.8333333333333334,0.8333333333333334,0.0,1.819474601932077,3.0505727519739323,-1.2310981500418552,,,,True
24.0,3,107.39999999999864,0.6,0.20000000000031548,0.28872982356797383,0.24673054250843407,0.04199928105953976,1.0,1.0,0.0,1.7651995245722154,1.5052052435129262,0.25999428105928923,,,,True,0.18218356896156854,0.13392722560475284,0.048256343356815695,0.6666666666666666,0.6666666666666666,0.0,1.1144488399986057,0.8187143026735427,0.29573453732506294,,,,True
24.0,3,107.59999999999896,0.6,0.39999999999918145,0.4080588816687807,0.33721803206110595,0.07084084960767473,1.0,1.0,0.0,2.5187053210380617,2.081068145867696,0.4376371751703658,,,,True,0.25805888166878915,0.1872180320611145,0.07084084960767464,1.0,1.0,0.0,1.591187489978271,1.1535503148079054,0.4376371751703656,,,,True
24.0,3,107.99999999999814,0.6000000000004206,0.6000000000004206,0.43845161974331837,0.28304787197681675,0.15540374776650162,1.0,1.0,0.0,2.848169815225355,1.829690541147294,1.0184792740780613,,,,True,0.2884516197433269,0.13304787197682527,0.15540374776650162,1.0,1.0,0.0,1.8767562973390923,0.858277023261032,1.0184792740780604,,,,True
24.0,3,108.59999999999856,0.6,0.19999999999987494,0.4253822847688024,0.2615849317519558,0.16379735301684661,1.0,1.0,0.0,2.813427075361918,1.7300911576457503,1.0833359177161677,,,,True,0.27538228476881094,0.11158493175196425,0.16379735301684667,1.0,1.0,0.0,1.8213451847546704,0.7380092670385043,1.083335917716166,,,,True
24.0,3,109.09999999999852,1.5,2.3999999999993236,0.5588806094579326,0.8212873736743339,-0.2624067642164013,1.0,1.0,0.0,3.8413696847812657,5.69273288796318,-1.851363203181914,,,,True,0.22229851314971175,0.4462873736743554,-0.22398886052464365,0.7,1.0,-0.30000000000000004,1.5145482298228963,3.0977038685507097,-1.5831556387278134,1.0999999999973653,,,True
24.0,3,111.49999999999784,1.5,1.7000000000009265,1.399646237342838,0.8359431306233204,0.5637031067195176,1.0,1.0,0.0,10.32513311936669,6.173853499465788,4.151279619900902,,,,True,1.0359423678162256,0.5102361055907669,0.5257062622254587,0.8333333333333334,0.8333333333333334,0.0,7.657668075938516,3.7716564727534574,3.8860116031850587,,,,True
24.0,3,113.59999999999772,1.5,1.8000000000009209,1.5388237526147326,0.8429385490458187,0.6958852035689139,1.0,1.0,0.0,11.320926869835017,6.217991835755242,5.102935034079774,,,,True,1.163823752614754,0.48629395873317827,0.6775297938815756,1.0,0.8666666666666667,0.1333333333333333,8.56946663727941,3.5946765370382368,4.974790100241173,,,,True
24.0,3,119.099999999998,0.6,0.39999999999983515,0.16673631403893302,0.18619169197444954,-0.01945537793551652,0.8333333333333334,0.6666666666666666,0.16666666666666674,0.9787272732669766,1.0927401862814579,-0.11401291301448124,,,,True,0.06622332631674605,0.08619169197445521,-0.019968365657709167,0.6666666666666666,0.6666666666666666,0.0,0.38759846971412776,0.5045415617457403,-0.11694309203161252,,,,True
24.0,3,122.49999999999724,1.5,4.600000000000762,0.7029827910646687,0.9008322729904354,-0.1978494819257668,0.9,0.8333333333333334,0.06666666666666665,4.015316537714926,5.145541910806087,-1.130225373091161,,,,True,0.3900327154932301,0.5883322729904534,-0.19829955749722333,0.8333333333333334,0.8333333333333334,0.0,2.2278616611876543,3.360546084902896,-1.1326844237152418,,,,True
24.0,3,127.39999999999829,1.5,3.0999999999989,1.216050059406394,0.449264865568424,0.7667851938379702,0.9333333333333333,0.8333333333333334,0.09999999999999998,6.94575792853353,2.5661949112468467,4.379563017286683,,,,True,0.9023269015589718,0.16518668571324657,0.7371402158457252,0.8333333333333334,0.6,0.2333333333333334,5.154079209225647,0.9435441423774209,4.210535066848226,,1.1999999999966917,,True
24.0,3,132.19999999999678,0.6,0.4000000000003183,0.21877785228473406,0.27647967112701904,-0.05770181884228498,1.0,0.6666666666666666,0.33333333333333337,1.249322899822617,1.5792481885083,-0.32992528868568316,,,,True,0.11743589986001467,0.17647967112702473,-0.05904377126701006,0.6666666666666666,0.6666666666666666,0.0,0.6707922913962344,1.0080495242192797,-0.3372572328230453,,,,True
24.0,3,132.5999999999971,0.6,0.3999999999996646,0.3500902981445867,0.7587373073503137,-0.40864700920572705,1.0,1.0,0.0,2.0647575587232736,4.50245582949534,-2.4376982707720667,,,,True,0.2000902981445952,0.6087373073503223,-0.40864700920572705,1.0,1.0,0.0,1.180759625895028,3.6184578966670937,-2.437698270772066,,,,True
24.0,3,132.99999999999676,1.5,2.400000000001512,0.7816781617538646,1.476306296015621,-0.6946281342617564,1.0,1.0,0.0,4.875919010561178,9.184698013754257,-4.308779003193079,,,,True,0.40667816175388594,1.1013062960156423,-0.6946281342617564,1.0,1.0,0.0,2.5346844853860615,6.843463488579143,-4.308779003193082,,,,True
24.0,3,137.39999999999694,0.6,0.5000000000003126,0.16144678785516012,0.24113610337325234,-0.07968931551809222,1.0,0.5833333333333334,0.41666666666666663,1.0106270299395932,1.5151028217453575,-0.5044757918057643,,,,True,0.06133627907731408,0.1536361033732573,-0.09229982429594323,0.5833333333333334,0.5833333333333334,0.0,0.3853872074956465,0.9653241073671748,-0.5799368998715283,,,,True
24.0,3,137.89999999999725,1.5,2.299999999999528,0.8539093408593625,0.6506655863484218,0.2032437545109408,1.0,1.0,0.0,5.620899648423538,4.2592083449078615,1.3616913035156761,,,,True,0.49140934085938326,0.2897719157818893,0.20163742507749394,1.0,0.9310344827586207,0.06896551724137934,3.239903110966147,1.8888358763922863,1.3510672345738606,,1.400000000000162,,True
24.0,3,140.9999999999972,1.5,2.099999999999312,1.31828002577066,1.2554177892346112,0.06286223653604872,1.0,0.9666666666666667,0.033333333333333326,7.8750545890094585,7.51177967257949,0.3632749164299689,,,,True,0.9476537084180071,0.9406280377936275,0.007025670624379643,0.9,0.8333333333333334,0.06666666666666665,5.670703475641742,5.628705015796274,0.041998459845467906,,,,True
24.0,3,143.0999999999965,1.5,2.3000000000004377,0.7391813072360227,0.8626412259923327,-0.12345991875631002,1.0,1.0,0.0,4.599779539362048,5.401599169047646,-0.801819629685598,,,,True,0.3641813072360441,0.49229483468251184,-0.12811352744646776,1.0,0.9,0.09999999999999998,2.262285005441205,3.0919517644100076,-0.8296667589688025,,,,True
24.0,3,150.39999999999574,0.700000000000756,0.700000000000756,0.5026943674112331,0.4014698638271307,0.1012245035841024,1.0,0.7142857142857143,0.2857142857142857,2.8711163036490057,2.293190499703651,0.5779258039453548,,,,True,0.3766184204648832,0.2764698638271378,0.10014855663774541,0.7142857142857143,0.7142857142857143,0.0,2.1512393871619437,1.579192169342376,0.5720472178195677,,,,True
24.0,4,25.800000000000097,0.6,0.09999999999999787,0.2516330449700382,0.27888135145813037,-0.027248306488092178,0.6666666666666666,0.6666666666666666,0.0,1.4201749537836441,1.5737945420742738,-0.15361958829062972,,,,True,0.15163304497004385,0.17888135145813605,-0.027248306488092205,0.6666666666666666,0.6666666666666666,0.0,0.8551849706281999,1.0088045589188295,-0.1536195882906296,,,,True
24.0,4,25.900000000000095,1.5,3.5000000000000817,0.7288811366393663,0.7932605443922439,-0.06437940775287765,0.9333333333333333,0.9333333333333333,0.0,4.1462096787438405,4.511921621494741,-0.3657119427509006,,,,True,0.3788811366393861,0.4432605443922638,-0.0643794077528777,0.9333333333333333,0.9333333333333333,0.0,2.153223034865845,2.518934977616747,-0.3657119427509019,,,,True
24.0,4,29.400000000000176,1.5,3.5000000000000213,0.9910755758699563,0.7804569751671323,0.210618600702824,0.8666666666666667,0.8666666666666667,0.0,5.930582377724436,4.670243618339001,1.2603387593854354,,,,True,0.6660755758699749,0.4554569751671508,0.21061860070282412,0.8666666666666667,0.8666666666666667,0.0,3.985786925502293,2.7254481661168577,1.2603387593854354,,,,True
24.0,4,32.9000000000002,0.8999999999998991,0.8999999999998991,0.7960200580781299,0.4978293059720436,0.2981907521060863,1.0,0.7222222222222222,0.2777777777777778,4.992053089623145,3.127953780766955,1.86409930885619,,,,True,0.6018072716419433,0.3353293059720528,0.26647796566989046,0.7222222222222222,0.7222222222222222,0.0,3.7812666069344925,2.1069361683503303,1.6743304385841622,,,,True
24.0,4,40.30000000000019,0.6000000000000085,0.6000000000000085,0.27263561927341323,0.2322684475906672,0.040367171682746034,0.6666666666666666,0.6666666666666666,0.0,1.557291015665925,1.3267142702028103,0.23057674546311469,,,,True,0.17263561927341892,0.13226844759067283,0.04036717168274609,0.6666666666666666,0.6666666666666666,0.0,0.9860923513769047,0.75551560591379,0.23057674546311469,,,,True
24.0,4,41.10000000000032,1.5,1.8000000000000185,0.6630065189528249,0.625066148616301,0.037940370336523865,0.8333333333333334,0.8333333333333334,0.0,3.787084380407884,3.570369491819339,0.21671488858854504,,,,True,0.3505065189528427,0.3125661486163187,0.037940370336523976,0.8333333333333334,0.8333333333333334,0.0,2.002088554504695,1.7853736659161503,0.21671488858854482,,,,True
24.0,4,42.90000000000034,1.0000000000000142,1.0000000000000142,0.4833712077510795,0.3451210433266743,0.1382501644244052,1.0,1.0,0.0,2.8777893935319296,2.0585613318204317,0.819228061711498,,,,True,0.24221846183568596,0.13321597849387026,0.1090024833418157,0.8,0.75,0.050000000000000044,1.4493282492267374,0.7971625511945124,0.652165698032225,,,,True
24.0,4,43.900000000000354,1.200000000000017,1.200000000000017,1.2560235301649705,1.0327159742064533,0.22330755595851715,1.0,1.0,0.0,7.856827468321911,6.463036248910287,1.3937912194116242,,,,True,0.9560235301649875,0.7327159742064704,0.22330755595851715,1.0,1.0,0.0,5.9905718324395085,4.596780613027885,1.3937912194116233,,,,True
24.0,4,45.10000000000037,1.3000000000000185,1.3000000000000185,0.7604458169847754,0.7328808566777253,0.027564960307050135,1.0,1.0,0.0,4.952896318109482,4.7944949785435105,0.15840133956597136,,,,True,0.4354458169847939,0.40788085667774376,0.027564960307050135,1.0,1.0,0.0,2.8240539278481003,2.665652588282128,0.15840133956597224,,,,True
24.0,4,46.40000000000039,1.5,1.8999999999997996,0.9697109171725049,1.3709468881687525,-0.40123597099624764,1.0,1.0,0.0,6.748666585040317,9.533544998694321,-2.7848784136540043,,,,True,0.6006498276594714,0.9959468881687736,-0.39529706050930224,0.8666666666666667,1.0,-0.1333333333333333,4.192916802588085,6.938515979281847,-2.745599176693762,,,,True
24.0,4,55.500000000000405,1.5,2.8000000000001535,0.448758447665764,0.6789996667873707,-0.23024121912160667,0.9666666666666667,0.9333333333333333,0.033333333333333326,2.450597225071591,3.7095772702553282,-1.2589800451837374,,,,True,0.13667788733305547,0.3654803017428083,-0.22880241440975285,0.7,0.8333333333333334,-0.13333333333333341,0.746758690006435,1.9968525756295432,-1.2500938856231083,1.3499999999985022,,,True
24.0,4,58.30000000000056,1.400000000000034,1.400000000000034,0.9913022108057349,0.5190181303785347,0.47228408042720016,0.8214285714285714,0.8214285714285714,0.0,5.662304987190212,2.964624628140207,2.697680359050005,,,,True,0.703802210805751,0.23584220920792173,0.46796000159782924,0.8214285714285714,0.7142857142857143,0.1071428571428571,4.020108827359278,1.3471275488254437,2.6729812785338347,,1.2999999999981924,,True
24.0,4,59.70000000000059,1.5,1.70000000000001,0.6788684952136641,0.7547921328693754,-0.0759236376557113,1.0,1.0,0.0,4.023286636972985,4.50851266688581,-0.48522602991282504,,,,True,0.3038684952136854,0.41231818676376614,-0.10844969155008072,1.0,0.8333333333333334,0.16666666666666663,1.796291844655673,2.467306259959072,-0.6710144153033988,,,,True
24.0,4,61.4000000000006,1.0,1.0,0.40893726213016407,0.5583310657508941,-0.14939380362073001,1.0,1.0,0.0,2.5586702992294152,3.490081164418157,-0.9314108651887416,,,,True,0.18548030055711962,0.3129792019430368,-0.12749890138591718,0.75,0.85,-0.09999999999999998,1.1654070992317473,1.965799175826288,-0.8003920765945407,,,,True
24.0,4,62.4000000000006,0.6,0.49999999999993605,0.29427311135634143,0.39917829754373585,-0.10490518618739442,1.0,1.0,0.0,1.9199389822871116,2.602518799208208,-0.6825798169210964,,,,True,0.14427311135634996,0.24917829754374438,-0.10490518618739442,1.0,1.0,0.0,0.944391789856653,1.6269716067777475,-0.6825798169210946,,,,True
24.0,4,62.90000000000054,0.6,0.5999999999998664,0.2724246093967866,0.37513460966048157,-0.10271000026369498,1.0,1.0,0.0,1.8531521583604171,2.553700153714749,-0.7005479953543319,,,,True,0.12242460939679513,0.22513460966049006,-0.10271000026369494,1.0,1.0,0.0,0.8289194657427507,1.5294674610970826,-0.700547995354332,,,,True
24.0,4,70.10000000000034,0.6,0.30000000000026716,0.1536418515240243,0.2638496752751981,-0.1102078237511738,1.0,0.5833333333333334,0.41666666666666663,0.8870086614722783,1.525983295702253,-0.6389746342299747,,,,True,0.05066266689312892,0.17634967527520307,-0.12568700838207414,0.5833333333333334,0.5833333333333334,0.0,0.29199295026616745,1.019384480350681,-0.7273915300845136,,,,True
24.0,4,71.00000000000024,0.6,0.19999999999987494,0.38125897451479707,0.3966631200684851,-0.01540414555368802,1.0,1.0,0.0,2.1943057873638154,2.243990511646222,-0.049684724282406556,,,,True,0.2312589745148057,0.24666312006849359,-0.015404145553687881,1.0,1.0,0.0,1.3428295176162073,1.3925142418986134,-0.04968472428240611,,,,True
24.0,4,71.20000000000012,0.6,0.30000000000009663,0.48664323457402703,0.3607708280701479,0.12587240650387915,1.0,1.0,0.0,2.8769043830131307,2.1145313465963715,0.7623730364167591,,,,True,0.3366432345740356,0.2107708280701564,0.1258724065038792,1.0,1.0,0.0,1.9956707915467393,1.2332977551299802,0.7623730364167591,,,,True
24.0,4,71.50000000000021,1.5,3.09999999999971,0.9064869829659453,0.6244919855160979,0.28199499744984746,1.0,1.0,0.0,5.624185743948281,3.879635407904887,1.7445503360433943,,,,True,0.5321377780191946,0.2501136107980341,0.28202416722116047,0.9666666666666667,0.9666666666666667,0.0,3.2907802759438627,1.546046660821942,1.7447336151219206,1.499999999997783,1.499999999997783,0.0,False
24.0,4,74.59999999999992,1.5,2.0999999999999943,1.0072323262604073,0.6286854125583665,0.37854691370204074,1.0,1.0,0.0,6.6569611818648635,4.145310562606937,2.511650619257926,,,,True,0.6803630842808057,0.2776638284999094,0.4026992557808963,0.8333333333333334,0.8333333333333334,0.0,4.499839299684785,1.8364350395430142,2.663404260141771,,,,True
24.0,4,76.69999999999992,1.4000000000004178,1.4000000000004178,0.6967360787818486,0.923191623440047,-0.2264555446581984,1.0,0.8571428571428571,0.1428571428571429,4.839512318473508,6.445093382344188,-1.6055810638706802,,,,True,0.3467360787818686,0.6231916234400638,-0.2764555446581953,1.0,0.8571428571428571,0.1428571428571429,2.4144232525446863,4.350698279951114,-1.936275027406428,,,,True
24.0,4,79.9,1.5,2.6999999999999176,0.8349838399635588,0.803171792763435,0.03181204720012387,1.0,1.0,0.0,4.989924416138724,4.797599565741659,0.19232485039706493,,,,True,0.48569261353223364,0.44666729541047473,0.03902531812175891,0.8666666666666667,0.8666666666666667,0.0,2.906377803001317,2.6728508454483233,0.23352695755299369,,,,True
24.0,4,88.09999999999916,1.5,2.5999999999997385,0.7741933692994076,0.7880971238387363,-0.013903754539328683,0.8333333333333334,0.8333333333333334,0.0,4.229913393824259,4.305878494899165,-0.07596510107490584,,,,True,0.4616933692994254,0.47559712383875413,-0.013903754539328739,0.8333333333333334,0.8333333333333334,0.0,2.522526082090772,2.5984911831656787,-0.07596510107490673,,,,True
24.0,4,90.6999999999989,0.6,0.3999999999999915,0.41007533793116263,0.2593172258780706,0.15075811205309203,1.0,0.5833333333333334,0.41666666666666663,2.339764101700573,1.481216530486967,0.8585475712136059,,,,True,0.3121836336161716,0.17181722587807566,0.14036640773809592,0.5833333333333334,0.5833333333333334,0.0,1.7831887453446038,0.9814176992340741,0.8017710461105297,,,,True
24.0,4,91.09999999999889,1.5,1.8000000000001108,2.4143359324378255,0.6377813993794477,1.7765545330583778,1.0,1.0,0.0,15.02557503407105,3.91406475137043,11.11151028270062,,,,True,2.039335932437847,0.2713098209548351,1.7680261114830118,1.0,0.8666666666666667,0.1333333333333333,12.701680468347565,1.6437558387827176,11.057924629564848,,1.3499999999980048,,True
24.0,4,91.09999999999944,1.5,1.7999999999995566,2.4143359324378255,0.6377813993794477,1.7765545330583778,1.0,1.0,0.0,15.02557503407105,3.91406475137043,11.11151028270062,,,,True,2.039335932437847,0.2713098209548351,1.7680261114830118,1.0,0.8666666666666667,0.1333333333333333,12.701680468347565,1.6437558387827176,11.057924629564848,,1.3499999999974506,,True
24.0,4,92.899999999999,0.6,0.5000000000001279,0.5468289113147321,0.14860761926427835,0.39822129205045376,1.0,1.0,0.0,3.526840351591196,0.9802928305416925,2.5465475210495034,,,,True,0.3968289113147406,0.05330577748558261,0.34352313382915795,1.0,0.5833333333333334,0.41666666666666663,2.555426833704933,0.3525579767212601,2.202868856983673,,,,True
24.0,4,93.39999999999912,1.5,2.7000000000000313,0.7039296907423958,0.5818859658809632,0.12204372486143256,1.0,1.0,0.0,4.8525431721403685,4.025162675707612,0.827380496432756,,,,True,0.3289296907424171,0.20826418758704016,0.12066550315537697,1.0,0.9333333333333333,0.06666666666666665,2.257514152727899,1.4397554589323898,0.817758693795509,,1.4499999999976296,,True
24.0,4,98.49999999999868,0.6,0.200000000000216,0.07200441821555663,0.1066204653013797,-0.03461604708582307,0.5833333333333334,0.5833333333333334,0.0,0.4762285290357887,0.7051748852908204,-0.22894635625503168,,,,True,0.0,0.01912046530138467,-0.01912046530138467,0.0,0.5833333333333334,-0.5833333333333334,0.0,0.1264604491032604,-0.1264604491032604,0.0,,,True
24.0,4,99.89999999999893,1.000000000000071,1.000000000000071,0.742535556634403,0.6794540639823231,0.06308149265207985,1.0,1.0,0.0,4.6614361040880254,4.264396054982799,0.39704004910522617,,,,True,0.541491422637312,0.476112660847446,0.06537876178986596,0.75,0.75,0.0,3.40229095067853,2.99150407519885,0.41078687547967974,,,,True
24.0,4,106.59999999999822,1.3000000000007077,1.3000000000007077,0.7528516378732474,0.6067681516052567,0.14608348626799073,0.8076923076923077,0.8076923076923077,0.0,4.30027849961025,3.4658515773006036,0.8344269223096461,,,,True,0.4903516378732623,0.3442681516052715,0.14608348626799078,0.8076923076923077,0.8076923076923077,0.0,2.800882005851571,1.966455083541925,0.8344269223096459,,,,True
24.0,4,110.09999999999802,1.5,4.199999999999662,1.2082411532848847,0.9404866241302466,0.26775452915463804,1.0,0.8333333333333334,0.16666666666666663,6.894369909722099,5.372047034849179,1.5223228748729198,,,,True,0.8672028088308534,0.6279866241302647,0.2392161847005887,0.8333333333333334,0.8333333333333334,0.0,4.953450860718987,3.587051208945989,1.3663996517729977,,,,True
24.0,4,114.29999999999768,0.6,0.30000000000053717,0.22273735522466293,0.2028260364585908,0.019911318766072134,1.0,0.5833333333333334,0.41666666666666663,1.2859601707081472,1.1728006575675178,0.11315951314062933,,,,True,0.10800713400215413,0.11532603645859575,-0.007318902456441623,0.5833333333333334,0.5833333333333334,0.0,0.6238226954506229,0.666201842215946,-0.04237914676532317,,,,True
24.0,4,116.59999999999764,0.6,0.40000000000020464,0.32004524426710884,0.10971526758825594,0.2103299766788529,0.75,0.5833333333333334,0.16666666666666663,1.9147376891989434,0.6565346259845773,1.2582030632143661,,,,True,0.23104313027515203,0.022215267588260902,0.20882786268689113,0.5833333333333334,0.5833333333333334,0.0,1.38255885854249,0.13293585038630862,1.2496230081561812,,,,True
24.0,4,116.99999999999784,1.100000000000179,1.100000000000179,0.9059711318207446,0.5800230100638989,0.32594812175684573,1.0,1.0,0.0,5.638945200559383,3.625567852919254,2.013377347640129,,,,True,0.6309711318207603,0.3050230100639144,0.32594812175684584,1.0,1.0,0.0,3.926029206102189,1.9126518584620598,2.0133773476401293,,,,True
24.0,4,125.79999999999758,1.5,5.599999999999241,0.9477521679032935,0.7166044280865222,0.23114773981677128,0.8333333333333334,0.8333333333333334,0.0,5.178176083667455,3.915268185750493,1.262907897916962,,,,True,0.6352521679033112,0.40410442808654,0.23114773981677117,0.8333333333333334,0.8333333333333334,0.0,3.4707887719339707,2.207880874017007,1.2629078979169637,,,,True
24.0,4,131.39999999999682,1.5,2.4000000000007446,1.0552080244697675,0.8167287564538598,0.23847926801590769,0.8666666666666667,0.8666666666666667,0.0,6.027334141242217,4.66514374772904,1.3621903935131767,,,,True,0.7302080244697859,0.4917287564538783,0.23847926801590763,0.8666666666666667,0.8666666666666667,0.0,4.170938482302902,2.8087480887897254,1.3621903935131767,,,,True
24.0,4,138.69999999999675,0.7000000000000739,0.7000000000000739,0.2415855926806918,0.29507345672389546,-0.05348786404320366,0.6428571428571429,0.6428571428571429,0.0,1.379933678506904,1.6854556434784285,-0.3055219649715244,,,,True,0.12908559268069816,0.18257345672390182,-0.05348786404320366,0.6428571428571429,0.6428571428571429,0.0,0.7373351811817562,1.0428571461532803,-0.30552196497152406,,,,True
24.0,4,139.99999999999633,1.1999999999999602,1.1999999999999602,0.700981816587179,0.8025715768965658,-0.10158976030938682,1.0,1.0,0.0,4.145585573198273,4.745791879361489,-0.6002063061632157,,,,True,0.40098181658719595,0.5025715768965828,-0.10158976030938688,1.0,1.0,0.0,2.3798070936609155,2.9800133998241307,-0.6002063061632152,,,,True
24.0,4,139.99999999999704,1.1999999999992497,1.1999999999992497,0.700981816587179,0.8025715768965658,-0.10158976030938682,1.0,1.0,0.0,4.145585573198273,4.745791879361489,-0.6002063061632157,,,,True,0.40098181658719595,0.5025715768965828,-0.10158976030938688,1.0,1.0,0.0,2.3798070936609155,2.9800133998241307,-0.6002063061632152,,,,True
24.0,4,141.1999999999963,0.9000000000004036,0.9000000000004036,0.39758083605760286,0.4122579613530892,-0.014677125295486315,1.0,1.0,0.0,2.475577693372464,2.555951651650659,-0.08037395827819527,,,,True,0.17258083605761565,0.18725796135310208,-0.014677125295486426,1.0,1.0,0.0,1.0768209642742308,1.1571949225524265,-0.08037395827819571,,,,True
24.0,4,142.0999999999967,1.5,3.500000000000199,0.6318276351735325,0.7151708564419164,-0.0833432212683839,1.0,1.0,0.0,4.148616517364364,4.704827874698085,-0.5562113573337211,,,,True,0.2568276351735537,0.3401708564419376,-0.0833432212683839,1.0,1.0,0.0,1.6890801635672323,2.2452915209009543,-0.556211357333722,,,,True
24.0,4,145.5999999999969,1.0999999999998522,1.0999999999998522,0.6335692652147387,0.4502847794275633,0.18328448578717538,0.7727272727272727,0.7727272727272727,0.0,4.423147886975347,3.1435807890509633,1.2795670979243834,,,,True,0.4210692652147508,0.2377847794275754,0.1832844857871754,0.7727272727272727,0.7727272727272727,0.0,2.9396180227802526,1.6600509248558681,1.2795670979243845,,,,True
24.0,4,147.09999999999673,0.8999999999996078,0.8999999999996078,0.3512683609664344,0.10159383518309326,0.24967452578334112,1.0,0.7222222222222222,0.2777777777777778,2.4091298088790656,0.6870363778302471,1.7220934310488185,,0.6500000000025778,,True,0.12788483286684565,0.010479339451417628,0.11740549341542802,0.8888888888888888,0.2222222222222222,0.6666666666666666,0.8679904717185258,0.06930908596852087,0.798681385750005,0.8000000000026404,0.20000000000250395,0.6000000000001364,False
24.0,4,148.39999999999645,0.6,0.29999999999972715,0.12245649052951381,0.2806635394605267,-0.1582070489310129,1.0,1.0,0.0,0.804754886152641,1.868800135300703,-1.064045249148062,,,,True,0.024329094130791457,0.18510984727443525,-0.1607807531436438,0.16666666666666666,0.5833333333333334,-0.41666666666666674,0.16980013258907742,1.2348898869851404,-1.065089754396063,,,,True
24.0,4,148.69999999999618,0.6,0.5000000000001137,0.28629719482270377,0.48108749038186494,-0.19479029555916116,1.0,1.0,0.0,1.974688713068623,3.2716113977665024,-1.2969226846978794,,,,True,0.17541783253369678,0.33108749038187346,-0.15566965784817668,0.5833333333333334,1.0,-0.41666666666666663,1.2137881669805772,2.25197167686461,-1.0381835098840326,,,,True
24.0,4,149.2999999999957,0.8000000000010061,0.8000000000010061,0.5531461544874625,0.5575121981497986,-0.004366043662336061,1.0,1.0,0.0,3.80086633774785,3.827968825127956,-0.02710248738010579,,,,True,0.35314615448747383,0.3575121981498099,-0.004366043662336061,1.0,1.0,0.0,2.422974823015564,2.4500773103956694,-0.027102487380105345,,,,True
24.0,4,152.7999999999955,0.6,0.4000000000005457,0.3210966250230942,0.2885084612301622,0.032588163792932,1.0,0.5833333333333334,0.41666666666666663,2.2346689251068987,2.014169027331496,0.2204998977754027,,,,True,0.21452290542323207,0.20100846123016725,0.013514444193064828,0.5833333333333334,0.5833333333333334,0.0,1.4976524082319198,1.4033037891335163,0.09434861909840353,,,,True
24.0,4,153.19999999999604,0.6,0.40000000000085834,0.47216354260139076,0.43592752700763143,0.03623601559375933,1.0,1.0,0.0,3.3542866723674787,3.0961832993048857,0.258103373062593,,,,True,0.32216354260139923,0.2859275270076399,0.03623601559375933,1.0,1.0,0.0,2.2865558358533615,2.028452462790768,0.25810337306259346,,,,True
24.0,5,30.20000000000016,0.6,0.5000000000000071,0.24440703107222386,0.23574573487926404,0.008661296192959828,0.6666666666666666,0.6666666666666666,0.0,1.3353518840038103,1.2880296848901271,0.04732219911368318,,,,True,0.14440703107222955,0.13574573487926972,0.008661296192959828,0.6666666666666666,0.6666666666666666,0.0,0.7889879442490944,0.7416657451354114,0.04732219911368296,,,,True
24.0,5,30.700000000000166,0.6,0.40000000000000213,0.32206211416661396,0.334147041393035,-0.012084927226421072,1.0,1.0,0.0,1.8104243803285827,1.8802937589021997,-0.06986937857361708,,,,True,0.17206211416662243,0.1841470413930435,-0.012084927226421072,1.0,1.0,0.0,0.9660437461622045,1.0359131247358215,-0.06986937857361708,,,,True
24.0,5,31.10000000000017,1.5,3.200000000000049,0.6230208486787863,0.6592600328621036,-0.036239184183317286,1.0,1.0,0.0,3.7006493772378244,3.915408957409303,-0.21475958017147878,,,,True,0.25035371759246194,0.2846955348687764,-0.03434181727631447,0.9333333333333333,0.9666666666666667,-0.033333333333333326,1.484214447806268,1.6876202109564042,-0.20340576315013625,1.400000000000123,1.45000000000012,-0.04999999999999716,False
24.0,5,34.30000000000022,1.5,3.8999999999999417,0.614952676825409,0.6604594168537464,-0.045506740028337433,0.8333333333333334,0.8333333333333334,0.0,3.863861623640166,4.149788903963857,-0.2859272803236905,,,,True,0.30245267682542676,0.3479594168537641,-0.04550674002833732,0.8333333333333334,0.8333333333333334,0.0,1.9003662151466572,2.1862934954703475,-0.2859272803236903,,,,True
24.0,5,43.40000000000023,0.6000000000001293,0.6000000000001293,0.20823357076117752,0.27632684345538383,-0.06809327269420631,0.5833333333333334,0.5833333333333334,0.0,1.137713141102758,1.5097502285027664,-0.3720370874000085,,,,True,0.12073357076118249,0.18882684345538883,-0.06809327269420634,0.5833333333333334,0.5833333333333334,0.0,0.6596446938173816,1.0316817812173902,-0.3720370874000086,,,,True
24.0,5,44.00000000000036,1.5,1.90000000000002,0.4507105542806398,0.6527537040151028,-0.20204314973446302,1.0,1.0,0.0,2.5403105240010113,3.6831564360754543,-1.142845912074443,,,,True,0.13382051132049844,0.29392957992429564,-0.1601090686037972,0.5666666666666667,0.7666666666666667,-0.20000000000000007,0.7457605341816199,1.6490795349558116,-0.9033190007741917,0.8999999999992241,1.199999999999207,-0.29999999999998295,False
24.0,5,45.90000000000038,1.5,3.999999999999943,0.6032652715376585,0.5475150934516246,0.055750178086033886,0.8333333333333334,0.9,-0.06666666666666665,3.609930943292494,3.2757940525103435,0.3341368907821507,,,,True,0.2907652715376763,0.23307168730192787,0.05769358423574841,0.8333333333333334,0.8333333333333334,0.0,1.7399353161558204,1.3946977154047893,0.34523760075103116,,,,True
24.0,5,49.900000000000325,1.4999999999999076,1.4999999999999076,0.496851404223649,0.643826034792054,-0.14697463056840504,0.8333333333333334,0.8333333333333334,0.0,3.1218094428695764,4.0452782821851265,-0.9234688393155501,,,,True,0.1845306674854289,0.3313260347920718,-0.1467953673066429,0.8,0.8333333333333334,-0.033333333333333326,1.1594403786684893,2.081782873691618,-0.9223424950231289,1.4999999999988916,,,True
24.0,5,57.50000000000055,0.6,0.3999999999997783,0.2546736035303906,0.18289142880892495,0.07178217472146564,0.5833333333333334,0.5833333333333334,0.0,1.4381303100786287,1.0337813941632337,0.404348915915395,,,,True,0.1671736035303955,0.09539142880892988,0.07178217472146563,0.5833333333333334,0.5833333333333334,0.0,0.9476445005261002,0.5432955846107048,0.40434891591539535,,,,True
24.0,5,66.80000000000048,1.5,3.499999999999801,0.8271078058346363,0.8408317169539294,-0.013723911119293164,0.8333333333333334,0.8333333333333334,0.0,4.519018793977159,4.5940012954569704,-0.07498250147981178,,,,True,0.5146078058346542,0.5283317169539472,-0.013723911119293053,0.8333333333333334,0.8333333333333334,0.0,2.8116314822436723,2.886613983723483,-0.07498250147981089,,,,True
24.0,5,70.30000000000028,1.5,4.500000000000199,0.8807717766578209,0.8686473285940981,0.012124448063722815,1.0,0.8333333333333334,0.16666666666666663,5.02955309368344,4.96170193831203,0.06785115537140918,,,,True,0.5626202945201684,0.556147328594116,0.006472965926052399,0.8333333333333334,0.8333333333333334,0.0,3.213679607318341,3.1767061124088443,0.03697349490949664,,,,True
24.0,5,78.3999999999998,1.0999999999997243,1.0999999999997243,0.6030837505386915,0.6398889853014971,-0.036805234762805616,0.8181818181818182,0.8181818181818182,0.0,3.295032139463882,3.4961226701499317,-0.20109053068604954,,,,True,0.37808375053870413,0.41488898530151,-0.036805234762805894,0.8181818181818182,0.8181818181818182,0.0,2.0657132750157716,2.266803805701822,-0.20109053068605043,,,,True
24.0,5,79.49999999999953,1.3000000000001535,1.3000000000001535,1.4098191677208851,1.3017557331674723,0.10806343455341283,1.0,1.0,0.0,8.020282334125975,7.401857123702463,0.6184252104235117,,,,True,1.0848191677209036,0.9767557331674908,0.10806343455341283,1.0,1.0,0.0,6.1794083780206,5.560983167597088,0.6184252104235117,,,,True
24.0,5,80.79999999999968,1.5,4.199999999999761,0.9218868542692119,0.8696361063880831,0.05225074788112882,1.0,1.0,0.0,5.4563573210254965,5.159761821991996,0.2965954990335007,,,,True,0.5468868542692333,0.49463610638810435,0.05225074788112899,1.0,1.0,0.0,3.2293625287081844,2.9327670296746824,0.296595499033502,,,,True
24.0,5,84.99999999999945,1.0999999999999375,1.0999999999999375,0.4249516024792695,0.5960578027604851,-0.17110620028121565,1.0,0.7727272727272727,0.2272727272727273,2.6563241564116273,3.745141628534428,-1.0888174721228006,,,,True,0.16657746930833128,0.3835578027604972,-0.21698033345216594,0.7727272727272727,0.7727272727272727,0.0,1.0466371076652656,2.409964750758842,-1.3633276430935766,,,,True
24.0,5,86.09999999999938,0.6,0.3000000000004235,0.4889155039041758,0.324263147398732,0.1646523565054438,1.0,1.0,0.0,3.108583490563003,2.053097187806049,1.0554863027569539,,,,True,0.33891550390418435,0.17426314739874052,0.16465235650544383,1.0,1.0,0.0,2.1578383453977255,1.1023520426407711,1.0554863027569543,,,,True
24.0,5,88.0999999999995,0.7000000000001876,0.7000000000001876,0.21296092532839037,0.015483636193418611,0.19747728913497176,1.0,0.35714285714285715,0.6428571428571428,1.3029809667282233,0.09265386231638258,1.2103271044118407,,0.29999999999762395,,True,0.06016388568223217,0.0,0.06016388568223217,0.5714285714285714,0.0,0.5714285714285714,0.36162880851431217,0.0,0.36162880851431217,0.4499999999976154,0.0,0.4499999999976154,False
24.0,5,98.49999999999868,0.6999999999999602,0.6999999999999602,0.28523118096276767,0.33739163016879775,-0.05216044920603008,0.6428571428571429,0.6428571428571429,0.0,1.5584003177171681,1.8433862029930066,-0.28498588527583846,,,,True,0.17273118096277404,0.22489163016880404,-0.052160449206029996,0.6428571428571429,0.6428571428571429,0.0,0.9437408854931127,1.2287267707689518,-0.284985885275839,,,,True
24.0,5,99.19999999999864,0.8999999999998352,0.8999999999998352,0.37575778651886843,0.4489141880815932,-0.0731564015627248,1.0,1.0,0.0,2.1105591374766073,2.5218592444805954,-0.4113001070039881,,,,True,0.15080538192636425,0.22391418808160599,-0.07310880615524173,0.9444444444444444,1.0,-0.05555555555555558,0.8411557099920579,1.25218395266424,-0.4110282426721821,0.8999999999978172,,,True
24.0,5,100.09999999999847,1.5,6.400000000000205,0.6882855652610076,0.5689887078281612,0.11929685743284635,1.0,1.0,0.0,4.105497758713884,3.388249021594059,0.7172487371198253,,,,True,0.32728018523033986,0.1988562710377743,0.12842391419256555,0.8333333333333334,0.8333333333333334,0.0,1.9584400487336056,1.1895756611210386,0.7688643876125669,,1.4499999999978996,,True
24.0,5,108.49999999999812,0.6,0.19999999999986073,0.47223186218311086,0.34497962964992157,0.1272522325331893,0.8333333333333334,0.5833333333333334,0.25,2.6408204967822044,1.9275789945124089,0.7132415022697955,,,,True,0.3836831052395474,0.25747962964992654,0.12620347558962086,0.5833333333333334,0.5833333333333334,0.0,2.147947749280938,1.4401975255266684,0.7077502237542697,,,,True
24.0,5,108.69999999999798,1.5,3.9999999999999005,2.0147438639814608,1.4831756510731156,0.5315682129083452,0.9666666666666667,0.9666666666666667,0.0,11.45212765469049,8.428939465872839,3.0231881888176506,,,,True,1.6522438639814814,1.1206756510731362,0.5315682129083452,0.9666666666666667,0.9666666666666667,0.0,9.39394985890994,6.370761670092294,3.0231881888176453,,,,True
24.0,5,112.69999999999789,1.5,3.8000000000002387,1.3069945976922483,0.883546680837088,0.42344791685516037,1.0,1.0,0.0,7.808128480011019,5.282124394637906,2.5260040853731134,,,,True,0.9470352823301356,0.5526400941213376,0.39439518820879793,0.8333333333333334,0.8333333333333334,0.0,5.6670458774451244,3.3069905900395558,2.3600552874055687,,,,True
24.0,5,117.79999999999758,1.5,2.900000000000304,0.7964553092537917,0.8086119083294951,-0.012156599075703434,1.0,1.0,0.0,4.545217609963527,4.616956563949163,-0.07173895398563612,,,,True,0.4673476027834548,0.48876793433608867,-0.021420331552633898,0.8333333333333334,0.8333333333333334,0.0,2.669483264686005,2.7918359124009355,-0.12235264771493037,,,,True
24.0,5,123.89999999999712,0.6,0.09999999999999432,0.296605938857523,0.2587473490464497,0.03785858981107332,0.6666666666666666,0.6666666666666666,0.0,1.750403514537441,1.5255996945297978,0.2248038200076432,,,,True,0.19660593885752872,0.15874734904645535,0.03785858981107337,0.6666666666666666,0.6666666666666666,0.0,1.1622048900017237,0.9374010699940805,0.2248038200076432,,,,True
24.0,5,123.99999999999712,1.2000000000000455,1.2000000000000455,0.8116815321880191,0.6817383431473402,0.12994318904067892,0.9166666666666666,0.9166666666666666,0.0,4.8326086574907565,4.056771884247896,0.7758367732428608,,,,True,0.5366815321880348,0.40673834314735585,0.12994318904067897,0.9166666666666666,0.9166666666666666,0.0,3.197212481758501,2.42137570851564,0.7758367732428608,,,,True
24.0,5,125.19999999999716,0.6000000000004206,0.6000000000004206,0.4035400852233959,0.3414205872175681,0.06211949800582783,1.0,1.0,0.0,2.492332371583375,2.112935646076783,0.379396725506592,,,,True,0.25354008522340443,0.1914205872175766,0.06211949800582783,1.0,1.0,0.0,1.5685545317778575,1.1891578062712655,0.379396725506592,,,,True
24.0,5,129.39999999999694,1.5,2.500000000000199,0.39343753741105525,0.7671492554466699,-0.37371171803561465,1.0,0.8666666666666667,0.1333333333333333,2.462872731676505,4.820140930236275,-2.35726819855977,,,,True,0.06939315149912241,0.44214925544668826,-0.37275610394756586,0.5666666666666667,0.8666666666666667,-0.30000000000000004,0.4360100299181727,2.7781057054030263,-2.3420956754848534,1.0999999999984738,,,True
24.0,5,132.8999999999972,0.6,0.2999999999993008,0.3367877688374724,0.3581612910592681,-0.02137352222179567,1.0,0.6666666666666666,0.33333333333333337,1.9792112486196058,2.1041307490528762,-0.12491950043327038,,,,True,0.2219472120621692,0.25816129105927377,-0.036214078997104576,0.6666666666666666,0.6666666666666666,0.0,1.3062435620102657,1.5159321245171589,-0.20968856250689316,,,,True
24.0,5,133.1999999999965,1.5,2.800000000000523,1.1774110338814976,1.0138740871052825,0.1635369467762151,1.0,1.0,0.0,7.01352572566878,6.0279069450966505,0.9856187805721293,,,,True,0.8024110338815187,0.6388740871053036,0.1635369467762151,1.0,1.0,0.0,4.779730949252786,3.794112168680657,0.9856187805721293,,,,True
24.0,5,135.99999999999702,1.3999999999999204,1.3999999999999204,0.8619470640551843,1.045024141626705,-0.1830770775715207,1.0,1.0,0.0,5.413888877943115,6.5635693871102685,-1.1496805091671538,,,,True,0.5681494206688479,0.7491319254559866,-0.18098250478713873,0.8518518518518519,0.8518518518518519,0.0,3.5697880922290985,4.7069347071642085,-1.13714661493511,,,,True
24.0,5,146.29999999999688,1.5,2.9999999999993463,0.4850695743709302,0.7706093396870176,-0.28553976531608743,0.8666666666666667,0.8666666666666667,0.0,2.6502452370845937,4.210331548432028,-1.5600863113474341,,,,True,0.1636504901197444,0.44560933968703603,-0.28195884956729167,0.7666666666666667,0.8666666666666667,-0.09999999999999998,0.8941272652461869,2.4346487442292024,-1.5405214789830155,1.3500000000024244,,,True
24.0,5,149.29999999999623,1.5,3.299999999999386,0.6952236924179452,0.6291259058097997,0.06609778660814558,0.8333333333333334,0.8333333333333334,0.0,3.971108444912338,3.593558770681982,0.3775496742303561,,,,True,0.3827236924179629,0.31662590580981737,0.06609778660814553,0.8333333333333334,0.8333333333333334,0.0,2.186112619009149,1.8085629447787936,0.37754967423035524,,,,True
24.0,5,152.59999999999562,1.5,1.7000000000012676,0.558025269767308,0.5938482426514734,-0.03582297288416536,0.8666666666666667,0.8666666666666667,0.0,3.3392154057494032,3.5535795742115757,-0.21436416846217243,,,,True,0.2330252697673266,0.2688482426514918,-0.03582297288416522,0.8666666666666667,0.8666666666666667,0.0,1.394419953527263,1.6087841219894348,-0.21436416846217177,,,,True
24.0,6,20.700000000000024,1.5,1.8000000000000256,0.3573806640725836,0.7154366785314771,-0.35805601445889346,1.0,0.8666666666666667,0.1333333333333333,2.2443363002364576,4.495221226766342,-2.250884926529884,,,,True,0.06455658767661265,0.3904366785314956,-0.32588009085488295,0.5333333333333333,0.8666666666666667,-0.33333333333333337,0.405621003171343,2.4531860019330924,-2.0475649987617492,1.0000000000001457,,,True
24.0,6,22.50000000000005,0.9999999999999112,0.9999999999999112,0.5086219938219708,0.5306308504140785,-0.022008856592107717,0.8,1.0,-0.19999999999999996,3.3639644615690467,3.498369080014931,-0.13440461844588425,,,,True,0.3086219938219823,0.29688574717274735,0.01173624664923495,0.8,0.8,0.0,2.041188607426051,1.9635664889966733,0.0776221184293775,,,,True
24.0,6,24.70000000000008,1.5,2.9000000000000377,0.9927712933714798,1.009665004608868,-0.016893711237388143,1.0,1.0,0.0,5.919821196035108,6.02837756052906,-0.10855636449395245,,,,True,0.6177712933715013,0.637300777699519,-0.01952948432801771,1.0,0.9333333333333333,0.06666666666666665,3.689426411668453,3.813038276849774,-0.12361186518132072,,,,True
24.0,6,27.60000000000012,0.6000000000000121,0.6000000000000121,0.32041605633301645,0.2904090486564958,0.030007007676520647,1.0,0.6666666666666666,0.33333333333333337,2.0078835538565176,1.8246938675904962,0.1831896862660214,,,,True,0.20253532107259578,0.19040904865650152,0.012126272416094264,0.6666666666666666,0.6666666666666666,0.0,1.272566953548234,1.1963753368725731,0.07619161667566088,,,,True
24.0,6,28.20000000000013,0.6,0.4999999999998934,0.37821806783618234,0.3532287476300274,0.024989320206154964,1.0,1.0,0.0,2.4432482616333755,2.281230582243773,0.16201767938960243,,,,True,0.22821806783619086,0.20322874763003598,0.02498932020615488,1.0,1.0,0.0,1.471834743747113,1.3098170643575107,0.16201767938960243,,,,True
24.0,6,37.50000000000025,1.5,2.0000000000000426,0.7935273199248888,0.7797116680291545,0.013815651895734304,0.8666666666666667,0.8666666666666667,0.0,4.335547128171876,4.260063388171539,0.07548374000033675,,,,True,0.4685273199249073,0.45471166802917296,0.01381565189573436,0.8666666666666667,0.8666666666666667,0.0,2.559864323969051,2.484380583968713,0.07548374000033764,,,,True
24.0,6,39.50000000000029,1.5,5.999999999999957,0.8299118675024908,0.679577178823316,0.15033468867917477,1.0,0.9,0.09999999999999998,4.731308080029265,3.881195389236062,0.8501126907932033,,,,True,0.4806189410954727,0.3649012778375907,0.11571766325788202,0.8333333333333334,0.8333333333333334,0.0,2.7452889718575317,2.0843112249820055,0.6609777468755262,,,,True
24.0,6,50.300000000000445,0.6,0.4000000000000057,0.2087218735141218,0.2126339015130995,-0.003912027998977691,0.5833333333333334,0.5833333333333334,0.0,1.1403810512616754,1.1617549615611986,-0.02137391029952318,,,,True,0.12122187351412678,0.12513390151310447,-0.003912027998977691,0.5833333333333334,0.5833333333333334,0.0,0.6623126039762992,0.6836865142758222,-0.021373910299522958,,,,True
24.0,6,50.70000000000045,0.6,0.4000000000000057,0.3180700566275046,0.3447097012507094,-0.026639644623204783,1.0,1.0,0.0,1.7800337660420813,1.931692343542979,-0.15165857750089762,,,,True,0.1680700566275131,0.19470970125071788,-0.026639644623204783,1.0,1.0,0.0,0.9387574724424909,1.0904160499433884,-0.1516585775008975,,,,True
24.0,6,51.100000000000456,1.5,3.2000000000000455,0.7158457291441026,0.6702560897056904,0.04558963943841221,1.0,1.0,0.0,4.250924490351104,3.9730447757029186,0.2778797146481855,,,,True,0.3408457291441239,0.2960569881962432,0.04478874094788071,1.0,0.9666666666666667,0.033333333333333326,2.0239296980337915,1.7508425487458452,0.2730871492879463,,1.4999999999986926,,True
24.0,6,54.3000000000005,1.5,1.5999999999999162,0.5521026535273876,0.523068655996583,0.0290339975308046,1.0,0.8333333333333334,0.16666666666666663,3.4600069246813203,3.2865372940039044,0.17346963067741594,,,,True,0.20966823855186797,0.21056865599660085,-0.0009004174447328761,0.8333333333333334,0.8333333333333334,0.0,1.3173843958513212,1.3230418855103954,-0.0056574896590742,,,,True
24.0,6,55.90000000000042,1.5,2.400000000000027,0.9000639179052812,0.7714430160716788,0.12862090183360242,1.0,1.0,0.0,5.939157829004196,5.091419955108592,0.8477378738956034,,,,True,0.5334657592896858,0.41375110567084716,0.1197146536188386,0.8666666666666667,0.8666666666666667,0.0,3.52827812700248,2.736499861031974,0.7917782659705059,,,,True
24.0,6,65.40000000000056,1.5,8.0,0.36144499500968225,0.6351772002284292,-0.2737322052187469,0.8333333333333334,0.8333333333333334,0.0,1.9748051147812473,3.4703791755919404,-1.495574060810693,,,,True,0.08254918444172252,0.3258966039817861,-0.2433474195400636,0.5333333333333333,0.7666666666666667,-0.2333333333333334,0.451018976351207,1.7805815250418107,-1.3295625486906038,1.0999999999978058,1.449999999997786,-0.3499999999999801,False
24.0,6,74.9999999999999,1.5,3.8000000000003524,0.31092045153134146,0.3613900711319617,-0.05046961960062024,0.8666666666666667,0.8666666666666667,0.0,1.6987572284898846,1.9745050305190668,-0.27574780202918214,,,,True,0.033350189329850705,0.05261682965513859,-0.01926664032528789,0.4666666666666667,0.6333333333333333,-0.16666666666666663,0.18221340833823904,0.2874793834778585,-0.10526597513961947,0.9499999999979281,1.1999999999979138,-0.2499999999999858,False
24.0,6,78.80000000000025,1.5,1.7999999999993292,0.8540106713534721,0.7161339395860082,0.13787673176746384,0.8666666666666667,0.8666666666666667,0.0,4.878097547657007,4.090547497435852,0.7875500502211548,,,,True,0.5290106713534903,0.39113393958602666,0.13787673176746368,0.8666666666666667,0.8666666666666667,0.0,3.0217018887176934,2.2341518384965364,0.787550050221157,,,,True
24.0,6,80.59999999999958,1.5,1.9999999999998863,1.501414793067764,1.0276356862169125,0.47377910685085145,1.0,1.0,0.0,8.963376436439766,6.139673120880838,2.8237033155589284,,,,True,1.1264147930677852,0.679531023662988,0.44688376940479724,1.0,0.8333333333333334,0.16666666666666663,6.7363816441224555,4.06630413681142,2.670077507311036,,,,True
24.0,6,82.59999999999947,0.6,0.400000000000432,0.3104643906661655,0.25710432126557625,0.05336006940058924,1.0,1.0,0.0,1.8929071657662455,1.580295276576993,0.3126118891892524,,,,True,0.16046439066617404,0.1358867226321094,0.024577668034064637,1.0,0.6666666666666666,0.33333333333333337,0.9766093084692753,0.8362309063004925,0.14037840216878283,,,,True
24.0,6,91.59999999999908,1.5,3.100000000000719,0.7384515556477028,0.6914095342221873,0.0470420214255155,0.8333333333333334,0.8333333333333334,0.0,4.034633012617005,3.777612371016286,0.2570206416007186,,,,True,0.4259515556477205,0.3789095342222052,0.047042021425515335,0.8333333333333334,0.8333333333333334,0.0,2.327245700883518,2.0702250592827993,0.2570206416007186,,,,True
24.0,6,94.6999999999998,1.5,2.599999999998957,0.4236983465087552,0.6565591316366035,-0.2328607851278483,0.8666666666666667,0.8666666666666667,0.0,2.4201592958728115,3.7502569901760845,-1.330097694303273,,,,True,0.10845789673027678,0.33155913163662193,-0.22310123490634515,0.7,0.8666666666666667,-0.16666666666666674,0.6195100574393416,1.8938613312367691,-1.2743512737974276,1.2999999999968708,,,True
24.0,6,97.29999999999876,0.6,0.19999999999997442,0.2132668775362983,0.22123834059901992,-0.007971463062721618,1.0,0.5833333333333334,0.41666666666666663,1.3027353773327848,1.3496679122352018,-0.046932534902417,,,,True,0.12493404802934958,0.1337383405990249,-0.008804292569675312,0.5833333333333334,0.5833333333333334,0.0,0.7631595169521714,0.8148491628741129,-0.051689645921941474,,,,True
24.0,6,97.49999999999874,1.5,2.1000000000003496,0.7351627343838418,0.6915829898980959,0.043579744485745975,1.0,0.9666666666666667,0.033333333333333326,4.582291489167035,4.30493050202169,0.27736098714534574,,,,True,0.3725087093561635,0.3291927697957387,0.04331593956042479,0.9666666666666667,0.9333333333333333,0.033333333333333326,2.3187169914307706,2.0429255606260774,0.27579143080469315,,1.499999999997783,,True
24.0,6,100.19999999999904,0.6,0.2999999999994003,0.040446115159294735,0.05562780307996967,-0.015181687920674938,0.25,0.16666666666666666,0.08333333333333334,0.26736810253791754,0.36791557366604716,-0.10054747112812962,,,,True,0.01502995970959733,0.030627803079971098,-0.015597843370373768,0.16666666666666666,0.16666666666666666,0.0,0.09940633896299278,0.20256859189817283,-0.10316225293518005,,,,True
24.0,6,100.49999999999844,1.5,2.200000000001367,0.43750916009592783,0.6242112915714856,-0.18670213147555775,0.9,0.8666666666666667,0.033333333333333326,2.8934951446114345,4.128458121871107,-1.2349629772596726,,,,True,0.11740713646032722,0.29921129157150417,-0.18180415511117695,0.7666666666666667,0.8666666666666667,-0.09999999999999998,0.776516626069008,1.9789473588887387,-1.2024307328197308,1.3999999999979167,,,True
24.0,6,105.29999999999828,0.6,0.19999999999988916,0.36344384926877366,0.24536708690173156,0.11807676236704209,0.5833333333333334,0.5833333333333334,0.0,2.218130830266963,1.4970489941071474,0.7210818361598157,,,,True,0.27594384926877863,0.15786708690173656,0.11807676236704207,0.5833333333333334,0.5833333333333334,0.0,1.6833120809058741,0.9622302447460583,0.7210818361598158,,,,True
24.0,6,105.49999999999817,1.1999999999999176,1.1999999999999176,1.0374978254361273,0.6732997360268643,0.364198089409263,0.9583333333333334,0.9583333333333334,0.0,6.45333686956766,4.185829127552619,2.2675077420150407,,,,True,0.7499978254361439,0.3857997360268807,0.3641980894092632,0.9583333333333334,0.9583333333333334,0.0,4.6618810587707245,2.394373316755684,2.2675077420150402,,,,True
24.0,6,106.69999999999808,1.5,1.5000000000009521,1.7724817618887951,0.9275414874370214,0.8449402744517738,1.0,1.0,0.0,11.667473725126893,6.1067862069179615,5.5606875182089315,,,,True,1.397481761888817,0.5525414874370428,0.8449402744517741,1.0,1.0,0.0,9.207937371329763,3.647249853120832,5.560687518208931,,,,True
24.0,6,115.19999999999776,1.5,5.500000000001023,1.0643662642088059,1.0406875881033608,0.02367867610544505,1.0,0.8666666666666667,0.1333333333333333,5.814051561727464,5.68594170690017,0.12810985482729365,,,,True,0.7338231773436793,0.7156875881033791,0.01813558924030023,0.8666666666666667,0.8666666666666667,0.0,4.009345222568388,3.910258902697346,0.09908631987104233,,,,True
24.0,6,120.69999999999878,1.5,2.499999999998977,0.5277649381690654,0.5738313363086576,-0.046066398139592124,0.8333333333333334,0.8333333333333334,0.0,3.014586277407649,3.2777169282670764,-0.26313065085942755,,,,True,0.21526493816908318,0.26133133630867533,-0.04606639813959215,0.8333333333333334,0.8333333333333334,0.0,1.2295904515044604,1.4927211023638884,-0.263130650859428,,,,True
24.0,6,124.69999999999708,1.5,2.599999999999838,0.40881312867864045,0.6879249072599494,-0.2791117785813089,0.8666666666666667,0.8666666666666667,0.0,2.335135130450681,3.9294178815805383,-1.5942827511298572,,,,True,0.09639383023078787,0.3629249072599678,-0.2665310770291799,0.6666666666666666,0.8666666666666667,-0.20000000000000007,0.5506002707353183,2.0730222226412227,-1.5224219519059043,1.2499999999979252,,,True
24.0,6,127.29999999999691,1.4000000000018815,1.4000000000018815,0.5750909153096236,0.6871227785321493,-0.11203186322252567,0.8571428571428571,0.8571428571428571,0.0,3.4413359898722726,4.111733091715822,-0.6703971018435491,,,,True,0.2750909153096407,0.38712277853216626,-0.11203186322252556,0.8571428571428571,0.8571428571428571,0.0,1.6461401878210657,2.3165372896646144,-0.6703971018435486,,,,True
24.0,6,129.29999999999683,1.5,2.000000000000341,0.14128653628968393,0.19429859183146586,-0.05301205554178193,0.8333333333333334,1.0,-0.16666666666666663,0.8373248451487812,1.1539025514080756,-0.3165777062592944,1.2999999999986045,,,True,0.0,0.0,0.0,0.0,0.0,0.0,0.0,0.0,0.0,0.0,0.0,0.0,False
24.0,6,131.29999999999717,1.3999999999999204,1.3999999999999204,0.8632483448045656,0.7241973225206406,0.13905102228392496,0.8571428571428571,0.8571428571428571,0.0,5.423949316523144,4.550265976360485,0.8736833401626587,,,,True,0.5632483448045829,0.4241973225206576,0.13905102228392524,0.8571428571428571,0.8571428571428571,0.0,3.5389937243693756,2.665310384206717,0.8736833401626587,,,,True
24.0,6,133.49999999999852,1.1999999999984539,1.1999999999984539,0.5675644346076952,0.5945568340963397,-0.026992399488644514,1.0,1.0,0.0,3.549573317636207,3.731730820663706,-0.1821575030274989,,,,True,0.26756443460771223,0.3312548524103053,-0.06369041780259305,1.0,0.8333333333333334,0.16666666666666663,1.6795776904995319,2.0813356215963728,-0.4017579310968409,,,,True
24.0,6,134.69999999999698,0.6,0.5999999999999375,0.14940703970799196,0.22148045003932604,-0.07207341033133408,1.0,1.0,0.0,0.9641062614423618,1.4380134120930226,-0.4739071506506608,,,,True,0.02273752784625977,0.07148045003933454,-0.048742922193074766,0.3333333333333333,1.0,-0.6666666666666667,0.14286410088520615,0.46246621966256407,-0.3196021187773579,0.24999999999944578,,,True
24.0,6,135.2999999999969,0.6,0.49999999999965894,0.3456026902037546,0.3412231314028179,0.0043795588009367115,1.0,1.0,0.0,2.2750166049911504,2.2344475268107042,0.040569078180446194,,,,True,0.20533573997575824,0.19122313140282637,0.014112608572931867,0.6666666666666666,1.0,-0.33333333333333337,1.3580657941626653,1.2547666598360483,0.10329913432661697,,,,True
24.0,6,135.79999999999657,1.1000000000003922,1.1000000000003922,0.7148386645175071,0.7785093354761797,-0.06367067095867263,1.0,1.0,0.0,4.933729312660529,5.388452308204643,-0.4547229955441141,,,,True,0.4273386645175234,0.49100933547619596,-0.06367067095867257,1.0,1.0,0.0,2.9449725597302656,3.3996955552743797,-0.4547229955441141,,,,True
24.0,6,136.89999999999696,0.6,0.3999999999998636,0.346093446331988,0.2953284626972902,0.050764983634697836,1.0,1.0,0.0,2.4719097530123753,2.1074673625370766,0.3644423904752987,,,,True,0.20859344633199584,0.15782846269729797,0.05076498363469786,1.0,1.0,0.0,1.49144537909797,1.1270029886226716,0.36444239047529847,,,,True
24.0,6,138.6999999999963,0.6,0.20000000000044338,0.3143600912914832,0.23925759717758346,0.07510249411389971,1.0,0.9166666666666666,0.08333333333333337,2.302030719038405,1.811186587119923,0.490844131918482,,,,True,0.1643600912914917,0.15162923611107015,0.012730855180421552,1.0,0.5833333333333334,0.41666666666666663,1.2015749590493965,1.1461670108326265,0.055407948216769976,,,,True
24.0,6,138.89999999999674,0.6,0.400000000000432,0.3216661606913099,0.37568027258392755,-0.05401411189261768,1.0,1.0,0.0,2.411790620377957,2.833660685915413,-0.4218700655374561,,,,True,0.17166616069131846,0.2381477855345919,-0.06648162484327344,1.0,0.9166666666666666,0.08333333333333337,1.2850265885757997,1.7939363143228462,-0.5089097257470465,,,,True
24.0,6,145.19999999999683,1.49999999999946,1.49999999999946,0.6869750948706238,0.7583229963639723,-0.07134790149334846,1.0,0.9,0.09999999999999998,4.105664702106682,4.53775057582914,-0.43208587372245777,,,,True,0.34291382733717024,0.43316261703267517,-0.09024878969550493,0.8666666666666667,0.8666666666666667,0.0,2.051991544336787,2.5920390390087267,-0.5400474946719398,,,,True
24.0,6,148.79999999999615,1.5,1.8999999999999204,0.7016205767104963,0.7469180026649187,-0.04529742595442243,1.0,0.9666666666666667,0.033333333333333326,4.185588457916556,4.4682432588952885,-0.2826548009787322,,,,True,0.3643308404113849,0.4319127162203341,-0.0675818758089492,0.8333333333333334,0.8333333333333334,0.0,2.1801506508811475,2.584559650037743,-0.40440899915659534,,,,True
24.0,6,148.79999999999674,1.5,1.8999999999993236,0.7016205767104963,0.7469180026649187,-0.04529742595442243,1.0,0.9666666666666667,0.033333333333333326,4.185588457916556,4.4682432588952885,-0.2826548009787322,,,,True,0.3643308404113849,0.4319127162203341,-0.0675818758089492,0.8333333333333334,0.8333333333333334,0.0,2.1801506508811475,2.584559650037743,-0.40440899915659534,,,,True
24.0,6,150.69999999999607,1.5,2.5000000000007674,0.35538284641510953,0.7119937883553453,-0.3566109419402358,1.0,1.0,0.0,2.224208965700667,4.4682046741444434,-2.2439957084437765,,,,True,0.0453949622192136,0.3689983062575041,-0.3236033440382905,0.4666666666666667,0.8666666666666667,-0.4,0.2852249596357353,2.318484736251303,-2.0332597766155676,0.900000000004141,,,True
24.0,7,22.80000000000005,0.6,0.5000000000000107,0.2554334576874609,0.26681093481857326,-0.011377477131112368,0.6666666666666666,0.6666666666666666,0.0,1.3955963028729854,1.457758735171226,-0.06216243229824059,,,,True,0.15543345768746658,0.16681093481857895,-0.011377477131112368,0.6666666666666666,0.6666666666666666,0.0,0.8492323631182694,0.91139479541651,-0.06216243229824059,,,,True
24.0,7,23.30000000000006,1.5,1.7000000000000242,0.7513023103548585,0.741005079505144,0.010297230849714456,1.0,1.0,0.0,4.2606666328898015,4.200491201808405,0.06017543108139645,,,,True,0.37630231035487977,0.3660050795051653,0.010297230849714456,1.0,1.0,0.0,2.131089004073127,2.070913572991732,0.060175431081395114,,,,True
24.0,7,25.000000000000085,1.5,2.5000000000000355,1.0007519493845765,0.8619764078053281,0.13877554157924832,1.0,1.0,0.0,5.9794425120088235,5.1511996105281534,0.82824290148067,,,,True,0.6425049987564663,0.5117735841528204,0.1307314146036459,0.8666666666666667,0.8666666666666667,0.0,3.8447409218819697,3.0624459662396557,0.782294955642314,,,,True
24.0,7,27.50000000000012,1.1000000000000156,1.1000000000000156,0.619618136878973,0.46861720170453863,0.15100093517443441,1.0,0.8181818181818182,0.18181818181818177,3.881244957802083,2.94440871644157,0.9368362413605129,,,,True,0.35474299049917163,0.24361720170455134,0.11112578879462029,0.8181818181818182,0.8181818181818182,0.0,2.2289159457293426,1.5306920223262432,0.6982239234030994,,,,True
24.0,7,28.600000000000136,0.6,0.30000000000000426,0.3740554901806749,0.3228956961460453,0.05115979403462961,1.0,1.0,0.0,2.4632207884081834,2.129524902933274,0.33369588547490947,,,,True,0.22405549018068338,0.17289569614605382,0.05115979403462956,1.0,1.0,0.0,1.4784876525461754,1.1447917670712668,0.3336958854749086,,,,True
24.0,7,28.90000000000014,1.5,1.8999999999999098,0.7727372812735341,0.6386184540349006,0.13411882723863355,1.0,1.0,0.0,5.342263332063393,4.411367136221724,0.9308961958416688,,,,True,0.39773728127355557,0.2687740369711918,0.12896324430236378,1.0,0.8666666666666667,0.1333333333333333,2.7426413409351493,1.847737903932498,0.8949034370026514,,1.30000000000015,,True
24.0,7,31.500000000000178,0.6,0.10000000000000142,0.26544463018087316,0.27990681131530637,-0.014462181134433205,1.0,0.75,0.25,1.7984833690274595,1.925212050926455,-0.12672868189899544,,,,True,0.1204274486596414,0.17987225136138596,-0.059444802701744556,0.6666666666666666,0.6666666666666666,0.0,0.8266863181564409,1.2360491469655863,-0.40936282880914543,,,,True
24.0,7,31.60000000000018,1.3999999999999062,1.3999999999999062,0.6409028186231566,0.8111723502140041,-0.17026953159084757,1.0,0.9285714285714286,0.0714285714285714,4.4359006628310995,5.63416932079158,-1.1982686579604804,,,,True,0.294125746423196,0.48617235021402266,-0.19204660379082666,0.9285714285714286,0.9285714285714286,0.0,2.0393291985898534,3.374427236630633,-1.3350980380407798,,,,True
24.0,7,38.80000000000028,0.6999999999998963,0.6999999999998963,0.1683180045094685,0.15701177292089138,0.011306231588577104,1.0,0.6428571428571429,0.3571428571428571,1.0018703628743533,0.9395562520673927,0.06231411080696059,,,,True,0.036177440900700415,0.0445117729208978,-0.008334332020197385,0.6428571428571429,0.6428571428571429,0.0,0.21648530011298908,0.2663578262981897,-0.04987252618520063,,,,True
24.0,7,44.00000000000036,1.5,2.799999999999919,0.7056779205926657,0.8553156936564492,-0.14963777306378356,0.8333333333333334,0.8333333333333334,0.0,4.030822856608072,4.885551817620289,-0.8547289610122171,,,,True,0.3931779205926834,0.542815693656467,-0.14963777306378356,0.8333333333333334,0.8333333333333334,0.0,2.245827030704883,3.1005559917170995,-0.8547289610122166,,,,True
24.0,7,48.200000000000415,1.5,1.6000000000000227,1.0635834648976081,0.9403046435030781,0.12327882139453006,0.8333333333333334,0.8333333333333334,0.0,6.075174545094368,5.371007563937525,0.7041669811568436,,,,True,0.7510834648976259,0.6278046435030958,0.12327882139453006,0.8333333333333334,0.8333333333333334,0.0,4.290178719191181,3.586011738034337,0.7041669811568445,,,,True
24.0,7,49.80000000000044,0.6,0.09999999999988773,0.3068235368102137,0.27672069664682775,0.030102840163385935,1.0,1.0,0.0,1.846079141375348,1.6800374823384727,0.16604165903687518,,,,True,0.1568235368102222,0.12672069664683627,0.030102840163385935,1.0,1.0,0.0,0.9430412530708011,0.7769995940339258,0.1660416590368753,,,,True
24.0,7,49.900000000000325,1.4000000000001336,1.4000000000001336,0.6396552582412621,0.6049146484347544,0.03474060980650773,1.0,1.0,0.0,3.968538593361643,3.763987532844318,0.20455106051732486,,,,True,0.2896552582412821,0.25491464843477446,0.034740609806507616,1.0,1.0,0.0,1.794583677014025,1.5900326164966998,0.2045510605173253,,,,True
24.0,7,51.30000000000046,0.6999999999999034,0.6999999999999034,0.37940713257623043,0.33458418417538077,0.04482294840084966,1.0,1.0,0.0,2.48338031619444,2.1967636809902187,0.2866166352042212,,,,True,0.20440713257624046,0.17329067472024734,0.031116457855993124,1.0,0.6428571428571429,0.3571428571428571,1.3466198165403032,1.1461236013405212,0.200496215199782,,,,True
24.0,7,52.70000000000051,0.6999999999998678,0.6999999999998678,0.7524021048207822,0.7418114759157501,0.01059062890503204,1.0,1.0,0.0,4.94152593064086,4.87390335022683,0.0676225804140298,,,,True,0.5774021048207921,0.5668114759157601,0.01059062890503204,1.0,1.0,0.0,3.8006317564425256,3.733009176028496,0.0676225804140298,,,,True
24.0,7,53.400000000000375,0.6,0.30000000000011795,0.6274196827762909,0.5723353561154396,0.05508432666085128,1.0,1.0,0.0,4.313635313763654,3.922738605472219,0.39089670829143497,,,,True,0.47741968277629954,0.42233535611544815,0.05508432666085139,1.0,1.0,0.0,3.284269299816593,2.8933725915251585,0.3908967082914345,,,,True
24.0,7,53.70000000000049,1.5,2.499999999999922,2.108483374074581,1.5802586419587588,0.5282247321158224,1.0,1.0,0.0,15.496453989748517,11.602567706890827,3.8938862828576895,,,,True,1.7334833740746023,1.20525864195878,0.5282247321158222,1.0,1.0,0.0,12.7501270785223,8.856240795664613,3.8938862828576877,,,,True
24.0,7,63.30000000000052,0.7000000000000028,0.7000000000000028,0.3518628373762541,0.44815455946047583,-0.09629172208422171,1.0,0.6428571428571429,0.3571428571428571,1.9165922484147853,2.4485549072587838,-0.5319626588439985,,,,True,0.21362433460647268,0.3356545594604822,-0.12203022485400955,0.6428571428571429,0.6428571428571429,0.0,1.1671663308307865,1.8338954750347292,-0.6667291442039427,,,,True
24.0,7,64.00000000000053,0.6,0.5999999999999659,0.46241514586102833,0.46030878774741324,0.002106358113615092,1.0,1.0,0.0,2.601272008717927,2.5735504623331313,0.027721546384795737,,,,True,0.31241514586103686,0.31030878774742165,0.002106358113615203,1.0,1.0,0.0,1.759995715118337,1.732274168733541,0.02772154638479596,,,,True
24.0,7,64.60000000000049,1.5,3.3999999999998067,1.1152294364609598,1.6099948379225293,-0.49476540146156944,1.0,1.0,0.0,6.62222818802506,9.596420046396188,-2.974191858371128,,,,True,0.7402294364609815,1.2349948379225508,-0.49476540146156933,1.0,1.0,0.0,4.395233395707746,7.369425254078874,-2.974191858371128,,,,True
24.0,7,68.0000000000003,0.6,0.5,0.19969619087175355,0.2296175288375429,-0.029921337965789357,1.0,0.5833333333333334,0.41666666666666663,1.2488826197523522,1.4427294834629347,-0.19384686371058257,,,,True,0.09265887034293296,0.1421175288375479,-0.04945865849461495,0.5833333333333334,0.5833333333333334,0.0,0.5821928527185747,0.8929507690847521,-0.31075791636617744,,,,True
24.0,7,68.5000000000003,0.6,0.1999999999999602,0.38331255775870526,0.3368330044365951,0.04647955332211018,1.0,1.0,0.0,2.559309222968019,2.208976361953401,0.35033286101461814,,,,True,0.23331255775871376,0.18683300443660364,0.04647955332211012,1.0,1.0,0.0,1.5695238182186597,1.2191909572040416,0.35033286101461814,,,,True
24.0,7,68.70000000000026,1.5,2.6000000000002643,1.091460420671432,0.580598577587706,0.510861843083726,1.0,1.0,0.0,7.572382701955043,4.000895802758157,3.571486899196886,,,,True,0.7164604206714533,0.2168207493809782,0.49963967129047515,1.0,0.8333333333333334,0.16666666666666663,4.976894385370993,1.4837530249807718,3.493141360390221,,1.2999999999979082,,True
24.0,7,73.70000000000009,1.5,2.3000000000002103,0.8750475341048121,0.6151321648478077,0.2599153692570043,1.0,1.0,0.0,5.483385569538185,3.8640827969563314,1.6193027725818534,,,,True,0.5134156015899403,0.29960213373495476,0.2138134678549855,0.8333333333333334,0.8333333333333334,0.0,3.2258853643866803,1.8824557246831213,1.343429639703559,,,,True
24.0,7,82.79999999999946,0.7999999999998408,0.7999999999998408,0.39030326714753194,0.4170852704662081,-0.02678200331867614,0.6875,0.6875,0.0,2.1324763073787496,2.2788035158559157,-0.14632720847716607,,,,True,0.25280326714753976,0.279585270466216,-0.02678200331867625,0.6875,0.6875,0.0,1.3812258902160155,1.5275530986931816,-0.14632720847716607,,,,True
24.0,7,83.5999999999993,1.5,7.200000000000102,1.067188432080526,1.114330107824828,-0.04714167574430195,1.0,1.0,0.0,6.0569475006234565,6.323531057815045,-0.26658355719158866,,,,True,0.6921884320805477,0.7393301078248491,-0.04714167574430139,1.0,1.0,0.0,3.930474212373572,4.197057769565161,-0.2665835571915891,,,,True
24.0,7,90.7999999999994,0.7999999999998977,0.7999999999998977,0.3001688492559384,0.41308920863934495,-0.11292035938340655,0.9375,0.75,0.1875,1.7131795019163811,2.359560042070159,-0.6463805401537779,,,,True,0.14460826555205644,0.26308920863935353,-0.11848094308729709,0.75,0.75,0.0,0.826000481284914,1.5027620456366284,-0.6767615643517144,,,,True
24.0,7,96.19999999999926,1.1999999999993776,1.1999999999993776,0.7600013139087484,0.5778452291783804,0.18215608473036793,0.8333333333333334,0.8333333333333334,0.0,4.341117353626025,3.3006442307249273,1.0404731229010977,,,,True,0.5100013139087626,0.3278452291783946,0.18215608473036798,0.8333333333333334,0.8333333333333334,0.0,2.9131206929034743,1.872647570002376,1.0404731229010984,,,,True
24.0,7,97.39999999999864,0.800000000000054,0.800000000000054,0.5990890082959274,0.39546469435939524,0.20362431393653213,1.0,1.0,0.0,3.545600469735788,2.340041080484207,1.2055593892515808,,,,True,0.3990890082959388,0.19546469435940658,0.20362431393653221,1.0,1.0,0.0,2.3658032286150132,1.1602438393634327,1.2055593892515806,,,,True
24.0,7,98.1999999999987,0.6000000000007049,0.6000000000007049,0.43855476979930236,0.3169736237603202,0.12158114603898218,1.0,1.0,0.0,2.6943499967302067,1.955152646373341,0.7391973503568656,,,,True,0.28855476979931083,0.16697362376032865,0.12158114603898218,1.0,1.0,0.0,1.770572156924689,1.0313748065678237,0.7391973503568654,,,,True
24.0,7,100.19999999999858,1.5,3.4999999999997016,0.7594561986079784,0.7835141000649701,-0.024057901456991715,1.0,1.0,0.0,4.755160007050662,4.914479550653471,-0.15931954360280898,,,,True,0.3915606940137608,0.4426559761218848,-0.051095282108123974,0.8666666666666667,0.8333333333333334,0.033333333333333326,2.4601786742235334,2.7812895253042633,-0.3211108510807299,,,,True
24.0,7,103.69999999999828,0.6,0.30000000000011084,0.37648687199856506,0.23393759982457885,0.14254927217398622,1.0,0.5833333333333334,0.41666666666666663,2.5006676313299963,1.5587876062719697,0.9418800250580266,,,,True,0.270390797950106,0.14643759982458382,0.12395319812552219,0.5833333333333334,0.5833333333333334,0.0,1.8005176441941286,0.9754801983686351,0.8250374458254935,,,,True
24.0,7,103.9999999999984,0.6,0.2000000000008697,0.6044424531217766,0.4171475274786376,0.187294925643139,1.0,1.0,0.0,4.0144879333979695,2.770515948972409,1.2439719844255603,,,,True,0.45444245312178516,0.2671475274786461,0.18729492564313904,1.0,1.0,0.0,3.0178130710749484,1.773841086649388,1.2439719844255603,,,,True
24.0,7,104.79999999999924,0.6,0.5999999999993975,0.4404505379488726,0.2977627887252045,0.14268774922366811,1.0,1.0,0.0,2.9958108641161534,2.02154559200367,0.9742652721124836,,,,True,0.29045053794888104,0.14776278872521303,0.142687749223668,1.0,1.0,0.0,1.9715781714984872,0.997312899386003,0.9742652721124843,,,,True
24.0,7,105.49999999999817,0.7000000000005286,0.7000000000005286,0.6102103181183224,0.6014078067496185,0.008802511368703914,1.0,1.0,0.0,4.229463917905666,4.166555141456685,0.06290877644898085,,,,True,0.43521031811833233,0.42640780674962836,0.008802511368703969,1.0,1.0,0.0,3.030698300088578,2.9677895236395972,0.06290877644898085,,,,True
24.0,7,110.79999999999832,0.899999999999963,0.899999999999963,0.3638305770241273,0.388690998582472,-0.024860421558344725,1.0,0.7222222222222222,0.2777777777777778,2.39996666857158,2.5707553382382633,-0.17078866966668338,,,,True,0.18208364916174313,0.22619099858248123,-0.0441073494207381,0.7222222222222222,0.7222222222222222,0.0,1.2042792727270601,1.4959999567470788,-0.2917206840200186,,,,True
24.0,7,112.09999999999827,0.7000000000009692,0.7000000000009692,0.25741649472815953,0.5591798194283246,-0.3017633247001651,1.0,1.0,0.0,1.6129109211875177,3.478329956465045,-1.8654190352775273,,,,True,0.11742776878862918,0.3841798194283345,-0.2667520506397053,0.7142857142857143,1.0,-0.2857142857142857,0.7378204315075967,2.3937324927257735,-1.6559120612181768,,,,True
24.0,7,116.49999999999902,1.5,2.299999999999301,0.8105546718801757,0.736762341620869,0.07379233025930676,0.8333333333333334,0.8333333333333334,0.0,4.850347814307898,4.408775542624256,0.44157227168364166,,,,True,0.4980546718801935,0.4242623416208866,0.07379233025930687,0.8333333333333334,0.8333333333333334,0.0,2.9803521871712206,2.5387799154875816,0.441572271683639,,,,True
24.0,7,130.99999999999758,0.9999999999994316,0.9999999999994316,0.3555682421572231,0.4077583013655396,-0.052190059208316486,0.8,0.8,0.0,1.9426966563669026,2.227844320017794,-0.2851476636508916,,,,True,0.15556824215723455,0.20775830136555093,-0.052190059208316375,0.8,0.8,0.0,0.849968776857471,1.1351164405083631,-0.28514766365089217,,,,True
24.0,7,131.99999999999702,1.5,5.799999999999784,0.8066796308385928,0.805662414309566,0.0010172165290268653,1.0,1.0,0.0,4.591587605904615,4.5827720630631426,0.008815542841472457,,,,True,0.43167963083861394,0.43066241430958724,0.0010172165290266988,1.0,1.0,0.0,2.4620099770879413,2.45319443424647,0.008815542841471125,,,,True
24.0,7,137.7999999999968,1.2000000000007844,1.2000000000007844,0.6980514406802908,0.6279753584894979,0.07007608219079287,0.8,0.8,0.0,4.177130053083758,3.757795757840044,0.419334295243714,,,,True,0.4480514406803049,0.377975358489512,0.07007608219079287,0.8,0.8,0.0,2.6811335513744177,2.261799256130704,0.4193342952437136,,,,True
24.0,7,140.79999999999615,1.4000000000000625,1.4000000000000625,0.2637318463923186,0.3700628685099915,-0.10633102211767287,1.0,0.8214285714285714,0.1785714285714286,1.4985381757999345,2.113794161958826,-0.6152559861588913,,,,True,0.0009041208964856536,0.0914349346910925,-0.09053081379460684,0.21428571428571427,0.6428571428571429,-0.4285714285714286,0.005164326484284315,0.5222751256490886,-0.5171107991648043,0.6000000000017423,1.1500000000018673,-0.5500000000001251,False
24.0,7,142.1999999999962,1.5,2.00000000000108,0.979075481444005,0.7927111594468059,0.1863643219971991,1.0,1.0,0.0,5.855995414683583,4.736304283003504,1.1196911316800788,,,,True,0.643860141691354,0.44098976390824673,0.20287037778310724,0.8666666666666667,0.8666666666666667,0.0,3.8528500782416013,2.63887657638561,1.2139735018559912,,,,True
24.0,7,144.1999999999973,1.5,1.5999999999995111,0.6355961252803674,0.7196914260737373,-0.08409530079336991,1.0,1.0,0.0,3.9694364281955288,4.518201162124449,-0.5487647339289206,,,,True,0.26059612528038867,0.394646504073965,-0.13405037879357634,1.0,0.8333333333333334,0.16666666666666663,1.6319418942746846,2.4796371159273263,-0.8476952216526417,,,,True
24.0,7,146.09999999999587,1.5,2.700000000000273,0.5377760368781509,0.8019961544896678,-0.26422011761151687,1.0,1.0,0.0,3.3675220785972444,5.023155006565227,-1.6556329279679822,,,,True,0.18742615637699298,0.43664599010471367,-0.2492198337277207,0.8,0.8666666666666667,-0.06666666666666665,1.1776332719290659,2.7434049539329757,-1.5657716820039098,1.4500000000034134,,,True
24.0,7,150.1999999999962,1.5,2.00000000000108,0.8341053381311431,0.937563412745034,-0.1034580746138909,0.9666666666666667,0.8333333333333334,0.1333333333333333,4.990046021795271,5.610366342389284,-0.6203203205940131,,,,True,0.5170882326780833,0.6250634127450518,-0.10797518006696849,0.8333333333333334,0.8333333333333334,0.0,3.0942487486460886,3.7403707152526096,-0.646121966606521,,,,True
24.0,7,153.2999999999974,0.7999999999984766,0.7999999999984766,0.18617495595299072,0.36223904108459304,-0.17606408513160232,1.0,0.6875,0.3125,1.1028051401878611,2.167633352980512,-1.0648282127926507,,,,True,0.01532899128380229,0.22473904108460088,-0.20941004980079858,0.4375,0.6875,-0.25,0.09172846934121004,1.344835277040375,-1.2531068076991652,0.6000000000033339,,,True
