tb,mean
-0.0,0.00028754530668386943
0.25,0.004582554038436723
0.5,0.00892084707219003
0.75,0.009426632702704276
1.0,0.009107447019612169
1.25,0.008480575381511679
1.5,0.007659643049475297
1.75,0.006734610721032855
2.0,0.005796270483518968
2.25,0.0049052573924420785
2.5,0.004141962382223594
2.75,0.0047043795510005836
3.0,0.005411330581170091
3.25,0.005730595423998946
3.5,0.005692973002841822
3.75,0.005357803033399303
4.0,0.004811655653022892
4.25,0.004153732001033789
4.5,0.0034574321834320073
4.75,0.002772297858797574
5.0,0.0025341416417273993
5.25,0.0029480466204968537
5.5,0.003172428994028793
5.75,0.0031996538856945097
6.0,0.00305941666510625
6.25,0.002798267365084455
6.5,0.002489821937554583
6.75,0.0023514053202107225
7.0,0.0022478684736954345
7.25,0.002141584840601119
7.5,0.0020386775462960484
7.75,0.002008544065803383
8.0,0.002069501047246165
8.25,0.0020868419900563805
8.5,0.0020639546564895765
8.75,0.002005646929031784
9.0,0.0019234893532966322
9.25,0.0018276642254065009
9.5,0.0017633421436078678
9.75,0.0017630800912818523
10.0,0.0017606852684675935
10.25,0.0017539484426982127
10.5,0.001743135047940246
10.75,0.0017264341920546706
11.0,0.001705306441669413
11.25,0.0016811733886558755
11.5,0.0016549860514320492
11.75,0.0016267956783599484
12.0,0.0015997267920903595
12.25,0.0015740825971679107
12.5,0.0015508576481461649
12.75,0.0015306444724601993
13.0,0.0015130561406061194
13.25,0.0014984295615734357
13.5,0.0014858686478802334
13.75,0.0014753276370675127
14.0,0.00146549082302847
14.25,0.0014561357089838565
14.5,0.0014472181256439131
14.75,0.0014379180355303816
15.0,0.0014277223753804043
15.25,0.0014169415755289978
15.5,0.0014058390192617668
15.75,0.0013937206895816372
16.0,0.0013814096518117759
16.25,0.0013690813566919918
16.5,0.0013567373144181987
16.75,0.0013450468387557312
17.0,0.0013336375124586707
17.25,0.0013227242358685091
17.5,0.0013123499079997344
17.75,0.001302883339753463
18.0,0.0012937605812728982
18.25,0.0012853261242944782
18.5,0.0012768663048852217
18.75,0.0012688483286445451
19.0,0.001260808683257207
19.25,0.0012530730154749748
19.5,0.00124522509155493
19.75,0.0012375406538047827
20.0,0.0012296693654236138
20.25,0.001221819511219144
20.5,0.0012139514184884416
20.75,0.0012063475571701045
21.0,0.0011986807650690048
21.25,0.0011909722304569304
21.5,0.001183544910767867
21.75,0.0011764064501240783
22.0,0.001169576563429299
22.25,0.0011626761868836436
22.5,0.001155890542926376
22.75,0.0011495607063677935
23.0,0.0011430463346030909
23.25,0.0011366956982709344
23.5,0.0011305778524799645
23.75,0.0011245445170208954
24.0,0.0011184634455716908
24.25,0.0011126105463355864
24.5,0.0011068248121126037
24.75,0.0011008872558444327
25.0,0.0010952437567506906
25.25,0.0010895402285142155
25.5,0.0010841188279767662
25.75,0.001078635897081903
26.0,0.0010729807145450187
26.25,0.0010676485583461365
26.5,0.0010624909019290457
26.75,0.001057123201695383
27.0,0.00105200140701275
27.25,0.001047033346052123
27.5,0.0010420774235035252
27.75,0.0010373476635750975
28.0,0.0010323419130156188
28.25,0.001027668985835471
28.5,0.001022928438812595
28.75,0.0010183926306293611
29.0,0.0010139312275349564
29.25,0.0010090951469848319
29.5,0.0010045568148247719
29.75,0.0010002766013811166
30.0,0.0009958902860538652
30.25,0.0009915093859429029
30.5,0.0009872699550330817
30.75,0.0009829893716438486
31.0,0.000978858433120684
31.25,0.0009748423859811844
31.5,0.0009708817128493772
31.75,0.0009668776680592052
32.0,0.0009628053940626042
32.25,0.0009590113442525363
32.5,0.0009550906384336713
32.75,0.0009512666090585178
33.0,0.0009475566655088803
33.25,0.0009437424053107346
33.5,0.0009400967285079109
33.75,0.0009364350082600813
34.0,0.0009329579653477958
34.25,0.000929303367805693
34.5,0.0009257772759901109
34.75,0.0009224179385512231
35.0,0.0009187307999885946
35.25,0.0009153706610838729
35.5,0.0009121223299088877
35.75,0.0009086383918851017
36.0,0.0009053666673760169
36.25,0.0009021555928469731
36.5,0.0008989965590801709
36.75,0.0008959285363530178
37.0,0.0008928248949561421
37.25,0.0008896199210540422
37.5,0.0008865453301136318
37.75,0.0008834176354581281
38.0,0.0008804144402497218
38.25,0.000877440129937483
38.5,0.0008745087973632911
38.75,0.000871520428240053
39.0,0.0008687817546602075
39.25,0.0008659222934879931
39.5,0.0008630742493625759
39.75,0.0008603253732580771
40.0,0.0008575141853930223
40.25,0.0008546952740189206
40.5,0.0008520182504501523
40.75,0.0008494246983987838
41.0,0.0008466749647241351
41.25,0.0008441272665860198
41.5,0.0008414895513712544
41.75,0.0008388726985870717
42.0,0.0008363762668049417
42.25,0.000833884366466523
42.5,0.0008312825276146022
42.75,0.0008289667296483532
43.0,0.0008262461491975202
43.25,0.0008238434447927796
43.5,0.0008214075305100045
43.75,0.0008190800718833741
44.0,0.0008166333829764332
44.25,0.0008142233240184495
44.5,0.0008120055809738035
44.75,0.0008096153563597051
45.0,0.0008073830754202957
45.25,0.0008050751477401231
45.5,0.0008029032106311915
45.75,0.0008004921238578946
46.0,0.0007982855991305402
46.25,0.0007961881370345963
46.5,0.0007938924815666993
46.75,0.0007916903183513464
47.0,0.0007894986286415642
47.25,0.000787358435287894
47.5,0.0007851269377397472
47.75,0.0007832335902513
48.0,0.000781185966103415
48.25,0.0007790303217204952
48.5,0.0007769545173146324
48.75,0.0007749771408122613
49.0,0.0007729713821316008
49.25,0.00077100231415062
49.5,0.0007689650118430015
49.75,0.0007670092884173493
50.0,0.0007649620408549209
50.25,0.0007629577325949308
50.5,0.0007611500770474573
50.75,0.0007593045149558688
51.0,0.0007573504635722833
51.25,0.0007554900137303501
51.5,0.0007536191983150321
51.75,0.0007516586755015814
52.0,0.0007498721880862164
52.25,0.0007480864234187745
52.5,0.0007462134750834296
52.75,0.000744465429641089
53.0,0.000742666695022068
53.25,0.0007409395526452533
53.5,0.000739217313786504
53.75,0.0007372751580544628
54.0,0.0007355546918381828
54.25,0.0007338345959659802
54.5,0.0007321379577954454
54.75,0.0007304096882589198
55.0,0.0007287408113844136
55.25,0.000727193095221108
55.5,0.0007254559163937118
55.75,0.000723730585188234
56.0,0.0007221261666418705
56.25,0.0007205000801799777
56.5,0.0007188678562458176
56.75,0.0007173106171105132
57.0,0.000715713802463866
57.25,0.0007141106711135631
57.5,0.0007126689798539142
57.75,0.0007109903876648301
58.0,0.0007094733379219932
58.25,0.0007078401206019465
58.5,0.0007063821619645099
58.75,0.0007048667825678989
59.0,0.0007033285978621096
59.25,0.0007017973873608422
59.5,0.0007002777364260906
59.75,0.0006988648591123072
60.0,0.0006973958411330077
60.25,0.0006958379714073955
60.5,0.0006945473107483433
60.75,0.0006929652153623148
61.0,0.0006916932188601934
61.25,0.0006903614986431915
61.5,0.0006888133877810269
61.75,0.0006874070223155904
62.0,0.0006860479739231955
62.25,0.0006845600636186142
62.5,0.0006831121481250449
62.75,0.0006819003508727523
63.0,0.0006805346904748825
63.25,0.0006792324976020939
63.5,0.0006778488869101592
63.75,0.000676518523777768
64.0,0.0006750936678112551
64.25,0.0006737151977988357
64.5,0.0006724147730220415
64.75,0.0006711094336635527
65.0,0.0006698383550696104
65.25,0.0006685187265807231
65.5,0.0006672114636352806
65.75,0.00066599442228111
66.0,0.0006647444168639027
66.25,0.000663584501756454
66.5,0.0006623482096486572
66.75,0.0006610016819027767
67.0,0.0006597142026087344
67.25,0.000658563772351506
67.5,0.0006573339609462686
67.75,0.0006560199015516698
68.0,0.0006547837553233725
68.25,0.0006536396754313414
68.5,0.0006524650526632576
68.75,0.0006512563456012968
69.0,0.0006501298013033849
69.25,0.0006489309581110926
69.5,0.0006477949616957407
69.75,0.0006465331872138775
70.0,0.0006453231046961955
70.25,0.0006440949398484917
70.5,0.0006430272370334163
70.75,0.0006419494190002663
71.0,0.000640822250202057
71.25,0.0006396162202769938
71.5,0.0006384698066769559
71.75,0.0006374089482141919
72.0,0.0006362435970873527
72.25,0.0006352351801208348
72.5,0.0006340862836613398
72.75,0.0006329214513365552
73.0,0.0006318217869656186
73.25,0.000630720798041298
73.5,0.0006296731131517631
73.75,0.0006286756689794726
74.0,0.0006276414039314514
74.25,0.0006265104172984878
74.5,0.000625473402589225
74.75,0.0006243732168131691
75.0,0.0006232015958165738
75.25,0.000622227792920561
75.5,0.00062125166739221
75.75,0.000620190160886589
76.0,0.0006192258475700039
76.25,0.000618258519943658
76.5,0.0006172180181367545
76.75,0.0006161893530504028
77.0,0.000615157668702551
77.25,0.0006140719401213509
77.5,0.0006130974041179027
77.75,0.0006121396227744445
78.0,0.0006110712684706983
78.25,0.000610173819843257
78.5,0.0006092479591151588
78.75,0.0006083476915770053
79.0,0.0006073329530757536
79.25,0.0006062953338820256
79.5,0.0006053126389704022
79.75,0.0006043549473658267
80.0,0.000603419890351334
80.25,0.0006024646795521005
80.5,0.0006015684647289491
80.75,0.0006005696921275748
81.0,0.0005996396017583528
81.25,0.0005986846120322519
81.5,0.0005977665313938322
81.75,0.0005969530885409349
82.0,0.0005960411240818822
82.25,0.0005950385940479354
82.5,0.0005941589653427861
82.75,0.0005933244481305437
83.0,0.000592365493486482
83.25,0.0005914949262736578
83.5,0.0005905801043793155
83.75,0.0005896258032040912
84.0,0.0005887035704624411
84.25,0.0005877674554076229
84.5,0.0005870539779716241
84.75,0.0005862360935826979
85.0,0.0005852923061479204
85.25,0.0005844217382044147
85.5,0.0005835436267223135
85.75,0.0005827023972109794
86.0,0.0005818250171881032
86.25,0.0005809858338435524
86.5,0.0005801152660350376
86.75,0.0005793317842918699
87.0,0.0005784774904326695
87.25,0.0005776339515940708
87.5,0.0005768073124373188
87.75,0.0005759395993313395
88.0,0.0005751460789430661
88.25,0.0005743528287105735
88.5,0.000573498449852634
88.75,0.0005727423334512784
89.0,0.0005719118270348025
89.25,0.0005711023752546078
89.5,0.0005702991013955748
89.75,0.0005695178551407451
90.0,0.0005686569786345416
90.25,0.0005678635810635455
90.5,0.0005670808657002239
90.75,0.0005662447522785166
91.0,0.0005654561998143961
91.25,0.0005647067118367882
91.5,0.0005639969043664234
91.75,0.0005631432051155884
92.0,0.0005623914494200169
92.25,0.0005616643912228743
92.5,0.000560904576812117
92.75,0.0005601410130603421
93.0,0.0005593614012842651
93.25,0.0005586173741090058
93.5,0.0005578663224214724
93.75,0.0005571272578385673
94.0,0.0005563095567228717
94.25,0.0005555624653647416
94.5,0.0005548405895870092
94.75,0.0005541101753047372
95.0,0.0005534196347691642
95.25,0.0005526426607965867
95.5,0.0005518909349542024
95.75,0.0005512239186088036
96.0,0.0005504568932271546
96.25,0.0005497087714000135
96.5,0.0005490259438459601
96.75,0.0005483273093648288
97.0,0.0005475734823538806
97.25,0.0005469077985455992
97.5,0.0005462079986529036
97.75,0.0005454572861859066
98.0,0.00054473051474066
98.25,0.0005440559461013204
98.5,0.00054335094452564
98.75,0.000542608473152966
99.0,0.0005419621440791994
99.25,0.0005412973891162852
99.5,0.0005405746122782437
99.75,0.0005398888050338145
100.0,0.0005391839615657624
100.25,0.0005385068369531578
100.5,0.0005379014848923286
100.75,0.0005372176889433883
101.0,0.0005364924276057584
101.25,0.0005358320804965516
101.5,0.0005351830454273278
101.75,0.0005345408752898778
102.0,0.0005338662002492441
102.25,0.000533172823412691
102.5,0.0005325323541431382
102.75,0.0005318921589975884
103.0,0.0005312294618315225
103.25,0.0005305872005526096
103.5,0.0005299853966943003
103.75,0.0005292617247423761
104.0,0.0005286380704738013
104.25,0.0005279650323426895
104.5,0.0005272895439567235
104.75,0.0005268147405597661
105.0,0.0005260796609296015
105.25,0.000525468342432904
105.5,0.0005248082306331815
105.75,0.0005241716060040904
106.0,0.0005235562830145893
106.25,0.0005229700296828626
106.5,0.0005223791362211532
106.75,0.0005216607972634639
107.0,0.000521041585765174
107.25,0.0005203876042993353
107.5,0.0005199113281390981
107.75,0.0005192752158224619
108.0,0.0005185919152334851
108.25,0.0005180515670408287
108.5,0.0005174375561293795
108.75,0.000516835143927694
109.0,0.0005162264553539178
109.25,0.0005155736372172094
109.5,0.0005149892063963774
109.75,0.0005144742675631064
110.0,0.0005139058045926528
110.25,0.0005132319938973643
110.5,0.0005126604935424548
110.75,0.0005120995699396811
111.0,0.0005115836200622152
111.25,0.0005109499273014742
111.5,0.0005103223956249432
111.75,0.000509679656753617
112.0,0.0005092108764455789
112.25,0.0005086503538146792
112.5,0.0005080045937392569
112.75,0.0005074420662707391
113.0,0.0005069113320453674
113.25,0.0005063443457606777
113.5,0.0005058231621675965
113.75,0.0005052419818529005
114.0,0.000504690745314629
114.25,0.0005041520231008885
114.5,0.0005034865883315102
114.75,0.0005029307788127793
115.0,0.0005024205307147138
115.25,0.0005018843564398622
115.5,0.0005013285862928294
115.75,0.000500771674260773
116.0,0.0005002569135819704
116.25,0.0004997169606523043
116.5,0.0004991092106618348
116.75,0.0004986576996128213
117.0,0.000498077205550599
117.25,0.0004975383413494109
117.5,0.0004969756583276088
117.75,0.0004964286188714594
118.0,0.0004959094556195649
118.25,0.0004954052363571014
118.5,0.0004948442919400615
118.75,0.0004943289942875182
119.0,0.0004938378604534646
119.25,0.0004933399527650079
119.5,0.0004927422139837651
119.75,0.0004921831857539257
120.0,0.0004916998891429359
120.25,0.0004911348882425512
120.5,0.0004906746274945467
120.75,0.0004901582415700958
121.0,0.0004896095203308966
121.25,0.0004890845679130189
121.5,0.0004885852768222006
121.75,0.00048808331339029857
122.0,0.0004875563606593965
122.25,0.000487045284553159
122.5,0.0004865891672429376
122.75,0.0004860951142747105
123.0,0.0004855886535807234
123.25,0.00048507978281160983
123.5,0.0004844992077536257
123.75,0.0004840365460107244
124.0,0.0004835778966121969
124.25,0.0004831056130663092
124.5,0.00048255285586164926
124.75,0.0004820785233624896
125.0,0.0004815948819762214
125.25,0.0004811149111477163
125.5,0.00048062861414240754
125.75,0.00048018767600329113
126.0,0.0004797276809558168
126.25,0.00047922074839263696
126.5,0.00047868040076006293
126.75,0.0004782426860545076
127.0,0.00047771820197345366
127.25,0.0004772064928371274
127.5,0.0004768102449417247
127.75,0.0004763426521649537
128.0,0.00047582281659574674
128.25,0.000475375524403892
128.5,0.00047491237312881915
128.75,0.00047446135178864175
129.0,0.00047399230407261524
129.25,0.00047349006085670143
129.5,0.00047299018804538255
129.75,0.00047254070407916826
130.0,0.00047207073230170706
130.25,0.00047161471100600096
130.5,0.0004711792574562544
130.75,0.000470774453614179
131.0,0.00047030480714755
131.25,0.00046983715533175464
131.5,0.0004693564495759753
131.75,0.00046893595083898667
132.0,0.0004684820797636391
132.25,0.00046803195170457446
132.5,0.00046757241370365133
132.75,0.0004671082699267003
133.0,0.000466596363862893
133.25,0.0004661764336763001
133.5,0.000465763599882293
133.75,0.0004653389208829973
134.0,0.00046488193596193865
134.25,0.00046447149194849165
134.5,0.000464007395135148
134.75,0.0004635725222626017
135.0,0.00046318611051128256
135.25,0.0004627032210914385
135.5,0.0004622562930523046
135.75,0.0004618116635405079
136.0,0.0004613510038974943
136.25,0.00046088703782292296
136.5,0.0004605595874094198
136.75,0.00046009329054697945
137.0,0.0004596955615354173
137.25,0.00045925527833855765
137.5,0.0004588714568944601
137.75,0.000458425074401874
138.0,0.00045793020498334405
138.25,0.00045745877987492695
138.5,0.00045712264831427956
138.75,0.000456740294889806
139.0,0.00045622978718816177
139.25,0.0004558473469494113
139.5,0.0004554040548292547
139.75,0.00045504891770226915
140.0,0.0004545995055258757
140.25,0.00045421682497759786
140.5,0.00045377125030732115
140.75,0.00045337844456733417
141.0,0.0004529647894991227
141.25,0.00045254938482572175
141.5,0.00045213239783153616
141.75,0.0004517553538749442
142.0,0.00045135223539280683
142.25,0.00045090357936594617
142.5,0.000450479970589544
142.75,0.0004501319378562536
143.0,0.00044975018500895185
143.25,0.000449328331432185
143.5,0.00044891069537568613
143.75,0.0004485276977997075
144.0,0.00044809231633201086
144.25,0.0004477471451917183
144.5,0.00044731299934215574
144.75,0.0004469289923375663
145.0,0.00044651267639094926
145.25,0.00044605941733282163
145.5,0.0004457598614689516
145.75,0.00044538997292641963
146.0,0.0004449617079570393
146.25,0.00044455515578092013
146.5,0.0004441686995569496
146.75,0.00044376732386719773
147.0,0.0004433728053322435
147.25,0.00044299351699397544
147.5,0.00044260770247321206
147.75,0.00044225603046807373
148.0,0.00044190603930070553
148.25,0.00044153306891332234
148.5,0.00044110588407041574
148.75,0.0004407365821896577
149.0,0.0004403779590457706
149.25,0.00043998443842661585
149.5,0.00043960515241851377
149.75,0.00043927617898336784
150.0,0.0004388853708656188
150.25,0.00043846613241925567
150.5,0.0004381463865323009
150.75,0.0004377753780128654
151.0,0.0004373793762454401
151.25,0.00043697299219154316
151.5,0.00043660063284019647
151.75,0.00043618757474000704
152.0,0.00043588136134589136
152.25,0.00043550980445449585
152.5,0.00043518213204990654
152.75,0.0004347728849688028
153.0,0.0004343650592978745
153.25,0.0004340348975826241
153.5,0.0004337307418714016
153.75,0.00043335711794329195
154.0,0.00043297459873435027
154.25,0.0004326169255364716
154.5,0.00043228615003505164
154.75,0.0004318841755386357
155.0,0.0004315208863109229
155.25,0.0004311664839525003
155.5,0.0004308104058411349
155.75,0.00043051076722102835
156.0,0.00043010881205323104
156.25,0.000429783925050561
156.5,0.0004294153057398724
156.75,0.0004290814825779878
157.0,0.00042869917010158884
157.25,0.0004283299775360682
157.5,0.00042796266415841267
157.75,0.00042762530961910076
158.0,0.0004272815134739302
158.25,0.0004269482029218077
158.5,0.00042655609087767835
158.75,0.00042621535837807583
159.0,0.00042586604955318963
159.25,0.0004255875077800118
159.5,0.00042528085822498706
159.75,0.00042490425380489256
160.0,0.0004246080720629209
160.25,0.0004242050793054533
160.5,0.00042380063877223124
160.75,0.000423466255771882
161.0,0.0004231176531321049
161.25,0.0004227691396998744
161.5,0.00042245120139516103
161.75,0.0004221367454553869
162.0,0.0004218043263214373
162.25,0.0004214613615836245
162.5,0.00042113874703443306
162.75,0.0004207737366636307
163.0,0.00042044476623910533
163.25,0.00042007920291294525
163.5,0.0004197540096271844
163.75,0.0004194929049465708
164.0,0.0004191699480751379
164.25,0.0004188313432152948
164.5,0.0004184770411637254
164.75,0.0004181722785592545
165.0,0.0004178012434677341
165.25,0.00041744439214204637
165.5,0.00041709938758465316
165.75,0.0004168197355199932
166.0,0.00041653573209047634
166.25,0.0004161390355741137
166.5,0.00041587392955518807
166.75,0.0004155872170816708
167.0,0.0004152242313178121
167.25,0.0004148312424411064
167.5,0.0004145311456524474
167.75,0.00041429565521567194
168.0,0.0004139335723388515
168.25,0.0004136253167968457
168.5,0.00041330507417399734
168.75,0.0004129842151971547
169.0,0.000412699874407061
169.25,0.0004123561281968499
169.5,0.0004120466853740024
169.75,0.0004116944164590354
170.0,0.00041142179269258196
170.25,0.00041112486514806
170.5,0.000410746150167761
170.75,0.0004104839846545256
171.0,0.00041012982068490487
171.25,0.00040981483479492117
171.5,0.00040950903039430015
171.75,0.00040916002444047936
172.0,0.0004088565555885159
172.25,0.00040853396216734286
172.5,0.00040827489651945354
172.75,0.0004079430600024305
173.0,0.00040760206315278315
173.25,0.0004073930109849733
173.5,0.00040708271022797573
173.75,0.0004067421408814198
174.0,0.00040642283375891725
174.25,0.00040612331973208764
174.5,0.00040578953772696787
174.75,0.00040550419998845684
175.0,0.0004051880253156428
175.25,0.00040487961051065356
175.5,0.00040460925051135277
175.75,0.0004043114225047967
176.0,0.00040400560565728065
176.25,0.00040369176895828753
176.5,0.0004033658895539244
176.75,0.00040313559135595644
177.0,0.000402778770532803
177.25,0.0004025153494022044
177.5,0.0004022448463109533
177.75,0.00040190962690405996
178.0,0.00040158951975004736
178.25,0.0004013309283179211
178.5,0.0004010263383403178
178.75,0.0004007111974650771
179.0,0.0004004176956283205
179.25,0.00040012978745214813
179.5,0.00039979964303748583
179.75,0.00039949558957919545
180.0,0.00039922356656856695
180.25,0.00039894526098281993
180.5,0.0003986341211216656
180.75,0.0003983502373749947
181.0,0.00039808366346821426
181.25,0.0003977826647521678
181.5,0.00039750594677713015
181.75,0.00039724666039872016
182.0,0.00039689951723705525
182.25,0.0003966474561360106
182.5,0.0003963614475035512
182.75,0.00039604744062918127
183.0,0.0003957636473161463
183.25,0.0003954705058241953
183.5,0.0003951909152008339
183.75,0.0003948380175839539
184.0,0.00039456485200233844
184.25,0.00039430426268915515
184.5,0.0003940625066736941
184.75,0.0003937609938789849
185.0,0.0003934691175702538
185.25,0.00039316670362319055
185.5,0.00039292522749509765
185.75,0.00039259284639229884
186.0,0.00039230530445362276
186.25,0.0003920527960901983
186.5,0.0003918089030048523
186.75,0.0003915247333340075
187.0,0.0003911904195580499
187.25,0.0003908678152071348
187.5,0.00039066235035753574
187.75,0.00039038035086949135
188.0,0.0003901075646464975
188.25,0.0003898479215878068
188.5,0.0003895805536278789
188.75,0.0003892761381404167
189.0,0.00038903239338359603
189.25,0.0003887139299486858
189.5,0.0003884514418835521
189.75,0.0003881899762042871
190.0,0.0003879200805055432
190.25,0.00038764413841956593
190.5,0.00038733313630840837
190.75,0.0003870686517307625
191.0,0.0003868274382238261
191.25,0.0003865722657781572
191.5,0.000386244655036401
191.75,0.00038598756526139565
192.0,0.00038572271683558294
192.25,0.00038545245614538724
192.5,0.0003851590313775334
192.75,0.0003849141694581546
193.0,0.0003846302508716503
193.25,0.00038440869152167834
193.5,0.00038408295902559846
193.75,0.0003838526462710485
194.0,0.0003836046648148545
194.25,0.0003833106079391962
194.5,0.0003830743954248095
194.75,0.0003827883773354933
195.0,0.00038251244263532667
195.25,0.0003823099891121983
195.5,0.00038204221992759466
195.75,0.0003817768727981481
196.0,0.0003814838559423579
196.25,0.0003812286905846509
196.5,0.0003809774247505926
196.75,0.00038072133056422296
197.0,0.00038045631849051455
197.25,0.00038018354830476046
197.5,0.0003799316036860003
197.75,0.00037965566469920926
198.0,0.0003794254689709216
198.25,0.00037912281162314724
198.5,0.0003788832271851697
198.75,0.0003786118495547319
199.0,0.0003783324609109122
199.25,0.00037801854128475393
199.5,0.00037781815439820975
199.75,0.0003775916783889969
200.0,0.0003773614836552335
200.25,0.0003770215180854387
200.5,0.0003767750535491015
200.75,0.0003765650666937807
201.0,0.00037633898467665167
201.25,0.0003760864047251078
201.5,0.0003757732645390554
201.75,0.0003755557243595425
202.0,0.0003752730755347159
202.25,0.00037505305926216183
202.5,0.0003748108273930569
202.75,0.00037453036277091333
203.0,0.0003743238990929687
203.25,0.00037402483306515227
203.5,0.0003737550724769349
203.75,0.0003735690907717969
204.0,0.00037325956619082434
204.25,0.00037298471054784634
204.5,0.0003727218025585039
204.75,0.0003724679867823464
205.0,0.00037226335216526327
205.25,0.00037200282698453713
205.5,0.0003717730749360951
205.75,0.00037152796053547453
206.0,0.0003712424239461733
206.25,0.00037103140754239525
206.5,0.0003707014622054466
206.75,0.0003704803274133932
207.0,0.0003702309968435424
207.25,0.0003699816162946541
207.5,0.00036969806292800906
207.75,0.00036954233458410033
208.0,0.0003693142666550521
208.25,0.00036906949449170244
208.5,0.0003687731981816489
208.75,0.00036849893712015733
209.0,0.0003682667671711705
209.25,0.000368038195390262
209.5,0.0003678283383304981
209.75,0.00036756779961578847
210.0,0.00036735695252778646
210.25,0.0003670778464449179
210.5,0.00036688700074619904
210.75,0.0003666043908014041
211.0,0.00036636131177632193
211.25,0.00036611608140102377
211.5,0.00036589557178084623
211.75,0.0003656566134554412
212.0,0.0003653883055497787
212.25,0.00036516202362597096
212.5,0.00036490997381732437
212.75,0.00036470371858486297
213.0,0.0003644144568202963
213.25,0.0003641823155449548
213.5,0.00036399324986636735
213.75,0.0003637220127939826
214.0,0.00036344709912163866
214.25,0.0003632352566307113
214.5,0.0003630449454139755
214.75,0.00036275343971639025
215.0,0.00036249431657349424
215.25,0.00036226539363403673
215.5,0.0003620429210194378
215.75,0.0003618139268974037
216.0,0.000361601843243443
216.25,0.00036130166960408514
216.5,0.00036110638636942846
216.75,0.0003608517767437615
217.0,0.00036067132309489737
217.25,0.0003603924646954183
217.5,0.0003601765952969548
217.75,0.0003599407377819603
218.0,0.0003597138571805867
218.25,0.0003594857271935148
218.5,0.00035922294232659867
218.75,0.0003590004401335641
219.0,0.00035877144067062697
219.25,0.0003585397328779302
219.5,0.00035827626724723116
219.75,0.0003580299556530355
220.0,0.00035783004070235333
220.25,0.00035763789788884406
220.5,0.0003573826566383157
220.75,0.0003571607654691684
221.0,0.00035691739268376745
221.25,0.00035670723546362527
221.5,0.0003564906174581929
221.75,0.00035626811305169184
222.0,0.0003560004302303037
222.25,0.0003557666062405048
222.5,0.0003555590501649701
222.75,0.0003553287387904035
223.0,0.00035508724404196396
223.25,0.0003548919885056883
223.5,0.00035464608056998815
223.75,0.00035441040766277885
224.0,0.0003541874510641551
224.25,0.0003539331622144377
224.5,0.0003537450030971288
224.75,0.00035353737002790416
225.0,0.0003533018467532764
225.25,0.0003530347058632979
225.5,0.00035284647553685266
225.75,0.0003526127660278927
226.0,0.0003524184016543766
226.25,0.0003521798528001137
226.5,0.00035197448535756036
226.75,0.00035173345452722604
227.0,0.00035147936891878287
227.25,0.0003512365897369498
227.5,0.0003510462782238587
227.75,0.00035082731874931645
228.0,0.00035058782042638213
228.25,0.00035036765400862116
228.5,0.0003501368054900451
228.75,0.00034995515245431994
229.0,0.00034972446227891273
229.25,0.00034949199724293017
229.5,0.00034925738840671847
229.75,0.0003490516370850848
230.0,0.0003488223501253711
230.25,0.00034860448846918207
230.5,0.0003483875488738537
230.75,0.000348161616713368
231.0,0.0003479641364833323
231.25,0.0003477291780123349
231.5,0.0003474867680730341
231.75,0.0003473108198139002
232.0,0.00034710574513268223
232.25,0.00034686907154911654
232.5,0.0003466795513535302
232.75,0.00034645603387102846
233.0,0.00034621265922607644
233.25,0.0003460090580706532
233.5,0.0003457842780171531
233.75,0.00034555452506600986
234.0,0.0003453442307239222
234.25,0.00034507573663279965
234.5,0.0003449155242316219
234.75,0.00034473544817130685
235.0,0.0003444830988933629
235.25,0.00034425859168101544
235.5,0.00034402444757970926
235.75,0.0003438388296877994
236.0,0.00034361905166450284
236.25,0.00034338863275017075
236.5,0.00034316078576615967
236.75,0.0003429698006084017
237.0,0.00034275545197822956
237.25,0.00034254087736072396
237.5,0.0003423221124113791
237.75,0.00034212666161803
238.0,0.0003419242718458197
238.25,0.0003417303404364425
238.5,0.00034148717866757245
238.75,0.00034133921923093464
239.0,0.00034109266476207956
239.25,0.00034085223308641404
239.5,0.00034066839351405524
239.75,0.0003404656466184422
240.0,0.0003402416495734079
240.25,0.0003400038139658463
240.5,0.00033977022866207705
240.75,0.0003395365657769251
241.0,0.0003393570496111251
241.25,0.0003391569459245315
241.5,0.00033900702093380406
241.75,0.0003387501363289408
242.0,0.0003385083024127043
242.25,0.00033833831924789335
242.5,0.0003381285604727464
242.75,0.0003379226785510693
243.0,0.0003376997908571725
243.25,0.0003374841736321869
243.5,0.000337314552718763
243.75,0.00033709542846517413
244.0,0.0003368921850096059
244.25,0.000336649733142337
244.5,0.00033644755227040874
244.75,0.00033624386072089225
245.0,0.0003360392352596651
245.25,0.00033582412631027585
245.5,0.00033563312050022704
245.75,0.0003354243623868373
246.0,0.00033522499531984544
246.25,0.0003349964891726961
246.5,0.0003348308481188116
246.75,0.0003346376341942889
247.0,0.0003343989318799824
247.25,0.0003341943808664058
247.5,0.0003339965969094338
247.75,0.00033379083306327086
248.0,0.00033357116532763825
248.25,0.0003333615749827275
248.5,0.00033316567914024574
248.75,0.00033292806356321044
249.0,0.00033275402554941696
249.25,0.00033254104283709054
249.5,0.00033232843003615524
249.75,0.00033214296978365226
250.0,0.000331916484854254
250.25,0.00033173104633473546
250.5,0.0003315522338748566
250.75,0.0003313393322231587
251.0,0.0003311347411732625
251.25,0.000330914975986667
251.5,0.0003307564480349305
251.75,0.00033053185397695616
252.0,0.0003303329939185145
252.25,0.0003301021096982258
252.5,0.000329927200139359
252.75,0.000329743077610617
253.0,0.00032953291462172027
253.25,0.0003293232459007998
253.5,0.00032914983004783373
253.75,0.0003289405505002439
254.0,0.00032873943176721235
254.25,0.0003285250713921285
254.5,0.00032827331879912373
254.75,0.00032814157753719477
255.0,0.00032790931243627925
255.25,0.00032771587341443134
255.5,0.00032754192835835816
255.75,0.00032731240490779036
256.0,0.00032710818370740145
256.25,0.00032693239042115964
256.5,0.0003267669039179392
256.75,0.0003265448420430356
257.0,0.0003263116689790375
257.25,0.00032609404849844113
257.5,0.00032597341936073984
257.75,0.0003257828538932624
258.0,0.0003255152653010071
258.25,0.0003253707269225622
258.5,0.0003252031285644755
258.75,0.0003249602058102587
259.0,0.00032476527397274984
259.25,0.0003245253392831875
259.5,0.00032436472118968664
259.75,0.00032419672395032586
260.0,0.00032401860841820343
260.25,0.0003237863154485927
260.5,0.00032363389099752395
260.75,0.0003234374689482481
261.0,0.0003232774029952903
261.25,0.00032305030805035304
261.5,0.0003228253491346508
261.75,0.00032260119359542533
262.0,0.00032242609046798207
262.25,0.0003222688831952665
262.5,0.00032203386272802346
262.75,0.0003218027447034392
263.0,0.0003216330228236321
263.25,0.0003214363335353046
263.5,0.000321303410280924
263.75,0.000321108791513811
264.0,0.00032089250343196623
264.25,0.0003207274899984004
264.5,0.0003204934447926103
264.75,0.000320314747342417
265.0,0.0003201300348084238
265.25,0.00031995500187886997
265.5,0.0003197364000210031
265.75,0.00031952979768819207
266.0,0.0003193762908806046
266.25,0.00031916031574956416
266.5,0.00031891560170267674
266.75,0.00031881585563793444
267.0,0.0003186114085335759
267.25,0.0003184043413762303
267.5,0.0003182119104450315
267.75,0.0003179963520741066
268.0,0.0003178307881795689
268.25,0.00031764768927568536
268.5,0.0003174283913062595
268.75,0.0003172442346502046
269.0,0.0003170787944372517
269.25,0.0003169038213398135
269.5,0.00031669433092173057
269.75,0.00031648844157583186
270.0,0.00031634323075555086
270.25,0.00031611533012654633
270.5,0.00031595805006322985
270.75,0.0003157485236897112
271.0,0.0003155395362813036
271.25,0.00031534503093848113
271.5,0.00031518067926684826
271.75,0.0003149954247701085
272.0,0.00031480677020731567
272.25,0.00031460523401260153
272.5,0.00031441913107798205
272.75,0.0003142706673645825
273.0,0.0003140823097097717
273.25,0.00031388095184481835
273.5,0.00031363783834188183
273.75,0.00031348741931447603
274.0,0.0003133294475805416
274.25,0.00031314654320023575
274.5,0.00031295460770727296
274.75,0.0003127645225906913
275.0,0.0003125714797968629
275.25,0.0003123943073638688
275.5,0.0003122104515683945
275.75,0.00031206260528603597
276.0,0.0003118728525876797
276.25,0.00031168551996058877
276.5,0.00031146742800022186
276.75,0.0003112949732937118
277.0,0.0003110808273373916
277.25,0.0003108868449992456
277.5,0.00031071877173495543
277.75,0.00031056484083486803
278.0,0.00031037553746291656
278.25,0.00031018842886113685
278.5,0.000309997793295325
278.75,0.00030981550271638725
279.0,0.0003096194658088087
279.25,0.0003094500326989329
279.5,0.0003092864435719161
279.75,0.0003090662764792361
280.0,0.00030887352521459223
280.25,0.0003086930993537667
280.5,0.0003085268066906342
280.75,0.0003083836085409684
281.0,0.0003082092502469531
281.25,0.0003079991360151499
281.5,0.00030779324371000026
281.75,0.00030762512508851334
282.0,0.00030744679153221505
282.25,0.00030729335446470784
282.5,0.00030708743019748104
282.75,0.00030691423126042697
283.0,0.0003066918085050568
283.25,0.0003065133962093607
283.5,0.0003063472640559803
283.75,0.0003061686813392818
284.0,0.00030598219671429015
284.25,0.0003058451673078785
284.5,0.00030565718031606924
284.75,0.0003054460611749001
285.0,0.00030528907915374507
285.25,0.0003050903303655115
285.5,0.00030493400014492566
285.75,0.0003047542265053722
286.0,0.0003045530639995583
286.25,0.0003043654696840978
286.5,0.0003041953035513221
286.75,0.0003040226629621918
287.0,0.0003038627915421831
287.25,0.0003036923631292728
287.5,0.0003035107073722712
287.75,0.00030333201490219457
288.0,0.0003031338271701936
288.25,0.0003029282917887684
288.5,0.0003027878790479491
288.75,0.00030263409602617554
289.0,0.00030242703325512903
289.25,0.0003022395638713507
289.5,0.0003020694480189571
289.75,0.0003019331679095618
290.0,0.00030172287611505424
290.25,0.00030153155906038746
290.5,0.0003013521924053146
290.75,0.00030118020644759986
291.0,0.00030099791406012366
291.25,0.00030080659106577004
291.5,0.0003006554065271196
291.75,0.00030048472670022545
292.0,0.00030031531066196637
292.25,0.00030012972606259655
292.5,0.0002999290849210919
292.75,0.00029979986303380984
293.0,0.0002996360916262361
293.25,0.0002994351795553259
293.5,0.0002992713010351712
293.75,0.0002991123331192511
294.0,0.000298912993954216
294.25,0.00029873476686920387
294.5,0.00029856204759685137
294.75,0.00029839294913027614
295.0,0.00029820099599555766
295.25,0.00029798981884817223
295.5,0.00029784695031725945
295.75,0.00029771519174965933
296.0,0.0002975161698994394
296.25,0.00029732753831864797
296.5,0.00029716191297069595
296.75,0.00029699427488702826
297.0,0.00029679139159442445
297.25,0.0002966222121904238
297.5,0.0002964859150218396
297.75,0.0002963103457355744
298.0,0.00029613870546851335
298.25,0.00029593488235858716
298.5,0.00029580181443246813
298.75,0.0002956117701057305
299.0,0.0002954583171134744
299.25,0.0002953075120797313
299.5,0.0002950786034831991
299.75,0.0002949180872991452
300.0,0.0002947224378447225
300.25,0.0002946109413430777
300.5,0.00029444944565337934
300.75,0.00029427059076140715
301.0,0.00029405788278594685
301.25,0.0002939074620477002
301.5,0.0002936984632829569
301.75,0.00029356456556984395
302.0,0.00029337816121537645
302.25,0.0002932273651261384
302.5,0.0002930527832437102
302.75,0.0002928441563174507
303.0,0.00029269676280420305
303.25,0.00029249528318108105
303.5,0.00029236993436747906
303.75,0.0002922241124411639
304.0,0.000292034986664814
304.25,0.0002918690732844837
304.5,0.00029167107874563286
304.75,0.000291496932540434
305.0,0.0002913368027502786
305.25,0.00029121370456348564
305.5,0.0002909911117809789
305.75,0.0002908384746001296
306.0,0.0002906692134846704
306.25,0.00029050921176997503
306.5,0.00029033853464194206
306.75,0.0002901689630457956
307.0,0.00028999867523300566
307.25,0.0002898365251590135
307.5,0.0002896664814344923
307.75,0.0002895160904126483
308.0,0.00028936332916678324
308.25,0.00028915982960442806
308.5,0.00028896616017759074
308.75,0.0002888158236751726
309.0,0.00028868331603564186
309.25,0.00028850823774159815
309.5,0.00028836040009567977
309.75,0.00028817341601533413
310.0,0.00028797546042003813
310.25,0.0002878362276182632
310.5,0.00028768040802111625
310.75,0.0002875044595374276
311.0,0.0002873253553311135
311.25,0.0002871248902590078
311.5,0.0002870009529759291
311.75,0.0002868567338050282
312.0,0.000286645241407703
312.25,0.0002864334263520523
312.5,0.000286300532438746
312.75,0.00028614012791759513
313.0,0.00028601347789452024
313.25,0.0002858563840555938
313.5,0.0002856966719141517
313.75,0.0002855300552160197
314.0,0.00028535384871250356
314.25,0.00028517375500237784
314.5,0.00028497720689799234
314.75,0.0002848590986470004
315.0,0.00028471021606760687
315.25,0.00028450659555645606
315.5,0.00028436441687316376
315.75,0.0002841560834583986
316.0,0.0002840259680168244
316.25,0.0002838794584630467
316.5,0.0002837104116592758
316.75,0.000283531047898815
317.0,0.0002833646359581189
317.25,0.00028320710770222697
317.5,0.0002830238543791881
317.75,0.0002828709553834322
318.0,0.0002827081172167994
318.25,0.00028256962448377354
318.5,0.00028239431583385245
318.75,0.0002822418332547739
319.0,0.00028209934739619266
319.25,0.00028190893261507884
319.5,0.00028174979734361244
319.75,0.00028161156748869376
320.0,0.00028144407995819214
320.25,0.0002812615811799575
320.5,0.00028109218892426337
320.75,0.0002808995489224368
321.0,0.00028079206933258837
321.25,0.0002806329432271668
321.5,0.0002804465009333437
321.75,0.0002802875640594491
322.0,0.00028011634055408863
322.25,0.00027995388024012276
322.5,0.0002798286335319465
322.75,0.0002796633354264587
323.0,0.000279474489764033
323.25,0.00027932649327734994
323.5,0.000279150968962202
323.75,0.00027898993353579315
324.0,0.0002788396525516842
324.25,0.0002786726629956694
324.5,0.0002785016804274535
324.75,0.00027834603142470486
325.0,0.00027818270714377694
325.25,0.0002780075353264866
325.5,0.00027788671698071176
325.75,0.00027773275206292023
326.0,0.00027757452533805257
326.25,0.0002774186577296258
326.5,0.00027724954981908753
326.75,0.0002770946991456258
327.0,0.00027693661363176105
327.25,0.000276739372384867
327.5,0.0002765921438885736
327.75,0.000276438710422116
328.0,0.0002762917708357519
328.25,0.00027616169380363
328.5,0.0002759947498586528
328.75,0.000275839570074473
329.0,0.00027562528891237806
329.25,0.0002754681168126325
329.5,0.00027532973083941345
329.75,0.0002751761984030384
330.0,0.0002750386372338537
330.25,0.0002748906812420341
330.5,0.0002746960704253865
330.75,0.0002745466103041828
331.0,0.0002743725953242555
331.25,0.0002742352411855386
331.5,0.00027407706136499345
331.75,0.00027389296035903093
332.0,0.0002737268631316502
332.25,0.0002735730146452751
332.5,0.0002734432009048652
332.75,0.0002733224937058013
333.0,0.0002731416099760883
333.25,0.0002729809573733973
333.5,0.0002728323963363175
333.75,0.0002726800249851071
334.0,0.000272564282199331
334.25,0.0002723478711653303
334.5,0.0002721613197705432
334.75,0.00027203859703910565
335.0,0.00027188406015847983
335.25,0.0002717427622343183
335.5,0.0002715761734172074
335.75,0.00027141970606428393
336.0,0.00027127763196173994
336.25,0.00027108674206960577
336.5,0.0002709564970675019
336.75,0.0002708273587228361
337.0,0.00027062705634359234
337.25,0.0002704920409308564
337.5,0.0002703586627994502
337.75,0.0002701987502021514
338.0,0.0002700194624684102
338.25,0.00026984667993412855
338.5,0.00026971667220207024
338.75,0.00026957821374336066
339.0,0.0002694109701377443
339.25,0.00026926616395998545
339.5,0.00026908676944111735
339.75,0.00026891980928499037
340.0,0.0002688118582687035
340.25,0.000268670823954026
340.5,0.0002684994765048014
340.75,0.00026836221053659447
341.0,0.000268166113693389
341.25,0.00026799356997669405
341.5,0.0002678569648402011
341.75,0.0002677225584602934
342.0,0.0002675716872010898
342.25,0.0002674141982927596
342.5,0.0002672810955597909
342.75,0.00026712744964259505
343.0,0.0002669338818181272
343.25,0.00026678825129764633
343.5,0.00026664912298004595
343.75,0.0002665005577568588
344.0,0.00026632926073328283
344.25,0.00026619270718998485
344.5,0.000266040069139877
344.75,0.00026590280005782353
345.0,0.00026575766164507806
345.25,0.00026558303291330756
345.5,0.0002654065600709763
345.75,0.0002652809801751987
346.0,0.0002651509813722716
346.25,0.0002650162368074289
346.5,0.000264811508228063
346.75,0.00026470366511414847
347.0,0.0002645193181436558
347.25,0.00026435485785555304
347.5,0.0002642087785437082
347.75,0.00026412629514533124
348.0,0.00026394968922033676
348.25,0.00026377520444286216
348.5,0.00026361371500013776
348.75,0.0002635028655166512
349.0,0.00026331375506902504
349.25,0.00026317233677687895
349.5,0.00026301229380407387
349.75,0.0002628675068718576
350.0,0.00026273998402176273
350.25,0.0002625851035290017
350.5,0.00026245061755071343
350.75,0.00026232830085320236
351.0,0.00026213837346513753
351.25,0.00026196281840398734
351.5,0.00026180825630807203
351.75,0.00026167294164283235
352.0,0.00026155128082401964
352.25,0.0002613946459504523
352.5,0.00026124276907836774
352.75,0.0002610870851340317
353.0,0.0002609285182503605
353.25,0.00026080151057326586
353.5,0.00026066436713646475
353.75,0.0002604782118961593
354.0,0.00026034691749203027
354.25,0.0002601978597276605
354.5,0.00026007066844089605
354.75,0.0002599357759378472
355.0,0.0002597495028858681
355.25,0.00025961567401830497
355.5,0.00025946462228624434
355.75,0.0002592879252938362
356.0,0.0002591395211366216
356.25,0.0002589682801798384
356.5,0.000258878711550993
356.75,0.0002587086622910488
357.0,0.00025855058712799235
357.25,0.0002584073953484415
357.5,0.00025825424006606476
357.75,0.0002581510260337866
358.0,0.00025798556120312007
358.25,0.00025783352197349135
358.5,0.00025767860379506945
358.75,0.00025752596292998275
359.0,0.00025738172638937876
359.25,0.00025723733648612163
359.5,0.00025711624852744206
359.75,0.00025690727046622815
360.0,0.0002567854184375521
360.25,0.00025663981976189445
360.5,0.0002564975372907929
360.75,0.0002563701217284093
361.0,0.00025619467235106513
361.25,0.00025606863287736816
361.5,0.000255944640004846
361.75,0.0002557812903800414
362.0,0.0002556299518946041
362.25,0.0002555052098150729
362.5,0.00025535442041911804
362.75,0.00025522109912696285
363.0,0.0002550647107682735
363.25,0.0002548828401246954
363.5,0.0002547685154399845
363.75,0.0002546370992351649
364.0,0.00025445902798236703
364.25,0.00025431669441005787
364.5,0.0002542037864912843
364.75,0.00025403806172259394
365.0,0.00025386270337664213
365.25,0.0002537586161975877
365.5,0.00025361064406978604
365.75,0.0002534641515410129
366.0,0.00025330605107116197
366.25,0.00025318747187038086
366.5,0.00025301341109637234
366.75,0.0002529181321959742
367.0,0.0002527674015501927
367.25,0.0002526177956869182
367.5,0.0002524720571820531
367.75,0.00025230607442562137
368.0,0.00025215293506419795
368.25,0.00025204117085495046
368.5,0.00025190267244785746
368.75,0.0002517409156869332
369.0,0.00025156796627858504
369.25,0.00025147518662569133
369.5,0.0002513401562253713
369.75,0.0002511708653211879
370.0,0.0002510437181666196
370.25,0.0002508899903485878
370.5,0.0002507315051420023
370.75,0.0002506291532188382
371.0,0.0002504746146898388
371.25,0.00025033472626443445
371.5,0.00025019975099537715
371.75,0.0002500508459169277
372.0,0.00024988129268970665
372.25,0.0002497484465698744
372.5,0.0002496446918452675
372.75,0.0002494537505199641
373.0,0.0002493295766599847
373.25,0.0002491988390699805
373.5,0.000249053519864676
373.75,0.00024890313772027943
374.0,0.000248751771428401
374.25,0.00024862182231364283
374.5,0.0002484410444927634
374.75,0.0002483095172190605
375.0,0.0002481834312089645
375.25,0.0002480580629117831
375.5,0.00024791065949926396
375.75,0.00024776186997461995
376.0,0.000247619638508063
376.25,0.000247478588368045
376.5,0.00024734531033042634
376.75,0.00024721003691844377
377.0,0.0002470608117662256
377.25,0.00024696779445931594
377.5,0.0002468315527886242
377.75,0.0002466819159209335
378.0,0.0002465028022046466
378.25,0.0002463561858970661
378.5,0.0002462402340500373
378.75,0.00024610184611265236
379.0,0.0002459715233858263
379.25,0.0002458342275938743
379.5,0.0002456835481835611
379.75,0.00024553869452961167
380.0,0.0002453852639129473
380.25,0.000245264157378599
380.5,0.00024512658406164293
380.75,0.0002449668304806815
381.0,0.0002448242371822002
381.25,0.00024469109817768284
381.5,0.0002445634941398176
381.75,0.00024445663095523933
382.0,0.0002443119189031831
382.25,0.0002441549677065567
382.5,0.0002440145462835393
382.75,0.00024387235477661755
383.0,0.00024377186798362697
383.25,0.0002435989484206809
383.5,0.00024343935105948137
383.75,0.00024333824107457697
384.0,0.0002431941518186109
384.25,0.00024305701110852821
384.5,0.00024291729916976266
384.75,0.00024277098016446997
385.0,0.00024264622027627398
385.25,0.0002425036809154385
385.5,0.0002423706051009674
385.75,0.00024225335014861095
386.0,0.00024206499462482305
386.25,0.00024194391090470266
386.5,0.00024181533645618503
386.75,0.00024169546487008055
387.0,0.00024154601237905262
387.25,0.00024139059210698854
387.5,0.00024126796188438684
387.75,0.0002411608913671183
388.0,0.0002410007103572601
388.25,0.00024086838406580822
388.5,0.00024071166916200427
388.75,0.0002405585938135068
389.0,0.00024046734000870705
389.25,0.00024033553942428285
389.5,0.00024019330465884452
389.75,0.00024006787748118787
390.0,0.00023989995239865412
390.25,0.00023973858920490123
390.5,0.00023962940168279956
390.75,0.00023951703506599266
391.0,0.00023936692859670425
391.25,0.00023923603677556828
391.5,0.00023911522469257908
391.75,0.00023897362594878344
392.0,0.00023878977646341924
392.25,0.00023866455288741676
392.5,0.00023854750031801326
392.75,0.0002384171530994119
393.0,0.00023825690689498357
393.25,0.00023816228397320648
393.5,0.00023803146037626287
393.75,0.00023788116140266742
394.0,0.0002377529490785947
394.25,0.00023760271938845747
394.5,0.00023746793945929735
394.75,0.00023734350462592562
395.0,0.00023720957637218216
395.25,0.00023707870243863972
395.5,0.0002369119935713008
395.75,0.0002368195203543022
396.0,0.00023666643457585006
396.25,0.00023652949358597173
396.5,0.00023637409726643928
396.75,0.0002363046453041414
397.0,0.00023616125578245105
397.25,0.00023600439812039288
397.5,0.00023586848574115002
397.75,0.00023575846946475548
398.0,0.0002355910861278055
398.25,0.00023544994170826246
398.5,0.00023529753244432694
398.75,0.00023518494628626394
399.0,0.00023508749605997346
399.25,0.00023494116046747976
399.5,0.00023482406200449576
399.75,0.0002347060144425274
400.0,0.00023453240354966062
400.25,0.0002343892102722064
400.5,0.0002342667436154394
400.75,0.00023414350225836605
401.0,0.00023402485823616074
401.25,0.00023388437610360097
401.5,0.00023375595861261424
401.75,0.00023362476692457182
402.0,0.00023347250165587784
402.25,0.00023335602954247528
402.5,0.00023324444810920802
402.75,0.00023307401874744365
403.0,0.00023295346091508224
403.25,0.00023281316868080802
403.5,0.0002327053217881057
403.75,0.00023258608679034074
404.0,0.00023240852335494106
404.25,0.00023229826151120042
404.5,0.00023217029946875586
404.75,0.00023199851826988667
405.0,0.00023188209147440397
405.25,0.0002317430518691325
405.5,0.00023165879003440967
405.75,0.00023151758493420823
406.0,0.00023134925706749159
406.25,0.00023121872454455233
406.5,0.00023110202868203392
406.75,0.00023100508053302868
407.0,0.00023087763860328879
407.25,0.0002307322715254559
407.5,0.00023058472074402982
407.75,0.00023045464169449873
408.0,0.00023032782142715184
408.25,0.00023020727584390066
408.5,0.00023009263702561798
408.75,0.00022991775591981107
409.0,0.00022981077944635855
409.25,0.00022967020294917227
409.5,0.00022954147011161467
409.75,0.0002294259603955239
410.0,0.0002292809451641514
410.25,0.00022915483342827295
410.5,0.00022904027366864267
410.75,0.00022892034758928567
411.0,0.00022878750826626582
411.25,0.00022866662198518223
411.5,0.00022852270846397338
411.75,0.00022840303229758603
412.0,0.0002282581441623501
412.25,0.00022810460346897558
412.5,0.00022801036051861798
412.75,0.0002278902076386672
413.0,0.00022772123185940837
413.25,0.00022759984292486615
413.5,0.00022749719995263052
413.75,0.00022735444581237622
414.0,0.00022719397557991662
414.25,0.00022708083481800894
414.5,0.0002269586709874646
414.75,0.00022683215964061328
415.0,0.0002266968779323558
415.25,0.00022661222132191355
415.5,0.00022646729211902965
415.75,0.00022636362680972537
416.0,0.00022622490865936332
416.25,0.00022608888282914287
416.5,0.00022596403158562265
416.75,0.00022580742234121272
417.0,0.00022567572478970451
417.25,0.00022558469925327947
417.5,0.0002254502720744479
417.75,0.0002253159931441808
418.0,0.0002251605999654048
418.25,0.00022507374050387342
418.5,0.00022495869260635547
418.75,0.0002248017167931745
419.0,0.00022467716613917696
419.25,0.0002245540071789466
419.5,0.0002244173001345843
419.75,0.00022432135357378774
420.0,0.00022418572515602974
420.25,0.00022405663880703167
420.5,0.0002239262009031976
420.75,0.00022381123330237078
421.0,0.00022366666046076694
421.25,0.00022353844702203247
421.5,0.00022343928736192974
421.75,0.00022328126494539972
422.0,0.0002231644523808319
422.25,0.0002230356650040908
422.5,0.00022292446127081993
422.75,0.0002227991786537684
423.0,0.00022265382002494078
423.25,0.00022253536177721468
423.5,0.00022237105491582643
423.75,0.00022225575213595902
424.0,0.00022213545975985802
424.25,0.0002220256117756174
424.5,0.00022190976552512528
424.75,0.00022176993279503742
425.0,0.00022163289774552864
425.25,0.00022150732504680256
425.5,0.00022140701989321415
425.75,0.00022127287203413414
426.0,0.00022116050014583846
426.25,0.00022105527028054204
426.5,0.00022093246499696497
426.75,0.00022080416789602516
427.0,0.00022065921961281744
427.25,0.00022052660041966564
427.5,0.00022041432096073078
427.75,0.00022027818263600484
428.0,0.00022018237333011192
428.25,0.000220052125209879
428.5,0.00021992542703436885
428.75,0.00021980225134280996
429.0,0.0002196380705876163
429.25,0.00021952764807504587
429.5,0.00021942301113343822
429.75,0.00021928634301474677
430.0,0.00021913978284797427
430.25,0.0002190293608432814
430.5,0.00021892653320697652
430.75,0.00021882140229598126
431.0,0.00021868460943993842
431.25,0.00021854507917310625
431.5,0.00021841665966590938
431.75,0.00021831013472696745
432.0,0.00021821407981489473
432.25,0.00021806630020428558
432.5,0.00021791759045726496
432.75,0.00021781925886069068
433.0,0.00021768926679887625
433.25,0.00021757646219505364
433.5,0.00021744984817327585
433.75,0.00021732457176623011
434.0,0.00021719745772940638
434.25,0.00021706793510142992
434.5,0.00021696967626957405
434.75,0.0002168561526953312
435.0,0.00021671302102557562
435.25,0.0002166017357075734
435.5,0.00021648210800504888
435.75,0.00021635844912479976
436.0,0.00021622347849525124
436.25,0.00021608447416744778
436.5,0.0002159760494674253
436.75,0.0002158743407668021
437.0,0.00021573968631348735
437.25,0.00021562772511053946
437.5,0.00021548509103433812
437.75,0.00021535592662847537
438.0,0.00021527542731824097
438.25,0.0002151525975185133
438.5,0.00021501603777255874
438.75,0.0002148914883048181
439.0,0.0002147471092688694
439.25,0.00021460770317025454
439.5,0.00021451382701645832
439.75,0.00021440977997455376
440.0,0.00021428412840562502
440.25,0.00021418055871923284
440.5,0.00021405025344986667
440.75,0.00021394033591299339
441.0,0.0002137830938302193
441.25,0.00021366914541346997
441.5,0.00021355672511570113
441.75,0.00021344975042141115
442.0,0.00021330603041374733
442.25,0.00021320457744918158
442.5,0.0002130886618079483
442.75,0.00021296680970895582
443.0,0.00021285807304342538
443.25,0.00021271575761343744
443.5,0.00021259472639761684
443.75,0.00021248666030390054
444.0,0.00021236121169554848
444.25,0.00021224366887406037
444.5,0.0002120918943465036
444.75,0.00021200719551285477
445.0,0.00021187251174667373
445.25,0.00021174549867936055
445.5,0.00021161715423738533
445.75,0.00021155362604119307
446.0,0.00021143272271710446
446.25,0.0002112929568417588
446.5,0.00021116705827897486
446.75,0.00021107523865854008
447.0,0.00021092858296797759
447.25,0.0002107952314980634
447.5,0.0002106775279426211
447.75,0.0002105617299799153
448.0,0.0002104720140291884
448.25,0.00021034906342790478
448.5,0.00021024079028004924
448.75,0.00021013364311086717
449.0,0.00020996801594121194
449.25,0.00020983477807151834
449.5,0.000209740285498046
449.75,0.00020963209895029312
450.0,0.000209528764866932
450.25,0.0002093968030021073
450.5,0.00020928301360985757
450.75,0.00020915285272164738
451.0,0.00020903137915380082
451.25,0.00020891631497208034
451.5,0.00020881305549007382
451.75,0.00020867347342400154
452.0,0.00020857122337567907
452.25,0.00020845912540916092
452.5,0.00020835432562985398
452.75,0.00020823701189968974
453.0,0.0002080888108873758
453.25,0.00020797942274583843
453.5,0.00020786353619880836
453.75,0.00020773963021141842
454.0,0.00020761761115876016
454.25,0.0002074723812454907
454.5,0.0002073934270367117
454.75,0.00020728021646619318
455.0,0.0002071487818579213
455.25,0.0002070288604034614
455.5,0.00020691768535329965
455.75,0.00020683938307798787
456.0,0.00020671545746350471
456.25,0.0002065878677431023
456.5,0.00020645056461642808
456.75,0.00020633755838552563
457.0,0.0002062378592859061
457.25,0.00020611265265837759
457.5,0.00020601740788243813
457.75,0.00020587149540913816
458.0,0.00020575465608471707
458.25,0.00020564079654122002
458.5,0.0002055378263682338
458.75,0.00020543540397488326
459.0,0.00020529005008693848
459.25,0.00020518793572329132
459.5,0.00020507334855614682
459.75,0.00020495177813641648
460.0,0.0002048332309100691
460.25,0.0002047206797182426
460.5,0.0002046105692975718
460.75,0.00020450048889862198
461.0,0.00020437628255082975
461.25,0.0002042289937495299
461.5,0.00020416291112250394
461.75,0.00020405285675903907
462.0,0.0002039065496287909
462.25,0.00020380222512704992
462.5,0.0002036936675724847
462.75,0.00020357031491827695
463.0,0.00020344238191021273
463.25,0.00020333555570817543
463.5,0.00020321574571594776
463.75,0.00020311133171571218
464.0,0.000202992544899023
464.25,0.00020290232588399414
464.5,0.0002027730880211636
464.75,0.0002026898187255767
465.0,0.0002025640003165524
465.25,0.00020244370315620098
465.5,0.00020232105916509648
465.75,0.0002021960785215583
466.0,0.00020206772516630242
466.25,0.00020198307067013265
466.5,0.0002018660400446751
466.75,0.00020176287670867384
467.0,0.00020161384365803466
467.25,0.00020153827549502216
467.5,0.0002014290074079752
467.75,0.0002012959950621215
468.0,0.00020118293117720736
468.25,0.0002010555005708173
468.5,0.0002009293766446853
468.75,0.00020085210012086766
469.0,0.00020072814849227333
469.25,0.0002006215398836166
469.5,0.00020050374784543606
469.75,0.00020040263446999683
470.0,0.00020028577820054708
470.25,0.00020017175151330088
470.5,0.0002000791586741722
470.75,0.00019993170246601212
471.0,0.0001998252304463329
471.25,0.00019972104700368375
471.5,0.00019961269388089252
471.75,0.00019949638537340296
472.0,0.0001993658230783455
472.25,0.00019926465510357967
472.5,0.00019913004530875227
472.75,0.00019901950457531432
473.0,0.00019890295245688036
473.25,0.00019880832563786444
473.5,0.0001987104948523569
473.75,0.00019857287365697854
474.0,0.00019845479443719857
474.25,0.0001983461178588963
474.5,0.00019825798405107923
474.75,0.00019813931867002443
475.0,0.00019803792069240494
475.25,0.00019794348787289598
475.5,0.0001978196902652664
475.75,0.00019771333044707898
476.0,0.00019757887661758192
476.25,0.00019745627702814973
476.5,0.00019738012998546205
476.75,0.0001972548392145519
477.0,0.0001971633787741609
477.25,0.00019703586352497117
477.5,0.00019692159044010688
477.75,0.0001968240640022853
478.0,0.0001966946594423621
478.25,0.0001965941551202502
478.5,0.00019646838864882462
478.75,0.00019635317890377775
479.0,0.00019624255230357113
479.25,0.00019614361706273627
479.5,0.00019603074199546928
479.75,0.00019593115200020506
480.0,0.00019582549194809015
480.25,0.00019570710915907145
480.5,0.00019559450230930583
480.75,0.00019549938518426333
481.0,0.00019541624214688348
481.25,0.00019528077973497736
481.5,0.00019514312224301053
481.75,0.00019505608504134195
482.0,0.00019495207704662483
482.25,0.00019484921115735826
482.5,0.00019473266127149926
482.75,0.00019462861634079396
483.0,0.00019451604096335507
483.25,0.0001943792632949633
483.5,0.00019428051255259354
483.75,0.0001941906134909079
484.0,0.00019407038894069312
484.25,0.00019397280379167245
484.5,0.0001938541425838234
484.75,0.00019374562951881533
485.0,0.00019363092963837106
485.25,0.00019350441006300801
485.5,0.00019341132368356825
485.75,0.000193317889239473
486.0,0.0001932028730719201
486.25,0.0001931022594144298
486.5,0.00019297645435732572
486.75,0.00019284558636005423
487.0,0.00019276680652187514
487.25,0.00019267554639612616
487.5,0.00019254925360041674
487.75,0.00019245456268145454
488.0,0.00019231016377541666
488.25,0.00019220366852863537
488.5,0.00019211271024472445
488.75,0.000192007596707593
489.0,0.0001918836649526425
489.25,0.0001917896499985683
489.5,0.00019170020409637904
489.75,0.000191579497358611
490.0,0.0001914459396927969
490.25,0.0001913375686033634
490.5,0.00019123574089850902
490.75,0.00019113776168184026
491.0,0.0001910062169676401
491.25,0.00019093174929360254
491.5,0.00019083112944644697
491.75,0.0001907254151171313
492.0,0.00019062537374838734
492.25,0.00019049167599605567
492.5,0.00019038298066410028
492.75,0.0001902772258643882
493.0,0.00019018707213810514
493.25,0.00019007027555486379
493.5,0.00018992782314558422
493.75,0.00018985522868983785
494.0,0.0001897327638454922
494.25,0.00018963181247961465
494.5,0.00018952106165901823
494.75,0.00018946423103830768
495.0,0.0001893405559027056
495.25,0.00018921922870949938
495.5,0.0001891145388357246
495.75,0.0001890143504520601
496.0,0.00018888942666992582
496.25,0.00018878392147207867
496.5,0.0001886720649912429
496.75,0.00018857209113080881
497.0,0.0001884856380624044
497.25,0.00018838062513870085
497.5,0.0001882721062932457
497.75,0.00018819239495587755
498.0,0.00018804101447956868
498.25,0.00018792164174031735
498.5,0.00018783829280747132
498.75,0.0001877417938654829
499.0,0.00018765563326689571
499.25,0.00018754378733445436
499.5,0.00018742138148306048
499.75,0.00018732404653842743
500.0,0.0001872138825355003
500.25,0.00018709983281757877
500.5,0.000187004601305239
500.75,0.00018688565081779538
501.0,0.00018679598425992477
501.25,0.00018668506043297822
501.5,0.00018659613024086798
501.75,0.0001865040886336024
502.0,0.00018636440075685834
502.25,0.00018626345631149666
502.5,0.0001861540321486952
502.75,0.00018603459789940844
503.0,0.00018593727270194455
503.25,0.00018582320904574976
503.5,0.00018574313411787546
503.75,0.0001856355084861412
504.0,0.00018550129073556754
504.25,0.00018539403409547497
504.5,0.00018531367044253858
504.75,0.00018524460748391378
505.0,0.00018512283429553033
505.25,0.00018499452332090377
505.5,0.0001848895842757518
505.75,0.00018478914781128305
506.0,0.00018470138885326193
506.25,0.00018458532331382517
506.5,0.00018450761899597504
506.75,0.00018435955518602634
507.0,0.0001842706629055635
507.25,0.0001841681358522813
507.5,0.0001840663582309892
507.75,0.00018397386634069716
508.0,0.00018385752815318855
508.25,0.00018376152369901293
508.5,0.00018365798279013635
508.75,0.0001835687286665343
509.0,0.00018345327443853893
509.25,0.0001833581485060151
509.5,0.0001832475896217779
509.75,0.00018316036895120038
510.0,0.00018304554694676734
510.25,0.0001829081622293996
510.5,0.00018283377589018487
510.75,0.0001827323265713267
511.0,0.0001826209076890416
511.25,0.0001825226718992305
511.5,0.00018241678355594617
511.75,0.0001823116625057549
512.0,0.0001821919740981246
512.25,0.0001821097729495383
512.5,0.00018201012560235707
512.75,0.00018190447451396183
513.0,0.0001818009453766419
513.25,0.0001817318423220252
513.5,0.00018162728233974313
513.75,0.00018152955992758142
514.0,0.00018140961684558524
514.25,0.00018130623439119965
514.5,0.00018120739895112785
514.75,0.00018108833228787783
515.0,0.00018097695025999876
515.25,0.00018089620485727808
515.5,0.00018079764950178152
515.75,0.0001806847665588299
516.0,0.00018056930487310625
516.25,0.00018050734104733151
516.5,0.0001803994294050173
516.75,0.00018028593263590874
517.0,0.0001801954764536774
517.25,0.0001800902871420413
517.5,0.00017996653082529498
517.75,0.00017989196798950754
518.0,0.00017978658035993695
518.25,0.00017968289889122073
518.5,0.00017959504362025346
518.75,0.0001794934321582519
519.0,0.00017937823796331624
519.25,0.00017926865563375828
519.5,0.00017920114095810872
519.75,0.00017907265163040812
520.0,0.00017896454214311633
520.25,0.00017886504941366747
520.5,0.00017876323338628198
520.75,0.0001786769260594243
521.0,0.0001785620856432446
521.25,0.00017845686750307278
521.5,0.00017834637376591223
521.75,0.0001782572344430304
522.0,0.00017814342096324483
522.25,0.0001780602882999779
522.5,0.00017796650234787407
522.75,0.0001778668218181865
523.0,0.00017775143247372832
523.25,0.0001776405560182963
523.5,0.00017756716863389084
523.75,0.0001774583861842837
524.0,0.00017736818132644804
524.25,0.00017728630837377378
524.5,0.00017718182544178396
524.75,0.00017708369614370312
525.0,0.00017697129904924663
525.25,0.0001768647710992459
525.5,0.00017677443543544268
525.75,0.00017666235040475337
526.0,0.00017658579706202783
526.25,0.00017647326583332835
526.5,0.00017636415355712137
526.75,0.0001762738929636269
527.0,0.00017615867103767618
527.25,0.0001760693738440556
527.5,0.0001759715281298614
527.75,0.00017587256514898998
528.0,0.00017577046398830446
528.25,0.00017566634312941268
528.5,0.0001755780403743105
528.75,0.00017549903674058813
529.0,0.00017539335826866406
529.25,0.00017528719062111678
529.5,0.00017518796849411394
529.75,0.00017509664975388141
530.0,0.0001750196652130463
530.25,0.00017490376799575623
530.5,0.00017478153162563158
530.75,0.00017470112464049154
531.0,0.0001746059114342962
531.25,0.00017450797792295468
531.5,0.00017441236831048057
531.75,0.00017431767071059221
532.0,0.00017421800214348723
532.25,0.0001741046765156685
532.5,0.0001740131483239731
532.75,0.00017393903872094395
533.0,0.00017382247157459664
533.25,0.00017372258013329014
533.5,0.00017362149712537046
533.75,0.00017352958719039796
534.0,0.0001734221768855098
534.25,0.00017331296067445165
534.5,0.0001732239174066126
534.75,0.0001731544886953608
535.0,0.00017305104469568427
535.25,0.00017294940985936716
535.5,0.00017283332396756223
535.75,0.00017271829817405745
536.0,0.00017265554885999832
536.25,0.00017257133601616774
536.5,0.00017246878933535096
536.75,0.0001723678286112166
537.0,0.0001722558625643608
537.25,0.00017214469977617675
537.5,0.00017206247257037338
537.75,0.00017196978313605184
538.0,0.000171869816512409
538.25,0.00017178506641097954
538.5,0.00017170682306406467
538.75,0.00017160440639237394
539.0,0.00017147741860513638
539.25,0.00017138044154051143
539.5,0.0001712878575908693
539.75,0.00017120448872599774
540.0,0.0001710991662680238
540.25,0.00017102215030408106
540.5,0.0001709246124266201
540.75,0.00017083277967971214
541.0,0.00017074185765869512
541.25,0.0001706247581058297
541.5,0.00017052925433840038
541.75,0.00017042198707897552
542.0,0.0001703336681125395
542.25,0.00017024971616019633
542.5,0.0001701299732508678
542.75,0.00017004318796444144
543.0,0.00016992771697663946
543.25,0.00016984200969627684
543.5,0.00016975471721299127
543.75,0.00016969432844029261
544.0,0.00016957638765265453
544.25,0.00016947571763087244
544.5,0.00016937944857451542
544.75,0.00016929671541389223
545.0,0.00016920021470852594
545.25,0.00016910019713520247
545.5,0.0001689939063039398
545.75,0.00016889943389413375
546.0,0.0001688198218124548
546.25,0.00016872894662946442
546.5,0.00016864274615097495
546.75,0.0001685588522288886
547.0,0.0001684250320163561
547.25,0.00016831300475995495
547.5,0.00016823254611318607
547.75,0.00016815185626257136
548.0,0.0001680761073660602
548.25,0.0001679713261118747
548.5,0.0001678745152465432
548.75,0.00016778354846656903
549.0,0.00016768304152012812
549.25,0.0001675952100839543
549.5,0.00016750607972903063
549.75,0.000167385001962725
550.0,0.00016730529854663853
550.25,0.00016720714825811753
550.5,0.00016713720520883328
550.75,0.00016704768761653896
551.0,0.00016692115785900405
551.25,0.00016683941220824717
551.5,0.0001667369262388239
551.75,0.00016662874954884792
552.0,0.00016654032691037568
552.25,0.0001664317693988367
552.5,0.00016637006332320182
552.75,0.00016627753520687027
553.0,0.00016616076462993613
553.25,0.00016607065798331317
553.5,0.00016597893813858594
553.75,0.0001659244706881464
554.0,0.00016581894029558624
554.25,0.00016571511403844883
554.5,0.00016561137124719932
554.75,0.0001655140406222107
555.0,0.00016543172782143147
555.25,0.00016533705128527712
555.5,0.00016525130144688259
555.75,0.00016514177112182058
556.0,0.00016506585055917094
556.25,0.0001649622279336612
556.5,0.00016486707810642141
556.75,0.00016478358169853187
557.0,0.00016467464446383965
557.25,0.00016459786986523103
557.5,0.00016452024057167708
557.75,0.00016442877848230782
558.0,0.00016433152732938796
558.25,0.00016424212037169554
558.5,0.00016413903814984008
558.75,0.00016405179803448086
559.0,0.0001639535741442244
559.25,0.00016383713293020773
559.5,0.00016376469103638333
559.75,0.00016367846826377368
560.0,0.0001635753404613672
560.25,0.00016348882931499563
560.5,0.000163406045496694
560.75,0.00016330162064824707
561.0,0.00016319409640638957
561.25,0.00016311578900637792
561.5,0.00016302265613936297
561.75,0.00016293556323228683
562.0,0.0001628491698854482
562.25,0.00016276468651892225
562.5,0.00016267471131421794
562.75,0.00016260852875870545
563.0,0.00016250250931969964
563.25,0.00016240463392755417
563.5,0.0001623163648017955
563.75,0.00016221012518901219
564.0,0.00016211419438802045
564.25,0.00016203647975181573
564.5,0.00016194388816589102
564.75,0.00016185019878111185
565.0,0.00016173920252144644
565.25,0.00016167590348379831
565.5,0.00016159606775156094
565.75,0.00016147726900246758
566.0,0.00016139414162041758
566.25,0.00016129569338710982
566.5,0.00016119729271600597
566.75,0.00016113557549491287
567.0,0.00016103714369184715
567.25,0.00016095014810905422
567.5,0.0001608646774661811
567.75,0.0001607770635128596
568.0,0.00016067816719633028
568.25,0.00016059029664267083
568.5,0.00016051909304858064
568.75,0.00016040707904520197
569.0,0.00016031022130057616
569.25,0.00016021831951232218
569.5,0.00016012734649467823
569.75,0.00016004210741247903
570.0,0.00015995646427076482
570.25,0.0001598733992541123
570.5,0.00015974961205453568
570.75,0.00015966275021747983
571.0,0.0001595745937515324
571.25,0.0001595102839909785
571.5,0.00015941784494538007
571.75,0.00015931613140507235
572.0,0.0001592156338654764
572.25,0.00015911914138798795
572.5,0.0001590455110631665
572.75,0.00015895407337823401
573.0,0.00015887394193109036
573.25,0.00015879996955825524
573.5,0.00015871842860590703
573.75,0.0001586273745014395
574.0,0.00015851009800438304
574.25,0.00015841865764422091
574.5,0.0001583404346672078
574.75,0.0001582531468616219
575.0,0.00015817688946444966
575.25,0.00015807961345969246
575.5,0.00015797607907188272
575.75,0.00015789402470918216
576.0,0.00015779478764742198
576.25,0.0001577169479373794
576.5,0.00015763899582925595
576.75,0.00015754021078940997
577.0,0.0001574478829070151
577.25,0.00015735602285966516
577.5,0.00015728626398655261
577.75,0.00015720734505101944
578.0,0.00015710868660189696
578.25,0.0001570136709306897
578.5,0.0001569180400322271
578.75,0.00015683906947022136
579.0,0.00015677192240786197
579.25,0.00015666126425429818
579.5,0.00015655530273740275
579.75,0.00015648358696409675
580.0,0.0001563972814265732
580.25,0.00015632604108787814
580.5,0.000156222764993296
580.75,0.0001561405776971604
581.0,0.00015605338580806255
581.25,0.0001559593581564866
581.5,0.0001558697158910098
581.75,0.000155798785064534
582.0,0.00015568798477646974
582.25,0.0001556186701692679
582.5,0.00015553403354635607
582.75,0.000155445014856565
583.0,0.00015534720712381822
583.25,0.00015525270557917368
583.5,0.00015516472532496763
583.75,0.00015510108681240545
584.0,0.000155008061104364
584.25,0.00015492095892722448
584.5,0.00015481820663327807
584.75,0.00015471065632677102
585.0,0.00015465738330914408
585.25,0.00015457529502061515
585.5,0.00015448517839143874
585.75,0.00015440526974359057
586.0,0.00015430161893711496
586.25,0.00015419735289237498
586.5,0.0001541293104090627
586.75,0.00015406265506313468
587.0,0.00015395811651546993
587.25,0.00015387621489599664
587.5,0.00015380375076470425
587.75,0.00015370570745452692
588.0,0.00015359504599225736
588.25,0.00015351364918316852
588.5,0.0001534378260703427
588.75,0.0001533531631856091
589.0,0.00015325417786033867
589.25,0.0001531848694971839
589.5,0.00015310276112158103
589.75,0.0001530218647989209
590.0,0.0001529341750111886
590.25,0.00015283742813270682
590.5,0.00015275182341386586
590.75,0.00015266031814998397
591.0,0.00015258096679183385
591.25,0.00015250421555393183
591.5,0.00015239483471145336
591.75,0.00015233675063656648
592.0,0.00015223673399242466
592.25,0.00015214888917794846
592.5,0.00015205203177502907
592.75,0.00015200947973398402
593.0,0.00015190884645901014
593.25,0.0001518129516058973
593.5,0.0001517275943889172
593.75,0.00015165720268986161
594.0,0.00015154981430580674
594.25,0.0001514623872052254
594.5,0.00015137207948482157
594.75,0.0001512990688039358
595.0,0.00015124095674147236
595.25,0.0001511469794954531
595.5,0.00015106443807334354
595.75,0.00015097792160309836
596.0,0.0001508717490220518
596.25,0.0001507763948232162
596.5,0.00015070377327888593
596.75,0.00015061949880726245
597.0,0.0001505518939114968
597.25,0.00015046783738220066
597.5,0.00015038590339006995
597.75,0.00015029388835843417
598.0,0.00015020893197657692
598.25,0.00015011933061507638
598.5,0.0001500439669249664
598.75,0.00014995102030138392
599.0,0.00014986965363325813
599.25,0.00014978386492717316
599.5,0.0001497195462652752
599.75,0.00014962969747918126
600.0,0.0001495240108895809
600.25,0.00014945491618473784
600.5,0.00014936333386474717
600.75,0.00014926505455479814
601.0,0.00014917881733237135
601.25,0.00014908919167429239
601.5,0.0001490419494469747
601.75,0.0001489491083072834
602.0,0.00014885129649510752
602.25,0.00014876181049272593
602.5,0.00014868285055933352
602.75,0.00014862402804997297
603.0,0.00014852964286994977
603.25,0.0001484472789168816
603.5,0.00014836505811498577
603.75,0.000148272621989597
604.0,0.00014819179573061073
604.25,0.00014810151913265842
604.5,0.00014803765431254122
604.75,0.00014792995993999068
605.0,0.00014785332296871894
605.25,0.00014776887845505937
605.5,0.00014768679454263756
605.75,0.0001476080132087107
606.0,0.00014751138873007313
606.25,0.00014744193576302883
606.5,0.00014735972321662755
606.75,0.00014728458332311596
607.0,0.00014719442619984336
607.25,0.00014711640524984652
607.5,0.00014704001045370932
607.75,0.00014696391144428708
608.0,0.00014686989955783425
608.25,0.00014677298500607585
608.5,0.0001467081916461187
608.75,0.0001466294050053464
609.0,0.00014652293733326312
609.25,0.0001464428639516905
609.5,0.00014637837663598977
609.75,0.00014629189649594768
610.0,0.0001461978692949675
610.25,0.000146122971896523
610.5,0.00014604225217864207
610.75,0.00014596034413624635
611.0,0.0001458816391713891
611.25,0.00014581028548286295
611.5,0.00014572219995697728
611.75,0.0001456639330385219
612.0,0.0001455672918118262
612.25,0.000145487520946032
612.5,0.00014539804067064614
612.75,0.00014529684695989382
613.0,0.0001452263010659973
613.25,0.00014515688652304035
613.5,0.000145073765473289
613.75,0.00014498350352228211
614.0,0.00014490069081936598
614.25,0.0001448412240630119
614.5,0.0001447548610648776
614.75,0.0001446546608056328
615.0,0.00014458302180623932
615.25,0.00014449421804653282
615.5,0.00014439648594831209
615.75,0.00014434233854960344
616.0,0.0001442525226671753
616.25,0.0001441728385217305
616.5,0.00014410376341529764
616.75,0.00014402682579217228
617.0,0.0001439376579982965
617.25,0.00014385939004248424
617.5,0.00014379013345778172
617.75,0.00014368099567639182
618.0,0.00014360686621879378
618.25,0.00014352499578320827
618.5,0.00014345119480378436
618.75,0.00014336973644066086
619.0,0.00014327668173222535
619.25,0.00014320626501111646
619.5,0.00014310997614287122
619.75,0.0001430290447599591
620.0,0.00014295124196112864
620.25,0.00014288226770026651
620.5,0.0001427979743348037
620.75,0.00014271076732679671
621.0,0.0001426280718217847
621.25,0.00014254728954368534
621.5,0.00014248737406390258
621.75,0.00014239627395033975
622.0,0.00014231988895582122
622.25,0.00014225720116318603
622.5,0.0001421717348619992
622.75,0.0001420992521746432
623.0,0.000142000719660658
623.25,0.00014191312353233317
623.5,0.00014184299136285304
623.75,0.00014175748602124168
624.0,0.00014169907073729562
624.25,0.00014161442479059517
624.5,0.00014153245026974018
624.75,0.00014145381820928455
625.0,0.00014136126936834103
625.25,0.00014129563294563118
625.5,0.00014121620768813687
625.75,0.0001411245038476859
626.0,0.00014103996206764002
626.25,0.00014095622587068194
626.5,0.0001408882771552181
626.75,0.00014081499382257118
627.0,0.0001407316736617173
627.25,0.00014065609251524003
627.5,0.000140571451004059
627.75,0.00014049846375695528
628.0,0.0001404345966932033
628.25,0.00014033279219768878
628.5,0.00014023581179462016
628.75,0.00014018459821341878
629.0,0.00014010857132062631
629.25,0.00014003307721469668
629.5,0.00013995532677469211
629.75,0.00013987824732196805
630.0,0.00013980463042065239
630.25,0.000139715025599994
630.5,0.0001396312574267513
630.75,0.00013957403686519593
631.0,0.0001394847981971134
631.25,0.00013940807941116665
631.5,0.00013933119758040066
631.75,0.00013925436942596506
632.0,0.00013916249095809798
632.25,0.00013908081454903407
632.5,0.00013900592501251877
632.75,0.00013894618516031732
633.0,0.0001388576160296154
633.25,0.0001387835420037563
633.5,0.00013869422417644902
633.75,0.00013860694255721966
634.0,0.00013855962809940426
634.25,0.00013849124483557746
634.5,0.00013840053357073664
634.75,0.00013831527779913463
635.0,0.00013822875901485873
635.25,0.0001381372417801606
635.5,0.00013807409060926008
635.75,0.0001380022970616858
636.0,0.00013791618208214352
636.25,0.0001378472446848088
636.5,0.00013778293934454508
636.75,0.00013770221579252658
637.0,0.0001376001794875959
637.25,0.0001375362193203193
637.5,0.00013745550674157029
637.75,0.00013739181009921097
638.0,0.00013729519814761112
638.25,0.000137243164861261
638.5,0.0001371600883796757
638.75,0.00013707811873106578
639.0,0.0001370103898463273
639.25,0.0001369226224062199
639.5,0.00013683573172321793
639.75,0.0001367658464104532
640.0,0.00013669647416106624
640.25,0.00013662225020837933
640.5,0.0001365252542474551
640.75,0.00013645976468614352
641.0,0.00013637312595162295
641.25,0.0001363031142588377
641.5,0.00013621355325001207
641.75,0.00013617822147986197
642.0,0.00013609426475878742
642.25,0.0001360053818556106
642.5,0.00013592681124931311
642.75,0.00013586837329747302
643.0,0.00013577612999536164
643.25,0.00013568298120724358
643.5,0.00013560613022937026
643.75,0.0001355369276058944
644.0,0.0001354803351509816
644.25,0.00013539939145601774
644.5,0.0001353305227355156
644.75,0.00013526761738301069
645.0,0.00013516411172476237
645.25,0.0001350761017831347
645.5,0.00013501269098202607
645.75,0.00013495140970268586
646.0,0.00013487641044306785
646.25,0.00013479055750037426
646.5,0.00013472108959849735
646.75,0.0001346494903761526
647.0,0.00013455546912209047
647.25,0.00013448205448599076
647.5,0.00013441549438593254
647.75,0.0001343187399145556
648.0,0.00013425397822969997
648.25,0.0001341824620839017
648.5,0.00013412490226397385
648.75,0.00013405478323381815
649.0,0.00013395756750861508
649.25,0.00013388794669651625
649.5,0.0001338106824824622
649.75,0.00013372189638641012
650.0,0.00013364539927374517
650.25,0.00013356316010008177
650.5,0.00013351909533072394
650.75,0.00013343793211026224
651.0,0.00013334763132250872
651.25,0.00013327975443122963
651.5,0.00013319841532393397
651.75,0.00013314719631421585
652.0,0.0001330668003463501
652.25,0.00013298531088689247
652.5,0.00013290188701163184
652.75,0.0001328253960081138
653.0,0.00013275817031861283
653.25,0.00013267988421092938
653.5,0.00013262530565392487
653.75,0.00013252433409055128
654.0,0.00013246802969417418
654.25,0.00013239126543314106
654.5,0.00013230958394850123
654.75,0.00013224376463105497
655.0,0.0001321598010546168
655.25,0.0001320900179859465
655.5,0.00013202376198109345
655.75,0.0001319466212007601
656.0,0.00013186924967133412
656.25,0.0001318018335450436
656.5,0.00013172372895570484
656.75,0.00013165165684435578
657.0,0.00013157137325428876
657.25,0.00013148864304213636
657.5,0.00013143312838721126
657.75,0.00013135734805317455
658.0,0.00013127529771670782
658.25,0.00013121021835579881
658.5,0.00013113231848596953
658.75,0.00013105568157077788
659.0,0.00013097010097031084
659.25,0.00013090098218129274
659.5,0.00013083449926613926
659.75,0.00013076135129253905
660.0,0.00013068283987857524
660.25,0.00013062255549731018
660.5,0.00013054665554121508
660.75,0.00013049013822074752
661.0,0.00013040863674821296
661.25,0.00013033678266413215
661.5,0.00013026864403513816
661.75,0.00013018478795330705
662.0,0.00013010299383860172
662.25,0.00013004553740831313
662.5,0.00012997229700938397
662.75,0.00012988819658947873
663.0,0.00012979991985923722
663.25,0.0001297523484596435
663.5,0.0001296833180211746
663.75,0.00012958850458164256
664.0,0.00012952084586703299
664.25,0.0001294509033081465
664.5,0.00012936439989650353
664.75,0.00012931617701775737
665.0,0.00012924411692575758
665.25,0.0001291679809560315
665.5,0.00012909369532681226
665.75,0.0001290243764245651
666.0,0.00012894104193555153
666.25,0.0001288756997786487
666.5,0.0001288109596625297
666.75,0.0001287227257636313
667.0,0.00012865373819585005
667.25,0.0001285917139774881
667.5,0.00012852120021705977
667.75,0.0001284415677890975
668.0,0.0001283698864332996
668.25,0.00012830302116679056
668.5,0.00012821121089727253
668.75,0.00012814746729587195
669.0,0.00012807303562241274
669.25,0.00012800568674330002
669.5,0.00012792906967861288
669.75,0.00012785159730687188
670.0,0.0001277759882242453
670.25,0.00012770915465783376
670.5,0.00012765276919635292
670.75,0.00012757101341068848
671.0,0.0001275033917679164
671.25,0.0001274381320702609
671.5,0.00012737131877282342
671.75,0.0001272983369361454
672.0,0.0001272176397343606
672.25,0.00012714630816212767
672.5,0.00012708077015168606
672.75,0.00012699935088948954
673.0,0.0001269489543532622
673.25,0.0001268758061621263
673.5,0.0001267953811526286
673.75,0.00012673183961572397
674.0,0.00012664217346315456
674.25,0.00012658054981501982
674.5,0.00012650760782755816
674.75,0.00012642997019107836
675.0,0.00012635461353418756
675.25,0.00012628415869438736
675.5,0.00012622199620017358
675.75,0.00012616706866855592
676.0,0.00012608485794599194
676.25,0.00012601109020039187
676.5,0.00012594799285282256
676.75,0.00012587926539582548
677.0,0.00012582012348183984
677.25,0.00012573906145461447
677.5,0.00012565183167602572
677.75,0.0001255932493773683
678.0,0.00012552282936611453
678.25,0.00012545790752786976
678.5,0.00012538592015019225
678.75,0.00012531267832510847
679.0,0.0001252430470320246
679.25,0.00012516974821098162
679.5,0.00012509749997871556
679.75,0.00012504159945387624
680.0,0.00012495859067712084
680.25,0.00012489642931288517
680.5,0.00012482638116316857
680.75,0.00012475418896718847
681.0,0.00012468718131809564
681.25,0.00012460287118942794
681.5,0.00012454230708647092
681.75,0.00012448492111772572
682.0,0.00012440913329001034
682.25,0.0001243403919374357
682.5,0.0001242586092730281
682.75,0.000124181499964849
683.0,0.000124137085853354
683.25,0.00012406479760801955
683.5,0.00012399146807666185
683.75,0.00012391824630125623
684.0,0.0001238244496519471
684.25,0.0001237514904946876
684.5,0.00012370485920053652
684.75,0.00012363998175129602
685.0,0.0001235636188422153
685.25,0.00012350105880935483
685.5,0.00012344343385280502
685.75,0.0001233640958015601
686.0,0.00012327654364695454
686.25,0.00012320969462867258
686.5,0.00012314503271295595
686.75,0.0001230814659729908
687.0,0.00012300910487443245
687.25,0.0001229520058478464
687.5,0.0001228862889344309
687.75,0.00012281895598424813
688.0,0.00012275091957118992
688.25,0.0001226670019285065
688.5,0.00012259397397006402
688.75,0.0001225323403439331
689.0,0.0001224678507478205
689.25,0.00012240051738068497
689.5,0.00012231483906592397
689.75,0.0001222626905091382
690.0,0.00012217915299543732
690.25,0.0001221114235739428
690.5,0.00012204097431258138
690.75,0.00012199984460121078
691.0,0.00012192088741984686
691.25,0.00012184785668211753
691.5,0.00012178016399772771
691.75,0.00012172359920639812
692.0,0.00012164206371823696
692.25,0.00012157433525252988
692.5,0.00012150103020949288
692.75,0.00012142985278016439
693.0,0.00012138053872389039
693.25,0.00012130695745489806
693.5,0.00012124368565013384
693.75,0.00012118221517559142
694.0,0.00012109965874716793
694.25,0.00012101495874565131
694.5,0.00012095289742796442
694.75,0.00012089596916171646
695.0,0.00012083833512337103
695.25,0.00012076601712928581
695.5,0.00012069650150965787
695.75,0.00012063934176570917
696.0,0.00012055707577138215
696.25,0.00012048976910491709
696.5,0.00012042603177789122
696.75,0.00012034866055665738
697.0,0.00012028873623405923
697.25,0.00012022828363420861
697.5,0.00012016063440275064
697.75,0.00012009623854736537
698.0,0.00012001715042455851
698.25,0.0001199620680117186
698.5,0.00011988751599811564
698.75,0.00011981592163524512
699.0,0.00011974266475628801
699.25,0.00011966749935512892
699.5,0.00011962094440164843
699.75,0.0001195545269591821
700.0,0.00011947586064040332
700.25,0.0001194116388511815
700.5,0.00011933911824079917
700.75,0.00011929845176410117
701.0,0.00011922006839929102
701.25,0.00011914888656143896
701.5,0.00011907592056655176
701.75,0.00011900533504883284
702.0,0.00011894458297287282
702.25,0.00011887607847957657
702.5,0.00011882248574592125
702.75,0.00011873500632934157
703.0,0.00011868200005855428
703.25,0.00011861608450623467
703.5,0.00011854277753628379
703.75,0.00011848251368113216
704.0,0.00011840892637247853
704.25,0.0001183482833262472
704.5,0.00011828480987447252
704.75,0.00011822389247791392
705.0,0.00011815622879584575
705.25,0.00011809581658886261
705.5,0.00011802158292935642
705.75,0.00011795724520703366
706.0,0.00011789027175290112
706.25,0.00011780735586480386
706.5,0.00011775485288791184
706.75,0.0001176928052241375
707.0,0.00011762129483926232
707.25,0.00011755350658897393
707.5,0.00011749091704077885
707.75,0.00011741628553098296
708.0,0.00011733859536737977
708.25,0.00011728457920113093
708.5,0.00011721459087463464
708.75,0.00011715706278017077
709.0,0.0001170846457721902
709.25,0.00011703574952915736
709.5,0.00011697522600773074
709.75,0.0001169176648911983
710.0,0.00011684409910302785
710.25,0.000116777343464764
710.5,0.00011671365354113407
710.75,0.00011663114711453022
711.0,0.00011656581663730896
711.25,0.00011651055739602085
711.5,0.00011644573881226312
711.75,0.00011637451488904607
712.0,0.0001162967405981335
712.25,0.00011624863405324388
712.5,0.00011618229206910258
712.75,0.00011610534059845134
713.0,0.00011605499491582869
713.25,0.00011598600173268452
713.5,0.0001159132176906521
713.75,0.00011586313605667531
714.0,0.00011579246638446618
714.25,0.0001157307950213035
714.5,0.000115670187973398
714.75,0.00011560594648961657
715.0,0.00011553148852238158
715.25,0.00011546821648436796
715.5,0.00011541463244864569
715.75,0.00011533181791550003
716.0,0.00011526757947732031
716.25,0.00011520452312447073
716.5,0.00011514706333891891
716.75,0.00011508109646955349
717.0,0.00011501332324993117
717.25,0.00011494559618665705
717.5,0.00011486781322267523
717.75,0.00011481065672133734
718.0,0.00011474003910278197
718.25,0.00011469327961782258
718.5,0.0001146265493297375
718.75,0.00011455448361700644
719.0,0.00011448708224048008
719.25,0.00011442141610569135
719.5,0.00011437772142935714
719.75,0.00011430246631836414
720.0,0.00011423953289872549
720.25,0.00011418122291608739
720.5,0.00011411851247876101
720.75,0.00011405422141961909
721.0,0.00011398249071971049
721.25,0.00011392179319114214
721.5,0.00011386947780873923
721.75,0.00011379485154699764
722.0,0.00011373954978191425
722.25,0.00011367183706732752
722.5,0.00011360103233492922
722.75,0.00011354386243869104
723.0,0.00011346383434799047
723.25,0.00011341498313533206
723.5,0.00011335652074113025
723.75,0.00011328511768369873
724.0,0.00011321031317326016
724.25,0.00011314804038539714
724.5,0.00011309366445803992
724.75,0.00011304307308767377
725.0,0.00011297178515001198
725.25,0.00011289848219488058
725.5,0.00011283090245269565
725.75,0.00011278024557581729
726.0,0.00011273364942130863
726.25,0.0001126561451694752
726.5,0.00011257562774239043
726.75,0.00011253042414692764
727.0,0.00011246564878848004
727.25,0.0001124157647740157
727.5,0.00011234496999199036
727.75,0.00011228019968834044
728.0,0.00011222125297440155
728.25,0.00011214362645511775
728.5,0.00011208922162061153
728.75,0.00011203730016753018
729.0,0.00011196262054906391
729.25,0.00011190492634787577
729.5,0.00011183628136984503
729.75,0.00011177485166455082
730.0,0.00011171141444361535
730.25,0.0001116376470326877
730.5,0.00011158172570695604
730.75,0.0001115300767480774
731.0,0.00011145639563835408
731.25,0.00011140281525301576
731.5,0.00011132977258390353
731.75,0.00011126544048170874
732.0,0.00011122482649930303
732.25,0.00011116262640876393
732.5,0.0001110925241117018
732.75,0.00011103128737980745
733.0,0.0001109584992049774
733.25,0.00011089267252406836
733.5,0.00011083762580807783
733.75,0.00011077100294578144
734.0,0.00011071327398159092
734.25,0.00011066260656913214
734.5,0.00011060752260457036
734.75,0.00011053813003855203
735.0,0.00011045434050088092
735.25,0.000110400632515092
735.5,0.00011034335230919707
735.75,0.00011027806810639558
736.0,0.00011021094811039658
736.25,0.0001101597150902077
736.5,0.00011010705996742922
736.75,0.00011003990438701272
737.0,0.00010998381701841906
737.25,0.00010990900555471113
737.5,0.00010985026834653537
737.75,0.00010979000887230128
738.0,0.00010973006460496176
738.25,0.00010967261657674301
738.5,0.00010958683475355311
738.75,0.00010954352101124222
739.0,0.0001094751961322391
739.25,0.00010941167472253624
739.5,0.00010935080626288118
739.75,0.0001093148168433342
740.0,0.00010925259444623918
740.25,0.000109180741581308
740.5,0.00010911907044315345
740.75,0.00010906364483712017
741.0,0.00010899233665394257
741.25,0.00010893105200139503
741.5,0.00010885948047002501
741.75,0.0001088073665472049
742.0,0.0001087604546425936
742.25,0.00010869677881310853
742.5,0.00010864352127877122
742.75,0.00010858859533501415
743.0,0.00010850180906123413
743.25,0.00010843383042107768
743.5,0.00010838246944949548
743.75,0.00010832579070155315
744.0,0.00010827587285566511
744.25,0.00010821430264712197
744.5,0.0001081568021172075
744.75,0.00010809087385166951
745.0,0.00010802361241055673
745.25,0.00010795857000093385
745.5,0.00010790413698728058
745.75,0.00010783177637159507
746.0,0.00010778155691969118
746.25,0.00010772234430924825
746.5,0.00010766829891991317
746.75,0.00010761396842001439
747.0,0.00010753478859743093
747.25,0.00010747789204769372
747.5,0.00010741647412401822
747.75,0.00010735121479461118
748.0,0.00010729172287752054
748.25,0.00010722330671907787
748.5,0.00010718900702476804
748.75,0.0001071161335735944
749.0,0.00010705322244307032
749.25,0.00010699107183747293
749.5,0.00010692835124893231
749.75,0.00010688922967826602
750.0,0.00010682643141254704
750.25,0.00010676069648137179
750.5,0.00010668803990664441
750.75,0.00010663376131954814
751.0,0.00010657796662104284
751.25,0.00010651785355790057
751.5,0.00010646964675858325
751.75,0.00010638796137260027
752.0,0.00010633873860144658
752.25,0.00010627746316325386
752.5,0.00010621783011714952
752.75,0.0001061687660808664
753.0,0.00010609847698606885
753.25,0.00010604436132569548
753.5,0.0001059848784561083
753.75,0.00010592488979571348
754.0,0.00010586030814372083
754.25,0.00010580649693686142
754.5,0.000105750927047323
754.75,0.00010569225122483483
755.0,0.0001056263651392177
755.25,0.00010555811178350381
755.5,0.00010551142401333249
755.75,0.00010545274556082757
756.0,0.00010538613593483115
756.25,0.00010532418999872148
756.5,0.00010527548762432412
756.75,0.00010521433711950721
757.0,0.00010514568299482987
757.25,0.0001050937410510198
757.5,0.00010502995661031395
757.75,0.00010497485933227015
758.0,0.00010491085943358387
758.25,0.00010486518294843925
758.5,0.00010480627461611571
758.75,0.00010476543142734816
759.0,0.00010469266983489402
759.25,0.00010463036053899842
759.5,0.0001045772363745141
759.75,0.00010450964720484923
760.0,0.00010444292839810507
760.25,0.00010439403903477715
760.5,0.00010433475352361985
760.75,0.00010427601495186072
761.0,0.00010420288711942997
761.25,0.00010416431315737304
761.5,0.00010411222396211277
761.75,0.0001040344833209941
762.0,0.00010398174090167804
762.25,0.00010392175367410047
762.5,0.00010385635934857291
762.75,0.000103819815487743
763.0,0.0001037565243303848
763.25,0.00010369673847124079
763.5,0.00010364537006429273
763.75,0.00010358044147496876
764.0,0.0001035130568351533
764.25,0.00010346240738562527
764.5,0.00010341701343986871
764.75,0.00010334629263490602
765.0,0.00010328840453633816
765.25,0.00010323310588591426
765.5,0.00010317228594680316
765.75,0.00010311706058926358
766.0,0.00010305748248303168
766.25,0.00010300554972282428
766.5,0.00010292936542768563
766.75,0.00010287492031739345
767.0,0.00010281866895756415
767.25,0.00010275932293091425
767.5,0.00010270682977606096
767.75,0.00010265118877502712
768.0,0.00010258419084715846
768.25,0.00010253125411633377
768.5,0.0001024860995431994
768.75,0.00010242011610682236
769.0,0.00010236600557454034
769.25,0.00010231615738033937
769.5,0.00010225878415905492
769.75,0.00010219949655480438
770.0,0.00010213088161557766
770.25,0.0001020729873024582
770.5,0.00010201919252809577
770.75,0.00010196482341509964
771.0,0.00010191732312985105
771.25,0.00010185099510199617
771.5,0.00010178935387177423
771.75,0.00010174083265856577
772.0,0.0001016693248122521
772.25,0.0001016249230337968
772.5,0.00010157004921099828
772.75,0.00010150056043033402
773.0,0.00010145203461347874
773.25,0.0001013890947912764
773.5,0.00010133806421760027
773.75,0.00010129440706794894
774.0,0.00010122948650367132
774.25,0.00010116388196647737
774.5,0.00010110661102121858
774.75,0.00010105730769226569
775.0,0.00010101432263111211
775.25,0.0001009403557324482
775.5,0.00010087913254121034
775.75,0.00010082916985182651
776.0,0.0001007755102107152
776.25,0.00010072374028838431
776.5,0.00010066480498750008
776.75,0.00010060565088083362
777.0,0.00010055415216852439
777.25,0.0001004963265355732
777.5,0.00010044454743782812
777.75,0.00010039133800177291
778.0,0.0001003239998171023
778.25,0.0001002723307323486
778.5,0.00010021106538772859
778.75,0.00010015613131795416
779.0,0.00010010249962818585
779.25,0.00010003742138785228
779.5,9.998878777591082e-05
779.75,9.99394285438418e-05
780.0,9.987662436245943e-05
780.25,9.982552491474774e-05
780.5,9.976516977890084e-05
780.75,9.969999611225492e-05
781.0,9.966540957988459e-05
781.25,9.961178366143046e-05
781.5,9.955019376862405e-05
781.75,9.949813452397257e-05
782.0,9.943461562703825e-05
782.25,9.937000588305602e-05
782.5,9.932245688297745e-05
782.75,9.927024874513972e-05
783.0,9.920839797978029e-05
783.25,9.915880144220427e-05
783.5,9.910684874350692e-05
783.75,9.905341094681568e-05
784.0,9.897949736704709e-05
784.25,9.893131767806283e-05
784.5,9.887827893170595e-05
784.75,9.882133050984292e-05
785.0,9.875767851913243e-05
785.25,9.87181713118105e-05
785.5,9.866306994193987e-05
785.75,9.860570946417604e-05
786.0,9.85479258168429e-05
786.25,9.848371570634759e-05
786.5,9.843003788445758e-05
786.75,9.838247863535621e-05
787.0,9.832740328716492e-05
787.25,9.82740588726159e-05
787.5,9.819773747010436e-05
787.75,9.816395766586702e-05
788.0,9.809442464294438e-05
788.25,9.803658157870994e-05
788.5,9.797771797728151e-05
788.75,9.795206412907239e-05
789.0,9.790123321935542e-05
789.25,9.783951496960336e-05
789.5,9.777382336644879e-05
789.75,9.773212262789839e-05
790.0,9.76643009676807e-05
790.25,9.760565794548779e-05
790.5,9.754963117451681e-05
790.75,9.749686344331303e-05
791.0,9.745377281225367e-05
791.25,9.739518904657918e-05
791.5,9.73459432106889e-05
791.75,9.730122182248869e-05
792.0,9.722525054641238e-05
792.25,9.716032754320696e-05
792.5,9.711859547179564e-05
792.75,9.706932439689216e-05
793.0,9.701675535664722e-05
793.25,9.696761220049459e-05
793.5,9.691029329444145e-05
793.75,9.685858065513576e-05
794.0,9.680196575067267e-05
794.25,9.674508632426548e-05
794.5,9.669957174224078e-05
794.75,9.663673908746967e-05
795.0,9.658110931372088e-05
795.25,9.652339853953992e-05
795.5,9.647833002770649e-05
795.75,9.64302569148341e-05
796.0,9.636106061742538e-05
796.25,9.63165776740962e-05
796.5,9.625646720988826e-05
796.75,9.618984193731893e-05
797.0,9.614238707835681e-05
797.25,9.607943449007592e-05
797.5,9.604706803751454e-05
797.75,9.599123459929349e-05
798.0,9.59257183849337e-05
798.25,9.58707069144728e-05
798.5,9.582113071324134e-05
798.75,9.578471715353305e-05
799.0,9.572322278298038e-05
799.25,9.56656709447349e-05
799.5,9.561100503282907e-05
799.75,9.555057600226438e-05
800.0,9.550162407906088e-05
800.25,9.544974126322468e-05
800.5,9.540124315461365e-05
800.75,9.533635423324682e-05
801.0,9.528847694245294e-05
801.25,9.523303535454086e-05
801.5,9.517981408755597e-05
801.75,9.5137614873178e-05
802.0,9.507261717154689e-05
802.25,9.502173057026777e-05
802.5,9.497537245350928e-05
802.75,9.49209858002513e-05
803.0,9.486420841522535e-05
803.25,9.481728694813329e-05
803.5,9.475794356062822e-05
803.75,9.471624575320951e-05
804.0,9.465362364536315e-05
804.25,9.459034075639588e-05
804.5,9.45559393746435e-05
804.75,9.449847173211065e-05
805.0,9.443796687293243e-05
805.25,9.438699841656298e-05
805.5,9.433779600400182e-05
805.75,9.428104559700744e-05
806.0,9.421602373726489e-05
806.25,9.417247903124088e-05
806.5,9.411469313695662e-05
806.75,9.407087757876656e-05
807.0,9.40135482951556e-05
807.25,9.397308379303827e-05
807.5,9.391755448437029e-05
807.75,9.38816739531352e-05
808.0,9.382313018232514e-05
808.25,9.376835914074125e-05
808.5,9.371411551791283e-05
808.75,9.365102408788491e-05
809.0,9.359282159880533e-05
809.25,9.354831339067838e-05
809.5,9.349823781561235e-05
809.75,9.344115875872252e-05
810.0,9.338036465350785e-05
810.25,9.334310768775534e-05
810.5,9.329082450419315e-05
810.75,9.323059672745792e-05
811.0,9.318578908104296e-05
811.25,9.31316271087136e-05
811.5,9.30691348216376e-05
811.75,9.303671919987975e-05
812.0,9.298101390043439e-05
812.25,9.292669235752626e-05
812.5,9.287476368535636e-05
812.75,9.282371547203408e-05
813.0,9.27654705159773e-05
813.25,9.271919511577566e-05
813.5,9.267216906099888e-05
813.75,9.260938694722094e-05
814.0,9.255899965419547e-05
814.25,9.250171755788967e-05
814.5,9.24543542746953e-05
814.75,9.240743558289188e-05
815.0,9.235316873515835e-05
815.25,9.230452072677905e-05
815.5,9.223876149206352e-05
815.75,9.218441141154499e-05
816.0,9.213470229310084e-05
816.25,9.209022411575137e-05
816.5,9.204123132232888e-05
816.75,9.198680740487085e-05
817.0,9.193237324843728e-05
817.25,9.188103509662546e-05
817.5,9.183752566143592e-05
817.75,9.17754851769498e-05
818.0,9.173261510176249e-05
818.25,9.169237422200824e-05
818.5,9.16365935938727e-05
818.75,9.158701761027948e-05
819.0,9.152424543295103e-05
819.25,9.14775387736225e-05
819.5,9.143577450701022e-05
819.75,9.137515403841656e-05
820.0,9.132908830730176e-05
820.25,9.127364462075369e-05
820.5,9.122018826331666e-05
820.75,9.117544161183363e-05
821.0,9.110891387404234e-05
821.25,9.106700915388635e-05
821.5,9.101831583721314e-05
821.75,9.096109265205692e-05
822.0,9.090834632715446e-05
822.25,9.086446126506231e-05
822.5,9.082015032396115e-05
822.75,9.077586430060438e-05
823.0,9.072207453259807e-05
823.25,9.066534385234205e-05
823.5,9.061212749226195e-05
823.75,9.05655260161431e-05
824.0,9.052625306973313e-05
824.25,9.046745251879083e-05
824.5,9.04046585149545e-05
824.75,9.036125210310467e-05
825.0,9.031450789984543e-05
825.25,9.026688929229308e-05
825.5,9.021109013500691e-05
825.75,9.016353278136241e-05
826.0,9.011223870017355e-05
826.25,9.005559426529637e-05
826.5,9.000835538730351e-05
826.75,8.99652266501468e-05
827.0,8.990384124932732e-05
827.25,8.985841809282558e-05
827.5,8.980845016014799e-05
827.75,8.975769807901373e-05
828.0,8.970538324386787e-05
828.25,8.96480687941118e-05
828.5,8.96048388328078e-05
828.75,8.955909916698199e-05
829.0,8.950250046247211e-05
829.25,8.94575677196099e-05
829.5,8.94037751490029e-05
829.75,8.93456154780217e-05
830.0,8.931737744833046e-05
830.25,8.92635152433116e-05
830.5,8.921382121608801e-05
830.75,8.916482366706525e-05
831.0,8.910220371670228e-05
831.25,8.904641755672326e-05
831.5,8.900564924766846e-05
831.75,8.89572101314541e-05
832.0,8.889904834243279e-05
832.25,8.886152756680987e-05
832.5,8.881771761931949e-05
832.75,8.876391164819358e-05
833.0,8.869935053403612e-05
833.25,8.865484398214183e-05
833.5,8.860905309325598e-05
833.75,8.856214054517261e-05
834.0,8.851068360054056e-05
834.25,8.846985697890087e-05
834.5,8.841716574354532e-05
834.75,8.836707314851396e-05
835.0,8.832161690524553e-05
835.25,8.826183835037376e-05
835.5,8.821049751085175e-05
835.75,8.816588331500711e-05
836.0,8.81149989452506e-05
836.25,8.807055239151704e-05
836.5,8.8006673320723e-05
836.75,8.796627457863418e-05
837.0,8.790994378152494e-05
837.25,8.785808334614266e-05
837.5,8.780732145923528e-05
837.75,8.778308183509286e-05
838.0,8.773067848168184e-05
838.25,8.76762995169772e-05
838.5,8.76262258553761e-05
838.75,8.758678166574324e-05
839.0,8.753155145996451e-05
839.25,8.747503729461724e-05
839.5,8.742052408837226e-05
839.75,8.737064924875775e-05
840.0,8.733327952723603e-05
840.25,8.728656827826282e-05
840.5,8.72389953409053e-05
840.75,8.719441701884862e-05
841.0,8.713084972999049e-05
841.25,8.707515650075638e-05
841.5,8.703595262228944e-05
841.75,8.69928243972774e-05
842.0,8.695358102821345e-05
842.25,8.690097582697487e-05
842.5,8.68499046117059e-05
842.75,8.679680689747437e-05
843.0,8.674244278059064e-05
843.25,8.669446493737905e-05
843.5,8.665246027120724e-05
843.75,8.659673299022095e-05
844.0,8.65578176162782e-05
844.25,8.650743360604052e-05
844.5,8.646342477014515e-05
844.75,8.641882190528192e-05
845.0,8.635998056212835e-05
845.25,8.631523752980313e-05
845.5,8.626919594709115e-05
845.75,8.62138956075051e-05
846.0,8.61626858009124e-05
846.25,8.610211690962598e-05
846.5,8.607211035003976e-05
846.75,8.60229645851684e-05
847.0,8.5967286973955e-05
847.25,8.592417551816223e-05
847.5,8.587871887901034e-05
847.75,8.584388183214436e-05
848.0,8.578841542438937e-05
848.25,8.573008669646875e-05
848.5,8.567969957316942e-05
848.75,8.56315586483514e-05
849.0,8.558716337518161e-05
849.25,8.55411846664327e-05
849.5,8.550781826626252e-05
849.75,8.543843731736634e-05
850.0,8.539697832552145e-05
850.25,8.534767893358127e-05
850.5,8.530196011894111e-05
850.75,8.526165142263256e-05
851.0,8.520790345225117e-05
851.25,8.516167806049983e-05
851.5,8.511297724620772e-05
851.75,8.506673958756644e-05
852.0,8.501646834684613e-05
852.25,8.497519822800306e-05
852.5,8.492969744555325e-05
852.75,8.488061951909546e-05
853.0,8.482760399088254e-05
853.25,8.477128713859694e-05
853.5,8.473768943597344e-05
853.75,8.468949781979145e-05
854.0,8.463776885094989e-05
854.25,8.45867437013925e-05
854.5,8.454510563449572e-05
854.75,8.449331569630694e-05
855.0,8.444497789539492e-05
855.25,8.439712381047961e-05
855.5,8.43465424106156e-05
855.75,8.430618761753483e-05
856.0,8.425875869865436e-05
856.25,8.421880006846463e-05
856.5,8.416888123142458e-05
856.75,8.41321366105509e-05
857.0,8.408416665828411e-05
857.25,8.403508538613474e-05
857.5,8.398315141990935e-05
857.75,8.393272421984526e-05
858.0,8.388327235844287e-05
858.25,8.384191512324597e-05
858.5,8.379620898023551e-05
858.75,8.374900632392458e-05
859.0,8.36943467517829e-05
859.25,8.366274729647012e-05
859.5,8.361130774214134e-05
859.75,8.355308416519912e-05
860.0,8.350835822727978e-05
860.25,8.346165502340764e-05
860.5,8.340924202388265e-05
860.75,8.337578064054219e-05
861.0,8.332701275410582e-05
861.25,8.327980594867627e-05
861.5,8.323908910479812e-05
861.75,8.319056805303883e-05
862.0,8.313780983767233e-05
862.25,8.309351838231743e-05
862.5,8.305905821580858e-05
862.75,8.299476186398952e-05
863.0,8.295608221086662e-05
863.25,8.291003913728604e-05
863.5,8.285984501535877e-05
863.75,8.281272526102662e-05
864.0,8.276453714586184e-05
864.25,8.272326989063621e-05
864.5,8.266580106483046e-05
864.75,8.262029645605626e-05
865.0,8.257478301285882e-05
865.25,8.253578708205892e-05
865.5,8.248997392127765e-05
865.75,8.243708783897337e-05
866.0,8.239666164129826e-05
866.25,8.234599467443841e-05
866.5,8.23084819614385e-05
866.75,8.225592528744439e-05
867.0,8.221660144774592e-05
867.25,8.217999510981325e-05
867.5,8.213084816287301e-05
867.75,8.207755759139997e-05
868.0,8.202255109465555e-05
868.25,8.197639660556043e-05
868.5,8.194210585764095e-05
868.75,8.18887595337024e-05
869.0,8.18481907896382e-05
869.25,8.179722807778717e-05
869.5,8.175088495407522e-05
869.75,8.170911484021942e-05
870.0,8.16598849813117e-05
870.25,8.162138064679488e-05
870.5,8.157393294771762e-05
870.75,8.152593398307949e-05
871.0,8.148268357340342e-05
871.25,8.142449118241843e-05
871.5,8.138438867630576e-05
871.75,8.135754302533458e-05
872.0,8.131151917253834e-05
872.25,8.125902207248314e-05
872.5,8.120835747124245e-05
872.75,8.116532674137376e-05
873.0,8.11335936408599e-05
873.25,8.107888891787892e-05
873.5,8.102507472405083e-05
873.75,8.098529396839257e-05
874.0,8.094326373053673e-05
874.25,8.089856011863052e-05
874.5,8.085756611164824e-05
874.75,8.080356024355689e-05
875.0,8.075942923362675e-05
875.25,8.071151126818867e-05
875.5,8.067743106305394e-05
875.75,8.06322112553099e-05
876.0,8.05796087904381e-05
876.25,8.053733576302969e-05
876.5,8.049068870509736e-05
876.75,8.044740016623218e-05
877.0,8.039863287604447e-05
877.25,8.035182479357295e-05
877.5,8.030859254353005e-05
877.75,8.026684028754742e-05
878.0,8.022186440169553e-05
878.25,8.01791380135358e-05
878.5,8.012580523763087e-05
878.75,8.00736415774897e-05
879.0,8.00440009516548e-05
879.25,8.000059675520384e-05
879.5,7.995143991504849e-05
879.75,7.991263536997128e-05
880.0,7.985580423741607e-05
880.25,7.981068205234683e-05
880.5,7.977263050138971e-05
880.75,7.973098784212301e-05
881.0,7.968600789218702e-05
881.25,7.964082308157599e-05
881.5,7.960185359125371e-05
881.75,7.955479540811382e-05
882.0,7.949909737393887e-05
882.25,7.945692999387703e-05
882.5,7.941424605007881e-05
882.75,7.937930975503916e-05
883.0,7.932356428237061e-05
883.25,7.928762063003097e-05
883.5,7.924311707724148e-05
883.75,7.92004822569897e-05
884.0,7.915920646950014e-05
884.25,7.910663479995869e-05
884.5,7.906011932866927e-05
884.75,7.901494303636239e-05
885.0,7.897656903422246e-05
885.25,7.893346796631812e-05
885.5,7.88761004450386e-05
885.75,7.884740166978726e-05
886.0,7.879147802589335e-05
886.25,7.874507757501127e-05
886.5,7.869959922377637e-05
886.75,7.867791589604734e-05
887.0,7.862978375858578e-05
887.25,7.858112176166816e-05
887.5,7.853418074133079e-05
887.75,7.849592825352442e-05
888.0,7.844621439098755e-05
888.25,7.840050857246181e-05
888.5,7.835878808590964e-05
888.75,7.831496174173184e-05
889.0,7.827614384402547e-05
889.25,7.823064697427345e-05
889.5,7.819246145722115e-05
889.75,7.815364283376004e-05
890.0,7.809683469554314e-05
890.25,7.804156867873581e-05
890.5,7.80062607439804e-05
890.75,7.797122592631455e-05
891.0,7.793043936855876e-05
891.25,7.788598651428953e-05
891.5,7.784048523750575e-05
891.75,7.779592517335441e-05
892.0,7.774782668851518e-05
892.25,7.770941723361747e-05
892.5,7.767031652169019e-05
892.75,7.761728570972188e-05
893.0,7.757709726049971e-05
893.25,7.753246260925622e-05
893.5,7.749741469853743e-05
893.75,7.745646284004289e-05
894.0,7.740435040931657e-05
894.25,7.736174280690207e-05
894.5,7.731558056906398e-05
894.75,7.726687258479648e-05
895.0,7.722619925358544e-05
895.25,7.71775526630427e-05
895.5,7.714838151721494e-05
895.75,7.710425928298264e-05
896.0,7.70533569971063e-05
896.25,7.701004157274317e-05
896.5,7.696910285932101e-05
896.75,7.693778041466011e-05
897.0,7.689137107453914e-05
897.25,7.684618893089082e-05
897.5,7.680008784873662e-05
897.75,7.675514056380343e-05
898.0,7.671633755349296e-05
898.25,7.667234408984825e-05
898.5,7.663970256064101e-05
898.75,7.658129130860989e-05
899.0,7.654516547335962e-05
899.25,7.65000284855477e-05
899.5,7.64553916967751e-05
899.75,7.641589860300907e-05
900.0,7.636717627587761e-05
900.25,7.632755447988212e-05
900.5,7.628857572369647e-05
900.75,7.624622828560715e-05
901.0,7.620107114690095e-05
901.25,7.616734548464479e-05
901.5,7.612046365062229e-05
901.75,7.607987404078632e-05
902.0,7.603468630165167e-05
902.25,7.597976397848963e-05
902.5,7.595344130754233e-05
902.75,7.590743123492833e-05
903.0,7.5858486330414e-05
903.25,7.582062181036369e-05
903.5,7.578136094122865e-05
903.75,7.573199868013938e-05
904.0,7.568466687021067e-05
904.25,7.56468788243553e-05
904.5,7.56029931914835e-05
904.75,7.556420891898478e-05
905.0,7.552023577808928e-05
905.25,7.54891887672746e-05
905.5,7.544954893103141e-05
905.75,7.540893801168278e-05
906.0,7.536288543268499e-05
906.25,7.531923548889381e-05
906.5,7.527436394063472e-05
906.75,7.522875477633444e-05
907.0,7.518576690755682e-05
907.25,7.51528373254924e-05
907.5,7.511088062953746e-05
907.75,7.50637695964098e-05
908.0,7.501383513009116e-05
908.25,7.498656921203809e-05
908.5,7.494283372781118e-05
908.75,7.489204162185947e-05
909.0,7.48520041270478e-05
909.25,7.48112564669691e-05
909.5,7.475972284785817e-05
909.75,7.473110333180912e-05
910.0,7.469114991071097e-05
910.25,7.464607012593086e-05
910.5,7.460806567166802e-05
910.75,7.45672464705438e-05
911.0,7.451795089435905e-05
911.25,7.447849852029949e-05
911.5,7.44453992613897e-05
911.75,7.438967274305866e-05
912.0,7.435167283357937e-05
912.25,7.431419362714639e-05
912.5,7.42726354206914e-05
912.75,7.423242097959887e-05
913.0,7.418401074550531e-05
913.25,7.414750396648548e-05
913.5,7.409378937478178e-05
913.75,7.405672047936024e-05
914.0,7.401317737989168e-05
914.25,7.397776132299759e-05
914.5,7.393766383549591e-05
914.75,7.389479647342769e-05
915.0,7.3851718705644e-05
915.25,7.381013575852642e-05
915.5,7.377227966886352e-05
915.75,7.372968347649934e-05
916.0,7.36922434475472e-05
916.25,7.36551494297734e-05
916.5,7.36149419603106e-05
916.75,7.35712585560843e-05
917.0,7.352236479511185e-05
917.25,7.348332466316952e-05
917.5,7.34482534264115e-05
917.75,7.340361447482604e-05
918.0,7.337086356128563e-05
918.25,7.332383530204796e-05
918.5,7.328377712628651e-05
918.75,7.324274664244355e-05
919.0,7.319410314147677e-05
919.25,7.315821252564379e-05
919.5,7.311891242594509e-05
919.75,7.307277217282918e-05
920.0,7.303333894849231e-05
920.25,7.299205434657094e-05
920.5,7.295267368597635e-05
920.75,7.29185788843566e-05
921.0,7.287565724513245e-05
921.25,7.283248596224441e-05
921.5,7.279475670680976e-05
921.75,7.275136226870666e-05
922.0,7.272147714854593e-05
922.25,7.267331798478136e-05
922.5,7.262134253297721e-05
922.75,7.259120975788616e-05
923.0,7.255135370594134e-05
923.25,7.251379075962693e-05
923.5,7.246844411100008e-05
923.75,7.242694341414497e-05
924.0,7.238698499159212e-05
924.25,7.234263704799174e-05
924.5,7.230869547366967e-05
924.75,7.227881313799273e-05
925.0,7.222850347903896e-05
925.25,7.219173414314085e-05
925.5,7.215372823446307e-05
925.75,7.211190372716691e-05
926.0,7.206296791514563e-05
926.25,7.201724088941284e-05
926.5,7.198605891805449e-05
926.75,7.195096259738604e-05
927.0,7.190423284381585e-05
927.25,7.186705973781944e-05
927.5,7.182487999161425e-05
927.75,7.177595527513494e-05
928.0,7.174638821104858e-05
928.25,7.171214925207096e-05
928.5,7.166790607102035e-05
928.75,7.163130535659177e-05
929.0,7.158275604413888e-05
929.25,7.153723595280893e-05
929.5,7.150552889868692e-05
929.75,7.146615156854195e-05
930.0,7.142252888409096e-05
930.25,7.138709920138274e-05
930.5,7.135198279458885e-05
930.75,7.131278766314301e-05
931.0,7.125878130356792e-05
931.25,7.122167051503522e-05
931.5,7.11840920987056e-05
931.75,7.11502579407353e-05
932.0,7.110237577355187e-05
932.25,7.107154747072335e-05
932.5,7.103063679641392e-05
932.75,7.099456150401928e-05
933.0,7.09556756786425e-05
933.25,7.091320223294495e-05
933.5,7.086676413327771e-05
933.75,7.082977149262694e-05
934.0,7.079286714940862e-05
934.25,7.075890977859999e-05
934.5,7.070725403163816e-05
934.75,7.067980454173135e-05
935.0,7.063256867808078e-05
935.25,7.058949851606398e-05
935.5,7.054756792871815e-05
935.75,7.052759286694408e-05
936.0,7.048049381354957e-05
936.25,7.043469260227642e-05
936.5,7.039873301522069e-05
936.75,7.036226173635992e-05
937.0,7.031876968821811e-05
937.25,7.02785930539231e-05
937.5,7.023581999988555e-05
937.75,7.019804409988269e-05
938.0,7.01664149307543e-05
938.25,7.012891905800132e-05
938.5,7.008977040729925e-05
938.75,7.005500519732593e-05
939.0,7.001070900261571e-05
939.25,6.995721092504893e-05
939.5,6.992387074990527e-05
939.75,6.989047177919165e-05
940.0,6.985773788215786e-05
940.25,6.981745618758239e-05
940.5,6.97739828854928e-05
940.75,6.973175166260067e-05
941.0,6.969618138848471e-05
941.25,6.965774521405201e-05
941.5,6.962297388065371e-05
941.75,6.957575545859555e-05
942.0,6.954020536897239e-05
942.25,6.950082362204141e-05
942.5,6.946766680728024e-05
942.75,6.943129143646324e-05
943.0,6.938314216512366e-05
943.25,6.93529023172632e-05
943.5,6.931282510865495e-05
943.75,6.926440253114765e-05
944.0,6.922509594263306e-05
944.25,6.918157836253644e-05
944.5,6.915672774262965e-05
944.75,6.911310646296636e-05
945.0,6.907227315156975e-05
945.25,6.902938912402915e-05
945.5,6.899017025631662e-05
945.75,6.896929311428485e-05
946.0,6.89286954476536e-05
946.25,6.88852724269105e-05
946.5,6.883810858838463e-05
946.75,6.880054733784194e-05
947.0,6.876695586951174e-05
947.25,6.872651448010102e-05
947.5,6.869440824853099e-05
947.75,6.864433749753165e-05
948.0,6.861329972252915e-05
948.25,6.857382832848787e-05
948.5,6.853177368656914e-05
948.75,6.849721660249578e-05
949.0,6.845607642164803e-05
949.25,6.841992024520257e-05
949.5,6.83882101752419e-05
949.75,6.835025566515027e-05
950.0,6.830708703580742e-05
950.25,6.82696061287022e-05
950.5,6.823406178748975e-05
950.75,6.819639538881146e-05
951.0,6.815595704587627e-05
951.25,6.810770201009623e-05
951.5,6.808449693233402e-05
951.75,6.804477257317891e-05
952.0,6.800038612214467e-05
952.25,6.796272546179914e-05
952.5,6.792946215005619e-05
952.75,6.788760582655636e-05
953.0,6.784638421843012e-05
953.25,6.780967143506725e-05
953.5,6.777160376932078e-05
953.75,6.773753334044141e-05
954.0,6.770011202587643e-05
954.25,6.767008347659499e-05
954.5,6.762923355743603e-05
954.75,6.760013706605506e-05
955.0,6.755737722670398e-05
955.25,6.751751125827428e-05
955.5,6.748246236575568e-05
955.75,6.743848181559529e-05
956.0,6.739753980885841e-05
956.25,6.736740233553287e-05
956.5,6.73272436008079e-05
956.75,6.728835373721065e-05
957.0,6.72444725511337e-05
957.25,6.72197245046528e-05
957.5,6.717918931299527e-05
957.75,6.71363368324145e-05
958.0,6.71018177055973e-05
958.25,6.705903148706495e-05
958.5,6.701637063556018e-05
958.75,6.699063362796201e-05
959.0,6.695178453642637e-05
959.25,6.691486091263865e-05
959.5,6.688065163483666e-05
959.75,6.684454066755269e-05
960.0,6.6799544532051e-05
960.25,6.676395083834478e-05
960.5,6.67365448945756e-05
960.75,6.669434061402862e-05
961.0,6.66540593943595e-05
961.25,6.661559341388934e-05
961.5,6.65803894876255e-05
961.75,6.65437612231413e-05
962.0,6.650164677021951e-05
962.25,6.647263120701878e-05
962.5,6.642293429571585e-05
962.75,6.639055427209611e-05
963.0,6.635301201346578e-05
963.25,6.63198508387379e-05
963.5,6.627944602840286e-05
963.75,6.624174284826657e-05
964.0,6.620333022012665e-05
964.25,6.61642071928193e-05
964.5,6.613773511384143e-05
964.75,6.609769678933115e-05
965.0,6.606269958443718e-05
965.25,6.602913230948447e-05
965.5,6.599309391255493e-05
965.75,6.595613117817577e-05
966.0,6.59076481313607e-05
966.25,6.58712920460909e-05
966.5,6.58436642449967e-05
966.75,6.580097223862152e-05
967.0,6.577037247695622e-05
967.25,6.573224284512692e-05
967.5,6.569412463221386e-05
967.75,6.565413807704382e-05
968.0,6.561345064624727e-05
968.25,6.557953357172264e-05
968.5,6.554606867909598e-05
968.75,6.550802200310365e-05
969.0,6.546946313641606e-05
969.25,6.543251124420583e-05
969.5,6.540253143680967e-05
969.75,6.537334373755804e-05
970.0,6.533099415457285e-05
970.25,6.529335403461541e-05
970.5,6.52549962896013e-05
970.75,6.522404953011956e-05
971.0,6.519494708339161e-05
971.25,6.514844495498813e-05
971.5,6.510776521172155e-05
971.75,6.507822953150702e-05
972.0,6.503789855349735e-05
972.25,6.500759920281207e-05
972.5,6.496826230156153e-05
972.75,6.492971785903083e-05
973.0,6.489664942406575e-05
973.25,6.485688997390127e-05
973.5,6.482252066958976e-05
973.75,6.479281458185642e-05
974.0,6.474901149630849e-05
974.25,6.471817665976395e-05
974.5,6.468011025401216e-05
974.75,6.464636516529986e-05
975.0,6.46051774095824e-05
975.25,6.456181135340465e-05
975.5,6.453110080001734e-05
975.75,6.450214272200018e-05
976.0,6.446665093506521e-05
976.25,6.443023929385026e-05
976.5,6.438929877394124e-05
976.75,6.43436375626693e-05
977.0,6.432432902315322e-05
977.25,6.428963923973254e-05
977.5,6.425089485185294e-05
977.75,6.42152066684535e-05
978.0,6.417172340875394e-05
978.25,6.413366353145435e-05
978.5,6.41050318737371e-05
978.75,6.407020416476168e-05
979.0,6.402957559751596e-05
979.25,6.399566805490289e-05
979.5,6.396472699964946e-05
979.75,6.39310339239169e-05
980.0,6.388720412442393e-05
980.25,6.385322669449296e-05
980.5,6.382037641600592e-05
980.75,6.37850544776191e-05
981.0,6.374282598832883e-05
981.25,6.371275869571198e-05
981.5,6.367687281832717e-05
981.75,6.364110558970213e-05
982.0,6.360824455696938e-05
982.25,6.356901794718637e-05
982.5,6.353380344946317e-05
982.75,6.349862122949252e-05
983.0,6.34665350857358e-05
983.25,6.343455688010585e-05
983.5,6.339117505415053e-05
983.75,6.336431627267507e-05
984.0,6.332025025772406e-05
984.25,6.328172057825312e-05
984.5,6.324789670169086e-05
984.75,6.32275923964457e-05
985.0,6.318997728197477e-05
985.25,6.315060148782807e-05
985.5,6.31121101534946e-05
985.75,6.30849443909672e-05
986.0,6.3043527386381e-05
986.25,6.300335964641979e-05
986.5,6.29667700219366e-05
986.75,6.293480149679036e-05
987.0,6.290906889511705e-05
987.25,6.287054838790851e-05
987.5,6.283545836890413e-05
987.75,6.280405818254272e-05
988.0,6.275786419835429e-05
988.25,6.271854948759191e-05
988.5,6.269073575890874e-05
988.75,6.265585713954287e-05
989.0,6.26289863767764e-05
989.25,6.259035017020867e-05
989.5,6.255156439522373e-05
989.75,6.251994972120564e-05
990.0,6.248604175907847e-05
990.25,6.245183209590045e-05
990.5,6.241542757995112e-05
990.75,6.23747343325396e-05
991.0,6.234152461088562e-05
991.25,6.230865296975853e-05
991.5,6.22791675372629e-05
991.75,6.224790477060726e-05
992.0,6.220169562566191e-05
992.25,6.216970097390359e-05
992.5,6.213225524473008e-05
992.75,6.209651628928933e-05
993.0,6.206109841238814e-05
993.25,6.202412022760455e-05
993.5,6.200271976531539e-05
993.75,6.196570641092003e-05
994.0,6.192560224113529e-05
994.25,6.189050944448026e-05
994.5,6.185573513984032e-05
994.75,6.183231588385855e-05
995.0,6.179661114438208e-05
995.25,6.17563594910777e-05
995.5,6.171634336410004e-05
995.75,6.168275373065205e-05
996.0,6.165320565785522e-05
996.25,6.161742428806974e-05
996.5,6.158581158019674e-05
996.75,6.153995304656103e-05
997.0,6.151191818495536e-05
997.25,6.147695351908325e-05
997.5,6.144587600405177e-05
997.75,6.141289712330665e-05
998.0,6.137104873055742e-05
998.25,6.134456378802476e-05
998.5,6.131030871924947e-05
998.75,6.127784007803778e-05
999.0,6.124153464959385e-05
999.25,6.120982361071042e-05
999.5,6.117406647473676e-05
999.75,6.114496694288538e-05
1000.0,6.110902887692964e-05
1000.25,6.106576188456024e-05
1000.5,6.103859639879067e-05
1000.75,6.100318940704047e-05
1001.0,6.096368032618047e-05
1001.25,6.093408179749341e-05
1001.5,6.090255878856605e-05
1001.75,6.08671540247955e-05
1002.0,6.0830752807226216e-05
1002.25,6.079783243049334e-05
1002.5,6.076581306553861e-05
1002.75,6.0729694416597643e-05
1003.0,6.069883096144074e-05
1003.25,6.067191301054691e-05
1003.5,6.0638060953653127e-05
1003.75,6.0608518003060096e-05
1004.0,6.0568335872250124e-05
1004.25,6.053093656458367e-05
1004.5,6.050021424660382e-05
1004.75,6.046172244546158e-05
1005.0,6.0424490756687596e-05
1005.25,6.039353886949481e-05
1005.5,6.03639556939536e-05
1005.75,6.032741570100778e-05
1006.0,6.0285588607363584e-05
1006.25,6.026357563123624e-05
1006.5,6.0227876049651344e-05
1006.75,6.019189421109432e-05
1007.0,6.016439594148174e-05
1007.25,6.0128315966987035e-05
1007.5,6.0089412419464695e-05
1007.75,6.006612987640724e-05
1008.0,6.0032863939538226e-05
1008.25,5.999464177619884e-05
1008.5,5.99638150636287e-05
1008.75,5.9929133691724976e-05
1009.0,5.988975623212946e-05
1009.25,5.986065143723329e-05
1009.5,5.983569234253987e-05
1009.75,5.97904410497031e-05
1010.0,5.975801293129118e-05
1010.25,5.97286062137926e-05
1010.5,5.969262299336609e-05
1010.75,5.965830595989508e-05
1011.0,5.962276871104308e-05
1011.25,5.959495406738475e-05
1011.5,5.955511983567809e-05
1011.75,5.95241065760741e-05
1012.0,5.949170303629143e-05
1012.25,5.945711750359436e-05
1012.5,5.942592847967637e-05
1012.75,5.939242072531037e-05
1013.0,5.9355500121916526e-05
1013.25,5.9326544977468664e-05
1013.5,5.929566996291525e-05
1013.75,5.926012061802799e-05
1014.0,5.9228455474213456e-05
1014.25,5.91998491956026e-05
1014.5,5.916660395524153e-05
1014.75,5.9137304390088106e-05
1015.0,5.909391267289674e-05
1015.25,5.9062052304890736e-05
1015.5,5.903457368686804e-05
1015.75,5.899638454021797e-05
1016.0,5.8970391723206606e-05
1016.25,5.893481251839152e-05
1016.5,5.890094601604456e-05
1016.75,5.887019618827694e-05
1017.0,5.8831867195482944e-05
1017.25,5.880577721723881e-05
1017.5,5.877290751446005e-05
1017.75,5.873532140414137e-05
1018.0,5.8699219540099724e-05
1018.25,5.866659799429117e-05
1018.5,5.863717925217346e-05
1018.75,5.861046592527984e-05
1019.0,5.85788899995181e-05
1019.25,5.854207919509856e-05
1019.5,5.850722534941972e-05
1019.75,5.848000200768729e-05
1020.0,5.845176164194168e-05
1020.25,5.841163165330681e-05
1020.5,5.837282768179741e-05
1020.75,5.8347033916726275e-05
1021.0,5.831635382898912e-05
1021.25,5.8283836528533825e-05
1021.5,5.8253898681941865e-05
1021.75,5.821703630069428e-05
1022.0,5.818505010967763e-05
1022.25,5.815117044626139e-05
1022.5,5.8121922731782646e-05
1022.75,5.8093643832152794e-05
1023.0,5.8055348720963685e-05
1023.25,5.802552599128535e-05
1023.5,5.799290822063119e-05
1023.75,5.7960782231712795e-05
1024.0,5.792610534185798e-05
1024.25,5.788799037684875e-05
1024.5,5.786094182326009e-05
1024.75,5.7832730440693944e-05
1025.0,5.7797985693218313e-05
1025.25,5.776444651761052e-05
1025.5,5.773144179250792e-05
1025.75,5.7695297762585594e-05
1026.0,5.767270034929698e-05
1026.25,5.7643184753908505e-05
1026.5,5.760958305794794e-05
1026.75,5.757837379338767e-05
1027.0,5.753801816955748e-05
1027.25,5.750352007556454e-05
1027.5,5.747769854301773e-05
1027.75,5.744684090805292e-05
1028.0,5.740970879468158e-05
1028.25,5.7379779393611886e-05
1028.5,5.73513933559205e-05
1028.75,5.732208537757515e-05
1029.0,5.7281858023674845e-05
1029.25,5.724905159222568e-05
1029.5,5.72207667498303e-05
1029.75,5.719044197381986e-05
1030.0,5.715217037467511e-05
1030.25,5.713103266773494e-05
1030.5,5.709867910634361e-05
1030.75,5.706758323415324e-05
1031.0,5.7036262069779934e-05
1031.25,5.699989134875885e-05
1031.5,5.696921423010105e-05
1031.75,5.6934021066092786e-05
1032.0,5.6903781686382995e-05
1032.25,5.6876947867339064e-05
1032.5,5.68348737778259e-05
1032.75,5.681256950946644e-05
1033.0,5.677373342702503e-05
1033.25,5.673720501342304e-05
1033.5,5.670769746175265e-05
1033.75,5.669523939452516e-05
1034.0,5.665750292834464e-05
1034.25,5.66239886246516e-05
1034.5,5.659185529626868e-05
1034.75,5.656293676397483e-05
1035.0,5.652960676899933e-05
1035.25,5.6492436835299894e-05
1035.5,5.646003331337468e-05
1035.75,5.642969257532056e-05
1036.0,5.640350254493636e-05
1036.25,5.636885883560138e-05
1036.5,5.6341298078096156e-05
1036.75,5.631775912580294e-05
1037.0,5.627505549755366e-05
1037.25,5.624101885562217e-05
1037.5,5.621433617174554e-05
1037.75,5.6184133687208435e-05
1038.0,5.615223179627319e-05
1038.25,5.611803292627273e-05
1038.5,5.608866395120549e-05
1038.75,5.6060013802772614e-05
1039.0,5.6026730029233376e-05
1039.25,5.599485918072239e-05
1039.5,5.5968233445974855e-05
1039.75,5.592790109185366e-05
1040.0,5.589943531682705e-05
1040.25,5.5869858943919636e-05
1040.5,5.584342990599771e-05
1040.75,5.581594172329325e-05
1041.0,5.577446010485415e-05
1041.25,5.574858793435893e-05
1041.5,5.571823315865193e-05
1041.75,5.56770111153052e-05
1042.0,5.5649569394589016e-05
1042.25,5.561877662566767e-05
1042.5,5.559458964447589e-05
1042.75,5.5561973336878786e-05
1043.0,5.5527013816163497e-05
1043.25,5.549229280717105e-05
1043.5,5.546341609231925e-05
1043.75,5.544317366639444e-05
1044.0,5.5410180655104015e-05
1044.25,5.5378096770440454e-05
1044.5,5.534481131241145e-05
1044.75,5.531294968024528e-05
1045.0,5.5282431457599354e-05
1045.25,5.5250785245945823e-05
1045.5,5.5226024319454195e-05
1045.75,5.5187132504172706e-05
1046.0,5.5161002921621694e-05
1046.25,5.512906444018889e-05
1046.5,5.5094108262230355e-05
1046.75,5.5066493286954555e-05
1047.0,5.5034821692241174e-05
1047.25,5.500860256195755e-05
1047.5,5.497763347334256e-05
1047.75,5.49490951020795e-05
1048.0,5.4914909497492194e-05
1048.25,5.4887452166212247e-05
1048.5,5.4854530063393216e-05
1048.75,5.482617462661921e-05
1049.0,5.479245700643307e-05
1049.25,5.4755818981228856e-05
1049.5,5.473670083310502e-05
1049.75,5.4705107203584814e-05
1050.0,5.467007106660013e-05
1050.25,5.464355081176702e-05
1050.5,5.46152441335839e-05
1050.75,5.4580751854752565e-05
1051.0,5.4546618456884035e-05
1051.25,5.451696962019051e-05
1051.5,5.448622869060523e-05
1051.75,5.44555894887774e-05
1052.0,5.442699925507276e-05
1052.25,5.4401722588216885e-05
1052.5,5.437119565418699e-05
1052.75,5.434409480331825e-05
1053.0,5.4311393854812915e-05
1053.25,5.427775849883455e-05
1053.5,5.425081409183601e-05
1053.75,5.4214479163211373e-05
1054.0,5.418329171960683e-05
1054.25,5.415849453822511e-05
1054.5,5.4127812724042035e-05
1054.75,5.409705934060571e-05
1055.0,5.406233148881182e-05
1055.25,5.404075711944257e-05
1055.5,5.401033968724324e-05
1055.75,5.3973080583351854e-05
1056.0,5.394724231489716e-05
1056.25,5.391838475243106e-05
1056.5,5.3884661519155685e-05
1056.75,5.3862827289394366e-05
1057.0,5.3829683962049536e-05
1057.25,5.379946564833716e-05
1057.5,5.377156090832091e-05
1057.75,5.374214790303939e-05
1058.0,5.3708369424035363e-05
1058.25,5.3679146476924996e-05
1058.5,5.3657214600228766e-05
1058.75,5.362080292121919e-05
1059.0,5.358819837752186e-05
1059.25,5.3558414469829176e-05
1059.5,5.3529415893901324e-05
1059.75,5.349937655605932e-05
1060.0,5.346619532529282e-05
1060.25,5.344138347595332e-05
1060.5,5.340527983096538e-05
1060.75,5.3377978908408497e-05
1061.0,5.3344562241688234e-05
1061.25,5.3320481585778266e-05
1061.5,5.328925915366464e-05
1061.75,5.3257023692675495e-05
1062.0,5.3227217882618405e-05
1062.25,5.319741206763044e-05
1062.5,5.317463633128164e-05
1062.75,5.314109690153971e-05
1063.0,5.31146110679022e-05
1063.25,5.309072452836549e-05
1063.5,5.306038400155839e-05
1063.75,5.3029334676786965e-05
1064.0,5.299383362393304e-05
1064.25,5.2965521131807194e-05
1064.5,5.293793598027631e-05
1064.75,5.2905248451917394e-05
1065.0,5.28821692733022e-05
1065.25,5.2850835440292166e-05
1065.5,5.281581442854203e-05
1065.75,5.2790355183141214e-05
1066.0,5.27573476512041e-05
1066.25,5.27290212944012e-05
1066.5,5.270194103379491e-05
1066.75,5.267058676585061e-05
1067.0,5.264097039385509e-05
1067.25,5.261206254662854e-05
1067.5,5.2584404001214525e-05
1067.75,5.256029763607124e-05
1068.0,5.2529788455847024e-05
1068.25,5.249774474315454e-05
1068.5,5.246799543279591e-05
1068.75,5.243896899534852e-05
1069.0,5.241808030767851e-05
1069.25,5.2383355858862224e-05
1069.5,5.234475657297992e-05
1069.75,5.2322924531825166e-05
1070.0,5.229507519925324e-05
1070.25,5.2269745384271515e-05
1070.5,5.2238715237321555e-05
1070.75,5.2207718633996694e-05
1071.0,5.2180315673791155e-05
1071.25,5.2149172971203284e-05
1071.5,5.211962411481663e-05
1071.75,5.2096467292944015e-05
1072.0,5.20641866787608e-05
1072.25,5.203739411650564e-05
1072.5,5.200634889572364e-05
1072.75,5.198073815199629e-05
1073.0,5.19463334250038e-05
1073.25,5.191319897693061e-05
1073.5,5.188881557631414e-05
1073.75,5.186366072809266e-05
1074.0,5.183255727533793e-05
1074.25,5.180808927446462e-05
1074.5,5.1775534068280314e-05
1074.75,5.1741825705973984e-05
1075.0,5.1720324497161596e-05
1075.25,5.169252043612163e-05
1075.5,5.166283007384299e-05
1075.75,5.16339178568829e-05
1076.0,5.159775465479387e-05
1076.25,5.156527296406557e-05
1076.5,5.1543857073907774e-05
1076.75,5.151667947686666e-05
1077.0,5.14861751953813e-05
1077.25,5.146319035131998e-05
1077.5,5.1437857490921194e-05
1077.75,5.140647752815801e-05
1078.0,5.1367677120159806e-05
1078.25,5.134244164172208e-05
1078.5,5.1314665314845456e-05
1078.75,5.128810391351135e-05
1079.0,5.125729726507649e-05
1079.25,5.123577585954904e-05
1079.5,5.120752709255365e-05
1079.75,5.1178378632633625e-05
1080.0,5.115170615712974e-05
1080.25,5.1118213250240865e-05
1080.5,5.108834619469929e-05
1080.75,5.106007177724453e-05
1081.0,5.1036111822740436e-05
1081.25,5.100910270124862e-05
1081.5,5.0969546978562e-05
1081.75,5.094983958406656e-05
1082.0,5.091643336114176e-05
1082.25,5.088600388625337e-05
1082.5,5.085660702579623e-05
1082.75,5.0840385500687776e-05
1083.0,5.081067877646516e-05
1083.25,5.077928906226925e-05
1083.5,5.075099796320609e-05
1083.75,5.072567222994461e-05
1084.0,5.069290417608018e-05
1084.25,5.0661178891856984e-05
1084.5,5.063161354071575e-05
1084.75,5.0604923170143254e-05
1085.0,5.058339915369177e-05
1085.25,5.0554884579911284e-05
1085.5,5.05300242244995e-05
1085.75,5.05036655894629e-05
1086.0,5.046783626231921e-05
1086.25,5.0434213578549925e-05
1086.5,5.041065607761044e-05
1086.75,5.038489646222193e-05
1087.0,5.036157880220248e-05
1087.25,5.033306211405914e-05
1087.5,5.030276429816298e-05
1087.75,5.027356178365947e-05
1088.0,5.0245533318129274e-05
1088.25,5.021797774762607e-05
1088.5,5.0192418953160755e-05
1088.75,5.015745162385963e-05
1089.0,5.013289718164093e-05
1089.25,5.010731689409826e-05
1089.5,5.008288300587739e-05
1089.75,5.0058257958551276e-05
1090.0,5.002476434340125e-05
1090.25,4.999818513666374e-05
1090.5,4.99655919345076e-05
1090.75,4.993428324073961e-05
1091.0,4.990873609424021e-05
1091.25,4.987635078901564e-05
1091.5,4.9860533963115694e-05
1091.75,4.983094460930843e-05
1092.0,4.9797256488270867e-05
1092.25,4.9770709335917416e-05
1092.5,4.9742829693803495e-05
1092.75,4.972517390299163e-05
1093.0,4.9693555175229465e-05
1093.25,4.9660711597646384e-05
1093.5,4.963118979150331e-05
1093.75,4.960393608446202e-05
1094.0,4.957817498708322e-05
1094.25,4.955333503240494e-05
1094.5,4.9529551242640726e-05
1094.75,4.949275969355732e-05
1095.0,4.946766080751062e-05
1095.25,4.94390698404897e-05
1095.5,4.941228070842112e-05
1095.75,4.9388974530587144e-05
1096.0,4.935568781338391e-05
1096.25,4.9329090286749676e-05
1096.5,4.9304316545727375e-05
1096.75,4.928035851456704e-05
1097.0,4.925064097680051e-05
1097.25,4.9223050941164054e-05
1097.5,4.9198133471874536e-05
1097.75,4.917116248331162e-05
1098.0,4.913817237309848e-05
1098.25,4.9107424626102356e-05
1098.5,4.908958322550783e-05
1098.75,4.906227042968439e-05
1099.0,4.903009618650294e-05
1099.25,4.900196170897518e-05
1099.5,4.897795355342301e-05
1099.75,4.894769452149727e-05
1100.0,4.892119205784151e-05
1100.25,4.88937389458736e-05
1100.5,4.886443772441511e-05
1100.75,4.8841714981993196e-05
1101.0,4.881389406781504e-05
1101.25,4.878953090916438e-05
1101.5,4.8761655936814985e-05
1101.75,4.874202605283192e-05
1102.0,4.8711883079364484e-05
1102.25,4.868435959639595e-05
1102.5,4.8655708076241e-05
1102.75,4.86232753284326e-05
1103.0,4.8596155762708145e-05
1103.25,4.8570500494001824e-05
1103.5,4.854411089951196e-05
1103.75,4.8518735581287035e-05
1104.0,4.84857462157398e-05
1104.25,4.846593213529844e-05
1104.5,4.843857493977488e-05
1104.75,4.840889261954905e-05
1105.0,4.8384730923649754e-05
1105.25,4.835832405710713e-05
1105.5,4.832634284847442e-05
1105.75,4.830729098230428e-05
1106.0,4.827954199348832e-05
1106.25,4.8252438215674805e-05
1106.5,4.822925953372355e-05
1106.75,4.819826466802255e-05
1107.0,4.816940398769236e-05
1107.25,4.8145197966472236e-05
1107.5,4.8121222758691825e-05
1107.75,4.808617993302619e-05
1108.0,4.806043862509358e-05
1108.25,4.803506910267894e-05
1108.5,4.8010243711176934e-05
1108.75,4.7983740804399084e-05
1109.0,4.795374949773327e-05
1109.25,4.793119488616272e-05
1109.5,4.789797133708912e-05
1109.75,4.787073559455498e-05
1110.0,4.78435513510231e-05
1110.25,4.78221178360877e-05
1110.5,4.7798369544782584e-05
1110.75,4.77692730188139e-05
1111.0,4.7740085611528826e-05
1111.25,4.7713217822933426e-05
1111.5,4.7688095404569e-05
1111.75,4.766012304154465e-05
1112.0,4.763953194741208e-05
1112.25,4.761841829689023e-05
1112.5,4.758743677699356e-05
1112.75,4.7560999284032914e-05
1113.0,4.753203697360476e-05
1113.25,4.7503410826857914e-05
1113.5,4.7480011832445776e-05
1113.75,4.7452506655911906e-05
1114.0,4.7431357801660865e-05
1114.25,4.740060749296289e-05
1114.5,4.737124578396703e-05
1114.75,4.7348728519482995e-05
1115.0,4.731896968117572e-05
1115.25,4.729571612104802e-05
1115.5,4.726866751912041e-05
1115.75,4.724057828010227e-05
1116.0,4.721884443829876e-05
1116.25,4.718837068068503e-05
1116.5,4.7164745831311225e-05
1116.75,4.7141374955229e-05
1117.0,4.711405246744553e-05
1117.25,4.708555308822555e-05
1117.5,4.705729925698025e-05
1117.75,4.7036391295638505e-05
1118.0,4.701638639111672e-05
1118.25,4.698310774224072e-05
1118.5,4.6952545452859414e-05
1118.75,4.693301400651682e-05
1119.0,4.6907407394978704e-05
1119.25,4.688243847009075e-05
1119.5,4.685255743948299e-05
1119.75,4.682765121718853e-05
1120.0,4.680064191016836e-05
1120.25,4.6770707963601705e-05
1120.5,4.675087834687496e-05
1120.75,4.672800195373007e-05
1121.0,4.66967031585964e-05
1121.25,4.667258654188413e-05
1121.5,4.664639370038492e-05
1121.75,4.6619016663942885e-05
1122.0,4.659106035382642e-05
1122.25,4.6564855843929536e-05
1122.5,4.654205511328301e-05
1122.75,4.652031835759936e-05
1123.0,4.649169103462324e-05
1123.25,4.6465266943111445e-05
1123.5,4.6436345090062084e-05
1123.75,4.640740452844876e-05
1124.0,4.638957852026848e-05
1124.25,4.636656859858704e-05
1124.5,4.63383457415636e-05
1124.75,4.631447446772604e-05
1125.0,4.62801559986466e-05
1125.25,4.6253537740017004e-05
1125.5,4.623187698676203e-05
1125.75,4.6208487899527896e-05
1126.0,4.617940675496415e-05
1126.25,4.6156760397730096e-05
1126.5,4.613507599736884e-05
1126.75,4.611106181974449e-05
1127.0,4.607691924827273e-05
1127.25,4.6050911316930726e-05
1127.5,4.602676914786929e-05
1127.75,4.600479640938084e-05
1128.0,4.59723868856486e-05
1128.25,4.5952804948327506e-05
1128.5,4.5927623596603665e-05
1128.75,4.590463960367608e-05
1129.0,4.5879732102532906e-05
1129.25,4.585045669768314e-05
1129.5,4.582453134860116e-05
1129.75,4.5798593894065224e-05
1130.0,4.5775753655007076e-05
1130.25,4.575223632846845e-05
1130.5,4.571673464399e-05
1130.75,4.5700804733582925e-05
1131.0,4.5671665390710945e-05
1131.25,4.564567175201849e-05
1131.5,4.5617773562487816e-05
1131.75,4.560387915837576e-05
1132.0,4.5578169733854714e-05
1132.25,4.5548709785995365e-05
1132.5,4.55226819686314e-05
1132.75,4.550196075335899e-05
1133.0,4.547079160272543e-05
1133.25,4.544344725521086e-05
1133.5,4.5417600680811476e-05
1133.75,4.539360761790321e-05
1134.0,4.537587181114061e-05
1134.25,4.5348904764884344e-05
1134.5,4.532453199287841e-05
1134.75,4.5304518571344766e-05
1135.0,4.526950800803973e-05
1135.25,4.523861924961088e-05
1135.5,4.5216070854267984e-05
1135.75,4.519469270106721e-05
1136.0,4.517294222085069e-05
1136.25,4.514705520571484e-05
1136.5,4.512100658118321e-05
1136.75,4.509757129376708e-05
1137.0,4.5072320232452255e-05
1137.25,4.504599540581806e-05
1137.5,4.50228663624336e-05
1137.75,4.499276864507367e-05
1138.0,4.497033653175709e-05
1138.25,4.494461907588953e-05
1138.5,4.492409815818152e-05
1138.75,4.490319389824066e-05
1139.0,4.487118170014098e-05
1139.25,4.4847197558210025e-05
1139.5,4.482073585539797e-05
1139.75,4.479313907857785e-05
1140.0,4.4766942622521486e-05
1140.25,4.473935775332257e-05
1140.5,4.472441066571833e-05
1140.75,4.4696877423564523e-05
1141.0,4.466892282609645e-05
1141.25,4.4645054502976646e-05
1141.5,4.4617712458443766e-05
1141.75,4.4602393647596735e-05
1142.0,4.457685599404059e-05
1142.25,4.454794943885724e-05
1142.5,4.4524490172915775e-05
1142.75,4.449696074079311e-05
1143.0,4.447470951169479e-05
1143.25,4.444821670643817e-05
1143.5,4.442988027984223e-05
1143.75,4.439639110254508e-05
1144.0,4.437511772329307e-05
1144.25,4.434756627656671e-05
1144.5,4.43232029040705e-05
1144.75,4.4304112299051244e-05
1145.0,4.427453544550192e-05
1145.25,4.425373344244451e-05
1145.5,4.4230119581044606e-05
1145.75,4.4206138968671596e-05
1146.0,4.417966269769579e-05
1146.25,4.4158455636190066e-05
1146.5,4.4133395178593624e-05
1146.75,4.4108420059013376e-05
1147.0,4.408309314657692e-05
1147.25,4.4054265840917004e-05
1147.5,4.403618098696586e-05
1147.75,4.400916750032464e-05
1148.0,4.398228617667303e-05
1148.25,4.3957316687368094e-05
1148.5,4.3935511872882383e-05
1148.75,4.390987563384232e-05
1149.0,4.388351561015221e-05
1149.25,4.386102271206719e-05
1149.5,4.38367419803914e-05
1149.75,4.381311963207855e-05
1150.0,4.37872078301964e-05
1150.25,4.3767235146062035e-05
1150.5,4.3740940030229924e-05
1150.75,4.372452966255003e-05
1151.0,4.369599656989284e-05
1151.25,4.3671288226509624e-05
1151.5,4.364559655796234e-05
1151.75,4.361683318085881e-05
1152.0,4.3590879914448556e-05
1152.25,4.357329821649163e-05
1152.5,4.354940406843116e-05
1152.75,4.352294245146365e-05
1153.0,4.349782258635375e-05
1153.25,4.348060074527298e-05
1153.5,4.345627849506273e-05
1153.75,4.3426801881222306e-05
1154.0,4.3403205954969846e-05
1154.25,4.33787194545947e-05
1154.5,4.335055691428272e-05
1154.75,4.333252588914417e-05
1155.0,4.330925283319504e-05
1155.25,4.3287113490169926e-05
1155.5,4.326390668232247e-05
1155.75,4.323864121263973e-05
1156.0,4.3211601375033555e-05
1156.25,4.31874520338218e-05
1156.5,4.316808817504197e-05
1156.75,4.3137834433762915e-05
1157.0,4.3116234683044094e-05
1157.25,4.3093289494171604e-05
1157.5,4.307123542247953e-05
1157.75,4.304395184242414e-05
1158.0,4.3017703828919054e-05
1158.25,4.299730655540896e-05
1158.5,4.2968275499713394e-05
1158.75,4.2941591525865075e-05
1159.0,4.29205280437812e-05
1159.25,4.289979530520308e-05
1159.5,4.2875712944786675e-05
1159.75,4.2851510674067093e-05
1160.0,4.282832824565602e-05
1160.25,4.280386490621603e-05
1160.5,4.278215860020862e-05
1160.75,4.275628192806538e-05
1161.0,4.2733791501034594e-05
1161.25,4.2715428945977194e-05
1161.5,4.269227827767482e-05
1161.75,4.2664892482923045e-05
1162.0,4.2637910936655567e-05
1162.25,4.261757864189034e-05
1162.5,4.2595770520026724e-05
1162.75,4.257040348046364e-05
1163.0,4.2549367818457274e-05
1163.25,4.252396370297707e-05
1163.5,4.2498892136988374e-05
1163.75,4.247848122570019e-05
1164.0,4.244850084468859e-05
1164.25,4.242891541289306e-05
1164.5,4.240244025112897e-05
1164.75,4.2379537468841726e-05
1165.0,4.235771597463259e-05
1165.25,4.233316503627413e-05
1165.5,4.231457611732975e-05
1165.75,4.229121730696131e-05
1166.0,4.22655637221235e-05
1166.25,4.223993108624766e-05
1166.5,4.221818041332451e-05
1166.75,4.21968663826511e-05
1167.0,4.217844506464393e-05
1167.25,4.2149866240699606e-05
1167.5,4.2121751748691114e-05
1167.75,4.210234972516339e-05
1168.0,4.208009402512155e-05
1168.25,4.205734349743401e-05
1168.5,4.20330243039793e-05
1168.75,4.200818729935514e-05
1169.0,4.1987031104598284e-05
1169.25,4.1960843465590644e-05
1169.5,4.193773742677545e-05
1169.75,4.192076515399253e-05
1170.0,4.189120530654554e-05
1170.25,4.1870991152015006e-05
1170.5,4.185072757217334e-05
1170.75,4.182638453982822e-05
1171.0,4.180119525990099e-05
1171.25,4.177388688483078e-05
1171.5,4.175315039704861e-05
1171.75,4.173185496395041e-05
1172.0,4.170767390555511e-05
1172.25,4.168491133874303e-05
1172.5,4.165848703562673e-05
1172.75,4.1633092711300374e-05
1173.0,4.16167718124485e-05
1173.25,4.1596680093124686e-05
1173.5,4.157233394228648e-05
1173.75,4.154915498183326e-05
1174.0,4.152404901852694e-05
1174.25,4.1495498595737175e-05
1174.5,4.147834113101151e-05
1174.75,4.145877085340474e-05
1175.0,4.143046567349815e-05
1175.25,4.141042261498922e-05
1175.5,4.1388782307406705e-05
1175.75,4.136724414865957e-05
1176.0,4.133766332915607e-05
1176.25,4.131517728825011e-05
1176.5,4.129106190522551e-05
1176.75,4.1271845914690134e-05
1177.0,4.1244759377162436e-05
1177.25,4.122904175690832e-05
1177.5,4.1206396575867704e-05
1177.75,4.1181253171062616e-05
1178.0,4.116068051976716e-05
1178.25,4.113435217742092e-05
1178.5,4.1110522556605576e-05
1178.75,4.108876029774236e-05
1179.0,4.106615596378787e-05
1179.25,4.1046302032567074e-05
1179.5,4.101511479851011e-05
1179.75,4.10009101971171e-05
1180.0,4.0974496025723884e-05
1180.25,4.094965222019207e-05
1180.5,4.092720740465362e-05
1180.75,4.091279300595212e-05
1181.0,4.088757540372062e-05
1181.25,4.086204104126171e-05
1181.5,4.083907010778678e-05
1181.75,4.082231666508978e-05
1182.0,4.0792480702629156e-05
1182.25,4.07700808980814e-05
1182.5,4.074493006829509e-05
1182.75,4.0724399250176754e-05
1183.0,4.0707175838873405e-05
1183.25,4.068491600159929e-05
1183.5,4.066264817141681e-05
1183.75,4.064476582570966e-05
1184.0,4.0613282118407126e-05
1184.25,4.058635927529496e-05
1184.5,4.056695662159944e-05
1184.75,4.0547451034955346e-05
1185.0,4.0528940701039304e-05
1185.25,4.0505222418097706e-05
1185.5,4.048227580045887e-05
1185.75,4.045955925633737e-05
1186.0,4.043546092301387e-05
1186.25,4.041343026537225e-05
1186.5,4.039456024125413e-05
1186.75,4.0365763584326456e-05
1187.0,4.034761145178549e-05
1187.25,4.0325322624679025e-05
1187.5,4.030585494936572e-05
1187.75,4.028418313637436e-05
1188.0,4.0257986852201435e-05
1188.25,4.0236801199304464e-05
1188.5,4.021243179989845e-05
1188.75,4.01877933792153e-05
1189.0,4.0166770208686564e-05
1189.25,4.014178027663095e-05
1189.5,4.012642077775705e-05
1189.75,4.010132553003581e-05
1190.0,4.00772281693537e-05
1190.25,4.005483496826108e-05
1190.5,4.0032068935588987e-05
1190.75,4.001638252959523e-05
1191.0,3.999356935867541e-05
1191.25,3.996895175286001e-05
1191.5,3.994671433275968e-05
1191.75,3.9923258557150446e-05
1192.0,3.990334522112366e-05
1192.25,3.9877852072853644e-05
1192.5,3.98622024949405e-05
1192.75,3.983392915145759e-05
1193.0,3.981390161957485e-05
1193.25,3.978999928878224e-05
1193.5,3.976892413076956e-05
1193.75,3.974800749760093e-05
1194.0,3.972258073488208e-05
1194.25,3.9705651481849885e-05
1194.5,3.968437866257333e-05
1194.75,3.966166596017918e-05
1195.0,3.964701556957434e-05
