method,rate_total,seed,t_fail,node,w_e,gap_next,gap_prev,lb_max,w_clip_floor,w_full,gmax_pre,egap_pre,alive_pre,gmax_peak,t_peak_rel,gmax_first,alive_first,gap_rad_first,floor_first,gap_rad_peak,alive_peak,arc_peak_m,geom_floor,n_concurrent,peak_late,m_nvals,m_shift,m_unstable,isolated,rel_floor,at_floor,above_floor,below_floor,range_aa,c_hops,fd_timeout
baseline,12.0,0,52.600000000000506,22,1.5,8.0,27.20000000000053,1.0123528684788872,False,True,1.0563682105866647,0.0395290827445092,24.0,1.8133304069023743,0.24999999999862865,1.8133304069023743,23.0,0.4953691725961295,1.9130434782608696,0.4953691725961295,23.0,9.90738345192259,1.9130434782608696,0,False,2,-1.0,False,True,0.9478772581535139,False,False,True,8.4,1.608872490863482,0.25
baseline,12.0,0,66.80000000000048,2,1.5,5.09999999999971,6.199999999999974,0.9923359141855909,False,True,1.0354809539327905,0.042979828394918,24.0,1.8429746394170283,0.2999999999978513,1.8429746394170283,23.0,0.5034674424299856,1.9130434782608696,0.5034674424299856,23.0,10.069348848599713,1.9130434782608696,0,False,2,-1.0,False,True,0.963373106967992,False,False,True,8.4,1.608872490863482,0.25
baseline,12.0,0,71.90000000000019,15,1.5,2.90000000000029,5.09999999999971,1.112152870606019,False,True,1.1627052738153836,0.0548027366960018,23.0,1.8661320893952889,0.2999999999978513,1.8661320893952889,22.0,0.5329660784247645,1.9090909090909092,0.5329660784247645,22.0,10.65932156849529,1.9090909090909092,0,False,2,-1.0,False,True,0.977497761111818,False,False,True,8.4,1.608872490863482,0.25
baseline,12.0,0,75.39999999999999,24,1.5,3.099999999999824,0.5999999999995111,1.1776966249374596,False,True,1.2312282897073443,0.1570333870430541,23.0,1.4598713520698976,0.4499999999978428,1.4576502974079248,22.0,0.416303951439974,1.9090909090909092,0.4169382831680899,22.0,8.338765663361798,1.9090909090909092,1,False,2,-1.0,False,False,0.7646945177508987,False,False,True,8.4,1.608872490863482,0.25
baseline,12.0,0,78.49999999999982,5,0.6,0.10000000000002274,3.099999999999824,1.035218580250587,True,False,1.0845147031196627,0.0510924797604299,22.0,1.8599402483056453,0.2999999999978513,1.8599402483056453,21.0,0.5564928209707611,1.9047619047619047,0.5564928209707611,21.0,11.129856419415223,1.9047619047619047,1,False,3,-1.0,True,False,0.9764686303604638,False,False,True,8.4,1.608872490863482,0.25
baseline,12.0,0,78.59999999999984,21,1.3000000000003524,1.3000000000003524,0.10000000000002274,1.030308171711524,False,False,1.079370465602549,0.0497325223960831,22.0,1.8599402483056453,0.19999999999782858,1.8599402483056453,21.0,0.5564928209707611,1.9047619047619047,0.5564928209707611,21.0,11.129856419415223,1.9047619047619047,1,False,3,-1.0,True,False,0.9764686303604638,False,False,True,8.4,1.608872490863482,0.25
baseline,12.0,0,85.29999999999943,12,1.2000000000003865,1.2000000000003865,1.8999999999994373,1.1042532735678863,False,False,1.1568367627854046,0.1181967386697496,22.0,1.759782083986115,0.3499999999978485,1.7576933907331975,21.0,0.5259006327229283,1.9047619047619047,0.52652556828283,21.0,10.5305113656566,1.9047619047619047,0,False,2,-1.0,False,True,0.9238855940927104,False,False,True,8.4,1.608872490863482,0.25
baseline,12.0,0,101.89999999999849,8,1.5,2.6999999999998323,8.599999999999042,0.9905418404969851,False,True,1.0336088770403322,0.0221944094830104,24.0,1.9706727821652952,0.34999999999783427,1.97061163197722,23.0,0.5383355674868024,1.9130434782608696,0.5383522726156391,23.0,10.767045452312782,1.9130434782608696,0,False,2,-1.0,False,True,1.0301244088591315,False,True,False,8.4,1.608872490863482,0.25
baseline,12.0,0,104.59999999999832,23,1.3999999999999204,1.3999999999999204,2.6999999999998323,1.3694484544263938,False,False,1.4316961114457754,0.1420861004869338,23.0,1.776689577755925,0.29999999999786553,1.776689577755925,22.0,0.5074213568352333,1.9090909090909092,0.5074213568352333,22.0,10.148427136704665,1.9090909090909092,0,False,2,-1.0,False,True,0.930646921681675,False,False,True,8.4,1.608872490863482,0.25
baseline,12.0,0,105.99999999999824,7,1.5,3.9000000000002473,1.3999999999999204,1.1612660895981086,False,True,1.216564474817066,0.1029822269307908,22.0,2.060315430445735,0.39999999999785985,2.05884278019021,21.0,0.6160043193468523,1.9047619047619047,0.6164449352729537,21.0,12.328898705459075,1.9047619047619047,0,False,2,-1.0,False,True,1.081665600984011,False,True,False,8.4,1.608872490863482,0.25
baseline,12.0,0,112.69999999999833,23,1.299999999999912,1.299999999999912,0.10000000000000853,1.1818540521767722,False,False,1.2355746909120802,0.1763481697691725,23.0,1.2336991526711696,0.09999999999739373,1.1794966586227855,22.0,0.3368634579693683,1.9090909090909092,0.3370243647627564,23.0,6.740487295255128,1.9130434782608696,1,False,2,0.0,True,False,0.6448881934417477,False,False,True,8.4,1.608872490863482,0.25
baseline,12.0,0,115.19999999999764,22,1.5,5.500000000000682,1.199999999999406,1.100402306151164,False,True,1.150420592794399,0.1345182627408637,23.0,2.0677684374902445,0.2999999999979366,2.0677684374902445,22.0,0.5905532847767452,1.9090909090909092,0.5905532847767452,22.0,11.811065695534904,1.9090909090909092,0,False,2,-1.0,False,True,1.083116800590128,False,True,False,8.4,1.608872490863482,0.25
baseline,12.0,0,121.59999999999737,25,1.5,1.6000000000002785,0.8999999999990393,1.1588156884901941,False,True,1.211489128876112,0.1606927106348016,23.0,2.1931856890649324,0.2999999999978513,2.192260727569316,22.0,0.6261081996804707,1.9090909090909092,0.6263723680658781,22.0,12.527447361317563,1.9090909090909092,1,False,2,-1.0,False,False,1.1488115514149646,False,True,False,8.4,1.608872490863482,0.25
baseline,12.0,0,134.29999999999666,20,1.5,6.100000000000108,4.6999999999993065,1.0389534021080702,False,True,1.0841252891562472,0.0638506975660541,24.0,1.9516739483396095,0.29999999999969873,1.9515787498796453,23.0,0.5331361272629431,1.9130434782608696,0.5331621337657655,23.0,10.66324267531531,1.9130434782608696,0,False,2,-1.0,False,True,1.0201932002684322,False,True,False,8.4,1.608872490863482,0.25
baseline,12.0,0,140.39999999999677,2,0.8999999999999488,0.8999999999999488,6.100000000000108,1.0917348480729492,False,False,1.1413591593489922,0.06611514212545,23.0,1.7270057644885035,0.3000000000009777,1.7266827493232422,22.0,0.4931394400321931,1.9090909090909092,0.4932316929476643,22.0,9.864633858953285,1.9090909090909092,0,False,2,-1.0,False,True,0.9046220671130256,False,False,True,8.4,1.608872490863482,0.25
baseline,12.0,0,141.29999999999671,8,0.9999999999999432,0.9999999999999432,0.8999999999999488,1.4533836197249375,False,False,1.522592363521363,0.1248563339830104,22.0,1.805397968726821,0.25000000000122213,1.805397968726821,21.0,0.5401738090817254,1.9047619047619047,0.5401738090817254,21.0,10.803476181634508,1.9047619047619047,1,False,2,-1.0,False,False,0.9478339335815811,False,False,True,8.4,1.608872490863482,0.25
baseline,12.0,0,142.8999999999962,19,1.5,5.500000000000568,0.5999999999995396,1.2973823757305345,False,True,1.35916248886056,0.2037281988691748,22.0,1.5357912413264925,0.20000000000209184,1.5357912413264925,21.0,0.4595076648760816,1.9047619047619047,0.4595076648760816,21.0,9.190153297521631,1.9047619047619047,1,False,2,-1.0,False,False,0.8062904016964086,False,False,True,8.4,1.608872490863482,0.25
B2,12.0,0,52.600000000000506,22,1.5,8.0,27.20000000000053,0.9750561478360757,False,True,1.017449893394166,0.0121764638464853,24.0,1.9449748555787816,0.24999999999862865,1.9449748555787816,23.0,0.5313320624089712,1.9130434782608696,0.5313320624089712,23.0,10.626641248179425,1.9130434782608696,0,False,2,-1.0,False,True,1.0166914017798176,True,False,False,8.4,1.608872490863482,0.25
B2,12.0,0,66.80000000000048,2,1.5,5.09999999999971,6.199999999999974,1.0684991878694428,False,True,1.114955674298549,0.0646972536796804,24.0,2.0256760715833497,0.2999999999978513,2.0256760715833497,23.0,0.5533781795685986,1.9130434782608696,0.5533781795685986,23.0,11.067563591371972,1.9130434782608696,0,False,2,-1.0,False,True,1.05887612832766,False,True,False,8.4,1.608872490863482,0.25
B2,12.0,0,71.90000000000019,15,1.5,2.90000000000029,5.09999999999971,1.4695628143496333,False,True,1.5363611240927983,0.2067720950897015,23.0,1.6175043596925556,0.2999999999978513,1.6175043596925556,22.0,0.461958164869054,1.9090909090909092,0.461958164869054,22.0,9.23916329738108,1.9090909090909092,0,False,2,-1.0,False,True,0.8472641884103862,False,False,True,8.4,1.608872490863482,0.25
B2,12.0,0,75.39999999999999,24,1.5,3.099999999999824,0.5999999999995111,1.3075163109787844,False,True,1.3669488705687292,0.1879322783270935,23.0,2.050962416325686,0.2999999999978513,2.050962416325686,22.0,0.5857534963561406,1.9090909090909092,0.5857534963561406,22.0,11.715069927122812,1.9090909090909092,1,False,2,-1.0,False,False,1.074313646646788,False,True,False,8.4,1.608872490863482,0.25
B2,12.0,0,78.49999999999982,5,0.6,0.10000000000002274,3.099999999999824,1.4516484296696444,True,False,1.520774545368199,0.2068764913604824,22.0,2.309389851313632,0.4499999999978428,1.8646895058006163,21.0,0.5579137954903999,1.9047619047619047,0.725516219116173,20.0,14.51032438232346,1.9,1,False,3,-2.0,True,False,1.2154683427966484,False,True,False,8.4,1.608872490863482,0.25
B2,12.0,0,78.59999999999984,21,1.3000000000003524,1.3000000000003524,0.10000000000002274,1.4815282746444671,False,False,1.5520772401037275,0.2123016771825226,22.0,2.309389851313632,0.34999999999782005,1.8646895058006163,21.0,0.5579137954903999,1.9047619047619047,0.725516219116173,20.0,14.51032438232346,1.9,1,False,3,-2.0,True,False,1.2154683427966484,False,True,False,8.4,1.608872490863482,0.25
B2,12.0,0,85.29999999999943,12,1.2000000000003865,1.2000000000003865,1.8999999999994373,1.4421503040907038,False,False,1.510824128095023,0.256515904674848,22.0,1.5848471424139372,0.199999999997857,1.5346943795907833,21.0,0.4591794846121857,1.9047619047619047,0.452631285424582,22.0,9.05262570849164,1.9090909090909092,0,False,2,0.0,True,True,0.830158026978729,False,False,True,8.4,1.608872490863482,0.25
B2,12.0,0,101.89999999999849,8,1.5,2.6999999999998323,8.599999999999042,1.1085731686382754,False,True,1.1567720020573309,0.0932994119704022,24.0,1.773025128412124,0.2999999999978513,1.773025128412124,23.0,0.4843584972217067,1.9130434782608696,0.4843584972217067,23.0,9.687169944434133,1.9130434782608696,0,False,2,-1.0,False,True,0.926808589851792,False,False,True,8.4,1.608872490863482,0.25
B2,12.0,0,104.59999999999832,23,1.3999999999999204,1.3999999999999204,2.6999999999998323,1.2535807605306961,False,False,1.3105617041911823,0.117228226747308,23.0,2.0410271550996324,0.29999999999786553,2.0410271550996324,22.0,0.5829159923852982,1.9090909090909092,0.5829159923852982,22.0,11.658319847705965,1.9090909090909092,0,False,2,-1.0,False,True,1.0691094621950454,False,True,False,8.4,1.608872490863482,0.25
B2,12.0,0,105.99999999999824,7,1.5,3.9000000000002473,1.3999999999999204,1.2884426107516307,False,True,1.3497970207874228,0.1568456037244441,22.0,2.1013219151831843,0.39999999999785985,2.096319002702198,21.0,0.6272171789018959,1.9047619047619047,0.6287140468158787,21.0,12.574280936317574,1.9047619047619047,0,False,2,-1.0,False,True,1.1031940054711717,False,True,False,8.4,1.608872490863482,0.25
B2,12.0,0,112.69999999999833,23,1.299999999999912,1.299999999999912,0.10000000000000853,1.391388953450298,False,False,1.4546339058798567,0.3074838023231412,23.0,1.4636246863897324,1.299999999997354,1.3997698165468888,22.0,0.399773324761858,1.9090909090909092,0.4180102329431499,22.0,8.360204658862997,1.9090909090909092,1,True,2,-1.0,False,False,0.7666605500136693,False,False,True,8.4,1.608872490863482,0.25
B2,12.0,0,115.19999999999764,22,1.5,5.500000000000682,1.199999999999406,1.4730671410687466,False,True,1.5400247383900534,0.2833040993353704,23.0,1.5866412369681655,0.2999999999979366,1.5866412369681655,22.0,0.4531436776310737,1.9090909090909092,0.4531436776310737,22.0,9.062873552621474,1.9090909090909092,0,False,2,-1.0,False,True,0.8310977907928485,False,False,True,8.4,1.608872490863482,0.25
B2,12.0,0,121.59999999999737,25,1.5,1.6000000000002785,0.8999999999990393,1.6855163792278711,False,True,1.7621307601018652,0.3185955692828304,23.0,2.4681460449248283,0.24999999999785416,2.4681460449248283,22.0,0.7049008620656858,1.9090909090909092,0.7049008620656858,22.0,14.098017241313716,1.9090909090909092,1,False,2,-1.0,False,False,1.2928384044844339,False,True,False,8.4,1.608872490863482,0.25
B2,12.0,0,134.29999999999666,20,1.5,6.100000000000108,4.6999999999993065,1.4401835397993707,False,True,1.5028002154428215,0.2575675282345535,24.0,1.5131869955591832,0.199999999999676,1.4501375374108838,23.0,0.3961514290630283,1.9130434782608696,0.3961514290630283,24.0,7.923028581260566,1.9166666666666667,0,False,2,0.0,True,True,0.7894888672482695,False,False,True,8.4,1.608872490863482,0.25
B2,12.0,0,140.39999999999677,2,0.8999999999999488,0.8999999999999488,6.100000000000108,1.3380230770476274,False,False,1.3988423078225196,0.2312799585069003,23.0,1.6787075589207794,0.25000000000096634,1.6787075589207794,22.0,0.4794377576937432,1.9090909090909092,0.4794377576937432,22.0,9.588755153874864,1.9090909090909092,0,False,2,-1.0,False,True,0.8793230070537416,False,False,True,8.4,1.608872490863482,0.25
B2,12.0,0,141.29999999999671,8,0.9999999999999432,0.9999999999999432,0.8999999999999488,1.401431587209423,False,False,1.468166424695586,0.2351651430833093,22.0,2.4081370697694844,0.25000000000122213,2.4081370697694844,21.0,0.7205129264023871,1.9047619047619047,0.7205129264023871,21.0,14.410258528047741,1.9047619047619047,1,False,2,-1.0,False,False,1.2642719616289795,False,True,False,8.4,1.608872490863482,0.25
B2,12.0,0,142.8999999999962,19,1.5,5.500000000000568,0.5999999999995396,1.6200326742595257,False,True,1.697177087319503,0.3484285761265555,22.0,1.7198315384643657,0.15000000000208047,1.6570322753786104,21.0,0.495782897437202,1.9047619047619047,0.4911827387865166,22.0,9.823654775730331,1.9090909090909092,1,False,2,0.0,True,False,0.90086413919562,False,False,True,8.4,1.608872490863482,0.25
baseline,12.0,1,24.100000000000072,18,0.6,0.40000000000000924,inf,0.9589854667192371,True,False,1.000680487011378,0.0004089484962435,24.0,1.9163955702471285,0.25000000000013856,1.916392070302604,23.0,0.5235237608226431,1.9130434782608696,0.5235247169443826,23.0,10.470494338887653,1.9130434782608696,1,False,2,-1.0,False,False,1.001752229901908,True,False,False,8.4,1.608872490863482,0.25
baseline,12.0,1,24.50000000000008,13,0.6,0.40000000000000213,0.40000000000000924,1.830869343561707,True,False,1.9140906773599664,0.194885421748466,23.0,1.899259508451317,1.3145040611561853e-13,1.8343235065904293,22.0,0.5238815684192328,1.9090909090909092,0.5188434538270625,23.0,10.37686907654125,1.9130434782608696,2,False,2,0.0,True,False,0.9927947430540975,True,False,False,8.4,1.608872490863482,0.25
baseline,12.0,1,24.900000000000084,7,1.5,3.2000000000000455,0.40000000000000213,1.742533192011075,False,True,1.8255109630592212,0.2415882664531307,22.0,1.8179138799891863,1.3500311979441904e-13,1.7502760654476035,21.0,0.5236813741870705,1.9047619047619047,0.5191949900211767,22.0,10.383899800423535,1.9090909090909092,2,False,2,0.0,True,False,0.9522406038038594,False,False,True,8.4,1.608872490863482,0.25
baseline,12.0,1,28.10000000000013,19,1.5,3.999999999999943,3.2000000000000455,1.2065545681237608,False,True,1.2668822965299489,0.1141586428634088,21.0,1.9298127999422257,0.25000000000013856,1.9252252391006643,20.0,0.60482734676643,1.9,0.6062685715102045,20.0,12.12537143020409,1.9,0,False,2,-1.0,False,True,1.0156909473380136,True,False,False,8.4,1.608872490863482,0.25
baseline,12.0,1,34.30000000000022,24,1.5,1.799999999999912,1.4000000000001336,1.2080180387847625,False,True,1.2629279496386154,0.1441790488689246,23.0,2.168126447324657,0.3499999999999517,2.1663271993406075,22.0,0.6187016013382003,1.9090909090909092,0.6192154653608073,22.0,12.384309307216146,1.9090909090909092,0,False,2,-1.0,False,True,1.1356852819319632,False,True,False,8.4,1.608872490863482,0.25
baseline,12.0,1,36.80000000000025,5,1.5,1.900000000000027,0.7000000000001236,1.5640393829127033,False,True,1.635132082136008,0.2444783644347469,23.0,1.7478885163581954,0.34999999999977405,1.7456944417541225,22.0,0.4985691666933896,1.9090909090909092,0.4991957929349881,22.0,9.983915858699762,1.9090909090909092,1,False,2,-1.0,False,False,0.9155606514257214,False,False,True,8.4,1.608872490863482,0.25
baseline,12.0,1,38.70000000000028,4,1.4999999999999076,1.4999999999999076,1.900000000000027,1.5468302031554713,False,False,1.6204887842581126,0.211706944355874,22.0,2.392439744853434,0.2999999999996419,2.392439744853434,21.0,0.7158162977702656,1.9047619047619047,0.7158162977702656,21.0,14.316325955405311,1.9047619047619047,0,False,2,-1.0,False,True,1.256030866048053,False,True,False,8.4,1.608872490863482,0.25
baseline,12.0,1,40.20000000000019,7,0.6,0.20000000000011653,1.4999999999999076,1.4767347351368862,True,False,1.5505714718937305,0.2280781942297422,21.0,2.637237584911299,0.44999999999964047,2.565110449206066,20.0,0.805853214287219,1.9,0.8285126222528225,20.0,16.57025244505645,1.9,2,False,3,-1.0,True,False,1.3880197815322626,False,True,False,8.4,1.608872490863482,0.25
baseline,12.0,1,40.400000000000304,14,0.6,0.30000000000000426,0.20000000000011653,1.5758534477910804,True,False,1.6546461201806344,0.2314962751071224,21.0,2.637237584911299,0.24999999999952394,2.565110449206066,20.0,0.805853214287219,1.9,0.8285126222528225,20.0,16.57025244505645,1.9,2,False,3,-1.0,True,False,1.3880197815322626,False,True,False,8.4,1.608872490863482,0.25
baseline,12.0,1,40.70000000000031,17,1.5,1.599999999999909,0.30000000000000426,2.3667229971741732,False,True,2.498207608128294,0.4288274441475785,19.0,2.522094421526802,0.04999999999951399,2.3667106061719108,18.0,0.8261378503914134,1.8888888888888888,0.8340414006661474,19.0,16.680828013322948,1.894736842105263,2,False,2,0.0,True,False,1.3311053891391456,False,True,False,8.4,1.608872490863482,0.25
baseline,12.0,1,55.80000000000052,15,1.5,5.10000000000008,7.100000000000215,1.0756680023890233,False,True,1.1224361764059374,0.0803579123118343,24.0,1.9543217712636871,0.29999999999842686,1.9543217712636871,23.0,0.5338854712480514,1.9130434782608696,0.5338854712480514,23.0,10.677709424961028,1.9130434782608696,0,False,2,-1.0,False,True,1.0215772895242001,False,True,False,8.4,1.608872490863482,0.25
baseline,12.0,1,60.9000000000006,23,1.5,2.8999999999999204,5.10000000000008,1.1931634896333958,False,True,1.247398193707641,0.0997753991642166,23.0,1.925544342844005,0.2999999999980574,1.925544342844005,22.0,0.5499341783309193,1.9090909090909092,0.5499341783309193,22.0,10.998683566618386,1.9090909090909092,0,False,2,-1.0,False,True,1.0086184652992407,True,False,False,8.4,1.608872490863482,0.25
baseline,12.0,1,64.10000000000063,3,1.499999999999801,1.499999999999801,0.30000000000011084,1.2931502174171094,False,False,1.3519297727542507,0.1887973153257637,23.0,1.7955747259154209,0.3499999999978485,1.7935957527773143,22.0,0.5122497491304605,1.9090909090909092,0.5128149425370356,22.0,10.256298850740713,1.9090909090909092,1,False,2,-1.0,False,False,0.9405391421461728,False,False,True,8.4,1.608872490863482,0.25
baseline,12.0,1,65.60000000000043,13,1.5,3.3000000000001677,1.499999999999801,1.4001937776303708,False,True,1.4668696718032457,0.1664486583221754,22.0,1.7430087589720895,0.24999999999796785,1.7430087589720895,21.0,0.5215070011742267,1.9047619047619047,0.5215070011742267,21.0,10.430140023484533,1.9047619047619047,0,False,2,-1.0,False,True,0.915079598460347,False,False,True,8.4,1.608872490863482,0.25
baseline,12.0,1,69.20000000000034,21,0.8999999999999488,0.8999999999999488,0.29999999999974136,1.164859323428537,False,False,1.2203288150203722,0.1437335676862028,22.0,2.121247551027326,0.2999999999978513,2.121247551027326,21.0,0.634675783119313,1.9047619047619047,0.634675783119313,21.0,12.693515662386261,1.9047619047619047,1,False,2,-1.0,False,False,1.113654964289346,False,True,False,8.4,1.608872490863482,0.25
baseline,12.0,1,70.10000000000029,11,1.5,2.000000000000341,0.8999999999999488,1.7737967497897535,False,True,1.862486587279241,0.2143803193369148,21.0,1.8475537412766407,0.2999999999978513,1.8475537412766407,20.0,0.5804261260707033,1.9,0.5804261260707033,20.0,11.608522521414066,1.9,1,False,2,-1.0,False,False,0.9723967059350741,False,False,True,8.4,1.608872490863482,0.25
baseline,12.0,1,76.59999999999981,14,0.6000000000005343,0.6000000000005343,2.9999999999993747,1.2055977394275514,False,False,1.263007155590768,0.1212920721436505,22.0,1.752019943680638,0.299999999997965,1.752019943680638,21.0,0.5242031413342758,1.9047619047619047,0.5242031413342758,21.0,10.484062826685516,1.9047619047619047,0,False,2,-1.0,False,True,0.919810470432335,False,False,True,8.4,1.608872490863482,0.25
baseline,12.0,1,82.8999999999998,23,1.5,1.7000000000000028,4.799999999999514,1.1746702218366274,False,True,1.2280643228292014,0.071356767087725,23.0,1.7553417485555418,0.24999999999761258,1.7553417485555418,22.0,0.5013244310728684,1.9090909090909092,0.5013244310728684,22.0,10.026488621457368,1.9090909090909092,0,False,2,-1.0,False,True,0.9194647254338552,False,False,True,8.4,1.608872490863482,0.25
baseline,12.0,1,89.59999999999964,21,1.3000000000001677,1.3000000000001677,4.9999999999998295,1.0663273943121303,False,False,1.114796821326318,0.0772992858642872,23.0,2.10131988888756,0.29999999999739657,2.10131988888756,22.0,0.600135556888298,1.9090909090909092,0.600135556888298,22.0,12.00271113776596,1.9090909090909092,0,False,2,-1.0,False,True,1.1006913703696743,False,True,False,8.4,1.608872490863482,0.25
baseline,12.0,1,94.09999999999891,9,1.5,2.4999999999998863,3.1999999999991076,1.298728011694671,False,True,1.3577611031353378,0.1043627845477093,23.0,1.7935909829999104,0.3499999999978627,1.7932014725403194,22.0,0.512137142958097,1.9090909090909092,0.5122483868852195,22.0,10.244967737704389,1.9090909090909092,0,False,2,-1.0,False,True,0.9395000387142387,False,False,True,8.4,1.608872490863482,0.25
baseline,12.0,1,96.5999999999988,8,1.0000000000008384,1.0000000000008384,2.4999999999998863,1.277361700414881,False,False,1.3381884480536848,0.1174776006200496,22.0,1.995575805929088,0.2999999999978371,1.995575805929088,21.0,0.5970748849131766,1.9047619047619047,0.5970748849131766,21.0,11.941497698263532,1.9047619047619047,0,False,2,-1.0,False,True,1.0476772981127713,False,True,False,8.4,1.608872490863482,0.25
baseline,12.0,1,99.99999999999837,7,0.6,0.20000000000067075,2.3999999999987267,1.4739147871089635,True,False,1.5441012055427237,0.1824709010968113,22.0,2.149087983052125,0.4999999999980673,1.9802141694433169,21.0,0.5924786940245275,1.9047619047619047,0.6751559019474662,20.0,13.503118038949324,1.9,1,False,3,-2.0,True,False,1.1310989384484869,False,True,False,8.4,1.608872490863482,0.25
baseline,12.0,1,100.19999999999904,11,1.5,1.8999999999998778,0.20000000000067075,1.4368423295695516,False,True,1.5052633928823873,0.1780033753523647,22.0,2.149087983052125,0.29999999999739657,1.9802141694433169,21.0,0.5924786940245275,1.9047619047619047,0.6751559019474662,20.0,13.503118038949324,1.9,1,False,3,-2.0,True,False,1.1310989384484869,False,True,False,8.4,1.608872490863482,0.25
baseline,12.0,1,103.69999999999928,21,0.8999999999995225,0.8999999999995225,1.6000000000003638,1.6067341425989132,False,False,1.687070849728859,0.2317244730097636,21.0,1.6852074606854974,0.049999999996956035,1.5708183010927517,20.0,0.4934871234837388,1.9,0.5042128931680256,21.0,10.084257863360513,1.9047619047619047,0,False,2,0.0,True,True,0.8847339168598862,False,False,True,8.4,1.608872490863482,0.25
baseline,12.0,1,106.49999999999812,4,1.5,1.5000000000002416,1.8999999999993236,1.4636400396952016,False,True,1.5368220416799616,0.1857294689778131,21.0,2.019883760345319,0.34999999999796216,2.018523822877582,20.0,0.6341379613048197,1.9,0.634565198260618,20.0,12.69130396521236,1.9,0,False,2,-1.0,False,True,1.0630967159712206,False,True,False,8.4,1.608872490863482,0.25
baseline,12.0,1,114.499999999998,7,0.6999999999997186,0.6999999999997186,2.799999999998718,1.1453002358408952,False,False,1.1973593374700269,0.1226096060568198,23.0,1.793842412571252,0.39999999999760405,,,,,0.4900454039157944,23.0,9.800908078315887,1.9130434782608696,1,False,2,0.0,True,False,0.9376903520258817,False,False,True,8.4,1.608872490863482,0.25
baseline,12.0,1,115.19999999999771,22,1.5,7.300000000000281,0.6999999999995907,1.6371523872917917,False,True,1.711568404895964,0.2266880082932549,23.0,1.9577024973871384,0.3499999999978627,1.9563646932229573,22.0,0.5587364498156084,1.9090909090909092,0.5591185257914386,22.0,11.182370515828772,1.9090909090909092,2,False,2,-1.0,False,False,1.0254632129170724,False,True,False,8.4,1.608872490863482,0.25
baseline,12.0,1,133.69999999999737,7,1.5,8.0,10.499999999999659,1.0190971021979276,False,True,1.063405671858707,0.0471387635715663,24.0,1.7799786702100169,0.2499999999988347,1.7799786702100169,23.0,0.4862580794676798,1.9130434782608696,0.4862580794676798,23.0,9.725161589353595,1.9130434782608696,0,False,2,-1.0,False,True,0.9304433957915997,False,False,True,8.4,1.608872490863482,0.25
B2,12.0,1,24.100000000000072,18,0.6,0.40000000000000924,inf,0.9589854667192371,True,False,1.000680487011378,0.0004089484962435,24.0,1.9163955702471285,0.25000000000013856,1.916392070302604,23.0,0.5235237608226431,1.9130434782608696,0.5235247169443826,23.0,10.470494338887653,1.9130434782608696,1,False,2,-1.0,False,False,1.001752229901908,True,False,False,8.4,1.608872490863482,0.25
B2,12.0,1,24.50000000000008,13,0.6,0.40000000000000213,0.40000000000000924,1.830869343561707,True,False,1.9140906773599664,0.194885421748466,23.0,1.899259508451317,1.3145040611561853e-13,1.8343235065904293,22.0,0.5238815684192328,1.9090909090909092,0.5188434538270625,23.0,10.37686907654125,1.9130434782608696,2,False,2,0.0,True,False,0.9927947430540975,True,False,False,8.4,1.608872490863482,0.25
B2,12.0,1,24.900000000000084,7,1.5,3.2000000000000455,0.40000000000000213,1.742533192011075,False,True,1.8255109630592212,0.2415882664531307,22.0,1.8179138799891863,1.3500311979441904e-13,1.7502760654476035,21.0,0.5236813741870705,1.9047619047619047,0.5191949900211767,22.0,10.383899800423535,1.9090909090909092,2,False,2,0.0,True,False,0.9522406038038594,False,False,True,8.4,1.608872490863482,0.25
B2,12.0,1,28.10000000000013,19,1.5,3.999999999999943,3.2000000000000455,1.2006384269177364,False,True,1.2606703482636232,0.1257027928370416,21.0,1.8911490348068267,0.25000000000013856,1.888937933399044,20.0,0.5934273534653522,1.9,0.5941219914592555,20.0,11.88243982918511,1.9,0,False,2,-1.0,False,True,0.995341597266751,True,False,False,8.4,1.608872490863482,0.25
B2,12.0,1,34.30000000000022,24,1.5,1.799999999999912,1.4000000000001336,1.3859851712953182,False,True,1.4489844972632873,0.1970030930738535,23.0,1.841743488426086,0.2999999999999545,1.841743488426086,22.0,0.5260007102760209,1.9090909090909092,0.5260007102760209,22.0,10.520014205520418,1.9090909090909092,0,False,2,-1.0,False,True,0.9647227796517592,False,False,True,8.4,1.608872490863482,0.25
B2,12.0,1,36.80000000000025,5,1.5,1.900000000000027,0.7000000000001236,1.443072399652677,False,True,1.5086665996368895,0.235496556645799,23.0,1.5039664925376672,0.049999999999798206,1.4995408379971926,22.0,0.4282678618554421,1.9090909090909092,0.4108565290610038,23.0,8.217130581220076,1.9130434782608696,1,False,2,0.0,True,False,0.7861643029174169,False,False,True,8.4,1.608872490863482,0.25
B2,12.0,1,38.70000000000028,4,1.4999999999999076,1.4999999999999076,1.900000000000027,1.1750229706274253,False,False,1.2309764454192074,0.1434990185340937,22.0,1.765872275246576,0.34999999999963904,1.764995176104328,21.0,0.5280853217972172,1.9047619047619047,0.5283477492469082,21.0,10.566954984938164,1.9047619047619047,0,False,2,-1.0,False,True,0.9270829445044525,False,False,True,8.4,1.608872490863482,0.25
B2,12.0,1,40.20000000000019,7,0.6,0.20000000000011653,1.4999999999999076,1.2144457937491073,True,False,1.2751680834365626,0.1178677618908645,21.0,2.1443881286685675,0.44999999999964047,2.091039121085207,20.0,0.6569193141170144,1.9,0.6736793991470336,20.0,13.473587982940671,1.9,2,False,3,-1.0,True,False,1.1286253308781935,False,True,False,8.4,1.608872490863482,0.25
B2,12.0,1,40.400000000000304,14,0.6,0.30000000000000426,0.20000000000011653,1.255733285176128,True,False,1.3185199494349344,0.1313319965444668,21.0,2.1443881286685675,0.24999999999952394,2.091039121085207,20.0,0.6569193141170144,1.9,0.6736793991470336,20.0,13.473587982940671,1.9,2,False,3,-1.0,True,False,1.1286253308781935,False,True,False,8.4,1.608872490863482,0.25
B2,12.0,1,40.70000000000031,17,1.5,1.599999999999909,0.30000000000000426,1.9249475879333788,False,True,2.0318891205963445,0.3710885248996853,19.0,2.040044741770413,0.04999999999951399,1.9099931326650104,18.0,0.6667133771097058,1.8888888888888888,0.6746304814463597,19.0,13.492609628927195,1.894736842105263,2,False,2,0.0,True,False,1.0766902803788292,False,True,False,8.4,1.608872490863482,0.25
B2,12.0,1,55.80000000000052,15,1.5,5.10000000000008,7.100000000000215,1.68320030904789,False,True,1.7563829311804071,0.3532946482765897,24.0,2.624977512607961,0.29999999999842686,2.624977512607961,23.0,0.7170965277780503,1.9130434782608696,0.7170965277780503,23.0,14.341930555561007,1.9130434782608696,0,False,2,-1.0,False,True,1.3721473361359795,False,True,False,8.4,1.608872490863482,0.25
B2,12.0,1,60.9000000000006,23,1.5,2.8999999999999204,5.10000000000008,1.5338484466889803,False,True,1.6035688306293885,0.3038805516977201,23.0,1.6655441517209066,0.19999999999806306,1.650858112541478,22.0,0.4714839744072199,1.9090909090909092,0.454996632284856,23.0,9.09993264569712,1.9130434782608696,0,False,2,0.0,True,True,0.8706253520359284,False,False,True,8.4,1.608872490863482,0.25
B2,12.0,1,64.10000000000063,3,1.499999999999801,1.499999999999801,0.30000000000011084,1.4759555676241305,False,False,1.543044457061591,0.2817384343129926,23.0,1.4895486335315429,0.04999999999786553,1.3722886448641516,22.0,0.3919247204827192,1.9090909090909092,0.4069178299362965,23.0,8.13835659872593,1.9130434782608696,1,False,2,0.0,True,False,0.7786276948005793,False,False,True,8.4,1.608872490863482,0.25
B2,12.0,1,65.60000000000043,13,1.5,3.3000000000001677,1.499999999999801,1.4057707453578037,False,True,1.472712209422461,0.2247509884440689,22.0,2.160357987359834,0.24999999999796785,2.160357987359834,21.0,0.6463775983060653,1.9047619047619047,0.6463775983060653,21.0,12.927551966121307,1.9047619047619047,0,False,2,-1.0,False,True,1.134187943363913,False,True,False,8.4,1.608872490863482,0.25
B2,12.0,1,69.20000000000034,21,0.8999999999999488,0.8999999999999488,0.29999999999974136,1.4914708378093793,False,False,1.562493258657445,0.2751393849200323,22.0,2.4332416722543684,0.2999999999978513,2.4332416722543684,21.0,0.7280242059012254,1.9047619047619047,0.7280242059012254,21.0,14.560484118024508,1.9047619047619047,1,False,2,-1.0,False,False,1.2774518779335435,False,True,False,8.4,1.608872490863482,0.25
B2,12.0,1,70.10000000000029,11,1.5,2.000000000000341,0.8999999999999488,1.9692353366856978,False,True,2.0676971035199827,0.3198449110548877,21.0,1.994904664566291,0.04999999999786553,1.8935677112383296,20.0,0.5948818410701175,1.9,0.5968740798869971,21.0,11.937481597739943,1.9047619047619047,1,False,2,0.0,True,False,1.0473249488973029,False,True,False,8.4,1.608872490863482,0.25
B2,12.0,1,76.59999999999981,14,0.6000000000005343,0.6000000000005343,2.9999999999993747,1.5431815368930868,False,False,1.6166663719832337,0.2427675350454597,22.0,2.250465852192676,0.5499999999979508,2.229127837127335,21.0,0.6669534892411182,1.9047619047619047,0.6733378084193529,21.0,13.466756168387057,1.9047619047619047,0,True,2,-1.0,False,True,1.181494572401155,False,True,False,8.4,1.608872490863482,0.25
B2,12.0,1,82.8999999999998,23,1.5,1.7000000000000028,4.799999999999514,1.566314619936758,False,True,1.6375107390247925,0.3063157763967309,23.0,1.6508694604429823,0.19999999999761542,1.6005582692007712,22.0,0.4571183727421397,1.9090909090909092,0.4509877712142103,23.0,9.019755424284206,1.9130434782608696,0,False,2,0.0,True,True,0.8629544906861044,False,False,True,8.4,1.608872490863482,0.25
B2,12.0,1,89.59999999999964,21,1.3000000000001677,1.3000000000001677,4.9999999999998295,1.4931568682114607,False,False,1.5610276349483454,0.2410707458930993,23.0,2.2672439164783222,0.3999999999973909,2.2601634223177176,22.0,0.6455011639514279,1.9090909090909092,0.6475233483549498,22.0,12.950466967098997,1.9090909090909092,0,False,2,-1.0,False,True,1.1876039562505496,False,True,False,8.4,1.608872490863482,0.25
B2,12.0,1,94.09999999999891,9,1.5,2.4999999999998863,3.1999999999991076,1.6152778052625718,False,True,1.6886995236835978,0.3016500945377346,23.0,1.6858341946543354,0.04999999999787974,1.5464918078695098,22.0,0.4416770274945136,1.9090909090909092,0.4605395061823065,23.0,9.21079012364613,1.9130434782608696,0,False,2,0.0,True,True,0.8812315108420389,False,False,True,8.4,1.608872490863482,0.25
B2,12.0,1,96.5999999999988,8,1.0000000000008384,1.0000000000008384,2.4999999999998863,1.5264665684073757,False,False,1.599155452617251,0.2400621095104598,22.0,1.8099472665217544,0.2999999999978371,1.8099472665217544,21.0,0.5415349557990163,1.9047619047619047,0.5415349557990163,21.0,10.830699115980327,1.9047619047619047,0,False,2,-1.0,False,True,0.9502223149239212,False,False,True,8.4,1.608872490863482,0.25
B2,12.0,1,99.99999999999837,7,0.6,0.20000000000067075,2.3999999999987267,1.3550652231681994,True,False,1.4195921385571613,0.245791413315158,22.0,1.9017215590984275,0.5999999999980759,1.7396731835352843,21.0,0.5205089993372969,1.9047619047619047,0.5974434479236947,20.0,11.948868958473895,1.9,1,True,3,-2.0,True,False,1.0009060837360146,True,False,False,8.4,1.608872490863482,0.25
B2,12.0,1,100.19999999999904,11,1.5,1.8999999999998778,0.20000000000067075,1.3361792715902037,False,True,1.399806855951642,0.2380903289345261,22.0,1.9130876294216317,0.44999999999738804,1.7396731835352843,21.0,0.5205089993372969,1.9047619047619047,0.601014204226451,20.0,12.02028408452902,1.9,1,False,3,-2.0,True,False,1.0068882260113852,True,False,False,8.4,1.608872490863482,0.25
B2,12.0,1,103.69999999999928,21,0.8999999999995225,0.8999999999995225,1.6000000000003638,1.6350508292275643,False,False,1.7168033706889425,0.2810535210417107,21.0,1.852067420467,0.24999999999695888,1.852067420467,20.0,0.5818441402092125,1.9,0.5818441402092125,20.0,11.63688280418425,1.9,0,False,2,-1.0,False,True,0.974772326561579,False,False,True,8.4,1.608872490863482,0.25
B2,12.0,1,106.49999999999812,4,1.5,1.5000000000002416,1.8999999999993236,1.5473404317336399,False,True,1.6247074533203216,0.2937247659148675,21.0,1.9621982915979264,0.999999999997911,1.6754688286062964,20.0,0.5263640563268237,1.9,0.6164427737770488,20.0,12.328855475540976,1.9,0,False,2,-1.0,False,True,1.032735942946277,False,True,False,8.4,1.608872490863482,0.25
B2,12.0,1,114.499999999998,7,0.6999999999997186,0.6999999999997186,2.799999999998718,1.26676056336376,False,False,1.3243405889712034,0.2163239127773937,23.0,1.4381620681183878,0.2499999999976268,,,,,0.3928799467714983,23.0,7.857598935429966,1.9130434782608696,1,False,2,0.0,True,False,0.7517665356073391,False,False,True,8.4,1.608872490863482,0.25
B2,12.0,1,115.19999999999771,22,1.5,7.300000000000281,0.6999999999995907,1.3318898121268326,False,True,1.3924302581325978,0.2632341412668818,23.0,2.146870089577235,0.3499999999978627,2.146274047667553,22.0,0.6129744346129833,1.9090909090909092,0.6131446637843183,22.0,12.262893275686366,1.9090909090909092,2,False,2,-1.0,False,False,1.124550999302361,False,True,False,8.4,1.608872490863482,0.25
B2,12.0,1,133.69999999999737,7,1.5,8.0,10.499999999999659,1.6061705660803047,False,True,1.6760040689533615,0.3506527257741446,24.0,1.7115440187612465,0.19999999999882334,1.6413578608069537,23.0,0.448389373688955,1.9130434782608696,0.4480811763029901,24.0,8.961623526059801,1.9166666666666667,0,False,2,0.0,True,True,0.892979488049346,False,False,True,8.4,1.608872490863482,0.25
baseline,12.0,2,38.70000000000028,20,1.5,1.6000000000000227,22.300000000000296,0.9681965888623898,False,True,1.010292092725972,0.0084128351437933,24.0,1.8958395886994504,0.2999999999996419,1.8958395886994504,23.0,0.5179091934124251,1.9130434782608696,0.5179091934124251,23.0,10.358183868248503,1.9130434782608696,0,False,2,-1.0,False,True,0.9910070577292581,True,False,False,8.4,1.608872490863482,0.25
baseline,12.0,2,40.3000000000003,25,1.5,6.399999999999977,1.6000000000000227,1.2969441225195064,False,True,1.3558961280885748,0.1094739387302239,23.0,1.8196918902874075,0.2999999999995282,1.8196918902874075,22.0,0.5197027885748948,1.9090909090909092,0.5197027885748948,22.0,10.394055771497897,1.9090909090909092,0,False,2,-1.0,False,True,0.9531719425314992,False,False,True,8.4,1.608872490863482,0.25
baseline,12.0,2,49.30000000000043,23,0.9000000000000128,0.9000000000000128,1.000000000000128,1.0970937881225442,False,False,1.1447935180409157,0.1157574336537664,24.0,2.0993558018300624,0.2999999999988887,2.0993558018300624,23.0,0.573506153417429,1.9130434782608696,0.573506153417429,23.0,11.470123068348581,1.9130434782608696,0,False,2,-1.0,False,True,1.0973905327748052,False,True,False,8.4,1.608872490863482,0.25
baseline,12.0,2,50.20000000000044,14,1.5,4.300000000000054,0.9000000000000128,1.6508617391392206,False,True,1.7259009091000943,0.1654267845097627,23.0,1.9059081195933567,0.29999999999882476,1.9059081195933567,22.0,0.5443260860846935,1.9090909090909092,0.5443260860846935,22.0,10.88652172169387,1.9090909090909092,1,False,2,-1.0,False,False,0.998332824548901,True,False,False,8.4,1.608872490863482,0.25
baseline,12.0,2,54.5000000000005,12,1.5,2.799999999999933,4.300000000000054,1.0922050745044756,False,True,1.1442148399570695,0.069911921620915,22.0,2.030250219834641,0.29999999999852633,2.030250219834641,21.0,0.6074494452934829,1.9047619047619047,0.6074494452934829,21.0,12.148988905869658,1.9047619047619047,0,False,2,-1.0,False,True,1.0658813654131865,False,True,False,8.4,1.608872490863482,0.25
baseline,12.0,2,58.10000000000056,18,0.6,0.09999999999988063,0.8000000000001322,1.37614081691771,True,False,1.4416713320090295,0.202480283115007,22.0,2.067343323373564,0.29999999999825633,,,,,0.5904318724689359,22.0,11.808637449378718,1.9090909090909092,2,False,2,0.0,True,False,1.0828941217671049,False,True,False,8.4,1.608872490863482,0.25
baseline,12.0,2,59.00000000000057,7,1.5,3.0999999999999304,0.8000000000001251,1.7728192013419326,False,True,1.857239163310596,0.2998126415857937,22.0,1.8540494481948824,0.3999999999981938,1.8536421592411696,21.0,0.5546084371291791,1.9047619047619047,0.5547302976991668,21.0,11.094605953983336,1.9047619047619047,2,False,2,-1.0,False,False,0.9733759603023133,False,False,True,8.4,1.608872490863482,0.25
baseline,12.0,2,62.1000000000005,23,0.6,0.3999999999999986,3.0999999999999304,1.4266913376185357,True,False,1.4980259044994626,0.194980028919412,21.0,1.611062731150212,0.49999999999808153,1.5414667226610566,20.0,0.484266053166511,1.9,0.48202884196703,21.0,9.6405768393406,1.9047619047619047,1,False,2,0.0,True,False,0.8458079338538613,False,False,True,8.4,1.608872490863482,0.25
baseline,12.0,2,65.30000000000057,17,0.7999999999999972,0.7999999999999972,2.800000000000068,1.2187378786776573,False,False,1.27967477261154,0.1071213279261643,21.0,1.933455202782611,0.2999999999978513,1.933455202782611,20.0,0.6074128661106815,1.9,0.6074128661106815,20.0,12.14825732221363,1.9,0,False,2,-1.0,False,True,1.0176080014645321,True,False,False,8.4,1.608872490863482,0.25
baseline,12.0,2,66.3000000000004,12,0.6,0.29999999999998295,0.1999999999998323,1.507279833490902,True,False,1.582643825165447,0.2429937856849316,21.0,2.2583074222419404,0.599999999997948,1.7777836679445829,20.0,0.5585072110886617,1.9,0.7468086323434298,19.0,14.936172646868595,1.894736842105263,3,True,3,-2.0,True,False,1.191884472849913,False,True,False,8.4,1.608872490863482,0.25
baseline,12.0,2,66.60000000000038,20,0.6,0.4000000000001904,0.29999999999998295,1.688894484547354,True,False,1.7777836679445829,0.2870713957199399,20.0,2.3243651348347467,0.49999999999795364,2.2583074222419404,19.0,0.7468086323434298,1.894736842105263,0.7302208431857089,20.0,14.604416863714178,1.9,3,False,2,0.0,True,False,1.2233500709656562,False,True,False,8.4,1.608872490863482,0.25
baseline,12.0,2,70.50000000000048,23,1.5,2.8000000000000824,0.39999999999997726,1.408111119935474,False,True,1.478516675932248,0.2743878277814146,21.0,1.4748517552758806,0.04999999999765237,1.4746423070928365,20.0,0.4632725438635559,1.9,0.4412746132865446,21.0,8.825492265730892,1.9047619047619047,1,False,2,0.0,True,False,0.7742971715198373,False,False,True,8.4,1.608872490863482,0.25
baseline,12.0,2,77.99999999999994,7,0.6,0.50000000000054,3.399999999999565,1.156233296320362,True,False,1.208789355244015,0.0965881551235761,23.0,1.9869883945211757,0.5999999999977348,1.95796841967154,22.0,0.5591944730182661,1.9090909090909092,0.5428094037387741,23.0,10.856188074775481,1.9130434782608696,1,True,2,0.0,True,False,1.0386530244087964,False,True,False,8.4,1.608872490863482,0.25
baseline,12.0,2,80.39999999999971,11,1.5,5.600000000000236,1.899999999999224,1.4538544741757604,False,True,1.519938768456477,0.1940243033216844,23.0,1.86422271943052,0.2999999999978513,1.86422271943052,22.0,0.5324207636380098,1.9090909090909092,0.5324207636380098,22.0,10.648415272760197,1.9090909090909092,0,False,2,-1.0,False,True,0.9764976149397961,False,False,True,8.4,1.608872490863482,0.25
baseline,12.0,2,95.19999999999888,19,1.0000000000003837,1.0000000000003837,6.799999999999173,1.0181331276298977,False,False,1.0623997853529368,0.0335911006471515,24.0,1.8720992081761052,0.2999999999978371,1.8720992081761052,23.0,0.5114237494954192,1.9130434782608696,0.5114237494954192,23.0,10.228474989908385,1.9130434782608696,0,False,2,-1.0,False,True,0.9785973133647823,False,False,True,8.4,1.608872490863482,0.25
baseline,12.0,2,96.19999999999926,11,1.5,5.19999999999925,1.0000000000003837,1.477413293242605,False,True,1.5445684429354507,0.1262573945631808,23.0,1.771275198974997,0.29999999999739657,1.7712153238078558,22.0,0.5058579135636752,1.9090909090909092,0.5058750138714228,22.0,10.117500277428455,1.9090909090909092,0,False,2,-1.0,False,True,0.9278108185107127,False,False,True,8.4,1.608872490863482,0.25
baseline,12.0,2,101.39999999999851,13,1.5,1.8000000000003666,5.19999999999925,1.0738934278794567,False,True,1.1250312101594309,0.047826496207899,22.0,1.9179465194976169,0.2999999999978513,1.9179465194976169,21.0,0.5738482567268406,1.9047619047619047,0.5738482567268406,21.0,11.476965134536812,1.9047619047619047,0,False,2,-1.0,False,True,1.006921922736249,True,False,False,8.4,1.608872490863482,0.25
baseline,12.0,2,112.69999999999789,24,1.3999999999997925,1.3999999999997925,3.299999999999372,1.025481964373759,False,False,1.0700681367378355,0.0705610625254591,24.0,1.9580191141565568,0.2999999999978371,1.9580191141565568,23.0,0.5348955186628377,1.9130434782608696,0.5348955186628377,23.0,10.697910373256754,1.9130434782608696,0,False,2,-1.0,False,True,1.0235099914909274,False,True,False,8.4,1.608872490863482,0.25
baseline,12.0,2,114.09999999999768,14,1.1999999999999176,1.1999999999999176,1.3999999999997925,1.2918003529018152,False,False,1.3505185507609885,0.1301973972998353,23.0,1.6857036641674406,0.299999999997965,1.6857036641674406,22.0,0.4814358406798025,1.9090909090909092,0.4814358406798025,22.0,9.62871681359605,1.9090909090909092,0,False,2,-1.0,False,True,0.8829876336115164,False,False,True,8.4,1.608872490863482,0.25
baseline,12.0,2,115.2999999999976,25,0.6,0.20000000000013074,1.1999999999999176,1.3379609191775683,True,False,1.4016733439003095,0.1510594382936954,22.0,2.049224645018599,0.3999999999979593,2.049032318371957,21.0,0.6130690360348003,1.9047619047619047,0.6131265800329126,21.0,12.262531600658253,1.9047619047619047,1,False,3,-1.0,True,False,1.0758429386347645,False,True,False,8.4,1.608872490863482,0.25
baseline,12.0,2,115.49999999999773,16,0.999999999999929,0.999999999999929,0.20000000000013074,1.3057134866506381,False,False,1.3678903193482876,0.1406084787411339,22.0,2.049224645018599,0.19999999999782858,2.049032318371957,21.0,0.6130690360348003,1.9047619047619047,0.6131265800329126,21.0,12.262531600658253,1.9047619047619047,1,False,3,-1.0,True,False,1.0758429386347645,False,True,False,8.4,1.608872490863482,0.25
baseline,12.0,2,116.49999999999766,6,1.5,2.5000000000004263,0.999999999999929,1.6820868412098786,False,True,1.770617727589346,0.2528777748252844,20.0,1.7370937377491928,0.04999999999786553,1.672869839497877,19.0,0.5532079577029965,1.894736842105263,0.5457240925109699,20.0,10.914481850219397,1.9,1,False,2,0.0,True,False,0.9142598619732595,False,False,True,8.4,1.608872490863482,0.25
baseline,12.0,2,118.99999999999808,7,1.5,1.699999999999804,2.5000000000004263,1.3538351667848207,False,True,1.4290482316061996,0.2171566802777611,19.0,1.8381047349152788,0.649999999997263,1.7996638603847837,18.0,0.6282011958573204,1.8888888888888888,0.6416195924153838,18.0,12.832391848307676,1.8888888888888888,0,False,2,-1.0,False,True,0.9731142714257359,False,False,True,8.4,1.608872490863482,0.25
baseline,12.0,2,122.89999999999765,12,0.6,0.39999999999994884,0.7999999999999687,1.4167017320126738,True,False,1.4912649810659726,0.2611418807932535,20.0,1.6859097375717056,0.49999999999747047,1.683638321687397,19.0,0.5567690297595131,1.894736842105263,0.5296441646170766,20.0,10.592883292341533,1.9,2,False,2,0.0,True,False,0.887320914511424,False,False,True,8.4,1.608872490863482,0.25
baseline,12.0,2,124.99999999999716,2,1.5,2.0000000000009237,0.4999999999995026,1.4800373013235677,False,True,1.5505152680532612,0.2742654954591588,22.0,1.884730372422189,0.29999999999786553,1.884730372422189,21.0,0.5639100087618196,1.9047619047619047,0.5639100087618196,21.0,11.278200175236393,1.9047619047619047,1,False,2,-1.0,False,False,0.9894834455216494,True,False,False,8.4,1.608872490863482,0.25
baseline,12.0,2,129.1999999999974,24,1.5,1.7000000000002444,2.1999999999993207,1.1200303994065377,False,True,1.1733651803306586,0.1212462091130387,22.0,2.127538796722137,0.24999999999781153,2.127538796722137,21.0,0.6365581194294796,1.9047619047619047,0.6365581194294796,21.0,12.731162388589592,1.9047619047619047,0,False,2,-1.0,False,True,1.1169578682791221,False,True,False,8.4,1.608872490863482,0.25
baseline,12.0,2,134.79999999999663,5,1.5,2.400000000000773,1.7999999999994714,1.3418267587378594,False,True,1.4028188841350349,0.1524949175465715,23.0,2.097619346014336,0.24999999999982947,2.097619346014336,22.0,0.599078684315133,1.9090909090909092,0.599078684315133,22.0,11.98157368630266,1.9090909090909092,0,False,2,-1.0,False,True,1.0987529907694142,False,True,False,8.4,1.608872490863482,0.25
baseline,12.0,2,147.89999999999588,9,1.5,inf,5.099999999999255,1.0290653661914815,False,True,1.0738073386345894,0.064159047200439,24.0,1.9569708575563884,0.20000000000354134,1.9569708575563884,23.0,0.5346091538598667,1.9130434782608696,0.5346091538598667,23.0,10.692183077197335,1.9130434782608696,0,False,2,-1.0,False,True,1.022962039177203,False,True,False,8.4,1.608872490863482,0.25
B2,12.0,2,38.70000000000028,20,1.5,1.6000000000000227,22.300000000000296,1.0019604754382272,False,True,1.045523974370324,0.0311229393984278,24.0,1.982920754016129,0.2999999999996419,1.982920754016129,23.0,0.5416981976928525,1.9130434782608696,0.5416981976928525,23.0,10.833963953857051,1.9130434782608696,0,False,2,-1.0,False,True,1.0365267577811583,False,True,False,8.4,1.608872490863482,0.25
B2,12.0,2,40.3000000000003,25,1.5,6.399999999999977,1.6000000000000227,1.352139554726777,False,True,1.413600443577994,0.1330327436905861,23.0,1.8932956383044384,0.34999999999952536,1.892986203974015,22.0,0.5406355956137814,1.9090909090909092,0.5407239698518929,22.0,10.814479397037857,1.9090909090909092,0,False,2,-1.0,False,True,0.9917262867308962,True,False,False,8.4,1.608872490863482,0.25
B2,12.0,2,49.30000000000043,23,0.9000000000000128,0.9000000000000128,1.000000000000128,1.8947292313813697,False,False,1.9771087631805595,0.3563836339833015,24.0,3.0371623587495358,0.2999999999988887,3.0371623587495358,23.0,0.8296979960006077,1.9130434782608696,0.8296979960006077,23.0,16.593959920012153,1.9130434782608696,0,False,2,-1.0,False,True,1.5876075966190755,False,True,False,8.4,1.608872490863482,0.25
B2,12.0,2,50.20000000000044,14,1.5,4.300000000000054,0.9000000000000128,2.3911533065813826,False,True,2.4998420932441725,0.4450132081498125,23.0,2.4339264672579586,0.04999999999883897,1.972086132783839,22.0,0.5632264824545468,1.9090909090909092,0.6649048268622053,23.0,13.298096537244106,1.9130434782608696,1,False,2,0.0,True,False,1.2722797442484783,False,True,False,8.4,1.608872490863482,0.25
B2,12.0,2,54.5000000000005,12,1.5,2.799999999999933,4.300000000000054,3.351645667313232,False,True,3.5112478419471955,0.6958408747332667,22.0,4.0279372914400815,1.449999999998461,3.4357898298737086,21.0,1.027985913219978,1.9047619047619047,1.20515601941986,21.0,24.1031203883972,1.9047619047619047,0,True,2,-1.0,False,True,2.114667078006043,False,True,False,8.4,1.608872490863482,0.25
B2,12.0,2,58.10000000000056,18,0.6,0.09999999999988063,0.8000000000001322,4.657234601258718,True,False,4.879007677509134,0.994721293276634,22.0,5.1438512652920005,0.24999999999825917,,,,,1.4052074214086878,23.0,28.104148428173758,1.9130434782608696,2,False,2,1.0,True,False,2.6888313432208184,False,True,False,8.4,1.608872490863482,0.25
B2,12.0,2,59.00000000000057,7,1.5,3.0999999999999304,0.8000000000001251,4.223665473667759,False,True,4.424792400985272,0.9015571027986844,22.0,4.329784532825218,0.049999999998213696,3.7890003971454296,21.0,1.1336662678210372,1.9047619047619047,1.2365835709045836,22.0,24.731671418091672,1.9090909090909092,2,False,2,0.0,True,False,2.2679823743370187,False,True,False,8.4,1.608872490863482,0.25
B2,12.0,2,62.1000000000005,23,0.6,0.3999999999999986,3.0999999999999304,2.0906605765026143,True,False,2.195193605327745,0.6455562356385665,21.0,2.20941635561965,0.24999999999810285,2.0953031495739998,20.0,0.6582588981745232,1.9,0.6610558277653169,21.0,13.221116555306338,1.9047619047619047,1,False,2,0.0,True,False,1.1599435867003165,False,True,False,8.4,1.608872490863482,0.25
B2,12.0,2,65.30000000000057,17,0.7999999999999972,0.7999999999999972,2.800000000000068,1.8380946952422619,False,False,1.929999430004375,0.6232334014083741,21.0,1.9610011025150893,0.7999999999978229,1.677995094333886,20.0,0.5271577061119048,1.9,0.616066665734289,20.0,12.32133331468578,1.9,0,True,2,-1.0,False,True,1.0321058434289945,False,True,False,8.4,1.608872490863482,0.25
B2,12.0,2,66.3000000000004,12,0.6,0.29999999999998295,0.1999999999998323,2.014204835207989,True,False,2.1149150769683884,0.5904722802329666,21.0,2.1303348168855747,0.09999999999797637,2.01172137097964,20.0,0.6320009080139224,1.9,0.6373946867061218,21.0,12.747893734122435,1.9047619047619047,3,False,3,0.0,True,False,1.1184257788649268,False,True,False,8.4,1.608872490863482,0.25
B2,12.0,2,66.60000000000038,20,0.6,0.4000000000001904,0.29999999999998295,1.911135302430658,True,False,2.01172137097964,0.5131874051889899,20.0,2.005023921554668,0.049999999997979216,1.768754480255822,19.0,0.5849164295974445,1.894736842105263,0.6298968422227942,20.0,12.597936844455884,1.9,3,False,2,0.0,True,False,1.0552757481866675,False,True,False,8.4,1.608872490863482,0.25
B2,12.0,2,70.50000000000048,23,1.5,2.8000000000000824,0.39999999999997726,1.7774777172694616,False,True,1.8663516031329348,0.3421593622437432,21.0,1.8663516031329348,0.04999999999765237,1.5937437888770143,20.0,0.5006893778840391,1.9,0.5584110938493296,21.0,11.168221876986593,1.9047619047619047,1,False,2,0.0,True,False,0.9798345916447908,False,False,True,8.4,1.608872490863482,0.25
B2,12.0,2,77.99999999999994,7,0.6,0.50000000000054,3.399999999999565,1.3748445466377264,True,False,1.4373374805758048,0.3216396166482287,23.0,2.157095742069225,0.29999999999775184,2.157095742069225,22.0,0.6160651033067728,1.9090909090909092,0.6160651033067728,22.0,12.321302066135456,1.9090909090909092,1,False,2,-1.0,False,False,1.1299072934648322,False,True,False,8.4,1.608872490863482,0.25
B2,12.0,2,80.39999999999971,11,1.5,5.600000000000236,1.899999999999224,1.5059750245556223,False,True,1.574428434762696,0.3295427296030713,23.0,2.286858336036562,0.6499999999978314,2.171613407938363,22.0,0.620211338983296,1.9090909090909092,0.6531252134811858,22.0,13.062504269623716,1.9090909090909092,0,False,2,-1.0,False,True,1.1978781760191515,False,True,False,8.4,1.608872490863482,0.25
B2,12.0,2,95.19999999999888,19,1.0000000000003837,1.0000000000003837,6.799999999999173,1.4527274458478,False,False,1.5158895087107478,0.2530338896081304,24.0,1.6768193977497954,0.2999999999978371,1.6768193977497954,23.0,0.4580768262058798,1.9130434782608696,0.4580768262058798,23.0,9.161536524117595,1.9130434782608696,0,False,2,-1.0,False,True,0.8765192306419385,False,False,True,8.4,1.608872490863482,0.25
B2,12.0,2,96.19999999999926,11,1.5,5.19999999999925,1.0000000000003837,1.3903579703264362,False,True,1.4535560598867288,0.2618230081772268,23.0,1.5705020520921071,0.34999999999739373,1.5703452660260802,22.0,0.4484895592133675,1.9090909090909092,0.4485343372091144,22.0,8.970686744182288,1.9090909090909092,0,False,2,-1.0,False,True,0.8226439320482466,False,False,True,8.4,1.608872490863482,0.25
B2,12.0,2,101.39999999999851,13,1.5,1.8000000000003666,5.19999999999925,1.1773308507591396,False,True,1.2333942246048128,0.1740050479342445,22.0,1.783699666836987,0.2999999999978513,1.783699666836987,21.0,0.5336816923376801,1.9047619047619047,0.5336816923376801,21.0,10.673633846753603,1.9047619047619047,0,False,2,-1.0,False,True,0.9364423250894183,False,False,True,8.4,1.608872490863482,0.25
B2,12.0,2,112.69999999999789,24,1.3999999999997925,1.3999999999997925,3.299999999999372,1.1035586987861536,False,False,1.151539511776856,0.0983322955914364,24.0,1.635416343481944,0.2999999999978371,1.635416343481944,23.0,0.4467662582820484,1.9130434782608696,0.4467662582820484,23.0,8.935325165640968,1.9130434782608696,0,False,2,-1.0,False,True,0.8548767250019252,False,False,True,8.4,1.608872490863482,0.25
B2,12.0,2,114.09999999999768,14,1.1999999999999176,1.1999999999999176,1.3999999999997925,1.0694663734911896,False,False,1.1180784813771527,0.0792805001940493,23.0,1.8835504629908224,0.299999999997965,1.8835504629908224,22.0,0.5379407542906929,1.9090909090909092,0.5379407542906929,22.0,10.758815085813858,1.9090909090909092,0,False,2,-1.0,False,True,0.9866216710904308,True,False,False,8.4,1.608872490863482,0.25
B2,12.0,2,115.2999999999976,25,0.6,0.20000000000013074,1.1999999999999176,1.3109510960601127,True,False,1.373377338729642,0.1255205327459486,22.0,2.204973484646883,0.5999999999979622,2.0382225982680584,21.0,0.6098347753428222,1.9047619047619047,0.6927128500726933,20.0,13.854257001453867,1.9,1,True,3,-2.0,True,False,1.1605123603404648,False,True,False,8.4,1.608872490863482,0.25
B2,12.0,2,115.49999999999773,16,0.999999999999929,0.999999999999929,0.20000000000013074,1.2489891622333786,False,False,1.3084648366254443,0.1146011680702431,22.0,2.2119665548728893,0.49999999999783995,2.0382225982680584,21.0,0.6098347753428222,1.9047619047619047,0.6949097878774992,20.0,13.898195757549985,1.9,1,False,3,-2.0,True,False,1.1641929236173103,False,True,False,8.4,1.608872490863482,0.25
B2,12.0,2,116.49999999999766,6,1.5,2.5000000000004263,0.999999999999929,1.9720290581547737,False,True,2.075820061215551,0.3020847498869681,20.0,2.0472443637928297,0.04999999999786553,1.7758014181690938,19.0,0.5872468094267749,1.894736842105263,0.6431607853394663,20.0,12.863215706789326,1.9,1,False,2,0.0,True,False,1.0774970335751737,False,True,False,8.4,1.608872490863482,0.25
B2,12.0,2,118.99999999999808,7,1.5,1.699999999999804,2.5000000000004263,1.324897554011384,False,True,1.3985029736786831,0.189878142918594,19.0,1.979523819548622,0.2999999999972829,1.979523819548622,18.0,0.6909841654555509,1.8888888888888888,0.6909841654555509,18.0,13.819683309111017,1.8888888888888888,0,False,2,-1.0,False,True,1.0479831985845647,False,True,False,8.4,1.608872490863482,0.25
B2,12.0,2,122.89999999999765,12,0.6,0.39999999999994884,0.7999999999999687,1.4460220253421148,True,False,1.522128447728542,0.2771907294171657,20.0,2.587740714993392,0.49999999999747047,2.49809070417416,19.0,0.82610351623521,1.894736842105263,0.8129627219618438,20.0,16.259254439236877,1.9,2,False,2,0.0,True,False,1.3619687973649433,False,True,False,8.4,1.608872490863482,0.25
B2,12.0,2,124.99999999999716,2,1.5,2.0000000000009237,0.4999999999995026,1.8544954803796594,False,True,1.942804788969167,0.4225400782098057,22.0,2.554261179589701,0.3499999999978627,2.551406288673556,21.0,0.7633789764590135,1.9047619047619047,0.7642331578236767,21.0,15.284663156473535,1.9047619047619047,1,False,2,-1.0,False,False,1.340987119284593,False,True,False,8.4,1.608872490863482,0.25
B2,12.0,2,129.1999999999974,24,1.5,1.7000000000002444,2.1999999999993207,1.6084421226166954,False,True,1.6850346046460618,0.2495764185787583,22.0,1.6769934695343356,0.04999999999773763,1.5449093309419604,21.0,0.4622357909094843,1.9047619047619047,0.4789482149097388,22.0,9.578964298194776,1.9090909090909092,0,False,2,0.0,True,True,0.8784251507084615,False,False,True,8.4,1.608872490863482,0.25
B2,12.0,2,134.79999999999663,5,1.5,2.400000000000773,1.7999999999994714,1.5788323146015124,False,True,1.650597419810672,0.2026271951303407,23.0,2.6359961863530508,0.24999999999982947,2.6359961863530508,22.0,0.7528387503579506,1.9090909090909092,0.7528387503579506,22.0,15.056775007159011,1.9090909090909092,0,False,2,-1.0,False,True,1.3807599071373122,False,True,False,8.4,1.608872490863482,0.25
B2,12.0,2,147.89999999999588,9,1.5,inf,5.099999999999255,1.2495159861444975,False,True,1.30384276815078,0.1985863356995494,24.0,2.340267185056813,0.20000000000354134,2.340267185056813,23.0,0.6393187996531955,1.9130434782608696,0.6393187996531955,23.0,12.78637599306391,1.9130434782608696,0,False,2,-1.0,False,True,1.2233214830978794,False,True,False,8.4,1.608872490863482,0.25
baseline,12.0,3,25.60000000000012,25,1.5,2.300000000000008,3.500000000000149,1.057222117364828,False,True,1.10318829638069,0.045076252974901,24.0,1.9519526386615085,0.2500000000001137,1.9519121380887503,23.0,0.5332272029106404,1.9130434782608696,0.5332382669368876,23.0,10.664765338737752,1.9130434782608696,0,False,2,-1.0,False,True,1.0203388793003338,False,True,False,8.4,1.608872490863482,0.25
baseline,12.0,3,27.900000000000126,14,1.5,1.8000000000000256,2.300000000000008,1.4566012973450686,False,True,1.52281044722439,0.1584632632121187,23.0,1.838149755812749,0.20000000000013785,1.838149755812749,22.0,0.5249743426417459,1.9090909090909092,0.5249743426417459,22.0,10.499486852834918,1.9090909090909092,0,False,2,-1.0,False,True,0.9628403482828686,False,False,True,8.4,1.608872490863482,0.25
baseline,12.0,3,29.700000000000152,15,1.5,3.89999999999997,1.8000000000000256,1.284243257720471,False,True,1.345397698564303,0.1357158404820858,22.0,2.21566623968048,0.3500000000001364,2.20694775696028,21.0,0.6603172247736082,1.9047619047619047,0.6629257887035349,21.0,13.258515774070698,1.9047619047619047,0,False,2,-1.0,False,True,1.163224775832252,False,True,False,8.4,1.608872490863482,0.25
baseline,12.0,3,36.80000000000025,7,0.8999999999998991,0.8999999999998991,0.9000000000001265,1.129144672021422,False,False,1.1804694298405776,0.144865899524179,23.0,1.950333416037219,0.2999999999997769,1.950333416037219,22.0,0.557013921079383,1.9090909090909092,0.557013921079383,22.0,11.14027842158766,1.9090909090909092,1,False,2,-1.0,False,False,1.0216032179242576,False,True,False,8.4,1.608872490863482,0.25
baseline,12.0,3,41.60000000000035,17,1.5,3.1999999999999034,3.9000000000001975,1.220296844826026,False,True,1.275764883227209,0.1296642648966099,23.0,1.6408240059248334,0.34999999999941167,1.635150382044309,22.0,0.4669978570677222,1.9090909090909092,0.4686182402588392,22.0,9.372364805176783,1.9090909090909092,0,False,2,-1.0,False,True,0.8594792411987222,False,False,True,8.4,1.608872490863482,0.25
baseline,12.0,3,45.50000000000038,22,1.0000000000000142,1.0000000000000142,0.7000000000001236,1.0905525967490135,False,False,1.140123169328514,0.1280737884154831,23.0,1.915391428090136,0.2999999999991587,1.915391428090136,22.0,0.5470345126578939,1.9090909090909092,0.5470345126578939,22.0,10.940690253157879,1.9090909090909092,1,False,2,-1.0,False,False,1.0033002718567379,True,False,False,8.4,1.608872490863482,0.25
baseline,12.0,3,46.50000000000039,6,1.5,1.6999999999999105,1.0000000000000142,1.549606413340072,False,True,1.6233971949276944,0.1669197985642208,22.0,1.5801600862461007,0.049999999999101874,1.5489755166277877,21.0,0.463452390821744,1.9047619047619047,0.451292665313324,22.0,9.02585330626648,1.9090909090909092,0,False,2,0.0,True,True,0.827702902319386,False,False,True,8.4,1.608872490863482,0.25
baseline,12.0,3,48.2000000000003,7,1.4000000000000483,1.4000000000000483,1.6999999999999105,1.2914796094015768,False,False,1.3560535898716557,0.1444072948945584,21.0,1.9450961181243631,0.29999999999908056,1.9450961181243631,20.0,0.6110699675225524,1.9,0.6110699675225524,20.0,12.221399350451048,1.9,0,False,2,-1.0,False,True,1.0237347990128227,False,True,False,8.4,1.608872490863482,0.25
baseline,12.0,3,51.40000000000046,23,1.5,2.099999999999916,1.8000000000001108,1.4679649420864262,False,True,1.5413631891907476,0.1784836480872166,21.0,1.9984975125851756,0.2999999999987395,1.9984975125851756,20.0,0.6278465103755062,1.9,0.6278465103755062,20.0,12.556930207510124,1.9,0,False,2,-1.0,False,True,1.051840796097461,False,True,False,8.4,1.608872490863482,0.25
baseline,12.0,3,64.20000000000051,22,1.0000000000000568,1.0000000000000568,4.800000000000054,1.013315677718316,False,False,1.0573728810973733,0.0415227703782165,24.0,1.851098438894642,0.34999999999796216,1.8495778431719176,23.0,0.5052713186392479,1.9130434782608696,0.5056867179741689,23.0,10.113734359483377,1.9130434782608696,0,False,2,-1.0,False,True,0.9676196385131084,False,False,True,8.4,1.608872490863482,0.25
baseline,12.0,3,65.20000000000057,2,1.5,3.399999999999693,1.0000000000000568,1.4798226106601213,False,True,1.547087274781036,0.1233150050084829,23.0,1.815942474579741,0.2999999999978513,1.815942474579741,22.0,0.5186319579528531,1.9090909090909092,0.5186319579528531,22.0,10.372639159057062,1.9090909090909092,0,False,2,-1.0,False,True,0.9512079628751023,False,False,True,8.4,1.608872490863482,0.25
baseline,12.0,3,68.60000000000026,15,0.6,0.100000000000108,3.399999999999693,1.2185610584443607,True,False,1.2765877755131396,0.1037232963506786,22.0,1.9750645700402865,0.3999999999979593,1.830120486426814,21.0,0.5475707690802532,1.9047619047619047,0.6531419309056892,19.0,13.062838618113783,1.894736842105263,2,False,3,-3.0,True,False,1.0423951897434847,False,True,False,8.4,1.608872490863482,0.25
baseline,12.0,3,68.70000000000037,8,1.5,3.500000000000142,0.100000000000108,1.2228615278361017,False,True,1.2810930291616305,0.1005776914409386,22.0,1.9750645700402865,0.2999999999978513,1.830120486426814,21.0,0.5475707690802532,1.9047619047619047,0.6531419309056892,19.0,13.062838618113783,1.894736842105263,1,False,3,-3.0,True,False,1.0423951897434847,False,True,False,8.4,1.608872490863482,0.25
baseline,12.0,3,68.70000000000037,21,1.5,3.500000000000142,0.100000000000108,1.2228615278361017,False,True,1.2810930291616305,0.1005776914409386,22.0,1.9750645700402865,0.2999999999978513,1.830120486426814,21.0,0.5475707690802532,1.9047619047619047,0.6531419309056892,19.0,13.062838618113783,1.894736842105263,1,False,3,-3.0,True,False,1.0423951897434847,False,True,False,8.4,1.608872490863482,0.25
baseline,12.0,3,75.99999999999984,23,0.6000000000004206,0.6000000000004206,2.7999999999992724,1.1245928446423445,False,False,1.180822486874462,0.1162925133154636,21.0,1.787306412511951,0.3999999999979593,1.7859499622830697,20.0,0.561072728118746,1.9,0.5614988695261474,20.0,11.229977390522947,1.9,0,False,2,-1.0,False,True,0.9406875855326059,False,False,True,8.4,1.608872490863482,0.25
baseline,12.0,3,77.99999999999962,7,1.5,6.000000000000227,1.299999999999244,1.2265447725964105,False,True,1.2822968077144292,0.1677791326431984,23.0,2.0338242824855284,0.2999999999980787,2.0338242824855284,22.0,0.580858856777188,1.9090909090909092,0.580858856777188,22.0,11.61717713554376,1.9090909090909092,0,False,2,-1.0,False,True,1.065336528920991,False,True,False,8.4,1.608872490863482,0.25
baseline,12.0,3,85.7999999999994,19,0.6,0.200000000000216,1.7999999999995566,1.0931949327692427,True,False,1.142885611531481,0.1229104995853698,23.0,2.004763080285262,0.2999999999978513,,,,,0.5476651274097586,23.0,10.953302548195172,1.9130434782608696,1,False,1,0.0,True,False,1.0479443374218416,False,True,False,8.4,1.608872490863482,0.25
baseline,12.0,3,89.09999999999921,12,1.5,3.6999999999997897,3.0999999999995964,1.2374601724842933,False,True,1.2937083621426702,0.1083164891449114,23.0,1.9882382347626348,0.2999999999978513,1.9882382347626348,22.0,0.5678395119924211,1.9090909090909092,0.5678395119924211,22.0,11.356790239848422,1.9090909090909092,0,False,2,-1.0,False,True,1.041458122970904,False,True,False,8.4,1.608872490863482,0.25
baseline,12.0,3,92.799999999999,10,1.000000000000398,1.000000000000398,3.6999999999997897,1.2521234821705178,False,False,1.3117484098929235,0.1172818735230109,22.0,2.099775198158828,0.2999999999978371,2.099775198158828,21.0,0.6282512701643643,1.9047619047619047,0.6282512701643643,21.0,12.565025403287287,1.9047619047619047,0,False,2,-1.0,False,True,1.1023819790333849,False,True,False,8.4,1.608872490863482,0.25
baseline,12.0,3,96.0999999999988,18,1.000000000000398,1.000000000000398,2.2999999999994003,1.5766083985083805,False,False,1.6516849889135417,0.2113195557794776,22.0,1.6367510257749651,0.04999999999787974,1.5336001026228072,21.0,0.458852077708987,1.9047619047619047,0.4674549998481989,22.0,9.349099996963977,1.9090909090909092,0,False,2,0.0,True,True,0.857345775405934,False,False,True,8.4,1.608872490863482,0.25
baseline,12.0,3,99.59999999999896,15,1.2000000000000455,1.2000000000000455,2.4999999999997584,1.3739447610348017,False,False,1.439370702036459,0.1434854059572225,22.0,2.3416921496574963,0.2499999999975273,2.3416921496574963,21.0,0.7006326527936078,1.9047619047619047,0.7006326527936078,21.0,14.012653055872155,1.9047619047619047,0,False,2,-1.0,False,True,1.2293883785701856,False,True,False,8.4,1.608872490863482,0.25
baseline,12.0,3,107.39999999999864,12,0.6,0.20000000000031548,3.299999999999841,1.1510882635193442,True,False,1.203410457315678,0.0747581155247398,23.0,2.049804265087583,0.29999999999738236,,,,,0.5599695669996674,23.0,11.199391339993348,1.9130434782608696,2,False,1,0.0,True,False,1.0714885931139637,False,True,False,8.4,1.608872490863482,0.25
baseline,12.0,3,107.99999999999814,5,1.100000000000378,1.100000000000378,0.39999999999918145,1.8995368910345136,False,False,1.985879476990628,0.2604318918870137,23.0,1.9782068500881576,0.04999999999786553,1.834501083092751,22.0,0.5239322841497005,1.9090909090909092,0.5404104441319966,23.0,10.808208882639931,1.9130434782608696,2,False,2,0.0,True,False,1.0340626716369914,False,True,False,8.4,1.608872490863482,0.25
baseline,12.0,3,109.09999999999852,18,1.5,2.3999999999993236,1.100000000000378,1.4071647400061809,False,True,1.47417258476838,0.2095853649563726,22.0,1.7426669585808925,0.29999999999739657,1.7426669585808925,21.0,0.5214047347363238,1.9047619047619047,0.5214047347363238,21.0,10.428094694726475,1.9047619047619047,0,False,2,-1.0,False,True,0.9149001532549687,False,False,True,8.4,1.608872490863482,0.25
baseline,12.0,3,111.49999999999784,6,1.5,2.0999999999998806,2.3999999999993236,1.2781944351684191,False,True,1.3421041569268402,0.1507751671611001,21.0,2.033112069992354,0.299999999997965,2.033112069992354,20.0,0.6387209943012717,1.9,0.6387209943012717,20.0,12.774419886025434,1.9,0,False,2,-1.0,False,True,1.0700589842065023,False,True,False,8.4,1.608872490863482,0.25
baseline,12.0,3,113.59999999999772,9,1.5,1.8000000000009209,2.0999999999998806,1.4880518158493907,False,True,1.566370332473043,0.1878647162837314,20.0,2.3413206733602587,0.7499999999979252,2.219619219447596,19.0,0.7340146772192924,1.894736842105263,0.7742606133817365,19.0,15.48521226763473,1.894736842105263,0,False,2,-1.0,False,True,1.2356970220512478,False,True,False,8.4,1.608872490863482,0.25
baseline,12.0,3,119.39999999999829,15,0.6,0.09999999999955378,2.29999999999977,1.1296588106289875,True,False,1.183452087325606,0.1327651891585856,22.0,1.8872072534995263,0.24999999999705835,,,,,0.5389851312177711,22.0,10.779702624355423,1.9090909090909092,1,False,2,0.0,True,False,0.9885371327854662,True,False,False,8.4,1.608872490863482,0.25
baseline,12.0,3,129.89999999999725,23,1.5,2.299999999999528,2.4999999999989626,1.0419606913014265,False,True,1.0872633300536625,0.0814279402390144,24.0,2.080390109844332,0.24999999999809575,2.080390109844332,23.0,0.5683250683206795,1.9130434782608696,0.5683250683206795,23.0,11.36650136641359,1.9130434782608696,0,False,2,-1.0,False,True,1.087476648327719,False,True,False,8.4,1.608872490863482,0.25
baseline,12.0,3,132.19999999999678,20,0.6,0.4000000000003183,2.299999999999528,1.497349534887467,True,False,1.565410877382352,0.1853726869917872,23.0,2.5521425743193134,0.2499999999990905,2.5521425743193134,22.0,0.7288902147632088,1.9090909090909092,0.7288902147632088,22.0,14.577804295264176,1.9090909090909092,1,False,2,-1.0,False,False,1.3368365865482117,False,True,False,8.4,1.608872490863482,0.25
baseline,12.0,3,132.5999999999971,22,0.6,0.3999999999996646,0.4000000000003183,2.403455485952262,True,False,2.517905747188084,0.3491360160588433,22.0,3.2133407389176014,0.24999999999886313,3.2133407389176014,21.0,0.9614293008442224,1.9047619047619047,0.9614293008442224,21.0,19.22858601688445,1.9047619047619047,2,False,2,-1.0,False,False,1.6870038879317408,False,True,False,8.4,1.608872490863482,0.25
baseline,12.0,3,132.99999999999676,16,1.5,4.900000000000489,0.3999999999996646,2.9956069742011557,False,True,3.1453873229112133,0.4893956559860205,21.0,3.117345922623896,0.04999999999924398,2.8365707876255453,20.0,0.8911349947791827,1.9,0.932707718972698,21.0,18.65415437945396,1.9047619047619047,2,False,2,0.0,True,False,1.6366066093775455,False,True,False,8.4,1.608872490863482,0.25
baseline,12.0,3,140.99999999999673,21,0.6,0.0999999999994543,0.3999999999996362,1.414079422146713,True,False,1.478355759517018,0.2887587383603307,23.0,1.838757858837869,0.5000000000011937,1.8277447292150568,22.0,0.522002673994499,1.9090909090909092,0.5251480164595952,22.0,10.502960329191904,1.9090909090909092,4,False,3,-1.0,True,False,0.9631588784388837,False,False,True,8.4,1.608872490863482,0.25
baseline,12.0,3,141.0999999999962,25,1.5,7.900000000000546,0.09999999999942588,1.492669870795601,False,True,1.5575685608301924,0.3360805419486986,24.0,1.838757858837869,0.4000000000017394,1.4993678335303815,23.0,0.4096002583345992,1.9130434782608696,0.5251480164595952,22.0,10.502960329191904,1.9090909090909092,4,False,3,-2.0,True,False,0.9631588784388837,False,False,True,8.4,1.608872490863482,0.25
baseline,12.0,3,150.39999999999574,11,1.5,inf,1.2999999999995566,1.1417341711415632,False,True,1.1913747872781528,0.1516778643845982,24.0,2.0304969131578723,0.2000000000042519,2.0304969131578723,23.0,0.5546951465663934,1.9130434782608696,0.5546951465663934,23.0,11.093902931327868,1.9130434782608696,0,False,2,-1.0,False,True,1.0613961136961605,False,True,False,8.4,1.608872490863482,0.25
B2,12.0,3,25.60000000000012,25,1.5,2.300000000000008,3.500000000000149,1.344246034245968,False,True,1.4026915139957925,0.1810942552410362,24.0,1.5579343625190214,0.20000000000011298,1.5579343625190214,23.0,0.4255995780925961,1.9130434782608696,0.4255995780925961,23.0,8.511991561851922,1.9130434782608696,0,False,2,-1.0,False,True,0.8143747804076703,False,False,True,8.4,1.608872490863482,0.25
B2,12.0,3,27.900000000000126,14,1.5,1.8000000000000256,2.300000000000008,1.1729725662972394,False,True,1.226289501128932,0.1322783189378388,23.0,2.3110249589993805,0.20000000000013785,2.3110249589993805,22.0,0.6600271848595551,1.9090909090909092,0.6600271848595551,22.0,13.200543697191103,1.9090909090909092,0,False,2,-1.0,False,True,1.2105368832853898,False,True,False,8.4,1.608872490863482,0.25
B2,12.0,3,29.700000000000152,15,1.5,3.89999999999997,1.8000000000000256,1.5716999478423916,False,True,1.6465428025015532,0.2146933767920641,22.0,1.9407388612771972,0.5000000000001386,1.8813594745315092,21.0,0.5629014384714042,1.9047619047619047,0.5806677094404442,21.0,11.613354188808884,1.9047619047619047,0,False,2,-1.0,False,True,1.0188879021705286,True,False,False,8.4,1.608872490863482,0.25
B2,12.0,3,36.80000000000025,7,0.8999999999998991,0.8999999999998991,0.9000000000001265,1.228964783836011,False,False,1.2848268194649206,0.1684500717614863,23.0,1.896982033248568,0.2999999999997769,1.896982033248568,22.0,0.5417768017859572,1.9090909090909092,0.5417768017859572,22.0,10.835536035719144,1.9090909090909092,1,False,2,-1.0,False,False,0.9936572555111547,True,False,False,8.4,1.608872490863482,0.25
B2,12.0,3,41.60000000000035,17,1.5,3.1999999999999034,3.9000000000001975,1.240332185239059,False,True,1.2967109209317436,0.123720089442928,23.0,1.8606998984924197,0.3999999999994017,1.84803767108843,22.0,0.527798324640782,1.9090909090909092,0.5314146483308235,22.0,10.62829296661647,1.9090909090909092,0,False,2,-1.0,False,True,0.9746523277817436,False,False,True,8.4,1.608872490863482,0.25
B2,12.0,3,45.50000000000038,22,1.0000000000000142,1.0000000000000142,0.7000000000001236,1.2751101751676874,False,False,1.3330697285844004,0.1909809125389204,23.0,1.6738947201918295,0.2999999999991587,1.6738947201918295,22.0,0.4780632141670358,1.9090909090909092,0.4780632141670358,22.0,9.561264283340716,1.9090909090909092,1,False,2,-1.0,False,False,0.8768019962909582,False,False,True,8.4,1.608872490863482,0.25
B2,12.0,3,46.50000000000039,6,1.5,1.6999999999999105,1.0000000000000142,1.3189742599973988,False,True,1.381782558092513,0.1707110683383954,22.0,1.5375495004570197,0.399999999999082,1.5235044830616618,21.0,0.4558314753997745,1.9047619047619047,0.4600337347777552,21.0,9.200674695555104,1.9047619047619047,0,False,2,-1.0,False,True,0.8072134877399354,False,False,True,8.4,1.608872490863482,0.25
B2,12.0,3,48.2000000000003,7,1.4000000000000483,1.4000000000000483,1.6999999999999105,1.194611740282054,False,False,1.2543423272961567,0.1364221541517898,21.0,2.0763275073231733,0.29999999999908056,2.0763275073231733,20.0,0.6522975243452889,1.9,0.6522975243452889,20.0,13.045950486905777,1.9,0,False,2,-1.0,False,True,1.0928039512227228,False,True,False,8.4,1.608872490863482,0.25
B2,12.0,3,51.40000000000046,23,1.5,2.099999999999916,1.8000000000001108,1.4390879888777381,False,True,1.511042388321625,0.2021305955421321,21.0,1.7161299879343486,0.2999999999987395,1.7161299879343486,20.0,0.539138136269969,1.9,0.539138136269969,20.0,10.78276272539938,1.9,0,False,2,-1.0,False,True,0.9032263094391308,False,False,True,8.4,1.608872490863482,0.25
B2,12.0,3,64.20000000000051,22,1.0000000000000568,1.0000000000000568,4.800000000000054,1.5356771658074797,False,False,1.602445738233892,0.2674848229465413,24.0,1.6472977408880052,0.24999999999796785,1.5786603350176716,23.0,0.4312615400874016,1.9130434782608696,0.4312615400874016,24.0,8.625230801748032,1.9166666666666667,0,False,2,0.0,True,True,0.8594596908980896,False,False,True,8.4,1.608872490863482,0.25
B2,12.0,3,65.20000000000057,2,1.5,3.399999999999693,1.0000000000000568,1.4178114437453337,False,True,1.4822574184610309,0.2686658195082245,23.0,1.5449158002990366,1.0499999999978087,1.486930982340506,22.0,0.4246664955014534,1.9090909090909092,0.4412269207849317,22.0,8.824538415698633,1.9090909090909092,0,False,2,-1.0,False,True,0.8092416096804478,False,False,True,8.4,1.608872490863482,0.25
B2,12.0,3,68.60000000000026,15,0.6,0.100000000000108,3.399999999999693,1.4131219938835533,True,False,1.4804135174018178,0.2439376150962172,22.0,1.8274010713806028,0.3999999999979593,1.5171460222944315,21.0,0.4539290283869679,1.9047619047619047,0.6043105032643599,19.0,12.086210065287197,1.894736842105263,2,False,3,-3.0,True,False,0.9644616765619849,False,False,True,8.4,1.608872490863482,0.25
B2,12.0,3,68.70000000000037,8,1.5,3.500000000000142,0.100000000000108,1.428896892002432,False,True,1.496939601145405,0.2466805746649489,22.0,1.8274010713806028,0.2999999999978513,1.5171460222944315,21.0,0.4539290283869679,1.9047619047619047,0.6043105032643599,19.0,12.086210065287197,1.894736842105263,1,False,3,-3.0,True,False,0.9644616765619849,False,False,True,8.4,1.608872490863482,0.25
B2,12.0,3,68.70000000000037,21,1.5,3.500000000000142,0.100000000000108,1.428896892002432,False,True,1.496939601145405,0.2466805746649489,22.0,1.8274010713806028,0.2999999999978513,1.5171460222944315,21.0,0.4539290283869679,1.9047619047619047,0.6043105032643599,19.0,12.086210065287197,1.894736842105263,1,False,3,-3.0,True,False,0.9644616765619849,False,False,True,8.4,1.608872490863482,0.25
B2,12.0,3,75.99999999999984,23,0.6000000000004206,0.6000000000004206,2.7999999999992724,1.4244330605499953,False,False,1.4956547135774951,0.291060283268912,21.0,1.672281766941064,0.49999999999795364,1.613194295721885,20.0,0.5067999348252834,1.9,0.5253628113754205,20.0,10.50725622750841,1.9,0,False,2,-1.0,False,True,0.8801482983900337,False,False,True,8.4,1.608872490863482,0.25
B2,12.0,3,77.99999999999962,7,1.5,6.000000000000227,1.299999999999244,1.7567207488472418,False,True,1.836571691976662,0.3109434675310464,23.0,1.8317272875174675,0.0499999999980929,1.8020380342156557,22.0,0.5146608590710269,1.9090909090909092,0.5003948686821595,23.0,10.00789737364319,1.9130434782608696,0,False,2,0.0,True,True,0.9574938093841308,False,False,True,8.4,1.608872490863482,0.25
B2,12.0,3,85.7999999999994,19,0.6,0.200000000000216,1.7999999999995566,1.2640423614559264,True,False,1.3214988324311958,0.2247960037609043,23.0,1.9924410607474303,0.2999999999978513,,,,,0.5442989738395463,23.0,10.885979476790926,1.9130434782608696,1,False,1,0.0,True,False,1.0415032817543386,False,True,False,8.4,1.608872490863482,0.25
B2,12.0,3,89.09999999999921,12,1.5,3.6999999999997897,3.0999999999995964,1.5123230275344708,False,True,1.581064983331492,0.224122224667172,23.0,2.186825716104888,0.2999999999978513,2.186825716104888,22.0,0.6245559640360323,1.9090909090909092,0.6245559640360323,22.0,12.491119280720646,1.9090909090909092,0,False,2,-1.0,False,True,1.1454801370073222,False,True,False,8.4,1.608872490863482,0.25
B2,12.0,3,92.799999999999,10,1.000000000000398,1.000000000000398,3.6999999999997897,1.5120455201698144,False,False,1.5840476877969485,0.2982850897919555,22.0,2.190718350757365,0.2999999999978371,2.190718350757365,21.0,0.6554613977927319,1.9047619047619047,0.6554613977927319,21.0,13.109227955854639,1.9047619047619047,0,False,2,-1.0,False,True,1.1501271341476167,False,True,False,8.4,1.608872490863482,0.25
B2,12.0,3,96.0999999999988,18,1.000000000000398,1.000000000000398,2.2999999999994003,1.6662091830229189,False,False,1.745552477452582,0.2950638919883183,22.0,2.077180537892364,0.29999999999787974,2.077180537892364,21.0,0.6214909636211758,1.9047619047619047,0.6214909636211758,21.0,12.429819272423517,1.9047619047619047,0,False,2,-1.0,False,True,1.0905197823934911,False,True,False,8.4,1.608872490863482,0.25
B2,12.0,3,99.59999999999896,15,1.2000000000000455,1.2000000000000455,2.4999999999997584,1.5502631527143385,False,False,1.6240852076054972,0.2685028484065255,22.0,2.7371145586335555,0.29999999999752447,2.7371145586335555,21.0,0.8189427608987474,1.9047619047619047,0.8189427608987474,21.0,16.378855217974948,1.9047619047619047,0,False,2,-1.0,False,True,1.4369851432826166,False,True,False,8.4,1.608872490863482,0.25
B2,12.0,3,107.39999999999864,12,0.6,0.20000000000031548,3.299999999999841,1.4657829967427758,True,False,1.53240949659472,0.1804334563603858,23.0,2.4502518721503246,0.29999999999738236,,,,,0.6693646331297476,23.0,13.387292662594952,1.9130434782608696,2,False,1,0.0,True,False,1.2808134786240333,False,True,False,8.4,1.608872490863482,0.25
B2,12.0,3,107.99999999999814,5,1.100000000000378,1.100000000000378,0.39999999999918145,2.2399583426493113,False,False,2.341774630951553,0.3494556888023984,23.0,2.300367123588392,0.04999999999786553,2.049216119048943,22.0,0.585254755020177,1.9090909090909092,0.6284188222630238,23.0,12.568376445260476,1.9130434782608696,2,False,2,0.0,True,False,1.2024646327848412,False,True,False,8.4,1.608872490863482,0.25
B2,12.0,3,109.09999999999852,18,1.5,2.3999999999993236,1.100000000000378,1.7010203029817068,False,True,1.7820212697903592,0.2913909244567747,22.0,1.7997952625185911,0.1499999999974193,1.706336803288535,21.0,0.5105347776915385,1.9047619047619047,0.5140203249721926,22.0,10.280406499443853,1.9090909090909092,0,False,2,0.0,True,True,0.9427498994145,False,False,True,8.4,1.608872490863482,0.25
B2,12.0,3,111.49999999999784,6,1.5,2.0999999999998806,2.3999999999993236,1.3398963636743024,False,True,1.4068911818580176,0.2041239595692602,21.0,1.5675957451525553,0.299999999997965,1.5675957451525553,20.0,0.4924747276769885,1.9,0.4924747276769885,20.0,9.84949455353977,1.9,0,False,2,-1.0,False,True,0.8250503921855554,False,False,True,8.4,1.608872490863482,0.25
B2,12.0,3,113.59999999999772,9,1.5,1.8000000000009209,2.0999999999998806,1.351126262636792,False,True,1.4222381711966232,0.2139118231089483,20.0,2.467752485489256,0.5999999999979195,2.3868370633818814,19.0,0.7893126088038267,1.894736842105263,0.816070850451684,19.0,16.32141700903368,1.894736842105263,0,False,2,-1.0,False,True,1.3024249228971074,False,True,False,8.4,1.608872490863482,0.25
B2,12.0,3,119.39999999999829,15,0.6,0.09999999999955378,2.29999999999977,1.2516029303521443,True,False,1.3112030698927226,0.1415006598541822,22.0,2.0152036056272133,0.3999999999970498,,,,,0.5755408039023742,22.0,11.510816078047483,1.9090909090909092,1,False,2,0.0,True,False,1.055582841042826,False,True,False,8.4,1.608872490863482,0.25
B2,12.0,3,129.89999999999725,23,1.5,2.299999999999528,2.4999999999989626,1.6645399555346856,False,True,1.7369112579492372,0.4118113405697629,24.0,2.1403931613335017,1.49999999999838,2.025059798225184,23.0,0.5532098247986319,1.9130434782608696,0.5847168201251445,23.0,11.69433640250289,1.9130434782608696,0,True,2,-1.0,False,True,1.1188418797879667,False,True,False,8.4,1.608872490863482,0.25
B2,12.0,3,132.19999999999678,20,0.6,0.4000000000003183,2.299999999999528,2.48887320609556,True,False,2.6020038063726307,0.5852613038437643,23.0,3.514741721143889,0.2999999999991019,3.513244067689953,22.0,1.0033801593929708,1.9090909090909092,1.0038078882191988,22.0,20.076157764383975,1.9090909090909092,1,False,2,-1.0,False,False,1.8410551872658465,False,True,False,8.4,1.608872490863482,0.25
B2,12.0,3,132.5999999999971,22,0.6,0.3999999999996646,0.4000000000003183,3.351560116366687,True,False,3.511158217146053,0.7613392568464017,22.0,3.505282090254578,0.04999999999881766,3.294656916977324,21.0,0.9857590444261676,1.9047619047619047,1.0011062239548778,22.0,20.022124479097556,1.9090909090909092,2,False,2,0.0,True,False,1.8361001425143026,False,True,False,8.4,1.608872490863482,0.25
B2,12.0,3,132.99999999999676,16,1.5,4.900000000000489,0.3999999999996646,3.078115691416555,False,True,3.232021475987383,0.8177700171872461,21.0,3.208535436284993,0.04999999999924398,2.9670357586490512,20.0,0.9321217742310076,1.9,0.9599915576586148,21.0,19.199831153172294,1.9047619047619047,2,False,2,0.0,True,False,1.6844811040496215,False,True,False,8.4,1.608872490863482,0.25
B2,12.0,3,140.99999999999673,21,0.6,0.0999999999994543,0.3999999999996362,3.8964650625140727,True,False,4.073577110810167,0.8374383175206545,23.0,4.023729511986215,1.0800249583553523e-12,2.045556375660878,22.0,0.5842095347527252,1.9090909090909092,1.099210354338116,23.0,21.984207086762318,1.9130434782608696,4,False,3,0.0,True,False,2.103313153992794,False,True,False,8.4,1.608872490863482,0.25
B2,12.0,3,141.0999999999962,25,1.5,7.900000000000546,0.09999999999942588,2.0159058202318985,False,True,2.103553899372416,0.6162188595758104,24.0,2.2942190497713817,0.9000000000018531,2.1004402752764086,23.0,0.5738024120097815,1.9130434782608696,0.6552274284079571,22.0,13.104548568159142,1.9090909090909092,4,False,3,-2.0,True,False,1.2017337879754857,False,True,False,8.4,1.608872490863482,0.25
B2,12.0,3,150.39999999999574,11,1.5,inf,1.2999999999995566,1.4292761994797425,False,True,1.4914186429353833,0.2629001529654614,24.0,1.8812490040473224,0.2000000000042519,1.8812490040473224,23.0,0.5139233087554942,1.9130434782608696,0.5139233087554942,23.0,10.278466175109884,1.9130434782608696,0,False,2,-1.0,False,True,0.9833801612065549,True,False,False,8.4,1.608872490863482,0.25
baseline,12.0,4,21.400000000000038,19,1.5,8.0,4.300000000000054,1.01562838102219,False,True,1.0597861367188068,0.0398293719461486,24.0,1.996071319309046,0.20000000000013074,1.996071319309046,23.0,0.5452906950245726,1.9130434782608696,0.5452906950245726,23.0,10.905813900491452,1.9130434782608696,0,False,2,-1.0,False,True,1.0434009169115468,False,True,False,8.4,1.608872490863482,0.25
baseline,12.0,4,45.10000000000037,6,1.5,8.0,15.700000000000333,0.9666524303286668,False,True,1.0086807968646958,0.0076280135646234,24.0,1.9278709143057688,0.3499999999991914,1.927797923559173,23.0,0.5266396342834048,1.9130434782608696,0.5266595740393427,23.0,10.533191480786854,1.9130434782608696,0,False,2,-1.0,False,True,1.0077507052052883,True,False,False,8.4,1.608872490863482,0.25
baseline,12.0,4,54.4000000000005,11,1.5,7.0000000000000995,1.3000000000001322,1.0691665940316988,False,True,1.1156520981200335,0.094890646079005,24.0,2.0193335057209,0.29999999999852633,2.0193335057209,23.0,0.5516455049322175,1.9130434782608696,0.5516455049322175,23.0,11.03291009864435,1.9130434782608696,0,False,2,-1.0,False,True,1.0555606961722885,False,True,False,8.4,1.608872490863482,0.25
baseline,12.0,4,61.4000000000006,14,0.9999999999999005,0.9999999999999005,7.0000000000000995,1.078185210365778,False,False,1.127193629018768,0.0546767307329304,23.0,2.0341175351122804,0.29999999999802895,2.0341175351122804,22.0,0.580942609531538,1.9090909090909092,0.580942609531538,22.0,11.61885219063076,1.9090909090909092,0,False,2,-1.0,False,True,1.0654901374397658,False,True,False,8.4,1.608872490863482,0.25
baseline,12.0,4,63.20000000000063,17,1.5,3.3999999999998636,0.8000000000001251,1.5313329448455804,False,True,1.6009389877931066,0.2038278459723874,23.0,1.974570273255326,0.599999999997884,1.9558025580678744,22.0,0.5585759043907417,1.9090909090909092,0.5639359513141566,22.0,11.278719026283133,1.9090909090909092,1,False,2,-1.0,False,False,1.0342987145623137,False,True,False,8.4,1.608872490863482,0.25
baseline,12.0,4,66.60000000000049,5,1.5,2.800000000000111,3.3999999999998636,1.3980994437381271,False,True,1.4646756077256569,0.1507903593046759,22.0,1.7852093172656929,0.2999999999978513,1.7852093172656929,21.0,0.5341333786897096,1.9047619047619047,0.5341333786897096,21.0,10.682667573794191,1.9047619047619047,0,False,2,-1.0,False,True,0.9372348915644888,False,False,True,8.4,1.608872490863482,0.25
baseline,12.0,4,71.00000000000024,13,0.6,0.20000000000038654,1.599999999999639,1.0829777332098276,True,False,1.1345481014579146,0.1154551853314038,22.0,1.6545876414521885,0.4499999999978428,,,,,0.4725491253733325,22.0,9.45098250746665,1.9090909090909092,1,False,1,0.0,True,False,0.866688764570194,False,False,True,8.4,1.608872490863482,0.25
baseline,12.0,4,74.70000000000003,21,1.5,1.9999999999998863,0.09999999999953957,1.146790899472068,False,True,1.19891775853898,0.1629883261123249,23.0,2.037882844714127,0.2999999999978513,2.037882844714127,22.0,0.5820179794391427,1.9090909090909092,0.5820179794391427,22.0,11.640359588782854,1.9090909090909092,1,False,2,-1.0,False,False,1.0674624424693044,False,True,False,8.4,1.608872490863482,0.25
baseline,12.0,4,76.69999999999992,12,1.5,2.300000000000324,1.9999999999998863,1.47779348287256,False,True,1.5481646011045869,0.1841674168545913,22.0,1.9738130644374536,0.24999999999785416,1.9738130644374536,21.0,0.5905634878853583,1.9047619047619047,0.5905634878853583,21.0,11.811269757707166,1.9047619047619047,0,False,2,-1.0,False,True,1.0362518588296632,False,True,False,8.4,1.608872490863482,0.25
baseline,12.0,4,79.9,14,1.5,2.8000000000000256,0.8999999999997641,1.4099555433627904,False,True,1.477096283522923,0.195068104355553,22.0,1.490811911380183,0.14999999999758984,1.4264727803587691,21.0,0.4267996578400872,1.9047619047619047,0.4257748862432855,22.0,8.51549772486571,1.9090909090909092,1,False,2,0.0,True,False,0.7809014773896197,False,False,True,8.4,1.608872490863482,0.25
baseline,12.0,4,91.89999999999894,11,1.5,8.0,3.999999999998934,1.0280571978345503,False,True,1.0727553368708351,0.0765707663484187,24.0,1.7154014270655145,0.299999999997965,1.7154014270655145,23.0,0.4686167409762145,1.9130434782608696,0.4686167409762145,23.0,9.372334819524289,1.9130434782608696,0,False,2,-1.0,False,True,0.896687109602428,False,False,True,8.4,1.608872490863482,0.25
baseline,12.0,4,106.29999999999824,24,0.6,0.29999999999998295,6.399999999999295,1.0230185907953377,True,False,1.0674976599603525,0.0514909779882169,24.0,1.9960189985328955,0.2999999999978513,1.9960189985328955,23.0,0.5452764019318783,1.9130434782608696,0.5452764019318783,23.0,10.905528038637566,1.9130434782608696,1,False,3,-1.0,True,False,1.0433735674149227,False,True,False,8.4,1.608872490863482,0.25
baseline,12.0,4,106.59999999999822,18,1.5,7.700000000000017,0.29999999999998295,1.909235563814074,False,True,1.9960189985328955,0.2176416257559552,23.0,1.9959946974814395,0.04999999999786553,1.866616301621812,22.0,0.5331043691132757,1.9090909090909092,0.5452697633227714,23.0,10.905395266455429,1.9130434782608696,1,False,2,0.0,True,False,1.0433608645925707,False,True,False,8.4,1.608872490863482,0.25
baseline,12.0,4,116.59999999999764,16,1.199999999999946,1.199999999999946,1.9999999999994174,1.1304126745416199,False,False,1.1795610516956034,0.0913980124554273,24.0,1.763121409968033,0.29999999999786553,1.763121409968033,23.0,0.4816529799080391,1.9130434782608696,0.4816529799080391,23.0,9.633059598160782,1.9130434782608696,0,False,2,-1.0,False,True,0.9216316461196536,False,False,True,8.4,1.608872490863482,0.25
baseline,12.0,4,117.79999999999758,4,1.5,6.599999999999625,1.199999999999946,1.1818378760646466,False,True,1.2355577795221306,0.0921125088110419,23.0,2.000651339596167,0.29999999999786553,2.000651339596167,22.0,0.5713846864427179,1.9090909090909092,0.5713846864427179,22.0,11.427693728854358,1.9090909090909092,0,False,2,-1.0,False,True,1.0479602255027543,False,True,False,8.4,1.608872490863482,0.25
baseline,12.0,4,124.3999999999972,8,0.6,0.20000000000042917,6.599999999999625,1.0573173607213098,True,False,1.1076658064699434,0.0434671674659828,22.0,2.054689299146112,0.2999999999978513,,,,,0.586817891600635,22.0,11.7363578320127,1.9090909090909092,1,False,1,0.0,True,False,1.076265823362249,False,True,False,8.4,1.608872490863482,0.25
baseline,12.0,4,130.69999999999726,17,0.6999999999995623,0.6999999999995623,4.899999999999679,1.1426718769803166,False,False,1.194611507752149,0.0832007096865779,23.0,1.7135011149008423,0.24999999999826628,1.7135011149008423,22.0,0.4893747740445824,1.9090909090909092,0.4893747740445824,22.0,9.787495480891648,1.9090909090909092,0,False,2,-1.0,False,True,0.8975482030432983,False,False,True,8.4,1.608872490863482,0.25
baseline,12.0,4,131.39999999999682,7,1.0000000000003695,1.0000000000003695,0.6999999999995623,1.513127954158719,False,False,1.5851816662615152,0.1408355483656154,22.0,1.9622800610240771,0.24999999999886313,1.9622800610240771,21.0,0.5871128213332355,1.9047619047619047,0.5871128213332355,21.0,11.74225642666471,1.9047619047619047,1,False,2,-1.0,False,False,1.0301970320376406,False,True,False,8.4,1.608872490863482,0.25
baseline,12.0,4,137.59999999999692,4,1.1000000000003354,1.1000000000003354,5.199999999999733,1.0142693066572777,False,False,1.0625678450695288,0.0404474785586301,22.0,1.8876558411821345,0.25000000000017053,1.8876558411821345,21.0,0.5647853069679671,1.9047619047619047,0.5647853069679671,21.0,11.295706139359343,1.9047619047619047,0,False,2,-1.0,False,True,0.9910193166206207,True,False,False,8.4,1.608872490863482,0.25
baseline,12.0,4,139.09999999999724,17,0.6,0.29999999999958504,0.39999999999997726,1.3643490218237948,True,False,1.4293180228630231,0.1934164836475612,22.0,1.5438823615998554,0.4500000000002444,1.4404270270064732,21.0,0.4309747586738783,1.9047619047619047,0.4409317713826333,22.0,8.818635427652666,1.9090909090909092,2,False,2,0.0,True,False,0.8087002846475433,False,False,True,8.4,1.608872490863482,0.25
baseline,12.0,4,140.69999999999675,24,0.6,0.49999999999954525,1.299999999999926,1.1707352195372438,True,False,1.226484515705684,0.1198970817897637,22.0,1.900015510039816,0.35000000000107434,1.8968042603918605,21.0,0.5675225075947514,1.9047619047619047,0.5684833112426428,21.0,11.369666224852857,1.9047619047619047,2,False,2,-1.0,False,False,0.9975081427709034,True,False,False,8.4,1.608872490863482,0.25
baseline,12.0,4,141.1999999999963,3,0.6,0.0999999999999659,0.49999999999954525,1.802802580636816,True,False,1.8929427096686569,0.225913759896899,21.0,3.111770539232233,0.5000000000016769,2.0342084004916843,20.0,0.6390654166855319,1.9,1.0290437332325402,19.0,20.580874664650803,1.894736842105263,2,False,3,-2.0,True,False,1.6423233401503452,False,True,False,8.4,1.608872490863482,0.25
baseline,12.0,4,141.29999999999626,2,1.5,4.300000000000665,0.0999999999999659,1.7884052900921608,False,True,1.877825554596769,0.2240252167991361,21.0,3.131756124108453,0.5000000000017337,2.0342084004916843,20.0,0.6390654166855319,1.9,1.0356528455088378,19.0,20.713056910176757,1.894736842105263,2,False,3,-2.0,True,False,1.6528712877239058,False,True,False,8.4,1.608872490863482,0.25
baseline,12.0,4,146.7999999999963,11,0.6,0.3000000000009493,1.1999999999993634,1.4515780045320499,True,False,1.527976846875842,0.2205645125887442,20.0,1.7459010127212964,0.35000000000292175,1.6608323406197438,19.0,0.5492272294879292,1.894736842105263,0.5484909795460204,20.0,10.969819590920409,1.9,2,False,2,0.0,True,False,0.9188952698533139,False,False,True,8.4,1.608872490863482,0.25
baseline,12.0,4,147.3999999999959,23,1.3000000000008356,1.3000000000008356,0.29999999999867555,1.61415968025753,False,False,1.699115452902663,0.2955121478950944,20.0,2.2466631892875744,0.4000000000034447,2.236129712332299,19.0,0.739474597551264,1.894736842105263,0.7429579547954166,19.0,14.859159095908332,1.894736842105263,2,False,2,-1.0,False,False,1.185738905457331,False,True,False,8.4,1.608872490863482,0.25
baseline,12.0,4,150.89999999999662,4,1.5,1.8999999999988688,1.6000000000003638,1.5664878808810292,False,True,1.6410825418753638,0.2992644533922843,22.0,1.6205544818399582,3.439026841078885e-12,1.4801430551722037,21.0,0.4428577665134234,1.9047619047619047,0.4628292777173115,22.0,9.25658555434623,1.9090909090909092,0,False,2,0.0,True,True,0.848861871439978,False,False,True,8.4,1.608872490863482,0.25
baseline,12.0,4,152.7999999999955,6,0.6,0.100000000000108,1.8999999999988688,1.3177324975330014,True,False,1.3836191224096512,0.1937721752110452,21.0,2.0091930852517,0.30000000000507043,1.909026977709678,20.0,0.599738512867745,1.9,0.6644280248705421,19.0,13.288560497410842,1.894736842105263,2,False,3,-2.0,True,False,1.0604074616606196,False,True,False,8.4,1.608872490863482,0.25
baseline,12.0,4,152.8999999999956,9,0.6,0.3000000000004377,0.100000000000108,1.3098215293685014,True,False,1.3753126058369265,0.1928288337777184,21.0,2.0091930852517,0.20000000000496243,1.909026977709678,20.0,0.599738512867745,1.9,0.6644280248705421,19.0,13.288560497410842,1.894736842105263,2,False,4,-2.0,True,False,1.0604074616606196,False,True,False,8.4,1.608872490863482,0.25
baseline,12.0,4,153.19999999999604,16,1.5,1.6000000000002501,0.3000000000004377,1.9021674386310514,False,True,2.007843407443888,0.3503001840075389,19.0,2.00497821132445,4.575895218295045e-12,1.8464599233730987,18.0,0.6445361033796555,1.8888888888888888,0.6630341915057363,19.0,13.260683830114726,1.894736842105263,2,False,2,0.0,True,False,1.0581829448656819,False,True,False,8.4,1.608872490863482,0.25
B2,12.0,4,21.400000000000038,19,1.5,8.0,4.300000000000054,1.0257910826622765,False,True,1.0703906949519406,0.04758077493704,24.0,1.7936945595265057,0.250000000000135,1.7931975292739182,23.0,0.4898692334262877,1.9130434782608696,0.4900050131297782,23.0,9.800100262595564,1.9130434782608696,0,False,2,-1.0,False,True,0.937613065207037,False,False,True,8.4,1.608872490863482,0.25
B2,12.0,4,45.10000000000037,6,1.5,8.0,15.700000000000333,0.99343457740629,False,True,1.036627385119607,0.0243009818958626,24.0,1.856254999429669,0.3499999999991914,1.8561439087534628,23.0,0.5070650493691584,1.9130434782608696,0.5070953973389196,23.0,10.141907946778392,1.9130434782608696,0,False,2,-1.0,False,True,0.9703151133382361,False,False,True,8.4,1.608872490863482,0.25
B2,12.0,4,54.4000000000005,11,1.5,7.0000000000000995,1.3000000000001322,1.112642358172375,False,True,1.1610181128755217,0.0905373449051037,24.0,2.014830695605104,0.29999999999852633,2.014830695605104,23.0,0.5504154183948007,1.9130434782608696,0.5504154183948007,23.0,11.008308367896014,1.9130434782608696,0,False,2,-1.0,False,True,1.0532069545208498,False,True,False,8.4,1.608872490863482,0.25
B2,12.0,4,61.4000000000006,14,0.9999999999999005,0.9999999999999005,7.0000000000000995,1.1068374387150473,False,False,1.157148231383913,0.111939187172219,23.0,2.1806030868518333,0.29999999999802895,2.1806030868518333,22.0,0.6227787852771769,1.9090909090909092,0.6227787852771769,22.0,12.455575705543538,1.9090909090909092,0,False,2,-1.0,False,True,1.1422206645414366,False,True,False,8.4,1.608872490863482,0.25
B2,12.0,4,63.20000000000063,17,1.5,3.3999999999998636,0.8000000000001251,1.5368245108121819,False,True,1.6066801703945537,0.1733172145620936,23.0,2.1391941869532958,0.7999999999978726,2.051698938498827,22.0,0.5859638465968993,1.9090909090909092,0.6109524311213148,22.0,12.219048622426296,1.9090909090909092,1,False,2,-1.0,False,False,1.1205302884041073,False,True,False,8.4,1.608872490863482,0.25
B2,12.0,4,66.60000000000049,5,1.5,2.800000000000111,3.3999999999998636,1.5396424891985625,False,True,1.612958798208018,0.1887426453169293,22.0,1.7125066872381804,0.2999999999978513,1.7125066872381804,21.0,0.512380802652463,1.9047619047619047,0.512380802652463,21.0,10.24761605304926,1.9047619047619047,0,False,2,-1.0,False,True,0.8990660108000448,False,False,True,8.4,1.608872490863482,0.25
B2,12.0,4,71.00000000000024,13,0.6,0.20000000000038654,1.599999999999639,1.3968640987122605,True,False,1.4633814367461777,0.221002391334504,22.0,1.5048274703414504,0.5999999999978343,,,,,0.4297777205222557,22.0,8.595554410445114,1.9090909090909092,1,True,1,0.0,True,False,0.7882429606550454,False,False,True,8.4,1.608872490863482,0.25
B2,12.0,4,74.70000000000003,21,1.5,1.9999999999998863,0.09999999999953957,1.5049462259821373,False,True,1.5733528726176889,0.3080480037675807,23.0,2.8037833771936054,0.2999999999978513,2.8037833771936054,22.0,0.8007586600044192,1.9090909090909092,0.8007586600044192,22.0,16.015173200088384,1.9090909090909092,1,False,2,-1.0,False,False,1.4686484356728409,False,True,False,8.4,1.608872490863482,0.25
B2,12.0,4,76.69999999999992,12,1.5,2.300000000000324,1.9999999999998863,1.7265200081097787,False,True,1.8087352465911968,0.389998131885383,22.0,1.9058696144947644,0.199999999997857,1.8192391774722751,21.0,0.5443150890542512,1.9047619047619047,0.5443150890542512,22.0,10.886301781085024,1.9090909090909092,0,False,2,0.0,True,True,0.9983126552115432,True,False,False,8.4,1.608872490863482,0.25
B2,12.0,4,79.9,14,1.5,2.8000000000000256,0.8999999999997641,1.5977943739880338,False,True,1.6738798203684164,0.3296293195012871,22.0,1.657350215155411,0.04999999999759552,1.534332216182596,21.0,0.4590711255738466,1.9047619047619047,0.4733381145779729,22.0,9.466762291559458,1.9090909090909092,1,False,2,0.0,True,False,0.8681358269861675,False,False,True,8.4,1.608872490863482,0.25
B2,12.0,4,91.89999999999894,11,1.5,8.0,3.999999999998934,1.2030451381545764,False,True,1.255351448509123,0.1310669478005568,24.0,1.808427656795907,0.34999999999796216,1.8061420374477533,23.0,0.4934054396683098,1.9130434782608696,0.4940298296642282,23.0,9.880596593284563,1.9130434782608696,0,False,2,-1.0,False,True,0.9453144569614969,False,False,True,8.4,1.608872490863482,0.25
B2,12.0,4,106.29999999999824,24,0.6,0.29999999999998295,6.399999999999295,1.0937980814028059,True,False,1.141354519724667,0.0969016531012784,24.0,2.0685304124099697,0.5999999999978485,1.7812476620171769,23.0,0.486604745149318,1.9130434782608696,0.5907709043049296,22.0,11.815418086098592,1.9090909090909092,1,True,3,-2.0,True,False,1.0835159303099842,False,True,False,8.4,1.608872490863482,0.25
B2,12.0,4,106.59999999999822,18,1.5,7.700000000000017,0.29999999999998295,1.7038021114946909,False,True,1.7812476620171769,0.1899875555073323,23.0,2.0685304124099697,0.29999999999786553,2.0685304124099697,22.0,0.5907709043049296,1.9090909090909092,0.5907709043049296,22.0,11.815418086098592,1.9090909090909092,1,False,2,-1.0,False,False,1.0835159303099842,False,True,False,8.4,1.608872490863482,0.25
B2,12.0,4,116.59999999999764,16,1.199999999999946,1.199999999999946,1.9999999999994174,1.3881479987687477,False,False,1.4485022595847803,0.1786365343179044,24.0,2.3042857584757512,0.4499999999978428,2.2846227514879733,23.0,0.6241177436781493,1.9130434782608696,0.629489322660783,23.0,12.589786453215659,1.9130434782608696,0,False,2,-1.0,False,True,1.2045130101123245,False,True,False,8.4,1.608872490863482,0.25
B2,12.0,4,117.79999999999758,4,1.5,6.599999999999625,1.199999999999946,1.884518553626519,False,True,1.97017848788227,0.2979552844170016,23.0,1.897178717036219,0.04999999999786553,1.7258025562974897,22.0,0.4928880574918799,1.9090909090909092,0.5182750191293821,23.0,10.365500382587642,1.9130434782608696,0,False,2,0.0,True,True,0.9917070566325691,True,False,False,8.4,1.608872490863482,0.25
B2,12.0,4,124.3999999999972,8,0.6,0.20000000000042917,6.599999999999625,1.3994864829598637,True,False,1.466128696434143,0.2145194817146365,22.0,1.776092378160714,0.2999999999978513,,,,,0.507250797029684,22.0,10.14501594059368,1.9090909090909092,1,False,1,0.0,True,False,0.9303341028460883,False,False,True,8.4,1.608872490863482,0.25
B2,12.0,4,130.69999999999726,17,0.6999999999995623,0.6999999999995623,4.899999999999679,1.5625549787512854,False,False,1.633580205058162,0.2740309047679805,23.0,1.7975602266107529,0.24999999999826628,1.7975602266107529,22.0,0.513382000209595,1.9090909090909092,0.513382000209595,22.0,10.2676400041919,1.9090909090909092,0,False,2,-1.0,False,True,0.9415791663199181,False,False,True,8.4,1.608872490863482,0.25
B2,12.0,4,131.39999999999682,7,1.0000000000003695,1.0000000000003695,0.6999999999995623,1.5844335298010395,False,False,1.6598827455058511,0.2990962545044616,22.0,2.090934707781313,0.24999999999886313,2.090934707781313,21.0,0.6256062016287327,1.9047619047619047,0.6256062016287327,21.0,12.512124032574654,1.9047619047619047,1,False,2,-1.0,False,False,1.0977407215851893,False,True,False,8.4,1.608872490863482,0.25
B2,12.0,4,137.59999999999692,4,1.1000000000003354,1.1000000000003354,5.199999999999733,1.5860378855162773,False,False,1.6615634991122905,0.2419568924152459,22.0,1.6624540184031729,0.050000000000125056,1.5193457693003267,21.0,0.4545871911520609,1.9047619047619047,0.4747957573769308,22.0,9.495915147538616,1.9090909090909092,0,False,2,0.0,True,True,0.8708092477349952,False,False,True,8.4,1.608872490863482,0.25
B2,12.0,4,139.09999999999724,17,0.6,0.29999999999958504,0.39999999999997726,1.4951515545086054,True,False,1.5663492475804437,0.2641154398419038,22.0,1.5857819147390977,0.5500000000002672,1.3887545921076627,21.0,0.4155144023051926,1.9047619047619047,0.452898255776355,22.0,9.0579651155271,1.9090909090909092,2,True,2,0.0,True,False,0.8306476696252416,False,False,True,8.4,1.608872490863482,0.25
B2,12.0,4,140.69999999999675,24,0.6,0.49999999999954525,1.299999999999926,1.4961253225131257,True,False,1.567369385489941,0.2329672032890709,22.0,1.631290561335052,0.35000000000107434,1.6240728530200206,21.0,0.4859214613278393,1.9047619047619047,0.4880809946057685,21.0,9.76161989211537,1.9047619047619047,2,False,2,-1.0,False,False,0.8564275447009023,False,False,True,8.4,1.608872490863482,0.25
B2,12.0,4,141.1999999999963,3,0.6,0.0999999999999659,0.49999999999954525,1.5452870464334136,True,False,1.6225513987550844,0.2404293579135631,21.0,3.019252111558811,0.3000000000016314,1.7075057524614845,20.0,0.5364287527895311,1.9,0.998448447685119,19.0,19.96896895370238,1.894736842105263,2,False,3,-2.0,True,False,1.5934941699893725,False,True,False,8.4,1.608872490863482,0.25
B2,12.0,4,141.29999999999626,2,1.5,4.300000000000665,0.0999999999999659,1.5251499395542685,False,True,1.601407436531982,0.2314012598342823,21.0,3.019252111558811,0.2000000000016655,1.7075057524614845,20.0,0.5364287527895311,1.9,0.998448447685119,19.0,19.96896895370238,1.894736842105263,2,False,3,-2.0,True,False,1.5934941699893725,False,True,False,8.4,1.608872490863482,0.25
B2,12.0,4,146.7999999999963,11,0.6,0.3000000000009493,1.1999999999993634,1.3341809010034622,True,False,1.404400948424697,0.2163766475051601,20.0,2.100748125232698,0.35000000000292175,2.002161771135534,19.0,0.6621028117366023,1.894736842105263,0.6599694877273574,20.0,13.199389754547148,1.9,2,False,2,0.0,True,False,1.1056569080172094,False,True,False,8.4,1.608872490863482,0.25
B2,12.0,4,147.3999999999959,23,1.3000000000008356,1.3000000000008356,0.29999999999867555,1.950024510569774,False,False,2.0526573795471306,0.3858498381064031,20.0,2.032851472674421,3.353761712787673e-12,1.9996482226952887,19.0,0.6612715964403586,1.894736842105263,0.6386391252393153,20.0,12.772782504786306,1.9,2,False,2,0.0,True,False,1.0699218277233795,False,True,False,8.4,1.608872490863482,0.25
B2,12.0,4,150.89999999999662,4,1.5,1.8999999999988688,1.6000000000003638,1.6280345872246165,False,True,1.7055600437591218,0.4004803185630775,22.0,1.7594713996563902,0.6500000000035868,1.630313798443125,21.0,0.487788747831904,1.9047619047619047,0.5264326117487492,21.0,10.528652234974984,1.9047619047619047,0,False,2,-1.0,False,True,0.923722484819605,False,False,True,8.4,1.608872490863482,0.25
B2,12.0,4,152.7999999999955,6,0.6,0.100000000000108,1.8999999999988688,1.5349171928344636,True,False,1.6116630524761868,0.3277739672862226,21.0,1.9615486076799575,0.25000000000505906,1.9615486076799575,20.0,0.6162386695546642,1.9,0.6162386695546642,20.0,12.324773391093284,1.9,2,False,3,-1.0,True,False,1.032394004042083,False,True,False,8.4,1.608872490863482,0.25
B2,12.0,4,152.8999999999956,9,0.6,0.3000000000004377,0.100000000000108,1.5640520663402009,True,False,1.642254669657211,0.3274238634604947,21.0,1.9615486076799575,0.15000000000495106,1.9615486076799575,20.0,0.6162386695546642,1.9,0.6162386695546642,20.0,12.324773391093284,1.9,2,False,4,-1.0,True,False,1.032394004042083,False,True,False,8.4,1.608872490863482,0.25
B2,12.0,4,153.19999999999604,16,1.5,1.6000000000002501,0.3000000000004377,1.7499299553500407,False,True,1.8471482862028208,0.4071491070234272,19.0,1.8421190987530736,0.2500000000046043,1.8421190987530736,18.0,0.6430208697422342,1.8888888888888888,0.6430208697422342,18.0,12.860417394844683,1.8888888888888888,2,False,2,-1.0,False,False,0.9752395228692743,False,False,True,8.4,1.608872490863482,0.25
baseline,12.0,5,30.20000000000016,19,0.9000000000000092,0.9000000000000092,inf,0.9587940810788931,False,False,1.0004807802562363,0.0003136100916133,24.0,1.9163594522218717,0.25000000000013856,1.916357948849785,23.0,0.5235144394569469,1.9130434782608696,0.5235148501510949,23.0,10.470297003021898,1.9130434782608696,0,False,2,-1.0,False,True,1.0017333500250691,True,False,False,8.4,1.608872490863482,0.25
baseline,12.0,5,31.10000000000017,9,1.5,4.300000000000065,0.9000000000000092,1.6251681812948509,False,True,1.6990394622627984,0.1520632601504557,23.0,1.8339708808149005,0.2000000000001414,1.8339708808149005,22.0,0.5237808587332449,1.9090909090909092,0.5237808587332449,22.0,10.475617174664897,1.9090909090909092,1,False,2,-1.0,False,False,0.9606514137601859,False,False,True,8.4,1.608872490863482,0.25
baseline,12.0,5,35.40000000000023,24,1.5,2.799999999999926,4.300000000000065,1.0941138560868107,False,True,1.1462145159004684,0.0699915369872014,22.0,1.7907543174856957,0.3499999999998735,1.790272382791014,21.0,0.5356482443524708,1.9047619047619047,0.5357924388759301,21.0,10.715848777518602,1.9047619047619047,0,False,2,-1.0,False,True,0.9401460166799903,False,False,True,8.4,1.608872490863482,0.25
baseline,12.0,5,45.90000000000038,5,1.5,3.999999999999943,2.500000000000149,1.0862070444342173,False,True,1.1334334376704875,0.0679777697801299,24.0,2.026872618080183,0.2999999999991303,2.026872618080183,23.0,0.5537050544976534,1.9130434782608696,0.5537050544976534,23.0,11.074101089953068,1.9130434782608696,0,False,2,-1.0,False,True,1.0595015958146412,False,True,False,8.4,1.608872490863482,0.25
baseline,12.0,5,49.900000000000325,19,1.5,4.000000000000057,3.999999999999943,1.1381474085813956,False,True,1.189881381698732,0.0811286746037072,23.0,1.8455911290341789,0.29999999999895977,1.8455911290341789,22.0,0.5270995938640244,1.9090909090909092,0.5270995938640244,22.0,10.541991877280488,1.9090909090909092,0,False,2,-1.0,False,True,0.9667382104464746,False,False,True,8.4,1.608872490863482,0.25
baseline,12.0,5,57.50000000000055,18,0.6,0.3999999999997783,3.600000000000165,1.0637914276661846,True,False,1.112145583469193,0.0702590260132834,23.0,2.0720009857465684,0.29999999999830607,2.0720009857465684,22.0,0.5917620977320208,1.9090909090909092,0.5917620977320208,22.0,11.835241954640416,1.9090909090909092,1,False,2,-1.0,False,False,1.085333849676774,False,True,False,8.4,1.608872490863482,0.25
baseline,12.0,5,78.3999999999998,18,1.5,1.6999999999996902,12.899999999999267,0.9831909668385416,False,True,1.0259384001793477,0.0180288744754824,24.0,1.864677202667521,0.3499999999978627,1.864668522914977,23.0,0.5093938202582455,1.9130434782608696,0.5093961914101435,23.0,10.18792382820287,1.9130434782608696,0,False,2,-1.0,False,True,0.9747176286671132,False,False,True,8.4,1.608872490863482,0.25
baseline,12.0,5,80.0999999999995,19,0.7000000000001876,0.7000000000001876,1.6999999999996902,1.3039250418850425,False,False,1.3631943619707263,0.1074023297589044,23.0,2.1410290902618287,0.2999999999980787,2.1410290902618287,22.0,0.6114764782807818,1.9090909090909092,0.6114764782807818,22.0,12.229529565615636,1.9090909090909092,0,False,2,-1.0,False,True,1.1214914282323865,False,True,False,8.4,1.608872490863482,0.25
baseline,12.0,5,80.79999999999968,15,1.5,5.299999999999699,0.7000000000001876,1.8856220615092931,False,True,1.975413588247831,0.2345720890996948,22.0,1.975413588247831,0.04999999999786553,1.8749218055434695,21.0,0.5609752924143501,1.9047619047619047,0.5641768015128035,22.0,11.28353603025607,1.9090909090909092,1,False,2,0.0,True,False,1.034740450986959,False,True,False,8.4,1.608872490863482,0.25
baseline,12.0,5,86.09999999999938,16,0.6,0.3000000000004235,5.299999999999699,1.3366900584356334,True,False,1.403524561357415,0.1839795322033897,21.0,2.180427990862642,0.39999999999784563,2.0823057951078416,20.0,0.6541756588438248,1.9,0.6523825293119647,21.0,13.047650586239294,1.9047619047619047,1,False,2,0.0,True,False,1.144724695202887,False,True,False,8.4,1.608872490863482,0.25
baseline,12.0,5,92.09999999999904,12,1.5,2.000000000000341,3.2999999999993577,1.3519869541990313,False,True,1.4134409066626237,0.1325735850996128,23.0,1.8957477753185648,0.49999999999783995,1.8876272981067577,22.0,0.5391050956770673,1.9090909090909092,0.5414242985454543,22.0,10.828485970909085,1.9090909090909092,0,False,2,-1.0,False,True,0.9930107394525814,True,False,False,8.4,1.608872490863482,0.25
baseline,12.0,5,99.19999999999864,17,0.9000000000004036,0.9000000000004036,5.099999999999255,1.141829542249008,False,False,1.1937308850785082,0.1045495532136082,23.0,1.6450471240156903,0.2999999999978371,1.6450471240156903,22.0,0.4698243599651555,1.9090909090909092,0.4698243599651555,22.0,9.39648719930311,1.9090909090909092,0,False,2,-1.0,False,True,0.8616913506748853,False,False,True,8.4,1.608872490863482,0.25
baseline,12.0,5,100.69999999999855,11,1.5,6.500000000000085,0.5999999999995111,1.1461180880679682,False,True,1.1982143647983303,0.1730742151013314,23.0,1.7625259661074282,0.2999999999978513,1.7625259661074282,22.0,0.5033762388076681,1.9090909090909092,0.5033762388076681,22.0,10.067524776153363,1.9090909090909092,1,False,2,-1.0,False,False,0.9232278870086528,False,False,True,8.4,1.608872490863482,0.25
baseline,12.0,5,112.69999999999789,13,1.5,3.1999999999997897,3.999999999999332,1.0919664613703361,False,True,1.1394432640386116,0.0874391149441893,24.0,1.729086026497151,0.34999999999783427,1.728696631015257,23.0,0.4722487509811266,1.9130434782608696,0.4723551268059318,23.0,9.447102536118635,1.9130434782608696,0,False,2,-1.0,False,True,0.9038404229416925,False,False,True,8.4,1.608872490863482,0.25
baseline,12.0,5,115.89999999999768,22,1.5,1.8999999999999062,3.1999999999997897,1.1148974102786675,False,True,1.165574565291334,0.0697209528977266,23.0,1.829949590122716,0.29999999999786553,1.829949590122716,22.0,0.522632380797198,1.9090909090909092,0.522632380797198,22.0,10.45264761594396,1.9090909090909092,0,False,2,-1.0,False,True,0.9585450233976132,False,False,True,8.4,1.608872490863482,0.25
baseline,12.0,5,117.79999999999758,8,1.5,2.900000000000304,1.8999999999999062,1.3357775964736354,False,True,1.3993860534485705,0.1237774720810664,22.0,1.873911811832778,0.3499999999978627,1.873892905306328,21.0,0.5606674461832757,1.9047619047619047,0.5606731030027614,21.0,11.213462060055228,1.9047619047619047,0,False,2,-1.0,False,True,0.9838037012122085,True,False,False,8.4,1.608872490863482,0.25
baseline,12.0,5,123.99999999999712,5,1.5,1.8000000000004661,0.09999999999944009,1.1458301663921413,False,True,1.1979133557736024,0.1771752613244429,23.0,2.190541378329572,0.299999999997965,2.190541378329572,22.0,0.6256171546858766,1.9090909090909092,0.6256171546858766,22.0,12.512343093717533,1.9090909090909092,1,False,2,-1.0,False,False,1.147426436267871,False,True,False,8.4,1.608872490863482,0.25
baseline,12.0,5,129.39999999999694,14,1.5,2.600000000000165,3.599999999999355,1.3998423168079799,False,True,1.4634715130265243,0.1252702177478919,23.0,1.7944848929982482,0.29999999999830607,1.7939639192536865,22.0,0.5123548972302303,1.9090909090909092,0.512503686983742,22.0,10.250073739674841,1.9090909090909092,0,False,2,-1.0,False,True,0.9399682772847966,False,False,True,8.4,1.608872490863482,0.25
baseline,12.0,5,139.59999999999624,24,1.5,8.0,2.1999999999993065,1.0437914121400265,False,True,1.0891736474504623,0.0767960493441433,24.0,2.0185199147005184,0.2500000000013074,2.0185199147005184,23.0,0.5514232465345952,1.9130434782608696,0.5514232465345952,23.0,11.028464930691904,1.9130434782608696,0,False,2,-1.0,False,True,1.055135409957089,False,True,False,8.4,1.608872490863482,0.25
baseline,12.0,5,149.29999999999623,18,0.6,0.2999999999995566,1.6999999999999886,1.0851645748249241,True,False,1.132345643295573,0.0789501542290946,24.0,1.970847239955219,0.2500000000035243,1.970847239955219,23.0,0.538399931338351,1.9130434782608696,0.538399931338351,23.0,10.76799862676702,1.9130434782608696,1,False,3,-1.0,True,False,1.0302156027038645,False,True,False,8.4,1.608872490863482,0.25
baseline,12.0,5,149.5999999999958,7,1.5,inf,0.2999999999995566,1.8851582295223834,False,True,1.970847239955219,0.2184550993256343,23.0,1.9701288299388928,3.979039320256561e-12,1.871418467489535,22.0,0.5344758644779448,1.9090909090909092,0.5382036746749113,23.0,10.764073493498225,1.9130434782608696,1,False,2,0.0,True,False,1.0298400701953303,False,True,False,8.4,1.608872490863482,0.25
B2,12.0,5,30.20000000000016,19,0.9000000000000092,0.9000000000000092,inf,0.9587940810788931,False,False,1.0004807802562363,0.0003136100916133,24.0,1.9163594522218717,0.25000000000013856,1.916357948849785,23.0,0.5235144394569469,1.9130434782608696,0.5235148501510949,23.0,10.470297003021898,1.9130434782608696,0,False,2,-1.0,False,True,1.0017333500250691,True,False,False,8.4,1.608872490863482,0.25
B2,12.0,5,31.10000000000017,9,1.5,4.300000000000065,0.9000000000000092,1.6251681812948509,False,True,1.6990394622627984,0.1520632601504557,23.0,1.8339708808149005,0.2000000000001414,1.8339708808149005,22.0,0.5237808587332449,1.9090909090909092,0.5237808587332449,22.0,10.475617174664897,1.9090909090909092,1,False,2,-1.0,False,False,0.9606514137601859,False,False,True,8.4,1.608872490863482,0.25
B2,12.0,5,35.40000000000023,24,1.5,2.799999999999926,4.300000000000065,1.1538220830567096,False,True,1.2087659917736957,0.0973306300384125,22.0,1.731840644586199,0.3999999999998707,1.7278110623281058,21.0,0.5169598609715385,1.9047619047619047,0.51816550916383,21.0,10.3633101832766,1.9047619047619047,0,False,2,-1.0,False,True,0.9092163384077545,False,False,True,8.4,1.608872490863482,0.25
B2,12.0,5,45.90000000000038,5,1.5,3.999999999999943,2.500000000000149,1.0473650881704395,False,True,1.092902700699589,0.0414156592847035,24.0,1.955999205625496,0.34999999999912745,1.954012990499476,23.0,0.5338011179106239,1.9130434782608696,0.5343437160713504,23.0,10.686874321427009,1.9130434782608696,0,False,2,-1.0,False,True,1.0224541302133274,False,True,False,8.4,1.608872490863482,0.25
B2,12.0,5,49.900000000000325,19,1.5,4.000000000000057,3.999999999999943,1.1839940691112256,False,True,1.237811981343554,0.1214786021197374,23.0,1.7421873289366725,0.29999999999895977,1.7421873289366725,22.0,0.4975675376149704,1.9090909090909092,0.4975675376149704,22.0,9.951350752299408,1.9090909090909092,0,False,2,-1.0,False,True,0.9125743151573046,False,False,True,8.4,1.608872490863482,0.25
B2,12.0,5,57.50000000000055,18,0.6,0.3999999999997783,3.600000000000165,1.0953290904531918,True,False,1.1451167763828825,0.0745707672688681,23.0,2.073857450549946,0.29999999999830607,2.073857450549946,22.0,0.5922923028400153,1.9090909090909092,0.5922923028400153,22.0,11.845846056800307,1.9090909090909092,1,False,2,-1.0,False,False,1.0863062836214004,False,True,False,8.4,1.608872490863482,0.25
B2,12.0,5,78.3999999999998,18,1.5,1.6999999999996902,12.899999999999267,0.9987364170547274,False,True,1.0421597395353677,0.0304075414256068,24.0,1.9755830667172365,0.29999999999786553,1.9754758205755247,23.0,0.5396643761099424,1.9130434782608696,0.5396936738221969,23.0,10.793873476443938,1.9130434782608696,0,False,2,-1.0,False,True,1.0326911485112826,False,True,False,8.4,1.608872490863482,0.25
B2,12.0,5,80.0999999999995,19,0.7000000000001876,0.7000000000001876,1.6999999999996902,1.3812422780367464,False,False,1.4440260179475075,0.1401618181256799,23.0,2.248003931058516,0.2999999999980787,2.248003931058516,22.0,0.6420284213685825,1.9090909090909092,0.6420284213685825,22.0,12.84056842737165,1.9090909090909092,0,False,2,-1.0,False,True,1.1775258686496988,False,True,False,8.4,1.608872490863482,0.25
B2,12.0,5,80.79999999999968,15,1.5,5.299999999999699,0.7000000000001876,2.019713061185497,False,True,2.1158898736229013,0.2732853986348278,22.0,2.1158898736229013,0.04999999999786553,1.868843686738954,21.0,0.559156723520644,1.9047619047619047,0.6042967347980674,22.0,12.085934695961349,1.9090909090909092,1,False,2,0.0,True,False,1.1083232671358054,False,True,False,8.4,1.608872490863482,0.25
B2,12.0,5,86.09999999999938,16,0.6,0.3000000000004235,5.299999999999699,1.2870411124167058,True,False,1.351393168037541,0.1871503306569036,21.0,2.532398314639677,0.39999999999784563,2.421891608461201,20.0,0.7608596884932477,1.9,0.7576918039271603,21.0,15.153836078543206,1.9047619047619047,1,False,2,0.0,True,False,1.3295091151858305,False,True,False,8.4,1.608872490863482,0.25
B2,12.0,5,92.09999999999904,12,1.5,2.000000000000341,3.2999999999993577,1.3663453312063474,False,True,1.4284519371702722,0.1332056702066127,23.0,1.9513352824569472,0.4499999999978428,1.9447564152717889,22.0,0.5554211333854067,1.9090909090909092,0.5573000534597554,22.0,11.146001069195108,1.9090909090909092,0,False,2,-1.0,False,True,1.022128005096496,False,True,False,8.4,1.608872490863482,0.25
B2,12.0,5,99.19999999999864,17,0.9000000000004036,0.9000000000004036,5.099999999999255,1.3024957245491569,False,False,1.3617000756650277,0.1520956560702489,23.0,1.799656525180758,0.2999999999978371,1.799656525180758,22.0,0.5139807016811639,1.9090909090909092,0.5139807016811639,22.0,10.279614033623279,1.9090909090909092,0,False,2,-1.0,False,True,0.9426772274756351,False,False,True,8.4,1.608872490863482,0.25
B2,12.0,5,100.69999999999855,11,1.5,6.500000000000085,0.5999999999995111,1.269233230303398,False,True,1.3269256498626434,0.1884439677596049,23.0,1.742502229174001,0.49999999999783995,1.72236002479825,22.0,0.4919048727948105,1.9090909090909092,0.4976574729124436,22.0,9.953149458248872,1.9090909090909092,1,False,2,-1.0,False,False,0.9127392629006672,False,False,True,8.4,1.608872490863482,0.25
B2,12.0,5,112.69999999999789,13,1.5,3.1999999999997897,3.999999999999332,1.5663162842217793,False,True,1.6344169922314218,0.2796161886912148,24.0,1.7163505517057815,0.24999999999783995,1.655572263630148,23.0,0.4522724922528258,1.9130434782608696,0.4493395236853059,24.0,8.986790473706117,1.9166666666666667,0,False,2,0.0,True,True,0.8954872443682338,False,False,True,8.4,1.608872490863482,0.25
B2,12.0,5,115.89999999999768,22,1.5,1.8999999999999062,3.1999999999997897,1.6894935869331598,False,True,1.7662887499755762,0.3118299900556825,23.0,1.8087142203994808,1.4999999999978115,1.6926103759270312,22.0,0.4834083929456563,1.9090909090909092,0.5165675733863999,22.0,10.331351467727998,1.9090909090909092,0,True,2,-1.0,False,True,0.9474217344949661,False,False,True,8.4,1.608872490863482,0.25
B2,12.0,5,117.79999999999758,8,1.5,2.900000000000304,1.8999999999999062,1.6515210597983623,False,True,1.7301649197887603,0.320155933076928,22.0,2.6275316216197995,0.39999999999785985,2.60704176140993,21.0,0.7800250709759267,1.9047619047619047,0.7861556228148228,21.0,15.723112456296455,1.9047619047619047,0,False,2,-1.0,False,True,1.3794541013503947,False,True,False,8.4,1.608872490863482,0.25
B2,12.0,5,123.99999999999712,5,1.5,1.8000000000004661,0.09999999999944009,1.670392631361836,False,True,1.7463195691510105,0.3419268586662151,23.0,2.5379801782787546,0.299999999997965,2.5379801782787546,22.0,0.724845443912459,1.9090909090909092,0.724845443912459,22.0,14.49690887824918,1.9090909090909092,1,False,2,-1.0,False,False,1.3294181886222047,False,True,False,8.4,1.608872490863482,0.25
B2,12.0,5,129.39999999999694,14,1.5,2.600000000000165,3.599999999999355,1.2830714919345392,False,True,1.341392923386109,0.2150898770845159,23.0,1.9118477898054265,0.2499999999982947,1.9118477898054265,22.0,0.5460224519304191,1.9090909090909092,0.5460224519304191,22.0,10.920449038608382,1.9090909090909092,0,False,2,-1.0,False,True,1.001444080374271,True,False,False,8.4,1.608872490863482,0.25
B2,12.0,5,139.59999999999624,24,1.5,8.0,2.1999999999993065,1.2173357798566848,False,True,1.2702634224591494,0.1364842234130967,24.0,1.6047961380643705,0.30000000000131877,1.602043460420848,23.0,0.437649388346931,1.9130434782608696,0.4384013702480258,23.0,8.768027404960515,1.9130434782608696,0,False,2,-1.0,False,True,0.8388707085336482,False,False,True,8.4,1.608872490863482,0.25
B2,12.0,5,149.29999999999623,18,0.6,0.2999999999995566,1.6999999999999886,1.0375229207756094,True,False,1.0826326129832446,0.0881015905711296,24.0,1.9152681970534904,0.5000000000035811,1.8250655864862249,23.0,0.4985750120717105,1.9130434782608696,0.5469993179561286,22.0,10.939986359122571,1.9090909090909092,1,False,3,-2.0,True,False,1.003235722266114,True,False,False,8.4,1.608872490863482,0.25
B2,12.0,5,149.5999999999958,7,1.5,inf,0.2999999999995566,1.745714908812911,False,True,1.8250655864862249,0.1909923305185618,23.0,1.9152681970534904,0.20000000000402451,1.9152681970534904,22.0,0.5469993179561286,1.9090909090909092,0.5469993179561286,22.0,10.939986359122571,1.9090909090909092,1,False,2,-1.0,False,False,1.003235722266114,True,False,False,8.4,1.608872490863482,0.25
baseline,12.0,6,22.50000000000005,5,0.9999999999999112,0.9999999999999112,4.000000000000071,1.1457223198751836,False,False,1.1978006071422374,0.0774975770142942,23.0,1.8934779906030952,0.30000000000013927,1.874032833110304,22.0,0.5352225255532179,1.9090909090909092,0.5407760495466043,22.0,10.815520990932086,1.9090909090909092,0,False,2,-1.0,False,True,0.9918218046016213,True,False,False,8.4,1.608872490863482,0.25
baseline,12.0,6,28.20000000000013,3,1.5,2.299999999999919,4.70000000000017,1.0920181565460592,False,True,1.141655345479971,0.0601121790264162,23.0,2.069077326387797,0.20000000000013785,2.069077326387797,22.0,0.5909271025717375,1.9090909090909092,0.5909271025717375,22.0,11.81854205143475,1.9090909090909092,0,False,2,-1.0,False,True,1.0838024090602745,False,True,False,8.4,1.608872490863482,0.25
baseline,12.0,6,50.300000000000445,9,0.8000000000000114,0.8000000000000114,14.100000000000314,0.999293758209958,False,False,1.0427413129147387,0.033605002734916,24.0,1.88192969492365,0.29999999999881766,1.88192969492365,23.0,0.5141092612299669,1.9130434782608696,0.5141092612299669,23.0,10.282185224599338,1.9130434782608696,0,False,2,-1.0,False,True,0.9837359768919078,True,False,False,8.4,1.608872490863482,0.25
baseline,12.0,6,51.100000000000456,12,1.5,3.2000000000000455,0.8000000000000114,1.653399611988318,False,True,1.728554139805969,0.1590445910208872,23.0,1.8602731612315409,0.34999999999875797,1.858778657813818,22.0,0.530865943276126,1.9090909090909092,0.5312927724541154,22.0,10.625855449082309,1.9090909090909092,1,False,2,-1.0,False,False,0.9744287987403308,False,False,True,8.4,1.608872490863482,0.25
baseline,12.0,6,54.3000000000005,16,1.5,3.999999999999943,3.2000000000000455,1.4400128769967897,False,True,1.5085849187585416,0.153587606215853,22.0,1.848245691372492,0.3499999999985306,1.846866273663088,21.0,0.5525810969050204,1.9047619047619047,0.5529938177185532,21.0,11.059876354371063,1.9047619047619047,0,False,2,-1.0,False,True,0.9703289879705583,False,False,True,8.4,1.608872490863482,0.25
baseline,12.0,6,67.00000000000047,11,1.5,3.799999999999784,4.699999999999967,1.0445364061891056,False,True,1.0899510325451536,0.046648810922658,24.0,1.8739794014547173,0.2999999999978513,1.8739794014547173,23.0,0.5119373843990207,1.9130434782608696,0.5119373843990207,23.0,10.238747687980414,1.9130434782608696,0,False,2,-1.0,False,True,0.9795801416695112,False,False,True,8.4,1.608872490863482,0.25
baseline,12.0,6,70.80000000000025,10,1.5,3.799999999999784,3.799999999999784,1.0909519528155989,False,True,1.1405406779435807,0.0525428720808228,23.0,2.034278976491731,0.3499999999978485,2.0337638606878587,22.0,0.5808416003521266,1.9090909090909092,0.5809887170816896,22.0,11.619774341633793,1.9090909090909092,0,False,2,-1.0,False,True,1.065574701971859,False,True,False,8.4,1.608872490863482,0.25
baseline,12.0,6,74.60000000000004,18,0.6,0.400000000000432,3.799999999999784,1.3727645572510696,True,False,1.438134298072549,0.1229219202400239,22.0,1.8292892366342577,0.49999999999783995,1.7610130347129287,21.0,0.526893867879048,1.9047619047619047,0.522443784281915,22.0,10.4488756856383,1.9090909090909092,1,False,2,0.0,True,False,0.9581991239512778,False,False,True,8.4,1.608872490863482,0.25
baseline,12.0,6,80.59999999999958,12,1.5,2.0000000000004547,1.7999999999993292,1.1482884029411118,False,True,1.200483330347526,0.1323426447244482,23.0,1.5107944945663496,0.299999999997965,1.5107944945663496,22.0,0.4314818986557771,1.9090909090909092,0.4314818986557771,22.0,8.62963797311554,1.9090909090909092,0,False,2,-1.0,False,True,0.7913685447728498,False,False,True,8.4,1.608872490863482,0.25
baseline,12.0,6,92.19999999999904,14,1.5,5.299999999999699,3.5999999999994543,1.0228971726231932,False,True,1.0673709627372452,0.0656398651575775,24.0,1.7095747571509363,0.2999999999978371,1.7095747571509363,23.0,0.4670249998111249,1.9130434782608696,0.4670249998111249,23.0,9.340499996222498,1.9130434782608696,0,False,2,-1.0,False,True,0.8936413503288985,False,False,True,8.4,1.608872490863482,0.25
baseline,12.0,6,97.49999999999874,24,1.1999999999999034,1.1999999999999034,5.299999999999699,1.0560295778883806,False,False,1.1040309223378524,0.0375012732019896,23.0,1.9217738560556907,0.29999999999786553,1.9217738560556907,22.0,0.5488573298223169,1.9090909090909092,0.5488573298223169,22.0,10.977146596446339,1.9090909090909092,0,False,2,-1.0,False,True,1.0066434484101237,True,False,False,8.4,1.608872490863482,0.25
baseline,12.0,6,98.69999999999864,7,1.5,1.500000000000398,1.1999999999999034,1.3202332971422963,False,True,1.3831015493871677,0.116575085590842,22.0,1.7520767722246695,0.29999999999787974,1.7518867549163966,21.0,0.5241632913492014,1.9047619047619047,0.5242201443948895,21.0,10.48440288789779,1.9047619047619047,0,False,2,-1.0,False,True,0.9198403054179516,False,False,True,8.4,1.608872490863482,0.25
baseline,12.0,6,105.29999999999828,6,0.6,0.2000000000004576,5.099999999999241,1.0812515947267336,True,False,1.1327397659041971,0.1042003878943495,22.0,2.1847367954302825,0.29999999999786553,,,,,0.623959369686462,22.0,12.47918739372924,1.9090909090909092,1,False,1,0.0,True,False,1.1443859404634813,False,True,False,8.4,1.608872490863482,0.25
baseline,12.0,6,109.49999999999852,10,1.5,3.7999999999997556,2.7999999999998835,1.3449669680561085,False,True,1.406101830240477,0.1451115422210214,23.0,2.2228524076001834,0.29999999999738236,2.2228524076001834,22.0,0.6348451630664655,1.9090909090909092,0.6348451630664655,22.0,12.696903261329311,1.9090909090909092,0,False,2,-1.0,False,True,1.1643512611239055,False,True,False,8.4,1.608872490863482,0.25
baseline,12.0,6,123.29999999999772,24,1.5,5.899999999999679,5.799999999999201,1.0123129113935456,False,True,1.0563265162367432,0.0559212792847338,24.0,2.009618083705797,0.29999999999739657,2.009618083705797,23.0,0.5489914268079419,1.9130434782608696,0.5489914268079419,23.0,10.979828536158838,1.9130434782608696,0,False,2,-1.0,False,True,1.0504821801189395,False,True,False,8.4,1.608872490863482,0.25
baseline,12.0,6,129.1999999999974,18,1.5,1.6999999999999034,5.899999999999679,1.1240404007748257,False,True,1.1751331462645906,0.085468163829316,23.0,1.921772405959392,0.2999999999977945,1.921359334704825,22.0,0.54873894280135,1.9090909090909092,0.5488569156757825,22.0,10.97713831351565,1.9090909090909092,0,False,2,-1.0,False,True,1.006642688835872,True,False,False,8.4,1.608872490863482,0.25
baseline,12.0,6,130.8999999999973,11,0.6,0.400000000000432,1.6999999999999034,1.4315859711822747,True,False,1.499756731714764,0.162700373951307,22.0,1.7174631211800373,0.4999999999983231,1.668878868271464,21.0,0.499327389742179,1.9047619047619047,0.4905063203918729,22.0,9.810126407837458,1.9090909090909092,1,False,2,0.0,True,False,0.8996235396657338,False,False,True,8.4,1.608872490863482,0.25
baseline,12.0,6,135.79999999999657,21,1.40000000000083,1.40000000000083,4.499999999998835,1.1221517115746458,False,False,1.1755875073639146,0.0880917875394031,22.0,1.937443979032321,0.20000000000010232,1.937443979032321,21.0,0.5796818829780683,1.9047619047619047,0.5796818829780683,21.0,11.593637659561367,1.9047619047619047,0,False,2,-1.0,False,True,1.0171580889919687,True,False,False,8.4,1.608872490863482,0.25
baseline,12.0,6,138.6999999999963,3,0.6,0.2000000000010118,1.4999999999988916,1.1793131953320621,True,False,1.2354709665383508,0.1032488874174587,22.0,1.8124718258647528,0.30000000000106297,,,,,0.5176407429977443,22.0,10.352814859954886,1.9090909090909092,1,False,1,0.0,True,False,0.9493900040243942,False,False,True,8.4,1.608872490863482,0.25
baseline,12.0,6,140.79999999999674,14,1.5,2.9999999999998295,1.8999999999994373,1.3505497431919922,False,True,1.4148616357249442,0.1720756511234956,22.0,1.9782001814254595,0.25000000000108,1.9782001814254595,21.0,0.5918761102186876,1.9047619047619047,0.5918761102186876,21.0,11.837522204373752,1.9047619047619047,0,False,2,-1.0,False,True,1.0385550952483662,False,True,False,8.4,1.608872490863482,0.25
baseline,12.0,6,150.69999999999607,3,1.5,3.49999999999946,1.8999999999993236,1.0631784919859946,False,True,1.1094036438114727,0.0800269374814523,24.0,1.8818153181826291,0.2000000000039961,1.8818153181826291,23.0,0.5140780155665468,1.9130434782608696,0.5140780155665468,23.0,10.281560311330935,1.9130434782608696,0,False,2,-1.0,False,True,0.9836761890500106,True,False,False,8.4,1.608872490863482,0.25
B2,12.0,6,22.50000000000005,5,0.9999999999999112,0.9999999999999112,4.000000000000071,1.3182321029713102,False,False,1.3781517440154607,0.1854001380927169,23.0,2.2508275100336324,0.4000000000001407,2.2286297686065564,22.0,0.6364951735114435,1.9090909090909092,0.6428348336381333,22.0,12.856696672762666,1.9090909090909092,0,False,2,-1.0,False,True,1.179004886208093,False,True,False,8.4,1.608872490863482,0.25
B2,12.0,6,28.20000000000013,3,1.5,2.299999999999919,4.70000000000017,1.2948498369725878,False,True,1.3537066477440691,0.1888952244136684,23.0,2.353550448511024,0.4000000000001407,2.3256875429145967,22.0,0.664214809033254,1.9090909090909092,0.6721724362631996,22.0,13.443448725263991,1.9090909090909092,0,False,2,-1.0,False,True,1.2328121396962506,False,True,False,8.4,1.608872490863482,0.25
B2,12.0,6,50.300000000000445,9,0.8000000000000114,0.8000000000000114,14.100000000000314,1.1571774835370092,False,False,1.2074895480386183,0.1303926048671083,24.0,2.2798503343593546,0.29999999999881766,2.2798503343593546,23.0,0.6228140053658766,1.9130434782608696,0.6228140053658766,23.0,12.456280107317532,1.9130434782608696,0,False,2,-1.0,False,True,1.1917399475060262,False,True,False,8.4,1.608872490863482,0.25
B2,12.0,6,51.100000000000456,12,1.5,3.2000000000000455,0.8000000000000114,2.0395150753359803,False,True,2.1322203060330702,0.2705299102989753,23.0,2.081596660905834,0.049999999998775024,1.942424625857852,22.0,0.5547551758860845,1.9090909090909092,0.5686546763164184,23.0,11.373093526328368,1.9130434782608696,1,False,2,0.0,True,False,1.088107345473504,False,True,False,8.4,1.608872490863482,0.25
B2,12.0,6,54.3000000000005,16,1.5,3.999999999999943,3.2000000000000455,1.5573089614328348,False,True,1.6314665310248748,0.2358027216173335,22.0,1.6595652730826684,0.19999999999853912,1.61875909624894,21.0,0.484331589019745,1.9047619047619047,0.473970733642659,22.0,9.47941467285318,1.9090909090909092,0,False,2,0.0,True,True,0.8692960954242549,False,False,True,8.4,1.608872490863482,0.25
B2,12.0,6,67.00000000000047,11,1.5,3.799999999999784,4.699999999999967,1.2312968794070254,False,True,1.2848315263377657,0.1557762662441836,24.0,2.3530081865522363,0.2999999999978513,2.3530081865522363,23.0,0.6427994115399258,1.9130434782608696,0.6427994115399258,23.0,12.855988230798516,1.9130434782608696,0,False,2,-1.0,False,True,1.2299815520613961,False,True,False,8.4,1.608872490863482,0.25
B2,12.0,6,70.80000000000025,10,1.5,3.799999999999784,3.799999999999784,1.4814736665392712,False,True,1.5488133786546925,0.2219184457982324,23.0,2.153069029344476,0.4499999999978428,2.1368282893343573,22.0,0.6102767323414238,1.9090909090909092,0.6149150768418465,22.0,12.29830153683693,1.9090909090909092,0,False,2,-1.0,False,True,1.1277980629899635,False,True,False,8.4,1.608872490863482,0.25
B2,12.0,6,74.60000000000004,18,0.6,0.400000000000432,3.799999999999784,1.4744629442901442,True,False,1.5446754654468178,0.2835954145356477,22.0,1.8082757152278648,0.5999999999978343,1.7369252735143852,21.0,0.5196868265816414,1.9047619047619047,0.5164423366022444,22.0,10.328846732044887,1.9090909090909092,1,True,2,0.0,True,False,0.9471920413098339,False,False,True,8.4,1.608872490863482,0.25
B2,12.0,6,80.59999999999958,12,1.5,2.0000000000004547,1.7999999999993292,1.4378814978230319,False,True,1.5032397477240786,0.2221075457647454,23.0,1.8563586727970527,0.3999999999979593,1.8523087618001408,22.0,0.5290181452955753,1.9090909090909092,0.5301747971715383,22.0,10.603495943430765,1.9090909090909092,0,False,2,-1.0,False,True,0.9723783524175037,False,False,True,8.4,1.608872490863482,0.25
B2,12.0,6,92.19999999999904,14,1.5,5.299999999999699,3.5999999999994543,1.3539305875468026,False,True,1.4127971348314463,0.2488388827059667,24.0,2.6647393575459613,0.2999999999978371,2.6647393575459613,23.0,0.727958746904172,1.9130434782608696,0.727958746904172,23.0,14.559174938083439,1.9130434782608696,0,False,2,-1.0,False,True,1.3929319368990252,False,True,False,8.4,1.608872490863482,0.25
B2,12.0,6,97.49999999999874,24,1.1999999999999034,1.1999999999999034,5.299999999999699,1.498563557360205,False,False,1.5666800826947598,0.2728071110148948,23.0,1.658036642279114,0.24999999999786837,1.5976571057569515,22.0,0.4562898024001427,1.9090909090909092,0.4529457160666741,23.0,9.058914321333482,1.9130434782608696,0,False,2,0.0,True,True,0.8667009721004459,False,False,True,8.4,1.608872490863482,0.25
B2,12.0,6,98.69999999999864,7,1.5,1.500000000000398,1.1999999999999034,1.3428676689602703,False,True,1.4068137484345689,0.237036239737917,22.0,1.4812950046877051,0.24999999999788258,1.4812950046877051,21.0,0.4432024290024907,1.9047619047619047,0.4432024290024907,21.0,8.864048580049813,1.9047619047619047,0,False,2,-1.0,False,True,0.7776798774610453,False,False,True,8.4,1.608872490863482,0.25
B2,12.0,6,105.29999999999828,6,0.6,0.2000000000004576,5.099999999999241,1.4467284248026793,True,False,1.5156202545551878,0.2698062061818266,22.0,2.8729794359583227,0.29999999999786553,,,,,0.8205210081746559,22.0,16.410420163493118,1.9090909090909092,1,False,1,0.0,True,False,1.5048939902638834,False,True,False,8.4,1.608872490863482,0.25
B2,12.0,6,109.49999999999852,10,1.5,3.7999999999997556,2.7999999999998835,1.630682340582063,False,True,1.704804265153975,0.3412245838074306,23.0,3.0740797345742057,0.29999999999738236,3.0740797345742057,22.0,0.877955119153417,1.9090909090909092,0.877955119153417,22.0,17.55910238306834,1.9090909090909092,0,False,2,-1.0,False,True,1.610232241919822,False,True,False,8.4,1.608872490863482,0.25
B2,12.0,6,123.29999999999772,24,1.5,5.899999999999679,5.799999999999201,1.2965022661969332,False,True,1.352871929944626,0.1877938092842974,24.0,1.4933080255298967,0.2499999999973994,1.4933080255298967,23.0,0.407944828047948,1.9130434782608696,0.407944828047948,23.0,8.15889656095896,1.9130434782608696,0,False,2,-1.0,False,True,0.7805928315269914,False,False,True,8.4,1.608872490863482,0.25
B2,12.0,6,129.1999999999974,18,1.5,1.6999999999999034,5.899999999999679,1.146406966264084,False,True,1.1985163738215423,0.1347848972760245,23.0,1.966503176854926,0.24999999999781153,1.966503176854926,22.0,0.5616319939698569,1.9090909090909092,0.5616319939698569,22.0,11.232639879397137,1.9090909090909092,0,False,2,-1.0,False,True,1.0300730926382944,False,True,False,8.4,1.608872490863482,0.25
B2,12.0,6,130.8999999999973,11,0.6,0.400000000000432,1.6999999999999034,1.4495194971329552,True,False,1.5185442350916674,0.1830156948316193,22.0,2.136928315765428,0.4999999999983231,2.0669165300667207,21.0,0.6184199796610397,1.9047619047619047,0.6103052998233345,22.0,12.20610599646669,1.9090909090909092,1,False,2,0.0,True,False,1.1193434034961767,False,True,False,8.4,1.608872490863482,0.25
B2,12.0,6,135.79999999999657,21,1.40000000000083,1.40000000000083,4.499999999998835,1.384379100160222,False,False,1.4503019144535658,0.2665536585860844,22.0,1.7380580655807032,0.20000000000010232,1.7380580655807032,21.0,0.5200257571753166,1.9047619047619047,0.5200257571753166,21.0,10.400515143506333,1.9047619047619047,0,False,2,-1.0,False,True,0.9124804844298692,False,False,True,8.4,1.608872490863482,0.25
B2,12.0,6,138.6999999999963,3,0.6,0.2000000000010118,1.4999999999988916,1.5075176139972795,True,False,1.579304167044769,0.281381362791212,22.0,1.750751313924355,0.4500000000010971,,,,,0.5000134060079482,22.0,10.000268120158964,1.9090909090909092,1,False,1,0.0,True,False,0.9170602120556144,False,False,True,8.4,1.608872490863482,0.25
B2,12.0,6,140.79999999999674,14,1.5,2.9999999999998295,1.8999999999994373,1.4177222610264695,False,True,1.4852328448848728,0.207133327886041,22.0,2.65134749669189,0.25000000000108,2.65134749669189,21.0,0.793281315973422,1.9047619047619047,0.793281315973422,21.0,15.86562631946844,1.9047619047619047,0,False,2,-1.0,False,True,1.3919574357632425,False,True,False,8.4,1.608872490863482,0.25
B2,12.0,6,150.69999999999607,3,1.5,3.49999999999946,1.8999999999993236,1.233795099826226,False,True,1.287438365036062,0.1818378601622541,24.0,1.5372461352564102,0.2000000000039961,1.5372461352564102,23.0,0.4199479274157252,1.9130434782608696,0.4199479274157252,23.0,8.398958548314504,1.9130434782608696,0,False,2,-1.0,False,True,0.8035604797931235,False,False,True,8.4,1.608872490863482,0.25
baseline,12.0,7,23.30000000000006,4,1.5,1.7000000000000242,7.500000000000073,1.0085356066573197,False,True,1.0523849808598118,0.0285012110909513,24.0,1.9246701507483652,0.20000000000013785,1.9246701507483652,23.0,0.5257851831456195,1.9130434782608696,0.5257851831456195,23.0,10.51570366291239,1.9130434782608696,0,False,2,-1.0,False,True,1.0060775788002818,True,False,False,8.4,1.608872490863482,0.25
baseline,12.0,7,25.000000000000085,6,1.5,3.600000000000051,1.7000000000000242,1.3569249453790508,False,True,1.4186033519871897,0.123393008660253,23.0,2.407668838821579,0.40000000000013713,2.383373690446358,22.0,0.6806899342423156,1.9090909090909092,0.687628612392631,22.0,13.75257224785262,1.9090909090909092,0,False,2,-1.0,False,True,1.2611598679541605,False,True,False,8.4,1.608872490863482,0.25
baseline,12.0,7,28.600000000000136,25,0.6,0.30000000000000426,3.600000000000051,1.5233900987698386,True,False,1.5959324844255451,0.1747912069577308,22.0,2.013891187377729,0.3000000000001428,2.005637069160189,21.0,0.6000852078324774,1.9047619047619047,0.6025548342281049,21.0,12.051096684562097,1.9047619047619047,1,False,3,-1.0,True,False,1.0572928733733078,False,True,False,8.4,1.608872490863482,0.25
baseline,12.0,7,28.90000000000014,16,1.5,2.3999999999999204,0.30000000000000426,1.916748408322532,False,True,2.0125858287386587,0.2843439285320145,21.0,2.013891187377729,1.3855583347321954e-13,1.906186952581577,20.0,0.5988462926598999,1.9,0.6025548342281049,21.0,12.051096684562097,1.9047619047619047,1,False,2,0.0,True,False,1.0572928733733078,False,True,False,8.4,1.608872490863482,0.25
baseline,12.0,7,38.80000000000028,2,1.5,6.600000000000094,1.9000000000001407,1.1445068226778619,False,True,1.1942679888812473,0.1337093392285782,24.0,1.5154426235808651,0.4999999999996305,1.5065400649891594,23.0,0.4115595826529246,1.9130434782608696,0.4139916011459554,23.0,8.279832022919107,1.9130434782608696,0,False,2,-1.0,False,True,0.7921631895990886,False,False,True,8.4,1.608872490863482,0.25
baseline,12.0,7,45.400000000000375,9,1.3999999999999062,1.3999999999999062,6.600000000000094,1.007148887830774,False,False,1.0529283827321727,0.0227416886193415,23.0,1.9059439372625184,0.2999999999991658,1.9059439372625184,22.0,0.5443363155870848,1.9090909090909092,0.5443363155870848,22.0,10.886726311741697,1.9090909090909092,0,False,2,-1.0,False,True,0.9983515861851286,True,False,False,8.4,1.608872490863482,0.25
baseline,12.0,7,49.80000000000044,8,0.6,0.09999999999988773,3.0000000000001563,1.1648573187558724,True,False,1.2178053786993213,0.1141459790521796,23.0,2.206097205786513,0.2999999999988532,2.206097205786513,22.0,0.6300598886185345,1.9090909090909092,0.6300598886185345,22.0,12.60119777237069,1.9090909090909092,1,False,3,-1.0,True,False,1.1555747268405543,False,True,False,8.4,1.608872490863482,0.25
baseline,12.0,7,49.900000000000325,6,1.5,3.5000000000000497,0.09999999999988773,1.175419225599414,False,True,1.2288473722175692,0.1134694482529504,23.0,2.206097205786513,0.19999999999896545,2.206097205786513,22.0,0.6300598886185345,1.9090909090909092,0.6300598886185345,22.0,12.60119777237069,1.9090909090909092,1,False,3,-1.0,True,False,1.1555747268405543,False,True,False,8.4,1.608872490863482,0.25
baseline,12.0,7,53.70000000000049,7,1.5,2.900000000000034,0.30000000000011795,1.6770629839408406,False,True,1.7569231260332616,0.2668716197368381,22.0,2.28913588875642,0.34999999999857323,2.2891094156045644,21.0,0.684899935554907,1.9047619047619047,0.6849078563034201,21.0,13.698157126068402,1.9047619047619047,1,False,2,-1.0,False,False,1.2017963415971205,False,True,False,8.4,1.608872490863482,0.25
baseline,12.0,7,56.60000000000053,21,1.1999999999999105,1.1999999999999105,2.900000000000034,1.4341152070484404,False,False,1.5058209674008625,0.2162641077678002,21.0,1.6819552778561189,0.29999999999837,1.6819552778561189,20.0,0.5284018344579362,1.9,0.5284018344579362,20.0,10.568036689158724,1.9,0,False,2,-1.0,False,True,0.8852396199242731,False,False,True,8.4,1.608872490863482,0.25
baseline,12.0,7,74.80000000000003,19,1.5,7.999999999999432,10.199999999999491,1.0548652661645799,False,True,1.1007289733891268,0.0736932035876351,24.0,2.060654192256109,0.2999999999978513,2.060654192256109,23.0,0.5629335714765915,1.9130434782608696,0.5629335714765915,23.0,11.25867142953183,1.9130434782608696,0,False,2,-1.0,False,True,1.0771601459520568,False,True,False,8.4,1.608872490863482,0.25
baseline,12.0,7,82.79999999999946,7,0.7999999999998408,0.7999999999998408,7.999999999999432,1.0944060042334847,False,False,1.144151731698643,0.09362668290729,23.0,1.7750276601147177,0.299999999997965,,,,,0.4849055527769632,23.0,9.698111055539263,1.9130434782608696,1,False,2,0.0,True,False,0.9278553677872388,False,False,True,8.4,1.608872490863482,0.25
baseline,12.0,7,83.5999999999993,6,1.5,5.199999999999932,0.7999999999992724,1.5525001019744822,False,True,1.6230682884278678,0.181732966335083,23.0,1.9895593125746287,0.6499999999980588,1.915464039370169,22.0,0.5470552503909776,1.9090909090909092,0.5682168109332375,22.0,11.36433621866475,1.9090909090909092,2,False,2,-1.0,False,False,1.0421501161105198,False,True,False,8.4,1.608872490863482,0.25
baseline,12.0,7,88.79999999999923,18,1.5,2.0000000000002274,5.199999999999932,1.1587134643221608,False,True,1.2138902959565494,0.0897577892111603,22.0,1.7507012404341853,0.2999999999978513,1.7507012404341853,21.0,0.5238085862455786,1.9047619047619047,0.5238085862455786,21.0,10.476171724911572,1.9047619047619047,0,False,2,-1.0,False,True,0.9191181512279474,False,False,True,8.4,1.608872490863482,0.25
baseline,12.0,7,95.69999999999884,15,1.1000000000004064,1.1000000000004064,4.09999999999954,1.086246590539266,False,False,1.135621435563778,0.1143994242295158,23.0,2.0695184411272294,0.2999999999978371,2.0695184411272294,22.0,0.5910530846467186,1.9090909090909092,0.5910530846467186,22.0,11.821061692934371,1.9090909090909092,0,False,2,-1.0,False,True,1.084033469161882,False,True,False,8.4,1.608872490863482,0.25
baseline,12.0,7,100.19999999999858,13,1.5,3.500000000000256,3.3999999999993378,1.3164623621629379,False,True,1.3763015604430715,0.126524691714825,23.0,2.2146685056635627,0.3499999999978627,2.2132215074476957,22.0,0.6320945844149644,1.9090909090909092,0.6325078461390303,22.0,12.650156922780607,1.9090909090909092,0,False,2,-1.0,False,True,1.1600644553475803,False,True,False,8.4,1.608872490863482,0.25
baseline,12.0,7,105.49999999999817,25,1.5,2.700000000000415,1.7999999999993292,1.287493851346689,False,True,1.346016299135175,0.1298411942427463,23.0,1.8783697257054384,0.2999999999979508,1.8783697257054384,22.0,0.5364611391819709,1.9090909090909092,0.5364611391819709,22.0,10.729222783639418,1.9090909090909092,0,False,2,-1.0,False,True,0.9839079515599914,True,False,False,8.4,1.608872490863482,0.25
baseline,12.0,7,120.1999999999979,19,1.5,7.999999999999986,6.699999999999733,1.0140009915773904,False,True,1.05808799121119,0.0325468093816512,24.0,2.0066340930193536,0.2499999999973994,2.0066340930193536,23.0,0.5481762543541233,1.9130434782608696,0.5481762543541233,23.0,10.963525087082466,1.9130434782608696,0,False,2,-1.0,False,True,1.0489223668055712,False,True,False,8.4,1.608872490863482,0.25
baseline,12.0,7,129.2999999999974,18,0.6,0.49999999999940314,1.0999999999995111,1.0791663691822462,True,False,1.1260866461032133,0.1040196138036921,24.0,1.6118270039796112,0.24999999999781153,1.6118270039796112,23.0,0.440322076048695,1.9130434782608696,0.440322076048695,23.0,8.8064415209739,1.9130434782608696,1,False,2,-1.0,False,False,0.8425459338984331,False,False,True,8.4,1.608872490863482,0.25
baseline,12.0,7,129.7999999999968,2,1.5,7.500000000000597,0.49999999999940314,1.5168336285149049,False,True,1.5857806116292188,0.1385534159592133,23.0,1.8728282391418691,0.29999999999853344,1.8728282391418691,22.0,0.5348784943203277,1.9090909090909092,0.5348784943203277,22.0,10.697569886406555,1.9090909090909092,1,False,2,-1.0,False,False,0.9810052681219315,True,False,False,8.4,1.608872490863482,0.25
baseline,12.0,7,137.99999999999736,18,1.5,8.0,0.20000000000055707,1.125934793991677,False,True,1.1748884806869673,0.1921498515602833,24.0,1.3629503316316631,1.0,1.2299663791256965,23.0,0.3360046383324979,1.9130434782608696,0.372333456440157,23.0,7.44666912880314,1.9130434782608696,2,False,2,-1.0,False,False,0.7124513097165511,False,False,True,8.4,1.608872490863482,0.25
baseline,12.0,7,150.09999999999576,22,0.6,0.10000000000044906,4.099999999998403,1.0126387619585664,True,False,1.0566665342176345,0.048358293946013,24.0,1.9678983105710597,0.20000000000416662,1.9678983105710597,23.0,0.537594337000157,1.9130434782608696,0.537594337000157,23.0,10.75188674000314,1.9130434782608696,1,False,3,-1.0,True,False,1.0286741168894176,False,True,False,8.4,1.608872490863482,0.25
baseline,12.0,7,150.1999999999962,13,1.5,3.1999999999997044,0.10000000000044906,1.0118496847247431,False,True,1.0558431492779927,0.0474831678780072,24.0,1.9678983105710597,0.10000000000371756,1.9678983105710597,23.0,0.537594337000157,1.9130434782608696,0.537594337000157,23.0,10.75188674000314,1.9130434782608696,1,False,3,-1.0,True,False,1.0286741168894176,False,True,False,8.4,1.608872490863482,0.25
baseline,12.0,7,153.3999999999959,2,0.6,0.20000000000010232,3.1999999999997044,1.2211701794539442,True,False,1.2793211403803224,0.1214371017125712,22.0,1.8336670089882583,0.5500000000048431,1.8120976623277505,21.0,0.5421783527196284,1.9047619047619047,0.5760634804567482,20.0,11.521269609134963,1.9,1,True,3,-2.0,True,False,0.9650878994675044,False,False,True,8.4,1.608872490863482,0.25
B2,12.0,7,23.30000000000006,4,1.5,1.7000000000000242,7.500000000000073,1.0317189921395942,False,True,1.0765763396239243,0.0407380647220646,24.0,1.81476061285929,0.25000000000013856,1.8140942720922848,23.0,0.49557784679343,1.9130434782608696,0.4957598790767701,23.0,9.915197581535402,1.9130434782608696,0,False,2,-1.0,False,True,0.9486248658128106,False,False,True,8.4,1.608872490863482,0.25
B2,12.0,7,25.000000000000085,6,1.5,3.600000000000051,1.7000000000000242,1.2859240249207176,False,True,1.3443751169625684,0.1066998734258025,23.0,2.2813760520884263,0.35000000000014,2.2583036454816128,22.0,0.6449700129290985,1.9090909090909092,0.6515594768469715,22.0,13.03118953693943,1.9090909090909092,0,False,2,-1.0,False,True,1.19500650347489,False,True,False,8.4,1.608872490863482,0.25
B2,12.0,7,28.600000000000136,25,0.6,0.30000000000000426,3.600000000000051,1.4841742763904557,True,False,1.5548492419328583,0.1870510763340192,22.0,2.022869857831276,0.45000000000014495,1.9848164966734685,21.0,0.5938557071117332,1.9047619047619047,0.6052412461458063,21.0,12.104824922916126,1.9047619047619047,1,False,3,-1.0,True,False,1.06200667536142,False,True,False,8.4,1.608872490863482,0.25
B2,12.0,7,28.90000000000014,16,1.5,2.3999999999999204,0.30000000000000426,1.8963247957987046,False,True,1.99114103558864,0.2950852894979513,21.0,2.022869857831276,0.1500000000001407,1.9275772098927444,20.0,0.6055662401826156,1.9,0.6052412461458063,21.0,12.104824922916126,1.9047619047619047,1,False,2,0.0,True,False,1.06200667536142,False,True,False,8.4,1.608872490863482,0.25
B2,12.0,7,38.80000000000028,2,1.5,6.600000000000094,1.9000000000001407,1.495394611195308,False,True,1.5604117682037997,0.2925281072941556,24.0,1.866506558094625,0.3999999999996291,1.8624646150083528,23.0,0.5087917523548855,1.9130434782608696,0.5098959383293256,23.0,10.197918766586511,1.9130434782608696,0,False,2,-1.0,False,True,0.9756738826403721,False,False,True,8.4,1.608872490863482,0.25
B2,12.0,7,45.400000000000375,9,1.3999999999999062,1.3999999999999062,6.600000000000094,1.1873485394266208,False,False,1.2413189275823762,0.1961842701492365,23.0,2.3067905420719605,0.2999999999991658,2.3067905420719605,22.0,0.6588178382130625,1.9090909090909092,0.6588178382130625,22.0,13.17635676426125,1.9090909090909092,0,False,2,-1.0,False,True,1.208318855371027,False,True,False,8.4,1.608872490863482,0.25
B2,12.0,7,49.80000000000044,8,0.6,0.09999999999988773,3.0000000000001563,1.6687038737053266,True,False,1.7445540497828416,0.2409039512710486,23.0,2.5028116484771585,0.34999999999885034,2.278830306414715,22.0,0.6508324135827497,1.9090909090909092,0.7488394941118859,21.0,14.976789882237718,1.9047619047619047,1,False,3,-2.0,True,False,1.3139761154505083,False,True,False,8.4,1.608872490863482,0.25
B2,12.0,7,49.900000000000325,6,1.5,3.5000000000000497,0.09999999999988773,1.656453968221278,False,True,1.7317473304131543,0.237099128227606,23.0,2.5028116484771585,0.2499999999989626,2.278830306414715,22.0,0.6508324135827497,1.9090909090909092,0.7488394941118859,21.0,14.976789882237718,1.9047619047619047,1,False,3,-2.0,True,False,1.3139761154505083,False,True,False,8.4,1.608872490863482,0.25
B2,12.0,7,53.70000000000049,7,1.5,2.900000000000034,0.30000000000011795,1.6204608428517637,False,True,1.697625644892324,0.3463589396055601,22.0,2.450771241412891,0.2999999999985761,2.450771241412891,21.0,0.7332690407287501,1.9047619047619047,0.7332690407287501,21.0,14.665380814575002,1.9047619047619047,1,False,2,-1.0,False,False,1.2866549017417679,False,True,False,8.4,1.608872490863482,0.25
B2,12.0,7,56.60000000000053,21,1.1999999999999105,1.1999999999999105,2.900000000000034,1.8078448340393132,False,False,1.8982370757412788,0.3276059252831424,21.0,1.888328905483795,0.0999999999983956,1.7434963168344777,20.0,0.5477355220528057,1.9,0.5649866873361091,21.0,11.299733746722183,1.9047619047619047,0,False,2,0.0,True,True,0.9913726753789924,True,False,False,8.4,1.608872490863482,0.25
B2,12.0,7,74.80000000000003,19,1.5,7.999999999999432,10.199999999999491,1.6299973402286454,False,True,1.7008667898038037,0.3097424459317976,24.0,1.9506650425496717,0.2999999999978513,1.9506650425496717,23.0,0.5328865188946494,1.9130434782608696,0.5328865188946494,23.0,10.657730377892989,1.9130434782608696,0,False,2,-1.0,False,True,1.0196658176964193,True,False,False,8.4,1.608872490863482,0.25
B2,12.0,7,82.79999999999946,7,0.7999999999998408,0.7999999999998408,7.999999999999432,1.5353729062145347,False,False,1.6051625837697407,0.3110247729194943,23.0,1.7424273002533237,0.3999999999979593,,,,,0.4759997222513163,23.0,9.519994445026326,1.9130434782608696,1,False,2,0.0,True,False,0.9108142705869646,False,False,True,8.4,1.608872490863482,0.25
B2,12.0,7,83.5999999999993,6,1.5,5.199999999999932,0.7999999999992724,1.545667729200159,False,True,1.6159253532547118,0.2960257045970026,23.0,2.4909766988170343,0.2999999999980787,2.4909766988170343,22.0,0.7114212815697227,1.9090909090909092,0.7114212815697227,22.0,14.228425631394455,1.9090909090909092,2,False,2,-1.0,False,False,1.3047973184279702,False,True,False,8.4,1.608872490863482,0.25
B2,12.0,7,88.79999999999923,18,1.5,2.0000000000002274,5.199999999999932,1.5795661275493282,False,True,1.6547835621945344,0.2237004578966665,22.0,1.6925328448061718,0.24999999999785416,1.687698903117985,21.0,0.504958331000668,1.9047619047619047,0.4833862501093184,22.0,9.667725002186367,1.9090909090909092,0,False,2,0.0,True,True,0.8865648234698995,False,False,True,8.4,1.608872490863482,0.25
B2,12.0,7,95.69999999999884,15,1.1000000000004064,1.1000000000004064,4.09999999999954,1.4823596978260667,False,False,1.549739684090888,0.2862248657931913,23.0,1.6142521437454291,0.2999999999978371,1.6142521437454291,22.0,0.461029334166565,1.9090909090909092,0.461029334166565,22.0,9.2205866833313,1.9090909090909092,0,False,2,-1.0,False,True,0.8455606467237962,False,False,True,8.4,1.608872490863482,0.25
B2,12.0,7,100.19999999999858,13,1.5,3.500000000000256,3.3999999999993378,1.641597734951129,False,True,1.716215813812544,0.3531279914195736,23.0,1.8585746281573592,1.499999999997783,1.7973115996198274,22.0,0.5133109925070336,1.9090909090909092,0.5308076725425037,22.0,10.616153450850074,1.9090909090909092,0,True,2,-1.0,False,True,0.973539090939569,False,False,True,8.4,1.608872490863482,0.25
B2,12.0,7,105.49999999999817,25,1.5,2.700000000000415,1.7999999999993292,1.7545026573404077,False,True,1.834252778128608,0.4038335971115548,23.0,2.569888517619611,0.2999999999979508,2.569888517619611,22.0,0.7339584443180485,1.9090909090909092,0.7339584443180485,22.0,14.67916888636097,1.9090909090909092,0,False,2,-1.0,False,True,1.3461320806578914,False,True,False,8.4,1.608872490863482,0.25
B2,12.0,7,120.1999999999979,19,1.5,7.999999999999986,6.699999999999733,1.4224615048348301,False,True,1.4843076572189533,0.2513807670729746,24.0,2.8256570702097523,0.34999999999739373,2.823321938621733,23.0,0.7712806487906896,1.9130434782608696,0.7719185646378275,23.0,15.43837129275655,1.9130434782608696,0,False,2,-1.0,False,True,1.4770480139732796,False,True,False,8.4,1.608872490863482,0.25
B2,12.0,7,129.2999999999974,18,0.6,0.49999999999940314,1.0999999999995111,1.477435796212643,True,False,1.54167213517841,0.2826393293186287,24.0,1.9691378375613435,0.24999999999781153,1.9691378375613435,23.0,0.537932953425079,1.9130434782608696,0.537932953425079,23.0,10.75865906850158,1.9130434782608696,1,False,2,-1.0,False,False,1.0293220514525205,False,True,False,8.4,1.608872490863482,0.25
B2,12.0,7,129.7999999999968,2,1.5,7.500000000000597,0.49999999999940314,1.8342114988552853,False,True,1.917584748803253,0.3354464820342639,23.0,2.504492013698517,0.3499999999985448,2.5032302368956207,22.0,0.7149208838613745,1.9090909090909092,0.7152812464735971,22.0,14.305624929471943,1.9090909090909092,1,False,2,-1.0,False,False,1.3118767690801756,False,True,False,8.4,1.608872490863482,0.25
B2,12.0,7,137.99999999999736,18,1.5,8.0,0.20000000000055707,1.4880965304966873,False,True,1.5527963796487172,0.3252381499674951,24.0,1.5731945708276776,0.19999999999978968,1.511374026058209,23.0,0.412880133660078,1.9130434782608696,0.4118613755316316,24.0,8.237227510632632,1.9166666666666667,2,False,2,0.0,True,False,0.8207971673883535,False,False,True,8.4,1.608872490863482,0.25
B2,12.0,7,150.09999999999576,22,0.6,0.10000000000044906,4.099999999998403,1.1341620581551084,True,False,1.183473451987939,0.107455845560838,24.0,2.2511874635729314,0.20000000000416662,2.2511874635729314,23.0,0.614983825862101,1.9130434782608696,0.614983825862101,23.0,12.29967651724202,1.9130434782608696,1,False,3,-1.0,True,False,1.176757083231305,False,True,False,8.4,1.608872490863482,0.25
B2,12.0,7,150.1999999999962,13,1.5,3.1999999999997044,0.10000000000044906,1.1306748716546313,False,True,1.1798346486830935,0.1071983247979447,24.0,2.2511874635729314,0.10000000000371756,2.2511874635729314,23.0,0.614983825862101,1.9130434782608696,0.614983825862101,23.0,12.29967651724202,1.9130434782608696,1,False,3,-1.0,True,False,1.176757083231305,False,True,False,8.4,1.608872490863482,0.25
B2,12.0,7,153.3999999999959,2,0.6,0.20000000000010232,3.1999999999997044,1.4560607144428672,True,False,1.5253969389401465,0.2031805712501759,22.0,2.466591767842476,0.3500000000047976,2.454747248657825,21.0,0.7344586593145888,1.9047619047619047,0.7380025311675222,21.0,14.760050623350445,1.9047619047619047,1,False,3,-1.0,True,False,1.2949606781173,False,True,False,8.4,1.608872490863482,0.25
baseline,12.0,0,52.600000000000506,22,1.5,8.0,27.20000000000053,0.9981673852286387,False,True,1.0415659671951012,0.0290977586538219,24.0,1.8431400530256437,1.0499999999985832,1.8429946716205412,23.0,0.5034729148668022,1.9130434782608696,0.5035126304454316,23.0,10.070252608908632,1.9130434782608696,0,False,2,-1.0,False,True,0.9634595731724955,False,False,True,8.4,1.608872490863482,1.0
baseline,12.0,0,66.80000000000048,2,1.5,5.09999999999971,6.199999999999974,0.9927168330361408,False,True,1.0358784344724947,0.0368818619739242,24.0,1.8661410113211363,1.0499999999978087,1.8661410113211363,23.0,0.5097960775416617,1.9130434782608696,0.5097960775416617,23.0,10.195921550833233,1.9130434782608696,0,False,2,-1.0,False,True,0.9754828013724122,False,False,True,8.4,1.608872490863482,1.0
baseline,12.0,0,71.90000000000019,15,1.5,2.90000000000029,5.09999999999971,1.1170818935473796,False,True,1.1678583432540788,0.0619426538907876,23.0,1.8575320077748665,1.0499999999978087,1.8575320077748665,22.0,0.5305099008575835,1.9090909090909092,0.5305099008575835,22.0,10.61019801715167,1.9090909090909092,0,False,2,-1.0,False,True,0.9729929564535015,False,False,True,8.4,1.608872490863482,1.0
baseline,12.0,0,75.39999999999999,24,1.5,3.099999999999824,0.5999999999995111,1.3167800313454536,False,True,1.3766336691338834,0.1811528297241416,23.0,1.519887392381137,1.149999999997803,1.517328091665231,22.0,0.433347889623719,1.9090909090909092,0.4340788241989388,22.0,8.681576483978775,1.9090909090909092,1,False,2,-1.0,False,False,0.7961314912472621,False,False,True,8.4,1.608872490863482,1.0
baseline,12.0,0,78.49999999999982,5,0.6,0.10000000000002274,3.099999999999824,1.1369956197333746,True,False,1.1911382682921068,0.0711070789202815,22.0,1.1890190637098268,0.04999999999786553,,,,,0.3395830505026369,22.0,6.791661010052738,1.9090909090909092,1,False,1,0.0,True,False,0.6228195095622902,False,False,True,8.4,1.608872490863482,1.0
baseline,12.0,0,78.59999999999984,21,1.3000000000003524,1.3000000000003524,0.10000000000002274,1.1316712329888097,False,False,1.1855603393216103,0.0691130112627155,22.0,1.8686043937988184,1.0499999999977803,1.827945152007569,21.0,0.5469199105440055,1.9047619047619047,0.5870393836023977,20.0,11.740787672047954,1.9,1,False,3,-2.0,True,False,0.9834759967362202,True,False,False,8.4,1.608872490863482,1.0
baseline,12.0,0,85.29999999999943,12,1.2000000000003865,1.2000000000003865,1.8999999999994373,1.1522701375242577,False,False,1.2071401440730318,0.1084094892281124,22.0,1.759804355456084,1.0999999999978058,1.758586964918825,21.0,0.5261679894940716,1.9047619047619047,0.5265322318910624,21.0,10.530644637821247,1.9047619047619047,0,True,2,-1.0,False,True,0.9238972866144441,False,False,True,8.4,1.608872490863482,1.0
baseline,12.0,0,101.89999999999849,8,1.5,2.6999999999998323,8.599999999999042,0.9846246540544793,False,True,1.0274344216220654,0.0188260783662135,24.0,1.9577167135372533,1.0499999999978087,1.9577167135372533,23.0,0.5348129082659643,1.9130434782608696,0.5348129082659643,23.0,10.696258165319286,1.9130434782608696,0,False,2,-1.0,False,True,1.0233519184399278,False,True,False,8.4,1.608872490863482,1.0
baseline,12.0,0,104.59999999999832,23,1.3999999999999204,1.3999999999999204,2.6999999999998323,1.4305350941995325,False,False,1.4955594166631476,0.1503787168993519,23.0,1.7887093482528955,1.049999999997823,1.7887093482528955,22.0,0.5108541952616985,1.9090909090909092,0.5108541952616985,22.0,10.21708390523397,1.9090909090909092,0,False,2,-1.0,False,True,0.9369429919419928,False,False,True,8.4,1.608872490863482,1.0
baseline,12.0,0,105.99999999999824,7,1.5,3.9000000000002473,1.3999999999999204,1.6334384943061828,False,True,1.7112212797493345,0.1819594560317344,22.0,2.055300709552238,1.049999999997823,2.055300709552238,21.0,0.6149445342902098,1.9047619047619047,0.6149445342902098,21.0,12.298890685804196,1.9047619047619047,0,False,2,-1.0,False,True,1.0790328725149252,False,True,False,8.4,1.608872490863482,1.0
baseline,12.0,0,112.69999999999833,23,1.299999999999912,1.299999999999912,0.10000000000000853,1.2379735262339904,False,False,1.2942450501537173,0.1778667373074617,23.0,1.314098781837554,1.299999999997354,1.2300371661866727,22.0,0.3512977931758598,1.9090909090909092,0.3753057344647414,22.0,7.5061146892948285,1.9090909090909092,1,True,2,-1.0,False,False,0.6883374571530044,False,False,True,8.4,1.608872490863482,1.0
baseline,12.0,0,115.19999999999764,22,1.5,5.500000000000682,1.199999999999406,1.2937770658675094,False,True,1.3525851143160326,0.144473533948763,23.0,2.144607227808365,1.049999999997894,2.144607227808365,22.0,0.6124983919743938,1.9090909090909092,0.6124983919743938,22.0,12.249967839487876,1.9090909090909092,0,False,2,-1.0,False,True,1.1233656907567626,False,True,False,8.4,1.608872490863482,1.0
baseline,12.0,0,121.59999999999737,25,1.5,1.6000000000002785,0.8999999999990393,1.3176969567811352,False,True,1.3775922729984595,0.1596053968732622,23.0,2.090652720519772,0.9999999999978115,2.090652720519772,22.0,0.5970890207265844,1.9090909090909092,0.5970890207265844,22.0,11.941780414531689,1.9090909090909092,1,False,2,-1.0,False,False,1.095103805986547,False,True,False,8.4,1.608872490863482,1.0
baseline,12.0,0,134.29999999999666,20,1.5,6.100000000000108,4.6999999999993065,1.0252852302867705,False,True,1.0698628489948911,0.0554327926365458,24.0,1.9387306649645548,0.9999999999998579,1.9387306649645548,23.0,0.529626262116687,1.9130434782608696,0.529626262116687,23.0,10.592525242333739,1.9130434782608696,0,False,2,-1.0,False,True,1.0134273930496536,True,False,False,8.4,1.608872490863482,1.0
baseline,12.0,0,140.39999999999677,2,0.8999999999999488,0.8999999999999488,6.100000000000108,1.1374714098216459,False,False,1.1891746557226297,0.0631586255866804,23.0,1.1858672322232156,9.094947017729282e-13,,,,,0.3239575465117665,23.0,6.47915093023533,1.9130434782608696,0,False,1,0.0,True,True,0.6198851441166808,False,False,True,8.4,1.608872490863482,1.0
baseline,12.0,0,141.29999999999671,8,0.9999999999999432,0.9999999999999432,0.8999999999999488,1.061949843242871,False,False,1.1102202906630014,0.0525294698971206,23.0,1.8149856101774,0.1500000000011994,1.8140902791880809,22.0,0.5181029721859938,1.9090909090909092,0.5183586781185916,22.0,10.367173562371832,1.9090909090909092,1,False,2,-1.0,False,False,0.9507067481881619,False,False,True,8.4,1.608872490863482,1.0
baseline,12.0,0,142.8999999999962,19,1.5,5.500000000000568,0.5999999999995396,1.6102729623491825,False,True,1.686952627222953,0.2337705846785748,22.0,1.8091400198871204,0.9500000000022624,1.8091400198871204,21.0,0.5412934281707305,1.9047619047619047,0.5412934281707305,21.0,10.825868563414609,1.9047619047619047,1,False,2,-1.0,False,False,0.9497985104407383,False,False,True,8.4,1.608872490863482,1.0
B2,12.0,0,52.600000000000506,22,1.5,8.0,27.20000000000053,0.9702433088698066,False,True,1.0124278005597982,0.008361071328471,24.0,1.9230251482123748,1.0499999999985832,1.922962794057087,23.0,0.5253187640814128,1.9130434782608696,0.5253357981123843,23.0,10.506715962247686,1.9130434782608696,0,False,2,-1.0,False,True,1.005217691111014,True,False,False,8.4,1.608872490863482,1.0
B2,12.0,0,66.80000000000048,2,1.5,5.09999999999971,6.199999999999974,1.0648234636100227,False,True,1.111120135940893,0.0621278893474587,24.0,2.02585521819624,1.0499999999978087,2.02585521819624,23.0,0.5534271191932048,1.9130434782608696,0.5534271191932048,23.0,11.068542383864095,1.9130434782608696,0,False,2,-1.0,False,True,1.0589697731480345,False,True,False,8.4,1.608872490863482,1.0
B2,12.0,0,71.90000000000019,15,1.5,2.90000000000029,5.09999999999971,1.224207256314078,False,True,1.2798530406919908,0.1418902274949531,23.0,1.7220404518590735,1.0999999999978058,1.7219846768473717,22.0,0.4917976736707179,1.9090909090909092,0.4918136029768103,22.0,9.836272059536206,1.9090909090909092,0,False,2,-1.0,False,True,0.9020211890690385,False,False,True,8.4,1.608872490863482,1.0
B2,12.0,0,75.39999999999999,24,1.5,3.099999999999824,0.5999999999995111,1.2872366083136986,False,True,1.3457473632370485,0.179610968827925,23.0,1.798013413194072,1.149999999997803,1.7940002466213625,22.0,0.5123652723021772,1.9090909090909092,0.5135114299951278,22.0,10.270228599902556,1.9090909090909092,1,False,2,-1.0,False,False,0.9418165497683233,False,False,True,8.4,1.608872490863482,1.0
B2,12.0,0,78.49999999999982,5,0.6,0.10000000000002274,3.099999999999824,1.479337248740397,True,False,1.549781879632797,0.1850793431796839,22.0,1.5461875926608708,0.04999999999786553,,,,,0.4415901438340981,22.0,8.831802876681962,1.9090909090909092,1,False,1,0.0,True,False,0.8099077866318847,False,False,True,8.4,1.608872490863482,1.0
B2,12.0,0,78.59999999999984,21,1.3000000000003524,1.3000000000003524,0.10000000000002274,1.4742800331999817,False,False,1.5444838443047428,0.1852657356422824,22.0,2.119591980147743,1.1499999999977746,1.7194741599325858,21.0,0.5144654656077803,1.9047619047619047,0.6658894593439992,20.0,13.317789186879985,1.9,1,False,3,-2.0,True,False,1.1155747263935492,False,True,False,8.4,1.608872490863482,1.0
B2,12.0,0,85.29999999999943,12,1.2000000000003865,1.2000000000003865,1.8999999999994373,1.221190763369146,False,False,1.2793427044819623,0.1628701331600806,22.0,1.5396071276449788,1.0999999999978058,1.5384411636918427,21.0,0.4603005197937548,1.9047619047619047,0.4606493753927569,21.0,9.212987507855138,1.9047619047619047,0,True,2,-1.0,False,True,0.8082937420136139,False,False,True,8.4,1.608872490863482,1.0
B2,12.0,0,101.89999999999849,8,1.5,2.6999999999998323,8.599999999999042,0.9925073737395587,False,True,1.0356598682499742,0.0257105024422409,24.0,1.8444436818213787,1.0499999999978087,1.8444436818213787,23.0,0.5038687583278394,1.9130434782608696,0.5038687583278394,23.0,10.077375166556788,1.9130434782608696,0,False,2,-1.0,False,True,0.9641410154975388,False,False,True,8.4,1.608872490863482,1.0
B2,12.0,0,104.59999999999832,23,1.3999999999999204,1.3999999999999204,2.6999999999998323,1.3179789159946877,False,False,1.3778870485399008,0.113712232287494,23.0,1.8495268403018528,1.049999999997823,1.8495268403018528,22.0,0.5282236303735859,1.9090909090909092,0.5282236303735859,22.0,10.564472607471718,1.9090909090909092,0,False,2,-1.0,False,True,0.9687997734914466,False,False,True,8.4,1.608872490863482,1.0
B2,12.0,0,105.99999999999824,7,1.5,3.9000000000002473,1.3999999999999204,1.6813745183530515,False,True,1.7614399716079587,0.191552225198116,22.0,2.128485538030493,1.09999999999782,2.126064548572749,21.0,0.6361170254146522,1.9047619047619047,0.6368413837665443,21.0,12.736827675330886,1.9047619047619047,0,False,2,-1.0,False,True,1.117454907466009,False,True,False,8.4,1.608872490863482,1.0
B2,12.0,0,112.69999999999833,23,1.299999999999912,1.299999999999912,0.10000000000000853,1.2795955460885817,False,False,1.3377589800016991,0.1992247086706851,23.0,1.3420386692614312,0.1499999999973909,1.217188917055323,22.0,0.3476283418047199,1.9090909090909092,0.3666207673204464,23.0,7.332415346408928,1.9130434782608696,1,False,2,0.0,True,False,0.7015202134775663,False,False,True,8.4,1.608872490863482,1.0
B2,12.0,0,115.19999999999764,22,1.5,5.500000000000682,1.199999999999406,1.2706293802935114,False,True,1.3283852612159437,0.1544039715038268,23.0,2.027704051209738,1.049999999997894,2.027704051209738,22.0,0.5791109228122524,1.9090909090909092,0.5791109228122524,22.0,11.582218456245048,1.9090909090909092,0,False,2,-1.0,False,True,1.0621306934908152,False,True,False,8.4,1.608872490863482,1.0
B2,12.0,0,121.59999999999737,25,1.5,1.6000000000002785,0.8999999999990393,1.2930030073339636,False,True,1.3517758713036891,0.1612161506142924,23.0,2.371599103299458,0.9999999999978115,2.371599103299458,22.0,0.6773271200168836,1.9090909090909092,0.6773271200168836,22.0,13.546542400337671,1.9090909090909092,1,False,2,-1.0,False,False,1.2422661969663829,False,True,False,8.4,1.608872490863482,1.0
B2,12.0,0,134.29999999999666,20,1.5,6.100000000000108,4.6999999999993065,1.400976968465167,False,True,1.461889010572348,0.2705578801261058,24.0,1.6599026911531067,0.9999999999998579,1.6599026911531067,23.0,0.4534554869739589,1.9130434782608696,0.4534554869739589,23.0,9.069109739479178,1.9130434782608696,0,False,2,-1.0,False,True,0.8676764067391239,False,False,True,8.4,1.608872490863482,1.0
B2,12.0,0,140.39999999999677,2,0.8999999999999488,0.8999999999999488,6.100000000000108,1.2894988685873983,False,False,1.3481124535231892,0.2771102842966172,23.0,1.3466438865111774,9.094947017729282e-13,,,,,0.3678788296404454,23.0,7.357576592808908,1.9130434782608696,0,False,1,0.0,True,True,0.7039274861308427,False,False,True,8.4,1.608872490863482,1.0
B2,12.0,0,141.29999999999671,8,0.9999999999999432,0.9999999999999432,0.8999999999999488,1.2737748022677744,False,False,1.3316736569163097,0.2634670069399786,23.0,2.328719496364702,0.1500000000011994,2.3275890019225938,22.0,0.6647578644560381,1.9090909090909092,0.6650807329136974,22.0,13.301614658273948,1.9090909090909092,1,False,2,-1.0,False,False,1.2198054504767488,False,True,False,8.4,1.608872490863482,1.0
B2,12.0,0,142.8999999999962,19,1.5,5.500000000000568,0.5999999999995396,1.6896525759571532,False,True,1.7701122224313035,0.3895027545514487,22.0,1.9513495110984307,0.6500000000021942,1.7747023174917538,21.0,0.5309896917086547,1.9047619047619047,0.5573041171502604,22.0,11.146082343005208,1.9090909090909092,1,False,2,0.0,True,False,1.022135458194416,False,True,False,8.4,1.608872490863482,1.0
baseline,12.0,1,24.100000000000072,18,0.6,0.40000000000000924,inf,0.9589854667192371,True,False,1.000680487011378,0.0004089484962435,24.0,1.000680487011378,1.3500311979441904e-13,,,,,0.2619775388821335,24.0,5.23955077764267,1.9166666666666667,1,False,1,0.0,True,False,0.522094167136371,False,False,True,8.4,1.608872490863482,1.0
baseline,12.0,1,24.50000000000008,13,0.6,0.40000000000000213,0.40000000000000924,0.9589711569881988,True,False,1.0006655551181205,0.000401612637135,24.0,1.9164204908506224,0.5500000000001393,1.9164204908506224,23.0,0.5235315248039356,1.9130434782608696,0.5235315248039356,23.0,10.470630496078712,1.9130434782608696,2,True,2,-1.0,False,False,1.0017652565810071,True,False,False,8.4,1.608872490863482,1.0
baseline,12.0,1,24.900000000000084,7,1.5,3.2000000000000455,0.40000000000000213,0.9589520908589394,False,True,1.0006456600267193,0.0003949983529037,24.0,1.9164204908506224,0.15000000000013713,1.9164204908506224,23.0,0.5235315248039356,1.9130434782608696,0.5235315248039356,23.0,10.470630496078712,1.9130434782608696,2,False,4,-1.0,True,False,1.0017652565810071,True,False,False,8.4,1.608872490863482,1.0
baseline,12.0,1,28.10000000000013,19,1.5,3.999999999999943,3.2000000000000455,1.2323786276268867,False,True,1.2939975590082309,0.1685308744008601,21.0,1.9250963964510743,1.05000000000015,1.925042955467052,20.0,0.6047700806740073,1.9,0.604786869654288,20.0,12.09573739308576,1.9,0,False,2,-1.0,False,True,1.0132086297110918,True,False,False,8.4,1.608872490863482,1.0
baseline,12.0,1,34.30000000000022,24,1.5,1.799999999999912,1.4000000000001336,1.1613182599905238,False,True,1.2141054536264568,0.1496309819222478,23.0,2.036023650284784,1.1499999999999062,2.0336066373752133,22.0,0.5807966974790375,1.9090909090909092,0.5814869947517955,22.0,11.629739895035911,1.9090909090909092,0,False,2,-1.0,False,True,1.066488578720601,False,True,False,8.4,1.608872490863482,1.0
baseline,12.0,1,36.80000000000025,5,1.5,1.900000000000027,0.7000000000001236,1.5454795346833954,False,True,1.6157286044417316,0.2238730757002002,23.0,1.7803966256145929,1.1499999999997286,1.7759129794871638,22.0,0.5071995608883304,1.9090909090909092,0.5084800872278965,22.0,10.16960174455793,1.9090909090909092,1,False,2,-1.0,False,False,0.9325887086552629,False,False,True,8.4,1.608872490863482,1.0
baseline,12.0,1,38.70000000000028,4,1.4999999999999076,1.4999999999999076,1.900000000000027,1.3185286507628915,False,False,1.3813157293706482,0.1711047937516315,22.0,2.179727683490116,1.0499999999995993,2.179727683490116,21.0,0.6521729978360806,1.9047619047619047,0.6521729978360806,21.0,13.043459956721613,1.9047619047619047,0,False,2,-1.0,False,True,1.1443570338323108,False,True,False,8.4,1.608872490863482,1.0
baseline,12.0,1,40.20000000000019,7,0.6,0.20000000000011653,1.4999999999999076,1.9428476656910814,True,False,2.0399900489756355,0.2755076985799938,21.0,2.0226944937042,0.0499999999996632,,,,,0.60518877732168,21.0,12.1037755464336,1.9047619047619047,2,False,1,0.0,True,False,1.0619146091947052,False,True,False,8.4,1.608872490863482,1.0
baseline,12.0,1,40.400000000000304,14,0.6,0.30000000000000426,0.20000000000011653,1.8496521144702114,True,False,1.942134720193722,0.2607202785080067,21.0,1.864405059894198,0.049999999999535305,,,,,0.5578286894742144,21.0,11.156573789484288,1.9047619047619047,2,False,1,0.0,True,False,0.9788126564444539,False,False,True,8.4,1.608872490863482,1.0
baseline,12.0,1,40.70000000000031,17,1.5,1.599999999999909,0.30000000000000426,1.555606943823575,False,True,1.6333872910147538,0.2322357074597666,21.0,2.69965801063242,0.6499999999994799,2.646117699504808,20.0,0.8313023925298229,1.9,0.8481225773407646,20.0,16.96245154681529,1.9,2,False,4,-1.0,True,False,1.420872637174958,False,True,False,8.4,1.608872490863482,1.0
baseline,12.0,1,55.80000000000052,15,1.5,5.10000000000008,7.100000000000215,1.074887344333401,False,True,1.1216215766957227,0.0752645991959395,24.0,1.998827100112492,1.0499999999983842,1.998827100112492,23.0,0.5460435246530082,1.9130434782608696,0.5460435246530082,23.0,10.920870493060164,1.9130434782608696,0,False,2,-1.0,False,True,1.0448414386951663,False,True,False,8.4,1.608872490863482,1.0
baseline,12.0,1,60.9000000000006,23,1.5,2.8999999999999204,5.10000000000008,1.1706711131721406,False,True,1.223883436498147,0.099202279782598,23.0,1.8766095421119968,1.0499999999980147,1.8766095421119968,22.0,0.5359584319232322,1.9090909090909092,0.5359584319232322,22.0,10.719168638464645,1.9090909090909092,0,False,2,-1.0,False,True,0.9829859506300935,True,False,False,8.4,1.608872490863482,1.0
baseline,12.0,1,64.10000000000063,3,1.499999999999801,1.499999999999801,0.30000000000011084,1.4016782551839457,False,False,1.4653909031468526,0.2053668982728793,23.0,1.804576097257706,1.0999999999978058,1.8007769051164149,22.0,0.5143006814425357,1.9090909090909092,0.5153857281807772,22.0,10.307714563615544,1.9090909090909092,1,False,2,-1.0,False,False,0.945254146182608,False,False,True,8.4,1.608872490863482,1.0
baseline,12.0,1,65.60000000000043,13,1.5,3.3000000000001677,1.499999999999801,1.6381224514584625,False,True,1.716128282480294,0.1916945922121391,22.0,1.704278608954161,0.9999999999979252,1.704278608954161,21.0,0.5099189673867262,1.9047619047619047,0.5099189673867262,21.0,10.198379347734523,1.9047619047619047,0,False,2,-1.0,False,True,0.8947462697009346,False,False,True,8.4,1.608872490863482,1.0
baseline,12.0,1,69.20000000000034,21,0.8999999999999488,0.8999999999999488,0.29999999999974136,1.2210518242519661,False,False,1.2791971492163454,0.1803611608892142,22.0,1.257213944821873,0.04999999999786553,,,,,0.3590594630039128,22.0,7.181189260078256,1.9090909090909092,1,False,1,0.0,True,False,0.6585406377638383,False,False,True,8.4,1.608872490863482,1.0
baseline,12.0,1,70.10000000000029,11,1.5,2.000000000000341,0.8999999999999488,1.1388344556795114,False,True,1.193064667854726,0.1155649992518244,22.0,1.9352727759908928,0.14999999999785985,1.9352727759908928,21.0,0.5790322605471729,1.9047619047619047,0.5790322605471729,21.0,11.580645210943459,1.9047619047619047,1,False,3,-1.0,True,False,1.0160182073952189,True,False,False,8.4,1.608872490863482,1.0
baseline,12.0,1,76.59999999999981,14,0.6000000000005343,0.6000000000005343,2.9999999999993747,1.1040620540087887,False,False,1.1566364375330167,0.1158116311983065,22.0,1.1548270036171642,0.1999999999979707,,,,,0.3298178209755269,22.0,6.596356419510538,1.9090909090909092,0,False,1,0.0,True,True,0.604909382847086,False,False,True,8.4,1.608872490863482,1.0
baseline,12.0,1,82.8999999999998,23,1.5,1.7000000000000028,4.799999999999514,1.1493951738484383,False,True,1.2016404090233672,0.0772074505505803,23.0,1.7602382694087555,1.049999999997567,1.7601588430424446,22.0,0.5027001900412049,1.9090909090909092,0.502722874158378,22.0,10.05445748316756,1.9090909090909092,0,False,2,-1.0,False,True,0.9220295696903005,False,False,True,8.4,1.608872490863482,1.0
baseline,12.0,1,89.59999999999964,21,1.3000000000001677,1.3000000000001677,4.9999999999998295,1.075352698857284,False,False,1.1242323669871606,0.071175504632278,23.0,2.0994160391323717,1.0999999999973653,2.09922444688429,22.0,0.5995371000516165,1.9090909090909092,0.5995918186697127,22.0,11.991836373394253,1.9090909090909092,0,False,2,-1.0,False,True,1.0996941157360043,False,True,False,8.4,1.608872490863482,1.0
baseline,12.0,1,94.09999999999891,9,1.5,2.4999999999998863,3.1999999999991076,1.3059710806650706,False,True,1.365333402513483,0.0929410124016646,23.0,1.8326019744512456,1.049999999997823,1.8326019744512456,22.0,0.5233898999900166,1.9090909090909092,0.5233898999900166,22.0,10.467797999800332,1.9090909090909092,0,False,2,-1.0,False,True,0.9599343675697001,False,False,True,8.4,1.608872490863482,1.0
baseline,12.0,1,96.5999999999988,8,1.0000000000008384,1.0000000000008384,2.4999999999998863,1.315633129889121,False,False,1.3782823265505078,0.1174587681891003,22.0,1.4696059684685707,0.6999999999978002,,,,,0.4197184831102341,22.0,8.394369662204682,1.9090909090909092,0,False,1,0.0,True,True,0.769793602531156,False,False,True,8.4,1.608872490863482,1.0
baseline,12.0,1,99.99999999999837,7,0.6,0.20000000000067075,2.3999999999987267,1.702633609606368,True,False,1.7837114005400043,0.2502838310975123,22.0,1.7689201809546873,0.0499999999980929,,,,,0.5052024222976339,22.0,10.104048445952678,1.9090909090909092,1,False,1,0.0,True,False,0.9265772376429314,False,False,True,8.4,1.608872490863482,1.0
baseline,12.0,1,100.19999999999904,11,1.5,1.8999999999998778,0.20000000000067075,1.657663785427947,False,True,1.7366001561626112,0.2395544884014152,22.0,2.5476501084233822,1.3999999999973198,2.181139814386228,21.0,0.6525955064121884,1.9047619047619047,0.8003678864540138,20.0,16.007357729080276,1.9,1,True,3,-2.0,True,False,1.3408684781175697,False,True,False,8.4,1.608872490863482,1.0
baseline,12.0,1,103.69999999999928,21,0.8999999999995225,0.8999999999995225,1.6000000000003638,1.8586115571637207,False,False,1.9515421350219069,0.287078930540896,21.0,1.9644286493942924,0.14999999999696456,,,,,0.5877556774703265,21.0,11.75511354940653,1.9047619047619047,0,False,1,0.0,True,True,1.0313250409320036,False,True,False,8.4,1.608872490863482,1.0
baseline,12.0,1,106.49999999999812,4,1.5,1.5000000000002416,1.8999999999993236,1.361375804302479,False,True,1.429444594517603,0.205770376867633,21.0,1.682627646919892,1.1999999999978996,1.6664528324181302,20.0,0.52353159758787,1.9,0.5286130654290613,20.0,10.572261308581226,1.9,0,False,2,-1.0,False,True,0.8855934983788906,False,False,True,8.4,1.608872490863482,1.0
baseline,12.0,1,114.499999999998,7,0.6999999999997186,0.6999999999997186,2.799999999998718,1.1281068406132817,False,False,1.1793844242775218,0.1119985826300989,23.0,1.2256214479172456,0.09999999999764952,,,,,0.3208669447382419,24.0,6.417338894764838,1.9166666666666667,1,False,2,1.0,True,False,0.6394546684785629,False,False,True,8.4,1.608872490863482,1.0
baseline,12.0,1,115.19999999999771,22,1.5,7.300000000000281,0.6999999999995907,1.1505394431449252,False,True,1.2005628971947044,0.165689758394294,24.0,1.859427894593664,0.29999999999786553,1.859427894593664,23.0,0.507962175090034,1.9130434782608696,0.507962175090034,23.0,10.159243501800681,1.9130434782608696,2,False,3,-1.0,True,False,0.9719736721739607,False,False,True,8.4,1.608872490863482,1.0
baseline,12.0,1,133.69999999999737,7,1.5,8.0,10.499999999999659,1.0153165058178326,False,True,1.0594607017229558,0.0362486457473852,24.0,1.8143526663451852,1.0499999999990166,1.8136873046359483,23.0,0.4954666706220321,1.9130434782608696,0.4956484354444423,23.0,9.912968708888846,1.9130434782608696,0,False,2,-1.0,False,True,0.9484116210440741,False,False,True,8.4,1.608872490863482,1.0
B2,12.0,1,24.100000000000072,18,0.6,0.40000000000000924,inf,0.9589854667192371,True,False,1.000680487011378,0.0004089484962435,24.0,1.000680487011378,1.3500311979441904e-13,,,,,0.2619775388821335,24.0,5.23955077764267,1.9166666666666667,1,False,1,0.0,True,False,0.522094167136371,False,False,True,8.4,1.608872490863482,1.0
B2,12.0,1,24.50000000000008,13,0.6,0.40000000000000213,0.40000000000000924,0.9589711569881988,True,False,1.0006655551181205,0.000401612637135,24.0,1.9164204908506224,0.5500000000001393,1.9164204908506224,23.0,0.5235315248039356,1.9130434782608696,0.5235315248039356,23.0,10.470630496078712,1.9130434782608696,2,True,2,-1.0,False,False,1.0017652565810071,True,False,False,8.4,1.608872490863482,1.0
B2,12.0,1,24.900000000000084,7,1.5,3.2000000000000455,0.40000000000000213,0.9589520908589394,False,True,1.0006456600267193,0.0003949983529037,24.0,1.9164204908506224,0.15000000000013713,1.9164204908506224,23.0,0.5235315248039356,1.9130434782608696,0.5235315248039356,23.0,10.470630496078712,1.9130434782608696,2,False,4,-1.0,True,False,1.0017652565810071,True,False,False,8.4,1.608872490863482,1.0
B2,12.0,1,28.10000000000013,19,1.5,3.999999999999943,3.2000000000000455,1.2421636886431624,False,True,1.3042718730753204,0.1741644769010351,21.0,1.8838278209926929,0.9500000000001521,1.8838278209926929,20.0,0.5918219643058711,1.9,0.5918219643058711,20.0,11.836439286117422,1.9,0,False,2,-1.0,False,True,0.9914883268382595,True,False,False,8.4,1.608872490863482,1.0
B2,12.0,1,34.30000000000022,24,1.5,1.799999999999912,1.4000000000001336,1.322443306905935,False,True,1.38255436631075,0.1984466545458683,23.0,1.7892308115708568,1.049999999999912,1.7892308115708568,22.0,0.5110031248370461,1.9090909090909092,0.5110031248370461,22.0,10.220062496740923,1.9090909090909092,0,False,2,-1.0,False,True,0.9372161393942583,False,False,True,8.4,1.608872490863482,1.0
B2,12.0,1,36.80000000000025,5,1.5,1.900000000000027,0.7000000000001236,1.521718157501327,False,True,1.590887164660478,0.2816052669281937,23.0,1.6367786144415568,0.649999999999757,1.508111261184071,22.0,0.4307155689938104,1.9090909090909092,0.4471384061463022,23.0,8.942768122926044,1.9130434782608696,1,False,2,0.0,True,False,0.8555888211853592,False,False,True,8.4,1.608872490863482,1.0
B2,12.0,1,38.70000000000028,4,1.4999999999999076,1.4999999999999076,1.900000000000027,1.4150420670440496,False,False,1.4824250226175757,0.2035497403024465,22.0,1.751135855475418,1.0499999999995993,1.751135855475418,21.0,0.5239386227618335,1.9047619047619047,0.5239386227618335,21.0,10.478772455236669,1.9047619047619047,0,False,2,-1.0,False,True,0.9193463241245945,False,False,True,8.4,1.608872490863482,1.0
B2,12.0,1,40.20000000000019,7,0.6,0.20000000000011653,1.4999999999999076,1.4788622130179068,True,False,1.552805323668802,0.2307882674222502,21.0,1.552805323668802,0.0499999999996632,,,,,0.4645982664088599,21.0,9.291965328177197,1.9047619047619047,2,False,1,0.0,True,False,0.815222794926121,False,False,True,8.4,1.608872490863482,1.0
B2,12.0,1,40.400000000000304,14,0.6,0.30000000000000426,0.20000000000011653,1.3632894295909306,True,False,1.4314539010704772,0.2165581481079831,21.0,1.4001441557018632,0.14999999999953673,,,,,0.4189221517637769,21.0,8.378443035275538,1.9047619047619047,2,False,1,0.0,True,False,0.7350756817434783,False,False,True,8.4,1.608872490863482,1.0
B2,12.0,1,40.70000000000031,17,1.5,1.599999999999909,0.30000000000000426,1.3215146482520617,False,True,1.3875903806646648,0.1996389564382175,21.0,1.8042390648374045,1.0999999999994543,1.7170910336168168,20.0,0.5394400576755496,1.9,0.6297982434903231,18.0,12.595964869806462,1.8888888888888888,2,False,4,-3.0,True,False,0.9551853872668612,False,False,True,8.4,1.608872490863482,1.0
B2,12.0,1,55.80000000000052,15,1.5,5.10000000000008,7.100000000000215,1.5459142840060782,False,True,1.6131279485280816,0.2453643032522198,24.0,1.8174317301203575,1.0999999999983743,1.815819725094812,23.0,0.4960492094435911,1.9130434782608696,0.496489580151922,23.0,9.92979160303844,1.9130434782608696,0,False,2,-1.0,False,True,0.9500211316538232,False,False,True,8.4,1.608872490863482,1.0
B2,12.0,1,60.9000000000006,23,1.5,2.8999999999999204,5.10000000000008,1.612731924147371,False,True,1.6860379206995242,0.2858943186330855,23.0,2.276246659513779,1.0499999999980147,2.276246659513779,22.0,0.650094525753345,1.9090909090909092,0.650094525753345,22.0,13.0018905150669,1.9090909090909092,0,False,2,-1.0,False,True,1.1923196787929318,False,True,False,8.4,1.608872490863482,1.0
B2,12.0,1,64.10000000000063,3,1.499999999999801,1.499999999999801,0.30000000000011084,2.0701990808250668,False,False,2.164299039044388,0.4395445435116826,23.0,2.5289066386102466,0.7499999999978257,2.3927164848874907,22.0,0.6833582300950667,1.9090909090909092,0.6908516971715137,23.0,13.817033943430275,1.9130434782608696,1,False,2,0.0,True,False,1.3219284701826288,False,True,False,8.4,1.608872490863482,1.0
B2,12.0,1,65.60000000000043,13,1.5,3.3000000000001677,1.499999999999801,2.099994627399171,False,True,2.1999943715610364,0.4007396248461218,22.0,2.2099986519368366,1.4499999999978996,2.073073538462016,21.0,0.620262152265111,1.9047619047619047,0.6612300504160107,21.0,13.224601008320214,1.9047619047619047,0,True,2,-1.0,False,True,1.1602492922668393,False,True,False,8.4,1.608872490863482,1.0
B2,12.0,1,69.20000000000034,21,0.8999999999999488,0.8999999999999488,0.29999999999974136,1.9082831175566275,False,False,1.9991537422021812,0.3243160357474778,22.0,1.9779608997456029,0.04999999999786553,,,,,0.5649043119753312,22.0,11.298086239506624,1.9090909090909092,1,False,1,0.0,True,False,1.0360747570096014,False,True,False,8.4,1.608872490863482,1.0
B2,12.0,1,70.10000000000029,11,1.5,2.000000000000341,0.8999999999999488,1.6734488748576768,False,True,1.7531369165175663,0.2628895872466351,22.0,2.2752856011299745,0.14999999999785985,2.2752856011299745,21.0,0.6807638599360537,1.9047619047619047,0.6807638599360537,21.0,13.615277198721074,1.9047619047619047,1,False,3,-1.0,True,False,1.1945249405932366,False,True,False,8.4,1.608872490863482,1.0
B2,12.0,1,76.59999999999981,14,0.6000000000005343,0.6000000000005343,2.9999999999993747,1.526973730325556,False,False,1.5996867651029634,0.2109726611744021,22.0,1.8386108024687395,0.599999999997948,,,,,0.5251060172587843,22.0,10.502120345175685,1.9090909090909092,0,True,1,0.0,True,True,0.9630818489121968,False,False,True,8.4,1.608872490863482,1.0
B2,12.0,1,82.8999999999998,23,1.5,1.7000000000000028,4.799999999999514,1.42303257683468,False,True,1.487715875781711,0.1836330721856708,23.0,1.743096604054511,1.049999999997567,1.743096604054511,22.0,0.4978272259813607,1.9090909090909092,0.4978272259813607,22.0,9.956544519627213,1.9090909090909092,0,False,2,-1.0,False,True,0.9130506021237915,False,False,True,8.4,1.608872490863482,1.0
B2,12.0,1,89.59999999999964,21,1.3000000000001677,1.3000000000001677,4.9999999999998295,1.1765656328721428,False,False,1.2300458889117858,0.1763832344010107,23.0,2.2450797356410326,1.0999999999973653,2.2441806586646647,22.0,0.6409364973262921,1.9090909090909092,0.6411932731102894,22.0,12.823865462205788,1.9090909090909092,0,False,2,-1.0,False,True,1.1759941472405409,False,True,False,8.4,1.608872490863482,1.0
B2,12.0,1,94.09999999999891,9,1.5,2.4999999999998863,3.1999999999991076,1.5985330269956572,False,True,1.6711936191318235,0.1970471538216878,23.0,1.7207827204133226,0.4499999999978428,1.5722092070250469,22.0,0.4490218995178292,1.9090909090909092,0.4700868132934568,23.0,9.401736265869136,1.9130434782608696,0,False,2,0.0,True,True,0.8995000583978732,False,False,True,8.4,1.608872490863482,1.0
B2,12.0,1,96.5999999999988,8,1.0000000000008384,1.0000000000008384,2.4999999999998863,1.4547149517033118,False,False,1.5239870922606122,0.1923756681215624,22.0,1.5195862922885492,0.04999999999783711,,,,,0.4339928302135871,22.0,8.679856604271741,1.9090909090909092,0,False,1,0.0,True,True,0.7959737721511448,False,False,True,8.4,1.608872490863482,1.0
B2,12.0,1,99.99999999999837,7,0.6,0.20000000000067075,2.3999999999987267,1.2840695803294002,True,False,1.3452157508212763,0.1675641574065363,22.0,1.340646971810895,0.0499999999980929,,,,,0.3828878797907737,22.0,7.657757595815474,1.9090909090909092,1,False,1,0.0,True,False,0.7022436519009451,False,False,True,8.4,1.608872490863482,1.0
B2,12.0,1,100.19999999999904,11,1.5,1.8999999999998778,0.20000000000067075,1.267973533069089,False,True,1.328353225119998,0.1627581565725189,22.0,2.156763404449438,1.0499999999973681,1.9793782249586007,21.0,0.5922285800195759,1.9047619047619047,0.6775672066949667,20.0,13.551344133899335,1.9,1,False,3,-2.0,True,False,1.135138633920757,False,True,False,8.4,1.608872490863482,1.0
B2,12.0,1,103.69999999999928,21,0.8999999999995225,0.8999999999995225,1.6000000000003638,1.8605934027577142,False,False,1.9536230728956,0.2825490820326452,21.0,1.956432130405109,0.049999999996956035,,,,,0.5853631245835924,21.0,11.707262491671848,1.9047619047619047,0,False,1,0.0,True,True,1.0271268684626824,False,True,False,8.4,1.608872490863482,1.0
B2,12.0,1,106.49999999999812,4,1.5,1.5000000000002416,1.8999999999993236,1.448902708923226,False,True,1.5213478443693873,0.2452519169612197,21.0,1.8363769207365723,1.0499999999979224,1.8363769207365723,20.0,0.5769148243407862,1.9,0.5769148243407862,20.0,11.538296486815725,1.9,0,False,2,-1.0,False,True,0.9665141688087223,False,False,True,8.4,1.608872490863482,1.0
B2,12.0,1,114.499999999998,7,0.6999999999997186,0.6999999999997186,2.799999999998718,1.4240390996085477,False,False,1.4887681495907543,0.2339975670827096,23.0,1.6353007371632609,0.6999999999976012,,,,,0.4281207318568394,24.0,8.562414637136788,1.9166666666666667,1,True,2,1.0,True,False,0.8532003846069187,False,False,True,8.4,1.608872490863482,1.0
B2,12.0,1,115.19999999999771,22,1.5,7.300000000000281,0.6999999999995907,1.5671632064481251,False,True,1.6353007371632609,0.2847238324398423,24.0,2.0047604952869307,1.049999999997823,1.5859405689142287,23.0,0.4332503687244311,1.9130434782608696,0.5725582585636779,22.0,11.451165171273558,1.9090909090909092,2,False,3,-2.0,True,False,1.0501126403883922,False,True,False,8.4,1.608872490863482,1.0
B2,12.0,1,133.69999999999737,7,1.5,8.0,10.499999999999659,1.3667238021055381,False,True,1.4261465761101269,0.2478645031823526,24.0,1.425439797375642,0.049999999998789235,1.383402792402022,23.0,0.3779206999622433,1.9130434782608696,0.3731792662974866,24.0,7.463585325949732,1.9166666666666667,0,False,2,0.0,True,True,0.7437077203699002,False,False,True,8.4,1.608872490863482,1.0
baseline,12.0,2,38.70000000000028,20,1.5,1.6000000000000227,22.300000000000296,0.9675152956130408,False,True,1.0095811780309991,0.007874255685483,24.0,1.898733166685796,1.0499999999995993,1.898733166685796,23.0,0.5186996667467287,1.9130434782608696,0.5186996667467287,23.0,10.373993334934575,1.9130434782608696,0,False,2,-1.0,False,True,0.9925196098584843,True,False,False,8.4,1.608872490863482,1.0
baseline,12.0,2,40.3000000000003,25,1.5,6.399999999999977,1.6000000000000227,1.6357767046237657,False,True,1.7101301911975733,0.1533652868249769,23.0,1.8199428454871185,1.0499999999994856,1.8199428454871185,22.0,0.5197744612123305,1.9090909090909092,0.5197744612123305,22.0,10.39548922424661,1.9090909090909092,0,False,2,-1.0,False,True,0.9533033952551573,False,False,True,8.4,1.608872490863482,1.0
baseline,12.0,2,49.30000000000043,23,0.9000000000000128,0.9000000000000128,1.000000000000128,1.097818583755184,False,False,1.1455498265271484,0.1192734732944153,24.0,1.1427903838135254,0.04999999999890292,,,,,0.2991818228651359,24.0,5.983636457302718,1.9166666666666667,0,False,1,0.0,True,True,0.5962384611201001,False,False,True,8.4,1.608872490863482,1.0
baseline,12.0,2,50.20000000000044,14,1.5,4.300000000000054,0.9000000000000128,1.0609119693084617,False,True,1.107038576669699,0.06975549398995,24.0,1.9096782912549213,0.1499999999988333,1.9096782912549213,23.0,0.5216896774370756,1.9130434782608696,0.5216896774370756,23.0,10.433793548741512,1.9130434782608696,1,False,3,-1.0,True,False,0.9982409249741634,True,False,False,8.4,1.608872490863482,1.0
baseline,12.0,2,54.5000000000005,12,1.5,2.799999999999933,4.300000000000054,1.125942021162779,False,True,1.1795583078848162,0.082536478825507,22.0,2.041062239896408,1.0499999999984837,2.041062239896408,21.0,0.6106843941312459,1.9047619047619047,0.6106843941312459,21.0,12.213687882624917,1.9047619047619047,0,False,2,-1.0,False,True,1.0715576759456142,False,True,False,8.4,1.608872490863482,1.0
baseline,12.0,2,58.10000000000056,18,0.6,0.09999999999988063,0.8000000000001322,1.5147458224472372,True,False,1.5868765758971055,0.232389972081221,22.0,1.5679219425603328,0.5999999999982393,,,,,0.4283280048825895,23.0,8.56656009765179,1.9130434782608696,2,True,2,1.0,True,False,0.8195955608838102,False,False,True,8.4,1.608872490863482,1.0
baseline,12.0,2,59.00000000000057,7,1.5,3.0999999999999304,0.8000000000001251,1.5116547436308327,False,True,1.5803663228867797,0.2617804157485175,23.0,2.0537562859798504,0.149999999998208,2.0537562859798504,22.0,0.5865514236634688,1.9090909090909092,0.5865514236634688,22.0,11.731028473269376,1.9090909090909092,2,False,3,-1.0,True,False,1.0757771021799216,False,True,False,8.4,1.608872490863482,1.0
baseline,12.0,2,62.1000000000005,23,0.6,0.3999999999999986,3.0999999999999304,1.547942392290187,True,False,1.6253395119046965,0.2216345349438149,21.0,1.6253395119046965,0.049999999998107114,,,,,0.4863004447799062,21.0,9.726008895598124,1.9047619047619047,1,False,2,0.0,True,False,0.8533032437499657,False,False,True,8.4,1.608872490863482,1.0
baseline,12.0,2,65.30000000000057,17,0.7999999999999972,0.7999999999999972,2.800000000000068,1.2914177685151782,False,False,1.3559886569409372,0.1444049734030202,21.0,1.3541611587349305,0.04999999999786553,,,,,0.4051640712436475,21.0,8.10328142487295,1.9047619047619047,0,False,1,0.0,True,True,0.7109346083358385,False,False,True,8.4,1.608872490863482,1.0
baseline,12.0,2,66.3000000000004,12,0.6,0.29999999999998295,0.1999999999998323,1.1799924960280963,True,False,1.236182614886577,0.1885802607577761,22.0,1.7328511119138772,0.049999999997979216,1.7328511119138772,21.0,0.5184678402812897,1.9047619047619047,0.5184678402812897,21.0,10.369356805625793,1.9047619047619047,3,False,1,-1.0,False,False,0.9097468337547856,False,False,True,8.4,1.608872490863482,1.0
baseline,12.0,2,66.60000000000038,20,0.6,0.4000000000001904,0.29999999999998295,1.5708789733116892,True,False,1.6494229219772738,0.2079853025125456,21.0,1.6356165839796608,0.049999999997979216,,,,,0.4893753375542986,21.0,9.78750675108597,1.9047619047619047,3,False,2,0.0,True,False,0.858698706589322,False,False,True,8.4,1.608872490863482,1.0
baseline,12.0,2,70.50000000000048,23,1.5,2.8000000000000824,0.39999999999997726,1.3759018884704257,False,True,1.4446969828939469,0.2176836843626073,21.0,1.759079466376842,1.4499999999975728,1.6906717198322878,20.0,0.5311401854657136,1.9,0.5526311128650141,20.0,11.052622257300282,1.9,1,True,2,-1.0,False,False,0.9258312980930749,False,False,True,8.4,1.608872490863482,1.0
baseline,12.0,2,77.99999999999994,7,0.6,0.50000000000054,3.399999999999565,1.1335093875353004,True,False,1.1850325415141776,0.0814110237240605,23.0,1.2318026741245176,0.5999999999977348,,,,,0.3224851859751538,24.0,6.449703719503076,1.9166666666666667,1,True,2,1.0,True,False,0.6426796560649657,False,False,True,8.4,1.608872490863482,1.0
baseline,12.0,2,80.39999999999971,11,1.5,5.600000000000236,1.899999999999224,1.4214392711649726,False,True,1.4860501471270169,0.163169878694756,23.0,1.8737387856419825,1.0499999999978087,1.8737387856419825,22.0,0.5351385457926465,1.9090909090909092,0.5351385457926465,22.0,10.70277091585293,1.9090909090909092,0,False,2,-1.0,False,True,0.9814822210505623,True,False,False,8.4,1.608872490863482,1.0
baseline,12.0,2,95.19999999999888,19,1.0000000000003837,1.0000000000003837,6.799999999999173,0.9994969437665429,False,False,1.0429533326259577,0.0247857354256654,24.0,1.042710974811405,0.04999999999783711,,,,,0.2729810948570801,24.0,5.459621897141602,1.9166666666666667,0,False,1,0.0,True,True,0.5440231172929069,False,False,True,8.4,1.608872490863482,1.0
baseline,12.0,2,96.19999999999926,11,1.5,5.19999999999925,1.0000000000003837,0.9953294416211191,False,True,1.0386046347350808,0.0211284508476974,24.0,1.8957086952386104,0.04999999999741078,1.8957086952386104,23.0,0.5178734356789487,1.9130434782608696,0.5178734356789487,23.0,10.357468713578974,1.9130434782608696,0,False,2,-1.0,False,True,0.9909386361474554,True,False,False,8.4,1.608872490863482,1.0
baseline,12.0,2,101.39999999999851,13,1.5,1.8000000000003666,5.19999999999925,1.0744790407376024,False,True,1.1256447093441548,0.0626318351172531,22.0,1.9436998466146376,1.0499999999978087,1.9436998466146376,21.0,0.5815536341817289,1.9047619047619047,0.5815536341817289,21.0,11.631072683634578,1.9047619047619047,0,False,2,-1.0,False,True,1.0204424194726849,False,True,False,8.4,1.608872490863482,1.0
baseline,12.0,2,112.69999999999789,24,1.3999999999997925,1.3999999999997925,3.299999999999372,1.0156742150264262,False,False,1.059833963505836,0.0601219568383829,24.0,1.9434800310651816,1.0499999999977945,1.9434800310651816,23.0,0.5309237033037251,1.9130434782608696,0.5309237033037251,23.0,10.618474066074501,1.9130434782608696,0,False,2,-1.0,False,True,1.0159100162386177,True,False,False,8.4,1.608872490863482,1.0
baseline,12.0,2,114.09999999999768,14,1.1999999999999176,1.1999999999999176,1.3999999999997925,1.780805314561569,False,False,1.861751010678004,0.1902674150829086,23.0,1.835745128562168,0.049999999997979216,1.7307233658663117,22.0,0.4942934374183458,1.9090909090909092,0.501492470413405,23.0,10.029849408268099,1.9130434782608696,0,False,2,0.0,True,True,0.9595940444756786,False,False,True,8.4,1.608872490863482,1.0
baseline,12.0,2,115.2999999999976,25,0.6,0.20000000000013074,1.1999999999999176,1.6413528583628307,True,False,1.7195125182848705,0.2087259384274065,22.0,1.705669401841598,0.04999999999800764,,,,,0.4871380420253146,22.0,9.74276084050629,1.9090909090909092,1,False,1,0.0,True,False,0.8934458771551228,False,False,True,8.4,1.608872490863482,1.0
baseline,12.0,2,115.49999999999773,16,0.999999999999929,0.999999999999929,0.20000000000013074,1.576954048723495,False,False,1.6520470986627092,0.1988502265302853,22.0,2.0222818745148525,0.8999999999977888,2.018770628124865,21.0,0.6040147594857075,1.9047619047619047,0.6050653219489197,21.0,12.101306438978394,1.9047619047619047,1,False,2,-1.0,False,False,1.0616979841202976,False,True,False,8.4,1.608872490863482,1.0
baseline,12.0,2,116.49999999999766,6,1.5,2.5000000000004263,0.999999999999929,1.9156216871614442,False,True,2.011402771519516,0.2528006676230175,21.0,1.9919776862856695,0.24999999999786837,1.973338309616647,20.0,0.6199425136538959,1.9,0.6257982465349854,20.0,12.515964930699708,1.9,1,False,2,-1.0,False,False,1.048409308571405,False,True,False,8.4,1.608872490863482,1.0
baseline,12.0,2,118.99999999999808,7,1.5,1.699999999999804,2.5000000000004263,1.319455885893859,False,True,1.39275899066574,0.21582415287749,19.0,1.7308598250661036,0.9999999999972431,1.7308598250661036,18.0,0.6041840567579317,1.8888888888888888,0.6041840567579317,18.0,12.083681135158635,1.8888888888888888,0,False,2,-1.0,False,True,0.9163375544467608,False,False,True,8.4,1.608872490863482,1.0
baseline,12.0,2,122.89999999999765,12,0.6,0.39999999999994884,0.7999999999999687,1.4198113033211022,True,False,1.494538214022213,0.2431406347225693,20.0,1.5815657130944702,0.599999999997479,,,,,0.47320335480258,21.0,9.4640670960516,1.9047619047619047,2,True,2,1.0,True,False,0.8303219993745969,False,False,True,8.4,1.608872490863482,1.0
baseline,12.0,2,124.99999999999716,2,1.5,2.0000000000009237,0.4999999999995026,1.5392556443089915,False,True,1.6125535321332292,0.2717744507640706,22.0,1.9988194870724465,1.09999999999782,1.9914186361111803,21.0,0.5958310626122563,1.9047619047619047,0.5980453920418016,21.0,11.960907840836033,1.9047619047619047,1,False,2,-1.0,False,False,1.0493802307130344,False,True,False,8.4,1.608872490863482,1.0
baseline,12.0,2,129.1999999999974,24,1.5,1.7000000000002444,2.1999999999993207,1.2219511364231794,False,True,1.2801392857766642,0.1433791076934202,22.0,2.0946442850449944,0.9999999999979536,2.0946442850449944,21.0,0.6267161045505905,1.9047619047619047,0.6267161045505905,21.0,12.53432209101181,1.9047619047619047,0,False,2,-1.0,False,True,1.0996882496486222,False,True,False,8.4,1.608872490863482,1.0
baseline,12.0,2,134.79999999999663,5,1.5,2.400000000000773,1.7999999999994714,1.3396809219980335,False,True,1.4005755093615804,0.1462335195042396,23.0,2.057410426572785,1.0,2.057410426572785,22.0,0.5875950437763731,1.9090909090909092,0.5875950437763731,22.0,11.751900875527461,1.9090909090909092,0,False,2,-1.0,False,True,1.0776911758238397,False,True,False,8.4,1.608872490863482,1.0
baseline,12.0,2,147.89999999999588,9,1.5,inf,5.099999999999255,1.0148710022662233,False,True,1.0589958284517111,0.0475687117435183,24.0,1.94952577461378,0.9500000000037119,1.94952577461378,23.0,0.5325752914357045,1.9130434782608696,0.5325752914357045,23.0,10.65150582871409,1.9130434782608696,0,False,2,-1.0,False,True,1.0190702912753848,True,False,False,8.4,1.608872490863482,1.0
B2,12.0,2,38.70000000000028,20,1.5,1.6000000000000227,22.300000000000296,1.0037427106163581,False,True,1.0473836980344606,0.0322989214794473,24.0,1.9847384860679405,1.0499999999995993,1.9847384860679405,23.0,0.5421947693154756,1.9130434782608696,0.5421947693154756,23.0,10.843895386309512,1.9130434782608696,0,False,2,-1.0,False,True,1.0374769358991507,False,True,False,8.4,1.608872490863482,1.0
B2,12.0,2,40.3000000000003,25,1.5,6.399999999999977,1.6000000000000227,1.7311755275648792,False,True,1.809865324272374,0.1779864880136461,23.0,1.892222383872388,1.0499999999994856,1.892222383872388,22.0,0.5404174491028781,1.9090909090909092,0.5404174491028781,22.0,10.808348982057563,1.9090909090909092,0,False,2,-1.0,False,True,0.9911641058379175,True,False,False,8.4,1.608872490863482,1.0
B2,12.0,2,49.30000000000043,23,0.9000000000000128,0.9000000000000128,1.000000000000128,1.2007418263835026,False,False,1.2529479927480027,0.1318734050131709,24.0,1.232083988896873,0.04999999999890292,,,,,0.3225588340103353,24.0,6.451176680206706,1.9166666666666667,0,False,1,0.0,True,True,0.6428264289896729,False,False,True,8.4,1.608872490863482,1.0
B2,12.0,2,50.20000000000044,14,1.5,4.300000000000054,0.9000000000000128,1.1333776816728574,False,True,1.1826549721803727,0.0838791641892611,24.0,2.088115977499611,0.1499999999988333,2.088115977499611,23.0,0.5704356360657608,1.9130434782608696,0.5704356360657608,23.0,11.408712721315215,1.9130434782608696,1,False,3,-1.0,True,False,1.0915151700566148,False,True,False,8.4,1.608872490863482,1.0
B2,12.0,2,54.5000000000005,12,1.5,2.799999999999933,4.300000000000054,1.3715434782778413,False,True,1.436855072481548,0.1661711676530405,22.0,1.6663492367157215,1.0499999999984837,1.6663492367157215,21.0,0.4985705257505781,1.9047619047619047,0.4985705257505781,21.0,9.971410515011561,1.9047619047619047,0,False,2,-1.0,False,True,0.8748333492757538,False,False,True,8.4,1.608872490863482,1.0
B2,12.0,2,58.10000000000056,18,0.6,0.09999999999988063,0.8000000000001322,1.25457729613023,True,False,1.3143190721364315,0.1921516007292283,22.0,1.3137542971286498,0.04999999999827054,,,,,0.3752073498619444,22.0,7.5041469972388875,1.9090909090909092,2,False,2,0.0,True,False,0.6881570127816736,False,False,True,8.4,1.608872490863482,1.0
B2,12.0,2,59.00000000000057,7,1.5,3.0999999999999304,0.8000000000001251,1.2272172623350865,False,True,1.2829998651684995,0.1717020001950635,23.0,1.9373590582222335,0.149999999998208,1.9373590582222335,22.0,0.553308453152419,1.9090909090909092,0.553308453152419,22.0,11.066169063048381,1.9090909090909092,2,False,3,-1.0,True,False,1.0148071257354556,True,False,False,8.4,1.608872490863482,1.0
B2,12.0,2,62.1000000000005,23,0.6,0.3999999999999986,3.0999999999999304,1.1486919295062687,True,False,1.2061265259815823,0.1208948340658308,21.0,1.2668136401279586,0.5999999999980759,,,,,0.3618011295721217,22.0,7.236022591442434,1.9090909090909092,1,True,2,1.0,True,False,0.6635690495908354,False,False,True,8.4,1.608872490863482,1.0
B2,12.0,2,65.30000000000057,17,0.7999999999999972,0.7999999999999972,2.800000000000068,1.825467848899552,False,False,1.9167412413445295,0.3090798525724716,21.0,1.91647339315371,0.09999999999786269,,,,,0.5734074983554285,21.0,11.46814996710857,1.9047619047619047,0,False,1,0.0,True,True,1.0061485314056977,True,False,False,8.4,1.608872490863482,1.0
B2,12.0,2,66.3000000000004,12,0.6,0.29999999999998295,0.1999999999998323,1.5793809456882855,True,False,1.6545895621496325,0.2786268291262057,22.0,1.804487127220732,0.599999999997948,1.674875893562657,21.0,0.5011216955134365,1.9047619047619047,0.5399012859403811,21.0,10.798025718807622,1.9047619047619047,3,True,1,-1.0,False,False,0.9473557417908843,False,False,True,8.4,1.608872490863482,1.0
B2,12.0,2,66.60000000000038,20,0.6,0.4000000000001904,0.29999999999998295,1.6093828494199964,True,False,1.689851991890996,0.3073285796119405,21.0,1.9336986950689083,0.599999999997948,,,,,0.5522630558804229,22.0,11.045261117608458,1.9090909090909092,3,True,2,1.0,True,False,1.0128897926551423,True,False,False,8.4,1.608872490863482,1.0
B2,12.0,2,70.50000000000048,23,1.5,2.8000000000000824,0.39999999999997726,1.9190030323879594,False,True,2.0149531840073576,0.3295269366381412,21.0,2.308511246171822,1.49999999999757,2.1224938057720646,20.0,0.666801094750336,1.9,0.7252401971702813,20.0,14.504803943405626,1.9,1,True,2,-1.0,False,False,1.215005919037801,False,True,False,8.4,1.608872490863482,1.0
B2,12.0,2,77.99999999999994,7,0.6,0.50000000000054,3.399999999999565,1.6106299550247953,True,False,1.6838404075259226,0.2383306301117264,23.0,1.7752069793570162,0.5499999999977376,,,,,0.4849545395608112,23.0,9.699090791216223,1.9130434782608696,1,True,2,0.0,True,False,0.927949102845713,False,False,True,8.4,1.608872490863482,1.0
B2,12.0,2,80.39999999999971,11,1.5,5.600000000000236,1.899999999999224,1.3674797044308944,False,True,1.4296378728141168,0.1841722695188974,23.0,1.7004733306419038,1.0999999999978058,1.697280072002451,22.0,0.4847420550261141,1.9090909090909092,0.4856540475609066,22.0,9.713080951218132,1.9090909090909092,0,False,2,-1.0,False,True,0.8907241255743304,False,False,True,8.4,1.608872490863482,1.0
B2,12.0,2,95.19999999999888,19,1.0000000000003837,1.0000000000003837,6.799999999999173,1.1395654424482633,False,False,1.1891117660329704,0.1295247513744503,24.0,1.1936791667988538,0.4499999999978428,,,,,0.3125044750965386,24.0,6.2500895019307725,1.9166666666666667,0,False,1,0.0,True,True,0.6227891305037497,False,False,True,8.4,1.608872490863482,1.0
B2,12.0,2,96.19999999999926,11,1.5,5.19999999999925,1.0000000000003837,1.140789638499495,False,True,1.190389187999473,0.1248519857579102,24.0,2.094636408247168,1.049999999997354,1.6080712226032865,23.0,0.4392960642938819,1.9130434782608696,0.5982267592810011,22.0,11.964535185620022,1.9090909090909092,0,False,2,-2.0,True,True,1.0971904995580404,False,True,False,8.4,1.608872490863482,1.0
B2,12.0,2,101.39999999999851,13,1.5,1.8000000000003666,5.19999999999925,1.4660308077100759,False,True,1.535841798553413,0.2041521389379184,22.0,2.4329493036006,1.3499999999977916,2.38740729940521,21.0,0.7143105936131482,1.9047619047619047,0.727936729404576,21.0,14.55873458809152,1.9047619047619047,0,False,2,-1.0,False,True,1.2772983843903152,False,True,False,8.4,1.608872490863482,1.0
B2,12.0,2,112.69999999999789,24,1.3999999999997925,1.3999999999997925,3.299999999999372,1.1726646211181848,False,False,1.2236500394276713,0.151120019027875,24.0,1.4816648578149314,1.0499999999977945,1.4816648578149314,23.0,0.4047641245559612,1.9130434782608696,0.4047641245559612,23.0,8.095282491119224,1.9130434782608696,0,False,2,-1.0,False,True,0.7745066302214414,False,False,True,8.4,1.608872490863482,1.0
B2,12.0,2,114.09999999999768,14,1.1999999999999176,1.1999999999999176,1.3999999999997925,1.3918641557962423,False,False,1.4551307083324352,0.1580751527914962,23.0,2.14773745121878,1.0499999999979224,2.14773745121878,22.0,0.6133923816898714,1.9090909090909092,0.6133923816898714,22.0,12.267847633797428,1.9090909090909092,0,False,2,-1.0,False,True,1.1250053315907895,False,True,False,8.4,1.608872490863482,1.0
B2,12.0,2,115.2999999999976,25,0.6,0.20000000000013074,1.1999999999999176,2.0351912547605773,True,False,2.1321051240348905,0.2656231908696007,22.0,2.1264594722233383,0.04999999999800764,,,,,0.6073154050993881,22.0,12.146308101987762,1.9090909090909092,1,False,1,0.0,True,False,1.113859723545558,False,True,False,8.4,1.608872490863482,1.0
B2,12.0,2,115.49999999999773,16,0.999999999999929,0.999999999999929,0.20000000000013074,1.9716312820430835,False,False,2.0655184859498967,0.2525832159082429,22.0,2.052895500752548,0.04999999999785132,1.6051716598565875,21.0,0.4802662375577133,1.9047619047619047,0.5863055839774312,22.0,11.726111679548623,1.9090909090909092,1,False,2,0.0,True,False,1.0753262146799059,False,True,False,8.4,1.608872490863482,1.0
B2,12.0,2,116.49999999999766,6,1.5,2.5000000000004263,0.999999999999929,1.5160025115592106,False,True,1.5918026371371712,0.2214531526567603,21.0,1.7358881393880372,0.09999999999786269,1.7348549002322675,20.0,0.5450207409613945,1.9,0.5453453426155113,20.0,10.906906852310225,1.9,1,False,2,-1.0,False,False,0.9136253365200196,False,False,True,8.4,1.608872490863482,1.0
B2,12.0,2,118.99999999999808,7,1.5,1.699999999999804,2.5000000000004263,1.410204372002925,False,True,1.4885490593364208,0.2050482901106044,19.0,1.840721815684984,1.0999999999972374,1.8392272268190075,18.0,0.6420114160063246,1.8888888888888888,0.6425331259398233,18.0,12.850662518796465,1.8888888888888888,0,False,2,-1.0,False,True,0.9744997847744034,False,False,True,8.4,1.608872490863482,1.0
B2,12.0,2,122.89999999999765,12,0.6,0.39999999999994884,0.7999999999999687,1.3882799835086748,True,False,1.4613473510617627,0.2713271010401283,20.0,1.767236893724868,0.5499999999974676,,,,,0.5287560421408468,21.0,10.575120842816936,1.9047619047619047,2,True,2,1.0,True,False,0.9277993692055557,False,False,True,8.4,1.608872490863482,1.0
B2,12.0,2,124.99999999999716,2,1.5,2.0000000000009237,0.4999999999995026,2.1903499884005306,False,True,2.294652368800556,0.4020480068230098,22.0,2.539428888909264,0.5999999999978485,2.300329067002303,21.0,0.6882568474031903,1.9047619047619047,0.7252591947010032,22.0,14.505183894020064,1.9090909090909092,1,False,2,0.0,True,False,1.3301770370477097,False,True,False,8.4,1.608872490863482,1.0
B2,12.0,2,129.1999999999974,24,1.5,1.7000000000002444,2.1999999999993207,1.397182599379459,False,True,1.4637151041118144,0.2126396871153449,22.0,1.8974747562495464,0.9499999999979423,1.7957035529488998,21.0,0.537273246663748,1.9047619047619047,0.541917523145969,22.0,10.83835046291938,1.9090909090909092,0,False,2,0.0,True,True,0.9939153485116672,True,False,False,8.4,1.608872490863482,1.0
B2,12.0,2,134.79999999999663,5,1.5,2.400000000000773,1.7999999999994714,2.0444093525237634,False,True,2.1373370503657525,0.3342678706528966,23.0,2.140934248901555,0.049999999999783995,1.530484668774018,22.0,0.4371053992592966,1.9090909090909092,0.5848646354928615,23.0,11.69729270985723,1.9130434782608696,0,False,2,0.0,True,True,1.119124721016722,False,True,False,8.4,1.608872490863482,1.0
B2,12.0,2,147.89999999999588,9,1.5,inf,5.099999999999255,1.635093441280883,False,True,1.7061844604670082,0.2834411186496721,24.0,2.842508457868384,1.0500000000037346,2.834289295541926,23.0,0.7742767329584961,1.9130434782608696,0.7765220599135798,23.0,15.530441198271596,1.9130434782608696,0,False,2,-1.0,False,True,1.4858566938857463,False,True,False,8.4,1.608872490863482,1.0
baseline,12.0,3,25.60000000000012,25,1.5,2.300000000000008,3.500000000000149,1.0444716432188639,False,True,1.089883453793597,0.0435753334996588,24.0,1.925050746414824,1.0000000000001243,1.9245133558069096,23.0,0.5257423495946458,1.9130434782608696,0.5258891550195095,23.0,10.51778310039019,1.9130434782608696,0,False,2,-1.0,False,True,1.0062765265350218,True,False,False,8.4,1.608872490863482,1.0
baseline,12.0,3,27.900000000000126,14,1.5,1.8000000000000256,2.300000000000008,1.3293483541862503,False,True,1.3897732793765345,0.11948555589856,23.0,1.8657050065669392,0.9500000000001485,1.8657050065669392,22.0,0.5328441038542175,1.9090909090909092,0.5328441038542175,22.0,10.65688207708435,1.9090909090909092,0,False,2,-1.0,False,True,0.9772740510588729,False,False,True,8.4,1.608872490863482,1.0
baseline,12.0,3,29.700000000000152,15,1.5,3.89999999999997,1.8000000000000256,1.443683985037378,False,True,1.5124308414677292,0.146246773861983,22.0,2.2384162692811382,1.1000000000001506,2.228638656114533,21.0,0.6668071266243474,1.9047619047619047,0.6697325816428092,21.0,13.394651632856185,1.9047619047619047,0,False,2,-1.0,False,True,1.1751685413725976,False,True,False,8.4,1.608872490863482,1.0
baseline,12.0,3,36.80000000000025,7,0.8999999999998991,0.8999999999998991,0.9000000000001265,1.1588446004420618,False,False,1.2115193550076102,0.1502930021250077,23.0,1.2732196621887395,0.7499999999997442,,,,,0.3478206554033236,23.0,6.956413108066472,1.9130434782608696,1,False,1,0.0,True,False,0.6655466415986593,False,False,True,8.4,1.608872490863482,1.0
baseline,12.0,3,41.60000000000035,17,1.5,3.1999999999999034,3.9000000000001975,1.2003126003994484,False,True,1.254872264053969,0.1238558175611673,23.0,1.7043204605525553,1.099999999999362,1.7012788960838958,22.0,0.4858841165131382,1.9090909090909092,0.4867527852940618,22.0,9.735055705881235,1.9090909090909092,0,False,2,-1.0,False,True,0.8927392888608623,False,False,True,8.4,1.608872490863482,1.0
baseline,12.0,3,45.50000000000038,22,1.0000000000000142,1.0000000000000142,0.7000000000001236,1.170851859775786,False,False,1.2240723988565034,0.1452518373118389,23.0,1.2056464794366104,0.04999999999917293,,,,,0.3293608802282133,23.0,6.587217604564266,1.9130434782608696,1,False,1,0.0,True,False,0.6302242960691372,False,False,True,8.4,1.608872490863482,1.0
baseline,12.0,3,46.50000000000039,6,1.5,1.6999999999999105,1.0000000000000142,1.1034811168818173,False,True,1.1536393494673545,0.0869691102452684,23.0,1.881607143731422,0.049999999999101874,1.881607143731422,22.0,0.5373857436080645,1.9090909090909092,0.5373857436080645,22.0,10.74771487216129,1.9090909090909092,0,False,2,-1.0,False,True,0.9856037419545542,True,False,False,8.4,1.608872490863482,1.0
baseline,12.0,3,48.2000000000003,7,1.4000000000000483,1.4000000000000483,1.6999999999999105,1.3549770976764006,False,False,1.4227259525602205,0.1650583163182129,21.0,1.943237064000949,1.049999999999038,1.943237064000949,20.0,0.610485928444878,1.9,0.610485928444878,20.0,12.20971856889756,1.9,0,False,2,-1.0,False,True,1.0227563494741838,False,True,False,8.4,1.608872490863482,1.0
baseline,12.0,3,51.40000000000046,23,1.5,2.099999999999916,1.8000000000001108,1.5721137021099896,False,True,1.6507193872154888,0.2257962930422993,21.0,2.05107586480119,1.0499999999986969,2.05107586480119,20.0,0.6443644868814751,1.9,0.6443644868814751,20.0,12.887289737629501,1.9,0,False,2,-1.0,False,True,1.079513613053258,False,True,False,8.4,1.608872490863482,1.0
baseline,12.0,3,64.20000000000051,22,1.0000000000000568,1.0000000000000568,4.800000000000054,1.0091051737489882,False,False,1.0529793117380748,0.0449558978189409,24.0,1.0544136069801326,0.8499999999979337,,,,,0.2760448367944916,24.0,5.520896735889832,1.9166666666666667,0,False,1,0.0,True,True,0.5501288384244171,False,False,True,8.4,1.608872490863482,1.0
baseline,12.0,3,65.20000000000057,2,1.5,3.399999999999693,1.0000000000000568,1.010429798762906,False,True,1.054361529143902,0.0368662984923203,24.0,1.8370441435738016,0.04999999999786553,1.8370441435738016,23.0,0.5018473378931834,1.9130434782608696,0.5018473378931834,23.0,10.036946757863667,1.9130434782608696,0,False,2,-1.0,False,True,0.9602730750499417,False,False,True,8.4,1.608872490863482,1.0
baseline,12.0,3,68.60000000000026,15,0.6,0.100000000000108,3.399999999999693,1.382973066075693,True,False,1.4488289263650116,0.139125218583483,22.0,1.4080179231683678,0.599999999997948,,,,,0.4021289785044093,22.0,8.042579570088186,1.9090909090909092,2,True,1,0.0,True,False,0.7375331978500974,False,False,True,8.4,1.608872490863482,1.0
baseline,12.0,3,68.70000000000037,8,1.5,3.500000000000142,0.100000000000108,1.3027671377885268,False,True,1.3648036681594091,0.1287950565219407,22.0,1.8048476573194652,0.9499999999978144,1.8048476573194652,21.0,0.5400091562936744,1.9047619047619047,0.5400091562936744,21.0,10.800183125873488,1.9047619047619047,1,False,3,-1.0,True,False,0.9475450200927192,False,False,True,8.4,1.608872490863482,1.0
baseline,12.0,3,68.70000000000037,21,1.5,3.500000000000142,0.100000000000108,1.3027671377885268,False,True,1.3648036681594091,0.1287950565219407,22.0,1.8048476573194652,0.9499999999978144,1.8048476573194652,21.0,0.5400091562936744,1.9047619047619047,0.5400091562936744,21.0,10.800183125873488,1.9047619047619047,1,False,3,-1.0,True,False,0.9475450200927192,False,False,True,8.4,1.608872490863482,1.0
baseline,12.0,3,75.99999999999984,23,0.6000000000004206,0.6000000000004206,2.7999999999992724,1.2437039054085453,False,False,1.3058891006789726,0.1352182525779352,21.0,1.3033027829257686,0.049999999997979216,,,,,0.3899472807850217,21.0,7.798945615700434,1.9047619047619047,0,False,1,0.0,True,True,0.6842339610360285,False,False,True,8.4,1.608872490863482,1.0
baseline,12.0,3,77.99999999999962,7,1.5,6.000000000000227,1.299999999999244,1.1670839501208548,False,True,1.2201332205808937,0.1363412070658476,23.0,1.8527451555051515,1.049999999998036,1.8527451555051515,22.0,0.5291427790462784,1.9090909090909092,0.5291427790462784,22.0,10.582855580925568,1.9090909090909092,0,False,2,-1.0,False,True,0.9704855576455556,False,False,True,8.4,1.608872490863482,1.0
baseline,12.0,3,85.7999999999994,19,0.6,0.200000000000216,1.7999999999995566,1.0854901269637949,True,False,1.134830587280331,0.1256646336002166,23.0,1.182707513950383,0.2999999999978513,,,,,0.3096321030976643,24.0,6.192642061953286,1.9166666666666667,1,False,2,1.0,True,False,0.6170647898871564,False,False,True,8.4,1.608872490863482,1.0
baseline,12.0,3,89.09999999999921,12,1.5,3.6999999999997897,3.0999999999995964,1.3211158069267417,False,True,1.3811665254234118,0.1324705079218844,23.0,1.97720674900683,1.0499999999978087,1.97720674900683,22.0,0.5646889270280013,1.9090909090909092,0.5646889270280013,22.0,11.293778540560027,1.9090909090909092,0,False,2,-1.0,False,True,1.0356797256702441,False,True,False,8.4,1.608872490863482,1.0
baseline,12.0,3,92.799999999999,10,1.000000000000398,1.000000000000398,3.6999999999997897,1.3507376869338457,False,False,1.4150585291687907,0.1477846897049805,22.0,1.409138815972822,0.04999999999787974,,,,,0.402449104740767,22.0,8.04898209481534,1.9090909090909092,0,False,1,0.0,True,True,0.7381203321762401,False,False,True,8.4,1.608872490863482,1.0
baseline,12.0,3,96.0999999999988,18,1.000000000000398,1.000000000000398,2.2999999999994003,1.724182857995165,False,False,1.8062868036139823,0.2532781892624495,22.0,1.7956055681806251,0.04999999999787974,,,,,0.5128237510673799,22.0,10.256475021347597,1.9090909090909092,0,False,1,0.0,True,True,0.9405552976184226,False,False,True,8.4,1.608872490863482,1.0
baseline,12.0,3,99.59999999999896,15,1.2000000000000455,1.2000000000000455,2.4999999999997584,1.314708664877494,False,False,1.3773138393954698,0.1713942939597376,22.0,2.3936822936100834,1.0499999999974676,2.3936822936100834,21.0,0.7161880674888956,1.9047619047619047,0.7161880674888956,21.0,14.323761349777913,1.9047619047619047,0,False,2,-1.0,False,True,1.2566832041452938,False,True,False,8.4,1.608872490863482,1.0
baseline,12.0,3,107.39999999999864,12,0.6,0.20000000000031548,3.299999999999841,1.1820115225622991,True,False,1.2357393190424035,0.0787832209853854,23.0,1.2601146586740433,0.29999999999738236,,,,,0.3298972461975986,24.0,6.597944923951972,1.9166666666666667,2,False,2,1.0,True,False,0.6574511262647182,False,False,True,8.4,1.608872490863482,1.0
baseline,12.0,3,107.99999999999814,5,1.100000000000378,1.100000000000378,0.39999999999918145,1.1658181586715244,False,False,1.216505904700721,0.1977819585486161,24.0,2.1514619102806165,0.4499999999978428,2.149284131037136,23.0,0.5871456727429032,1.9130434782608696,0.5877406027665955,23.0,11.754812055331909,1.9130434782608696,2,False,3,-1.0,True,False,1.124627816737595,False,True,False,8.4,1.608872490863482,1.0
baseline,12.0,3,109.09999999999852,18,1.5,2.3999999999993236,1.100000000000378,1.7417614815040416,False,True,1.8247025044328056,0.2747623970861713,22.0,1.820322763167172,0.04999999999742499,1.7420198799392517,21.0,0.5212111292594788,1.9047619047619047,0.5198829654480237,22.0,10.397659308960474,1.9090909090909092,0,False,2,0.0,True,True,0.9535023997542329,False,False,True,8.4,1.608872490863482,1.0
baseline,12.0,3,111.49999999999784,6,1.5,2.0999999999998806,2.3999999999993236,1.222880517212224,False,True,1.2840245430728352,0.1502895965039026,21.0,2.015214818043869,1.0499999999979224,2.015214818043869,20.0,0.633098406777191,1.9,0.633098406777191,20.0,12.66196813554382,1.9,0,False,2,-1.0,False,True,1.0606393779178258,False,True,False,8.4,1.608872490863482,1.0
baseline,12.0,3,113.59999999999772,9,1.5,1.8000000000009209,2.0999999999998806,1.3098116624310552,False,True,1.3787491183484792,0.1466149736765879,20.0,2.0498809809065683,1.2999999999978797,2.0247302893704675,19.0,0.6695660844828417,1.894736842105263,0.6778832663525804,19.0,13.557665327051609,1.894736842105263,0,False,2,-1.0,False,True,1.0818816288118,False,True,False,8.4,1.608872490863482,1.0
baseline,12.0,3,119.39999999999829,15,0.6,0.09999999999955378,2.29999999999977,1.5353053327797654,True,False,1.608415110531183,0.2001710736263852,22.0,1.6149270318536268,0.1999999999970754,,,,,0.4411689477699934,23.0,8.823378955399868,1.9130434782608696,1,False,2,1.0,True,False,0.8441664030143958,False,False,True,8.4,1.608872490863482,1.0
baseline,12.0,3,129.89999999999725,23,1.5,2.299999999999528,2.4999999999989626,1.038098340934863,False,True,1.0832330514102917,0.0772463438024954,24.0,2.06018539413736,0.9999999999982663,2.06018539413736,23.0,0.5628055042830367,1.9130434782608696,0.5628055042830367,23.0,11.256110085660733,1.9130434782608696,0,False,2,-1.0,False,True,1.0769150923899835,False,True,False,8.4,1.608872490863482,1.0
baseline,12.0,3,132.19999999999678,20,0.6,0.4000000000003183,2.299999999999528,1.408490458550248,True,False,1.472512752120714,0.1527965925315598,23.0,1.6064551138680347,0.5999999999991701,,,,,0.4388545725260497,23.0,8.777091450520993,1.9130434782608696,1,True,1,0.0,True,False,0.8397379004310181,False,False,True,8.4,1.608872490863482,1.0
baseline,12.0,3,132.5999999999971,22,0.6,0.3999999999996646,0.4000000000003183,1.5074936656354232,True,False,1.5760161049824877,0.1810864168665422,23.0,2.456043760993848,0.5999999999989427,2.456043760993848,22.0,0.7014444578575745,1.9090909090909092,0.7014444578575745,22.0,14.02888915715149,1.9090909090909092,2,True,2,-1.0,False,False,1.2864991129015395,False,True,False,8.4,1.608872490863482,1.0
baseline,12.0,3,132.99999999999676,16,1.5,4.900000000000489,0.3999999999996646,1.5491071260998144,False,True,1.6195210863770786,0.1830150218307081,23.0,2.456043760993848,0.1999999999992781,2.456043760993848,22.0,0.7014444578575745,1.9090909090909092,0.7014444578575745,22.0,14.02888915715149,1.9090909090909092,2,False,4,-1.0,True,False,1.2864991129015395,False,True,False,8.4,1.608872490863482,1.0
baseline,12.0,3,140.99999999999673,21,0.6,0.0999999999994543,0.3999999999996362,1.5392517277321787,True,False,1.6092177153563685,0.270210557323019,23.0,1.8046251174179495,0.400000000001171,,,,,0.4724497509469874,24.0,9.448995018939748,1.9166666666666667,4,False,2,1.0,True,False,0.9415435395224084,False,False,True,8.4,1.608872490863482,1.0
baseline,12.0,3,141.0999999999962,25,1.5,7.900000000000546,0.09999999999942588,1.66440789375198,False,True,1.736773454349892,0.2853263336346676,24.0,2.0236173054184627,1.0000000000018758,1.6412433538845177,23.0,0.4483580924623194,1.9130434782608696,0.5779437509436196,22.0,11.558875018872392,1.9090909090909092,4,False,3,-2.0,True,False,1.0599900171239567,False,True,False,8.4,1.608872490863482,1.0
baseline,12.0,3,150.39999999999574,11,1.5,inf,1.2999999999995566,1.1538178611379413,False,True,1.2039838551004605,0.1380474171942512,24.0,1.95924544666614,1.0000000000044338,1.958846951936412,23.0,0.5351216690182774,1.9130434782608696,0.5352305305935303,23.0,10.704610611870606,1.9130434782608696,0,False,2,-1.0,False,True,1.0241510289391187,False,True,False,8.4,1.608872490863482,1.0
B2,12.0,3,25.60000000000012,25,1.5,2.300000000000008,3.500000000000149,1.3848340602702705,False,True,1.4450442368037606,0.1874793666888258,24.0,1.588795212733457,0.9500000000001201,1.588795212733457,23.0,0.4340302059462662,1.9130434782608696,0.4340302059462662,23.0,8.680604118925324,1.9130434782608696,0,False,2,-1.0,False,True,0.830506588474307,False,False,True,8.4,1.608872490863482,1.0
B2,12.0,3,27.900000000000126,14,1.5,1.8000000000000256,2.300000000000008,1.241230950197986,False,True,1.2976505388433488,0.1581272706203824,23.0,2.133620341626392,0.9500000000001485,2.133620341626392,22.0,0.6093605446184744,1.9090909090909092,0.6093605446184744,22.0,12.187210892369489,1.9090909090909092,0,False,2,-1.0,False,True,1.117610655137634,False,True,False,8.4,1.608872490863482,1.0
B2,12.0,3,29.700000000000152,15,1.5,3.89999999999997,1.8000000000000256,1.6599957577978657,False,True,1.7390431748358592,0.2205181525444838,22.0,2.2821241391177143,1.1500000000001513,2.262057422941473,21.0,0.6768059982772563,1.9047619047619047,0.6828099457173469,21.0,13.656198914346938,1.9047619047619047,0,False,2,-1.0,False,True,1.1981151730368,False,True,False,8.4,1.608872490863482,1.0
B2,12.0,3,36.80000000000025,7,0.8999999999998991,0.8999999999998991,0.9000000000001265,1.5652690105849398,False,False,1.6364176019751642,0.1974393089331511,23.0,1.6486384907924188,0.19999999999978968,,,,,0.4503783105303327,23.0,9.007566210606655,1.9130434782608696,1,False,1,0.0,True,False,0.8617883020051279,False,False,True,8.4,1.608872490863482,1.0
B2,12.0,3,41.60000000000035,17,1.5,3.1999999999999034,3.9000000000001975,1.5782123700654005,False,True,1.6499492959774642,0.2180741876012112,23.0,1.7282457475661408,0.9999999999993676,1.7282457475661408,22.0,0.493585831286508,1.9090909090909092,0.493585831286508,22.0,9.87171662573016,1.9090909090909092,0,False,2,-1.0,False,True,0.9052715820584547,False,False,True,8.4,1.608872490863482,1.0
B2,12.0,3,45.50000000000038,22,1.0000000000000142,1.0000000000000142,0.7000000000001236,1.424348382009174,False,False,1.4890914902823182,0.2293433305359434,23.0,1.54089432086361,0.39999999999915303,,,,,0.4209445459463783,23.0,8.418890918927566,1.9130434782608696,1,False,1,0.0,True,False,0.8054674859059778,False,False,True,8.4,1.608872490863482,1.0
B2,12.0,3,46.50000000000039,6,1.5,1.6999999999999105,1.0000000000000142,1.3411365372249764,False,True,1.402097288917021,0.2226330393387606,23.0,1.6022141105025307,0.1499999999990962,1.5910718918484117,22.0,0.4544090697058349,1.9090909090909092,0.4575912799120596,22.0,9.151825598241192,1.9090909090909092,0,False,2,-1.0,False,True,0.8392550102632303,False,False,True,8.4,1.608872490863482,1.0
B2,12.0,3,48.2000000000003,7,1.4000000000000483,1.4000000000000483,1.6999999999999105,1.1765410850962505,False,False,1.235368139351063,0.1575042152471003,21.0,1.6796645634559146,1.049999999999038,1.6796645634559146,20.0,0.5276821853048208,1.9,0.5276821853048208,20.0,10.553643706096416,1.9,0,False,2,-1.0,False,True,0.8840339807662709,False,False,True,8.4,1.608872490863482,1.0
B2,12.0,3,51.40000000000046,23,1.5,2.099999999999916,1.8000000000001108,1.19320493571351,False,True,1.2528651824991854,0.1525390223975759,21.0,1.930496137028986,1.0499999999986969,1.930496137028986,20.0,0.6064832481873736,1.9,0.6064832481873736,20.0,12.129664963747473,1.9,0,False,2,-1.0,False,True,1.0160505984363084,True,False,False,8.4,1.608872490863482,1.0
B2,12.0,3,64.20000000000051,22,1.0000000000000568,1.0000000000000568,4.800000000000054,1.1843769725508744,False,False,1.2358716235313472,0.1279854578244448,24.0,1.241230425332354,0.3999999999979593,,,,,0.3249533654696881,24.0,6.499067309393762,1.9166666666666667,0,False,1,0.0,True,True,0.6475984827820978,False,False,True,8.4,1.608872490863482,1.0
B2,12.0,3,65.20000000000057,2,1.5,3.399999999999693,1.0000000000000568,1.1823961691114817,False,True,1.2338046982032853,0.1231195000894106,24.0,2.212519961308609,0.04999999999786553,2.212519961308609,23.0,0.6044205614232956,1.9130434782608696,0.6044205614232956,23.0,12.088411228465912,1.9130434782608696,0,False,2,-1.0,False,True,1.1565445252295001,False,True,False,8.4,1.608872490863482,1.0
B2,12.0,3,68.60000000000026,15,0.6,0.100000000000108,3.399999999999693,1.995552294035595,True,False,2.0905785937515757,0.2952187012526558,22.0,2.086104367127008,0.049999999997979216,,,,,0.5957900140352539,22.0,11.915800280705078,1.9090909090909092,2,False,1,0.0,True,False,1.0927213351617662,False,True,False,8.4,1.608872490863482,1.0
B2,12.0,3,68.70000000000037,8,1.5,3.500000000000142,0.100000000000108,1.980732776965634,False,True,2.075053385392569,0.2922580635921847,22.0,2.131367627525512,1.0499999999978087,1.730821849465132,21.0,0.517860686376415,1.9047619047619047,0.7048304084982373,19.0,14.096608169964746,1.894736842105263,1,False,3,-3.0,True,False,1.1248884700829092,False,True,False,8.4,1.608872490863482,1.0
B2,12.0,3,68.70000000000037,21,1.5,3.500000000000142,0.100000000000108,1.980732776965634,False,True,2.075053385392569,0.2922580635921847,22.0,2.131367627525512,1.0499999999978087,1.730821849465132,21.0,0.517860686376415,1.9047619047619047,0.7048304084982373,19.0,14.096608169964746,1.894736842105263,1,False,3,-3.0,True,False,1.1248884700829092,False,True,False,8.4,1.608872490863482,1.0
B2,12.0,3,75.99999999999984,23,0.6000000000004206,0.6000000000004206,2.7999999999992724,1.4204239294213943,False,False,1.491445125892464,0.2207425940958638,21.0,1.460800785411985,0.049999999997979216,,,,,0.4370705729341422,21.0,8.741411458682844,1.9047619047619047,0,False,1,0.0,True,True,0.7669204123412923,False,False,True,8.4,1.608872490863482,1.0
B2,12.0,3,77.99999999999962,7,1.5,6.000000000000227,1.299999999999244,1.4759055638964682,False,True,1.5429921804372166,0.2364070560443269,23.0,1.814220955602294,0.9999999999980389,1.7302944014624544,22.0,0.4941709254710904,1.9090909090909092,0.4956124544442453,23.0,9.912249088884906,1.9130434782608696,0,False,2,0.0,True,True,0.9483427722466536,False,False,True,8.4,1.608872490863482,1.0
B2,12.0,3,85.7999999999994,19,0.6,0.200000000000216,1.7999999999995566,1.3511168020024198,True,False,1.4125312020934389,0.1848584329254715,23.0,1.4550512476432826,0.39999999999784563,,,,,0.3809315258493999,24.0,7.618630516987998,1.9166666666666667,1,False,2,1.0,True,False,0.7591571726834517,False,False,True,8.4,1.608872490863482,1.0
B2,12.0,3,89.09999999999921,12,1.5,3.6999999999997897,3.0999999999995964,1.319964844057431,False,True,1.3799632460600415,0.1811632287593113,23.0,1.5961595169138552,1.0499999999978087,1.5961595169138552,22.0,0.4558620920267273,1.9090909090909092,0.4558620920267273,22.0,9.117241840534545,1.9090909090909092,0,False,2,-1.0,False,True,0.836083556478686,False,False,True,8.4,1.608872490863482,1.0
B2,12.0,3,92.799999999999,10,1.000000000000398,1.000000000000398,3.6999999999997897,1.1167861148458118,False,False,1.1699664060289456,0.1221639079194545,22.0,1.169995366596502,0.04999999999787974,,,,,0.3341498953121515,22.0,6.68299790624303,1.9090909090909092,0,False,1,0.0,True,True,0.6128547158362629,False,False,True,8.4,1.608872490863482,1.0
B2,12.0,3,96.0999999999988,18,1.000000000000398,1.000000000000398,2.2999999999994003,1.5482625873979137,False,False,1.6219893772740046,0.1962365439416395,22.0,1.6132249446806153,0.04999999999787974,,,,,0.4607359667996746,22.0,9.214719335993491,1.9090909090909092,0,False,1,0.0,True,True,0.8450225900707985,False,False,True,8.4,1.608872490863482,1.0
B2,12.0,3,99.59999999999896,15,1.2000000000000455,1.2000000000000455,2.4999999999997584,1.3137577360514596,False,False,1.3763176282443863,0.1455074150325009,22.0,2.2486347831100537,1.149999999997462,2.2445943343577897,21.0,0.67158105439121,1.9047619047619047,0.6727899538309545,21.0,13.45579907661909,1.9047619047619047,0,True,2,-1.0,False,True,1.1805332611327783,False,True,False,8.4,1.608872490863482,1.0
B2,12.0,3,107.39999999999864,12,0.6,0.20000000000031548,3.299999999999841,1.4502187859290725,True,False,1.5161378216531212,0.1977627745802303,23.0,1.538886648453227,0.29999999999738236,,,,,0.4028795824573397,24.0,8.057591649146794,1.9166666666666667,2,False,2,1.0,True,False,0.8028973818016837,False,False,True,8.4,1.608872490863482,1.0
B2,12.0,3,107.99999999999814,5,1.100000000000378,1.100000000000378,0.39999999999918145,1.4266694546292482,False,False,1.488698561352259,0.2499709555221641,24.0,2.285350059416951,0.39999999999784563,2.285350059416951,23.0,0.6243164310908949,1.9130434782608696,0.6243164310908949,23.0,12.486328621817897,1.9130434782608696,2,False,3,-1.0,True,False,1.1946148037861335,False,True,False,8.4,1.608872490863482,1.0
B2,12.0,3,109.09999999999852,18,1.5,2.3999999999993236,1.100000000000378,1.727288694140381,False,True,1.8095405367184945,0.2894145106757914,22.0,1.7626225381729803,0.04999999999742499,1.6647013538602342,21.0,0.4980774803531709,1.9047619047619047,0.5034038197250936,22.0,10.068076394501873,1.9090909090909092,0,False,2,0.0,True,True,0.923278472376323,False,False,True,8.4,1.608872490863482,1.0
B2,12.0,3,111.49999999999784,6,1.5,2.0999999999998806,2.3999999999993236,1.4812115053704678,False,True,1.555272080638991,0.1660267898410306,21.0,1.7668121399895964,1.0499999999979224,1.7668121399895964,20.0,0.5550604039264577,1.9,0.5550604039264577,20.0,11.101208078529154,1.9,0,False,2,-1.0,False,True,0.929901126310314,False,False,True,8.4,1.608872490863482,1.0
B2,12.0,3,113.59999999999772,9,1.5,1.8000000000009209,2.0999999999998806,1.2697778891402085,False,True,1.336608304358114,0.1523802055083757,20.0,2.203898463207897,0.9999999999979252,2.203898463207897,19.0,0.7288159180286069,1.894736842105263,0.7288159180286069,19.0,14.576318360572138,1.894736842105263,0,False,2,-1.0,False,True,1.1631686333597235,False,True,False,8.4,1.608872490863482,1.0
B2,12.0,3,119.39999999999829,15,0.6,0.09999999999955378,2.29999999999977,1.5936532037708366,True,False,1.669541451569448,0.2571657865525641,22.0,1.7390526708011644,0.1999999999970754,,,,,0.4750778343299693,23.0,9.501556686599386,1.9130434782608696,1,False,2,1.0,True,False,0.9090502597369723,False,False,True,8.4,1.608872490863482,1.0
B2,12.0,3,129.89999999999725,23,1.5,2.299999999999528,2.4999999999989626,1.3541575826873757,False,True,1.4130339993259573,0.2207208218058941,24.0,2.08613895754918,0.9999999999982663,2.08613895754918,23.0,0.569895549861215,1.9130434782608696,0.569895549861215,23.0,11.397910997224301,1.9130434782608696,0,False,2,-1.0,False,True,1.0904817278097987,False,True,False,8.4,1.608872490863482,1.0
B2,12.0,3,132.19999999999678,20,0.6,0.4000000000003183,2.299999999999528,1.4771340482410384,True,False,1.5442765049792673,0.2495636478427841,23.0,1.6468294637500964,0.3999999999991246,,,,,0.4498841169593497,23.0,8.997682339186994,1.9130434782608696,1,False,1,0.0,True,False,0.8608426742330049,False,False,True,8.4,1.608872490863482,1.0
B2,12.0,3,132.5999999999971,22,0.6,0.3999999999996646,0.4000000000003183,1.5752281827174837,True,False,1.6468294637500964,0.2654581866809761,23.0,2.272212617060632,0.5999999999989427,2.272212617060632,22.0,0.6489424059228837,1.9090909090909092,0.6489424059228837,22.0,12.978848118457673,1.9090909090909092,2,True,2,-1.0,False,False,1.1902066089365215,False,True,False,8.4,1.608872490863482,1.0
B2,12.0,3,132.99999999999676,16,1.5,4.900000000000489,0.3999999999996646,1.5302093384430204,False,True,1.5997643083722486,0.266527771539451,23.0,2.318209743310137,0.5499999999993577,2.272212617060632,22.0,0.6489424059228837,1.9090909090909092,0.6620791544603097,22.0,13.241583089206195,1.9090909090909092,2,False,4,-1.0,True,False,1.2143003417338811,False,True,False,8.4,1.608872490863482,1.0
B2,12.0,3,140.99999999999673,21,0.6,0.0999999999994543,0.3999999999996362,1.8606334085477043,True,False,1.945207654390782,0.4004020981459981,23.0,1.932050081071752,0.050000000001091394,,,,,0.5058095284218815,24.0,10.11619056843763,1.9166666666666667,4,False,2,1.0,True,False,1.0080261292548272,True,False,False,8.4,1.608872490863482,1.0
B2,12.0,3,141.0999999999962,25,1.5,7.900000000000546,0.09999999999942588,1.851547994360429,False,True,1.932050081071752,0.4020212597084401,24.0,1.8790717247245696,1.6484591469634324e-12,1.789276690443619,23.0,0.4887981309510549,1.9130434782608696,0.4919398271635842,24.0,9.838796543271684,1.9166666666666667,4,False,3,0.0,True,False,0.9803852476823841,True,False,False,8.4,1.608872490863482,1.0
B2,12.0,3,150.39999999999574,11,1.5,inf,1.2999999999995566,3.6497362966891163,False,True,3.808420483501686,0.7327267924740853,24.0,3.790202644750612,4.206412995699793e-12,2.9010726719126607,23.0,0.7925207472705154,1.9130434782608696,0.9922727320304272,24.0,19.845454640608544,1.9166666666666667,0,False,2,0.0,True,True,1.9774970320437975,False,True,False,8.4,1.608872490863482,1.0
baseline,12.0,4,21.400000000000038,19,1.5,8.0,4.300000000000054,1.0140240318489084,False,True,1.0581120332336436,0.0389994195839779,24.0,1.9952841153154908,1.0000000000001457,1.9952454703853504,23.0,0.5450650879887764,1.9130434782608696,0.5450756450869179,23.0,10.901512901738357,1.9130434782608696,0,False,2,-1.0,False,True,1.0429894239149156,False,True,False,8.4,1.608872490863482,1.0
baseline,12.0,4,45.10000000000037,6,1.5,8.0,15.700000000000333,0.9659786191733687,False,True,1.0079776895722108,0.0068984667597831,24.0,1.9263924410334348,1.0499999999991516,1.9263924410334348,23.0,0.5262556817983954,1.9130434782608696,0.5262556817983954,23.0,10.525113635967909,1.9130434782608696,0,False,2,-1.0,False,True,1.006977866903841,True,False,False,8.4,1.608872490863482,1.0
baseline,12.0,4,54.4000000000005,11,1.5,7.0000000000000995,1.3000000000001322,1.0662015700435732,False,True,1.1125581600454677,0.0935769273124161,24.0,2.0233428139076417,1.0499999999984837,2.0233428139076417,23.0,0.5527407756405172,1.9130434782608696,0.5527407756405172,23.0,11.054815512810343,1.9130434782608696,0,False,2,-1.0,False,True,1.0576564709062672,False,True,False,8.4,1.608872490863482,1.0
baseline,12.0,4,61.4000000000006,14,0.9999999999999005,0.9999999999999005,7.0000000000000995,1.0888445558388835,False,False,1.1383374901951964,0.0584086322500242,23.0,1.1362367047860151,0.049999999998043165,,,,,0.3103993812604191,23.0,6.207987625208382,1.9130434782608696,0,False,1,0.0,True,True,0.593941913865417,False,False,True,8.4,1.608872490863482,1.0
baseline,12.0,4,63.20000000000063,17,1.5,3.3999999999998636,0.8000000000001251,1.6927691112736014,False,True,1.7697131617860378,0.2128078331644357,23.0,1.9645981000942605,1.0999999999978627,1.953714806844522,22.0,0.5579796440356684,1.9090909090909092,0.5610879053193267,22.0,11.221758106386535,1.9090909090909092,1,False,2,-1.0,False,False,1.0290751952874697,False,True,False,8.4,1.608872490863482,1.0
baseline,12.0,4,66.60000000000049,5,1.5,2.800000000000111,3.3999999999998636,1.4618963655193389,False,True,1.531510478163117,0.1713284315469864,22.0,1.7844762529361484,1.0499999999978087,1.7844762529361484,21.0,0.5339140463552043,1.9047619047619047,0.5339140463552043,21.0,10.678280927104087,1.9047619047619047,0,False,2,-1.0,False,True,0.9368500327914779,False,False,True,8.4,1.608872490863482,1.0
baseline,12.0,4,71.00000000000024,13,0.6,0.20000000000038654,1.599999999999639,1.082440103591522,True,False,1.1339848704292137,0.1271870669966604,22.0,1.185041710306207,0.2999999999978513,,,,,0.3237320288083012,23.0,6.474640576166024,1.9130434782608696,1,False,2,1.0,True,False,0.6194536212964263,False,False,True,8.4,1.608872490863482,1.0
baseline,12.0,4,74.70000000000003,21,1.5,1.9999999999998863,0.09999999999953957,1.2313797958068935,False,True,1.2873516047072069,0.1781621207054227,23.0,1.968039615127887,1.0499999999978087,1.968039615127887,22.0,0.5620707997144958,1.9090909090909092,0.5620707997144958,22.0,11.241415994289916,1.9090909090909092,1,False,2,-1.0,False,False,1.0308778936384169,False,True,False,8.4,1.608872490863482,1.0
baseline,12.0,4,76.69999999999992,12,1.5,2.300000000000324,1.9999999999998863,1.3308819793858264,False,True,1.3942573117375323,0.1515319890765449,22.0,1.9821395911980908,0.9999999999978115,1.9821395911980908,21.0,0.5930547788664189,1.9047619047619047,0.5930547788664189,21.0,11.861095577328378,1.9047619047619047,0,False,2,-1.0,False,True,1.0406232853789976,False,True,False,8.4,1.608872490863482,1.0
baseline,12.0,4,79.9,14,1.5,2.8000000000000256,0.8999999999997641,1.545742972104329,False,True,1.6193497802997732,0.2726737290647624,22.0,1.662913945337802,1.0499999999975387,1.662913945337802,21.0,0.4975426889738341,1.9047619047619047,0.4975426889738341,21.0,9.950853779476681,1.9047619047619047,1,False,2,-1.0,False,False,0.8730298213023461,False,False,True,8.4,1.608872490863482,1.0
baseline,12.0,4,91.89999999999894,11,1.5,8.0,3.999999999998934,1.057531371133127,False,True,1.103510995965002,0.0848979201435387,24.0,1.6842041382995048,1.1499999999979167,1.680792032893741,23.0,0.4591620785001069,1.9130434782608696,0.4600942041762828,23.0,9.201884083525655,1.9130434782608696,0,False,2,-1.0,False,True,0.8803794359292866,False,False,True,8.4,1.608872490863482,1.0
baseline,12.0,4,106.29999999999824,24,0.6,0.29999999999998295,6.399999999999295,1.005899539403247,True,False,1.049634301985997,0.0502069419641289,24.0,1.049549878920698,0.04999999999786553,,,,,0.2747715157661101,24.0,5.495430315322202,1.9166666666666667,1,False,1,0.0,True,False,0.5475912411760163,False,False,True,8.4,1.608872490863482,1.0
baseline,12.0,4,106.59999999999822,18,1.5,7.700000000000017,0.29999999999998295,1.0053706540435758,False,True,1.0490824216106878,0.0491863079665604,24.0,1.9975633110047728,0.7499999999978257,1.9975633110047728,23.0,0.5456982802550518,1.9130434782608696,0.5456982802550518,23.0,10.913965605101037,1.9130434782608696,1,False,3,-1.0,True,False,1.0441808216615858,False,True,False,8.4,1.608872490863482,1.0
baseline,12.0,4,116.59999999999764,16,1.199999999999946,1.199999999999946,1.9999999999994174,1.14257499869718,False,False,1.1922521725535793,0.0902381939390975,24.0,1.7535673220509085,1.049999999997823,1.7535673220509085,23.0,0.4790429753504575,1.9130434782608696,0.4790429753504575,23.0,9.58085950700915,1.9130434782608696,0,False,2,-1.0,False,True,0.9166374637993385,False,False,True,8.4,1.608872490863482,1.0
baseline,12.0,4,117.79999999999758,4,1.5,6.599999999999625,1.199999999999946,1.6642507634060713,False,True,1.7398985253790746,0.1641525737292622,23.0,1.9474049373603068,1.049999999997823,1.9474049373603068,22.0,0.5561775495250574,1.9090909090909092,0.5561775495250574,22.0,11.123550990501148,1.9090909090909092,0,False,2,-1.0,False,True,1.0200692529030178,False,True,False,8.4,1.608872490863482,1.0
baseline,12.0,4,124.3999999999972,8,0.6,0.20000000000042917,6.599999999999625,1.0869509938928577,True,False,1.1387105650306129,0.0489975106907342,22.0,1.1608270489616388,0.2999999999978513,,,,,0.3171170199222786,23.0,6.342340398445572,1.9130434782608696,1,False,2,1.0,True,False,0.6067959574117657,False,False,True,8.4,1.608872490863482,1.0
baseline,12.0,4,130.69999999999726,17,0.6999999999995623,0.6999999999995623,4.899999999999679,1.2042235014282772,False,False,1.2589609333113807,0.0913650097958862,23.0,1.2566619516054465,0.0499999999982208,,,,,0.3432973874095202,23.0,6.865947748190404,1.9130434782608696,0,False,1,0.0,True,True,0.656891474702847,False,False,True,8.4,1.608872490863482,1.0
baseline,12.0,4,131.39999999999682,7,1.0000000000003695,1.0000000000003695,0.6999999999995623,1.1138498047269518,False,False,1.1644793413054495,0.076467515711757,23.0,2.01500595783946,0.9999999999990337,1.7357165421270049,22.0,0.4957194852236797,1.9090909090909092,0.6028883727702965,21.0,12.05776745540593,1.9047619047619047,1,True,3,-2.0,True,False,1.0578781278657166,False,True,False,8.4,1.608872490863482,1.0
baseline,12.0,4,137.59999999999692,4,1.1000000000003354,1.1000000000003354,5.199999999999733,1.0260962122051909,False,False,1.074957936595914,0.0354734912935613,22.0,1.8970760944063287,1.000000000000341,1.8970760944063287,21.0,0.5676038401416896,1.9047619047619047,0.5676038401416896,21.0,11.352076802833793,1.9047619047619047,0,True,2,-1.0,False,True,0.9959649495633226,True,False,False,8.4,1.608872490863482,1.0
baseline,12.0,4,139.09999999999724,17,0.6,0.29999999999958504,0.39999999999997726,1.761824122718584,True,False,1.845720509514707,0.235073527306135,22.0,1.8135967142102616,1.4210854715202004e-13,,,,,0.5179620103579587,22.0,10.359240207159175,1.9090909090909092,2,False,2,0.0,True,False,0.9499792312529941,False,False,True,8.4,1.608872490863482,1.0
baseline,12.0,4,140.69999999999675,24,0.6,0.49999999999954525,1.299999999999926,1.4732326404298632,True,False,1.5433865756884282,0.2245614858825108,22.0,1.535944317451287,9.947598300641403e-13,,,,,0.4386646712752684,22.0,8.773293425505369,1.9090909090909092,2,False,1,0.0,True,False,0.8045422615221027,False,False,True,8.4,1.608872490863482,1.0
baseline,12.0,4,141.1999999999963,3,0.6,0.0999999999999659,0.49999999999954525,1.3436142195740215,True,False,1.4075958490775462,0.1890760791070985,22.0,1.8829195880412013,0.5500000000016882,1.880378011235056,21.0,0.5626077853397939,1.9047619047619047,0.5633682233419579,21.0,11.267364466839158,1.9047619047619047,2,True,2,-1.0,False,False,0.9885327837216308,True,False,False,8.4,1.608872490863482,1.0
baseline,12.0,4,141.29999999999626,2,1.5,4.300000000000665,0.0999999999999659,1.3273408492350616,False,True,1.390547556341493,0.1802434034036517,22.0,3.1486452618238263,1.4500000000019497,1.880378011235056,21.0,0.5626077853397939,1.9047619047619047,1.041237981400636,19.0,20.82475962801272,1.894736842105263,2,True,4,-3.0,True,False,1.6617849992959084,False,True,False,8.4,1.608872490863482,1.0
baseline,12.0,4,146.7999999999963,11,0.6,0.3000000000009493,1.1999999999993634,1.5303972185507997,True,False,1.610944440579789,0.2139265847817371,20.0,1.8082974630216908,0.5000000000029559,,,,,0.5410413357460957,21.0,10.820826714921914,1.9047619047619047,2,False,2,1.0,True,False,0.9493561680863877,False,False,True,8.4,1.608872490863482,1.0
baseline,12.0,4,147.3999999999959,23,1.3000000000008356,1.3000000000008356,0.29999999999867555,1.722188060020658,False,False,1.8082974630216908,0.2584476398670085,21.0,2.1747799973989976,0.9500000000035698,1.7273870454766973,20.0,0.542674645197577,1.9,0.7191866171581811,19.0,14.383732343163622,1.894736842105263,2,False,3,-2.0,True,False,1.1478005541828045,False,True,False,8.4,1.608872490863482,1.0
baseline,12.0,4,150.89999999999662,4,1.5,1.8999999999988688,1.6000000000003638,1.532855270402044,False,True,1.605848378516427,0.2295368642313983,22.0,1.6734540083067893,0.950000000003655,1.6734540083067893,21.0,0.5006962684397145,1.9047619047619047,0.5006962684397145,21.0,10.01392536879429,1.9047619047619047,0,False,2,-1.0,False,True,0.8785633543610644,False,False,True,8.4,1.608872490863482,1.0
baseline,12.0,4,152.7999999999955,6,0.6,0.100000000000108,1.8999999999988688,1.214995686406046,True,False,1.2757454707263485,0.1510570120141298,21.0,1.2921714801052115,0.15000000000503633,,,,,0.3866168027692174,21.0,7.732336055384348,1.9047619047619047,2,False,1,0.0,True,False,0.6783900270552361,False,False,True,8.4,1.608872490863482,1.0
baseline,12.0,4,152.8999999999956,9,0.6,0.3000000000004377,0.100000000000108,1.2288075455769092,True,False,1.2902479228557546,0.1491994107519616,21.0,1.2921714801052115,0.050000000004928324,,,,,0.3866168027692174,21.0,7.732336055384348,1.9047619047619047,2,False,1,0.0,True,False,0.6783900270552361,False,False,True,8.4,1.608872490863482,1.0
baseline,12.0,4,153.19999999999604,16,1.5,1.6000000000002501,0.3000000000004377,1.2221882356925993,False,True,1.2832976474772293,0.1468749101433613,21.0,1.9703050428878977,0.6000000000046839,1.9703050428878977,20.0,0.6189895848067541,1.9,0.6189895848067541,20.0,12.379791696135083,1.9,2,False,4,-1.0,True,False,1.0370026541515251,False,True,False,8.4,1.608872490863482,1.0
B2,12.0,4,21.400000000000038,19,1.5,8.0,4.300000000000054,1.0283168597744285,False,True,1.0730262884602733,0.0486997769702576,24.0,1.7896826095117595,0.950000000000145,1.7896826095117595,23.0,0.4889090207217004,1.9130434782608696,0.4889090207217004,23.0,9.778180414434008,1.9130434782608696,0,False,2,-1.0,False,True,0.9355159095175106,False,False,True,8.4,1.608872490863482,1.0
B2,12.0,4,45.10000000000037,6,1.5,8.0,15.700000000000333,0.9952554245149913,False,True,1.038527399493904,0.0255735137313967,24.0,1.8545196622813327,1.0999999999991417,1.8544093614193733,23.0,0.5065912023115864,1.9130434782608696,0.5066213345183357,23.0,10.132426690366714,1.9130434782608696,0,False,2,-1.0,False,True,0.9694080052834239,False,False,True,8.4,1.608872490863482,1.0
B2,12.0,4,54.4000000000005,11,1.5,7.0000000000000995,1.3000000000001322,1.1087791197186665,False,True,1.1569869075325214,0.0896175678475748,24.0,1.9980659684762687,1.0499999999984837,1.9980659684762687,23.0,0.5458355972132889,1.9130434782608696,0.5458355972132889,23.0,10.916711944265778,1.9130434782608696,0,False,2,-1.0,False,True,1.0444435744307767,False,True,False,8.4,1.608872490863482,1.0
B2,12.0,4,61.4000000000006,14,0.9999999999999005,0.9999999999999005,7.0000000000000995,1.2269844767919778,False,False,1.2827564984643405,0.1205104840792059,23.0,1.2785134299565424,0.049999999998043165,,,,,0.3492668173102053,23.0,6.9853363462041065,1.9130434782608696,0,False,1,0.0,True,True,0.6683138383863744,False,False,True,8.4,1.608872490863482,1.0
B2,12.0,4,63.20000000000063,17,1.5,3.3999999999998636,0.8000000000001251,1.752426824758105,False,True,1.832082589519837,0.2318367887182166,23.0,1.8480978107905648,1.1499999999978598,1.832951330478909,22.0,0.5234896758381979,1.9090909090909092,0.5278155004995471,22.0,10.556310009990941,1.9090909090909092,1,False,2,-1.0,False,False,0.9680512342236292,False,False,True,8.4,1.608872490863482,1.0
B2,12.0,4,66.60000000000049,5,1.5,2.800000000000111,3.3999999999998636,1.4280626074859908,False,True,1.4960655887948475,0.1601015070153475,22.0,1.8255791332356477,1.0499999999978087,1.8255791332356477,21.0,0.5462119993828507,1.9047619047619047,0.5462119993828507,21.0,10.924239987657014,1.9047619047619047,0,False,2,-1.0,False,True,0.9584290449487151,False,False,True,8.4,1.608872490863482,1.0
B2,12.0,4,71.00000000000024,13,0.6,0.20000000000038654,1.599999999999639,1.2166955034099132,True,False,1.274633384524671,0.1436022213753808,22.0,1.2793293929277094,0.5999999999978343,,,,,0.3494897236820158,23.0,6.989794473640316,1.9130434782608696,1,True,2,1.0,True,False,0.668740364484939,False,False,True,8.4,1.608872490863482,1.0
B2,12.0,4,74.70000000000003,21,1.5,1.9999999999998863,0.09999999999953957,1.463363850291859,False,True,1.5298803889414887,0.2197555211768742,23.0,1.7154792922180049,1.0499999999978087,1.7154792922180049,22.0,0.4899397401652274,1.9090909090909092,0.4899397401652274,22.0,9.798794803304547,1.9090909090909092,1,False,2,-1.0,False,False,0.898584391161812,False,False,True,8.4,1.608872490863482,1.0
B2,12.0,4,76.69999999999992,12,1.5,2.300000000000324,1.9999999999998863,1.2988133071258936,False,True,1.3606615598461742,0.1646341991598714,22.0,2.3524546218617868,0.9999999999978115,2.3524546218617868,21.0,0.7038527769470804,1.9047619047619047,0.7038527769470804,21.0,14.077055538941607,1.9047619047619047,0,False,2,-1.0,False,True,1.2350386764774381,False,True,False,8.4,1.608872490863482,1.0
B2,12.0,4,79.9,14,1.5,2.8000000000000256,0.8999999999997641,1.785389409865602,False,True,1.8704079531925355,0.3033317756265636,22.0,1.8762129324725432,0.04999999999759552,1.574631912803698,21.0,0.4711287666068706,1.9047619047619047,0.5358451604750822,22.0,10.716903209501645,1.9090909090909092,1,False,2,0.0,True,False,0.9827782027237131,True,False,False,8.4,1.608872490863482,1.0
B2,12.0,4,91.89999999999894,11,1.5,8.0,3.999999999998934,1.337271954123304,False,True,1.3954142129982303,0.2310377002673543,24.0,2.6081672145166297,1.0999999999979195,2.605881344468117,23.0,0.7118797989484982,1.9130434782608696,0.7125042574312346,23.0,14.250085148624692,1.9130434782608696,0,False,2,-1.0,False,True,1.3633601348609654,False,True,False,8.4,1.608872490863482,1.0
B2,12.0,4,106.29999999999824,24,0.6,0.29999999999998295,6.399999999999295,1.2225714948128614,True,False,1.2757267771960292,0.1215886250426459,24.0,1.2693042308182187,0.04999999999786553,,,,,0.3323030705590799,24.0,6.6460614111815985,1.9166666666666667,1,False,1,0.0,True,False,0.662245685644288,False,False,True,8.4,1.608872490863482,1.0
B2,12.0,4,106.59999999999822,18,1.5,7.700000000000017,0.29999999999998295,1.1962143776584815,False,True,1.2482236984262416,0.1185319978417775,24.0,1.9802444553788423,1.049999999997823,1.5999904909022955,23.0,0.4370885540897546,1.9130434782608696,0.5655564939390993,22.0,11.311129878781987,1.9090909090909092,1,False,3,-2.0,True,False,1.0372709051984412,False,True,False,8.4,1.608872490863482,1.0
B2,12.0,4,116.59999999999764,16,1.199999999999946,1.199999999999946,1.9999999999994174,1.2477780571387231,False,False,1.3020292770143198,0.1510399378735357,24.0,2.327757835573079,1.049999999997823,2.327757835573079,23.0,0.6359014709193445,1.9130434782608696,0.6359014709193445,23.0,12.71802941838689,1.9130434782608696,0,False,2,-1.0,False,True,1.2167825049586547,False,True,False,8.4,1.608872490863482,1.0
B2,12.0,4,117.79999999999758,4,1.5,6.599999999999625,1.199999999999946,2.201809206689086,False,True,2.301891443356772,0.2984156671091122,23.0,2.2871120487162284,0.04999999999786553,1.5931067645120214,22.0,0.454990227979561,1.9090909090909092,0.6247977747985742,23.0,12.495955495971485,1.9130434782608696,0,False,2,0.0,True,True,1.1955358436471193,False,True,False,8.4,1.608872490863482,1.0
B2,12.0,4,124.3999999999972,8,0.6,0.20000000000042917,6.599999999999625,1.6165373704920654,True,False,1.693515340515497,0.2314203800642055,22.0,1.6808659849624266,0.04999999999787974,,,,,0.480054202729721,22.0,9.60108405459442,1.9090909090909092,1,False,2,0.0,True,False,0.8804536111707948,False,False,True,8.4,1.608872490863482,1.0
B2,12.0,4,130.69999999999726,17,0.6999999999995623,0.6999999999995623,4.899999999999679,1.1480528932863234,False,False,1.200237115708429,0.1152239021689341,23.0,1.1985684628674915,0.0499999999982208,,,,,0.3274272937190368,23.0,6.548545874380736,1.9130434782608696,0,False,1,0.0,True,True,0.6265244237716433,False,False,True,8.4,1.608872490863482,1.0
B2,12.0,4,131.39999999999682,7,1.0000000000003695,1.0000000000003695,0.6999999999995623,1.127554066975671,False,False,1.1788065245654742,0.1081465599565312,23.0,2.148326527378732,0.2999999999988745,2.148326527378732,22.0,0.613560621447736,1.9090909090909092,0.613560621447736,22.0,12.27121242895472,1.9090909090909092,1,False,3,-1.0,True,False,1.1253138952936215,False,True,False,8.4,1.608872490863482,1.0
B2,12.0,4,137.59999999999692,4,1.1000000000003354,1.1000000000003354,5.199999999999733,1.742511193495577,False,False,1.8254879169953664,0.3750778768965677,22.0,1.914176117672165,0.450000000000216,1.5942205243323024,21.0,0.476989665470898,1.9047619047619047,0.5466874208141732,22.0,10.933748416283464,1.9090909090909092,0,False,2,0.0,True,True,1.0026636806854197,True,False,False,8.4,1.608872490863482,1.0
B2,12.0,4,139.09999999999724,17,0.6,0.29999999999958504,0.39999999999997726,1.5558069373156187,True,False,1.6298929819496957,0.3471610467626648,22.0,1.895503739926838,0.5500000000002672,,,,,0.5178174455831419,23.0,10.356348911662838,1.9130434782608696,2,True,2,1.0,True,False,0.9908315004163016,True,False,False,8.4,1.608872490863482,1.0
B2,12.0,4,140.69999999999675,24,0.6,0.49999999999954525,1.299999999999926,1.3772147357150182,True,False,1.4427963897966858,0.3002832712438587,22.0,1.656390895855714,0.5500000000011198,,,,,0.4730641336266661,22.0,9.461282672533322,1.9090909090909092,2,True,1,0.0,True,False,0.8676333264006121,False,False,True,8.4,1.608872490863482,1.0
B2,12.0,4,141.1999999999963,3,0.6,0.0999999999999659,0.49999999999954525,1.559907130338078,True,False,1.634188422258939,0.3110535531061927,22.0,1.8374282758069065,0.5500000000016882,1.8340111825368173,21.0,0.548734862634209,1.9047619047619047,0.5497572545498226,21.0,10.995145090996452,1.9047619047619047,2,True,2,-1.0,False,False,0.9646498447986259,False,False,True,8.4,1.608872490863482,1.0
B2,12.0,4,141.29999999999626,2,1.5,4.300000000000665,0.0999999999999659,1.581100400589545,False,True,1.656390895855714,0.3149230072083808,22.0,2.352053961362276,1.350000000001927,1.8340111825368173,21.0,0.548734862634209,1.9047619047619047,0.7778100469328946,19.0,15.556200938657891,1.894736842105263,2,True,4,-3.0,True,False,1.2413618129412014,False,True,False,8.4,1.608872490863482,1.0
B2,12.0,4,146.7999999999963,11,0.6,0.3000000000009493,1.1999999999993634,1.4931052058590033,True,False,1.5716896903778983,0.2812011543602245,20.0,1.8894112491945596,0.5500000000029672,,,,,0.5653105238170992,21.0,11.306210476341985,1.9047619047619047,2,True,2,1.0,True,False,0.9919409058271439,True,False,False,8.4,1.608872490863482,1.0
B2,12.0,4,147.3999999999959,23,1.3000000000008356,1.3000000000008356,0.29999999999867555,1.7994392849471996,False,False,1.8894112491945596,0.345245207353107,21.0,2.239758920824635,0.9500000000035698,1.7676831574584528,20.0,0.5553340421345885,1.9,0.7406747548920922,19.0,14.813495097841844,1.894736842105263,2,False,3,-2.0,True,False,1.1820949859907797,False,True,False,8.4,1.608872490863482,1.0
B2,12.0,4,150.89999999999662,4,1.5,1.8999999999988688,1.6000000000003638,1.6239888559668982,False,True,1.7013216586319886,0.2944061677613027,22.0,1.8869599682496043,0.5500000000035641,1.7312731195658693,21.0,0.5179957060748208,1.9047619047619047,0.5389145067155443,22.0,10.778290134310886,1.9090909090909092,0,False,2,0.0,True,True,0.9884076024164594,True,False,False,8.4,1.608872490863482,1.0
B2,12.0,4,152.7999999999955,6,0.6,0.100000000000108,1.8999999999988688,1.4181846408737642,True,False,1.4890938729174523,0.1834949135133154,21.0,1.6096121721510046,0.5500000000051273,,,,,0.4815948357293624,21.0,9.631896714587247,1.9047619047619047,2,True,1,0.0,True,False,0.8450463903792774,False,False,True,8.4,1.608872490863482,1.0
B2,12.0,4,152.8999999999956,9,0.6,0.3000000000004377,0.100000000000108,1.4334654519186834,True,False,1.5051387245146175,0.1831516976867398,21.0,1.611282870228677,0.5000000000050306,,,,,0.4820947074252846,21.0,9.641894148505692,1.9047619047619047,2,False,1,0.0,True,False,0.8459235068700555,False,False,True,8.4,1.608872490863482,1.0
B2,12.0,4,153.19999999999604,16,1.5,1.6000000000002501,0.3000000000004377,1.5058385340265465,False,True,1.581130460727874,0.1941542403817763,21.0,1.8214660136107108,1.0000000000047748,1.6324726927928126,20.0,0.5128564218863847,1.9,0.635811583013655,18.0,12.7162316602731,1.8888888888888888,2,False,4,-3.0,True,False,0.9643055366174351,False,False,True,8.4,1.608872490863482,1.0
baseline,12.0,5,30.20000000000016,19,0.9000000000000092,0.9000000000000092,inf,0.9587940810788931,False,False,1.0004807802562363,0.0003136100916133,24.0,1.0004807802562363,1.3145040611561853e-13,,,,,0.261925255775898,24.0,5.23850511551796,1.9166666666666667,0,False,1,0.0,True,True,0.5219899723076016,False,False,True,8.4,1.608872490863482,1.0
baseline,12.0,5,31.10000000000017,9,1.5,4.300000000000065,0.9000000000000092,0.958774234391463,False,True,1.0004600706693527,0.0003035039702382,24.0,1.916373493092076,0.050000000000139266,1.916373493092076,23.0,0.5235186858636762,1.9130434782608696,0.5235186858636762,23.0,10.470373717273525,1.9130434782608696,1,False,3,-1.0,True,False,1.0017406895708578,True,False,False,8.4,1.608872490863482,1.0
baseline,12.0,5,35.40000000000023,24,1.5,2.799999999999926,4.300000000000065,1.0958023601688949,False,True,1.1479834249388423,0.0801822834798342,22.0,1.7924009667104224,1.099999999999831,1.7902890779846894,21.0,0.5356532395427376,1.9047619047619047,0.5362851151718768,21.0,10.725702303437537,1.9047619047619047,0,False,2,-1.0,False,True,0.9410105075229718,False,False,True,8.4,1.608872490863482,1.0
baseline,12.0,5,45.90000000000038,5,1.5,3.999999999999943,2.500000000000149,1.0809073606468143,False,True,1.1279033328488497,0.0671095768773376,24.0,2.026151152390555,1.0499999999990877,2.026151152390555,23.0,0.5535079630793618,1.9130434782608696,0.5535079630793618,23.0,11.070159261587236,1.9130434782608696,0,False,2,-1.0,False,True,1.0591244660223356,False,True,False,8.4,1.608872490863482,1.0
baseline,12.0,5,49.900000000000325,19,1.5,4.000000000000057,3.999999999999943,1.2671183681086062,False,True,1.3247146575680884,0.1138939357577948,23.0,1.833939276731217,1.0499999999989171,1.833939276731217,22.0,0.5237718326280518,1.9090909090909092,0.5237718326280518,22.0,10.475436652561037,1.9090909090909092,0,False,2,-1.0,False,True,0.9606348592401612,False,False,True,8.4,1.608872490863482,1.0
baseline,12.0,5,57.50000000000055,18,0.6,0.3999999999997783,3.600000000000165,1.0662274463129855,True,False,1.114692330236303,0.0712405718820864,23.0,1.1595888015819538,0.4999999999982947,,,,,0.3035796383529048,24.0,6.071592767058096,1.9166666666666667,1,False,2,1.0,True,False,0.6050028529992802,False,False,True,8.4,1.608872490863482,1.0
baseline,12.0,5,78.3999999999998,18,1.5,1.6999999999996902,12.899999999999267,0.9763047128634432,False,True,1.018752743857506,0.0147199945855467,24.0,1.8718619572884256,1.09999999999782,1.871564033546508,23.0,0.5112775494358774,1.9130434782608696,0.5113589368305678,23.0,10.227178736611355,1.9130434782608696,0,False,2,-1.0,False,True,0.9784732958553134,False,False,True,8.4,1.608872490863482,1.0
baseline,12.0,5,80.0999999999995,19,0.7000000000001876,0.7000000000001876,1.6999999999996902,1.5558019876635492,False,False,1.6265202598300743,0.1367941603148676,23.0,1.6056514557548882,0.0499999999980929,,,,,0.4386350276195925,23.0,8.77270055239185,1.9130434782608696,0,False,1,0.0,True,True,0.8393178064173279,False,False,True,8.4,1.608872490863482,1.0
baseline,12.0,5,80.79999999999968,15,1.5,5.299999999999699,0.7000000000001876,1.347877484370631,False,True,1.409144642751114,0.1061258003336598,23.0,2.1237685724195057,1.499999999997783,1.9234668484556965,22.0,0.5493408473210843,1.9090909090909092,0.6354300709560001,21.0,12.708601419120003,1.9047619047619047,1,True,3,-2.0,True,False,1.1149785005202406,False,True,False,8.4,1.608872490863482,1.0
baseline,12.0,5,86.09999999999938,16,0.6,0.3000000000004235,5.299999999999699,1.6630787096611126,True,False,1.7462326451441683,0.2327126822079659,21.0,1.7054717787319051,0.04999999999786553,,,,,0.5102759629494162,21.0,10.205519258988325,1.9047619047619047,1,False,2,0.0,True,False,0.8953726838342503,False,False,True,8.4,1.608872490863482,1.0
baseline,12.0,5,92.09999999999904,12,1.5,2.000000000000341,3.2999999999993577,1.215258199456502,False,True,1.2704972085227064,0.1047957703694913,23.0,2.230824665934808,1.0499999999977945,2.230824665934808,22.0,0.6371220347225179,1.9090909090909092,0.6371220347225179,22.0,12.742440694450359,1.9090909090909092,0,False,2,-1.0,False,True,1.1685272059658518,False,True,False,8.4,1.608872490863482,1.0
baseline,12.0,5,99.19999999999864,17,0.9000000000004036,0.9000000000004036,5.099999999999255,1.1895712437711796,False,False,1.2436426639425968,0.1037407507615281,23.0,1.2798809832886375,0.5999999999978485,,,,,0.3496404082233795,23.0,6.99280816446759,1.9130434782608696,0,False,1,0.0,True,True,0.6690286958099696,False,False,True,8.4,1.608872490863482,1.0
baseline,12.0,5,100.69999999999855,11,1.5,6.500000000000085,0.5999999999995111,1.5407443947104233,False,True,1.6107782308336245,0.2059529367931135,23.0,1.6566874965750102,1.0499999999978087,1.6566874965750102,22.0,0.4731488425940107,1.9090909090909092,0.4731488425940107,22.0,9.462976851880214,1.9090909090909092,1,False,2,-1.0,False,False,0.8677886886821482,False,False,True,8.4,1.608872490863482,1.0
baseline,12.0,5,112.69999999999789,13,1.5,3.1999999999997897,3.999999999999332,1.0792813646875807,False,True,1.1262066414131278,0.0731144423443727,24.0,1.8481685655975788,1.0499999999977945,1.8481685655975788,23.0,0.504886329415386,1.9130434782608696,0.504886329415386,23.0,10.09772658830772,1.9130434782608696,0,False,2,-1.0,False,True,0.966088113835098,False,False,True,8.4,1.608872490863482,1.0
baseline,12.0,5,115.89999999999768,22,1.5,1.8999999999999062,3.1999999999997897,1.3179707627922337,False,True,1.3778785247373353,0.1262019209454526,23.0,1.7856113267546552,1.049999999997823,1.7856113267546552,22.0,0.5099694023908317,1.9090909090909092,0.5099694023908317,22.0,10.199388047816633,1.9090909090909092,0,False,2,-1.0,False,True,0.9353202187762479,False,False,True,8.4,1.608872490863482,1.0
baseline,12.0,5,117.79999999999758,8,1.5,2.900000000000304,1.8999999999999062,1.332187459390716,False,True,1.3956249574569404,0.1091773284213078,22.0,1.8545317254844136,1.049999999997823,1.8545317254844136,21.0,0.5548745947267655,1.9047619047619047,0.5548745947267655,21.0,11.09749189453531,1.9047619047619047,0,False,2,-1.0,False,True,0.9736291558793172,False,False,True,8.4,1.608872490863482,1.0
baseline,12.0,5,123.99999999999712,5,1.5,1.8000000000004661,0.09999999999944009,1.2471033319017315,False,True,1.3037898469881737,0.1819336644333806,23.0,2.178265630693278,1.0499999999979224,2.178265630693278,22.0,0.6221112093593764,1.9090909090909092,0.6221112093593764,22.0,12.442224187187527,1.9090909090909092,1,False,2,-1.0,False,False,1.140996282744098,False,True,False,8.4,1.608872490863482,1.0
baseline,12.0,5,129.39999999999694,14,1.5,2.600000000000165,3.599999999999355,1.4075565688466722,False,True,1.4715364128851574,0.1599835305458736,23.0,1.81284435027644,1.0499999999984766,1.8123825029706693,22.0,0.5176152324388488,1.9090909090909092,0.5177471357209296,22.0,10.354942714418591,1.9090909090909092,0,False,2,-1.0,False,True,0.9495851358590875,False,False,True,8.4,1.608872490863482,1.0
baseline,12.0,5,139.59999999999624,24,1.5,8.0,2.1999999999993065,1.0412363534022637,False,True,1.0865074992023622,0.0731894730057518,24.0,1.9754522284915463,1.000000000001478,1.9754522284915463,23.0,0.5396579311779677,1.9130434782608696,0.5396579311779677,23.0,10.793158623559354,1.9130434782608696,0,False,2,-1.0,False,True,1.0326227558023993,False,True,False,8.4,1.608872490863482,1.0
baseline,12.0,5,149.29999999999623,18,0.6,0.2999999999995566,1.6999999999999886,1.071791242202277,True,False,1.118390861428463,0.0782404909791931,24.0,1.1166898156520473,3.467448550509289e-12,,,,,0.292348710099251,24.0,5.84697420198502,1.9166666666666667,1,False,1,0.0,True,False,0.5826207733836768,False,False,True,8.4,1.608872490863482,1.0
baseline,12.0,5,149.5999999999958,7,1.5,inf,0.2999999999995566,1.0595605204036804,False,True,1.105628369116884,0.070121144635954,24.0,1.902957482051025,0.7000000000041382,1.902957482051025,23.0,0.5198536735395853,1.9130434782608696,0.5198536735395853,23.0,10.397073470791707,1.9130434782608696,1,False,3,-1.0,True,False,0.9947277747084904,True,False,False,8.4,1.608872490863482,1.0
B2,12.0,5,30.20000000000016,19,0.9000000000000092,0.9000000000000092,inf,0.9587940810788931,False,False,1.0004807802562363,0.0003136100916133,24.0,1.0004807802562363,1.3145040611561853e-13,,,,,0.261925255775898,24.0,5.23850511551796,1.9166666666666667,0,False,1,0.0,True,True,0.5219899723076016,False,False,True,8.4,1.608872490863482,1.0
B2,12.0,5,31.10000000000017,9,1.5,4.300000000000065,0.9000000000000092,0.958774234391463,False,True,1.0004600706693527,0.0003035039702382,24.0,1.916373493092076,0.050000000000139266,1.916373493092076,23.0,0.5235186858636762,1.9130434782608696,0.5235186858636762,23.0,10.470373717273525,1.9130434782608696,1,False,3,-1.0,True,False,1.0017406895708578,True,False,False,8.4,1.608872490863482,1.0
B2,12.0,5,35.40000000000023,24,1.5,2.799999999999926,4.300000000000065,1.1855693479048455,False,True,1.2420250311384096,0.103837830549724,22.0,1.7345148449609675,1.0499999999998337,1.7345148449609675,21.0,0.5189656280449348,1.9047619047619047,0.5189656280449348,21.0,10.379312560898697,1.9047619047619047,0,False,2,-1.0,False,True,0.910620293604508,False,False,True,8.4,1.608872490863482,1.0
B2,12.0,5,45.90000000000038,5,1.5,3.999999999999943,2.500000000000149,1.0532421507122125,False,True,1.0990352876997,0.0424100390510172,24.0,1.9576050690678,1.0499999999990877,1.9576050690678,23.0,0.534782409009873,1.9130434782608696,0.534782409009873,23.0,10.695648180197459,1.9130434782608696,0,False,2,-1.0,False,True,1.0232935588308953,False,True,False,8.4,1.608872490863482,1.0
B2,12.0,5,49.900000000000325,19,1.5,4.000000000000057,3.999999999999943,1.3159287008416154,False,True,1.3757436417889617,0.1352596787008797,23.0,1.738242379218785,1.0499999999989171,1.738242379218785,22.0,0.4964408626101981,1.9090909090909092,0.4964408626101981,22.0,9.928817252203961,1.9090909090909092,0,False,2,-1.0,False,True,0.9105079129241255,False,False,True,8.4,1.608872490863482,1.0
B2,12.0,5,57.50000000000055,18,0.6,0.3999999999997783,3.600000000000165,1.1022961305571572,True,False,1.1524005001279372,0.0799272259821635,23.0,1.1986529112416349,0.4999999999982947,,,,,0.3138065983467282,24.0,6.276131966934564,1.9166666666666667,1,False,2,1.0,True,False,0.6253841276043313,False,False,True,8.4,1.608872490863482,1.0
B2,12.0,5,78.3999999999998,18,1.5,1.6999999999996902,12.899999999999267,1.0944166173297682,False,True,1.141999948518019,0.098744241649785,24.0,1.7131651524983589,0.9999999999978257,1.7131651524983589,23.0,0.4680058310847723,1.9130434782608696,0.4680058310847723,23.0,9.360116621695445,1.9130434782608696,0,False,2,-1.0,False,True,0.8955181478968693,False,False,True,8.4,1.608872490863482,1.0
B2,12.0,5,80.0999999999995,19,0.7000000000001876,0.7000000000001876,1.6999999999996902,1.3674745618336566,False,False,1.4296324964624592,0.1211771631199009,23.0,1.3920190691199503,0.0499999999980929,,,,,0.3802745114090555,23.0,7.60549022818111,1.9130434782608696,0,False,1,0.0,True,True,0.7276463315854286,False,False,True,8.4,1.608872490863482,1.0
B2,12.0,5,80.79999999999968,15,1.5,5.299999999999699,0.7000000000001876,1.1813641231000325,False,True,1.235062492331852,0.09970423894975,23.0,2.0212275170927563,0.3499999999978485,2.0212275170927563,22.0,0.577261228993831,1.9090909090909092,0.577261228993831,22.0,11.54522457987662,1.9090909090909092,1,False,3,-1.0,True,False,1.0587382232390627,False,True,False,8.4,1.608872490863482,1.0
B2,12.0,5,86.09999999999938,16,0.6,0.3000000000004235,5.299999999999699,1.369340024116154,True,False,1.4378070253219617,0.1546789863345736,21.0,1.389392862831048,0.3499999999978485,,,,,0.4157053724590582,21.0,8.314107449181163,1.9047619047619047,1,False,2,0.0,True,False,0.7294312529863002,False,False,True,8.4,1.608872490863482,1.0
B2,12.0,5,92.09999999999904,12,1.5,2.000000000000341,3.2999999999993577,1.075280783314401,False,True,1.1241571825559646,0.0950053399035725,23.0,1.7981466296783446,1.0499999999977945,1.7981466296783446,22.0,0.5135494765340667,1.9090909090909092,0.5135494765340667,22.0,10.270989530681334,1.9090909090909092,0,False,2,-1.0,False,True,0.9418863298315138,False,False,True,8.4,1.608872490863482,1.0
B2,12.0,5,99.19999999999864,17,0.9000000000004036,0.9000000000004036,5.099999999999255,1.099777064686741,False,False,1.1497669312634111,0.0696095172327895,23.0,1.1447490667555311,0.6499999999978456,,,,,0.3127248050715607,23.0,6.254496101431214,1.9130434782608696,0,False,1,0.0,True,True,0.5983915576222094,False,False,True,8.4,1.608872490863482,1.0
B2,12.0,5,100.69999999999855,11,1.5,6.500000000000085,0.5999999999995111,1.6924835084311296,False,True,1.7694145769961809,0.2349391344428714,23.0,1.7377231362052052,0.04999999999786553,1.6719070180706914,22.0,0.4774955277687365,1.9090909090909092,0.474714629450025,23.0,9.4942925890005,1.9130434782608696,1,False,2,0.0,True,False,0.90835527574363,False,False,True,8.4,1.608872490863482,1.0
B2,12.0,5,112.69999999999789,13,1.5,3.1999999999997897,3.999999999999332,1.1020326325769267,False,True,1.14994709486288,0.0676909197656784,24.0,2.085947809156429,1.0499999999977945,2.085947809156429,23.0,0.5698433315667444,1.9130434782608696,0.5698433315667444,23.0,11.396866631334888,1.9130434782608696,0,False,2,-1.0,False,True,1.0903818093317696,False,True,False,8.4,1.608872490863482,1.0
B2,12.0,5,115.89999999999768,22,1.5,1.8999999999999062,3.1999999999997897,1.5220412899907847,False,True,1.591224984990366,0.1970343198946317,23.0,1.6734051875114384,1.049999999997823,1.6734051875114384,22.0,0.4779234039604532,1.9090909090909092,0.4779234039604532,22.0,9.558468079209064,1.9090909090909092,0,False,2,-1.0,False,True,0.8765455744107534,False,False,True,8.4,1.608872490863482,1.0
B2,12.0,5,117.79999999999758,8,1.5,2.900000000000304,1.8999999999999062,1.2660620047411206,False,True,1.326350671633555,0.1562924704172884,22.0,1.9673866898474264,1.09999999999782,1.9662956046463644,21.0,0.5883142691755161,1.9047619047619047,0.5886407211042872,21.0,11.772814422085744,1.9047619047619047,0,False,2,-1.0,False,True,1.0328780121698988,False,True,False,8.4,1.608872490863482,1.0
B2,12.0,5,123.99999999999712,5,1.5,1.8000000000004661,0.09999999999944009,1.4701457856506437,False,True,1.5369705940893092,0.2280503808481517,23.0,2.0141487076368887,1.0499999999979224,2.0141487076368887,22.0,0.5752395257408569,1.9090909090909092,0.5752395257408569,22.0,11.504790514817138,1.9090909090909092,1,False,2,-1.0,False,False,1.0550302754288463,False,True,False,8.4,1.608872490863482,1.0
B2,12.0,5,129.39999999999694,14,1.5,2.600000000000165,3.599999999999355,1.3170955709963599,False,True,1.3769635514961944,0.1816680025413131,23.0,1.921412085036124,0.9999999999984652,1.921412085036124,22.0,0.5487540082607394,1.9090909090909092,0.5487540082607394,22.0,10.975080165214788,1.9090909090909092,0,False,2,-1.0,False,True,1.0064539493046363,True,False,False,8.4,1.608872490863482,1.0
B2,12.0,5,139.59999999999624,24,1.5,8.0,2.1999999999993065,1.270219664121941,False,True,1.3254466060402863,0.1534047088692857,24.0,1.5315406811084926,1.0500000000014893,1.530476426994832,23.0,0.4180985651773321,1.9130434782608696,0.418389300212552,23.0,8.36778600425104,1.9130434782608696,0,False,2,-1.0,False,True,0.800578083306712,False,False,True,8.4,1.608872490863482,1.0
B2,12.0,5,149.29999999999623,18,0.6,0.2999999999995566,1.6999999999999886,1.1573302479228043,True,False,1.2076489543542306,0.1646175394272485,24.0,1.2065316574687823,3.467448550509289e-12,,,,,0.3158692492856203,24.0,6.3173849857124065,1.9166666666666667,1,False,1,0.0,True,False,0.6294947778097995,False,False,True,8.4,1.608872490863482,1.0
B2,12.0,5,149.5999999999958,7,1.5,inf,0.2999999999995566,1.1509582199582584,False,True,1.200999881695574,0.1553935786096857,24.0,1.8664794340601203,0.950000000004195,1.8272578584055923,23.0,0.4991739012331502,1.9130434782608696,0.5330652798290645,22.0,10.66130559658129,1.9090909090909092,1,False,3,-2.0,True,False,0.9776797035553011,False,False,True,8.4,1.608872490863482,1.0
baseline,12.0,6,22.50000000000005,5,0.9999999999999112,0.9999999999999112,4.000000000000071,1.1118041766668234,False,False,1.162340730151679,0.0607659023591451,23.0,1.979027993277831,0.9500000000001485,1.979027993277831,22.0,0.5652090731754713,1.9090909090909092,0.5652090731754713,22.0,11.304181463509426,1.9090909090909092,0,True,2,-1.0,False,True,1.036633710764578,False,True,False,8.4,1.608872490863482,1.0
baseline,12.0,6,28.20000000000013,3,1.5,2.299999999999919,4.70000000000017,1.1418187085419569,False,True,1.1937195589302276,0.069602759336695,23.0,2.052480087583405,0.9500000000001485,2.052480087583405,22.0,0.58618694225376,1.9090909090909092,0.58618694225376,22.0,11.7237388450752,1.9090909090909092,0,False,2,-1.0,False,True,1.075108617305593,False,True,False,8.4,1.608872490863482,1.0
baseline,12.0,6,50.300000000000445,9,0.8000000000000114,0.8000000000000114,14.100000000000314,0.9901548730325965,False,False,1.033205084903579,0.0265106431570605,24.0,1.0330565531911646,0.04999999999883187,,,,,0.2704535731873463,24.0,5.409071463746926,1.9166666666666667,0,False,1,0.0,True,True,0.538986027751912,False,False,True,8.4,1.608872490863482,1.0
baseline,12.0,6,51.100000000000456,12,1.5,3.2000000000000455,0.8000000000000114,0.9890074396177041,False,True,1.0320077630793434,0.0256958153078701,24.0,1.8914571809007308,0.24999999999876366,1.8914571809007308,23.0,0.5167119986171649,1.9130434782608696,0.5167119986171649,23.0,10.334239972343298,1.9130434782608696,1,False,3,-1.0,True,False,0.9887162536526547,True,False,False,8.4,1.608872490863482,1.0
baseline,12.0,6,54.3000000000005,16,1.5,3.999999999999943,3.2000000000000455,1.6457090062570368,False,True,1.7240761017930863,0.1955462835802712,22.0,1.8363591256126164,1.099999999998488,1.831912503177208,21.0,0.5481069392381719,1.9047619047619047,0.5494373655597307,21.0,10.988747311194613,1.9047619047619047,0,False,2,-1.0,False,True,0.9640885409466237,False,False,True,8.4,1.608872490863482,1.0
baseline,12.0,6,67.00000000000047,11,1.5,3.799999999999784,4.699999999999967,1.0419993777279728,False,True,1.087303698498754,0.0419739603635446,24.0,1.8742928433858188,1.0499999999978087,1.8742928433858188,23.0,0.5120230110832011,1.9130434782608696,0.5120230110832011,23.0,10.240460221664023,1.9130434782608696,0,False,2,-1.0,False,True,0.9797439863153143,False,False,True,8.4,1.608872490863482,1.0
baseline,12.0,6,70.80000000000025,10,1.5,3.799999999999784,3.799999999999784,1.1906038029368098,False,True,1.2447221576157557,0.0891167102651229,23.0,2.0334787654951016,1.0999999999978058,2.032632494073062,22.0,0.58051848280253,1.9090909090909092,0.5807601773554776,22.0,11.615203547109552,1.9090909090909092,0,False,2,-1.0,False,True,1.0651555438307674,False,True,False,8.4,1.608872490863482,1.0
baseline,12.0,6,74.60000000000004,18,0.6,0.400000000000432,3.799999999999784,1.310952382851035,True,False,1.3733786867963225,0.1375127190985641,22.0,1.405145311182799,0.5999999999978343,,,,,0.3838603640728717,23.0,7.677207281457434,1.9130434782608696,1,True,2,1.0,True,False,0.7345077763000994,False,False,True,8.4,1.608872490863482,1.0
baseline,12.0,6,80.59999999999958,12,1.5,2.0000000000004547,1.7999999999993292,1.210033287915293,False,True,1.2650348010023518,0.1421292049712191,23.0,1.5333417405171168,1.1999999999979138,1.525484461031483,22.0,0.4356773432674448,1.9090909090909092,0.4379213770410146,22.0,8.758427540820291,1.9090909090909092,0,False,2,-1.0,False,True,0.8031790069375373,False,False,True,8.4,1.608872490863482,1.0
baseline,12.0,6,92.19999999999904,14,1.5,5.299999999999699,3.5999999999994543,1.0145225531937163,False,True,1.05863222941953,0.0607860400615366,24.0,1.7618268901521488,1.0999999999978058,1.7602738503198223,23.0,0.4808750779539976,1.9130434782608696,0.4812993404346906,23.0,9.625986808693812,1.9130434782608696,0,False,2,-1.0,False,True,0.920954965306805,False,False,True,8.4,1.608872490863482,1.0
baseline,12.0,6,97.49999999999874,24,1.1999999999999034,1.1999999999999034,5.299999999999699,1.087041656940032,False,False,1.1364526413463971,0.0497889565453238,23.0,1.9087335737965287,1.0499999999978087,1.9087335737965287,22.0,0.5451330339181242,1.9090909090909092,0.5451330339181242,22.0,10.902660678362484,1.9090909090909092,0,False,2,-1.0,False,True,0.9998128243696103,True,False,False,8.4,1.608872490863482,1.0
baseline,12.0,6,98.69999999999864,7,1.5,1.500000000000398,1.1999999999999034,1.811424041043802,False,True,1.8976823287125544,0.1989799636815731,22.0,1.893197267759782,0.04999999999787974,1.7640218880088183,21.0,0.5277941146800096,1.9047619047619047,0.5406958752900364,22.0,10.813917505800728,1.9090909090909092,0,False,2,0.0,True,True,0.9916747593027428,True,False,False,8.4,1.608872490863482,1.0
baseline,12.0,6,105.29999999999828,6,0.6,0.2000000000004576,5.099999999999241,1.1012922124892925,True,False,1.1537346987983066,0.1117777594080104,22.0,1.2043739154032864,0.3499999999978627,,,,,0.3290132386787947,23.0,6.580264773575894,1.9130434782608696,1,False,2,1.0,True,False,0.629559092142627,False,False,True,8.4,1.608872490863482,1.0
baseline,12.0,6,109.49999999999852,10,1.5,3.7999999999997556,2.7999999999998835,1.1334903341542053,False,True,1.1850126220703054,0.0884780601963475,23.0,2.070427073554193,0.9999999999973426,2.070427073554193,22.0,0.5913125894610243,1.9090909090909092,0.5913125894610243,22.0,11.826251789220485,1.9090909090909092,0,False,2,-1.0,False,True,1.0845094194807676,False,True,False,8.4,1.608872490863482,1.0
baseline,12.0,6,123.29999999999772,24,1.5,5.899999999999679,5.799999999999201,1.0045919027590429,False,True,1.0482698115746534,0.0448307873736121,24.0,1.9809859133532968,0.9999999999973568,1.9809859133532968,23.0,0.5411696341091812,1.9130434782608696,0.5411696341091812,23.0,10.823392682183623,1.9130434782608696,0,False,2,-1.0,False,True,1.035515363798314,False,True,False,8.4,1.608872490863482,1.0
baseline,12.0,6,129.1999999999974,18,1.5,1.6999999999999034,5.899999999999679,1.198350765987371,False,True,1.2528212553504332,0.0882251448669846,23.0,1.8976331710832908,1.049999999997965,1.897547636969015,22.0,0.5419383378307754,1.9090909090909092,0.5419627663166882,22.0,10.839255326333763,1.9090909090909092,0,False,2,-1.0,False,True,0.9939983277102952,True,False,False,8.4,1.608872490863482,1.0
baseline,12.0,6,130.8999999999973,11,0.6,0.400000000000432,1.6999999999999034,1.555118608916983,True,False,1.6291718760082678,0.1614027331422934,22.0,1.565556457946885,0.0499999999982208,,,,,0.4471218788241811,22.0,8.942437576483622,1.9090909090909092,1,False,2,0.0,True,False,0.8200533827340826,False,False,True,8.4,1.608872490863482,1.0
baseline,12.0,6,135.79999999999657,21,1.40000000000083,1.40000000000083,4.499999999998835,1.1359605231321497,False,False,1.1900538813765378,0.0889280650139224,22.0,1.9264756595774972,0.9500000000002728,1.9264756595774972,21.0,0.5764001694712588,1.9047619047619047,0.5764001694712588,21.0,11.528003389425177,1.9047619047619047,0,False,2,-1.0,False,True,1.011399721278186,True,False,False,8.4,1.608872490863482,1.0
baseline,12.0,6,138.6999999999963,3,0.6,0.2000000000010118,1.4999999999988916,1.4655887233541416,True,False,1.5353786625614818,0.1879790847820572,22.0,1.5275406066254864,0.25000000000108,,,,,0.4172965519856282,23.0,8.345931039712564,1.9130434782608696,1,False,2,1.0,True,False,0.7984871352815043,False,False,True,8.4,1.608872490863482,1.0
baseline,12.0,6,140.79999999999674,14,1.5,2.9999999999998295,1.8999999999994373,1.1837736584094865,False,True,1.240143832619462,0.1393535521855162,22.0,1.898817440286896,1.0000000000012506,1.898817440286896,21.0,0.5681248496108084,1.9047619047619047,0.5681248496108084,21.0,11.362496992216169,1.9047619047619047,0,False,2,-1.0,False,True,0.9968791561506205,True,False,False,8.4,1.608872490863482,1.0
baseline,12.0,6,150.69999999999607,3,1.5,3.49999999999946,1.8999999999993236,1.064562073808904,False,True,1.110847381365813,0.0785745597798543,24.0,1.8690141194645495,0.9500000000041666,1.8690141194645495,23.0,0.51058095888395,1.9130434782608696,0.51058095888395,23.0,10.211619177679001,1.9130434782608696,0,False,2,-1.0,False,True,0.976984653356469,False,False,True,8.4,1.608872490863482,1.0
B2,12.0,6,22.50000000000005,5,0.9999999999999112,0.9999999999999112,4.000000000000071,2.83776249479186,False,False,2.966751699100581,0.5188122312853598,23.0,2.966093868120915,1.3500311979441904e-13,2.374638077676312,22.0,0.6781950490693172,1.9090909090909092,0.8102833657344695,23.0,16.20566731468939,1.9130434782608696,0,False,2,0.0,True,True,1.5504581583359327,False,True,False,8.4,1.608872490863482,1.0
B2,12.0,6,28.20000000000013,3,1.5,2.299999999999919,4.70000000000017,2.773668909403984,False,True,2.899744768922347,0.580886280579215,23.0,2.9070787940719014,1.3500311979441904e-13,2.211195002291776,22.0,0.6315158158958463,1.9090909090909092,0.794161511553301,23.0,15.883230231066019,1.9130434782608696,0,False,2,0.0,True,True,1.5196093696284938,False,True,False,8.4,1.608872490863482,1.0
B2,12.0,6,50.300000000000445,9,0.8000000000000114,0.8000000000000114,14.100000000000314,1.76853913765504,False,False,1.8454321436400416,0.3546455222624005,24.0,1.8121760963553637,0.04999999999883187,,,,,0.4744265926100866,24.0,9.488531852201731,1.9166666666666667,0,False,1,0.0,True,True,0.9454831807071462,False,False,True,8.4,1.608872490863482,1.0
B2,12.0,6,51.100000000000456,12,1.5,3.2000000000000455,0.8000000000000114,1.6749565671075048,False,True,1.7477807656773965,0.3368954903285969,24.0,2.5474317384580463,1.0999999999987153,2.373875752709215,23.0,0.6485000543692356,1.9130434782608696,0.7275448031873886,22.0,14.550896063747771,1.9090909090909092,1,False,3,-2.0,True,False,1.3343690058589766,False,True,False,8.4,1.608872490863482,1.0
B2,12.0,6,54.3000000000005,16,1.5,3.999999999999943,3.2000000000000455,2.7047543268523,False,True,2.833552151940505,0.489824729484379,22.0,2.9588773039085927,0.39999999999852776,2.5425530276361368,21.0,0.7607300869508737,1.9047619047619047,0.8450533818938917,22.0,16.901067637877834,1.9090909090909092,0,False,2,0.0,True,True,1.5498881115711676,False,True,False,8.4,1.608872490863482,1.0
B2,12.0,6,67.00000000000047,11,1.5,3.799999999999784,4.699999999999967,1.2890610111825491,False,True,1.3451071421035297,0.174913842347758,24.0,2.200186497046084,1.0999999999978058,2.1987517190983104,23.0,0.6006593258945374,1.9130434782608696,0.6010512813606468,23.0,12.021025627212936,1.9130434782608696,0,False,2,-1.0,False,True,1.150097487092271,False,True,False,8.4,1.608872490863482,1.0
B2,12.0,6,70.80000000000025,10,1.5,3.799999999999784,3.799999999999784,1.5687619908853225,False,True,1.6400693541073827,0.2510919015207752,23.0,2.243370880588233,1.0499999999978087,2.243370880588233,22.0,0.6407052252484782,1.9090909090909092,0.6407052252484782,22.0,12.814104504969563,1.9090909090909092,0,False,2,-1.0,False,True,1.1750990326890745,False,True,False,8.4,1.608872490863482,1.0
B2,12.0,6,74.60000000000004,18,0.6,0.400000000000432,3.799999999999784,1.8376865504012783,True,False,1.92519543375372,0.3076207106899912,22.0,2.1271407400818663,0.49999999999783995,,,,,0.5810964975819779,23.0,11.621929951639558,1.9130434782608696,1,False,2,1.0,True,False,1.1119144777700665,False,True,False,8.4,1.608872490863482,1.0
B2,12.0,6,80.59999999999958,12,1.5,2.0000000000004547,1.7999999999993292,1.3161180156943022,False,True,1.375941561862225,0.1900652283178067,23.0,2.154423085466508,1.0499999999979224,2.154423085466508,22.0,0.6153017943659851,1.9090909090909092,0.6153017943659851,22.0,12.306035887319702,1.9090909090909092,0,False,2,-1.0,False,True,1.1285073304824567,False,True,False,8.4,1.608872490863482,1.0
B2,12.0,6,92.19999999999904,14,1.5,5.299999999999699,3.5999999999994543,1.514880030173888,False,True,1.5807443793118832,0.2091936742120282,24.0,2.2103606774620017,1.0999999999978058,2.2066811497989947,23.0,0.6028255033933565,1.9130434782608696,0.603830684008555,23.0,12.0766136801711,1.9130434782608696,0,False,2,-1.0,False,True,1.155415808673319,False,True,False,8.4,1.608872490863482,1.0
B2,12.0,6,97.49999999999874,24,1.1999999999999034,1.1999999999999034,5.299999999999699,1.6590782323155957,False,False,1.734490879239032,0.2637835703045554,23.0,1.6855539565462792,0.04999999999786553,1.6015144116662403,22.0,0.4573914463917128,1.9090909090909092,0.460462950183913,23.0,9.209259003678259,1.9130434782608696,0,False,2,0.0,True,True,0.8810850227401005,False,False,True,8.4,1.608872490863482,1.0
B2,12.0,6,98.69999999999864,7,1.5,1.500000000000398,1.1999999999999034,1.5425572098441607,False,True,1.616012315074835,0.2435027117616801,22.0,1.6157558092304578,0.04999999999787974,1.5031874708198492,21.0,0.4497526395519866,1.9047619047619047,0.4614587800248579,22.0,9.229175600497157,1.9090909090909092,0,False,2,0.0,True,True,0.8463482810254779,False,False,True,8.4,1.608872490863482,1.0
B2,12.0,6,105.29999999999828,6,0.6,0.2000000000004576,5.099999999999241,1.054895835257851,True,False,1.1051289702701297,0.0636476530735433,22.0,1.1420833019820744,0.29999999999786553,,,,,0.3119965661995181,23.0,6.239931323990362,1.9130434782608696,1,False,2,1.0,True,False,0.5969980896724479,False,False,True,8.4,1.608872490863482,1.0
B2,12.0,6,109.49999999999852,10,1.5,3.7999999999997556,2.7999999999998835,1.2207074494664991,False,True,1.2761941517149764,0.1330151067817136,23.0,1.9493414729897445,1.0499999999973397,1.9493414729897445,22.0,0.5567306228074989,1.9090909090909092,0.5567306228074989,22.0,11.134612456149977,1.9090909090909092,0,False,2,-1.0,False,True,1.0210836287089138,False,True,False,8.4,1.608872490863482,1.0
B2,12.0,6,123.29999999999772,24,1.5,5.899999999999679,5.799999999999201,1.1095863679818458,False,True,1.157829253546274,0.0888976403614443,24.0,1.7569830679345693,0.9999999999973568,1.7569830679345693,23.0,0.4799760955395564,1.9130434782608696,0.4799760955395564,23.0,9.599521910791127,1.9130434782608696,0,False,2,-1.0,False,True,0.918422967329434,False,False,True,8.4,1.608872490863482,1.0
B2,12.0,6,129.1999999999974,18,1.5,1.6999999999999034,5.899999999999679,1.1703941062776062,False,True,1.2235938383811338,0.087201923893646,23.0,1.6950814645110304,0.9999999999979536,1.6950814645110304,22.0,0.4841141341949164,1.9090909090909092,0.4841141341949164,22.0,9.682282683898327,1.9090909090909092,0,False,2,-1.0,False,True,0.887899814743873,False,False,True,8.4,1.608872490863482,1.0
B2,12.0,6,130.8999999999973,11,0.6,0.400000000000432,1.6999999999999034,1.3380390842827445,True,False,1.4017552311533514,0.1042488954414613,22.0,1.382120172262019,0.0499999999982208,,,,,0.3947325981415108,22.0,7.894651962830216,1.9090909090909092,1,False,2,0.0,True,False,0.7239677092801052,False,False,True,8.4,1.608872490863482,1.0
B2,12.0,6,135.79999999999657,21,1.40000000000083,1.40000000000083,4.499999999998835,1.196602976279966,False,False,1.253584070388536,0.1289615090083279,22.0,1.7601660029843036,0.9500000000002728,1.7601660029843036,21.0,0.526640436578476,1.9047619047619047,0.526640436578476,21.0,10.53280873156952,1.9047619047619047,0,False,2,-1.0,False,True,0.9240871515667595,False,False,True,8.4,1.608872490863482,1.0
B2,12.0,6,138.6999999999963,3,0.6,0.2000000000010118,1.4999999999988916,1.2803883698225607,True,False,1.341359244576016,0.1856805326587709,22.0,1.3873619663468464,0.25000000000108,,,,,0.3790022748995776,23.0,7.580045497991552,1.9130434782608696,1,False,2,1.0,True,False,0.7252119369540333,False,False,True,8.4,1.608872490863482,1.0
B2,12.0,6,140.79999999999674,14,1.5,2.9999999999998295,1.8999999999994373,1.231299002157341,False,True,1.289932287974357,0.1290587061927866,22.0,1.8644874496889208,1.0000000000012506,1.8644874496889208,21.0,0.5578533404431507,1.9047619047619047,0.5578533404431507,21.0,11.157066808863014,1.9047619047619047,0,False,2,-1.0,False,True,0.9788559110866835,False,False,True,8.4,1.608872490863482,1.0
B2,12.0,6,150.69999999999607,3,1.5,3.49999999999946,1.8999999999993236,1.0415758481874702,False,True,1.0868617546304036,0.0627398996760848,24.0,2.0039374608126623,0.9500000000041666,2.0039374608126623,23.0,0.5474395830558647,1.9130434782608696,0.5474395830558647,23.0,10.948791661117294,1.9130434782608696,0,False,2,-1.0,False,True,1.0475127636066188,False,True,False,8.4,1.608872490863482,1.0
baseline,12.0,7,23.30000000000006,4,1.5,1.7000000000000242,7.500000000000073,1.0055738772791565,False,True,1.0492944806391198,0.027486355182683,24.0,1.9260617074310409,0.9500000000001485,1.9260617074310409,23.0,0.5261653313413888,1.9130434782608696,0.5261653313413888,23.0,10.523306626827775,1.9130434782608696,0,False,2,-1.0,False,True,1.0068049834298622,True,False,False,8.4,1.608872490863482,1.0
baseline,12.0,7,25.000000000000085,6,1.5,3.600000000000051,1.7000000000000242,1.576628819656422,False,True,1.6482937660044412,0.1451987941823353,23.0,2.392880511738332,1.05000000000015,2.384674427916293,22.0,0.6810614239950246,1.9090909090909092,0.6834050760541208,22.0,13.668101521082416,1.9090909090909092,0,False,2,-1.0,False,True,1.2534136013867454,False,True,False,8.4,1.608872490863482,1.0
baseline,12.0,7,28.600000000000136,25,0.6,0.30000000000000426,3.600000000000051,1.6444337102933388,True,False,1.7227400774501644,0.238421293594972,22.0,1.7068237184285289,1.3500311979441904e-13,,,,,0.4874677140716255,22.0,9.74935428143251,1.9090909090909092,1,False,1,0.0,True,False,0.8940505191768484,False,False,True,8.4,1.608872490863482,1.0
baseline,12.0,7,28.90000000000014,16,1.5,2.3999999999999204,0.30000000000000426,1.5231037285874591,False,True,1.5956324775678143,0.2090328605009676,22.0,1.996800390973368,0.6500000000001442,1.996800390973368,21.0,0.5974412799016342,1.9047619047619047,0.5974412799016342,21.0,11.948825598032684,1.9047619047619047,1,False,3,-1.0,True,False,1.0483202052610183,False,True,False,8.4,1.608872490863482,1.0
baseline,12.0,7,38.80000000000028,2,1.5,6.600000000000094,1.9000000000001407,1.1169525282157775,False,True,1.1655156816164634,0.1188305085729918,24.0,1.6577309265007276,1.0999999999995893,1.6538304423943533,23.0,0.4517966580964572,1.9130434782608696,0.4528622000281119,23.0,9.057244000562237,1.9130434782608696,0,False,2,-1.0,False,True,0.8665411661253803,False,False,True,8.4,1.608872490863482,1.0
baseline,12.0,7,45.400000000000375,9,1.3999999999999062,1.3999999999999062,6.600000000000094,1.0304165580165792,False,False,1.07725367429006,0.0358257952680037,23.0,1.8964515893214933,1.0499999999991232,1.8964515893214933,22.0,0.5416253073546446,1.9090909090909092,0.5416253073546446,22.0,10.832506147092893,1.9090909090909092,0,False,2,-1.0,False,True,0.993379403930306,True,False,False,8.4,1.608872490863482,1.0
baseline,12.0,7,49.80000000000044,8,0.6,0.09999999999988773,3.0000000000001563,1.1609854080855158,True,False,1.2137574720894029,0.1140636695581001,23.0,1.2467487397334729,0.5999999999988432,,,,,0.3405892766625227,23.0,6.811785533250454,1.9130434782608696,1,True,1,0.0,True,False,0.6517095684970426,False,False,True,8.4,1.608872490863482,1.0
baseline,12.0,7,49.900000000000325,6,1.5,3.5000000000000497,0.09999999999988773,1.1600962589365313,False,True,1.21282790707001,0.1111419547573012,23.0,2.209287825587875,0.9499999999989228,2.209287825587875,22.0,0.6309711275029306,1.9090909090909092,0.6309711275029306,22.0,12.619422550058612,1.9090909090909092,1,False,3,-1.0,True,False,1.157246003879363,False,True,False,8.4,1.608872490863482,1.0
baseline,12.0,7,53.70000000000049,7,1.5,2.900000000000034,0.30000000000011795,1.7288761988318477,False,True,1.8112036368714597,0.2294806966915586,22.0,2.034062127826998,1.199999999998525,1.9793808547759444,21.0,0.592229366859085,1.9047619047619047,0.6085899654977638,21.0,12.171799309955276,1.9047619047619047,1,False,2,-1.0,False,False,1.067882617109174,False,True,False,8.4,1.608872490863482,1.0
baseline,12.0,7,56.60000000000053,21,1.1999999999999105,1.1999999999999105,2.900000000000034,1.6224487292655918,False,False,1.7035711657288717,0.1960438224098756,21.0,1.7439123451720866,0.29999999999837,1.6818685019141788,20.0,0.5283745729917655,1.9,0.5217773535330643,21.0,10.435547070661286,1.9047619047619047,0,False,2,0.0,True,True,0.9155539812153455,False,False,True,8.4,1.608872490863482,1.0
baseline,12.0,7,74.80000000000003,19,1.5,7.999999999999432,10.199999999999491,1.0295037273400172,False,True,1.0742647589634962,0.048091273685499,24.0,1.984801108322392,1.0999999999978058,1.9844028423639264,23.0,0.5421030775072362,1.9130434782608696,0.5422118765863049,23.0,10.844237531726098,1.9130434782608696,0,False,2,-1.0,False,True,1.0375096702594322,False,True,False,8.4,1.608872490863482,1.0
baseline,12.0,7,82.79999999999946,7,0.7999999999998408,0.7999999999998408,7.999999999999432,1.1100288259748081,False,False,1.1604846817009358,0.0795869159451464,23.0,1.2107303190418528,0.09999999999797637,,,,,0.3169684563150259,24.0,6.339369126300518,1.9166666666666667,1,False,2,1.0,True,False,0.6316853838479232,False,False,True,8.4,1.608872490863482,1.0
baseline,12.0,7,83.5999999999993,6,1.5,5.199999999999932,0.7999999999992724,1.0992526563187182,False,True,1.1470462500717058,0.1290959815820747,24.0,2.0235894926707605,1.349999999998019,1.833944950697444,23.0,0.5010006942781899,1.9130434782608696,0.5779358076414507,22.0,11.558716152829014,1.9090909090909092,2,False,3,-2.0,True,False,1.059975448541827,False,True,False,8.4,1.608872490863482,1.0
baseline,12.0,7,88.79999999999923,18,1.5,2.0000000000002274,5.199999999999932,1.308948143794984,False,True,1.3712790077852213,0.1280223862794314,22.0,1.7331194249477426,1.0499999999978087,1.7331194249477426,21.0,0.5185481193532948,1.9047619047619047,0.5185481193532948,21.0,10.370962387065896,1.9047619047619047,0,False,2,-1.0,False,True,0.909887698097565,False,False,True,8.4,1.608872490863482,1.0
baseline,12.0,7,95.69999999999884,15,1.1000000000004064,1.1000000000004064,4.09999999999954,1.0865211324678268,False,False,1.13590845667091,0.1034359615733258,23.0,2.0671407276205107,1.0499999999978087,2.0671407276205107,22.0,0.5903740112571687,1.9090909090909092,0.5903740112571687,22.0,11.807480225143374,1.9090909090909092,0,True,2,-1.0,False,True,1.0827880001821721,False,True,False,8.4,1.608872490863482,1.0
baseline,12.0,7,100.19999999999858,13,1.5,3.500000000000256,3.3999999999993378,1.3169193335836116,False,True,1.3767793032919575,0.1141169829414508,23.0,2.1349852915209877,1.049999999997823,2.1349852915209877,22.0,0.6097503733967815,1.9090909090909092,0.6097503733967815,22.0,12.19500746793563,1.9090909090909092,0,False,2,-1.0,False,True,1.1183256288919459,False,True,False,8.4,1.608872490863482,1.0
baseline,12.0,7,105.49999999999817,25,1.5,2.700000000000415,1.7999999999993292,1.3837195581600439,False,True,1.446615901712773,0.1629682721688167,23.0,1.8593692244712303,1.0499999999979082,1.8593692244712303,22.0,0.5310346087190698,1.9090909090909092,0.5310346087190698,22.0,10.620692174381396,1.9090909090909092,0,False,2,-1.0,False,True,0.9739553080563587,False,False,True,8.4,1.608872490863482,1.0
baseline,12.0,7,120.1999999999979,19,1.5,7.999999999999986,6.699999999999733,1.0105171066314822,False,True,1.054452633006764,0.0291328846230432,24.0,1.9915049500117936,1.0499999999973397,1.9915049500117936,23.0,0.5440432452647617,1.9130434782608696,0.5440432452647617,23.0,10.880864905295233,1.9130434782608696,0,False,2,-1.0,False,True,1.0410139511425285,False,True,False,8.4,1.608872490863482,1.0
baseline,12.0,7,129.2999999999974,18,0.6,0.49999999999940314,1.0999999999995111,1.069264655878153,True,False,1.115754423525029,0.1047609109556656,24.0,1.1162437617042802,0.049999999997766054,,,,,0.2922319334488001,24.0,5.844638668976002,1.9166666666666667,1,False,1,0.0,True,False,0.5823880495848418,False,False,True,8.4,1.608872490863482,1.0
baseline,12.0,7,129.7999999999968,2,1.5,7.500000000000597,0.49999999999940314,1.0639688132274463,False,True,1.110228326846031,0.09277584991016,24.0,1.8644100659756695,1.049999999998704,1.6569073595874502,23.0,0.4526372163964169,1.9130434782608696,0.5324742696861842,22.0,10.649485393723683,1.9090909090909092,1,False,3,-2.0,True,False,0.9765957488443983,False,False,True,8.4,1.608872490863482,1.0
baseline,12.0,7,137.99999999999736,18,1.5,8.0,0.20000000000055707,1.1336420306471575,False,True,1.1829308145883382,0.1938046325078796,24.0,1.5821343923322566,1.4500000000001023,1.4865007904912957,23.0,0.4060852141706847,1.9130434782608696,0.4322105899080668,23.0,8.644211798161336,1.9130434782608696,2,True,2,-1.0,False,False,0.8270247959918614,False,False,True,8.4,1.608872490863482,1.0
baseline,12.0,7,150.09999999999576,22,0.6,0.10000000000044906,4.099999999998403,1.0151171793221023,True,False,1.059252708857846,0.0462448844144524,24.0,1.0588270544008365,4.121147867408581e-12,,,,,0.2772002746273156,24.0,5.5440054925463125,1.9166666666666667,1,False,1,0.0,True,False,0.5524315066439146,False,False,True,8.4,1.608872490863482,1.0
baseline,12.0,7,150.1999999999962,13,1.5,3.1999999999997044,0.10000000000044906,1.014284366236686,False,True,1.0583836865078464,0.045387443373263,24.0,1.932217678356727,0.8500000000038881,1.932217678356727,23.0,0.5278470316053756,1.9130434782608696,0.5278470316053756,23.0,10.556940632107512,1.9130434782608696,1,False,3,-1.0,True,False,1.0100228773228346,True,False,False,8.4,1.608872490863482,1.0
baseline,12.0,7,153.3999999999959,2,0.6,0.20000000000010232,3.1999999999997044,1.3334783120208438,True,False,1.3969772792599315,0.1844821014088489,22.0,1.3834465746887392,4.718003765447065e-12,,,,,0.3951114177887369,22.0,7.902228355774738,1.9090909090909092,1,False,1,0.0,True,False,0.7246624915036253,False,False,True,8.4,1.608872490863482,1.0
B2,12.0,7,23.30000000000006,4,1.5,1.7000000000000242,7.500000000000073,1.0347159924030618,False,True,1.0797036442466732,0.041812711120101,24.0,1.8204029582490504,0.9500000000001485,1.8204029582490504,23.0,0.4973012661050733,1.9130434782608696,0.4973012661050733,23.0,9.946025322101466,1.9130434782608696,0,False,2,-1.0,False,True,0.9515742736301854,False,False,True,8.4,1.608872490863482,1.0
B2,12.0,7,25.000000000000085,6,1.5,3.600000000000051,1.7000000000000242,1.44008870158181,False,True,1.5055472789264377,0.1159287812676142,23.0,2.216596573661928,1.1000000000001542,2.2048690564533637,22.0,0.6297091299892132,1.9090909090909092,0.6330585010716927,22.0,12.661170021433854,1.9090909090909092,0,False,2,-1.0,False,True,1.1610743957276766,False,True,False,8.4,1.608872490863482,1.0
B2,12.0,7,28.600000000000136,25,0.6,0.30000000000000426,3.600000000000051,1.5157715528195106,True,False,1.5879511505728208,0.1984282793531787,22.0,1.5866238635588323,1.3500311979441904e-13,,,,,0.453138715796971,22.0,9.06277431593942,1.9090909090909092,1,False,1,0.0,True,False,0.8310886904355788,False,False,True,8.4,1.608872490863482,1.0
B2,12.0,7,28.90000000000014,16,1.5,2.3999999999999204,0.30000000000000426,1.473911826495619,False,True,1.5440981039477912,0.177150872927771,22.0,1.94282059396952,0.7000000000001485,1.9403916379497617,21.0,0.580563820463813,1.9047619047619047,0.5812905624054858,21.0,11.625811248109716,1.9047619047619047,1,False,3,-1.0,True,False,1.0199808118339981,True,False,False,8.4,1.608872490863482,1.0
B2,12.0,7,38.80000000000028,2,1.5,6.600000000000094,1.9000000000001407,1.1099159083159724,False,True,1.1581731217210147,0.1194216887398728,24.0,2.011034181662931,1.0999999999995893,2.00057121538011,23.0,0.5465199854975094,1.9130434782608696,0.5493782792374109,23.0,10.987565584748218,1.9130434782608696,0,False,2,-1.0,False,True,1.0512224131419865,False,True,False,8.4,1.608872490863482,1.0
B2,12.0,7,45.400000000000375,9,1.3999999999999062,1.3999999999999062,6.600000000000094,1.42894077736456,False,False,1.493892630881131,0.1800553441530709,23.0,1.7443342786256113,1.0499999999991232,1.7443342786256113,22.0,0.4981807050122793,1.9090909090909092,0.4981807050122793,22.0,9.963614100245586,1.9090909090909092,0,False,2,-1.0,False,True,0.9136989078515106,False,False,True,8.4,1.608872490863482,1.0
B2,12.0,7,49.80000000000044,8,0.6,0.09999999999988773,3.0000000000001563,1.1642974256055454,True,False,1.2172200358603429,0.1421966222730902,23.0,1.2270102861527838,0.5999999999988432,,,,,0.335197087031017,23.0,6.7039417406203405,1.9130434782608696,1,True,1,0.0,True,False,0.6413917404889552,False,False,True,8.4,1.608872490863482,1.0
B2,12.0,7,49.900000000000325,6,1.5,3.5000000000000497,0.09999999999988773,1.162359683111498,False,True,1.2151942141620204,0.1421310221520645,23.0,2.249941544615332,0.9499999999989228,2.249941544615332,22.0,0.6425818025063634,1.9090909090909092,0.6425818025063634,22.0,12.851636050127269,1.9090909090909092,1,False,3,-1.0,True,False,1.1785408090842215,False,True,False,8.4,1.608872490863482,1.0
B2,12.0,7,53.70000000000049,7,1.5,2.900000000000034,0.30000000000011795,1.9993977980983553,False,True,2.0946072170554197,0.3016595980282854,22.0,2.0897576845738937,0.04999999999859028,1.931625663621308,21.0,0.5779410470779247,1.9047619047619047,0.5968333990581964,22.0,11.936667981163929,1.9090909090909092,1,False,2,0.0,True,False,1.0946349776339444,False,True,False,8.4,1.608872490863482,1.0
B2,12.0,7,56.60000000000053,21,1.1999999999999105,1.1999999999999105,2.900000000000034,1.6975739243880732,False,False,1.782452620607477,0.276075808399541,21.0,1.8472679020896392,0.29999999999837,1.6111120629547453,20.0,0.5061457821088524,1.9,0.5527012638492419,21.0,11.054025276984838,1.9047619047619047,0,False,2,0.0,True,True,0.9698156485970606,False,False,True,8.4,1.608872490863482,1.0
B2,12.0,7,74.80000000000003,19,1.5,7.999999999999432,10.199999999999491,1.0296601586863483,False,True,1.0744279916727113,0.041990395731224,24.0,1.944876363245116,1.0499999999978087,1.944876363245116,23.0,0.5313051560792426,1.9130434782608696,0.5313051560792426,23.0,10.626103121584851,1.9130434782608696,0,False,2,-1.0,False,True,1.016639917150856,True,False,False,8.4,1.608872490863482,1.0
B2,12.0,7,82.79999999999946,7,0.7999999999998408,0.7999999999998408,7.999999999999432,1.194719245618428,False,False,1.2490246658738111,0.1174081823630525,23.0,1.303506888676461,0.14999999999797353,,,,,0.3412573054474714,24.0,6.825146108949428,1.9166666666666667,1,False,2,1.0,True,False,0.6800905506138056,False,False,True,8.4,1.608872490863482,1.0
B2,12.0,7,83.5999999999993,6,1.5,5.199999999999932,0.7999999999992724,1.1927149480371042,False,True,1.2445721196908912,0.138947848654907,24.0,1.7810032201106023,0.2999999999980787,1.780844738800905,23.0,0.4864946737913875,1.9130434782608696,0.4865379680277595,23.0,9.73075936055519,1.9130434782608696,2,False,3,-1.0,True,False,0.9309789559669057,False,False,True,8.4,1.608872490863482,1.0
B2,12.0,7,88.79999999999923,18,1.5,2.0000000000002274,5.199999999999932,1.4567725988847329,False,True,1.5261427226411488,0.1730980004428415,22.0,1.6496849332103447,1.0499999999978087,1.6496849332103447,21.0,0.4935845778010845,1.9047619047619047,0.4935845778010845,21.0,9.87169155602169,1.9047619047619047,0,False,2,-1.0,False,True,0.866084589935431,False,False,True,8.4,1.608872490863482,1.0
B2,12.0,7,95.69999999999884,15,1.1000000000004064,1.1000000000004064,4.09999999999954,1.061175951021148,False,False,1.1094112215221092,0.0605136190733919,23.0,1.8189710354361115,1.0499999999978087,1.8189710354361115,22.0,0.5194969129107916,1.9090909090909092,0.5194969129107916,22.0,10.389938258215832,1.9090909090909092,0,True,2,-1.0,False,True,0.952794351895106,False,False,True,8.4,1.608872490863482,1.0
B2,12.0,7,100.19999999999858,13,1.5,3.500000000000256,3.3999999999993378,1.2778001131415988,False,True,1.335881936466217,0.1454900277718978,23.0,2.345949409106334,1.049999999997823,2.345949409106334,22.0,0.670001584485616,1.9090909090909092,0.670001584485616,22.0,13.40003168971232,1.9090909090909092,0,False,2,-1.0,False,True,1.2288306428652227,False,True,False,8.4,1.608872490863482,1.0
B2,12.0,7,105.49999999999817,25,1.5,2.700000000000415,1.7999999999993292,1.4925204381007657,False,True,1.5603622761962552,0.2177277365618063,23.0,1.750360941726184,1.0499999999979082,1.750360941726184,22.0,0.4999019159688629,1.9090909090909092,0.4999019159688629,22.0,9.998038319377258,1.9090909090909092,0,False,2,-1.0,False,True,0.9168557313803821,False,False,True,8.4,1.608872490863482,1.0
B2,12.0,7,120.1999999999979,19,1.5,7.999999999999986,6.699999999999733,1.0107402002388848,False,True,1.0546854263362275,0.0329854504472468,24.0,1.9638062475995504,1.0999999999973369,1.9635411755399408,23.0,0.5364040462693342,1.9130434782608696,0.5364764591767379,23.0,10.729529183534758,1.9130434782608696,0,False,2,-1.0,False,True,1.0265350839724923,False,True,False,8.4,1.608872490863482,1.0
B2,12.0,7,129.2999999999974,18,0.6,0.49999999999940314,1.0999999999995111,1.1442400036166835,True,False,1.193989568991322,0.1178354340644224,24.0,1.209763172017639,0.5499999999978797,,,,,0.3167152578161749,24.0,6.334305156323498,1.9166666666666667,1,True,1,0.0,True,False,0.6311807854005073,False,False,True,8.4,1.608872490863482,1.0
B2,12.0,7,129.7999999999968,2,1.5,7.500000000000597,0.49999999999940314,1.154664865625706,False,True,1.2048676858703018,0.1058006989367383,24.0,1.903796063558021,0.5999999999986017,1.897810539518288,23.0,0.5184476216396465,1.9130434782608696,0.5200827588875692,23.0,10.401655177751383,1.9130434782608696,1,False,3,-1.0,True,False,0.9951661241326017,True,False,False,8.4,1.608872490863482,1.0
B2,12.0,7,137.99999999999736,18,1.5,8.0,0.20000000000055707,1.301451697545099,False,True,1.3580365539601031,0.2450507402116876,24.0,1.9397948329112975,1.4500000000001023,1.8013773141490288,23.0,0.4921038031716436,1.9130434782608696,0.5299169736126585,23.0,10.598339472253171,1.9130434782608696,2,True,2,-1.0,False,False,1.0139836626581782,True,False,False,8.4,1.608872490863482,1.0
B2,12.0,7,150.09999999999576,22,0.6,0.10000000000044906,4.099999999998403,1.3702196492440555,True,False,1.4297944166024927,0.2045403861920902,24.0,1.424555535493888,4.121147867408581e-12,,,,,0.3729477670781893,24.0,7.458955341563786,1.9166666666666667,1,False,1,0.0,True,False,0.7432463663446371,False,False,True,8.4,1.608872490863482,1.0
B2,12.0,7,150.1999999999962,13,1.5,3.1999999999997044,0.10000000000044906,1.3600244967364743,False,True,1.419155996594582,0.2038413015551135,24.0,2.499148316904462,0.8500000000038881,2.499148316904462,23.0,0.682722260227683,1.9130434782608696,0.682722260227683,23.0,13.65444520455366,1.9130434782608696,1,False,3,-1.0,True,False,1.3063729838364233,False,True,False,8.4,1.608872490863482,1.0
B2,12.0,7,153.3999999999959,2,0.6,0.20000000000010232,3.1999999999997044,1.8426318278056135,True,False,1.9303762005582616,0.3396643347937377,22.0,1.929430636755009,4.718003765447065e-12,,,,,0.5510441012764193,22.0,11.020882025528387,1.9090909090909092,1,False,1,0.0,True,False,1.0106541430621474,True,False,False,8.4,1.608872490863482,1.0
baseline,12.0,0,52.600000000000506,22,1.5,8.0,27.20000000000053,0.9898553359392736,False,True,1.0328925244583724,0.0232557330229416,24.0,1.855745232476592,0.24999999999862865,1.855745232476592,23.0,0.5069561381984995,1.9130434782608696,0.5069561381984995,23.0,10.13912276396999,1.9130434782608696,0,False,2,-1.0,False,True,0.9700486442491276,False,False,True,10.4,1.9919373696405014,0.25
baseline,12.0,0,66.80000000000048,2,1.5,5.09999999999971,6.199999999999974,0.9931058457307268,False,True,1.0362843607624976,0.0339310732983541,24.0,1.9013492261673124,0.2999999999978513,1.9013492261673124,23.0,0.5194143270292058,1.9130434782608696,0.5194143270292058,23.0,10.388286540584115,1.9130434782608696,0,False,2,-1.0,False,True,0.9938870954965496,True,False,False,10.4,1.9919373696405014,0.25
baseline,12.0,0,71.90000000000019,15,1.5,2.90000000000029,5.09999999999971,1.0764038225827612,False,True,1.1253312690637958,0.0610176623145445,23.0,1.8586805829016075,0.2999999999978513,1.8586805829016075,22.0,0.5308379331466986,1.9090909090909092,0.5308379331466986,22.0,10.616758662933972,1.9090909090909092,0,False,2,-1.0,False,True,0.9735945910436992,False,False,True,10.4,1.9919373696405014,0.25
baseline,12.0,0,75.39999999999999,24,1.5,3.099999999999824,0.5999999999995111,1.1765390619779181,False,True,1.2300181102496417,0.1514605686024157,23.0,1.927127273937878,0.2999999999978513,1.927127273937878,22.0,0.5503862623941602,1.9090909090909092,0.5503862623941602,22.0,11.007725247883204,1.9090909090909092,1,False,2,-1.0,False,False,1.0094476196817455,True,False,False,10.4,1.9919373696405014,0.25
baseline,12.0,0,78.49999999999982,5,0.6,0.10000000000002274,3.099999999999824,1.1127006773557886,True,False,1.1656864238965403,0.0724620584443013,22.0,1.8555983080221428,0.4499999999978428,1.7716190372760812,21.0,0.5300671764253675,1.9047619047619047,0.5829534012496014,20.0,11.659068024992028,1.9,1,False,3,-2.0,True,False,0.9766306884327067,False,False,True,10.4,1.9919373696405014,0.25
baseline,12.0,0,78.59999999999984,21,1.3000000000003524,1.3000000000003524,0.10000000000002274,1.0983148460398535,False,False,1.1506155529941322,0.0687863564780383,22.0,1.8555983080221428,0.34999999999782005,1.7716190372760812,21.0,0.5300671764253675,1.9047619047619047,0.5829534012496014,20.0,11.659068024992028,1.9,1,False,3,-2.0,True,False,0.9766306884327067,False,False,True,10.4,1.9919373696405014,0.25
baseline,12.0,0,85.29999999999943,12,1.2000000000003865,1.2000000000003865,1.8999999999994373,1.128166438666691,False,False,1.1818886500317716,0.1180608418564264,22.0,1.7500479384250138,0.2999999999978513,1.7500479384250138,21.0,0.5236131187415225,1.9047619047619047,0.5236131187415225,21.0,10.47226237483045,1.9047619047619047,0,False,2,-1.0,False,True,0.9187751676731323,False,False,True,10.4,1.9919373696405014,0.25
baseline,12.0,0,101.89999999999849,8,1.5,2.6999999999998323,8.599999999999042,0.9840957721319309,False,True,1.0268825448333192,0.0181659666220709,24.0,1.9578790354122595,0.2999999999978513,1.9578790354122595,23.0,0.5348572516755326,1.9130434782608696,0.5348572516755326,23.0,10.697145033510651,1.9130434782608696,0,False,2,-1.0,False,True,1.0234367685109538,False,True,False,10.4,1.9919373696405014,0.25
baseline,12.0,0,104.59999999999832,23,1.3999999999999204,1.3999999999999204,2.6999999999998323,1.2327307340462772,False,False,1.2887639492301988,0.1000019693489117,23.0,1.7874699091367652,0.29999999999786553,1.7874699091367652,22.0,0.5105002122778979,1.9090909090909092,0.5105002122778979,22.0,10.210004245557958,1.9090909090909092,0,False,2,-1.0,False,True,0.9362937619287818,False,False,True,10.4,1.9919373696405014,0.25
baseline,12.0,0,105.99999999999824,7,1.5,3.9000000000002473,1.3999999999999204,1.470019208867307,False,True,1.540020123575274,0.1386687851145653,22.0,2.086342841548636,0.3499999999978627,2.084070141522321,21.0,0.623552328206892,1.9047619047619047,0.6242323184646521,21.0,12.484646369293042,1.9047619047619047,0,False,2,-1.0,False,True,1.095329991813034,False,True,False,10.4,1.9919373696405014,0.25
baseline,12.0,0,112.69999999999833,23,1.299999999999912,1.299999999999912,0.10000000000000853,1.1365018895144419,False,False,1.1881610663105528,0.1664438992635572,23.0,1.1852393171409,0.04999999999741078,1.1310193363962278,22.0,0.3230183671173083,1.9090909090909092,0.3237860114326638,23.0,6.475720228653276,1.9130434782608696,1,False,2,0.0,True,False,0.6195569157781977,False,False,True,10.4,1.9919373696405014,0.25
baseline,12.0,0,115.19999999999764,22,1.5,5.500000000000682,1.199999999999406,1.0845690386293583,False,True,1.1338676312943292,0.1248402248105248,23.0,2.072471867969186,0.2999999999979366,2.072471867969186,22.0,0.5918965813803192,1.9090909090909092,0.5918965813803192,22.0,11.837931627606384,1.9090909090909092,0,False,2,-1.0,False,True,1.0855805022695737,False,True,False,10.4,1.9919373696405014,0.25
baseline,12.0,0,121.59999999999737,25,1.5,1.6000000000002785,0.8999999999990393,1.1493907649913582,False,True,1.2016357997636926,0.1458492951714788,23.0,2.077352481119475,0.24999999999785416,2.077352481119475,22.0,0.5932904812364974,1.9090909090909092,0.5932904812364974,22.0,11.865809624729948,1.9090909090909092,1,False,2,-1.0,False,False,1.0881370139197248,False,True,False,10.4,1.9919373696405014,0.25
baseline,12.0,0,134.29999999999666,20,1.5,6.100000000000108,4.6999999999993065,1.0120927439732945,False,True,1.0560967763199596,0.0572657087798578,24.0,1.9793154889773088,0.24999999999968736,1.9793154889773088,23.0,0.5407133042876175,1.9130434782608696,0.5407133042876175,23.0,10.814266085752351,1.9130434782608696,0,False,2,-1.0,False,True,1.034642187419957,False,True,False,10.4,1.9919373696405014,0.25
baseline,12.0,0,140.39999999999677,2,0.8999999999999488,0.8999999999999488,6.100000000000108,1.085524528671726,False,False,1.134866552702259,0.0631951116617779,23.0,1.752846720908863,0.3000000000009777,1.7528009298173215,22.0,0.5005987749381324,1.9090909090909092,0.5006118528432948,22.0,10.012237056865896,1.9090909090909092,0,False,2,-1.0,False,True,0.9181578061903567,False,False,True,10.4,1.9919373696405014,0.25
baseline,12.0,0,141.29999999999671,8,0.9999999999999432,0.9999999999999432,0.8999999999999488,1.6013312880030923,False,False,1.6775851588603825,0.1552395139265171,22.0,1.7882919628576572,0.25000000000122213,1.7882919628576572,21.0,0.5350557040940274,1.9047619047619047,0.5350557040940274,21.0,10.701114081880547,1.9047619047619047,1,False,2,-1.0,False,False,0.9388532805002701,False,False,True,10.4,1.9919373696405014,0.25
baseline,12.0,0,142.8999999999962,19,1.5,5.500000000000568,0.5999999999995396,1.3149509596367428,False,True,1.377567672000397,0.179946948183936,22.0,1.5546575506764564,0.20000000000209184,1.5546575506764564,21.0,0.4651524514336245,1.9047619047619047,0.4651524514336245,21.0,9.30304902867249,1.9047619047619047,1,False,2,-1.0,False,False,0.8161952141051396,False,False,True,10.4,1.9919373696405014,0.25
B2,12.0,0,52.600000000000506,22,1.5,8.0,27.20000000000053,1.0535313543278093,False,True,1.09933706538554,0.0671801641200884,24.0,2.019934399771098,0.2999999999986258,2.019031864065567,23.0,0.5515631018706166,1.9130434782608696,0.5518096583525383,23.0,11.036193167050765,1.9130434782608696,0,False,2,-1.0,False,True,1.0558747998803466,False,True,False,10.4,1.9919373696405014,0.25
B2,12.0,0,66.80000000000048,2,1.5,5.09999999999971,6.199999999999974,1.0951399470726568,False,True,1.1427547273801637,0.084671782899349,24.0,1.9972572781687965,0.2999999999978513,1.9972572781687965,23.0,0.5456146776020727,1.9130434782608696,0.5456146776020727,23.0,10.912293552041454,1.9130434782608696,0,False,2,-1.0,False,True,1.0440208499518708,False,True,False,10.4,1.9919373696405014,0.25
B2,12.0,0,71.90000000000019,15,1.5,2.90000000000029,5.09999999999971,1.2749554636414608,False,True,1.3329079847160727,0.1517512410360316,23.0,1.7174487045832667,0.3499999999978485,1.716968302174131,22.0,0.4903650004142537,1.9090909090909092,0.4905022030214634,22.0,9.810044060429268,1.9090909090909092,0,False,2,-1.0,False,True,0.8996159881150444,False,False,True,10.4,1.9919373696405014,0.25
B2,12.0,0,75.39999999999999,24,1.5,3.099999999999824,0.5999999999995111,1.1918599782070693,False,True,1.2460354317619362,0.1582267756065985,23.0,2.324850158113536,0.2999999999978513,2.324850158113536,22.0,0.6639756524933231,1.9090909090909092,0.6639756524933231,22.0,13.279513049866463,1.9090909090909092,1,False,2,-1.0,False,False,1.2177786542499474,False,True,False,10.4,1.9919373696405014,0.25
B2,12.0,0,78.49999999999982,5,0.6,0.10000000000002274,3.099999999999824,1.4766064865374084,True,False,1.546921081134428,0.2040584023756861,22.0,2.069853201637732,0.4499999999978428,1.8359237553270884,21.0,0.549307103074911,1.9047619047619047,0.6502635612274412,20.0,13.005271224548824,1.9,1,False,3,-2.0,True,False,1.0893964219145957,False,True,False,10.4,1.9919373696405014,0.25
B2,12.0,0,78.59999999999984,21,1.3000000000003524,1.3000000000003524,0.10000000000002274,1.4581180730807255,False,False,1.5275522670369506,0.2030794688058958,22.0,2.069853201637732,0.34999999999782005,1.8359237553270884,21.0,0.549307103074911,1.9047619047619047,0.6502635612274412,20.0,13.005271224548824,1.9,1,False,3,-2.0,True,False,1.0893964219145957,False,True,False,10.4,1.9919373696405014,0.25
B2,12.0,0,85.29999999999943,12,1.2000000000003865,1.2000000000003865,1.8999999999994373,1.3221861430469888,False,False,1.3851473879539884,0.2118037530743587,22.0,1.3802711287347091,0.04999999999786553,1.3669190427732876,21.0,0.4089812212217669,1.9047619047619047,0.3942045125450049,22.0,7.884090250900098,1.9090909090909092,0,False,2,0.0,True,True,0.7229991626705619,False,False,True,10.4,1.9919373696405014,0.25
B2,12.0,0,101.89999999999849,8,1.5,2.6999999999998323,8.599999999999042,1.1196851172886577,False,True,1.1683670789099037,0.1124841186688366,24.0,1.7708233504779158,0.2999999999978513,1.7708233504779158,23.0,0.4837570111884073,1.9130434782608696,0.4837570111884073,23.0,9.675140223768146,1.9130434782608696,0,False,2,-1.0,False,True,0.9256576604770923,False,False,True,10.4,1.9919373696405014,0.25
B2,12.0,0,104.59999999999832,23,1.3999999999999204,1.3999999999999204,2.6999999999998323,1.074563836856132,False,False,1.1234076476223198,0.0963067922829069,23.0,2.099853224988509,0.29999999999786553,2.099853224988509,22.0,0.5997166786582486,1.9090909090909092,0.5997166786582486,22.0,11.994333573164973,1.9090909090909092,0,False,2,-1.0,False,True,1.0999231178511237,False,True,False,10.4,1.9919373696405014,0.25
B2,12.0,0,105.99999999999824,7,1.5,3.9000000000002473,1.3999999999999204,1.408499907739708,False,True,1.4755713319177892,0.1748164464887915,22.0,1.7454459093849917,0.29999999999786553,1.7454459093849917,21.0,0.5222361948725949,1.9047619047619047,0.5222361948725949,21.0,10.444723897451897,1.9047619047619047,0,False,2,-1.0,False,True,0.9163591024271207,False,False,True,10.4,1.9919373696405014,0.25
B2,12.0,0,112.69999999999833,23,1.299999999999912,1.299999999999912,0.10000000000000853,1.3192950544569988,False,False,1.3792630114777715,0.1996264309756684,23.0,1.3776758440428885,0.04999999999741078,1.3080992972944518,22.0,0.3735922856860201,1.9090909090909092,0.3763562009281092,23.0,7.5271240185621835,1.9130434782608696,1,False,2,0.0,True,False,0.7201487366587825,False,False,True,10.4,1.9919373696405014,0.25
B2,12.0,0,115.19999999999764,22,1.5,5.500000000000682,1.199999999999406,1.2179276514487276,False,True,1.2732879992418515,0.1794152590403524,23.0,2.317535555474912,0.2999999999979366,2.317535555474912,22.0,0.6618866068648295,1.9090909090909092,0.6618866068648295,22.0,13.23773213729659,1.9090909090909092,0,False,2,-1.0,False,True,1.213947195724954,False,True,False,10.4,1.9919373696405014,0.25
B2,12.0,0,121.59999999999737,25,1.5,1.6000000000002785,0.8999999999990393,1.31320872996158,False,True,1.3729000358689245,0.1858263946092861,23.0,2.5805147537075723,0.24999999999785416,2.5805147537075723,22.0,0.7369932902479803,1.9090909090909092,0.7369932902479803,22.0,14.739865804959607,1.9090909090909092,1,False,2,-1.0,False,False,1.3516982043230141,False,True,False,10.4,1.9919373696405014,0.25
B2,12.0,0,134.29999999999666,20,1.5,6.100000000000108,4.6999999999993065,1.293416705173762,False,True,1.3496522140943603,0.1924732585949258,24.0,1.9007553637267036,0.24999999999968736,1.9007553637267036,23.0,0.519252094517844,1.9130434782608696,0.519252094517844,23.0,10.38504189035688,1.9130434782608696,0,False,2,-1.0,False,True,0.9935766674025951,True,False,False,10.4,1.9919373696405014,0.25
B2,12.0,0,140.39999999999677,2,0.8999999999999488,0.8999999999999488,6.100000000000108,1.1744176108375064,False,False,1.2278002295119383,0.1494618502808034,23.0,2.342176918439148,0.25000000000096634,2.342176918439148,22.0,0.6689241636705461,1.9090909090909092,0.6689241636705461,22.0,13.378483273410922,1.9090909090909092,0,False,2,-1.0,False,True,1.226854576325268,False,True,False,10.4,1.9919373696405014,0.25
B2,12.0,0,141.29999999999671,8,0.9999999999999432,0.9999999999999432,0.8999999999999488,2.035221691626472,False,False,2.1321370102753514,0.2848804249145563,22.0,2.1138932756762268,1.1652900866465643e-12,1.7605900826692245,21.0,0.5267673209234935,1.9047619047619047,0.6037265077579361,22.0,12.074530155158723,1.9090909090909092,1,False,2,0.0,True,False,1.1072774301161188,False,True,False,10.4,1.9919373696405014,0.25
B2,12.0,0,142.8999999999962,19,1.5,5.500000000000568,0.5999999999995396,1.643163676190077,False,True,1.7214095655324615,0.3060326685384635,22.0,1.7248411458604207,2.0463630789890885e-12,1.6477925877110535,21.0,0.4930183893516915,1.9047619047619047,0.4926134793131362,22.0,9.852269586262723,1.9090909090909092,1,False,2,0.0,True,False,0.9034882192602204,False,False,True,10.4,1.9919373696405014,0.25
baseline,12.0,1,24.100000000000072,18,0.6,0.40000000000000924,inf,0.959330518386401,True,False,1.0010405409249403,0.0007814025109961,24.0,1.918143110841065,0.20000000000013785,1.918143110841065,23.0,0.5240021135262749,1.9130434782608696,0.5240021135262749,23.0,10.480042270525498,1.9130434782608696,1,False,2,-1.0,False,False,1.0026657170305566,True,False,False,10.4,1.9919373696405014,0.25
baseline,12.0,1,24.50000000000008,13,0.6,0.40000000000000213,0.40000000000000924,1.8288350399375668,True,False,1.9119639053892743,0.1944359453216256,23.0,1.9119639053892743,1.3145040611561853e-13,1.8349722548987333,22.0,0.5240668505028143,1.9090909090909092,0.5223140660086778,23.0,10.446281320173556,1.9130434782608696,2,False,2,0.0,True,False,0.9994356778171206,True,False,False,10.4,1.9919373696405014,0.25
baseline,12.0,1,24.900000000000084,7,1.5,3.2000000000000455,0.40000000000000213,1.7486491864640903,False,True,1.8319181953433328,0.2550152145340008,22.0,1.82206410158866,1.3500311979441904e-13,1.748865554432774,21.0,0.5232593502783089,1.9047619047619047,0.5203802905382382,22.0,10.407605810764764,1.9090909090909092,2,False,2,0.0,True,False,0.9544145294035838,False,False,True,10.4,1.9919373696405014,0.25
baseline,12.0,1,28.10000000000013,19,1.5,3.999999999999943,3.2000000000000455,1.0951400125964064,False,True,1.1498970132262267,0.0994828646201113,21.0,1.9785005280898469,0.20000000000013785,1.9785005280898469,20.0,0.6215642724170589,1.9,0.6215642724170589,20.0,12.431285448341178,1.9,0,False,2,-1.0,False,True,1.041316067415709,False,True,False,10.4,1.9919373696405014,0.25
baseline,12.0,1,34.30000000000022,24,1.5,1.799999999999912,1.4000000000001336,1.1600460101340238,False,True,1.2127753742310248,0.1391816139797795,23.0,1.975905965190156,0.2999999999999545,1.975905965190156,22.0,0.5643174240386948,1.9090909090909092,0.5643174240386948,22.0,11.286348480773896,1.9090909090909092,0,False,2,-1.0,False,True,1.0349983627186532,False,True,False,10.4,1.9919373696405014,0.25
baseline,12.0,1,36.80000000000025,5,1.5,1.900000000000027,0.7000000000001236,1.427745044514009,False,True,1.4926425465373732,0.201827392659455,23.0,1.748813491074637,0.3999999999997641,1.7446530210157547,22.0,0.4982717376260304,1.9090909090909092,0.4994599650962543,22.0,9.989199301925085,1.9090909090909092,1,False,2,-1.0,False,False,0.9160451619914765,False,False,True,10.4,1.9919373696405014,0.25
baseline,12.0,1,38.70000000000028,4,1.4999999999999076,1.4999999999999076,1.900000000000027,1.3208802450929116,False,False,1.3837793043830502,0.1594991577514942,22.0,2.406402502343485,0.2999999999996419,2.406402502343485,21.0,0.7199939450421322,1.9047619047619047,0.7199939450421322,21.0,14.399878900842644,1.9047619047619047,0,False,2,-1.0,False,True,1.2633613137303297,False,True,False,10.4,1.9919373696405014,0.25
baseline,12.0,1,40.20000000000019,7,0.6,0.20000000000011653,1.4999999999999076,1.4509231886869576,True,False,1.5234693481213055,0.2244652345265507,21.0,2.527173567675028,0.44999999999964047,2.460919184363649,20.0,0.7731205630675024,1.9,0.7939349914554175,20.0,15.87869982910835,1.9,2,False,3,-1.0,True,False,1.3300913514079096,False,True,False,10.4,1.9919373696405014,0.25
baseline,12.0,1,40.400000000000304,14,0.6,0.30000000000000426,0.20000000000011653,1.5206027907078987,True,False,1.5966329302432938,0.2282106511854127,21.0,2.527173567675028,0.24999999999952394,2.460919184363649,20.0,0.7731205630675024,1.9,0.7939349914554175,20.0,15.87869982910835,1.9,2,False,3,-1.0,True,False,1.3300913514079096,False,True,False,10.4,1.9919373696405014,0.25
baseline,12.0,1,40.70000000000031,17,1.5,1.599999999999909,0.30000000000000426,2.2765965394593515,False,True,2.403074124984871,0.4094099880981512,19.0,2.415360322792224,0.04999999999951399,2.259636492766388,18.0,0.78876193393981,1.8888888888888888,0.7987450785111916,19.0,15.974901570223832,1.894736842105263,2,False,2,0.0,True,False,1.274773503695896,False,True,False,10.4,1.9919373696405014,0.25
baseline,12.0,1,55.80000000000052,15,1.5,5.10000000000008,7.100000000000215,1.0330613616133337,False,True,1.0779770729878266,0.0526586635010067,24.0,1.8681477102537296,0.349999999998424,1.8673435327069752,23.0,0.5101245847026648,1.9130434782608696,0.5103442715090183,23.0,10.206885430180366,1.9130434782608696,0,False,2,-1.0,False,True,0.9765317576326313,False,False,True,10.4,1.9919373696405014,0.25
baseline,12.0,1,60.9000000000006,23,1.5,2.8999999999999204,5.10000000000008,1.0788011730485358,False,True,1.1278375900052875,0.0691782448233203,23.0,1.8884309176740648,0.2999999999980574,1.8884309176740648,22.0,0.5393346088887885,1.9090909090909092,0.5393346088887885,22.0,10.78669217777577,1.9090909090909092,0,False,2,-1.0,False,True,0.9891780997340339,True,False,False,10.4,1.9919373696405014,0.25
baseline,12.0,1,64.10000000000063,3,1.499999999999801,1.499999999999801,0.30000000000011084,1.2116501238368753,False,False,1.2667251294658242,0.1675665644517702,23.0,1.8321820142966443,0.39999999999784563,1.8274030467610016,22.0,0.5219050897138153,1.9090909090909092,0.5232699596503352,22.0,10.465399193006704,1.9090909090909092,1,False,2,-1.0,False,False,0.9597143884410994,False,False,True,10.4,1.9919373696405014,0.25
baseline,12.0,1,65.60000000000043,13,1.5,3.3000000000001677,1.499999999999801,1.528194597357178,False,True,1.6009657686599008,0.1752497228229172,22.0,1.7437784453569,0.24999999999796785,1.7437784453569,21.0,0.5217372908020446,1.9047619047619047,0.5217372908020446,21.0,10.434745816040891,1.9047619047619047,0,False,2,-1.0,False,True,0.9154836838123726,False,False,True,10.4,1.9919373696405014,0.25
baseline,12.0,1,69.20000000000034,21,0.8999999999999488,0.8999999999999488,0.29999999999974136,1.1458063206087958,False,False,1.2003685263520718,0.1617598231877002,22.0,2.0377841084906883,0.2999999999978513,2.0377841084906883,21.0,0.609703579508226,1.9047619047619047,0.609703579508226,21.0,12.19407159016452,1.9047619047619047,1,False,2,-1.0,False,False,1.0698366569576114,False,True,False,10.4,1.9919373696405014,0.25
baseline,12.0,1,70.10000000000029,11,1.5,2.000000000000341,0.8999999999999488,1.7067827391642518,False,True,1.7921218761224642,0.2075233738546574,21.0,1.9314224894556624,0.2999999999978513,1.9314224894556624,20.0,0.6067742703852019,1.9,0.6067742703852019,20.0,12.135485407704039,1.9,1,False,2,-1.0,False,False,1.0165381523450856,True,False,False,10.4,1.9919373696405014,0.25
baseline,12.0,1,76.59999999999981,14,0.6000000000005343,0.6000000000005343,2.9999999999993747,1.0843308915680545,False,False,1.135965695928438,0.1016997824302986,22.0,1.815618814369355,0.299999999997965,1.815618814369355,21.0,0.543231878946874,1.9047619047619047,0.543231878946874,21.0,10.86463757893748,1.9047619047619047,0,False,2,-1.0,False,True,0.9531998775439114,False,False,True,10.4,1.9919373696405014,0.25
baseline,12.0,1,82.8999999999998,23,1.5,1.7000000000000028,4.799999999999514,1.114077191770586,False,True,1.1647170641237945,0.0673414968525199,23.0,1.7610122559920156,0.39999999999760405,1.7604378091470974,22.0,0.5027798625743847,1.9090909090909092,0.5029439242096458,22.0,10.058878484192917,1.9090909090909092,0,False,2,-1.0,False,True,0.9224349912339129,False,False,True,10.4,1.9919373696405014,0.25
baseline,12.0,1,89.59999999999964,21,1.3000000000001677,1.3000000000001677,4.9999999999998295,1.0621258702885976,False,False,1.1104043189380794,0.0709484799220758,23.0,2.091382712857819,0.2499999999973994,2.091382712857819,22.0,0.5972975060508015,1.9090909090909092,0.5972975060508015,22.0,11.945950121016029,1.9090909090909092,0,False,2,-1.0,False,True,1.095486182925524,False,True,False,10.4,1.9919373696405014,0.25
baseline,12.0,1,94.09999999999891,9,1.5,2.4999999999998863,3.1999999999991076,1.155814306427816,False,True,1.208351320356353,0.0715293481105362,23.0,1.8429120998079225,0.3499999999978627,1.8427609095658044,22.0,0.5262912850740342,1.9090909090909092,0.5263344649062098,22.0,10.526689298124197,1.9090909090909092,0,False,2,-1.0,False,True,0.9653349094231974,False,False,True,10.4,1.9919373696405014,0.25
baseline,12.0,1,96.5999999999988,8,1.0000000000008384,1.0000000000008384,2.4999999999998863,1.152382763848834,False,False,1.2072581335559212,0.0843940067241482,22.0,2.2169048104664277,0.2999999999978371,2.2169048104664277,21.0,0.6632963682161144,1.9047619047619047,0.6632963682161144,21.0,13.265927364322287,1.9047619047619047,0,False,2,-1.0,False,True,1.1638750254948746,False,True,False,10.4,1.9919373696405014,0.25
baseline,12.0,1,99.99999999999837,7,0.6,0.20000000000067075,2.3999999999987267,1.3490699977132428,True,False,1.413311426175778,0.1736847153183758,22.0,2.3330318184902143,0.2999999999980787,2.3330318184902143,21.0,0.698041487767628,1.9047619047619047,0.698041487767628,21.0,13.96082975535256,1.9047619047619047,1,False,3,-1.0,True,False,1.2248417047073625,False,True,False,10.4,1.9919373696405014,0.25
baseline,12.0,1,100.19999999999904,11,1.5,1.8999999999998778,0.20000000000067075,1.3018132996183969,False,True,1.3638044091240349,0.1644563525285769,22.0,2.3330318184902143,0.09999999999740794,2.3330318184902143,21.0,0.698041487767628,1.9047619047619047,0.698041487767628,21.0,13.96082975535256,1.9047619047619047,1,False,3,-1.0,True,False,1.2248417047073625,False,True,False,10.4,1.9919373696405014,0.25
baseline,12.0,1,103.69999999999928,21,0.8999999999995225,0.8999999999995225,1.6000000000003638,1.4863311057904869,False,False,1.5606476610800113,0.2396566693243399,21.0,1.5839512108898917,0.24999999999695888,1.5626106517733926,20.0,0.4909086144032448,1.9,0.4739170940739372,21.0,9.478341881478743,1.9047619047619047,0,False,2,0.0,True,True,0.8315743857171932,False,False,True,10.4,1.9919373696405014,0.25
baseline,12.0,1,106.49999999999812,4,1.5,1.5000000000002416,1.8999999999993236,1.1688263554725264,False,True,1.2272676732461527,0.1462472558666608,21.0,2.274583592497219,0.2999999999979508,2.274583592497219,20.0,0.7145815104165143,1.9,0.7145815104165143,20.0,14.291630208330286,1.9,0,False,2,-1.0,False,True,1.1971492592090627,False,True,False,10.4,1.9919373696405014,0.25
baseline,12.0,1,114.499999999998,7,0.6999999999997186,0.6999999999997186,2.799999999998718,1.1599583938634044,False,False,1.21268377540265,0.1210307295571795,23.0,1.89735678516557,0.3499999999976211,,,,,0.5183236641317306,23.0,10.366473282634612,1.9130434782608696,1,False,2,0.0,True,False,0.9918001377001843,True,False,False,10.4,1.9919373696405014,0.25
baseline,12.0,1,115.19999999999771,22,1.5,7.300000000000281,0.6999999999995907,1.793818543486653,False,True,1.8753557500087736,0.2453396069315331,23.0,1.8622431564944997,0.04999999999787974,1.7769217697513506,22.0,0.5074876707140561,1.9090909090909092,0.5087312538818249,23.0,10.174625077636499,1.9130434782608696,2,False,2,0.0,True,False,0.9734452863493975,False,False,True,10.4,1.9919373696405014,0.25
baseline,12.0,1,133.69999999999737,7,1.5,8.0,10.499999999999659,1.0014552425798844,False,True,1.0449967748659663,0.0288807662296621,24.0,1.8297711986799632,0.2999999999988461,1.8290639549395276,23.0,0.4996672942420792,1.9130434782608696,0.4998605004802749,23.0,9.997210009605498,1.9130434782608696,0,False,2,-1.0,False,True,0.9564713084008898,False,False,True,10.4,1.9919373696405014,0.25
B2,12.0,1,24.100000000000072,18,0.6,0.40000000000000924,inf,0.959330518386401,True,False,1.0010405409249403,0.0007814025109961,24.0,1.918143110841065,0.20000000000013785,1.918143110841065,23.0,0.5240021135262749,1.9130434782608696,0.5240021135262749,23.0,10.480042270525498,1.9130434782608696,1,False,2,-1.0,False,False,1.0026657170305566,True,False,False,10.4,1.9919373696405014,0.25
B2,12.0,1,24.50000000000008,13,0.6,0.40000000000000213,0.40000000000000924,1.8288350399375668,True,False,1.9119639053892743,0.1944359453216256,23.0,1.9119639053892743,1.3145040611561853e-13,1.8349722548987333,22.0,0.5240668505028143,1.9090909090909092,0.5223140660086778,23.0,10.446281320173556,1.9130434782608696,2,False,2,0.0,True,False,0.9994356778171206,True,False,False,10.4,1.9919373696405014,0.25
B2,12.0,1,24.900000000000084,7,1.5,3.2000000000000455,0.40000000000000213,1.7486491864640903,False,True,1.8319181953433328,0.2550152071437497,22.0,1.8220444008953212,1.3500311979441904e-13,1.7506968369895497,21.0,0.5238072687380244,1.9047619047619047,0.520374664033378,22.0,10.407493280667559,1.9090909090909092,2,False,2,0.0,True,False,0.9544042099927872,False,False,True,10.4,1.9919373696405014,0.25
B2,12.0,1,28.10000000000013,19,1.5,3.999999999999943,3.2000000000000455,1.0440615714247592,False,True,1.0962646499959972,0.0458762923061288,21.0,1.8546249363382383,0.25000000000013856,1.852457627752572,20.0,0.5819667274433855,1.9,0.5826476075164648,20.0,11.652952150329297,1.9,0,False,2,-1.0,False,True,0.9761183875464413,False,False,True,10.4,1.9919373696405014,0.25
B2,12.0,1,34.30000000000022,24,1.5,1.799999999999912,1.4000000000001336,1.2199478114951996,False,True,1.2753999847449815,0.1522133114446767,23.0,2.019735918982051,0.2999999999999545,2.019735918982051,22.0,0.5768352295695856,1.9090909090909092,0.5768352295695856,22.0,11.536704591391711,1.9090909090909092,0,False,2,-1.0,False,True,1.057956909942979,False,True,False,10.4,1.9919373696405014,0.25
B2,12.0,1,36.80000000000025,5,1.5,1.900000000000027,0.7000000000001236,1.4877547060312428,False,True,1.555379919941754,0.2221843890070204,23.0,1.7113829698944667,0.34999999999977405,1.7107622722574456,22.0,0.4885925624147793,1.9090909090909092,0.4887698332453762,22.0,9.775396664907523,1.9090909090909092,1,False,2,-1.0,False,False,0.8964386985161492,False,False,True,10.4,1.9919373696405014,0.25
B2,12.0,1,38.70000000000028,4,1.4999999999999076,1.4999999999999076,1.900000000000027,1.2163033938647432,False,False,1.2742226030963977,0.174862304441125,22.0,2.1571261087092037,0.2999999999996419,2.1571261087092037,21.0,0.6454106224750067,1.9047619047619047,0.6454106224750067,21.0,12.908212449500134,1.9047619047619047,0,False,2,-1.0,False,True,1.132491207072332,False,True,False,10.4,1.9919373696405014,0.25
B2,12.0,1,40.20000000000019,7,0.6,0.20000000000011653,1.4999999999999076,1.3894751606426023,True,False,1.4589489186747326,0.1874127384212241,21.0,2.1906857652094187,0.44999999999964047,2.1415522395840525,20.0,0.6727884783156028,1.9,0.6882242306305644,20.0,13.764484612611287,1.9,2,False,3,-1.0,True,False,1.1529925080049572,False,True,False,10.4,1.9919373696405014,0.25
B2,12.0,1,40.400000000000304,14,0.6,0.30000000000000426,0.20000000000011653,1.436943371743064,True,False,1.508790540330217,0.19213253512455,21.0,2.1906857652094187,0.24999999999952394,2.1415522395840525,20.0,0.6727884783156028,1.9,0.6882242306305644,20.0,13.764484612611287,1.9,2,False,3,-1.0,True,False,1.1529925080049572,False,True,False,10.4,1.9919373696405014,0.25
B2,12.0,1,40.70000000000031,17,1.5,1.599999999999909,0.30000000000000426,1.9788992326272798,False,True,2.088838078884351,0.347534219069488,19.0,2.082507850333114,0.04999999999951399,1.9303862493920625,18.0,0.6738319177423175,1.8888888888888888,0.6886727751210087,19.0,13.773455502420173,1.894736842105263,2,False,2,0.0,True,False,1.099101365453588,False,True,False,10.4,1.9919373696405014,0.25
B2,12.0,1,55.80000000000052,15,1.5,5.10000000000008,7.100000000000215,1.0319098706966015,False,True,1.0767755172486275,0.0427852892639631,24.0,1.8328894849176736,0.29999999999842686,1.8328894849176736,23.0,0.5007123600573342,1.9130434782608696,0.5007123600573342,23.0,10.014247201146684,1.9130434782608696,0,False,2,-1.0,False,True,0.9581013216615112,False,False,True,10.4,1.9919373696405014,0.25
B2,12.0,1,60.9000000000006,23,1.5,2.8999999999999204,5.10000000000008,0.999540744944236,False,True,1.044974415168974,0.0301800634707958,23.0,1.8910180908837964,0.2999999999980574,1.8910180908837964,22.0,0.54007350382963,1.9090909090909092,0.54007350382963,22.0,10.8014700765926,1.9090909090909092,0,False,2,-1.0,False,True,0.9905332857010362,True,False,False,10.4,1.9919373696405014,0.25
B2,12.0,1,64.10000000000063,3,1.499999999999801,1.499999999999801,0.30000000000011084,1.3666431253640277,False,False,1.4287632674260289,0.2066919334015203,23.0,1.9912888095596235,0.3499999999978485,1.990266316107319,22.0,0.5684187306699977,1.9090909090909092,0.5687107541170979,22.0,11.374215082341959,1.9090909090909092,1,False,2,-1.0,False,False,1.0430560431026599,False,True,False,10.4,1.9919373696405014,0.25
B2,12.0,1,65.60000000000043,13,1.5,3.3000000000001677,1.499999999999801,1.455562018798162,False,True,1.5248744958837888,0.2324425886847837,22.0,1.5663776505775462,0.1999999999979707,1.518524298424898,21.0,0.4543414076408814,1.9047619047619047,0.4473564108910599,22.0,8.947128217821197,1.9090909090909092,0,False,2,0.0,True,True,0.8204835312549051,False,False,True,10.4,1.9919373696405014,0.25
B2,12.0,1,69.20000000000034,21,0.8999999999999488,0.8999999999999488,0.29999999999974136,1.4147819248754891,False,False,1.482152492726703,0.253899663381964,22.0,2.1346396410516277,0.2999999999978513,2.1346396410516277,21.0,0.6386826870846996,1.9047619047619047,0.6386826870846996,21.0,12.773653741693991,1.9047619047619047,1,False,2,-1.0,False,False,1.1206858115521046,False,True,False,10.4,1.9919373696405014,0.25
B2,12.0,1,70.10000000000029,11,1.5,2.000000000000341,0.8999999999999488,1.823422129816236,False,True,1.914593236307048,0.2915401338115818,21.0,1.877809561099714,0.04999999999786553,1.5579325017131107,20.0,0.4894389302170676,1.9,0.5618393068563368,21.0,11.236786137126735,1.9047619047619047,1,False,2,0.0,True,False,0.98585001957735,True,False,False,10.4,1.9919373696405014,0.25
B2,12.0,1,76.59999999999981,14,0.6000000000005343,0.6000000000005343,2.9999999999993747,1.3071610490091605,False,False,1.369406813247692,0.2131796866092044,22.0,1.3865021485807023,0.3999999999979593,1.3809169840029851,21.0,0.4131693954439193,1.9047619047619047,0.4148404727778665,21.0,8.29680945555733,1.9047619047619047,0,False,2,-1.0,False,True,0.7279136280048688,False,False,True,10.4,1.9919373696405014,0.25
B2,12.0,1,82.8999999999998,23,1.5,1.7000000000000028,4.799999999999514,1.157192150523838,False,True,1.209791793729467,0.1494874177458247,23.0,2.2569282335728333,0.3499999999976069,2.2557530223061266,22.0,0.6442415566536273,1.9090909090909092,0.6445771962065274,22.0,12.891543924130549,1.9090909090909092,0,False,2,-1.0,False,True,1.1822005033000555,False,True,False,10.4,1.9919373696405014,0.25
B2,12.0,1,89.59999999999964,21,1.3000000000001677,1.3000000000001677,4.9999999999998295,1.400340053654435,False,False,1.4639918742750913,0.2197600684799283,23.0,2.405757484951664,0.34999999999739373,2.405380365931636,22.0,0.6869750260636325,1.9090909090909092,0.6870827310038914,22.0,13.741654620077828,1.9090909090909092,0,False,2,-1.0,False,True,1.2601586825937288,False,True,False,10.4,1.9919373696405014,0.25
B2,12.0,1,94.09999999999891,9,1.5,2.4999999999998863,3.1999999999991076,1.404022939193318,False,True,1.4678421637021053,0.2324587751862908,23.0,1.485216297935532,0.24999999999786837,1.4738083047918569,22.0,0.4209186675576113,1.9090909090909092,0.4057343139640084,23.0,8.114686279280168,1.9130434782608696,0,False,2,0.0,True,True,0.7763630648299371,False,False,True,10.4,1.9919373696405014,0.25
B2,12.0,1,96.5999999999988,8,1.0000000000008384,1.0000000000008384,2.4999999999998863,1.3427880936907919,False,False,1.406730383866544,0.2115922972913019,22.0,1.624900131492952,0.2999999999978371,1.624900131492952,21.0,0.4861689824681283,1.9047619047619047,0.4861689824681283,21.0,9.723379649362565,1.9047619047619047,0,False,2,-1.0,False,True,0.8530725690337999,False,False,True,10.4,1.9919373696405014,0.25
B2,12.0,1,99.99999999999837,7,0.6,0.20000000000067075,2.3999999999987267,1.2460992201883165,True,False,1.305437278292522,0.1555259481261103,22.0,1.582402499623114,0.2999999999980787,1.582402499623114,21.0,0.4734537207464857,1.9047619047619047,0.4734537207464857,21.0,9.469074414929713,1.9047619047619047,1,False,3,-1.0,True,False,0.8307613123021349,False,False,True,10.4,1.9919373696405014,0.25
B2,12.0,1,100.19999999999904,11,1.5,1.8999999999998778,0.20000000000067075,1.233277932673569,False,True,1.2920054532770724,0.156699209794442,22.0,1.582402499623114,0.09999999999740794,1.582402499623114,21.0,0.4734537207464857,1.9047619047619047,0.4734537207464857,21.0,9.469074414929713,1.9047619047619047,1,False,3,-1.0,True,False,0.8307613123021349,False,False,True,10.4,1.9919373696405014,0.25
B2,12.0,1,103.69999999999928,21,0.8999999999995225,0.8999999999995225,1.6000000000003638,1.147105762110088,False,False,1.2044610502155924,0.1601928001625523,21.0,2.210416456066516,0.24999999999695888,2.210416456066516,20.0,0.6944228099752552,1.9,0.6944228099752552,20.0,13.888456199505104,1.9,0,False,2,-1.0,False,True,1.1633770821402716,False,True,False,10.4,1.9919373696405014,0.25
B2,12.0,1,106.49999999999812,4,1.5,1.5000000000002416,1.8999999999993236,1.6286597108629777,False,True,1.7100926964061265,0.2632667033469431,21.0,1.883060013209062,0.2999999999979508,1.883060013209062,20.0,0.5915807503766288,1.9,0.5915807503766288,20.0,11.831615007532577,1.9,0,False,2,-1.0,False,True,0.9910842174784538,True,False,False,10.4,1.9919373696405014,0.25
B2,12.0,1,114.499999999998,7,0.6999999999997186,0.6999999999997186,2.799999999998718,1.1905572594968024,False,False,1.2446734985648389,0.1353736042051468,23.0,1.8463565954158545,0.29999999999762395,,,,,0.5043913318317834,23.0,10.087826636635668,1.9130434782608696,1,False,2,0.0,True,False,0.9651409476037421,False,False,True,10.4,1.9919373696405014,0.25
B2,12.0,1,115.19999999999771,22,1.5,7.300000000000281,0.6999999999995907,1.7219989250917094,False,True,1.8002716035049688,0.2515420978618174,23.0,2.1795858687850105,0.39999999999784563,2.1766673944980965,22.0,0.6216547541694233,1.9090909090909092,0.6224882684766468,22.0,12.449765369532937,1.9090909090909092,2,False,2,-1.0,False,False,1.1416878360302436,False,True,False,10.4,1.9919373696405014,0.25
B2,12.0,1,133.69999999999737,7,1.5,8.0,10.499999999999659,1.1401083177207119,False,True,1.1896782445781342,0.1188908524012313,24.0,1.6764618884267133,0.2999999999988461,1.6760574126746592,23.0,0.457868665622037,1.9130434782608696,0.4579791611047508,23.0,9.159583222095016,1.9130434782608696,0,False,2,-1.0,False,True,0.8763323507685092,False,False,True,10.4,1.9919373696405014,0.25
baseline,12.0,2,38.70000000000028,20,1.5,1.6000000000000227,22.300000000000296,0.967066058718141,False,True,1.0091124090971906,0.0075099506289579,24.0,1.8989596653808785,0.2999999999996419,1.8989596653808785,23.0,0.518761542106426,1.9130434782608696,0.518761542106426,23.0,10.37523084212852,1.9130434782608696,0,False,2,-1.0,False,True,0.992638006903641,True,False,False,10.4,1.9919373696405014,0.25
baseline,12.0,2,40.3000000000003,25,1.5,6.399999999999977,1.6000000000000227,1.4920824513225661,False,True,1.5599043809281372,0.1268118395323935,23.0,1.819955794717888,0.2999999999995282,1.819955794717888,22.0,0.5197781595039901,1.9090909090909092,0.5197781595039901,22.0,10.395563190079802,1.9090909090909092,0,False,2,-1.0,False,True,0.9533101781855603,False,False,True,10.4,1.9919373696405014,0.25
baseline,12.0,2,49.30000000000043,23,0.9000000000000128,0.9000000000000128,1.000000000000128,1.0951869171505402,False,False,1.1428037396353463,0.1136947689063615,24.0,2.1074783326204987,0.2999999999988887,2.1074783326204987,23.0,0.57572508237915,1.9130434782608696,0.57572508237915,23.0,11.514501647583,1.9130434782608696,0,False,2,-1.0,False,True,1.1016364011425333,False,True,False,10.4,1.9919373696405014,0.25
baseline,12.0,2,50.20000000000044,14,1.5,4.300000000000054,0.9000000000000128,1.675740077285535,False,True,1.751910080798514,0.1699076388271107,23.0,1.9026254749331784,0.349999999998829,1.902493286841972,22.0,0.5433508121315125,1.9090909090909092,0.5433885649620787,22.0,10.867771299241573,1.9090909090909092,1,False,2,-1.0,False,False,0.9966133440126171,True,False,False,10.4,1.9919373696405014,0.25
baseline,12.0,2,54.5000000000005,12,1.5,2.799999999999933,4.300000000000054,1.0626247009731358,False,True,1.1132258772099517,0.0618867862537989,22.0,2.0929268955197897,0.29999999999852633,2.0929268955197897,21.0,0.6262022628062347,1.9047619047619047,0.6262022628062347,21.0,12.524045256124694,1.9047619047619047,0,False,2,-1.0,False,True,1.0987866201478897,False,True,False,10.4,1.9919373696405014,0.25
baseline,12.0,2,58.10000000000056,18,0.6,0.09999999999988063,0.8000000000001322,1.2984934090257578,True,False,1.3603264285031749,0.185541599662218,22.0,2.053529690184222,0.3499999999982535,,,,,0.5864867080555705,22.0,11.72973416111141,1.9090909090909092,2,False,2,0.0,True,False,1.0756584091441161,False,True,False,10.4,1.9919373696405014,0.25
baseline,12.0,2,59.00000000000057,7,1.5,3.0999999999999304,0.8000000000001251,1.781341415185855,False,True,1.866167196861372,0.2638275324677535,22.0,1.8277862645052612,0.2999999999981995,1.8277862645052612,21.0,0.5468723715144819,1.9047619047619047,0.5468723715144819,21.0,10.937447430289637,1.9047619047619047,2,False,2,-1.0,False,False,0.9595877888652622,False,False,True,10.4,1.9919373696405014,0.25
baseline,12.0,2,62.1000000000005,23,0.6,0.3999999999999986,3.0999999999999304,1.2564221064194063,True,False,1.3192432117403767,0.1418353424630198,21.0,1.6130944541081893,0.49999999999808153,1.5357271663055811,20.0,0.4824629183583884,1.9,0.4826367320545452,21.0,9.652734641090904,1.9047619047619047,1,False,2,0.0,True,False,0.8468745884067994,False,False,True,10.4,1.9919373696405014,0.25
baseline,12.0,2,65.30000000000057,17,0.7999999999999972,0.7999999999999972,2.800000000000068,1.1335020667560005,False,False,1.1901771700938004,0.1115741256941933,21.0,2.002968583753652,0.2999999999978513,2.002968583753652,20.0,0.6292511388091624,1.9,0.6292511388091624,20.0,12.585022776183248,1.9,0,False,2,-1.0,False,True,1.0541939914492906,False,True,False,10.4,1.9919373696405014,0.25
baseline,12.0,2,66.3000000000004,12,0.6,0.29999999999998295,0.1999999999998323,1.425086596949986,True,False,1.4963409267974854,0.216355892816628,21.0,2.200905176258798,0.599999999997948,1.6651992627310388,20.0,0.5231377770558971,1.9,0.7278260561034093,19.0,14.556521122068187,1.894736842105263,3,True,3,-2.0,True,False,1.1615888430254768,False,True,False,10.4,1.9919373696405014,0.25
baseline,12.0,2,66.60000000000038,20,0.6,0.4000000000001904,0.29999999999998295,1.5819392995944868,True,False,1.6651992627310388,0.2534383253626486,20.0,2.300485646613774,0.49999999999795364,2.200905176258798,19.0,0.7278260561034093,1.894736842105263,0.7227188807090599,20.0,14.454377614181197,1.9,3,False,2,0.0,True,False,1.2107819192704075,False,True,False,10.4,1.9919373696405014,0.25
baseline,12.0,2,70.50000000000048,23,1.5,2.8000000000000824,0.39999999999997726,1.2949597778799038,False,True,1.359707766773899,0.2039925851250073,21.0,1.411675082423768,1.1499999999975898,1.2798650414967536,20.0,0.4020814611952596,1.9,0.4434908068198275,20.0,8.86981613639655,1.9,1,False,2,-1.0,False,False,0.7429868854861937,False,False,True,10.4,1.9919373696405014,0.25
baseline,12.0,2,77.99999999999994,7,0.6,0.50000000000054,3.399999999999565,1.1333946347104042,True,False,1.1849125726517864,0.088128341717626,23.0,1.9813055503707255,0.5999999999977348,1.9584398251515505,22.0,0.5593291061085264,1.9090909090909092,0.5412569531792482,23.0,10.825139063584963,1.9130434782608696,1,True,2,0.0,True,False,1.0356824467846975,False,True,False,10.4,1.9919373696405014,0.25
baseline,12.0,2,80.39999999999971,11,1.5,5.600000000000236,1.899999999999224,1.3641431881625794,False,True,1.426149696715424,0.1556994378569819,23.0,1.8475282681010716,0.2999999999978513,1.8475282681010716,22.0,0.5276528394878,1.9090909090909092,0.5276528394878,22.0,10.553056789755999,1.9090909090909092,0,False,2,-1.0,False,True,0.9677529023386565,False,False,True,10.4,1.9919373696405014,0.25
baseline,12.0,2,95.19999999999888,19,1.0000000000003837,1.0000000000003837,6.799999999999173,1.0027488197804575,False,False,1.0463465945535209,0.0261232337845595,24.0,1.88556492968641,0.2999999999978371,1.88556492968641,23.0,0.5151023418234244,1.9130434782608696,0.5151023418234244,23.0,10.302046836468488,1.9130434782608696,0,False,2,-1.0,False,True,0.9856362132451689,True,False,False,10.4,1.9919373696405014,0.25
baseline,12.0,2,96.19999999999926,11,1.5,5.19999999999925,1.0000000000003837,1.6948148015655018,False,True,1.7718518380002974,0.1664979478700931,23.0,1.783527703963127,0.29999999999739657,1.783290889905975,22.0,0.509306687176565,1.9090909090909092,0.5093743211131301,22.0,10.187486422262602,1.9090909090909092,0,False,2,-1.0,False,True,0.9342287973140189,False,False,True,10.4,1.9919373696405014,0.25
baseline,12.0,2,101.39999999999851,13,1.5,1.8000000000003666,5.19999999999925,1.0268631933402745,False,True,1.0757614406421925,0.0497389556654995,22.0,1.9890602107239783,0.2999999999978513,1.9890602107239783,21.0,0.5951254233864969,1.9047619047619047,0.5951254233864969,21.0,11.902508467729938,1.9047619047619047,0,False,2,-1.0,False,True,1.0442566106300886,False,True,False,10.4,1.9919373696405014,0.25
baseline,12.0,2,112.69999999999789,24,1.3999999999997925,1.3999999999997925,3.299999999999372,1.0088884807981306,False,False,1.052753197354571,0.0604223799793854,24.0,1.9491729191311684,0.2999999999978371,1.9491729191311684,23.0,0.5324788976798827,1.9130434782608696,0.5324788976798827,23.0,10.649577953597653,1.9130434782608696,0,False,2,-1.0,False,True,1.0188858440912925,True,False,False,10.4,1.9919373696405014,0.25
baseline,12.0,2,114.09999999999768,14,1.1999999999999176,1.1999999999999176,1.3999999999997925,1.471098534355741,False,False,1.5379666495537292,0.1382366081651677,23.0,1.727973229284619,0.299999999997965,1.727973229284619,22.0,0.4935080002473082,1.9090909090909092,0.4935080002473082,22.0,9.870160004946163,1.9090909090909092,0,False,2,-1.0,False,True,0.9051288343871814,False,False,True,10.4,1.9919373696405014,0.25
baseline,12.0,2,115.2999999999976,25,0.6,0.20000000000013074,1.1999999999999176,1.4859118362543178,True,False,1.5566695427426185,0.1553616187444396,22.0,2.210692041177145,0.299999999997965,2.210692041177145,21.0,0.6614375119915756,1.9047619047619047,0.6614375119915756,21.0,13.228750239831513,1.9047619047619047,1,False,3,-1.0,True,False,1.1606133216180012,False,True,False,10.4,1.9919373696405014,0.25
baseline,12.0,2,115.49999999999773,16,0.999999999999929,0.999999999999929,0.20000000000013074,1.4081009870105445,False,False,1.4751534149634276,0.1398541070394805,22.0,2.210692041177145,0.09999999999783427,2.210692041177145,21.0,0.6614375119915756,1.9047619047619047,0.6614375119915756,21.0,13.228750239831513,1.9047619047619047,1,False,3,-1.0,True,False,1.1606133216180012,False,True,False,10.4,1.9919373696405014,0.25
baseline,12.0,2,116.49999999999766,6,1.5,2.5000000000004263,0.999999999999929,1.5294784985364689,False,True,1.6099773668804935,0.2376249302307049,20.0,1.655304506199779,0.2999999999978513,1.655304506199779,19.0,0.5473992080138217,1.894736842105263,0.5473992080138217,19.0,10.947984160276434,1.894736842105263,1,False,2,-1.0,False,False,0.8736329338276613,False,False,True,10.4,1.9919373696405014,0.25
baseline,12.0,2,118.99999999999808,7,1.5,1.699999999999804,2.5000000000004263,1.1165801365249053,False,True,1.1786123663318444,0.1202795937671405,19.0,1.8869212589033215,0.2999999999972829,1.8869212589033215,18.0,0.6586597738747866,1.8888888888888888,0.6586597738747866,18.0,13.173195477495732,1.8888888888888888,0,False,2,-1.0,False,True,0.9989583135370526,True,False,False,10.4,1.9919373696405014,0.25
baseline,12.0,2,122.89999999999765,12,0.6,0.39999999999994884,0.7999999999999687,1.321899889683559,True,False,1.3914735680879569,0.2264472624583852,20.0,1.7121889484962205,0.49999999999747047,1.6977539468979883,19.0,0.561436981808189,1.894736842105263,0.5379000222153358,20.0,10.758000444306717,1.9,2,False,2,0.0,True,False,0.9011520781559056,False,False,True,10.4,1.9919373696405014,0.25
baseline,12.0,2,124.99999999999716,2,1.5,2.0000000000009237,0.4999999999995026,1.3823530324844275,False,True,1.4481793673646384,0.2772834233039917,22.0,1.7008818253428006,0.29999999999786553,1.7008818253428006,21.0,0.5089026521067943,1.9047619047619047,0.5089026521067943,21.0,10.178053042135886,1.9047619047619047,1,False,2,-1.0,False,False,0.8929629583049704,False,False,True,10.4,1.9919373696405014,0.25
baseline,12.0,2,129.1999999999974,24,1.5,1.7000000000002444,2.1999999999993207,1.1283546294801299,False,True,1.1820858023125171,0.129886660365967,22.0,2.165059462004568,0.24999999999781153,2.165059462004568,21.0,0.647784276230345,1.9047619047619047,0.647784276230345,21.0,12.9556855246069,1.9047619047619047,0,False,2,-1.0,False,True,1.1366562175523982,False,True,False,10.4,1.9919373696405014,0.25
baseline,12.0,2,134.79999999999663,5,1.5,2.400000000000773,1.7999999999994714,1.1811167386907326,False,True,1.234803863176675,0.1120231949550233,23.0,2.189472653692835,0.24999999999982947,2.189472653692835,22.0,0.6253119276433781,1.9090909090909092,0.6253119276433781,22.0,12.506238552867561,1.9090909090909092,0,False,2,-1.0,False,True,1.146866628124818,False,True,False,10.4,1.9919373696405014,0.25
baseline,12.0,2,147.89999999999588,9,1.5,inf,5.099999999999255,1.0144399887545377,False,True,1.0585460752221263,0.0431330124443497,24.0,1.9835352028120696,0.20000000000354134,1.9835352028120696,23.0,0.5418660540253164,1.9130434782608696,0.5418660540253164,23.0,10.837321080506328,1.9130434782608696,0,False,2,-1.0,False,True,1.036847946924491,False,True,False,10.4,1.9919373696405014,0.25
B2,12.0,2,38.70000000000028,20,1.5,1.6000000000000227,22.300000000000296,0.9618913848471747,False,True,1.0037127494057476,0.0025956538098368,24.0,1.9103121205588025,0.2999999999996419,1.9103121205588025,23.0,0.5218628281748758,1.9130434782608696,0.5218628281748758,23.0,10.437256563497517,1.9130434782608696,0,False,2,-1.0,False,True,0.9985722448375558,True,False,False,10.4,1.9919373696405014,0.25
B2,12.0,2,40.3000000000003,25,1.5,6.399999999999977,1.6000000000000227,1.4848683213531126,False,True,1.5523623359600722,0.1235448203001896,23.0,1.8427221930087807,0.34999999999952536,1.8330437440837477,22.0,0.5235160691020209,1.9090909090909092,0.5262802276512053,22.0,10.525604553024106,1.9090909090909092,0,False,2,-1.0,False,True,0.9652354344331708,False,False,True,10.4,1.9919373696405014,0.25
B2,12.0,2,49.30000000000043,23,0.9000000000000128,0.9000000000000128,1.000000000000128,1.0379603366836216,False,False,1.0830890469742138,0.1264461772626262,24.0,1.9049541497067304,0.2999999999988887,1.9049541497067304,23.0,0.5203991271429613,1.9130434782608696,0.5203991271429613,23.0,10.407982542859227,1.9130434782608696,0,False,2,-1.0,False,True,0.9957714873467,True,False,False,10.4,1.9919373696405014,0.25
B2,12.0,2,50.20000000000044,14,1.5,4.300000000000054,0.9000000000000128,1.6291660914420414,False,True,1.7032190955984978,0.161311329963282,23.0,1.9157168228315171,0.29999999999882476,1.9157168228315171,22.0,0.5471274451787158,1.9090909090909092,0.5471274451787158,22.0,10.942548903574316,1.9090909090909092,1,False,2,-1.0,False,False,1.0034707167212709,True,False,False,10.4,1.9919373696405014,0.25
B2,12.0,2,54.5000000000005,12,1.5,2.799999999999933,4.300000000000054,1.179900374923183,False,True,1.236086107062382,0.1120666677459026,22.0,2.222316850487018,0.29999999999852633,2.222316850487018,21.0,0.6649156468036974,1.9047619047619047,0.6649156468036974,21.0,13.298312936073948,1.9047619047619047,0,False,2,-1.0,False,True,1.1667163465056845,False,True,False,10.4,1.9919373696405014,0.25
B2,12.0,2,58.10000000000056,18,0.6,0.09999999999988063,0.8000000000001322,1.6057188024826643,True,False,1.6821816026008864,0.2653281803877975,22.0,2.06899614218076,0.29999999999825633,,,,,0.5909039164164271,22.0,11.818078328328543,1.9090909090909092,2,False,2,0.0,True,False,1.0837598839994456,False,True,False,10.4,1.9919373696405014,0.25
B2,12.0,2,59.00000000000057,7,1.5,3.0999999999999304,0.8000000000001251,1.7671703260438918,False,True,1.851321293950744,0.2883063537584649,22.0,1.851321293950744,0.049999999998213696,1.724965141902815,21.0,0.5161083635714627,1.9047619047619047,0.5287361251372733,22.0,10.574722502745466,1.9090909090909092,2,False,2,0.0,True,False,0.9697397254027706,False,False,True,10.4,1.9919373696405014,0.25
B2,12.0,2,62.1000000000005,23,0.6,0.3999999999999986,3.0999999999999304,1.2569299583118299,True,False,1.3197764562274212,0.1605847212772492,21.0,1.677678295852821,0.49999999999808153,1.5919038872224047,20.0,0.5001113557318941,1.9,0.5019601723179301,21.0,10.039203446358602,1.9047619047619047,1,False,2,0.0,True,False,0.880781105322731,False,False,True,10.4,1.9919373696405014,0.25
B2,12.0,2,65.30000000000057,17,0.7999999999999972,0.7999999999999972,2.800000000000068,1.1701296470868203,False,False,1.2286361294411614,0.1419128519044486,21.0,2.32705334095295,0.2999999999978513,2.32705334095295,20.0,0.7310653680449373,1.9,0.7310653680449373,20.0,14.621307360898745,1.9,0,False,2,-1.0,False,True,1.2247649162910264,False,True,False,10.4,1.9919373696405014,0.25
B2,12.0,2,66.3000000000004,12,0.6,0.29999999999998295,0.1999999999998323,1.6497004769767654,True,False,1.7321855008256035,0.2436110858418421,21.0,2.307800627541005,0.599999999997948,2.0898255897945885,20.0,0.6565380720182636,1.9,0.763175736571867,19.0,15.26351473143734,1.894736842105263,3,True,3,-2.0,True,False,1.2180058867577526,False,True,False,10.4,1.9919373696405014,0.25
B2,12.0,2,66.60000000000038,20,0.6,0.4000000000001904,0.29999999999998295,1.985334310304859,True,False,2.0898255897945885,0.338690478573199,20.0,2.389221569282789,0.49999999999795364,2.307800627541005,19.0,0.763175736571867,1.894736842105263,0.7505960929857087,20.0,15.011921859714175,1.9,3,False,2,0.0,True,False,1.2574850364646257,False,True,False,10.4,1.9919373696405014,0.25
B2,12.0,2,70.50000000000048,23,1.5,2.8000000000000824,0.39999999999997726,1.393571791864024,False,True,1.4632503814572253,0.3006834337871565,21.0,1.4680298260394076,1.4499999999975728,1.3746073684962754,20.0,0.4318456410438296,1.9,0.4611951716736104,20.0,9.223903433472207,1.9,1,True,2,-1.0,False,False,0.7726472768628462,False,False,True,10.4,1.9919373696405014,0.25
B2,12.0,2,77.99999999999994,7,0.6,0.50000000000054,3.399999999999565,1.2986040162606731,True,False,1.357631471545249,0.1764361061111535,23.0,1.5081695561562158,0.5999999999977348,1.464451481310075,22.0,0.4182463650202201,1.9090909090909092,0.4120047302598388,23.0,8.240094605196775,1.9130434782608696,1,True,2,0.0,True,False,0.78836135889984,False,False,True,10.4,1.9919373696405014,0.25
B2,12.0,2,80.39999999999971,11,1.5,5.600000000000236,1.899999999999224,1.1873216421620614,False,True,1.2412908077148823,0.1686575602891774,23.0,1.9138719018006,0.3499999999978485,1.911548416590213,22.0,0.5459369511400922,1.9090909090909092,0.5466005369644265,22.0,10.932010739288529,1.9090909090909092,0,False,2,-1.0,False,True,1.0025043295146,True,False,False,10.4,1.9919373696405014,0.25
B2,12.0,2,95.19999999999888,19,1.0000000000003837,1.0000000000003837,6.799999999999173,1.1550773156882672,False,False,1.205298068544279,0.1368109230798005,24.0,2.043823137413691,0.2999999999978371,2.043823137413691,23.0,0.5583356307596254,1.9130434782608696,0.5583356307596254,23.0,11.166712615192509,1.9130434782608696,0,False,2,-1.0,False,True,1.0683620945571566,False,True,False,10.4,1.9919373696405014,0.25
B2,12.0,2,96.19999999999926,11,1.5,5.19999999999925,1.0000000000003837,1.663009896721027,False,True,1.7386012556628918,0.211459072114788,23.0,2.021486887427121,0.2499999999973994,2.021486887427121,22.0,0.5773353049881038,1.9090909090909092,0.5773353049881038,22.0,11.546706099762076,1.9090909090909092,0,False,2,-1.0,False,True,1.0588740838903967,False,True,False,10.4,1.9919373696405014,0.25
B2,12.0,2,101.39999999999851,13,1.5,1.8000000000003666,5.19999999999925,1.4107334288103002,False,True,1.4779112111346002,0.2422475114700239,22.0,2.700431898444025,0.2999999999978513,2.700431898444025,21.0,0.8079673346353609,1.9047619047619047,0.8079673346353609,21.0,16.159346692707217,1.9047619047619047,0,False,2,-1.0,False,True,1.4177267466831132,False,True,False,10.4,1.9919373696405014,0.25
B2,12.0,2,112.69999999999789,24,1.3999999999997925,1.3999999999997925,3.299999999999372,1.3525282392597244,False,False,1.4113338148797123,0.2006559322799258,24.0,1.5299647975549548,0.2999999999978371,1.5299647975549548,23.0,0.4179587972390992,1.9130434782608696,0.4179587972390992,23.0,8.359175944781983,1.9130434782608696,0,False,2,-1.0,False,True,0.7997543259946355,False,False,True,10.4,1.9919373696405014,0.25
B2,12.0,2,114.09999999999768,14,1.1999999999999176,1.1999999999999176,1.3999999999997925,1.2432873417802899,False,False,1.2998004027703032,0.1798999535924063,23.0,2.3944045678684547,0.299999999997965,2.3944045678684547,22.0,0.6838403454670345,1.9090909090909092,0.6838403454670345,22.0,13.67680690934069,1.9090909090909092,0,False,2,-1.0,False,True,1.2542119165025238,False,True,False,10.4,1.9919373696405014,0.25
B2,12.0,2,115.2999999999976,25,0.6,0.20000000000013074,1.1999999999999176,1.8712302342087865,True,False,1.9603364358377764,0.2792380891766732,22.0,2.6206129849226687,0.5999999999979622,1.578606518775621,21.0,0.4723179659328047,1.9047619047619047,0.8232898501335075,20.0,16.46579700267015,1.9,1,True,3,-2.0,True,False,1.3792699920645626,False,True,False,10.4,1.9919373696405014,0.25
B2,12.0,2,115.49999999999773,16,0.999999999999929,0.999999999999929,0.20000000000013074,1.6524643523651839,False,False,1.7311531310492403,0.2645627332811954,22.0,2.650856605282693,0.6499999999978172,1.578606518775621,21.0,0.4723179659328047,1.9047619047619047,0.8327911636876086,20.0,16.655823273752173,1.9,1,False,3,-2.0,True,False,1.395187686990891,False,True,False,10.4,1.9919373696405014,0.25
B2,12.0,2,116.49999999999766,6,1.5,2.5000000000004263,0.999999999999929,2.4549713338794414,False,True,2.584180351452044,0.4196895391176625,20.0,2.5599667350934427,0.04999999999786553,2.301165864679916,19.0,0.7609816605442132,1.894736842105263,0.8042372688403807,20.0,16.084745376807614,1.9,1,False,2,0.0,True,False,1.3473509132070751,False,True,False,10.4,1.9919373696405014,0.25
B2,12.0,2,118.99999999999808,7,1.5,1.699999999999804,2.5000000000004263,1.5552113754981505,False,True,1.64161200747027,0.2672739977810039,19.0,1.6774237094077915,0.24999999999727152,1.6774237094077915,18.0,0.585531333603651,1.8888888888888888,0.585531333603651,18.0,11.710626672073019,1.8888888888888888,0,False,2,-1.0,False,True,0.8880478461570661,False,False,True,10.4,1.9919373696405014,0.25
B2,12.0,2,122.89999999999765,12,0.6,0.39999999999994884,0.7999999999999687,1.3136866547788246,True,False,1.3828280576619207,0.254094722721602,20.0,1.8179648170691236,0.599999999997479,1.6247841511505472,19.0,0.5373063108340723,1.894736842105263,0.571130491378907,20.0,11.42260982757814,1.9,2,True,2,0.0,True,False,0.9568235879311178,False,False,True,10.4,1.9919373696405014,0.25
B2,12.0,2,124.99999999999716,2,1.5,2.0000000000009237,0.4999999999995026,1.728381985056933,False,True,1.8106858891072632,0.3503232579762732,22.0,1.8358911234500164,0.24999999999788258,1.7570109919428103,21.0,0.5256964594822904,1.9047619047619047,0.5243292787473894,22.0,10.486585574947789,1.9090909090909092,1,False,2,0.0,True,False,0.9616572551404847,False,False,True,10.4,1.9919373696405014,0.25
B2,12.0,2,129.1999999999974,24,1.5,1.7000000000002444,2.1999999999993207,1.649963597564284,False,True,1.7285332926863926,0.3258455531352131,22.0,1.7251402609417492,0.04999999999773763,1.632951585290607,21.0,0.4885779718111216,1.9047619047619047,0.492698906380598,22.0,9.85397812761196,1.9090909090909092,0,False,2,0.0,True,True,0.9036448985885353,False,False,True,10.4,1.9919373696405014,0.25
B2,12.0,2,134.79999999999663,5,1.5,2.400000000000773,1.7999999999994714,1.3342300744659221,False,True,1.394876896032555,0.2277606275292833,23.0,1.8803401271900944,0.24999999999982947,1.8803401271900944,22.0,0.5370238845300452,1.9090909090909092,0.5370238845300452,22.0,10.740477690600905,1.9090909090909092,0,False,2,-1.0,False,True,0.9849400666233827,True,False,False,10.4,1.9919373696405014,0.25
B2,12.0,2,147.89999999999588,9,1.5,inf,5.099999999999255,1.2118856834558598,False,True,1.2645763653452449,0.1667956285301417,24.0,2.28675814057951,0.3000000000035641,2.2849429230505365,23.0,0.624205208776309,1.9130434782608696,0.6247010934766299,23.0,12.494021869532599,1.9130434782608696,0,False,2,-1.0,False,True,1.1953508462120166,False,True,False,10.4,1.9919373696405014,0.25
baseline,12.0,3,25.60000000000012,25,1.5,2.300000000000008,3.500000000000149,1.0336873893690315,False,True,1.078630319341598,0.0391081861031629,24.0,1.9382971726770304,0.2500000000001137,1.9381891669857887,23.0,0.529478334632163,1.9130434782608696,0.5295078398396544,23.0,10.590156796793089,1.9130434782608696,0,False,2,-1.0,False,True,1.0132007948084476,True,False,False,10.4,1.9919373696405014,0.25
baseline,12.0,3,27.900000000000126,14,1.5,1.8000000000000256,2.300000000000008,1.2527967097101351,False,True,1.3097420146969594,0.1058034994830889,23.0,1.8588306610363123,0.20000000000013785,1.8588306610363123,22.0,0.5308807953617398,1.9090909090909092,0.5308807953617398,22.0,10.617615907234796,1.9090909090909092,0,False,2,-1.0,False,True,0.9736732033999731,False,False,True,10.4,1.9919373696405014,0.25
baseline,12.0,3,29.700000000000152,15,1.5,3.89999999999997,1.8000000000000256,1.2239728138683976,False,True,1.2822572335764166,0.1123025899821001,22.0,2.285021053202526,0.20000000000013785,2.285021053202526,21.0,0.6836767003846731,1.9047619047619047,0.6836767003846731,21.0,13.673534007693462,1.9047619047619047,0,False,2,-1.0,False,True,1.1996360529313261,False,True,False,10.4,1.9919373696405014,0.25
baseline,12.0,3,36.80000000000025,7,0.8999999999998991,0.8999999999998991,0.9000000000001265,1.1638006466687838,False,False,1.2167006760628194,0.1567011419121631,23.0,1.9276447325757309,0.2999999999997769,1.9276447325757309,22.0,0.5505340482355434,1.9090909090909092,0.5505340482355434,22.0,11.010680964710868,1.9090909090909092,1,False,2,-1.0,False,False,1.0097186694444304,True,False,False,10.4,1.9919373696405014,0.25
baseline,12.0,3,41.60000000000035,17,1.5,3.1999999999999034,3.9000000000001975,1.187454053132301,False,True,1.2414292373655875,0.1239740379704854,23.0,1.6850550537147078,0.4499999999993989,1.676407332841305,22.0,0.4787808146616639,1.9090909090909092,0.48125059796768,22.0,9.6250119593536,1.9090909090909092,0,False,2,-1.0,False,True,0.8826478852791326,False,False,True,10.4,1.9919373696405014,0.25
baseline,12.0,3,45.50000000000038,22,1.0000000000000142,1.0000000000000142,0.7000000000001236,1.1422544564087986,False,False,1.1941751135182896,0.1360952099434011,23.0,1.8938508434331545,0.3499999999991559,1.8933551412187817,22.0,0.54074096384449,1.9090909090909092,0.5408825360658573,22.0,10.817650721317147,1.9090909090909092,1,False,2,-1.0,False,False,0.9920171084649856,True,False,False,10.4,1.9919373696405014,0.25
baseline,12.0,3,46.50000000000039,6,1.5,1.6999999999999105,1.0000000000000142,1.5855386068301782,False,True,1.6610404452506629,0.1705937442665243,22.0,1.6341111210340382,0.049999999999101874,1.563942230298513,21.0,0.4679304210804424,1.9047619047619047,0.466701044817265,22.0,9.334020896345299,1.9090909090909092,0,False,2,0.0,True,True,0.8559629681606866,False,False,True,10.4,1.9919373696405014,0.25
baseline,12.0,3,48.2000000000003,7,1.4000000000000483,1.4000000000000483,1.6999999999999105,1.2500227356323759,False,False,1.3125238724139947,0.1244053042314257,21.0,2.1528592442270456,0.29999999999908056,2.1528592442270456,20.0,0.676340678587656,1.9,0.676340678587656,20.0,13.52681357175312,1.9,0,False,2,-1.0,False,True,1.1330838127510767,False,True,False,10.4,1.9919373696405014,0.25
baseline,12.0,3,51.40000000000046,23,1.5,2.099999999999916,1.8000000000001108,1.3688507496694424,False,True,1.4372932871529145,0.1738568613352208,21.0,2.059983612893243,0.2999999999987395,2.059983612893243,20.0,0.6471629384780773,1.9,0.6471629384780773,20.0,12.943258769561545,1.9,0,False,2,-1.0,False,True,1.0842019015227595,False,True,False,10.4,1.9919373696405014,0.25
baseline,12.0,3,64.20000000000051,22,1.0000000000000568,1.0000000000000568,4.800000000000054,1.0206183225555077,False,False,1.064993032231834,0.0442481783927105,24.0,1.828960046244392,0.34999999999796216,1.828540791522766,23.0,0.4995243754293206,1.9130434782608696,0.4996389082600547,23.0,9.992778165201093,1.9130434782608696,0,False,2,-1.0,False,True,0.9560472969004776,False,False,True,10.4,1.9919373696405014,0.25
baseline,12.0,3,65.20000000000057,2,1.5,3.399999999999693,1.0000000000000568,1.662554963545664,False,True,1.7381256437068304,0.1601019565654446,23.0,1.829350493572654,0.2999999999978513,1.829350493572654,22.0,0.5224612792226102,1.9090909090909092,0.5224612792226102,22.0,10.449225584452204,1.9090909090909092,0,False,2,-1.0,False,True,0.9582312109190091,False,False,True,10.4,1.9919373696405014,0.25
baseline,12.0,3,68.60000000000026,15,0.6,0.100000000000108,3.399999999999693,1.2627655528253465,True,False,1.3228972458170296,0.1136200784052271,22.0,1.8442334206503983,0.3999999999979593,1.8032686753028544,21.0,0.539536725979052,1.9047619047619047,0.609876859560007,19.0,12.19753719120014,1.894736842105263,2,False,3,-3.0,True,False,0.9733454164543769,False,False,True,10.4,1.9919373696405014,0.25
baseline,12.0,3,68.70000000000037,8,1.5,3.500000000000142,0.100000000000108,1.2604558495640672,False,True,1.3204775566861655,0.1126893731359059,22.0,1.8442334206503983,0.2999999999978513,1.8032686753028544,21.0,0.539536725979052,1.9047619047619047,0.609876859560007,19.0,12.19753719120014,1.894736842105263,1,False,3,-3.0,True,False,0.9733454164543769,False,False,True,10.4,1.9919373696405014,0.25
baseline,12.0,3,68.70000000000037,21,1.5,3.500000000000142,0.100000000000108,1.2604558495640672,False,True,1.3204775566861655,0.1126893731359059,22.0,1.8442334206503983,0.2999999999978513,1.8032686753028544,21.0,0.539536725979052,1.9047619047619047,0.609876859560007,19.0,12.19753719120014,1.894736842105263,1,False,3,-3.0,True,False,0.9733454164543769,False,False,True,10.4,1.9919373696405014,0.25
baseline,12.0,3,75.99999999999984,23,0.6000000000004206,0.6000000000004206,2.7999999999992724,1.0663893969009004,False,False,1.1197088667459454,0.0926661140281222,21.0,1.841464578436276,0.299999999997965,1.841464578436276,20.0,0.578513159146123,1.9,0.578513159146123,20.0,11.57026318292246,1.9,0,False,2,-1.0,False,True,0.9691918833875137,False,False,True,10.4,1.9919373696405014,0.25
baseline,12.0,3,77.99999999999962,7,1.5,6.000000000000227,1.299999999999244,1.2321153591408218,False,True,1.2881206027381318,0.153331916021104,23.0,1.6698686551956583,0.2999999999980787,1.6698686551956583,22.0,0.4769133726929588,1.9090909090909092,0.4769133726929588,22.0,9.538267453859175,1.9090909090909092,0,False,2,-1.0,False,True,0.8746931051024877,False,False,True,10.4,1.9919373696405014,0.25
baseline,12.0,3,85.7999999999994,19,0.6,0.200000000000216,1.7999999999995566,1.0786977178830313,True,False,1.12772943233226,0.11382085561448,23.0,2.0329539434165995,0.2999999999978513,,,,,0.5553663629325207,23.0,11.107327258650415,1.9130434782608696,1,False,1,0.0,True,False,1.0626804704223134,False,True,False,10.4,1.9919373696405014,0.25
baseline,12.0,3,89.09999999999921,12,1.5,3.6999999999997897,3.0999999999995964,1.2350511079478828,False,True,1.2911897946727866,0.1023417987832718,23.0,1.9523866613817595,0.2999999999978513,1.9523866613817595,22.0,0.5576003265785126,1.9090909090909092,0.5576003265785126,22.0,11.152006531570251,1.9090909090909092,0,False,2,-1.0,False,True,1.0226787273904454,False,True,False,10.4,1.9919373696405014,0.25
baseline,12.0,3,92.799999999999,10,1.000000000000398,1.000000000000398,3.6999999999997897,1.156431206715891,False,False,1.2114993594166477,0.0937864941383962,22.0,2.095328468088161,0.2999999999978371,2.095328468088161,21.0,0.6269208116384117,1.9047619047619047,0.6269208116384117,21.0,12.538416232768235,1.9047619047619047,0,False,2,-1.0,False,True,1.1000474457462845,False,True,False,10.4,1.9919373696405014,0.25
baseline,12.0,3,96.0999999999988,18,1.000000000000398,1.000000000000398,2.2999999999994003,1.395102855697519,False,False,1.4615363250164484,0.1770897918902246,22.0,1.5491317509665272,0.49999999999783995,1.539567702729894,21.0,0.4606375794857476,1.9047619047619047,0.4634991360265843,21.0,9.269982720531686,1.9047619047619047,0,False,2,-1.0,False,True,0.8132941692574268,False,False,True,10.4,1.9919373696405014,0.25
baseline,12.0,3,99.59999999999896,15,1.2000000000000455,1.2000000000000455,2.4999999999997584,1.1722947718654941,False,False,1.2281183324305176,0.1045903752266861,22.0,1.8837415126886452,0.2499999999975273,1.8837415126886452,21.0,0.563614142621407,1.9047619047619047,0.563614142621407,21.0,11.27228285242814,1.9047619047619047,0,False,2,-1.0,False,True,0.9889642941615387,True,False,False,10.4,1.9919373696405014,0.25
baseline,12.0,3,107.39999999999864,12,0.6,0.20000000000031548,3.299999999999841,1.0979308342402039,True,False,1.147836781251122,0.0639423057103429,23.0,2.179235417825331,0.29999999999738236,2.084486051832925,22.0,0.5953278242680646,1.9090909090909092,0.5953278242680646,23.0,11.906556485361293,1.9130434782608696,2,False,2,0.0,True,False,1.139145786590514,False,True,False,10.4,1.9919373696405014,0.25
baseline,12.0,3,107.99999999999814,5,1.100000000000378,1.100000000000378,0.39999999999918145,2.0125452579721377,False,False,2.104024587879962,0.2739834745566447,23.0,2.0906481388064,0.04999999999786553,1.8927730806784409,22.0,0.5405747277429009,1.9090909090909092,0.5711273768795966,23.0,11.422547537591932,1.9130434782608696,2,False,2,0.0,True,False,1.0928387998306182,False,True,False,10.4,1.9919373696405014,0.25
baseline,12.0,3,109.09999999999852,18,1.5,2.3999999999993236,1.100000000000378,1.506422721431097,False,True,1.5781571367373397,0.1727014550298866,22.0,1.7962152293538018,0.29999999999739657,1.7960565253694647,21.0,0.537378855765021,1.9047619047619047,0.5374263398860961,21.0,10.748526797721922,1.9047619047619047,0,False,2,-1.0,False,True,0.943012995410746,False,False,True,10.4,1.9919373696405014,0.25
baseline,12.0,3,111.49999999999784,6,1.5,2.0999999999998806,2.3999999999993236,1.1150625186761924,False,True,1.1708156446100022,0.0908942868511245,21.0,2.0154024685098517,0.299999999997965,2.0154024685098517,20.0,0.6331573589097284,1.9,0.6331573589097284,20.0,12.663147178194567,1.9,0,False,2,-1.0,False,True,1.0607381413209747,False,True,False,10.4,1.9919373696405014,0.25
baseline,12.0,3,113.59999999999772,9,1.5,1.8000000000009209,2.0999999999998806,1.4125517787830322,False,True,1.486896609245297,0.1572855798088095,20.0,1.9642589445787744,0.3999999999979593,1.9578930089611783,19.0,0.6474633993123424,1.894736842105263,0.6495685757933387,19.0,12.991371515866774,1.894736842105263,0,False,2,-1.0,False,True,1.0366922207499087,False,True,False,10.4,1.9919373696405014,0.25
baseline,12.0,3,119.39999999999829,15,0.6,0.09999999999955378,2.29999999999977,1.1969384923752686,True,False,1.2539355634407576,0.124114634221126,22.0,1.8756810553944163,0.3999999999970498,,,,,0.5356932567367862,22.0,10.713865134735725,1.9090909090909092,1,False,2,0.0,True,False,0.9824996004446942,True,False,False,10.4,1.9919373696405014,0.25
baseline,12.0,3,129.89999999999725,23,1.5,2.299999999999528,2.4999999999989626,1.0306959605808104,False,True,1.07550882843215,0.0746152339888605,24.0,2.0268787449633696,0.24999999999809575,2.0268787449633696,23.0,0.5537067282516714,1.9130434782608696,0.5537067282516714,23.0,11.074134565033429,1.9130434782608696,0,False,2,-1.0,False,True,1.0595047985035795,False,True,False,10.4,1.9919373696405014,0.25
baseline,12.0,3,132.19999999999678,20,0.6,0.4000000000003183,2.299999999999528,1.3220793014056031,True,False,1.3821738151058578,0.1324875003105992,23.0,2.049226217913802,0.3999999999991246,2.0405221690084527,22.0,0.582771768694915,1.9090909090909092,0.5852576392492361,22.0,11.705152784984723,1.9090909090909092,1,False,2,-1.0,False,False,1.0734042093834202,False,True,False,10.4,1.9919373696405014,0.25
baseline,12.0,3,132.5999999999971,22,0.6,0.3999999999996646,0.4000000000003183,1.956079571644993,True,False,2.049226217913802,0.2598194102650867,22.0,2.293528271512081,0.5499999999989313,2.2609569270625376,21.0,0.6764767306802497,1.9047619047619047,0.6862220541507478,21.0,13.724441083014955,1.9047619047619047,2,True,2,-1.0,False,False,1.2041023425438426,False,True,False,10.4,1.9919373696405014,0.25
baseline,12.0,3,132.99999999999676,16,1.5,4.900000000000489,0.3999999999996646,2.1735886192481195,False,True,2.2822680502105257,0.3624272490626738,21.0,2.293528271512081,0.14999999999926672,2.1825660339686994,20.0,0.6856733418290677,1.9,0.6862220541507478,21.0,13.724441083014955,1.9047619047619047,2,False,2,0.0,True,False,1.2041023425438426,False,True,False,10.4,1.9919373696405014,0.25
baseline,12.0,3,140.99999999999673,21,0.6,0.0999999999994543,0.3999999999996362,1.3041843599359382,True,False,1.3634654672057536,0.2312620901719594,23.0,1.9345937277148813,0.400000000001171,1.9282341860088807,22.0,0.5507023957423813,1.9090909090909092,0.5525186766063603,22.0,11.050373532127207,1.9090909090909092,4,False,3,-1.0,True,False,1.0133586192792234,True,False,False,10.4,1.9919373696405014,0.25
baseline,12.0,3,141.0999999999962,25,1.5,7.900000000000546,0.09999999999942588,1.3610005162792955,False,True,1.4201744517696997,0.2603152459215915,24.0,1.9345937277148813,0.30000000000171667,1.8769049226387595,23.0,0.5127365840389952,1.9130434782608696,0.5525186766063603,22.0,11.050373532127207,1.9090909090909092,4,False,3,-2.0,True,False,1.0133586192792234,True,False,False,10.4,1.9919373696405014,0.25
baseline,12.0,3,150.39999999999574,11,1.5,inf,1.2999999999995566,1.122680315958312,False,True,1.1714925036086736,0.12294159624192,24.0,1.9392346860908087,0.25000000000426326,1.9388408758209643,23.0,0.5296563697355428,1.9130434782608696,0.5297639516008168,23.0,10.595279032016336,1.9130434782608696,0,False,2,-1.0,False,True,1.0136908586383773,True,False,False,10.4,1.9919373696405014,0.25
B2,12.0,3,25.60000000000012,25,1.5,2.300000000000008,3.500000000000149,1.0496951625096733,False,True,1.0953340826187896,0.0508781304415255,24.0,1.8014118632893854,0.2500000000001137,1.8003362483967011,23.0,0.4918194027786509,1.9130434782608696,0.4921132413738638,23.0,9.842264827477276,1.9130434782608696,0,False,2,-1.0,False,True,0.941647110355815,False,False,True,10.4,1.9919373696405014,0.25
B2,12.0,3,27.900000000000126,14,1.5,1.8000000000000256,2.300000000000008,1.1176981851340146,False,True,1.1685026480946517,0.0645021229117503,23.0,1.946159395550612,0.25000000000013856,1.9453472493084265,22.0,0.5555898751916786,1.9090909090909092,0.5558218236160504,22.0,11.116436472321007,1.9090909090909092,0,False,2,-1.0,False,True,1.0194168262407968,True,False,False,10.4,1.9919373696405014,0.25
B2,12.0,3,29.700000000000152,15,1.5,3.89999999999997,1.8000000000000256,1.256776192297122,False,True,1.316622677644604,0.1236723548354726,22.0,2.4082768097699363,0.20000000000013785,2.4082768097699363,21.0,0.720554736512752,1.9047619047619047,0.720554736512752,21.0,14.41109473025504,1.9047619047619047,0,False,2,-1.0,False,True,1.2643453251292167,False,True,False,10.4,1.9919373696405014,0.25
B2,12.0,3,36.80000000000025,7,0.8999999999998991,0.8999999999998991,0.9000000000001265,1.4422140755407673,False,False,1.5077692607926203,0.2605761323796726,23.0,1.728631545387595,0.2999999999997769,1.728631545387595,22.0,0.493696014886658,1.9090909090909092,0.493696014886658,22.0,9.873920297733159,1.9090909090909092,1,False,2,-1.0,False,False,0.9054736666315973,False,False,True,10.4,1.9919373696405014,0.25
B2,12.0,3,41.60000000000035,17,1.5,3.1999999999999034,3.9000000000001975,1.2932894984861119,False,True,1.352075384780935,0.1680480513145976,23.0,2.172762486604681,0.24999999999941025,2.172762486604681,22.0,0.620539515082978,1.9090909090909092,0.620539515082978,22.0,12.41079030165956,1.9090909090909092,0,False,2,-1.0,False,True,1.1381136834595948,False,True,False,10.4,1.9919373696405014,0.25
B2,12.0,3,45.50000000000038,22,1.0000000000000142,1.0000000000000142,0.7000000000001236,1.4878796748296377,False,False,1.555510569140076,0.2873661903131009,23.0,1.6563783962851697,0.2999999999991587,1.6563783962851697,22.0,0.4730605637576666,1.9090909090909092,0.4730605637576666,22.0,9.461211275153332,1.9090909090909092,1,False,2,-1.0,False,False,0.8676267790065174,False,False,True,10.4,1.9919373696405014,0.25
B2,12.0,3,46.50000000000039,6,1.5,1.6999999999999105,1.0000000000000142,1.49727220227102,False,True,1.5685708785696402,0.2838456143656455,22.0,1.539505739423514,0.049999999999101874,1.3981478193873371,21.0,0.4183248493352236,1.9047619047619047,0.4396818110120213,22.0,8.793636220240426,1.9090909090909092,0,False,2,0.0,True,True,0.8064077682694597,False,False,True,10.4,1.9919373696405014,0.25
B2,12.0,3,48.2000000000003,7,1.4000000000000483,1.4000000000000483,1.6999999999999105,1.2956872638632304,False,False,1.360471627056392,0.2002335770631135,21.0,1.8970608583465187,0.29999999999908056,1.8970608583465187,20.0,0.5959792455994171,1.9,0.5959792455994171,20.0,11.919584911988341,1.9,0,False,2,-1.0,False,True,0.998453083340273,True,False,False,10.4,1.9919373696405014,0.25
B2,12.0,3,51.40000000000046,23,1.5,2.099999999999916,1.8000000000001108,1.3757029730389607,False,True,1.444488121690909,0.1877985118840423,21.0,1.6254281825841683,0.2999999999987395,1.6254281825841683,20.0,0.5106433237344232,1.9,0.5106433237344232,20.0,10.212866474688465,1.9,0,False,2,-1.0,False,True,0.8554885171495623,False,False,True,10.4,1.9919373696405014,0.25
B2,12.0,3,64.20000000000051,22,1.0000000000000568,1.0000000000000568,4.800000000000054,1.0995645903671976,False,False,1.1473717464701192,0.1095346617411499,24.0,1.7451942478008668,0.34999999999796216,1.7444706999953852,23.0,0.4765579422180996,1.9130434782608696,0.4767556024329016,23.0,9.535112048658032,1.9130434782608696,0,False,2,-1.0,False,True,0.9122606295322713,False,False,True,10.4,1.9919373696405014,0.25
B2,12.0,3,65.20000000000057,2,1.5,3.399999999999693,1.0000000000000568,1.566574347361977,False,True,1.6377822722420672,0.1647715706205849,23.0,1.6147130157854133,0.04999999999786553,1.560821826246026,22.0,0.4457696711724654,1.9090909090909092,0.4411104824388934,23.0,8.822209648777868,1.9130434782608696,0,False,2,0.0,True,True,0.8440545309787387,False,False,True,10.4,1.9919373696405014,0.25
B2,12.0,3,68.60000000000026,15,0.6,0.100000000000108,3.399999999999693,1.0421088016473006,True,False,1.0917330302971722,0.0616931271816118,22.0,2.0367005821782245,0.299999999997965,2.0367005821782245,21.0,0.6093793891936348,1.9047619047619047,0.6093793891936348,21.0,12.187587783872695,1.9047619047619047,2,False,3,-1.0,True,False,1.0692678056435678,False,True,False,10.4,1.9919373696405014,0.25
B2,12.0,3,68.70000000000037,8,1.5,3.500000000000142,0.100000000000108,1.0425397322678682,False,True,1.0921844814234811,0.0622355054219088,22.0,2.0367005821782245,0.199999999997857,2.0367005821782245,21.0,0.6093793891936348,1.9047619047619047,0.6093793891936348,21.0,12.187587783872695,1.9047619047619047,1,False,3,-1.0,True,False,1.0692678056435678,False,True,False,10.4,1.9919373696405014,0.25
B2,12.0,3,68.70000000000037,21,1.5,3.500000000000142,0.100000000000108,1.0425397322678682,False,True,1.0921844814234811,0.0622355054219088,22.0,2.0367005821782245,0.199999999997857,2.0367005821782245,21.0,0.6093793891936348,1.9047619047619047,0.6093793891936348,21.0,12.187587783872695,1.9047619047619047,1,False,3,-1.0,True,False,1.0692678056435678,False,True,False,10.4,1.9919373696405014,0.25
B2,12.0,3,75.99999999999984,23,0.6000000000004206,0.6000000000004206,2.7999999999992724,1.151108455834453,False,False,1.2086638786261756,0.176567058789226,21.0,1.614044383323867,0.299999999997965,1.614044383323867,20.0,0.5070669977218127,1.9,0.5070669977218127,20.0,10.141339954436255,1.9,0,False,2,-1.0,False,True,0.8494970438546668,False,False,True,10.4,1.9919373696405014,0.25
B2,12.0,3,77.99999999999962,7,1.5,6.000000000000227,1.299999999999244,1.2282148303596203,False,True,1.2840427771941485,0.1835781533458024,23.0,1.6350760771562147,0.6499999999980588,1.6015306565352467,22.0,0.4573960859154518,1.9090909090909092,0.4669766356413074,22.0,9.339532712826148,1.9090909090909092,0,False,2,-1.0,False,True,0.856468421367541,False,False,True,10.4,1.9919373696405014,0.25
B2,12.0,3,85.7999999999994,19,0.6,0.200000000000216,1.7999999999995566,1.1016274965659403,True,False,1.151701473682574,0.1586602338442978,23.0,2.049607370964813,0.2999999999978513,,,,,0.559915779075352,23.0,11.198315581507039,1.9130434782608696,1,False,1,0.0,True,False,1.0713856711861522,False,True,False,10.4,1.9919373696405014,0.25
B2,12.0,3,89.09999999999921,12,1.5,3.6999999999997897,3.0999999999995964,1.321324884126326,False,True,1.381385106132068,0.1740285250323781,23.0,2.070206204972731,0.2999999999978513,2.070206204972731,22.0,0.591249509541667,1.9090909090909092,0.591249509541667,22.0,11.82499019083334,1.9090909090909092,0,False,2,-1.0,False,True,1.0843937264142876,False,True,False,10.4,1.9919373696405014,0.25
B2,12.0,3,92.799999999999,10,1.000000000000398,1.000000000000398,3.6999999999997897,1.3384646651141245,False,False,1.4022010777386067,0.2025989491969258,22.0,2.149446362132516,0.2999999999978371,2.149446362132516,21.0,0.6431128476724588,1.9047619047619047,0.6431128476724588,21.0,12.862256953449176,1.9047619047619047,0,False,2,-1.0,False,True,1.128459340119571,False,True,False,10.4,1.9919373696405014,0.25
B2,12.0,3,96.0999999999988,18,1.000000000000398,1.000000000000398,2.2999999999994003,1.627374002879621,False,False,1.704868003016746,0.2875541603359656,22.0,1.796363460223122,0.39999999999785985,1.7909595793678958,21.0,0.5358538530874712,1.9047619047619047,0.5374706904584858,21.0,10.749413809169717,1.9047619047619047,0,False,2,-1.0,False,True,0.9430908166171391,False,False,True,10.4,1.9919373696405014,0.25
B2,12.0,3,99.59999999999896,15,1.2000000000000455,1.2000000000000455,2.4999999999997584,1.4723845862264433,False,False,1.542498137951512,0.2950253526456266,22.0,2.600607892766343,0.29999999999752447,2.600607892766343,21.0,0.778100061979274,1.9047619047619047,0.778100061979274,21.0,15.562001239585479,1.9047619047619047,0,False,2,-1.0,False,True,1.3653191437023302,False,True,False,10.4,1.9919373696405014,0.25
B2,12.0,3,107.39999999999864,12,0.6,0.20000000000031548,3.299999999999841,1.5207092647286462,True,False,1.589832413125403,0.3437254940196342,23.0,2.5895012901400345,0.29999999999738236,2.4799855320062263,22.0,0.7082822116690668,1.9090909090909092,0.7074050634404543,23.0,14.148101268809086,1.9130434782608696,2,False,2,0.0,True,False,1.3536029471186544,False,True,False,10.4,1.9919373696405014,0.25
B2,12.0,3,107.99999999999814,5,1.100000000000378,1.100000000000378,0.39999999999918145,2.410669689072298,False,False,2.5202455840301297,0.464853245320959,23.0,2.484781719666582,0.04999999999786553,2.232018312956341,22.0,0.637462939514684,1.9090909090909092,0.678797564893804,23.0,13.575951297876081,1.9130434782608696,2,False,2,0.0,True,False,1.298863171643895,False,True,False,10.4,1.9919373696405014,0.25
B2,12.0,3,109.09999999999852,18,1.5,2.3999999999993236,1.100000000000378,1.7539249512671118,False,True,1.837445187041736,0.3388930532643231,22.0,2.7314001883953747,0.29999999999739657,2.7314001883953747,21.0,0.8172330253215891,1.9047619047619047,0.8172330253215891,21.0,16.344660506431783,1.9047619047619047,0,False,2,-1.0,False,True,1.4339850989075718,False,True,False,10.4,1.9919373696405014,0.25
B2,12.0,3,111.49999999999784,6,1.5,2.0999999999998806,2.3999999999993236,1.7331805671116534,False,True,1.819839595467236,0.3610584169280271,21.0,1.829666051941058,0.049999999997965006,1.6965418299384534,20.0,0.5329843349442429,1.9,0.5474348026000637,21.0,10.948696052001274,1.9047619047619047,0,False,2,0.0,True,True,0.9605746772690554,False,False,True,10.4,1.9919373696405014,0.25
B2,12.0,3,113.59999999999772,9,1.5,1.8000000000009209,2.0999999999998806,1.5194161967454516,False,True,1.59938547025837,0.3017228893476137,20.0,1.7524897605016785,0.24999999999795364,1.7524897605016785,19.0,0.5795377849561483,1.894736842105263,0.5795377849561483,19.0,11.590755699122965,1.894736842105263,0,False,2,-1.0,False,True,0.9249251513758859,False,False,True,10.4,1.9919373696405014,0.25
B2,12.0,3,119.39999999999829,15,0.6,0.09999999999955378,2.29999999999977,1.3107762060400274,True,False,1.373194120613362,0.2685891910145095,22.0,2.584041587805129,0.24999999999705835,,,,,0.7380005517108272,22.0,14.760011034216545,1.9090909090909092,1,False,2,0.0,True,False,1.3535455936122105,False,True,False,10.4,1.9919373696405014,0.25
B2,12.0,3,129.89999999999725,23,1.5,2.299999999999528,2.4999999999989626,1.4650645680504857,False,True,1.5287630275309416,0.2967828794508925,24.0,1.698962043053344,0.24999999999809575,1.698962043053344,23.0,0.4641257976681991,1.9130434782608696,0.4641257976681991,23.0,9.282515953363982,1.9130434782608696,0,False,2,-1.0,False,True,0.8880937952324298,False,False,True,10.4,1.9919373696405014,0.25
B2,12.0,3,132.19999999999678,20,0.6,0.4000000000003183,2.299999999999528,1.3768539712195167,True,False,1.4394382426385857,0.2753691442858438,23.0,2.255609660520981,0.2499999999990905,2.255609660520981,22.0,0.6442006126235347,1.9090909090909092,0.6442006126235347,22.0,12.884012252470693,1.9090909090909092,1,False,2,-1.0,False,False,1.1815098221776568,False,True,False,10.4,1.9919373696405014,0.25
B2,12.0,3,132.5999999999971,22,0.6,0.3999999999996646,0.4000000000003183,2.144855657321011,True,False,2.246991641002964,0.3763240408268,22.0,2.238546936369962,0.04999999999881766,2.071724528035132,21.0,0.6198585292892336,1.9047619047619047,0.6393275100014373,22.0,12.786550200028746,1.9090909090909092,2,False,2,0.0,True,False,1.172572204765218,False,True,False,10.4,1.9919373696405014,0.25
B2,12.0,3,132.99999999999676,16,1.5,4.900000000000489,0.3999999999996646,1.8952219458081114,False,True,1.9899830430985168,0.3801495077021544,21.0,2.454497031299211,0.24999999999928946,2.454497031299211,20.0,0.7711029841787558,1.9,0.7711029841787558,20.0,15.422059683575116,1.9,2,False,2,-1.0,False,False,1.2918405427890585,False,True,False,10.4,1.9919373696405014,0.25
B2,12.0,3,140.99999999999673,21,0.6,0.0999999999994543,0.3999999999996362,1.6822648424948863,True,False,1.7587314262446536,0.3892243025438348,23.0,1.8229738757886729,0.050000000001091394,1.6401407015724043,22.0,0.4684230889921341,1.9090909090909092,0.4772534446553171,24.0,9.545068893106341,1.9166666666666667,4,False,3,1.0,True,False,0.9511168047593076,False,False,True,10.4,1.9919373696405014,0.25
B2,12.0,3,141.0999999999962,25,1.5,7.900000000000546,0.09999999999942588,1.7470166309641446,False,True,1.8229738757886729,0.3751252816444257,24.0,1.8165012770783728,1.6484591469634324e-12,1.7212851326014218,23.0,0.4702240632446921,1.9130434782608696,0.475558922275491,24.0,9.51117844550982,1.9166666666666667,4,False,3,0.0,True,False,0.9477397967365423,False,False,True,10.4,1.9919373696405014,0.25
B2,12.0,3,150.39999999999574,11,1.5,inf,1.2999999999995566,1.3668785265045784,False,True,1.4263080276569513,0.2490547279407405,24.0,1.8226698770825105,0.2000000000042519,1.8226698770825105,23.0,0.4979205474575501,1.9130434782608696,0.4979205474575501,23.0,9.958410949151002,1.9130434782608696,0,False,2,-1.0,False,True,0.9527592539294941,False,False,True,10.4,1.9919373696405014,0.25
baseline,12.0,4,21.400000000000038,19,1.5,8.0,4.300000000000054,1.014516782562132,False,True,1.0586262078909203,0.0377209971158076,24.0,1.9912843888872973,0.20000000000013074,1.9912843888872973,23.0,0.5439829919422934,1.9130434782608696,0.5439829919422934,23.0,10.879659838845868,1.9130434782608696,0,False,2,-1.0,False,True,1.0408986578274508,False,True,False,10.4,1.9919373696405014,0.25
baseline,12.0,4,45.10000000000037,6,1.5,8.0,15.700000000000333,0.9664280294372417,False,True,1.008446639412774,0.0070138742752486,24.0,1.9262604962941252,0.3499999999991914,1.926181354326092,23.0,0.5261980167158686,1.9130434782608696,0.5262196368745959,23.0,10.524392737491919,1.9130434782608696,0,False,2,-1.0,False,True,1.006908895790111,True,False,False,10.4,1.9919373696405014,0.25
baseline,12.0,4,54.4000000000005,11,1.5,7.0000000000000995,1.3000000000001322,1.0628419101221633,False,True,1.1090524279535618,0.0948758781517065,24.0,2.01780931048112,0.29999999999852633,2.01780931048112,23.0,0.5512291222741368,1.9130434782608696,0.5512291222741368,23.0,11.024582445482736,1.9130434782608696,0,False,2,-1.0,False,True,1.0547639577514947,False,True,False,10.4,1.9919373696405014,0.25
baseline,12.0,4,61.4000000000006,14,0.9999999999999005,0.9999999999999005,7.0000000000000995,1.0715008658673297,False,False,1.120205450679481,0.056628887039514,23.0,2.0500793530207315,0.29999999999802895,2.0500793530207315,22.0,0.5855012940660043,1.9090909090909092,0.5855012940660043,22.0,11.710025881320085,1.9090909090909092,0,False,2,-1.0,False,True,1.073851089677526,False,True,False,10.4,1.9919373696405014,0.25
baseline,12.0,4,63.20000000000063,17,1.5,3.3999999999998636,0.8000000000001251,1.3603363638078463,False,True,1.4221698348900211,0.1814253910046788,23.0,1.9420667420287685,0.3499999999978982,1.937776789526976,22.0,0.5534277569340693,1.9090909090909092,0.554652964503513,22.0,11.09305929007026,1.9090909090909092,1,False,2,-1.0,False,False,1.0172730553484024,True,False,False,10.4,1.9919373696405014,0.25
baseline,12.0,4,66.60000000000049,5,1.5,2.800000000000111,3.3999999999998636,1.3223418375395726,False,True,1.3853104964700285,0.1368997569931201,22.0,1.783718188525972,0.2999999999978513,1.783718188525972,21.0,0.5336872340140655,1.9047619047619047,0.5336872340140655,21.0,10.67374468028131,1.9047619047619047,0,False,2,-1.0,False,True,0.9364520489761354,False,False,True,10.4,1.9919373696405014,0.25
baseline,12.0,4,71.00000000000024,13,0.6,0.20000000000038654,1.599999999999639,1.0990447783918202,True,False,1.151380244029526,0.109669095763438,22.0,1.6797026600007887,0.5499999999978371,,,,,0.4797219578976102,22.0,9.594439157952204,1.9090909090909092,1,True,1,0.0,True,False,0.8798442504766035,False,False,True,10.4,1.9919373696405014,0.25
baseline,12.0,4,74.70000000000003,21,1.5,1.9999999999998863,0.09999999999953957,1.1644366093493583,False,True,1.2173655461379655,0.1624401088964146,23.0,2.0104084730121987,0.2999999999978513,2.0104084730121987,22.0,0.5741713172299816,1.9090909090909092,0.5741713172299816,22.0,11.483426344599632,1.9090909090909092,1,False,2,-1.0,False,False,1.0530711049111516,False,True,False,10.4,1.9919373696405014,0.25
baseline,12.0,4,76.69999999999992,12,1.5,2.300000000000324,1.9999999999998863,1.2897105413515053,False,True,1.3511253290349103,0.1418241143983737,22.0,2.006058098415133,0.24999999999785416,2.006058098415133,21.0,0.6002111794909801,1.9047619047619047,0.6002111794909801,21.0,12.004223589819603,1.9047619047619047,0,False,2,-1.0,False,True,1.0531805016679447,False,True,False,10.4,1.9919373696405014,0.25
baseline,12.0,4,79.9,14,1.5,2.8000000000000256,0.8999999999997641,1.3297889203809026,False,True,1.3931122023038025,0.1901966250182738,22.0,1.616567336591994,0.6999999999975586,1.5710714862716946,21.0,0.4700634894795765,1.9047619047619047,0.4836758160638692,21.0,9.673516321277384,1.9047619047619047,1,False,2,-1.0,False,False,0.8486978517107968,False,False,True,10.4,1.9919373696405014,0.25
baseline,12.0,4,91.89999999999894,11,1.5,8.0,3.999999999998934,1.0259145297319068,False,True,1.0705195092854678,0.0677610291019015,24.0,1.7291931666889324,0.34999999999796216,1.7289514397047436,23.0,0.4723183601208625,1.9130434782608696,0.4723843955745757,23.0,9.447687911491514,1.9130434782608696,0,False,2,-1.0,False,True,0.9038964280419419,False,False,True,10.4,1.9919373696405014,0.25
baseline,12.0,4,106.29999999999824,24,0.6,0.29999999999998295,6.399999999999295,1.0129222319043683,True,False,1.0569623289436887,0.0430854873422236,24.0,1.9763023971380065,0.2999999999978513,1.9763023971380065,23.0,0.5398901819235356,1.9130434782608696,0.5398901819235356,23.0,10.797803638470711,1.9130434782608696,1,False,3,-1.0,True,False,1.0330671621403216,False,True,False,10.4,1.9919373696405014,0.25
baseline,12.0,4,106.59999999999822,18,1.5,7.700000000000017,0.29999999999998295,1.890376205958093,False,True,1.9763023971380065,0.2119847934605162,23.0,1.974554049164111,0.04999999999786553,1.8564939195138397,22.0,0.5302134235435272,1.9090909090909092,0.5394125647799957,23.0,10.788251295599913,1.9130434782608696,1,False,2,0.0,True,False,1.0321532529721489,False,True,False,10.4,1.9919373696405014,0.25
baseline,12.0,4,116.59999999999764,16,1.199999999999946,1.199999999999946,1.9999999999994174,1.1313891482098823,False,False,1.1805799807407469,0.0895534589916224,24.0,1.7890275911492035,0.29999999999786553,1.7890275911492035,23.0,0.4887300815151114,1.9130434782608696,0.4887300815151114,23.0,9.774601630302227,1.9130434782608696,0,False,2,-1.0,False,True,0.9351735135552655,False,False,True,10.4,1.9919373696405014,0.25
baseline,12.0,4,117.79999999999758,4,1.5,6.599999999999625,1.199999999999946,1.5039318275072833,False,True,1.5722923651212506,0.1311602669242725,23.0,1.9829282612921773,0.29999999999786553,1.9829282612921773,22.0,0.5663229871155533,1.9090909090909092,0.5663229871155533,22.0,11.326459742311066,1.9090909090909092,0,False,2,-1.0,False,True,1.0386767082959023,False,True,False,10.4,1.9919373696405014,0.25
baseline,12.0,4,124.3999999999972,8,0.6,0.20000000000042917,6.599999999999625,1.0402505185488666,True,False,1.0897862575273842,0.0449221274841371,22.0,2.0114307322609903,0.34999999999783427,,,,,0.574463273788715,22.0,11.4892654757743,1.9090909090909092,1,False,1,0.0,True,False,1.053606574041471,False,True,False,10.4,1.9919373696405014,0.25
baseline,12.0,4,130.69999999999726,17,0.6999999999995623,0.6999999999995623,4.899999999999679,1.1363230679344496,False,False,1.1879741164769244,0.0848580728915447,23.0,1.7256657247424227,0.24999999999826628,1.7256657247424227,22.0,0.4928489784911365,1.9090909090909092,0.4928489784911365,22.0,9.85697956982273,1.9090909090909092,0,False,2,-1.0,False,True,0.9039201415317452,False,False,True,10.4,1.9919373696405014,0.25
baseline,12.0,4,131.39999999999682,7,1.0000000000003695,1.0000000000003695,0.6999999999995623,1.6052404785661276,False,False,1.681680501354991,0.1631842248805422,22.0,2.019753991156621,0.24999999999886313,2.019753991156621,21.0,0.604308981016791,1.9047619047619047,0.604308981016791,21.0,12.08617962033582,1.9047619047619047,1,False,2,-1.0,False,False,1.060370845357226,False,True,False,10.4,1.9919373696405014,0.25
baseline,12.0,4,137.59999999999692,4,1.1000000000003354,1.1000000000003354,5.199999999999733,1.019185181064808,False,False,1.067717808734561,0.0402931194214528,22.0,1.8892681873381656,0.25000000000017053,1.8892681873381656,21.0,0.5652677198097606,1.9047619047619047,0.5652677198097606,21.0,11.305354396195213,1.9047619047619047,0,False,2,-1.0,False,True,0.991865798352537,True,False,False,10.4,1.9919373696405014,0.25
baseline,12.0,4,139.09999999999724,17,0.6,0.29999999999958504,0.39999999999997726,1.2808922003599463,True,False,1.3418870670437533,0.1874363664098523,22.0,1.409980981379939,0.5500000000002672,1.3158312994582713,21.0,0.3936958041658682,1.9047619047619047,0.4026896266185948,22.0,8.053792532371896,1.9090909090909092,2,True,2,0.0,True,False,0.738561466437111,False,False,True,10.4,1.9919373696405014,0.25
baseline,12.0,4,140.69999999999675,24,0.6,0.49999999999954525,1.299999999999926,1.2525947407006186,True,False,1.31224210930541,0.1449284505771035,22.0,1.8701238472672856,0.35000000000107434,1.8668718962194528,21.0,0.5585667651767885,1.9047619047619047,0.5595397466550462,21.0,11.190794933100925,1.9047619047619047,2,False,2,-1.0,False,False,0.981815019815325,True,False,False,10.4,1.9919373696405014,0.25
baseline,12.0,4,141.1999999999963,3,0.6,0.0999999999999659,0.49999999999954525,1.773866584700911,True,False,1.8625599139359563,0.2274053924757403,21.0,3.079594862130336,0.5500000000016882,2.0937632069115133,20.0,0.6577751109189816,1.9,1.018403431042267,19.0,20.36806862084534,1.894736842105263,2,True,3,-2.0,True,False,1.625341732791011,False,True,False,10.4,1.9919373696405014,0.25
baseline,12.0,4,141.29999999999626,2,1.5,4.300000000000665,0.0999999999999659,1.765543940486159,False,True,1.853821137510467,0.2248366984402589,21.0,3.079884291750718,0.5000000000017337,2.0937632069115133,20.0,0.6577751109189816,1.9,1.0184991436705957,19.0,20.369982873411914,1.894736842105263,2,False,3,-2.0,True,False,1.6254944873128792,False,True,False,10.4,1.9919373696405014,0.25
baseline,12.0,4,146.7999999999963,11,0.6,0.3000000000009493,1.1999999999993634,1.4309492473024825,True,False,1.5062623655815606,0.2334049387265254,20.0,1.733372468738427,0.35000000000292175,1.647169957469605,19.0,0.5447091618526656,1.894736842105263,0.5445550213723447,20.0,10.891100427446894,1.9,2,False,2,0.0,True,False,0.9123012993360143,False,False,True,10.4,1.9919373696405014,0.25
baseline,12.0,4,147.3999999999959,23,1.3000000000008356,1.3000000000008356,0.29999999999867555,1.6160844673170451,False,False,1.701141544544258,0.2936387908665009,20.0,2.2043152516447466,0.20000000000339924,2.2043152516447466,19.0,0.7289537474487444,1.894736842105263,0.7289537474487444,19.0,14.579074948974888,1.894736842105263,2,False,2,-1.0,False,False,1.1633886050347275,False,True,False,10.4,1.9919373696405014,0.25
baseline,12.0,4,150.89999999999662,4,1.5,1.8999999999988688,1.6000000000003638,1.7268104749965305,False,True,1.8090395452344608,0.2623661506752244,22.0,1.801297965323131,0.050000000003450396,1.7017638597324036,21.0,0.509166556179041,1.9047619047619047,0.5144494958895809,22.0,10.288989917791618,1.9090909090909092,0,False,2,0.0,True,True,0.9435370294549733,False,False,True,10.4,1.9919373696405014,0.25
baseline,12.0,4,152.7999999999955,6,0.6,0.100000000000108,1.8999999999988688,1.1901622834319059,True,False,1.249670397603501,0.1576614499828087,21.0,2.116015000497685,0.25000000000505906,2.116015000497685,20.0,0.6647657180449329,1.9,0.6647657180449329,20.0,13.295314360898658,1.9,2,False,3,-1.0,True,False,1.1136921055250975,False,True,False,10.4,1.9919373696405014,0.25
baseline,12.0,4,152.8999999999956,9,0.6,0.3000000000004377,0.100000000000108,1.1651760817887002,True,False,1.2234348858781352,0.153093788412224,21.0,2.116015000497685,0.15000000000495106,2.116015000497685,20.0,0.6647657180449329,1.9,0.6647657180449329,20.0,13.295314360898658,1.9,2,False,4,-1.0,True,False,1.1136921055250975,False,True,False,10.4,1.9919373696405014,0.25
baseline,12.0,4,153.19999999999604,16,1.5,1.6000000000002501,0.3000000000004377,1.9147192763735774,False,True,2.021092569505443,0.3672112863698366,19.0,2.018525097464088,4.575895218295045e-12,1.862015705829931,18.0,0.6499660958115694,1.8888888888888888,0.667514064976821,19.0,13.35028129953642,1.894736842105263,2,False,2,0.0,True,False,1.0653326903282687,False,True,False,10.4,1.9919373696405014,0.25
B2,12.0,4,21.400000000000038,19,1.5,8.0,4.300000000000054,1.081701450757551,False,True,1.128731948616575,0.0645935724360523,24.0,1.8800938989567944,0.250000000000135,1.8799866486118104,23.0,0.5135784560109355,1.9130434782608696,0.5136077548714484,23.0,10.272155097428968,1.9130434782608696,0,False,2,-1.0,False,True,0.9827763562728697,True,False,False,10.4,1.9919373696405014,0.25
B2,12.0,4,45.10000000000037,6,1.5,8.0,15.700000000000333,0.9957658998896807,False,True,1.0390600694501015,0.0271178769918466,24.0,1.9132377890303949,0.29999999999918714,1.9132377890303949,23.0,0.5226620680511536,1.9130434782608696,0.5226620680511536,23.0,10.453241361023071,1.9130434782608696,0,False,2,-1.0,False,True,1.0001015715386155,True,False,False,10.4,1.9919373696405014,0.25
B2,12.0,4,54.4000000000005,11,1.5,7.0000000000000995,1.3000000000001322,1.032050672033806,False,True,1.076922440383102,0.1064995542577654,24.0,2.053156900369632,0.3499999999985235,2.0503734129802265,23.0,0.5601250479421314,1.9130434782608696,0.5608854465102979,23.0,11.217708930205958,1.9130434782608696,0,False,2,-1.0,False,True,1.0732411070113985,False,True,False,10.4,1.9919373696405014,0.25
B2,12.0,4,61.4000000000006,14,0.9999999999999005,0.9999999999999005,7.0000000000000995,1.1830999757021925,False,False,1.2368772473250194,0.1150902603227724,23.0,2.1928122285599656,0.3499999999980261,2.1928040424994792,22.0,0.6262633700616695,1.9090909090909092,0.6262657079950773,22.0,12.525314159901546,1.9090909090909092,0,False,2,-1.0,False,True,1.148615929245696,False,True,False,10.4,1.9919373696405014,0.25
B2,12.0,4,63.20000000000063,17,1.5,3.3999999999998636,0.8000000000001251,1.5474798431350325,False,True,1.6178198360048068,0.2155621354269734,23.0,1.945249722213939,0.44999999999789253,1.9346890094362068,22.0,0.5525458890023365,1.9090909090909092,0.555562021518627,22.0,11.11124043037254,1.9090909090909092,1,False,2,-1.0,False,False,1.0189403306834919,True,False,False,10.4,1.9919373696405014,0.25
B2,12.0,4,66.60000000000049,5,1.5,2.800000000000111,3.3999999999998636,1.5155266500774962,False,True,1.587694585795472,0.2416496854802828,22.0,1.593861947219826,0.2999999999978513,1.593861947219826,21.0,0.4768823794497265,1.9047619047619047,0.4768823794497265,21.0,9.53764758899453,1.9047619047619047,0,False,2,-1.0,False,True,0.8367775222904088,False,False,True,10.4,1.9919373696405014,0.25
B2,12.0,4,71.00000000000024,13,0.6,0.20000000000038654,1.599999999999639,1.3255258899461217,True,False,1.3886461704197466,0.1759223419146505,22.0,2.0946930640307464,0.39999999999784563,,,,,0.5982429401349534,22.0,11.964858802699068,1.9090909090909092,1,False,1,0.0,True,False,1.0972201763970575,False,True,False,10.4,1.9919373696405014,0.25
B2,12.0,4,74.70000000000003,21,1.5,1.9999999999998863,0.09999999999953957,1.5870561561372016,False,True,1.6591950723252562,0.2884058775185253,23.0,1.9185995834733691,0.2999999999978513,1.9185995834733691,22.0,0.5479507596927613,1.9090909090909092,0.5479507596927613,22.0,10.959015193855226,1.9090909090909092,1,False,2,-1.0,False,False,1.004980734200336,True,False,False,10.4,1.9919373696405014,0.25
B2,12.0,4,76.69999999999992,12,1.5,2.300000000000324,1.9999999999998863,1.4452629195537532,False,True,1.514084963342027,0.2668881368988566,22.0,2.6843070109050737,0.24999999999785416,2.6843070109050737,21.0,0.803142779565615,1.9047619047619047,0.803142779565615,21.0,16.0628555913123,1.9047619047619047,0,False,2,-1.0,False,True,1.4092611807251638,False,True,False,10.4,1.9919373696405014,0.25
B2,12.0,4,79.9,14,1.5,2.8000000000000256,0.8999999999997641,1.6596082659927427,False,True,1.7386372310400162,0.3184543733688191,22.0,1.707741741656898,0.04999999999759552,1.5748749611701405,21.0,0.4712014865080594,1.9047619047619047,0.4877299008925408,22.0,9.754598017850816,1.9090909090909092,1,False,2,0.0,True,False,0.8945313884869466,False,False,True,10.4,1.9919373696405014,0.25
B2,12.0,4,91.89999999999894,11,1.5,8.0,3.999999999998934,1.1484161666800465,False,True,1.1983473043617876,0.1351290352344114,24.0,2.093896441817672,0.299999999997965,2.093896441817672,23.0,0.5720147546949743,1.9130434782608696,0.5720147546949743,23.0,11.440295093899486,1.9130434782608696,0,False,2,-1.0,False,True,1.0945367764046923,False,True,False,10.4,1.9919373696405014,0.25
B2,12.0,4,106.29999999999824,24,0.6,0.29999999999998295,6.399999999999295,1.1531303252700087,True,False,1.2032664263687047,0.1268884831546194,24.0,1.91903149059854,0.5999999999978485,1.6242833534167036,23.0,0.4437249261254008,1.9130434782608696,0.5480741120792585,22.0,10.96148224158517,1.9090909090909092,1,True,3,-2.0,True,False,1.0052069712659017,True,False,False,10.4,1.9919373696405014,0.25
B2,12.0,4,106.59999999999822,18,1.5,7.700000000000017,0.29999999999998295,1.5536623380507601,False,True,1.6242833534167036,0.1754896799743836,23.0,1.91903149059854,0.29999999999786553,1.91903149059854,22.0,0.5480741120792585,1.9090909090909092,0.5480741120792585,22.0,10.96148224158517,1.9090909090909092,1,False,2,-1.0,False,False,1.0052069712659017,True,False,False,10.4,1.9919373696405014,0.25
B2,12.0,4,116.59999999999764,16,1.199999999999946,1.199999999999946,1.9999999999994174,1.1683545849937071,False,False,1.2191526104282162,0.1224429024722387,24.0,2.2580736694926173,0.29999999999786553,2.2580736694926173,23.0,0.616865013160222,1.9130434782608696,0.616865013160222,23.0,12.33730026320444,1.9130434782608696,0,False,2,-1.0,False,True,1.180356690871141,False,True,False,10.4,1.9919373696405014,0.25
B2,12.0,4,117.79999999999758,4,1.5,6.599999999999625,1.199999999999946,1.6183757731371602,False,True,1.6919383082797586,0.1966353332998607,23.0,1.6636210311991584,0.04999999999786553,1.627083753823677,22.0,0.4646940334352516,1.9090909090909092,0.4544712704324132,23.0,9.089425408648264,1.9130434782608696,0,False,2,0.0,True,True,0.8696200844904691,False,False,True,10.4,1.9919373696405014,0.25
B2,12.0,4,124.3999999999972,8,0.6,0.20000000000042917,6.599999999999625,1.1631104164847652,True,False,1.2184966267935635,0.1227493950304752,22.0,1.806214575101492,0.2999999999978513,,,,,0.5158536763586961,22.0,10.317073527173921,1.9090909090909092,1,False,1,0.0,True,False,0.9461123964817338,False,False,True,10.4,1.9919373696405014,0.25
B2,12.0,4,130.69999999999726,17,0.6999999999995623,0.6999999999995623,4.899999999999679,1.0519016010329048,False,False,1.099715310170764,0.069189433634516,23.0,2.087518643826093,0.24999999999826628,2.087518643826093,22.0,0.5961939305159802,1.9090909090909092,0.5961939305159802,22.0,11.923878610319605,1.9090909090909092,0,False,2,-1.0,False,True,1.0934621467660488,False,True,False,10.4,1.9919373696405014,0.25
B2,12.0,4,131.39999999999682,7,1.0000000000003695,1.0000000000003695,0.6999999999995623,1.8620004079942634,False,False,1.9506670940892283,0.2177260359736715,22.0,1.9189867642570009,0.04999999999881766,1.77344403214944,21.0,0.530613213614604,1.9047619047619047,0.5480613382659856,22.0,10.961226765319712,1.9090909090909092,1,False,2,0.0,True,False,1.0051835431822385,True,False,False,10.4,1.9919373696405014,0.25
B2,12.0,4,137.59999999999692,4,1.1000000000003354,1.1000000000003354,5.199999999999733,1.10330456792181,False,False,1.1558428806799914,0.1028795333885956,22.0,1.7921106333133106,0.25000000000017053,1.7921106333133106,21.0,0.536198247622595,1.9047619047619047,0.536198247622595,21.0,10.723964952451901,1.9047619047619047,0,False,2,-1.0,False,True,0.9408580824894881,False,False,True,10.4,1.9919373696405014,0.25
B2,12.0,4,139.09999999999724,17,0.6,0.29999999999958504,0.39999999999997726,1.4164191261140653,True,False,1.483867655929021,0.2182026944396204,22.0,1.5060782798257035,0.5500000000002672,1.354059836243742,21.0,0.405133755625175,1.9047619047619047,0.4301349508755985,22.0,8.60269901751197,1.9090909090909092,2,True,2,0.0,True,False,0.7888981465753685,False,False,True,10.4,1.9919373696405014,0.25
B2,12.0,4,140.69999999999675,24,0.6,0.49999999999954525,1.299999999999926,1.521501269039505,True,False,1.593953710422339,0.2090538830803966,22.0,1.5913095253356064,9.947598300641403e-13,1.4971603490064762,21.0,0.4479493289223502,1.9047619047619047,0.4544769376710729,22.0,9.089538753421458,1.9090909090909092,2,False,2,0.0,True,False,0.8335430846996034,False,False,True,10.4,1.9919373696405014,0.25
B2,12.0,4,141.1999999999963,3,0.6,0.0999999999999659,0.49999999999954525,1.4001204644424254,True,False,1.4701264876645468,0.1860099525461205,21.0,2.970975996068955,0.3500000000016428,2.262214917629933,20.0,0.7106957766067437,1.9,0.982483827709668,19.0,19.64967655419336,1.894736842105263,2,False,3,-2.0,True,False,1.568015109036393,False,True,False,10.4,1.9919373696405014,0.25
B2,12.0,4,141.29999999999626,2,1.5,4.300000000000665,0.0999999999999659,1.3847947258045163,False,True,1.454034462094742,0.1789660228197005,21.0,2.970975996068955,0.2500000000016769,2.262214917629933,20.0,0.7106957766067437,1.9,0.982483827709668,19.0,19.64967655419336,1.894736842105263,2,False,3,-2.0,True,False,1.568015109036393,False,True,False,10.4,1.9919373696405014,0.25
B2,12.0,4,146.7999999999963,11,0.6,0.3000000000009493,1.1999999999993634,1.6446496573794598,True,False,1.7312101656625891,0.2210693256551593,20.0,1.9025559093839248,0.35000000000292175,1.8045009871018256,19.0,0.5967375836289079,1.894736842105263,0.5977055667964386,20.0,11.954111335928772,1.9,2,False,2,0.0,True,False,1.0013452154652236,True,False,False,10.4,1.9919373696405014,0.25
B2,12.0,4,147.3999999999959,23,1.3000000000008356,1.3000000000008356,0.29999999999867555,1.7548572906999493,False,False,1.8472182007367888,0.3413977582183433,20.0,2.058610593276035,0.20000000000339924,2.058610593276035,19.0,0.6807700964671701,1.894736842105263,0.6807700964671701,19.0,13.615401929343403,1.894736842105263,2,False,2,-1.0,False,False,1.0864889242290183,False,True,False,10.4,1.9919373696405014,0.25
B2,12.0,4,150.89999999999662,4,1.5,1.8999999999988688,1.6000000000003638,1.6684957200375068,False,True,1.74794789718215,0.3461349094058368,22.0,1.767761789908618,1.4000000000037573,1.6573976025570794,21.0,0.4958922030733959,1.9047619047619047,0.528913090711777,21.0,10.578261814235539,1.9047619047619047,0,True,2,-1.0,False,True,0.9280749397020245,False,False,True,10.4,1.9919373696405014,0.25
B2,12.0,4,152.7999999999955,6,0.6,0.100000000000108,1.8999999999988688,1.6323544388909188,True,False,1.7139721608354648,0.3355168022112855,21.0,2.9916556125743785,0.4000000000051216,2.37101772037573,20.0,0.7448771851863611,1.9,0.9893224520562462,19.0,19.786449041124925,1.894736842105263,2,False,3,-2.0,True,False,1.5789293510809221,False,True,False,10.4,1.9919373696405014,0.25
B2,12.0,4,152.8999999999956,9,0.6,0.3000000000004377,0.100000000000108,1.6096203180994446,True,False,1.690101334004417,0.3333641649231096,21.0,2.9916556125743785,0.3000000000050136,2.37101772037573,20.0,0.7448771851863611,1.9,0.9893224520562462,19.0,19.786449041124925,1.894736842105263,2,False,4,-2.0,True,False,1.5789293510809221,False,True,False,10.4,1.9919373696405014,0.25
B2,12.0,4,153.19999999999604,16,1.5,1.6000000000002501,0.3000000000004377,2.83266927603196,False,True,2.990039791367069,0.6060616931327701,19.0,2.9916556125743785,4.575895218295045e-12,2.7857198916878407,18.0,0.9723996829650527,1.8888888888888888,0.9893224520562462,19.0,19.786449041124925,1.894736842105263,2,False,2,0.0,True,False,1.5789293510809221,False,True,False,10.4,1.9919373696405014,0.25
baseline,12.0,5,30.20000000000016,19,0.9000000000000092,0.9000000000000092,inf,0.9591418117684795,False,False,1.000843629671457,0.0006136837093952,24.0,1.917606673513308,0.20000000000013785,1.917606673513308,23.0,0.5238555685203625,1.9130434782608696,0.5238555685203625,23.0,10.47711137040725,1.9130434782608696,0,False,2,-1.0,False,True,1.0023853066092292,True,False,False,10.4,1.9919373696405014,0.25
baseline,12.0,5,31.10000000000017,9,1.5,4.300000000000065,0.9000000000000092,1.7452462873672865,False,True,1.8245756640657995,0.1762871279245152,23.0,1.8331965817849207,0.2500000000001421,1.833196290483304,22.0,0.5235596362518553,1.9090909090909092,0.5235597194474026,22.0,10.471194388948053,1.9090909090909092,1,False,2,-1.0,False,False,0.9602458285540061,False,False,True,10.4,1.9919373696405014,0.25
baseline,12.0,5,35.40000000000023,24,1.5,2.799999999999926,4.300000000000065,1.0624540838512055,False,True,1.1130471354631677,0.0706779032576247,22.0,1.7724275049736478,0.29999999999987637,1.7724275049736478,21.0,0.5303090693948285,1.9047619047619047,0.5303090693948285,21.0,10.60618138789657,1.9047619047619047,0,False,2,-1.0,False,True,0.9305244401111651,False,False,True,10.4,1.9919373696405014,0.25
baseline,12.0,5,45.90000000000038,5,1.5,3.999999999999943,2.500000000000149,1.0818935813536685,False,True,1.1289324327168715,0.0645163111726518,24.0,2.023381220509189,0.2999999999991303,2.023381220509189,23.0,0.5527512676315842,1.9130434782608696,0.5527512676315842,23.0,11.055025352631684,1.9130434782608696,0,False,2,-1.0,False,True,1.0576765470843486,False,True,False,10.4,1.9919373696405014,0.25
baseline,12.0,5,49.900000000000325,19,1.5,4.000000000000057,3.999999999999943,1.1159886410000948,False,True,1.16671539740919,0.0803977849885783,23.0,1.845612661070522,0.29999999999895977,1.845612661070522,22.0,0.5271057433992237,1.9090909090909092,0.5271057433992237,22.0,10.542114867984473,1.9090909090909092,0,False,2,-1.0,False,True,0.9667494891321781,False,False,True,10.4,1.9919373696405014,0.25
baseline,12.0,5,57.50000000000055,18,0.6,0.3999999999997783,3.600000000000165,1.0501687187898792,True,False,1.0979036605530554,0.0703515001828453,23.0,2.0894309756982667,0.29999999999830607,2.0894309756982667,22.0,0.5967400912215117,1.9090909090909092,0.5967400912215117,22.0,11.934801824430235,1.9090909090909092,1,False,2,-1.0,False,False,1.0944638444133779,False,True,False,10.4,1.9919373696405014,0.25
baseline,12.0,5,78.3999999999998,18,1.5,1.6999999999996902,12.899999999999267,0.980663375046328,False,True,1.0233009130918205,0.0164264465563142,24.0,1.8677664815346904,0.3499999999978627,1.8677491063297076,23.0,0.510235380103853,1.9130434782608696,0.5102401266965773,23.0,10.204802533931545,1.9130434782608696,0,False,2,-1.0,False,True,0.9763324789840426,False,False,True,10.4,1.9919373696405014,0.25
baseline,12.0,5,80.0999999999995,19,0.7000000000001876,0.7000000000001876,1.6999999999996902,1.4410995537073257,False,False,1.5066040788758404,0.1161953965384954,23.0,2.433311509704262,0.2999999999980787,2.433311509704262,22.0,0.6949521420711271,1.9090909090909092,0.6949521420711271,22.0,13.899042841422542,1.9090909090909092,0,False,2,-1.0,False,True,1.274591743178423,False,True,False,10.4,1.9919373696405014,0.25
baseline,12.0,5,80.79999999999968,15,1.5,5.299999999999699,0.7000000000001876,2.1622077430175937,False,True,2.265170016494622,0.2824662919908985,22.0,2.250520085760513,0.04999999999786553,1.8826774406046831,21.0,0.5632957729983721,1.9047619047619047,0.6427470334710454,22.0,12.854940669420909,1.9090909090909092,1,False,2,0.0,True,False,1.1788438544459832,False,True,False,10.4,1.9919373696405014,0.25
baseline,12.0,5,86.09999999999938,16,0.6,0.3000000000004235,5.299999999999699,1.2149230197267915,True,False,1.275669170713131,0.14415741254692,21.0,2.45842602471296,0.4499999999978428,2.343964614444024,20.0,0.7363782013011777,1.9,0.7355593465363994,21.0,14.711186930727989,1.9047619047619047,1,False,2,0.0,True,False,1.290673662974304,False,True,False,10.4,1.9919373696405014,0.25
baseline,12.0,5,92.09999999999904,12,1.5,2.000000000000341,3.2999999999993577,1.1850450109208828,False,True,1.2389106932354683,0.0800073910348501,23.0,2.161753833655175,0.2999999999978513,2.161753833655175,22.0,0.6173954511527882,1.9090909090909092,0.6173954511527882,22.0,12.347909023055763,1.9090909090909092,0,False,2,-1.0,False,True,1.13234724620033,False,True,False,10.4,1.9919373696405014,0.25
baseline,12.0,5,99.19999999999864,17,0.9000000000004036,0.9000000000004036,5.099999999999255,1.1404767159067233,False,False,1.1923165666297562,0.0877800872041901,23.0,1.704115678309041,0.3499999999978485,1.7032909684124995,22.0,0.4864587630264139,1.9090909090909092,0.4866942996220791,22.0,9.733885992441582,1.9090909090909092,0,False,2,-1.0,False,True,0.8926320219714023,False,False,True,10.4,1.9919373696405014,0.25
baseline,12.0,5,100.69999999999855,11,1.5,6.500000000000085,0.5999999999995111,1.437389840492841,False,True,1.5027257423334246,0.1854976097590267,23.0,1.7653717670403566,0.2999999999978513,1.7653717670403566,22.0,0.5041889976535288,1.9090909090909092,0.5041889976535288,22.0,10.083779953070575,1.9090909090909092,1,False,2,-1.0,False,False,0.9247185446401868,False,False,True,10.4,1.9919373696405014,0.25
baseline,12.0,5,112.69999999999789,13,1.5,3.1999999999997897,3.999999999999332,1.0654312388313558,False,True,1.1117543361718496,0.070284156700349,24.0,1.763628228069318,0.3999999999978314,1.761892067976465,23.0,0.4813171458411296,1.9130434782608696,0.4817914334753177,23.0,9.635828669506354,1.9130434782608696,0,False,2,-1.0,False,True,0.9218965737635072,False,False,True,10.4,1.9919373696405014,0.25
baseline,12.0,5,115.89999999999768,22,1.5,1.8999999999999062,3.1999999999997897,1.1398304237106793,False,True,1.1916408975157102,0.0674502425182044,23.0,1.83802842462682,0.29999999999786553,1.83802842462682,22.0,0.5249396905360761,1.9090909090909092,0.5249396905360761,22.0,10.498793810721523,1.9090909090909092,0,False,2,-1.0,False,True,0.9627767938521438,False,False,True,10.4,1.9919373696405014,0.25
baseline,12.0,5,117.79999999999758,8,1.5,2.900000000000304,1.8999999999999062,1.343420905040711,False,True,1.407393329090269,0.1062513088838495,22.0,1.832800458044871,0.29999999999786553,1.832800458044871,21.0,0.5483726147133119,1.9047619047619047,0.5483726147133119,21.0,10.967452294266238,1.9047619047619047,0,False,2,-1.0,False,True,0.9622202404735573,False,False,True,10.4,1.9919373696405014,0.25
baseline,12.0,5,123.99999999999712,5,1.5,1.8000000000004661,0.09999999999944009,1.1617795193566658,False,True,1.2145876793274233,0.1734904986832751,23.0,2.163049123782776,0.299999999997965,2.163049123782776,22.0,0.6177653851481644,1.9090909090909092,0.6177653851481644,22.0,12.355307702963287,1.9090909090909092,1,False,2,-1.0,False,False,1.1330257315052636,False,True,False,10.4,1.9919373696405014,0.25
baseline,12.0,5,129.39999999999694,14,1.5,2.600000000000165,3.599999999999355,1.2345404216964426,False,True,1.2906558954099172,0.1131191965131703,23.0,1.800559728566391,0.34999999999831743,1.7998138924274782,22.0,0.5140256456617287,1.9090909090909092,0.5142386559648915,22.0,10.28477311929783,1.9090909090909092,0,False,2,-1.0,False,True,0.9431503340109667,False,False,True,10.4,1.9919373696405014,0.25
baseline,12.0,5,139.59999999999624,24,1.5,8.0,2.1999999999993065,1.0382116238561465,False,True,1.0833512596759791,0.0718860943481514,24.0,1.9964685041422296,0.2500000000013074,1.9964685041422296,23.0,0.5453991987597071,1.9130434782608696,0.5453991987597071,23.0,10.907983975194142,1.9130434782608696,0,False,2,-1.0,False,True,1.0436085362561656,False,True,False,10.4,1.9919373696405014,0.25
baseline,12.0,5,149.29999999999623,18,0.6,0.2999999999995566,1.6999999999999886,1.0708400584209214,True,False,1.1173983218305268,0.077055281748519,24.0,1.9472367583827923,0.2500000000035243,1.9472367583827923,23.0,0.5319499734726421,1.9130434782608696,0.5319499734726421,23.0,10.638999469452841,1.9130434782608696,1,False,3,-1.0,True,False,1.0178737600637322,True,False,False,10.4,1.9919373696405014,0.25
baseline,12.0,5,149.5999999999958,7,1.5,inf,0.2999999999995566,1.8625742906270186,False,True,1.9472367583827923,0.2132342181336386,23.0,1.9468468430803756,3.979039320256561e-12,1.872299941495063,22.0,0.5347276128652263,1.9090909090909092,0.5318434556422424,23.0,10.636869112844849,1.9130434782608696,1,False,2,0.0,True,False,1.0176699407011054,True,False,False,10.4,1.9919373696405014,0.25
B2,12.0,5,30.20000000000016,19,0.9000000000000092,0.9000000000000092,inf,0.9591418117684795,False,False,1.000843629671457,0.0006136837093952,24.0,1.917606673513308,0.20000000000013785,1.917606673513308,23.0,0.5238555685203625,1.9130434782608696,0.5238555685203625,23.0,10.47711137040725,1.9130434782608696,0,False,2,-1.0,False,True,1.0023853066092292,True,False,False,10.4,1.9919373696405014,0.25
B2,12.0,5,31.10000000000017,9,1.5,4.300000000000065,0.9000000000000092,1.7452462873672865,False,True,1.8245756640657995,0.1762870698482236,23.0,1.835883426516756,0.35000000000014353,1.834340440851707,22.0,0.5238864048329441,1.9090909090909092,0.5243270805083906,22.0,10.486541610167812,1.9090909090909092,1,False,2,-1.0,False,False,0.9616532234135389,False,False,True,10.4,1.9919373696405014,0.25
B2,12.0,5,35.40000000000023,24,1.5,2.799999999999926,4.300000000000065,1.0058898728028594,False,True,1.0537893905553763,0.026096096600186,22.0,1.87893314912998,0.3499999999998735,1.8786303339597408,21.0,0.5620848815217965,1.9047619047619047,0.5621754836088648,21.0,11.243509672177296,1.9047619047619047,0,False,2,-1.0,False,True,0.9864399032932396,True,False,False,10.4,1.9919373696405014,0.25
B2,12.0,5,45.90000000000038,5,1.5,3.999999999999943,2.500000000000149,1.1048492818650166,False,True,1.1528862071634955,0.0616307962255148,24.0,1.9712226446188053,0.2999999999991303,1.9712226446188053,23.0,0.5385024851238507,1.9130434782608696,0.5385024851238507,23.0,10.770049702477014,1.9130434782608696,0,False,2,-1.0,False,True,1.03041183695983,False,True,False,10.4,1.9919373696405014,0.25
B2,12.0,5,49.900000000000325,19,1.5,4.000000000000057,3.999999999999943,1.2318321948278093,False,True,1.2878245673199824,0.1402025203057602,23.0,1.77402974801704,0.29999999999895977,1.77402974801704,22.0,0.5066617112381895,1.9090909090909092,0.5066617112381895,22.0,10.13323422476379,1.9090909090909092,0,False,2,-1.0,False,True,0.9292536775327351,False,False,True,10.4,1.9919373696405014,0.25
B2,12.0,5,57.50000000000055,18,0.6,0.3999999999997783,3.600000000000165,1.0774394630708712,True,False,1.1264139841195473,0.0785243711455784,23.0,1.765525533179766,0.29999999999830607,1.765525533179766,22.0,0.5042329131602505,1.9090909090909092,0.5042329131602505,22.0,10.08465826320501,1.9090909090909092,1,False,2,-1.0,False,False,0.9247990888084487,False,False,True,10.4,1.9919373696405014,0.25
B2,12.0,5,78.3999999999998,18,1.5,1.6999999999996902,12.899999999999267,1.0171382547791665,False,True,1.0613616571608695,0.0399336456710748,24.0,1.8307928018678552,0.29999999999786553,1.830683409334961,23.0,0.5001096999839505,1.9130434782608696,0.5001395840515763,23.0,10.002791681031526,1.9130434782608696,0,False,2,-1.0,False,True,0.9570053282491061,False,False,True,10.4,1.9919373696405014,0.25
B2,12.0,5,80.0999999999995,19,0.7000000000001876,0.7000000000001876,1.6999999999996902,1.3480632555087748,False,False,1.409338858031901,0.0976698692456831,23.0,2.285518534745207,0.2999999999980787,2.285518534745207,22.0,0.6527425671271683,1.9090909090909092,0.6527425671271683,22.0,13.054851342543365,1.9090909090909092,0,False,2,-1.0,False,True,1.1971763753427274,False,True,False,10.4,1.9919373696405014,0.25
B2,12.0,5,80.79999999999968,15,1.5,5.299999999999699,0.7000000000001876,1.9986069285721066,False,True,2.0937786870755404,0.2425170507272341,22.0,2.0537457558005823,0.04999999999786553,1.7406455683129751,21.0,0.5207999361824451,1.9047619047619047,0.5865484162513024,22.0,11.730968325026048,1.9090909090909092,1,False,2,0.0,True,False,1.0757715863717334,False,True,False,10.4,1.9919373696405014,0.25
B2,12.0,5,86.09999999999938,16,0.6,0.3000000000004235,5.299999999999699,1.2308941715630923,True,False,1.292438880141247,0.0988304000513112,21.0,2.1392920803237203,0.39999999999784563,2.035132325605665,20.0,0.6393556763205868,1.9,0.640074693659793,21.0,12.80149387319586,1.9047619047619047,1,False,2,0.0,True,False,1.1231283421699532,False,True,False,10.4,1.9919373696405014,0.25
B2,12.0,5,92.09999999999904,12,1.5,2.000000000000341,3.2999999999993577,1.1851611874032,False,True,1.239032150466982,0.0875692973204808,23.0,2.0957336665392328,0.2999999999978513,2.0957336665392328,22.0,0.5985401355164051,1.9090909090909092,0.5985401355164051,22.0,11.970802710328101,1.9090909090909092,0,False,2,-1.0,False,True,1.0977652539015028,False,True,False,10.4,1.9919373696405014,0.25
B2,12.0,5,99.19999999999864,17,0.9000000000004036,0.9000000000004036,5.099999999999255,1.1868884188162858,False,False,1.2408378923988443,0.1308804165862125,23.0,2.061368927382833,0.2999999999978371,2.061368927382833,22.0,0.5887255889640164,1.9090909090909092,0.5887255889640164,22.0,11.774511779280328,1.9090909090909092,0,False,2,-1.0,False,True,1.0797646762481505,False,True,False,10.4,1.9919373696405014,0.25
B2,12.0,5,100.69999999999855,11,1.5,6.500000000000085,0.5999999999995111,1.4542249090122807,False,True,1.5203260412401118,0.2314649043284475,23.0,1.863185965821299,0.2999999999978513,1.863185965821299,22.0,0.5321246674996178,1.9090909090909092,0.5321246674996178,22.0,10.642493349992357,1.9090909090909092,1,False,2,-1.0,False,False,0.9759545535254424,False,False,True,10.4,1.9919373696405014,0.25
B2,12.0,5,112.69999999999789,13,1.5,3.1999999999997897,3.999999999999332,1.1692733782481557,False,True,1.2201113512154669,0.1258234533586444,24.0,1.9275184658538795,0.2999999999978371,1.9275184658538795,23.0,0.5265632914769753,1.9130434782608696,0.5265632914769753,23.0,10.531265829539507,1.9130434782608696,0,False,2,-1.0,False,True,1.0075664707872551,True,False,False,10.4,1.9919373696405014,0.25
B2,12.0,5,115.89999999999768,22,1.5,1.8999999999999062,3.1999999999997897,1.2488618704093575,False,True,1.3056283190643283,0.151774917006208,23.0,1.923680305531125,0.29999999999786553,1.923680305531125,22.0,0.5494018105192682,1.9090909090909092,0.5494018105192682,22.0,10.988036210385363,1.9090909090909092,0,False,2,-1.0,False,True,1.0076420648020177,True,False,False,10.4,1.9919373696405014,0.25
B2,12.0,5,117.79999999999758,8,1.5,2.900000000000304,1.8999999999999062,1.2760084087892225,False,True,1.3367707139696616,0.1778131703394554,22.0,1.5213239879357916,0.4499999999978428,1.5170691173109494,21.0,0.4539060184697172,1.9047619047619047,0.4551790727837153,21.0,9.103581455674306,1.9047619047619047,0,False,2,-1.0,False,True,0.7986950936662907,False,False,True,10.4,1.9919373696405014,0.25
B2,12.0,5,123.99999999999712,5,1.5,1.8000000000004661,0.09999999999944009,1.214573291057272,False,True,1.2697811679235116,0.1719775224164405,23.0,1.643464027998672,0.299999999997965,1.643464027998672,22.0,0.4693722287999744,1.9090909090909092,0.4693722287999744,22.0,9.387444575999488,1.9090909090909092,1,False,2,-1.0,False,False,0.8608621099040663,False,False,True,10.4,1.9919373696405014,0.25
B2,12.0,5,129.39999999999694,14,1.5,2.600000000000165,3.599999999999355,1.0908784335827144,False,True,1.1404638169273833,0.1041372534783939,23.0,2.1349543080904194,0.2499999999982947,2.1349543080904194,22.0,0.6097415245497038,1.9090909090909092,0.6097415245497038,22.0,12.194830490994075,1.9090909090909092,0,False,2,-1.0,False,True,1.1183093994759339,False,True,False,10.4,1.9919373696405014,0.25
B2,12.0,5,139.59999999999624,24,1.5,8.0,2.1999999999993065,1.2072239742175341,False,True,1.2597119730965574,0.1149521280218172,24.0,1.7851999462007624,0.2500000000013074,1.7851999462007624,23.0,0.4876844379281051,1.9130434782608696,0.4876844379281051,23.0,9.753688758562102,1.9130434782608696,0,False,2,-1.0,False,True,0.9331726991503985,False,False,True,10.4,1.9919373696405014,0.25
B2,12.0,5,149.29999999999623,18,0.6,0.2999999999995566,1.6999999999999886,1.1212215676691277,True,False,1.169970331480829,0.1301316792946095,24.0,2.231706307354853,0.2500000000035243,2.231706307354853,23.0,0.6096619252309576,1.9130434782608696,0.6096619252309576,23.0,12.193238504619153,1.9130434782608696,1,False,3,-1.0,True,False,1.166573751571855,False,True,False,10.4,1.9919373696405014,0.25
B2,12.0,5,149.5999999999958,7,1.5,inf,0.2999999999995566,2.1346755983394248,False,True,2.231706307354853,0.2838172765875901,23.0,2.2284360409348016,3.979039320256561e-12,2.0888688266403754,22.0,0.5965795418260122,1.9090909090909092,0.608768547408304,23.0,12.17537094816608,1.9130434782608696,1,False,2,0.0,True,False,1.1648642941250098,False,True,False,10.4,1.9919373696405014,0.25
baseline,12.0,6,22.50000000000005,5,0.9999999999999112,0.9999999999999112,4.000000000000071,1.0817729844488913,False,False,1.1309444837420226,0.0624275964221528,23.0,1.9369239684747208,0.30000000000013927,1.925343173444376,22.0,0.5498767244847373,1.9090909090909092,0.5531841918111065,22.0,11.063683836222129,1.9090909090909092,0,False,2,-1.0,False,True,1.0145792215819966,True,False,False,10.4,1.9919373696405014,0.25
baseline,12.0,6,28.20000000000013,3,1.5,2.299999999999919,4.70000000000017,1.0942461815742217,False,True,1.14398464437305,0.0560681831445224,23.0,2.104339037687756,0.20000000000013785,2.104339037687756,22.0,0.600997823769279,1.9090909090909092,0.600997823769279,22.0,12.01995647538558,1.9090909090909092,0,False,2,-1.0,False,True,1.102272829265015,False,True,False,10.4,1.9919373696405014,0.25
baseline,12.0,6,50.300000000000445,9,0.8000000000000114,0.8000000000000114,14.100000000000314,0.9891914833981006,False,False,1.0321998087632354,0.0265480061021272,24.0,1.8956798579201104,0.29999999999881766,1.8956798579201104,23.0,0.517865557843475,1.9130434782608696,0.517865557843475,23.0,10.3573111568695,1.9130434782608696,0,False,2,-1.0,False,True,0.9909235620946031,True,False,False,10.4,1.9919373696405014,0.25
baseline,12.0,6,51.100000000000456,12,1.5,3.2000000000000455,0.8000000000000114,1.7639258839677927,False,True,1.844104333239056,0.1816368814736998,23.0,1.858551963480478,0.34999999999875797,1.858356933179205,22.0,0.5307454990021316,1.9090909090909092,0.5308011995259232,22.0,10.616023990518464,1.9090909090909092,1,False,2,-1.0,False,False,0.9735272189659646,False,False,True,10.4,1.9919373696405014,0.25
baseline,12.0,6,54.3000000000005,16,1.5,3.999999999999943,3.2000000000000455,1.3930872146858408,False,True,1.4594247010994523,0.1398533357234919,22.0,1.8194501201630264,0.39999999999852776,1.819148260702097,21.0,0.5442878868202246,1.9047619047619047,0.5443782029597362,21.0,10.887564059194723,1.9047619047619047,0,False,2,-1.0,False,True,0.9552113130855889,False,False,True,10.4,1.9919373696405014,0.25
baseline,12.0,6,67.00000000000047,11,1.5,3.799999999999784,4.699999999999967,1.0372832200682007,False,True,1.0823824905059485,0.0376330769877073,24.0,1.8837254403570567,0.2999999999978513,1.8837254403570567,23.0,0.5145998265048632,1.9130434782608696,0.5145998265048632,23.0,10.291996530097265,1.9130434782608696,0,False,2,-1.0,False,True,0.984674662004825,True,False,False,10.4,1.9919373696405014,0.25
baseline,12.0,6,70.80000000000025,10,1.5,3.799999999999784,3.799999999999784,1.1277995104276508,False,True,1.1790631245379986,0.0633462712686407,23.0,2.1124596924078807,0.2999999999978513,2.1124596924078807,22.0,0.6033170773339229,1.9090909090909092,0.6033170773339229,22.0,12.066341546678458,1.9090909090909092,0,False,2,-1.0,False,True,1.106526505546985,False,True,False,10.4,1.9919373696405014,0.25
baseline,12.0,6,74.60000000000004,18,0.6,0.400000000000432,3.799999999999784,1.1747150128233244,True,False,1.2306538229577684,0.1050221225070283,22.0,1.8427057607285535,0.49999999999783995,1.7701352814155675,21.0,0.5296232377100236,1.9047619047619047,0.5262755346029468,22.0,10.525510692058937,1.9090909090909092,1,False,2,0.0,True,False,0.9652268270482899,False,False,True,10.4,1.9919373696405014,0.25
baseline,12.0,6,80.59999999999958,12,1.5,2.0000000000004547,1.7999999999993292,1.1398914460182257,False,True,1.1917046935645086,0.1418878827702741,23.0,1.4750831818266563,0.299999999997965,1.4750831818266563,22.0,0.4212827715873164,1.9090909090909092,0.4212827715873164,22.0,8.425655431746328,1.9090909090909092,0,False,2,-1.0,False,True,0.772662619052058,False,False,True,10.4,1.9919373696405014,0.25
baseline,12.0,6,92.19999999999904,14,1.5,5.299999999999699,3.5999999999994543,1.011119214588789,False,True,1.0550809195709103,0.0590163238656742,24.0,1.732421191292723,0.39999999999784563,1.7314236129703833,23.0,0.4729937132834481,1.9130434782608696,0.4732662336946518,23.0,9.465324673893036,1.9130434782608696,0,False,2,-1.0,False,True,0.9055838045393779,False,False,True,10.4,1.9919373696405014,0.25
baseline,12.0,6,97.49999999999874,24,1.1999999999999034,1.1999999999999034,5.299999999999699,1.0458401707265361,False,False,1.0933783603050151,0.0401783632712186,23.0,1.9054955133621436,0.29999999999786553,1.9054955133621436,22.0,0.5442082460206201,1.9090909090909092,0.5442082460206201,22.0,10.884164920412402,1.9090909090909092,0,False,2,-1.0,False,True,0.9981166974754085,True,False,False,10.4,1.9919373696405014,0.25
baseline,12.0,6,98.69999999999864,7,1.5,1.500000000000398,1.1999999999999034,1.4781480054011353,False,True,1.5485360056583322,0.1330062281266816,22.0,1.7461627637270056,0.24999999999788258,1.7461627637270056,21.0,0.5224506771901725,1.9047619047619047,0.5224506771901725,21.0,10.44901354380345,1.9047619047619047,0,False,2,-1.0,False,True,0.916735450956678,False,False,True,10.4,1.9919373696405014,0.25
baseline,12.0,6,105.29999999999828,6,0.6,0.2000000000004576,5.099999999999241,1.0652610861120932,True,False,1.1159878044983833,0.1001570168569049,22.0,2.186615593109559,0.29999999999786553,,,,,0.624495953048898,22.0,12.489919060977961,1.9090909090909092,1,False,1,0.0,True,False,1.1453700725811975,False,True,False,10.4,1.9919373696405014,0.25
baseline,12.0,6,109.49999999999852,10,1.5,3.7999999999997556,2.7999999999998835,1.2641482581731007,False,True,1.3216095426355143,0.1114326259185689,23.0,2.0750707851004884,0.2499999999973994,2.0750707851004884,22.0,0.592638830377318,1.9090909090909092,0.592638830377318,22.0,11.85277660754636,1.9090909090909092,0,False,2,-1.0,False,True,1.0869418398145414,False,True,False,10.4,1.9919373696405014,0.25
baseline,12.0,6,123.29999999999772,24,1.5,5.899999999999679,5.799999999999201,1.0081932509188978,False,True,1.0520277400892846,0.0450958514621715,24.0,1.9817344327368809,0.2499999999973994,1.9817344327368809,23.0,0.5413741161088801,1.9130434782608696,0.5413741161088801,23.0,10.827482322177602,1.9130434782608696,0,False,2,-1.0,False,True,1.0359066352942785,False,True,False,10.4,1.9919373696405014,0.25
baseline,12.0,6,129.1999999999974,18,1.5,1.6999999999999034,5.899999999999679,1.122083560472531,False,True,1.173087358675828,0.0795007853979543,23.0,1.901694897317124,0.24999999999781153,1.901694897317124,22.0,0.5431227926164248,1.9090909090909092,0.5431227926164248,22.0,10.862455852328496,1.9090909090909092,0,False,2,-1.0,False,True,0.9961258985946839,True,False,False,10.4,1.9919373696405014,0.25
baseline,12.0,6,130.8999999999973,11,0.6,0.400000000000432,1.6999999999999034,1.242617381864769,True,False,1.3017896381440437,0.1284604825442579,22.0,1.755281949631699,0.4999999999983231,1.6856577546318368,21.0,0.5043476208017186,1.9047619047619047,0.5013073525401559,22.0,10.026147050803118,1.9090909090909092,1,False,2,0.0,True,False,0.9194334021880327,False,False,True,10.4,1.9919373696405014,0.25
baseline,12.0,6,135.79999999999657,21,1.40000000000083,1.40000000000083,4.499999999998835,1.083891037990096,False,False,1.1355048969420052,0.0846972432329026,22.0,1.9612371076708,0.20000000000010232,1.9612371076708,21.0,0.5868007704196456,1.9047619047619047,0.5868007704196456,21.0,11.736015408392912,1.9047619047619047,0,False,2,-1.0,False,True,1.02964948152717,False,True,False,10.4,1.9919373696405014,0.25
baseline,12.0,6,138.6999999999963,3,0.6,0.2000000000010118,1.4999999999988916,1.2567449120422565,True,False,1.3165899078537924,0.1320400292000109,22.0,1.814414697614479,0.25000000000108,,,,,0.5181956258719085,22.0,10.36391251743817,1.9090909090909092,1,False,1,0.0,True,False,0.9504076987504414,False,False,True,10.4,1.9919373696405014,0.25
baseline,12.0,6,140.79999999999674,14,1.5,2.9999999999998295,1.8999999999994373,1.2700549778624382,False,True,1.330533786332078,0.1356888696589082,22.0,1.9818930121416325,0.25000000000108,1.9818930121416325,21.0,0.5929810025852476,1.9047619047619047,0.5929810025852476,21.0,11.859620051704951,1.9047619047619047,0,False,2,-1.0,False,True,1.040493831374357,False,True,False,10.4,1.9919373696405014,0.25
baseline,12.0,6,150.69999999999607,3,1.5,3.49999999999946,1.8999999999993236,1.0619126672668735,False,True,1.1080827832349984,0.0786174090613471,24.0,1.8846393734919689,0.2000000000039961,1.8846393734919689,23.0,0.5148494965589947,1.9130434782608696,0.5148494965589947,23.0,10.296989931179894,1.9130434782608696,0,False,2,-1.0,False,True,0.9851523997798928,True,False,False,10.4,1.9919373696405014,0.25
B2,12.0,6,22.50000000000005,5,0.9999999999999112,0.9999999999999112,4.000000000000071,1.304888662372489,False,False,1.3642017833894202,0.1558204075913501,23.0,2.2253840634127102,0.4000000000001407,2.2147776491986164,22.0,0.6325390174597496,1.9090909090909092,0.635568202275743,22.0,12.711364045514859,1.9090909090909092,0,False,2,-1.0,False,True,1.1656773665495148,False,True,False,10.4,1.9919373696405014,0.25
B2,12.0,6,28.20000000000013,3,1.5,2.299999999999919,4.70000000000017,1.3562495098691196,False,True,1.4178972148631706,0.2134538591054945,23.0,2.350315810386585,0.20000000000013785,2.350315810386585,22.0,0.6712486257751307,1.9090909090909092,0.6712486257751307,22.0,13.424972515502613,1.9090909090909092,0,False,2,-1.0,False,True,1.2311178054405922,False,True,False,10.4,1.9919373696405014,0.25
B2,12.0,6,50.300000000000445,9,0.8000000000000114,0.8000000000000114,14.100000000000314,1.1320235720717944,False,False,1.181241988248829,0.1191594943612257,24.0,2.1071033489440603,0.29999999999881766,2.1071033489440603,23.0,0.5756226435997487,1.9130434782608696,0.5756226435997487,23.0,11.512452871994974,1.9130434782608696,0,False,2,-1.0,False,True,1.1014403869480314,False,True,False,10.4,1.9919373696405014,0.25
B2,12.0,6,51.100000000000456,12,1.5,3.2000000000000455,0.8000000000000114,1.8723062967962092,False,True,1.957411128468764,0.2352837847477627,23.0,1.9055833141870544,0.049999999998775024,1.7830786882706993,22.0,0.5092460825312504,1.9090909090909092,0.520571003535073,23.0,10.41142007070146,1.9130434782608696,1,False,2,0.0,True,False,0.9961003687795966,True,False,False,10.4,1.9919373696405014,0.25
B2,12.0,6,54.3000000000005,16,1.5,3.999999999999943,3.2000000000000455,1.2961936975181105,False,True,1.3579172069237349,0.1613105417347893,22.0,1.5867630171216485,0.3499999999985306,1.582741674364825,21.0,0.4735552015918993,1.9047619047619047,0.4747583845311758,21.0,9.495167690623516,1.9047619047619047,0,False,2,-1.0,False,True,0.8330505839888654,False,False,True,10.4,1.9919373696405014,0.25
B2,12.0,6,67.00000000000047,11,1.5,3.799999999999784,4.699999999999967,1.0602542970504993,False,True,1.1063523099657384,0.0732134965779669,24.0,1.9851239904728708,0.2999999999978513,1.9851239904728708,23.0,0.5423000821682109,1.9130434782608696,0.5423000821682109,23.0,10.846001643364218,1.9130434782608696,0,False,2,-1.0,False,True,1.0376784495653641,False,True,False,10.4,1.9919373696405014,0.25
B2,12.0,6,70.80000000000025,10,1.5,3.799999999999784,3.799999999999784,1.2518815529142895,False,True,1.308785259864939,0.1379058653972266,23.0,2.4138810620290325,0.2999999999978513,2.4138810620290325,22.0,0.6894028191918125,1.9090909090909092,0.6894028191918125,22.0,13.788056383836249,1.9090909090909092,0,False,2,-1.0,False,True,1.2644138896342552,False,True,False,10.4,1.9919373696405014,0.25
B2,12.0,6,74.60000000000004,18,0.6,0.400000000000432,3.799999999999784,1.5168166193525876,True,False,1.5890459821789014,0.2291083076264439,22.0,1.62859449636917,0.49999999999783995,1.5619085904670909,21.0,0.4673219574657334,1.9047619047619047,0.4651255004972867,22.0,9.302510009945733,1.9090909090909092,1,False,2,0.0,True,False,0.8530733076219462,False,False,True,10.4,1.9919373696405014,0.25
B2,12.0,6,80.59999999999958,12,1.5,2.0000000000004547,1.7999999999993292,1.2542143791856106,False,True,1.3112241236940476,0.1369082658585594,23.0,2.0635701406891527,0.49999999999795364,2.033885673512696,22.0,0.5808763900135467,1.9090909090909092,0.5893542540142089,22.0,11.787085080284179,1.9090909090909092,0,False,2,-1.0,False,True,1.080917692741937,False,True,False,10.4,1.9919373696405014,0.25
B2,12.0,6,92.19999999999904,14,1.5,5.299999999999699,3.5999999999994543,1.2214681694168859,False,True,1.2745754811306635,0.1437120449963033,24.0,2.1129622816591334,0.2999999999978371,2.1129622816591334,23.0,0.5772231983802314,1.9130434782608696,0.5772231983802314,23.0,11.544463967604628,1.9130434782608696,0,False,2,-1.0,False,True,1.1045030108672742,False,True,False,10.4,1.9919373696405014,0.25
B2,12.0,6,97.49999999999874,24,1.1999999999999034,1.1999999999999034,5.299999999999699,1.3674197031095996,False,False,1.429575144160036,0.205154714398493,23.0,1.4883147840539397,0.29999999999786553,1.4883147840539397,22.0,0.4250617083466306,1.9090909090909092,0.4250617083466306,22.0,8.501234166932612,1.9090909090909092,0,False,2,-1.0,False,True,0.7795934583139684,False,False,True,10.4,1.9919373696405014,0.25
B2,12.0,6,98.69999999999864,7,1.5,1.500000000000398,1.1999999999999034,1.2653880944679172,False,True,1.325644670394961,0.1868137798713032,22.0,1.7553329337900638,0.24999999999788258,1.7553329337900638,21.0,0.5251943856570556,1.9047619047619047,0.5251943856570556,21.0,10.503887713141111,1.9047619047619047,0,False,2,-1.0,False,True,0.9215497902397836,False,False,True,10.4,1.9919373696405014,0.25
B2,12.0,6,105.29999999999828,6,0.6,0.2000000000004576,5.099999999999241,1.1438947104775987,True,False,1.1983658871670082,0.1269120637814886,22.0,1.998742113440609,0.29999999999786553,,,,,0.5708394127277776,22.0,11.416788254555552,1.9090909090909092,1,False,1,0.0,True,False,1.0469601546593665,False,True,False,10.4,1.9919373696405014,0.25
B2,12.0,6,109.49999999999852,10,1.5,3.7999999999997556,2.7999999999998835,1.2596014916947849,False,True,1.3168561049536387,0.2500510079062173,23.0,2.4598283017938605,0.2499999999973994,2.4598283017938605,22.0,0.7025253201825317,1.9090909090909092,0.7025253201825317,22.0,14.050506403650633,1.9090909090909092,0,False,2,-1.0,False,True,1.2884814914158316,False,True,False,10.4,1.9919373696405014,0.25
B2,12.0,6,123.29999999999772,24,1.5,5.899999999999679,5.799999999999201,1.2224836414016418,False,True,1.2756351040712783,0.1627010371320404,24.0,1.7290733858769736,0.2499999999973994,1.7290733858769736,23.0,0.4723516736164113,1.9130434782608696,0.4723516736164113,23.0,9.447033472328226,1.9130434782608696,0,False,2,-1.0,False,True,0.9038338153447816,False,False,True,10.4,1.9919373696405014,0.25
B2,12.0,6,129.1999999999974,18,1.5,1.6999999999999034,5.899999999999679,1.1261801330958539,False,True,1.1773701391456652,0.1220851110993783,23.0,2.1655114166647658,0.24999999999781153,2.1655114166647658,22.0,0.6184686143508049,1.9090909090909092,0.6184686143508049,22.0,12.369372287016098,1.9090909090909092,0,False,2,-1.0,False,True,1.134315503967258,False,True,False,10.4,1.9919373696405014,0.25
B2,12.0,6,130.8999999999973,11,0.6,0.400000000000432,1.6999999999999034,1.4531013525244523,True,False,1.5222966550256165,0.1975038354501798,22.0,2.0257629313351417,0.4999999999983231,1.971483224386676,21.0,0.589866401372257,1.9047619047619047,0.5785565402724551,22.0,11.571130805449101,1.9090909090909092,1,False,2,0.0,True,False,1.0611139164136456,False,True,False,10.4,1.9919373696405014,0.25
B2,12.0,6,135.79999999999657,21,1.40000000000083,1.40000000000083,4.499999999998835,1.3803164956479477,False,False,1.4460458525835642,0.2633731050831225,22.0,1.9286852803315115,0.20000000000010232,1.9286852803315115,21.0,0.5770612864548808,1.9047619047619047,0.5770612864548808,21.0,11.541225729097615,1.9047619047619047,0,False,2,-1.0,False,True,1.0125597721740436,True,False,False,10.4,1.9919373696405014,0.25
B2,12.0,6,138.6999999999963,3,0.6,0.2000000000010118,1.4999999999988916,1.3661349066393333,True,False,1.431188949812635,0.2482980328865887,22.0,1.4305528904844722,9.947598300641403e-13,,,,,0.4085649501197874,22.0,8.171299002395747,1.9090909090909092,1,False,1,0.0,True,False,0.7493372283490092,False,False,True,10.4,1.9919373696405014,0.25
B2,12.0,6,140.79999999999674,14,1.5,2.9999999999998295,1.8999999999994373,1.2142810481439847,False,True,1.2721039551984603,0.1768918912391477,22.0,2.1434303043314387,0.25000000000108,2.1434303043314387,21.0,0.6413128473875602,1.9047619047619047,0.6413128473875602,21.0,12.826256947751205,1.9047619047619047,0,False,2,-1.0,False,True,1.1253009097740054,False,True,False,10.4,1.9919373696405014,0.25
B2,12.0,6,150.69999999999607,3,1.5,3.49999999999946,1.8999999999993236,1.3240484663922187,False,True,1.3816157910179674,0.195076383486031,24.0,1.5124703755252509,0.30000000000401883,1.5115433679768946,23.0,0.4129263948190074,1.9130434782608696,0.4131796365671585,23.0,8.26359273134317,1.9130434782608696,0,False,2,-1.0,False,True,0.7906095144791084,False,False,True,10.4,1.9919373696405014,0.25
baseline,12.0,7,23.30000000000006,4,1.5,1.7000000000000242,7.500000000000073,1.0039500108025543,False,True,1.0476000112722306,0.0265944510563313,24.0,1.920856523487097,0.20000000000013785,1.920856523487097,23.0,0.5247433689380081,1.9130434782608696,0.5247433689380081,23.0,10.494867378760162,1.9130434782608696,0,False,2,-1.0,False,True,1.0040840918228007,True,False,False,10.4,1.9919373696405014,0.25
baseline,12.0,7,25.000000000000085,6,1.5,3.600000000000051,1.7000000000000242,1.460963485659485,False,True,1.5273709168258252,0.1257963109124153,23.0,2.137339011751478,0.40000000000013713,2.1093666151221577,22.0,0.6024336965268491,1.9090909090909092,0.6104225943226647,22.0,12.208451886453293,1.9090909090909092,0,False,2,-1.0,False,True,1.11955852996506,False,True,False,10.4,1.9919373696405014,0.25
baseline,12.0,7,28.600000000000136,25,0.6,0.30000000000000426,3.600000000000051,1.2934722185768002,True,False,1.355066133747124,0.13940149104516,22.0,1.9850895358860128,0.3000000000001428,1.9770046153178704,21.0,0.5915183976757845,1.9047619047619047,0.5939374002530924,21.0,11.878748005061848,1.9047619047619047,1,False,3,-1.0,True,False,1.0421720063401567,False,True,False,10.4,1.9919373696405014,0.25
baseline,12.0,7,28.90000000000014,16,1.5,2.3999999999999204,0.30000000000000426,1.888532254576446,False,True,1.9829588673052685,0.2532576017778782,21.0,1.9850895358860128,1.3855583347321954e-13,1.864358848373684,20.0,0.5857056061705892,1.9,0.5939374002530924,21.0,11.878748005061848,1.9047619047619047,1,False,2,0.0,True,False,1.0421720063401567,False,True,False,10.4,1.9919373696405014,0.25
baseline,12.0,7,38.80000000000028,2,1.5,6.600000000000094,1.9000000000001407,1.1127544962127118,False,True,1.1611351264828298,0.1154073885650052,24.0,1.6047959606576414,0.44999999999962625,1.597806143872848,23.0,0.4364918298653544,1.9130434782608696,0.4384013217837061,23.0,8.768026435674122,1.9130434782608696,0,False,2,-1.0,False,True,0.8388706157983126,False,False,True,10.4,1.9919373696405014,0.25
baseline,12.0,7,45.400000000000375,9,1.3999999999999062,1.3999999999999062,6.600000000000094,1.0165230387757744,False,False,1.0627286314474005,0.03492800541799,23.0,1.89773335503818,0.2999999999991658,1.89773335503818,22.0,0.5419913787872961,1.9090909090909092,0.5419913787872961,22.0,10.839827575745922,1.9090909090909092,0,False,2,-1.0,False,True,0.9940508050199991,True,False,False,10.4,1.9919373696405014,0.25
baseline,12.0,7,49.80000000000044,8,0.6,0.09999999999988773,3.0000000000001563,1.1235160359012308,True,False,1.174584946624014,0.1067358501328776,23.0,2.2250628890474267,0.2999999999988532,2.2250628890474267,22.0,0.6354764750915161,1.9090909090909092,0.6354764750915161,22.0,12.709529501830321,1.9090909090909092,1,False,3,-1.0,True,False,1.1655091323581759,False,True,False,10.4,1.9919373696405014,0.25
baseline,12.0,7,49.900000000000325,6,1.5,3.5000000000000497,0.09999999999988773,1.1212777876593882,False,True,1.172244959825724,0.105170709465924,23.0,2.2250628890474267,0.19999999999896545,2.2250628890474267,22.0,0.6354764750915161,1.9090909090909092,0.6354764750915161,22.0,12.709529501830321,1.9090909090909092,1,False,3,-1.0,True,False,1.1655091323581759,False,True,False,10.4,1.9919373696405014,0.25
baseline,12.0,7,53.70000000000049,7,1.5,2.900000000000034,0.30000000000011795,1.337914781585415,False,True,1.4016250092799587,0.2200819725461744,22.0,2.3814408982686497,0.2999999999985761,2.3814408982686497,21.0,0.7125254505675302,1.9047619047619047,0.7125254505675302,21.0,14.250509011350605,1.9047619047619047,1,False,2,-1.0,False,False,1.2502564715910411,False,True,False,10.4,1.9919373696405014,0.25
baseline,12.0,7,56.60000000000053,21,1.1999999999999105,1.1999999999999105,2.900000000000034,1.4828036544661285,False,False,1.5569438371894349,0.1922333269334741,21.0,1.6816683584001988,0.29999999999837,1.6816683584001988,20.0,0.5283116960524472,1.9,0.5283116960524472,20.0,10.566233921048944,1.9,0,False,2,-1.0,False,True,0.8850886096843152,False,False,True,10.4,1.9919373696405014,0.25
baseline,12.0,7,74.80000000000003,19,1.5,7.999999999999432,10.199999999999491,1.0174196694380437,False,True,1.0616553072396977,0.0414965682005673,24.0,1.9709583551704,0.2999999999978513,1.9709583551704,23.0,0.5384302860117174,1.9130434782608696,0.5384302860117174,23.0,10.768605720234348,1.9130434782608696,0,False,2,-1.0,False,True,1.0302736856572545,False,True,False,10.4,1.9919373696405014,0.25
baseline,12.0,7,82.79999999999946,7,0.7999999999998408,0.7999999999998408,7.999999999999432,1.0839287083259264,False,False,1.133198195068014,0.0741946620805298,23.0,1.8402824184912616,0.34999999999796216,,,,,0.5027319762141396,23.0,10.054639524282791,1.9130434782608696,1,False,2,0.0,True,False,0.9619658096658867,False,False,True,10.4,1.9919373696405014,0.25
baseline,12.0,7,83.5999999999993,6,1.5,5.199999999999932,0.7999999999992724,1.7093450797802854,False,True,1.787042583406662,0.2063940631280145,23.0,1.869367597582172,0.6499999999980588,1.8379873357375995,22.0,0.5249279555767563,1.9090909090909092,0.5338901374020866,22.0,10.677802748041731,1.9090909090909092,2,False,2,-1.0,False,False,0.979192551114471,False,False,True,10.4,1.9919373696405014,0.25
baseline,12.0,7,88.79999999999923,18,1.5,2.0000000000002274,5.199999999999932,1.1472493452359283,False,True,1.2018802664376391,0.1027584952903034,22.0,1.7225861098873425,0.2999999999978513,1.7225861098873425,21.0,0.5153965588569425,1.9047619047619047,0.5153965588569425,21.0,10.30793117713885,1.9047619047619047,0,False,2,-1.0,False,True,0.9043577076908549,False,False,True,10.4,1.9919373696405014,0.25
baseline,12.0,7,95.69999999999884,15,1.1000000000004064,1.1000000000004064,4.09999999999954,1.0699465398843642,False,False,1.1185804735154716,0.0966479739085088,23.0,2.075863439317691,0.2999999999978371,2.075863439317691,22.0,0.5928652118923727,1.9090909090909092,0.5928652118923727,22.0,11.857304237847455,1.9090909090909092,0,False,2,-1.0,False,True,1.0873570396426,False,True,False,10.4,1.9919373696405014,0.25
baseline,12.0,7,100.19999999999858,13,1.5,3.500000000000256,3.3999999999993378,1.1731812326303148,False,True,1.226507652295329,0.101354340719093,23.0,2.285594830798997,0.2999999999978513,2.285594830798997,22.0,0.6527643572291759,1.9090909090909092,0.6527643572291759,22.0,13.055287144583518,1.9090909090909092,0,False,2,-1.0,False,True,1.1972163399423317,False,True,False,10.4,1.9919373696405014,0.25
baseline,12.0,7,105.49999999999817,25,1.5,2.700000000000415,1.7999999999993292,1.229518691512968,False,True,1.2854059047635575,0.11659118864078,23.0,1.867475053944804,0.2999999999979508,1.867475053944804,22.0,0.5333496282032,1.9090909090909092,0.5333496282032,22.0,10.666992564064,1.9090909090909092,0,False,2,-1.0,False,True,0.9782012187329925,False,False,True,10.4,1.9919373696405014,0.25
baseline,12.0,7,120.1999999999979,19,1.5,7.999999999999986,6.699999999999733,1.0057810447169844,False,True,1.0495106553568532,0.0276301559336979,24.0,1.9952103115045683,0.2499999999973994,1.9952103115045683,23.0,0.5450554832164656,1.9130434782608696,0.5450554832164656,23.0,10.901109664329311,1.9130434782608696,0,False,2,-1.0,False,True,1.0429508446501152,False,True,False,10.4,1.9919373696405014,0.25
baseline,12.0,7,129.2999999999974,18,0.6,0.49999999999940314,1.0999999999995111,1.0676002244836984,True,False,1.114017625548207,0.104868217029235,24.0,1.6259818461855255,0.2999999999978229,1.6254276057198451,23.0,0.4440375152236098,1.9130434782608696,0.4441889237258101,23.0,8.883778474516202,1.9130434782608696,1,False,2,-1.0,False,False,0.8499450559606156,False,False,True,10.4,1.9919373696405014,0.25
baseline,12.0,7,129.7999999999968,2,1.5,7.500000000000597,0.49999999999940314,1.5478248676058566,False,True,1.618180543406123,0.1447838651174602,23.0,1.856853714924824,0.29999999999853344,1.856853714924824,22.0,0.5303161808726129,1.9090909090909092,0.5303161808726129,22.0,10.606323617452258,1.9090909090909092,1,False,2,-1.0,False,False,0.9726376601987173,False,False,True,10.4,1.9919373696405014,0.25
baseline,12.0,7,137.99999999999736,18,1.5,8.0,0.20000000000055707,1.1147094842113114,False,True,1.1631751139596294,0.1903665273099661,24.0,1.3664018233151671,1.0500000000000114,1.222661798400656,23.0,0.3340091585809031,1.9130434782608696,0.373276341737272,23.0,7.4655268347454395,1.9130434782608696,2,False,2,-1.0,False,False,0.71425549855111,False,False,True,10.4,1.9919373696405014,0.25
baseline,12.0,7,150.09999999999576,22,0.6,0.10000000000044906,4.099999999998403,1.0142736983527787,True,False,1.0583725548028995,0.0481111083056817,24.0,1.9662058610872293,0.20000000000416662,1.9662058610872293,23.0,0.5371319903162464,1.9130434782608696,0.5371319903162464,23.0,10.742639806324927,1.9130434782608696,1,False,3,-1.0,True,False,1.0277894273865062,False,True,False,10.4,1.9919373696405014,0.25
baseline,12.0,7,150.1999999999962,13,1.5,3.1999999999997044,0.10000000000044906,1.0134183988900292,False,True,1.057480068406987,0.0471741867025263,24.0,1.9662058610872293,0.10000000000371756,1.9662058610872293,23.0,0.5371319903162464,1.9130434782608696,0.5371319903162464,23.0,10.742639806324927,1.9130434782608696,1,False,3,-1.0,True,False,1.0277894273865062,False,True,False,10.4,1.9919373696405014,0.25
baseline,12.0,7,153.3999999999959,2,0.6,0.20000000000010232,3.1999999999997044,1.170019079763067,True,False,1.2257342740374988,0.102512817522792,22.0,1.9892677671983696,0.4500000000048203,1.7986036405575463,21.0,0.5381409508471853,1.9047619047619047,0.624946900345337,20.0,12.498938006906739,1.9,1,False,3,-2.0,True,False,1.046983035367563,False,True,False,10.4,1.9919373696405014,0.25
B2,12.0,7,23.30000000000006,4,1.5,1.7000000000000242,7.500000000000073,0.9743162710478722,False,True,1.0166778480499536,0.0074675928950677,24.0,1.909727234271799,0.20000000000013785,1.909727234271799,23.0,0.5217030477868381,1.9130434782608696,0.5217030477868381,23.0,10.434060955736761,1.9130434782608696,0,False,2,-1.0,False,True,0.9982665088238949,True,False,False,10.4,1.9919373696405014,0.25
B2,12.0,7,25.000000000000085,6,1.5,3.600000000000051,1.7000000000000242,1.4187561993552933,False,True,1.4832451175078067,0.1119612249199198,23.0,2.047233227470837,0.25000000000013856,2.0240935565373235,22.0,0.5780797679450993,1.9090909090909092,0.5846884425097549,22.0,11.693768850195099,1.9090909090909092,0,False,2,-1.0,False,True,1.0723602620085337,False,True,False,10.4,1.9919373696405014,0.25
B2,12.0,7,28.600000000000136,25,0.6,0.30000000000000426,3.600000000000051,1.3178607378342695,True,False,1.3806160110644727,0.1252824452123807,22.0,1.9075283404924188,0.25000000000013856,1.9072451209832704,21.0,0.5706464057786684,1.9047619047619047,0.5707311448576489,21.0,11.414622897152977,1.9047619047619047,1,False,3,-1.0,True,False,1.00145237875852,True,False,False,10.4,1.9919373696405014,0.25
B2,12.0,7,28.90000000000014,16,1.5,2.3999999999999204,0.30000000000000426,1.8166936576118276,False,True,1.9075283404924188,0.2345122319596165,21.0,1.9062376927245217,1.3855583347321954e-13,1.7810855605033142,20.0,0.5595445312292071,1.9,0.5703449839485062,21.0,11.406899678970124,1.9047619047619047,1,False,2,0.0,True,False,1.000774788680374,True,False,False,10.4,1.9919373696405014,0.25
B2,12.0,7,38.80000000000028,2,1.5,6.600000000000094,1.9000000000001407,1.1133994068663031,False,True,1.1618080767300554,0.107052214320603,24.0,1.9342585671552208,0.5999999999996177,1.895026417183689,23.0,0.5176870496159012,1.9130434782608696,0.5284045656276488,23.0,10.568091312552976,1.9130434782608696,0,False,2,-1.0,False,True,1.011089705558411,True,False,False,10.4,1.9919373696405014,0.25
B2,12.0,7,45.400000000000375,9,1.3999999999999062,1.3999999999999062,6.600000000000094,1.081430394959376,False,False,1.130586322002984,0.1447058765986797,23.0,2.0608709406879324,0.2999999999991658,2.0608709406879324,22.0,0.5885833642965359,1.9090909090909092,0.5885833642965359,22.0,11.771667285930718,1.9090909090909092,0,False,2,-1.0,False,True,1.0795038260746312,False,True,False,10.4,1.9919373696405014,0.25
B2,12.0,7,49.80000000000044,8,0.6,0.09999999999988773,3.0000000000001563,1.3226631517223282,True,False,1.3827842040733431,0.2078565791208728,23.0,2.514295170629821,0.2999999999988532,2.514295170629821,22.0,0.7180810215460856,1.9090909090909092,0.7180810215460856,22.0,14.361620430921711,1.9090909090909092,1,False,3,-1.0,True,False,1.3170117560441919,False,True,False,10.4,1.9919373696405014,0.25
B2,12.0,7,49.900000000000325,6,1.5,3.5000000000000497,0.09999999999988773,1.3184021937435824,False,True,1.3783295661864725,0.2067744323244461,23.0,2.514295170629821,0.19999999999896545,2.514295170629821,22.0,0.7180810215460856,1.9090909090909092,0.7180810215460856,22.0,14.361620430921711,1.9090909090909092,1,False,3,-1.0,True,False,1.3170117560441919,False,True,False,10.4,1.9919373696405014,0.25
B2,12.0,7,53.70000000000049,7,1.5,2.900000000000034,0.30000000000011795,1.7486815765564194,False,True,1.8319521278210107,0.3730180880503674,22.0,2.9214655062666632,0.2999999999985761,2.9214655062666632,21.0,0.8741004354479367,1.9047619047619047,0.8741004354479367,21.0,17.482008708958734,1.9047619047619047,1,False,2,-1.0,False,False,1.5337693907899983,False,True,False,10.4,1.9919373696405014,0.25
B2,12.0,7,56.60000000000053,21,1.1999999999999105,1.1999999999999105,2.900000000000034,2.011287922947383,False,False,2.111852319094752,0.4234922086865154,21.0,2.247712163252951,1.1499999999983288,2.0527448824195385,20.0,0.6448888242303266,1.9,0.7061396019459893,20.0,14.122792038919787,1.9,0,True,2,-1.0,False,True,1.1830064017120796,False,True,False,10.4,1.9919373696405014,0.25
B2,12.0,7,74.80000000000003,19,1.5,7.999999999999432,10.199999999999491,1.728644131450766,False,True,1.8038025719486253,0.4477802772038565,24.0,1.8008773736854005,0.04999999999786553,1.7114175969433814,23.0,0.4675284304157934,1.9130434782608696,0.4714685939321779,24.0,9.429371878643558,1.9166666666666667,0,False,2,0.0,True,True,0.9395881949662959,False,False,True,10.4,1.9919373696405014,0.25
B2,12.0,7,82.79999999999946,7,0.7999999999998408,0.7999999999998408,7.999999999999432,1.4554696640959306,False,False,1.521627376100291,0.3134776047198265,23.0,2.7417264276059528,0.299999999997965,,,,,0.7489902263582477,23.0,14.979804527164955,1.9130434782608696,1,False,2,0.0,True,False,1.4331751780667479,False,True,False,10.4,1.9919373696405014,0.25
B2,12.0,7,83.5999999999993,6,1.5,5.199999999999932,0.7999999999992724,2.480955224232704,False,True,2.5937259162432813,0.4731001821302621,23.0,3.539402939420265,0.2999999999980787,3.539402939420265,22.0,1.0108511156888025,1.9090909090909092,1.0108511156888025,22.0,20.21702231377605,1.9090909090909092,2,False,2,-1.0,False,False,1.853972968267758,False,True,False,10.4,1.9919373696405014,0.25
B2,12.0,7,88.79999999999923,18,1.5,2.0000000000002274,5.199999999999932,1.60326265382401,False,True,1.6796084944822962,0.3687313010909309,22.0,1.7831401581887305,0.24999999999785416,1.713191324026738,21.0,0.5125856455005877,1.9047619047619047,0.509263638298787,22.0,10.18527276597574,1.9090909090909092,0,False,2,0.0,True,True,0.9340257971464778,False,False,True,10.4,1.9919373696405014,0.25
B2,12.0,7,95.69999999999884,15,1.1000000000004064,1.1000000000004064,4.09999999999954,1.4319125462628564,False,False,1.4969994801838953,0.2691671822998852,23.0,2.470317990935264,0.2999999999978371,2.470317990935264,22.0,0.7055211683957201,1.9090909090909092,0.7055211683957201,22.0,14.110423367914402,1.9090909090909092,0,False,2,-1.0,False,True,1.2939760904899003,False,True,False,10.4,1.9919373696405014,0.25
B2,12.0,7,100.19999999999858,13,1.5,3.500000000000256,3.3999999999993378,1.6742435481225912,False,True,1.750345527582709,0.3558583164584374,23.0,3.1307745864297427,0.2999999999978513,3.1307745864297427,22.0,0.8941471309793911,1.9090909090909092,0.8941471309793911,22.0,17.882942619587823,1.9090909090909092,0,False,2,-1.0,False,True,1.6399295452727223,False,True,False,10.4,1.9919373696405014,0.25
B2,12.0,7,105.49999999999817,25,1.5,2.700000000000415,1.7999999999993292,1.7134970771021953,False,True,1.7913833078795678,0.3593875366218885,23.0,1.7901372675458755,0.04999999999799343,1.6943826642628292,22.0,0.4839145573107277,1.9090909090909092,0.4890332250990807,23.0,9.780664501981613,1.9130434782608696,0,False,2,0.0,True,True,0.9357535716717077,False,False,True,10.4,1.9919373696405014,0.25
B2,12.0,7,120.1999999999979,19,1.5,7.999999999999986,6.699999999999733,1.2487101410990047,False,True,1.3030018863641788,0.1942418019378044,24.0,1.6723517152295813,0.29999999999739657,1.671044413968675,23.0,0.4564992047605436,1.9130434782608696,0.456856335894221,23.0,9.137126717884419,1.9130434782608696,0,False,2,-1.0,False,True,0.8741838511427357,False,False,True,10.4,1.9919373696405014,0.25
B2,12.0,7,129.2999999999974,18,0.6,0.49999999999940314,1.0999999999995111,1.1931346762446944,True,False,1.2450100969509854,0.1875473338810009,24.0,1.9214941541709905,0.24999999999781153,1.9214941541709905,23.0,0.5249175581442884,1.9130434782608696,0.5249175581442884,23.0,10.498351162885768,1.9130434782608696,1,False,2,-1.0,False,False,1.0044173987711995,True,False,False,10.4,1.9919373696405014,0.25
B2,12.0,7,129.7999999999968,2,1.5,7.500000000000597,0.49999999999940314,1.8112330582567318,False,True,1.8935618336320377,0.2543268965956629,23.0,1.8843324917068849,0.049999999998476596,1.7405337559909173,22.0,0.4970952782860105,1.9090909090909092,0.514765661988426,23.0,10.29531323976852,1.9130434782608696,1,False,2,0.0,True,False,0.9849919843013262,True,False,False,10.4,1.9919373696405014,0.25
B2,12.0,7,137.99999999999736,18,1.5,8.0,0.20000000000055707,1.1914069252911037,False,True,1.2432072263907168,0.2471331654599939,24.0,1.5288457922453225,1.1000000000000227,1.3199634020335462,23.0,0.3605902023335634,1.9130434782608696,0.4176531051643106,23.0,8.353062103286211,1.9130434782608696,2,False,2,-1.0,False,False,0.799169391400964,False,False,True,10.4,1.9919373696405014,0.25
B2,12.0,7,150.09999999999576,22,0.6,0.10000000000044906,4.099999999998403,1.0789298996122754,True,False,1.1258398952475916,0.0712595247605935,24.0,2.052460310762838,0.35000000000420073,1.785975379108733,23.0,0.4878962722174123,1.9130434782608696,0.5861812940070141,22.0,11.723625880140283,1.9090909090909092,1,False,3,-2.0,True,False,1.0750982580186295,False,True,False,10.4,1.9919373696405014,0.25
B2,12.0,7,150.1999999999962,13,1.5,3.1999999999997044,0.10000000000044906,1.0776751879580748,False,True,1.1245306309127738,0.0710491989655091,24.0,2.052460310762838,0.25000000000375167,1.785975379108733,23.0,0.4878962722174123,1.9130434782608696,0.5861812940070141,22.0,11.723625880140283,1.9090909090909092,1,False,3,-2.0,True,False,1.0750982580186295,False,True,False,10.4,1.9919373696405014,0.25
B2,12.0,7,153.3999999999959,2,0.6,0.20000000000010232,3.1999999999997044,1.358523862935443,True,False,1.4232154754561783,0.1584625535170416,22.0,2.041787843246971,0.5500000000048431,1.583635414464809,21.0,0.473822608004502,1.9047619047619047,0.6414465688533633,20.0,12.828931377067265,1.9,1,True,3,-2.0,True,False,1.0746251806563007,False,True,False,10.4,1.9919373696405014,0.25
baseline,12.0,0,52.600000000000506,22,1.5,8.0,27.20000000000053,0.9880910246608071,False,True,1.0310515039938857,0.0219910487304553,24.0,1.8604923549694028,1.0499999999985832,1.860379460178815,23.0,0.5082221256510531,1.9130434782608696,0.5082529664723348,23.0,10.165059329446695,1.9130434782608696,0,False,2,-1.0,False,True,0.9725300946430969,False,False,True,10.4,1.9919373696405014,1.0
baseline,12.0,0,66.80000000000048,2,1.5,5.09999999999971,6.199999999999974,0.9913781117594648,False,True,1.0344815079229197,0.0321545984273258,24.0,1.8974537900116435,1.0499999999978087,1.8974537900116435,23.0,0.5183501641066686,1.9130434782608696,0.5183501641066686,23.0,10.367003282133371,1.9130434782608696,0,False,2,-1.0,False,True,0.9918508447788136,True,False,False,10.4,1.9919373696405014,1.0
baseline,12.0,0,71.90000000000019,15,1.5,2.90000000000029,5.09999999999971,1.1180281604403903,False,True,1.16884762227859,0.0679678658766726,23.0,1.8562638699027447,1.0499999999978087,1.8562638699027447,22.0,0.5301477215282384,1.9090909090909092,0.5301477215282384,22.0,10.602954430564768,1.9090909090909092,0,False,2,-1.0,False,True,0.9723286937585806,False,False,True,10.4,1.9919373696405014,1.0
baseline,12.0,0,75.39999999999999,24,1.5,3.099999999999824,0.5999999999995111,1.2403186747804917,False,True,1.296696796361423,0.1579440354569638,23.0,1.787807961824988,1.0499999999978087,1.787807961824988,22.0,0.510596759899884,1.9090909090909092,0.510596759899884,22.0,10.21193519799768,1.9090909090909092,1,False,2,-1.0,False,False,0.9364708371464222,False,False,True,10.4,1.9919373696405014,1.0
baseline,12.0,0,78.49999999999982,5,0.6,0.10000000000002274,3.099999999999824,1.0928062503159774,True,False,1.144844643188167,0.0774210051702602,22.0,1.1552906829898062,0.24999999999785416,,,,,0.3299502474946827,22.0,6.599004949893654,1.9090909090909092,1,False,1,0.0,True,False,0.6051522625184699,False,False,True,10.4,1.9919373696405014,1.0
baseline,12.0,0,78.59999999999984,21,1.3000000000003524,1.3000000000003524,0.10000000000002274,1.096422869228772,False,False,1.1486334820491897,0.0759589216939415,22.0,1.8141877707993528,1.0999999999977774,1.735579749179357,21.0,0.519284246642008,1.9047619047619047,0.569943897297569,20.0,11.39887794595138,1.9,1,False,3,-2.0,True,False,0.9548356688417646,False,False,True,10.4,1.9919373696405014,1.0
baseline,12.0,0,85.29999999999943,12,1.2000000000003865,1.2000000000003865,1.8999999999994373,1.1561772752799493,False,False,1.211233336007566,0.1159227518052919,22.0,1.7604779562524129,1.0499999999978087,1.7604779562524129,21.0,0.5267337727780337,1.9047619047619047,0.5267337727780337,21.0,10.534675455560674,1.9047619047619047,0,False,2,-1.0,False,True,0.9242509270325168,False,False,True,10.4,1.9919373696405014,1.0
baseline,12.0,0,101.89999999999849,8,1.5,2.6999999999998323,8.599999999999042,0.985085521855137,False,True,1.0279153271531865,0.0174129934701471,24.0,1.9577665494850685,1.0499999999978087,1.9577665494850685,23.0,0.534826522548359,1.9130434782608696,0.534826522548359,23.0,10.696530450967181,1.9130434782608696,0,False,2,-1.0,False,True,1.023377969049013,False,True,False,10.4,1.9919373696405014,1.0
baseline,12.0,0,104.59999999999832,23,1.3999999999999204,1.3999999999999204,2.6999999999998323,1.26547231419718,False,False,1.3229937830243246,0.1091532320514284,23.0,1.7926532514952032,1.049999999997823,1.7926532514952032,22.0,0.5119805713937442,1.9090909090909092,0.5119805713937442,22.0,10.239611427874884,1.9090909090909092,0,False,2,-1.0,False,True,0.9390088460212969,False,False,True,10.4,1.9919373696405014,1.0
baseline,12.0,0,105.99999999999824,7,1.5,3.9000000000002473,1.3999999999999204,1.6850156046404015,False,True,1.765254442956611,0.1875892610080024,22.0,2.0877651158648094,1.049999999997823,2.0877651158648094,21.0,0.6246578619449457,1.9047619047619047,0.6246578619449457,21.0,12.493157238898913,1.9047619047619047,0,False,2,-1.0,False,True,1.096076685829025,False,True,False,10.4,1.9919373696405014,1.0
baseline,12.0,0,112.69999999999833,23,1.299999999999912,1.299999999999912,0.10000000000000853,1.1720627386419946,False,False,1.2253383176711763,0.1690247404367879,23.0,1.3151446619471727,1.299999999997354,1.2240324707517083,22.0,0.3495828561699028,1.9090909090909092,0.3756044371255518,22.0,7.512088742511036,1.9090909090909092,1,True,2,-1.0,False,False,0.6888852991151857,False,False,True,10.4,1.9919373696405014,1.0
baseline,12.0,0,115.19999999999764,22,1.5,5.500000000000682,1.199999999999406,1.2756981448972724,False,True,1.3336844242107846,0.1392099221975205,23.0,2.1425229906455256,1.049999999997894,2.1425229906455256,22.0,0.611903135232656,1.9090909090909092,0.611903135232656,22.0,12.238062704653121,1.9090909090909092,0,False,2,-1.0,False,True,1.1222739474809895,False,True,False,10.4,1.9919373696405014,1.0
baseline,12.0,0,121.59999999999737,25,1.5,1.6000000000002785,0.8999999999990393,1.1957196123911529,False,True,1.2500705038634778,0.1444252389876251,23.0,1.858311128812111,0.9999999999978115,1.858311128812111,22.0,0.5307324173054804,1.9090909090909092,0.5307324173054804,22.0,10.614648346109608,1.9090909090909092,1,False,2,-1.0,False,False,0.9734010674730105,False,False,True,10.4,1.9919373696405014,1.0
baseline,12.0,0,134.29999999999666,20,1.5,6.100000000000108,4.6999999999993065,1.0150502598870086,False,True,1.059182879882096,0.054210478691351,24.0,1.9657179110634435,0.9999999999998579,1.9657179110634435,23.0,0.5369986911675468,1.9130434782608696,0.5369986911675468,23.0,10.739973823350937,1.9130434782608696,0,False,2,-1.0,False,True,1.0275343626013453,False,True,False,10.4,1.9919373696405014,1.0
baseline,12.0,0,140.39999999999677,2,0.8999999999999488,0.8999999999999488,6.100000000000108,1.0974085732308732,False,False,1.1472907811050037,0.0649888197169241,23.0,1.1470006993475748,9.094947017729282e-13,,,,,0.3133399104984953,23.0,6.266798209969906,1.9130434782608696,0,False,1,0.0,True,True,0.5995685473862322,False,False,True,10.4,1.9919373696405014,1.0
baseline,12.0,0,141.29999999999671,8,0.9999999999999432,0.9999999999999432,0.8999999999999488,1.0767910388621436,False,False,1.12573608608315,0.0590732588610073,23.0,1.7659594166275936,0.1500000000011994,1.7659184107476231,22.0,0.5043451187312451,1.9090909090909092,0.5043568299831787,22.0,10.087136599663573,1.9090909090909092,1,False,2,-1.0,False,False,0.9250263610906442,False,False,True,10.4,1.9919373696405014,1.0
baseline,12.0,0,142.8999999999962,19,1.5,5.500000000000568,0.5999999999995396,1.6449957777342201,False,True,1.7233289100072782,0.2290489623124599,22.0,1.6973198246450405,2.0463630789890885e-12,1.5158469665222227,21.0,0.4535403518088179,1.9047619047619047,0.4847534083542886,22.0,9.695068167085772,1.9090909090909092,1,False,2,0.0,True,False,0.8890722890997831,False,False,True,10.4,1.9919373696405014,1.0
B2,12.0,0,52.600000000000506,22,1.5,8.0,27.20000000000053,1.0361697452313494,False,True,1.081220603719669,0.0554386546656215,24.0,2.052065866854633,0.999999999998586,2.052065866854633,23.0,0.5605873958254683,1.9130434782608696,0.5605873958254683,23.0,11.211747916509367,1.9130434782608696,0,False,2,-1.0,False,True,1.0726707940376492,False,True,False,10.4,1.9919373696405014,1.0
B2,12.0,0,66.80000000000048,2,1.5,5.09999999999971,6.199999999999974,1.1033358485556672,False,True,1.1513069724059135,0.0901073388744774,24.0,1.9891601105474277,1.0499999999978087,1.9891601105474277,23.0,0.5434026774008398,1.9130434782608696,0.5434026774008398,23.0,10.868053548016796,1.9130434782608696,0,False,2,-1.0,False,True,1.0397882396043372,False,True,False,10.4,1.9919373696405014,1.0
B2,12.0,0,71.90000000000019,15,1.5,2.90000000000029,5.09999999999971,1.24369713067546,False,True,1.3002288184334356,0.1547070148603022,23.0,1.7159825861183469,1.0499999999978087,1.7159825861183469,22.0,0.4900834805670375,1.9090909090909092,0.4900834805670375,22.0,9.801669611340749,1.9090909090909092,0,False,2,-1.0,False,True,0.8988480213000865,False,False,True,10.4,1.9919373696405014,1.0
B2,12.0,0,75.39999999999999,24,1.5,3.099999999999824,0.5999999999995111,1.1928187723397325,False,True,1.2470378074460842,0.1593365254641826,23.0,2.246812856664022,1.0499999999978087,2.246812856664022,22.0,0.6416882513169808,1.9090909090909092,0.6416882513169808,22.0,12.833765026339616,1.9090909090909092,1,False,2,-1.0,False,False,1.1769019725382972,False,True,False,10.4,1.9919373696405014,1.0
B2,12.0,0,78.49999999999982,5,0.6,0.10000000000002274,3.099999999999824,1.534873468500161,True,False,1.607962681285883,0.2039779405013882,22.0,1.606859453405263,0.09999999999786269,,,,,0.4589179867426622,22.0,9.178359734853244,1.9090909090909092,1,False,1,0.0,True,False,0.8416882851170424,False,False,True,10.4,1.9919373696405014,1.0
B2,12.0,0,78.59999999999984,21,1.3000000000003524,1.3000000000003524,0.10000000000002274,1.5338203873413874,False,False,1.606859453405263,0.2073382304097485,22.0,2.0672212337580294,1.0999999999977774,1.814024341695456,21.0,0.542754813838429,1.9047619047619047,0.6494367041319054,20.0,12.988734082638107,1.9,1,False,3,-2.0,True,False,1.0880111756621207,False,True,False,10.4,1.9919373696405014,1.0
B2,12.0,0,85.29999999999943,12,1.2000000000003865,1.2000000000003865,1.8999999999994373,1.4434152599100214,False,False,1.5121493199057368,0.2543831988346174,22.0,1.5093359493311562,0.04999999999786553,1.3528544967869882,21.0,0.4047731189030399,1.9047619047619047,0.4310653391107033,22.0,8.621306782214067,1.9090909090909092,0,False,2,0.0,True,True,0.7906045448877485,False,False,True,10.4,1.9919373696405014,1.0
B2,12.0,0,101.89999999999849,8,1.5,2.6999999999998323,8.599999999999042,1.1543755564744433,False,True,1.2045657980602886,0.134703104723318,24.0,1.7616714844423025,1.0999999999977916,1.7595726540733003,23.0,0.4806835237821021,1.9130434782608696,0.4812568863967446,23.0,9.625137727934892,1.9130434782608696,0,False,2,-1.0,False,True,0.9208737305039308,False,False,True,10.4,1.9919373696405014,1.0
B2,12.0,0,104.59999999999832,23,1.3999999999999204,1.3999999999999204,2.6999999999998323,1.222805738722442,False,False,1.2783878177552803,0.1301022947754739,23.0,2.173632660086874,1.049999999997823,2.173632660086874,22.0,0.6207880360483422,1.9090909090909092,0.6207880360483422,22.0,12.415760720966844,1.9090909090909092,0,False,2,-1.0,False,True,1.138569488616934,False,True,False,10.4,1.9919373696405014,1.0
B2,12.0,0,105.99999999999824,7,1.5,3.9000000000002473,1.3999999999999204,2.003005383424539,False,True,2.098386592159041,0.2601246943029912,22.0,2.0741196603262377,0.04999999999787974,1.7414371005038898,21.0,0.5210367620601648,1.9047619047619047,0.592367189777006,22.0,11.84734379554012,1.9090909090909092,0,False,2,0.0,True,True,1.086443631599458,False,True,False,10.4,1.9919373696405014,1.0
B2,12.0,0,112.69999999999833,23,1.299999999999912,1.299999999999912,0.10000000000000853,1.2388196284077164,False,False,1.2951296115171582,0.1911946995338105,23.0,1.5656030839186623,1.299999999997354,1.4471848161799434,22.0,0.4133150169906914,1.9090909090909092,0.4471351951705813,22.0,8.942703903411626,1.9090909090909092,1,True,2,-1.0,False,False,0.8200778058621564,False,False,True,10.4,1.9919373696405014,1.0
B2,12.0,0,115.19999999999764,22,1.5,5.500000000000682,1.199999999999406,1.6906033978064117,False,True,1.7674490067976123,0.2394604329886565,23.0,2.664864029842576,1.049999999997894,2.664864029842576,22.0,0.7610833871790117,1.9090909090909092,0.7610833871790117,22.0,15.221667743580234,1.9090909090909092,0,False,2,-1.0,False,True,1.3958811584889683,False,True,False,10.4,1.9919373696405014,1.0
B2,12.0,0,121.59999999999737,25,1.5,1.6000000000002785,0.8999999999990393,1.6363734927748723,False,True,1.710754106082821,0.2530737489962518,23.0,2.502321273786435,0.9999999999978115,2.502321273786435,22.0,0.7146612846044471,1.9090909090909092,0.7146612846044471,22.0,14.293225692088942,1.9090909090909092,1,False,2,-1.0,False,False,1.3107397148405135,False,True,False,10.4,1.9919373696405014,1.0
B2,12.0,0,134.29999999999666,20,1.5,6.100000000000108,4.6999999999993065,1.3306878685117143,False,True,1.3885438627948323,0.2069917460238803,24.0,2.0888991668402683,0.9999999999998579,2.0888991668402683,23.0,0.5706495892726284,1.9130434782608696,0.5706495892726284,23.0,11.412991785452569,1.9130434782608696,0,False,2,-1.0,False,True,1.0919245644846858,False,True,False,10.4,1.9919373696405014,1.0
B2,12.0,0,140.39999999999677,2,0.8999999999999488,0.8999999999999488,6.100000000000108,1.4619269317550683,False,False,1.5283781559257532,0.2590832890635429,23.0,1.5238088452231813,9.094947017729282e-13,,,,,0.4162771020546341,23.0,8.325542041092682,1.9130434782608696,0,False,1,0.0,True,True,0.7965364418212084,False,False,True,10.4,1.9919373696405014,1.0
B2,12.0,0,141.29999999999671,8,0.9999999999999432,0.9999999999999432,0.8999999999999488,1.4155062463115755,False,False,1.479847439325738,0.2483128294103019,23.0,2.2106639109025745,0.10000000000118803,2.2106639109025745,22.0,0.6313641365497826,1.9090909090909092,0.6313641365497826,22.0,12.627282730995653,1.9090909090909092,1,False,2,-1.0,False,False,1.1579668104727772,False,True,False,10.4,1.9919373696405014,1.0
B2,12.0,0,142.8999999999962,19,1.5,5.500000000000568,0.5999999999995396,1.5675463510469578,False,True,1.6421914153825274,0.3047148322598498,22.0,1.7314150376921968,0.7000000000022055,1.6729418392000777,21.0,0.5005430278013296,1.9047619047619047,0.4944909784298819,22.0,9.889819568597638,1.9090909090909092,1,False,2,0.0,True,False,0.9069316864101983,False,False,True,10.4,1.9919373696405014,1.0
baseline,12.0,1,24.100000000000072,18,0.6,0.40000000000000924,inf,0.959330518386401,True,False,1.0010405409249403,0.0007814025109961,24.0,1.0010370363814092,1.3500311979441904e-13,,,,,0.2620708832889278,24.0,5.241417665778556,1.9166666666666667,1,False,1,0.0,True,False,0.5222801928946482,False,False,True,10.4,1.9919373696405014,1.0
baseline,12.0,1,24.50000000000008,13,0.6,0.40000000000000213,0.40000000000000924,0.9593167330216631,True,False,1.001026156196518,0.0007690456544257,24.0,1.918113651405239,0.5500000000001393,1.918113651405239,23.0,0.5239940657395645,1.9130434782608696,0.5239940657395645,23.0,10.47988131479129,1.9130434782608696,2,True,2,-1.0,False,False,1.0026503177800112,True,False,False,10.4,1.9919373696405014,1.0
baseline,12.0,1,24.900000000000084,7,1.5,3.2000000000000455,0.40000000000000213,0.9593019635038664,False,True,1.0010107445257737,0.0007571334157154,24.0,1.918113651405239,0.15000000000013713,1.918113651405239,23.0,0.5239940657395645,1.9130434782608696,0.5239940657395645,23.0,10.47988131479129,1.9130434782608696,2,False,4,-1.0,True,False,1.0026503177800112,True,False,False,10.4,1.9919373696405014,1.0
baseline,12.0,1,28.10000000000013,19,1.5,3.999999999999943,3.2000000000000455,1.0995870708563455,False,True,1.154566424399163,0.1128694088263009,21.0,1.983978340870302,0.9500000000001521,1.983978340870302,20.0,0.6232851780559407,1.9,0.6232851780559407,20.0,12.465703561118815,1.9,0,False,2,-1.0,False,True,1.0441991267738433,False,True,False,10.4,1.9919373696405014,1.0
baseline,12.0,1,34.30000000000022,24,1.5,1.799999999999912,1.4000000000001336,1.1995642236693747,False,True,1.254089870199801,0.1477001463216329,23.0,1.9768266960300145,1.099999999999909,1.973288243923342,22.0,0.5635698045931523,1.9090909090909092,0.5645803841516432,22.0,11.291607683032865,1.9090909090909092,0,False,2,-1.0,False,True,1.0354806503014362,False,True,False,10.4,1.9919373696405014,1.0
baseline,12.0,1,36.80000000000025,5,1.5,1.900000000000027,0.7000000000001236,1.4268818628736255,False,True,1.4917401293678814,0.2059364859469262,23.0,1.7813052874648738,1.1499999999997286,1.7784299934033867,22.0,0.5079184183818022,1.9090909090909092,0.508739600445482,22.0,10.174792008909641,1.9090909090909092,1,False,2,-1.0,False,False,0.9330646743863624,False,False,True,10.4,1.9919373696405014,1.0
baseline,12.0,1,38.70000000000028,4,1.4999999999999076,1.4999999999999076,1.900000000000027,1.5813290442785595,False,False,1.6566304273394434,0.196311436689821,22.0,2.426070439321441,1.0999999999996035,2.4240492505724216,21.0,0.7252738397655394,1.9047619047619047,0.7258785780251049,21.0,14.517571560502098,1.9047619047619047,0,False,2,-1.0,False,True,1.2736869806437567,False,True,False,10.4,1.9919373696405014,1.0
baseline,12.0,1,40.20000000000019,7,0.6,0.20000000000011653,1.4999999999999076,2.1793526662379126,True,False,2.288320299549808,0.3100689851813233,21.0,2.269924239438269,0.0499999999996632,,,,,0.6791597442690156,21.0,13.583194885380312,1.9047619047619047,2,False,1,0.0,True,False,1.191710225705091,False,True,False,10.4,1.9919373696405014,1.0
baseline,12.0,1,40.400000000000304,14,0.6,0.30000000000000426,0.20000000000011653,2.027466341072425,True,False,2.1288396581260463,0.2834217843284854,21.0,2.1113357827128283,0.049999999999535305,,,,,0.6317101889744645,21.0,12.63420377948929,1.9047619047619047,2,False,1,0.0,True,False,1.1084512859242348,False,True,False,10.4,1.9919373696405014,1.0
baseline,12.0,1,40.70000000000031,17,1.5,1.599999999999909,0.30000000000000426,1.784243814001333,False,True,1.8734560047013995,0.2503657239277143,21.0,2.5291325255458523,0.6499999999994799,2.4538269366846146,20.0,0.7708924677469131,1.9,0.7945504162209849,20.0,15.891008324419698,1.9,2,False,4,-1.0,True,False,1.331122381866238,False,True,False,10.4,1.9919373696405014,1.0
baseline,12.0,1,55.80000000000052,15,1.5,5.10000000000008,7.100000000000215,1.0272525291584236,False,True,1.0719156826000942,0.0481464397973567,24.0,1.871989484753786,1.0999999999983743,1.871791844009225,23.0,0.5113397831468411,1.9130434782608696,0.5113937750347683,23.0,10.227875500695367,1.9130434782608696,0,False,2,-1.0,False,True,0.978539957939479,False,False,True,10.4,1.9919373696405014,1.0
baseline,12.0,1,60.9000000000006,23,1.5,2.8999999999999204,5.10000000000008,1.1157965414613131,False,True,1.166514566073191,0.0721805030797531,23.0,1.8795544318510389,1.0499999999980147,1.8795544318510389,22.0,0.5367994904659419,1.9090909090909092,0.5367994904659419,22.0,10.735989809318838,1.9090909090909092,0,False,2,-1.0,False,True,0.9845285119219727,True,False,False,10.4,1.9919373696405014,1.0
baseline,12.0,1,64.10000000000063,3,1.499999999999801,1.499999999999801,0.30000000000011084,1.2399477759763833,False,False,1.2963090385207643,0.1701959020385135,23.0,1.8380711879922624,1.149999999997803,1.83407042188822,22.0,0.5238092875973059,1.9090909090909092,0.5249519037246868,22.0,10.499038074493736,1.9090909090909092,1,False,2,-1.0,False,False,0.9627991937102327,False,False,True,10.4,1.9919373696405014,1.0
baseline,12.0,1,65.60000000000043,13,1.5,3.3000000000001677,1.499999999999801,1.7260008138431515,False,True,1.8081913287880635,0.2076282293391749,22.0,1.7992535425103309,0.049999999997979216,1.6658953932266083,21.0,0.4984347360961707,1.9047619047619047,0.5138656100996242,22.0,10.277312201992483,1.9090909090909092,0,False,2,0.0,True,True,0.9424661413149352,False,False,True,10.4,1.9919373696405014,1.0
baseline,12.0,1,69.20000000000034,21,0.8999999999999488,0.8999999999999488,0.29999999999974136,1.1720505807886106,False,False,1.227862513207116,0.1715008687094113,22.0,1.2263507688895676,0.04999999999786553,,,,,0.3502449605697872,22.0,7.0048992113957445,1.9090909090909092,1,False,1,0.0,True,False,0.6423742122754877,False,False,True,10.4,1.9919373696405014,1.0
baseline,12.0,1,70.10000000000029,11,1.5,2.000000000000341,0.8999999999999488,1.1136451061857189,False,True,1.166675825527896,0.1254467527561919,22.0,1.94123111795253,1.0499999999978087,1.922796999347344,21.0,0.5752995169042014,1.9047619047619047,0.6098557419079569,20.0,12.197114838159138,1.9,1,False,3,-2.0,True,False,1.0217005883960684,False,True,False,10.4,1.9919373696405014,1.0
baseline,12.0,1,76.59999999999981,14,0.6000000000005343,0.6000000000005343,2.9999999999993747,1.104514514776194,False,False,1.1571104440512507,0.1018319624206599,22.0,1.154464691862641,0.049999999997979216,,,,,0.3297143449804069,22.0,6.5942868996081385,1.9090909090909092,0,False,1,0.0,True,True,0.6047196004994785,False,False,True,10.4,1.9919373696405014,1.0
baseline,12.0,1,82.8999999999998,23,1.5,1.7000000000000028,4.799999999999514,1.1279674089241725,False,True,1.179238654784362,0.0681323360939381,23.0,1.7680368919853229,0.9999999999975699,1.7680368919853229,22.0,0.5049501555578928,1.9090909090909092,0.5049501555578928,22.0,10.099003111157856,1.9090909090909092,0,False,2,-1.0,False,True,0.9261145624685024,False,False,True,10.4,1.9919373696405014,1.0
baseline,12.0,1,89.59999999999964,21,1.3000000000001677,1.3000000000001677,4.9999999999998295,1.0763779136583,False,False,1.1253041824609502,0.0721124861916509,23.0,2.092282663768129,0.9999999999973568,2.092282663768129,22.0,0.5975545314297488,1.9090909090909092,0.5975545314297488,22.0,11.951090628594976,1.9090909090909092,0,False,2,-1.0,False,True,1.0959575857833055,False,True,False,10.4,1.9919373696405014,1.0
baseline,12.0,1,94.09999999999891,9,1.5,2.4999999999998863,3.1999999999991076,1.1629856917034547,False,True,1.2158486776899755,0.0795888814989723,23.0,1.844515271393868,1.049999999997823,1.844515271393868,22.0,0.5267923296404691,1.9090909090909092,0.5267923296404691,22.0,10.535846592809381,1.9090909090909092,0,False,2,-1.0,False,True,0.9661746659682166,False,False,True,10.4,1.9919373696405014,1.0
baseline,12.0,1,96.5999999999988,8,1.0000000000008384,1.0000000000008384,2.4999999999998863,1.3380288727885985,False,False,1.4017445333975795,0.1083217360473612,22.0,1.3920956245815026,0.04999999999783711,,,,,0.3975815806617948,22.0,7.951631613235896,1.9090909090909092,0,False,1,0.0,True,True,0.7291929462093585,False,False,True,10.4,1.9919373696405014,1.0
baseline,12.0,1,99.99999999999837,7,0.6,0.20000000000067075,2.3999999999987267,1.5141349335165317,True,False,1.586236597017319,0.2021234024663566,22.0,1.5780728472384749,0.0499999999980929,,,,,0.45069655124672,22.0,9.013931024934399,1.9090909090909092,1,False,1,0.0,True,False,0.8266095866487249,False,False,True,10.4,1.9919373696405014,1.0
baseline,12.0,1,100.19999999999904,11,1.5,1.8999999999998778,0.20000000000067075,1.4804629963951363,False,True,1.5509612343187142,0.1936881770235451,22.0,2.3319044310048724,0.8999999999973625,2.3193152663267886,21.0,0.6939375049572281,1.9047619047619047,0.6977041742207994,21.0,13.954083484415989,1.9047619047619047,1,False,3,-1.0,True,False,1.224249826277558,False,True,False,10.4,1.9919373696405014,1.0
baseline,12.0,1,103.69999999999928,21,0.8999999999995225,0.8999999999995225,1.6000000000003638,1.7972547033673236,False,False,1.88711743853569,0.2883397380893094,21.0,1.877062599005125,0.049999999996956035,,,,,0.5616158163202538,21.0,11.232316326405076,1.9047619047619047,0,False,1,0.0,True,True,0.9854578644776907,True,False,False,10.4,1.9919373696405014,1.0
baseline,12.0,1,106.49999999999812,4,1.5,1.5000000000002416,1.8999999999993236,1.2706117939222525,False,True,1.3341423836183652,0.160850452870809,21.0,2.2016909671321554,1.0499999999979224,2.2016909671321554,20.0,0.6916816167817386,1.9,0.6916816167817386,20.0,13.833632335634771,1.9,0,False,2,-1.0,False,True,1.1587847195432397,False,True,False,10.4,1.9919373696405014,1.0
baseline,12.0,1,114.499999999998,7,0.6999999999997186,0.6999999999997186,2.799999999998718,1.1608546491620269,False,False,1.2136207695784826,0.1210773858233122,23.0,1.2657453913110286,0.09999999999764952,,,,,0.3313713685548221,24.0,6.6274273710964415,1.9166666666666667,1,False,2,1.0,True,False,0.6603888998144497,False,False,True,10.4,1.9919373696405014,1.0
baseline,12.0,1,115.19999999999771,22,1.5,7.300000000000281,0.6999999999995907,1.1818737631234746,False,True,1.2332595789114518,0.1600018665792779,24.0,1.8760335661736744,0.3499999999978627,1.8758489557723173,23.0,0.5124481129302954,1.9130434782608696,0.5124985451633979,23.0,10.249970903267958,1.9130434782608696,2,False,3,-1.0,True,False,0.9806539095907844,True,False,False,10.4,1.9919373696405014,1.0
baseline,12.0,1,133.69999999999737,7,1.5,8.0,10.499999999999659,0.9966454617709788,False,True,1.0399778731523257,0.0254807384681231,24.0,1.839264511517266,1.0499999999990166,1.838647763878544,23.0,0.5022854180469682,1.9130434782608696,0.5024539023818315,23.0,10.04907804763663,1.9130434782608696,0,False,2,-1.0,False,True,0.96143372192948,False,False,True,10.4,1.9919373696405014,1.0
B2,12.0,1,24.100000000000072,18,0.6,0.40000000000000924,inf,0.959330518386401,True,False,1.0010405409249403,0.0007814025109961,24.0,1.0010370363814092,1.3500311979441904e-13,,,,,0.2620708832889278,24.0,5.241417665778556,1.9166666666666667,1,False,1,0.0,True,False,0.5222801928946482,False,False,True,10.4,1.9919373696405014,1.0
B2,12.0,1,24.50000000000008,13,0.6,0.40000000000000213,0.40000000000000924,0.9593167330216631,True,False,1.001026156196518,0.0007690456544257,24.0,1.918113651405239,0.5500000000001393,1.918113651405239,23.0,0.5239940657395645,1.9130434782608696,0.5239940657395645,23.0,10.47988131479129,1.9130434782608696,2,True,2,-1.0,False,False,1.0026503177800112,True,False,False,10.4,1.9919373696405014,1.0
B2,12.0,1,24.900000000000084,7,1.5,3.2000000000000455,0.40000000000000213,0.9593019635038664,False,True,1.0010107445257737,0.0007571334157154,24.0,1.918113651405239,0.15000000000013713,1.918113651405239,23.0,0.5239940657395645,1.9130434782608696,0.5239940657395645,23.0,10.47988131479129,1.9130434782608696,2,False,4,-1.0,True,False,1.0026503177800112,True,False,False,10.4,1.9919373696405014,1.0
B2,12.0,1,28.10000000000013,19,1.5,3.999999999999943,3.2000000000000455,1.1075785275682972,False,True,1.162957453946712,0.0999737619106862,21.0,2.047182433426727,0.9500000000001521,2.047182433426727,20.0,0.6431413293411481,1.9,0.6431413293411481,20.0,12.862826586822962,1.9,0,False,2,-1.0,False,True,1.0774644386456458,False,True,False,10.4,1.9919373696405014,1.0
B2,12.0,1,34.30000000000022,24,1.5,1.799999999999912,1.4000000000001336,1.2789392727797848,False,True,1.3370728760879569,0.1823009577526547,23.0,1.8732776218542064,1.049999999999912,1.8732776218542064,22.0,0.5350068377228485,1.9090909090909092,0.5350068377228485,22.0,10.70013675445697,1.9090909090909092,0,False,2,-1.0,False,True,0.981240659066489,True,False,False,10.4,1.9919373696405014,1.0
B2,12.0,1,36.80000000000025,5,1.5,1.900000000000027,0.7000000000001236,1.3353006688752516,False,True,1.3959961538241266,0.2172446595424046,23.0,1.6377631036654985,1.0499999999997343,1.6377631036654985,22.0,0.4677440486178135,1.9090909090909092,0.4677440486178135,22.0,9.35488097235627,1.9090909090909092,1,False,2,-1.0,False,False,0.8578759114438325,False,False,True,10.4,1.9919373696405014,1.0
B2,12.0,1,38.70000000000028,4,1.4999999999999076,1.4999999999999076,1.900000000000027,1.4176775621067528,False,False,1.4851860174451696,0.1892231504918655,22.0,2.0934786570221458,1.0499999999995993,2.0934786570221458,21.0,0.6263673494616953,1.9047619047619047,0.6263673494616953,21.0,12.527346989233905,1.9047619047619047,0,False,2,-1.0,False,True,1.0990762949366266,False,True,False,10.4,1.9919373696405014,1.0
B2,12.0,1,40.20000000000019,7,0.6,0.20000000000011653,1.4999999999999076,1.7707903414001938,True,False,1.8593298584702032,0.2265933531143846,21.0,1.8593298584702032,0.0499999999996632,,,,,0.556310192759061,21.0,11.12620385518122,1.9047619047619047,2,False,1,0.0,True,False,0.9761481756968567,False,False,True,10.4,1.9919373696405014,1.0
B2,12.0,1,40.400000000000304,14,0.6,0.30000000000000426,0.20000000000011653,1.6690498646422465,True,False,1.752502357874359,0.2093097775937029,21.0,1.661075174432561,0.049999999999535305,,,,,0.4969925300054969,21.0,9.939850600109938,1.9047619047619047,2,False,1,0.0,True,False,0.8720644665770946,False,False,True,10.4,1.9919373696405014,1.0
B2,12.0,1,40.70000000000031,17,1.5,1.599999999999909,0.30000000000000426,1.3935762073687068,False,True,1.4632550177371422,0.1775958214952109,21.0,2.10770738605593,0.6499999999994799,2.098216904794961,20.0,0.6591742813741766,1.9,0.6621558039950255,20.0,13.24311607990051,1.9,2,False,4,-1.0,True,False,1.109319676871542,False,True,False,10.4,1.9919373696405014,1.0
B2,12.0,1,55.80000000000052,15,1.5,5.10000000000008,7.100000000000215,1.000466708406816,False,True,1.0439652609462429,0.0238825525232251,24.0,1.9561006277704445,1.0499999999983842,1.9561006277704445,23.0,0.5343714227726966,1.9130434782608696,0.5343714227726966,23.0,10.687428455453931,1.9130434782608696,0,False,2,-1.0,False,True,1.0225071463345505,False,True,False,10.4,1.9919373696405014,1.0
B2,12.0,1,60.9000000000006,23,1.5,2.8999999999999204,5.10000000000008,1.4076096855009714,False,True,1.4715919439328338,0.1631239530151236,23.0,1.761061305127954,1.0499999999980147,1.761061305127954,22.0,0.5029579326101121,1.9090909090909092,0.5029579326101121,22.0,10.059158652202242,1.9090909090909092,0,False,2,-1.0,False,True,0.922460683638452,False,False,True,10.4,1.9919373696405014,1.0
B2,12.0,1,64.10000000000063,3,1.499999999999801,1.499999999999801,0.30000000000011084,1.240330713463525,False,False,1.2967093822573217,0.1667970184164915,23.0,1.7913360059098355,1.149999999997803,1.7901559027577434,22.0,0.5112673302621937,1.9090909090909092,0.5116043669342929,22.0,10.232087338685858,1.9090909090909092,1,False,2,-1.0,False,False,0.9383188602384852,False,False,True,10.4,1.9919373696405014,1.0
B2,12.0,1,65.60000000000043,13,1.5,3.3000000000001677,1.499999999999801,1.6778814846163657,False,True,1.757780602931431,0.1870722437187419,22.0,1.810717249530326,0.9999999999979252,1.810717249530326,21.0,0.5417653341764561,1.9047619047619047,0.5417653341764561,21.0,10.835306683529122,1.9047619047619047,0,False,2,-1.0,False,True,0.9506265560034213,False,False,True,10.4,1.9919373696405014,1.0
B2,12.0,1,69.20000000000034,21,0.8999999999999488,0.8999999999999488,0.29999999999974136,1.364860293806004,False,False,1.4298536411300995,0.219127218554595,22.0,1.429668852319975,0.04999999999786553,,,,,0.4083124694104167,22.0,8.166249388208334,1.9090909090909092,1,False,1,0.0,True,False,0.7488741607390345,False,False,True,10.4,1.9919373696405014,1.0
B2,12.0,1,70.10000000000029,11,1.5,2.000000000000341,0.8999999999999488,1.3184909497370094,False,True,1.3812762330578194,0.1813618667352416,22.0,2.1164080924706883,1.0499999999978087,1.7092812265642574,21.0,0.5114157470755449,1.9047619047619047,0.6648892115303902,20.0,13.297784230607803,1.9,1,False,3,-2.0,True,False,1.1138989960372043,False,True,False,10.4,1.9919373696405014,1.0
B2,12.0,1,76.59999999999981,14,0.6000000000005343,0.6000000000005343,2.9999999999993747,1.2941162157444388,False,False,1.355740797446555,0.1612906807181364,22.0,1.3583254023121385,0.049999999997979216,,,,,0.3879368277352921,22.0,7.758736554705842,1.9090909090909092,0,False,1,0.0,True,True,0.7115037821635011,False,False,True,10.4,1.9919373696405014,1.0
B2,12.0,1,82.8999999999998,23,1.5,1.7000000000000028,4.799999999999514,1.4310446786954716,False,True,1.4960921640907203,0.22104017709394,23.0,1.5181596094440122,1.0999999999975643,1.516748224485625,22.0,0.4331822799444911,1.9090909090909092,0.4335853705460053,22.0,8.671707410920106,1.9090909090909092,0,False,2,-1.0,False,True,0.7952264620897206,False,False,True,10.4,1.9919373696405014,1.0
B2,12.0,1,89.59999999999964,21,1.3000000000001677,1.3000000000001677,4.9999999999998295,1.1846446938711253,False,False,1.2384921799561766,0.1376802173611071,23.0,1.7211014988171205,1.0999999999973653,1.720675330410791,22.0,0.4914237252028846,1.9090909090909092,0.4915454386151134,22.0,9.830908772302267,1.9090909090909092,0,False,2,-1.0,False,True,0.9015293565232535,False,False,True,10.4,1.9919373696405014,1.0
B2,12.0,1,94.09999999999891,9,1.5,2.4999999999998863,3.1999999999991076,1.1332564583553886,False,True,1.1847681155533607,0.1317458326415639,23.0,1.9716763523069347,1.049999999997823,1.9716763523069347,22.0,0.563109449424017,1.9090909090909092,0.563109449424017,22.0,11.26218898848034,1.9090909090909092,0,False,2,-1.0,False,True,1.0327828512083943,False,True,False,10.4,1.9919373696405014,1.0
B2,12.0,1,96.5999999999988,8,1.0000000000008384,1.0000000000008384,2.4999999999998863,1.3854161545017172,False,False,1.4513883523351323,0.2020630650183357,22.0,1.6609871889010508,0.9499999999978002,,,,,0.4743768318507548,22.0,9.487536637015095,1.9090909090909092,0,True,1,0.0,True,True,0.8700409084719789,False,False,True,10.4,1.9919373696405014,1.0
B2,12.0,1,99.99999999999837,7,0.6,0.20000000000067075,2.3999999999987267,2.229057670907934,True,False,2.3352032742845026,0.4007579671766728,22.0,2.3166634736550016,0.0499999999980929,,,,,0.6616375408794877,22.0,13.232750817589753,1.9090909090909092,1,False,1,0.0,True,False,1.2134903909621437,False,True,False,10.4,1.9919373696405014,1.0
B2,12.0,1,100.19999999999904,11,1.5,1.8999999999998778,0.20000000000067075,2.1390701277238677,False,True,2.240930609996433,0.3862820558094894,22.0,3.0982997028758,0.9999999999973568,2.725163440591289,21.0,0.815366994742198,1.9047619047619047,0.9733595585174052,20.0,19.467191170348105,1.9,1,False,3,-2.0,True,False,1.6306840541451582,False,True,False,10.4,1.9919373696405014,1.0
B2,12.0,1,103.69999999999928,21,0.8999999999995225,0.8999999999995225,1.6000000000003638,2.103068266734543,False,False,2.20822168007127,0.40377788952242,21.0,2.240884843904726,0.24999999999695888,,,,,0.6704711774430283,21.0,13.409423548860566,1.9047619047619047,0,False,1,0.0,True,True,1.1764645430499812,False,True,False,10.4,1.9919373696405014,1.0
B2,12.0,1,106.49999999999812,4,1.5,1.5000000000002416,1.8999999999993236,1.7358421422396522,False,True,1.822634249351635,0.2912373814145908,21.0,1.8003334866511085,1.0499999999979224,1.8003334866511085,20.0,0.565591445567482,1.9,0.565591445567482,20.0,11.31182891134964,1.9,0,False,2,-1.0,False,True,0.9475439403426887,False,False,True,10.4,1.9919373696405014,1.0
B2,12.0,1,114.499999999998,7,0.6999999999997186,0.6999999999997186,2.799999999998718,1.254418100205725,False,False,1.3114371047605309,0.2168503554902243,23.0,1.359578527531845,0.09999999999764952,,,,,0.355936826172706,24.0,7.11873652345412,1.9166666666666667,1,False,2,1.0,True,False,0.7093453187122669,False,False,True,10.4,1.9919373696405014,1.0
B2,12.0,1,115.19999999999771,22,1.5,7.300000000000281,0.6999999999995907,1.2599521194211256,False,True,1.3147326463524789,0.2323626530780005,24.0,2.4730328103641046,0.29999999999786553,2.4730328103641046,23.0,0.6755879747066427,1.9130434782608696,0.6755879747066427,23.0,13.511759494132853,1.9130434782608696,2,False,3,-1.0,True,False,1.292721696326691,False,True,False,10.4,1.9919373696405014,1.0
B2,12.0,1,133.69999999999737,7,1.5,8.0,10.499999999999659,1.206961736656879,False,True,1.25943833390283,0.1583452291041933,24.0,2.272610656765997,1.0499999999990166,2.2720570298230194,23.0,0.6206850150807863,1.9130434782608696,0.6208362559796461,23.0,12.416725119592922,1.9130434782608696,0,False,2,-1.0,False,True,1.1879555705822256,False,True,False,10.4,1.9919373696405014,1.0
baseline,12.0,2,38.70000000000028,20,1.5,1.6000000000000227,22.300000000000296,0.9662742352073467,False,True,1.0082861584772314,0.0068934147686915,24.0,1.9008604435996768,1.0499999999995993,1.9008604435996768,23.0,0.5192808004445375,1.9130434782608696,0.5192808004445375,23.0,10.38561600889075,1.9130434782608696,0,False,2,-1.0,False,True,0.9936315955180128,True,False,False,10.4,1.9919373696405014,1.0
baseline,12.0,2,40.3000000000003,25,1.5,6.399999999999977,1.6000000000000227,1.7529292609911893,False,True,1.832607863763516,0.1777357289218664,23.0,1.821557417419456,1.0499999999994856,1.821557417419456,22.0,0.5202355818779054,1.9090909090909092,0.5202355818779054,22.0,10.404711637558108,1.9090909090909092,0,False,2,-1.0,False,True,0.9541491234101912,False,False,True,10.4,1.9919373696405014,1.0
baseline,12.0,2,49.30000000000043,23,0.9000000000000128,0.9000000000000128,1.000000000000128,1.0984214322528616,False,False,1.146178885829073,0.1100865707114183,24.0,1.1420162614019145,0.04999999999890292,,,,,0.2989791580916945,24.0,5.97958316183389,1.9166666666666667,0,False,1,0.0,True,True,0.5958345711662162,False,False,True,10.4,1.9919373696405014,1.0
baseline,12.0,2,50.20000000000044,14,1.5,4.300000000000054,0.9000000000000128,1.0490547043525644,False,True,1.0946657784548497,0.0654530336591716,24.0,1.9190644459272088,0.1499999999988333,1.9190644459272088,23.0,0.5242538056600248,1.9130434782608696,0.5242538056600248,23.0,10.485076113200495,1.9130434782608696,1,False,3,-1.0,True,False,1.0031473240074045,True,False,False,10.4,1.9919373696405014,1.0
baseline,12.0,2,54.5000000000005,12,1.5,2.799999999999933,4.300000000000054,1.1304647421244567,False,True,1.1842963965113356,0.0738038147020154,22.0,2.0857344065175,1.0499999999984837,2.0857344065175,21.0,0.6240502751290329,1.9047619047619047,0.6240502751290329,21.0,12.481005502580658,1.9047619047619047,0,False,2,-1.0,False,True,1.0950105634216876,False,True,False,10.4,1.9919373696405014,1.0
baseline,12.0,2,58.10000000000056,18,0.6,0.09999999999988063,0.8000000000001322,1.4477577769972378,True,False,1.516698623520916,0.2041701525763545,22.0,1.5076579063727529,0.04999999999827054,,,,,0.4305860911624735,22.0,8.61172182324947,1.9090909090909092,2,False,2,0.0,True,False,0.7897255700047753,False,False,True,10.4,1.9919373696405014,1.0
baseline,12.0,2,59.00000000000057,7,1.5,3.0999999999999304,0.8000000000001251,1.2563636767560231,False,True,1.3134711166085695,0.1728005556781051,23.0,2.050404577943632,0.19999999999819806,2.050136322150596,22.0,0.5855175644114463,1.9090909090909092,0.5855941780867813,22.0,11.711883561735625,1.9090909090909092,2,False,3,-1.0,True,False,1.0740214455895214,False,True,False,10.4,1.9919373696405014,1.0
baseline,12.0,2,62.1000000000005,23,0.6,0.3999999999999986,3.0999999999999304,1.3194237332298375,True,False,1.3853949198913296,0.1579860826392264,21.0,1.427579033154441,0.49999999999808153,,,,,0.4077156184524373,22.0,8.154312369048746,1.9090909090909092,1,False,2,1.0,True,False,0.7477794935570881,False,False,True,10.4,1.9919373696405014,1.0
baseline,12.0,2,65.30000000000057,17,0.7999999999999972,0.7999999999999972,2.800000000000068,1.1358318959697293,False,False,1.1926234907682158,0.1222269043132459,21.0,1.2069662025229015,0.5499999999978371,,,,,0.3611234433311541,21.0,7.222468866623082,1.9047619047619047,0,False,1,0.0,True,True,0.6336572563245233,False,False,True,10.4,1.9919373696405014,1.0
baseline,12.0,2,66.3000000000004,12,0.6,0.29999999999998295,0.1999999999998323,1.1879375303178856,True,False,1.2445059841425468,0.1745627551431984,22.0,1.6289209754352982,0.049999999997979216,1.6289209754352982,21.0,0.4873720161624622,1.9047619047619047,0.4873720161624622,21.0,9.747440323249243,1.9047619047619047,3,False,1,-1.0,False,False,0.8551835121035316,False,False,True,10.4,1.9919373696405014,1.0
baseline,12.0,2,66.60000000000038,20,0.6,0.4000000000001904,0.29999999999998295,1.5186273042720817,True,False,1.5945586694856857,0.1895351677197341,21.0,1.583744926859263,0.049999999997979216,,,,,0.4738553740363014,21.0,9.477107480726028,1.9047619047619047,3,False,2,0.0,True,False,0.8314660866011131,False,False,True,10.4,1.9919373696405014,1.0
baseline,12.0,2,70.50000000000048,23,1.5,2.8000000000000824,0.39999999999997726,1.3551695476501053,False,True,1.4229280250326106,0.2112658360590464,21.0,1.5721272702522295,1.49999999999757,1.4545899284926989,20.0,0.4569729033338365,1.9,0.4938983482732579,20.0,9.877966965465157,1.9,1,True,2,-1.0,False,False,0.8274354053959103,False,False,True,10.4,1.9919373696405014,1.0
baseline,12.0,2,77.99999999999994,7,0.6,0.50000000000054,3.399999999999565,1.1199841710392615,True,False,1.170892542450137,0.0825569519581965,23.0,1.2125322581940323,0.5999999999977348,,,,,0.3174402028819179,24.0,6.3488040576383575,1.9166666666666667,1,True,2,1.0,True,False,0.6326255260142777,False,False,True,10.4,1.9919373696405014,1.0
baseline,12.0,2,80.39999999999971,11,1.5,5.600000000000236,1.899999999999224,1.286819250714433,False,True,1.3453110348378163,0.149212545453382,23.0,1.847682178821596,1.149999999997803,1.8475789781477865,22.0,0.5276673222432748,1.9090909090909092,0.5276967962867918,22.0,10.553935925735836,1.9090909090909092,0,False,2,-1.0,False,True,0.9678335222398836,False,False,True,10.4,1.9919373696405014,1.0
baseline,12.0,2,95.19999999999888,19,1.0000000000003837,1.0000000000003837,6.799999999999173,0.9945695078895955,False,False,1.0378116604065344,0.022482531255671,24.0,1.037533704857739,0.04999999999783711,,,,,0.2716256887527395,24.0,5.43251377505479,1.9166666666666667,0,False,1,0.0,True,True,0.5413219329692551,False,False,True,10.4,1.9919373696405014,1.0
baseline,12.0,2,96.19999999999926,11,1.5,5.19999999999925,1.0000000000003837,0.9916780782909993,False,True,1.0347945164775645,0.0192371806005568,24.0,1.8977692299806876,0.04999999999741078,1.8977692299806876,23.0,0.5184363366187901,1.9130434782608696,0.5184363366187901,23.0,10.368726732375801,1.9130434782608696,0,False,2,-1.0,False,True,0.9920157338535412,True,False,False,10.4,1.9919373696405014,1.0
baseline,12.0,2,101.39999999999851,13,1.5,1.8000000000003666,5.19999999999925,1.0399240662937985,False,True,1.0894442599268366,0.0608040156072016,22.0,1.9996323975493804,1.0499999999978087,1.9996323975493804,21.0,0.5982886142877408,1.9047619047619047,0.5982886142877408,21.0,11.965772285754817,1.9047619047619047,0,False,2,-1.0,False,True,1.0498070087134248,False,True,False,10.4,1.9919373696405014,1.0
baseline,12.0,2,112.69999999999789,24,1.3999999999997925,1.3999999999997925,3.299999999999372,1.0098090791657648,False,False,1.0537138217381894,0.05785880145716,24.0,1.943431875503024,1.0499999999977945,1.943431875503024,23.0,0.5309105480723941,1.9130434782608696,0.5309105480723941,23.0,10.618210961447883,1.9130434782608696,0,False,2,-1.0,False,True,1.0158848440129444,True,False,False,10.4,1.9919373696405014,1.0
baseline,12.0,2,114.09999999999768,14,1.1999999999999176,1.1999999999999176,1.3999999999997925,1.7868252128364681,False,False,1.8680445406926711,0.1907842828263413,23.0,1.848290697288065,0.049999999997979216,1.738277269975584,22.0,0.4964508273870378,1.9090909090909092,0.5049196935911775,23.0,10.09839387182355,1.9130434782608696,0,False,2,0.0,True,True,0.9661519554005794,False,False,True,10.4,1.9919373696405014,1.0
baseline,12.0,2,115.2999999999976,25,0.6,0.20000000000013074,1.1999999999999176,1.6550319975659944,True,False,1.733843045069137,0.1936286303229104,22.0,1.7299097111718549,0.04999999999800764,,,,,0.4940610581810127,22.0,9.881221163620253,1.9090909090909092,1,False,1,0.0,True,False,0.9061431820424002,False,False,True,10.4,1.9919373696405014,1.0
baseline,12.0,2,115.49999999999773,16,0.999999999999929,0.999999999999929,0.20000000000013074,1.635553710320153,False,False,1.7134372203353985,0.1872976909692281,22.0,2.201192082567012,0.8499999999977916,2.201192082567012,21.0,0.658595131022147,1.9047619047619047,0.658595131022147,21.0,13.171902620442939,1.9047619047619047,1,False,2,-1.0,False,False,1.1556258433476814,False,True,False,10.4,1.9919373696405014,1.0
baseline,12.0,2,116.49999999999766,6,1.5,2.5000000000004263,0.999999999999929,2.075509130973179,False,True,2.1792845875218374,0.2869472229975336,21.0,2.0564310419595517,0.04999999999786553,2.0564310419595517,20.0,0.646046865403413,1.9,0.646046865403413,20.0,12.920937308068261,1.9,1,False,2,-1.0,False,False,1.0823321273471325,False,True,False,10.4,1.9919373696405014,1.0
baseline,12.0,2,118.99999999999808,7,1.5,1.699999999999804,2.5000000000004263,1.252864932903213,False,True,1.3224685402867251,0.1621866096222516,19.0,1.882325367943438,0.9999999999972431,1.882325367943438,18.0,0.6570555052885343,1.8888888888888888,0.6570555052885343,18.0,13.141110105770686,1.8888888888888888,0,False,2,-1.0,False,True,0.9965251947935848,True,False,False,10.4,1.9919373696405014,1.0
baseline,12.0,2,122.89999999999765,12,0.6,0.39999999999994884,0.7999999999999687,1.4592701936429937,True,False,1.5360738880452565,0.2421900312097257,20.0,1.5257987564408488,0.04999999999751026,,,,,0.4793438164091013,20.0,9.586876328182026,1.9,2,False,2,0.0,True,False,0.803051977074131,False,False,True,10.4,1.9919373696405014,1.0
baseline,12.0,2,124.99999999999716,2,1.5,2.0000000000009237,0.4999999999995026,1.4558454524444608,False,True,1.5251714263703875,0.285676109214306,22.0,1.781547124200776,1.399999999997803,1.756832587362307,21.0,0.5256430809566259,1.9047619047619047,0.5330376530869696,21.0,10.660753061739392,1.9047619047619047,1,True,2,-1.0,False,False,0.9353122402054075,False,False,True,10.4,1.9919373696405014,1.0
baseline,12.0,2,129.1999999999974,24,1.5,1.7000000000002444,2.1999999999993207,1.154843717304611,False,True,1.2098362752714973,0.1459671051210736,22.0,2.1483699950869304,0.9999999999979536,2.1483699950869304,21.0,0.6427907994055087,1.9047619047619047,0.6427907994055087,21.0,12.855815988110173,1.9047619047619047,0,False,2,-1.0,False,True,1.1278942474206386,False,True,False,10.4,1.9919373696405014,1.0
baseline,12.0,2,134.79999999999663,5,1.5,2.400000000000773,1.7999999999994714,1.217886193322897,False,True,1.273244656655756,0.1173184503730648,23.0,2.115809646791919,1.0,2.115809646791919,22.0,0.6042738220687189,1.9090909090909092,0.6042738220687189,22.0,12.085476441374379,1.9090909090909092,0,False,2,-1.0,False,True,1.1082812435576719,False,True,False,10.4,1.9919373696405014,1.0
baseline,12.0,2,147.89999999999588,9,1.5,inf,5.099999999999255,1.0137220007112848,False,True,1.0577968703074276,0.0407984746866096,24.0,1.9526801423742215,0.9500000000037119,1.9526801423742215,23.0,0.5334370078342197,1.9130434782608696,0.5334370078342197,23.0,10.668740156684393,1.9130434782608696,0,False,2,-1.0,False,True,1.0207191653319794,False,True,False,10.4,1.9919373696405014,1.0
B2,12.0,2,38.70000000000028,20,1.5,1.6000000000000227,22.300000000000296,0.9617519008059653,False,True,1.0035672008410073,0.0025143365494015,24.0,1.910766247652378,1.0999999999996035,1.910742155408209,23.0,0.5219803059421526,1.9130434782608696,0.5219868875088736,23.0,10.439737750177471,1.9130434782608696,0,False,2,-1.0,False,True,0.998809629454652,True,False,False,10.4,1.9919373696405014,1.0
B2,12.0,2,40.3000000000003,25,1.5,6.399999999999977,1.6000000000000227,1.7648402655178201,False,True,1.845060277586812,0.1803675380139545,23.0,1.8383784316240224,0.04999999999954241,1.8093707941186463,22.0,0.5167550904020972,1.9090909090909092,0.5022118413311265,23.0,10.04423682662253,1.9130434782608696,0,False,2,0.0,True,True,0.9609705438034662,False,False,True,10.4,1.9919373696405014,1.0
B2,12.0,2,49.30000000000043,23,0.9000000000000128,0.9000000000000128,1.000000000000128,1.094729417499523,False,False,1.1423263486951545,0.1311497721197844,24.0,1.1450264461918802,0.09999999999890008,,,,,0.2997672226268699,24.0,5.995344452537398,1.9166666666666667,0,False,1,0.0,True,True,0.597405102360981,False,False,True,10.4,1.9919373696405014,1.0
B2,12.0,2,50.20000000000044,14,1.5,4.300000000000054,0.9000000000000128,1.0310102247521233,False,True,1.0758367562630853,0.0828391379892105,24.0,1.9031594979517308,1.0499999999987821,1.7917369784761972,23.0,0.4894702372822603,1.9130434782608696,0.543541081579527,22.0,10.87082163159054,1.9090909090909092,1,False,3,-2.0,True,False,0.9968930703556684,True,False,False,10.4,1.9919373696405014,1.0
B2,12.0,2,54.5000000000005,12,1.5,2.799999999999933,4.300000000000054,1.1998326144086628,False,True,1.2569675008090753,0.1114290302717405,22.0,2.137448708305937,1.0499999999984837,2.137448708305937,21.0,0.6395231580418024,1.9047619047619047,0.6395231580418024,21.0,12.790463160836048,1.9047619047619047,0,False,2,-1.0,False,True,1.122160571860617,False,True,False,10.4,1.9919373696405014,1.0
B2,12.0,2,58.10000000000056,18,0.6,0.09999999999988063,0.8000000000001322,1.6814404221867145,True,False,1.7615090137194154,0.254744441357485,22.0,1.7565655144896366,0.04999999999827054,,,,,0.5016739378063471,22.0,10.033478756126941,1.9090909090909092,2,False,2,0.0,True,False,0.9201057456850477,False,False,True,10.4,1.9919373696405014,1.0
B2,12.0,2,59.00000000000057,7,1.5,3.0999999999999304,0.8000000000001251,1.3085720401642091,False,True,1.3680525874444005,0.1911820562538582,23.0,2.0887118306521213,0.149999999998208,2.0887118306521213,22.0,0.5965347038766176,1.9090909090909092,0.5965347038766176,22.0,11.930694077532351,1.9090909090909092,2,False,3,-1.0,True,False,1.0940871493892064,False,True,False,10.4,1.9919373696405014,1.0
B2,12.0,2,62.1000000000005,23,0.6,0.3999999999999986,3.0999999999999304,1.2986186740602292,True,False,1.3635496077632407,0.1570835573946502,21.0,1.3551026545651634,0.09999999999810427,,,,,0.4054457661373281,21.0,8.108915322746562,1.9047619047619047,1,False,2,0.0,True,False,0.7114288936467108,False,False,True,10.4,1.9919373696405014,1.0
B2,12.0,2,65.30000000000057,17,0.7999999999999972,0.7999999999999972,2.800000000000068,1.314912684625978,False,False,1.380658318857277,0.1832234993181864,21.0,1.3868266562915514,0.2999999999978513,,,,,0.4149375652579081,21.0,8.298751305158161,1.9047619047619047,0,False,1,0.0,True,True,0.7280839945530645,False,False,True,10.4,1.9919373696405014,1.0
B2,12.0,2,66.3000000000004,12,0.6,0.29999999999998295,0.1999999999998323,1.3558506977763056,True,False,1.4204150167180345,0.2330459157588635,22.0,2.1370029869208325,0.049999999997979216,2.1370029869208325,21.0,0.6393897985152317,1.9047619047619047,0.6393897985152317,21.0,12.787795970304634,1.9047619047619047,3,False,1,-1.0,False,False,1.1219265681334372,False,True,False,10.4,1.9919373696405014,1.0
B2,12.0,2,66.60000000000038,20,0.6,0.4000000000001904,0.29999999999998295,1.970571904933296,True,False,2.0691005001799607,0.3193490734710504,21.0,2.0461351545483204,0.049999999997979216,,,,,0.6122022066457924,21.0,12.244044132915848,1.9047619047619047,3,False,2,0.0,True,False,1.0742209561378682,False,True,False,10.4,1.9919373696405014,1.0
B2,12.0,2,70.50000000000048,23,1.5,2.8000000000000824,0.39999999999997726,1.5702704714269746,False,True,1.6487839949983234,0.340136829923,21.0,1.8141569312546717,1.49999999999757,1.6466210281320568,20.0,0.5173012525226142,1.9,0.5699342087688679,20.0,11.398684175377358,1.9,1,True,2,-1.0,False,False,0.9548194375024588,False,False,True,10.4,1.9919373696405014,1.0
B2,12.0,2,77.99999999999994,7,0.6,0.50000000000054,3.399999999999565,1.3637190374344998,True,False,1.4257062664087954,0.2405201520547608,23.0,1.4211145869063535,0.049999999997766054,,,,,0.3882228822725473,23.0,7.764457645450946,1.9130434782608696,1,False,2,0.0,True,False,0.7428553522465029,False,False,True,10.4,1.9919373696405014,1.0
B2,12.0,2,80.39999999999971,11,1.5,5.600000000000236,1.899999999999224,1.2172670145509348,False,True,1.2725973333941591,0.1644572751248668,23.0,1.6968375860074658,1.0499999999978087,1.6968375860074658,22.0,0.484615681321463,1.9090909090909092,0.484615681321463,22.0,9.692313626429259,1.9090909090909092,0,False,2,-1.0,False,True,0.8888196879086725,False,False,True,10.4,1.9919373696405014,1.0
B2,12.0,2,95.19999999999888,19,1.0000000000003837,1.0000000000003837,6.799999999999173,1.1258646489488775,False,False,1.1748152858596983,0.1188222580145528,24.0,1.1745556863491828,0.04999999999783711,,,,,0.3074979596222258,24.0,6.149959192444516,1.9166666666666667,0,False,1,0.0,True,True,0.6128116624430519,False,False,True,10.4,1.9919373696405014,1.0
B2,12.0,2,96.19999999999926,11,1.5,5.19999999999925,1.0000000000003837,1.1214175556536543,False,True,1.170174840682074,0.1138084910916638,24.0,2.2325339681921617,0.04999999999741078,2.2325339681921617,23.0,0.6098880272488838,1.9130434782608696,0.6098880272488838,23.0,12.197760544977676,1.9130434782608696,0,False,2,-1.0,False,True,1.1670063924640846,False,True,False,10.4,1.9919373696405014,1.0
B2,12.0,2,101.39999999999851,13,1.5,1.8000000000003666,5.19999999999925,1.3030929250279328,False,True,1.365144969076882,0.162308062939784,22.0,1.7527281162150825,1.0499999999978087,1.7527281162150825,21.0,0.5244150260611029,1.9047619047619047,0.5244150260611029,21.0,10.488300521222058,1.9047619047619047,0,False,2,-1.0,False,True,0.9201822610129183,False,False,True,10.4,1.9919373696405014,1.0
B2,12.0,2,112.69999999999789,24,1.3999999999997925,1.3999999999997925,3.299999999999372,1.1398517912217914,False,False,1.1894105647531736,0.1149904026449926,24.0,1.9750014215887508,1.0499999999977945,1.9750014215887508,23.0,0.5395347788602276,1.9130434782608696,0.5395347788602276,23.0,10.790695577204552,1.9130434782608696,0,False,2,-1.0,False,True,1.0323871067395742,False,True,False,10.4,1.9919373696405014,1.0
B2,12.0,2,114.09999999999768,14,1.1999999999999176,1.1999999999999176,1.3999999999997925,1.8104373460832115,False,False,1.8927299527233576,0.2174434592357185,23.0,1.919337478975744,1.0499999999979224,1.919337478975744,22.0,0.5481615021554318,1.9090909090909092,0.5481615021554318,22.0,10.963230043108636,1.9090909090909092,0,False,2,-1.0,False,True,1.0053672508920564,True,False,False,10.4,1.9919373696405014,1.0
B2,12.0,2,115.2999999999976,25,0.6,0.20000000000013074,1.1999999999999176,1.8183498362006538,True,False,1.90493792363878,0.2451264200688958,22.0,1.8949197875531651,0.04999999999800764,,,,,0.5411878257926324,22.0,10.823756515852647,1.9090909090909092,1,False,1,0.0,True,False,0.9925770315754674,True,False,False,10.4,1.9919373696405014,1.0
B2,12.0,2,115.49999999999773,16,0.999999999999929,0.999999999999929,0.20000000000013074,1.7672947206838345,False,False,1.8514516121449696,0.2344394795601509,22.0,2.154314464014961,0.8499999999977916,2.154314464014961,21.0,0.6445693803496795,1.9047619047619047,0.6445693803496795,21.0,12.89138760699359,1.9047619047619047,1,False,2,-1.0,False,False,1.1310150936078545,False,True,False,10.4,1.9919373696405014,1.0
B2,12.0,2,116.49999999999766,6,1.5,2.5000000000004263,0.999999999999929,2.0247730682577085,False,True,2.126011721670594,0.3150152259995842,21.0,2.1579353516972124,0.24999999999786837,2.10927287694529,20.0,0.6626476174627531,1.9,0.677935384781367,20.0,13.558707695627339,1.9,1,False,2,-1.0,False,False,1.1357554482616907,False,True,False,10.4,1.9919373696405014,1.0
B2,12.0,2,118.99999999999808,7,1.5,1.699999999999804,2.5000000000004263,1.4939203488208952,False,True,1.5769159237553894,0.2532419329397244,19.0,1.581949861220861,0.19999999999727436,1.4740623724127464,18.0,0.5145448355672251,1.8888888888888888,0.5231412697219842,19.0,10.462825394439683,1.894736842105263,0,False,2,0.0,True,True,0.83491798231101,False,False,True,10.4,1.9919373696405014,1.0
B2,12.0,2,122.89999999999765,12,0.6,0.39999999999994884,0.7999999999999687,1.3307747949967488,True,False,1.4008155736807884,0.2262626729361857,20.0,1.4450339047443794,0.49999999999747047,,,,,0.4323531332698205,21.0,8.64706266539641,1.9047619047619047,2,False,2,1.0,True,False,0.7586427999907992,False,False,True,10.4,1.9919373696405014,1.0
B2,12.0,2,124.99999999999716,2,1.5,2.0000000000009237,0.4999999999995026,1.4082692420373528,False,True,1.4753296821343695,0.2923535982861019,22.0,1.7318646999388865,1.049999999997823,1.7318646999388865,21.0,0.5181727065085235,1.9047619047619047,0.5181727065085235,21.0,10.36345413017047,1.9047619047619047,1,False,2,-1.0,False,False,0.9092289674679155,False,False,True,10.4,1.9919373696405014,1.0
B2,12.0,2,129.1999999999974,24,1.5,1.7000000000002444,2.1999999999993207,1.2271424282888612,False,True,1.285577782016902,0.1758201110747752,22.0,1.9215105882503556,0.9999999999979536,1.9215105882503556,21.0,0.5749146236040303,1.9047619047619047,0.5749146236040303,21.0,11.498292472080607,1.9047619047619047,0,False,2,-1.0,False,True,1.0087930588314367,True,False,False,10.4,1.9919373696405014,1.0
B2,12.0,2,134.79999999999663,5,1.5,2.400000000000773,1.7999999999994714,1.2197142737819764,False,True,1.275155831681157,0.1667973562692763,23.0,1.5020692306083148,1.0,1.5020692306083148,22.0,0.4289899690965777,1.9090909090909092,0.4289899690965777,22.0,8.579799381931554,1.9090909090909092,0,False,2,-1.0,False,True,0.7867981684138792,False,False,True,10.4,1.9919373696405014,1.0
B2,12.0,2,147.89999999999588,9,1.5,inf,5.099999999999255,1.054677747562514,False,True,1.1005333018043624,0.0749290682875335,24.0,1.7491297699704216,0.9500000000037119,1.7491297699704216,23.0,0.4778307161316766,1.9130434782608696,0.4778307161316766,23.0,9.556614322633532,1.9130434782608696,0,False,2,-1.0,False,True,0.9143178343027203,False,False,True,10.4,1.9919373696405014,1.0
baseline,12.0,3,25.60000000000012,25,1.5,2.300000000000008,3.500000000000149,1.031466680768257,False,True,1.076313058192964,0.037949909042658,24.0,1.934049156847893,1.0000000000001243,1.9335719956623396,23.0,0.5282170066747618,1.9130434782608696,0.5283473585073803,23.0,10.566947170147607,1.9130434782608696,0,False,2,-1.0,False,True,1.0109802410795805,True,False,False,10.4,1.9919373696405014,1.0
baseline,12.0,3,27.900000000000126,14,1.5,1.8000000000000256,2.300000000000008,1.4306938712598203,False,True,1.4957254108625393,0.1245384934554387,23.0,1.849036831264837,0.9500000000001485,1.849036831264837,22.0,0.5280836841198693,1.9090909090909092,0.5280836841198693,22.0,10.561673682397386,1.9090909090909092,0,False,2,-1.0,False,True,0.9685431020911051,False,False,True,10.4,1.9919373696405014,1.0
baseline,12.0,3,29.700000000000152,15,1.5,3.89999999999997,1.8000000000000256,1.5468808184321405,False,True,1.6205418097860522,0.1617568185421077,22.0,2.274391816249571,0.9500000000001485,2.274391816249571,21.0,0.680496440125181,1.9047619047619047,0.680496440125181,21.0,13.60992880250362,1.9047619047619047,0,False,2,-1.0,False,True,1.1940557035310249,False,True,False,10.4,1.9919373696405014,1.0
baseline,12.0,3,36.80000000000025,7,0.8999999999998991,0.8999999999998991,0.9000000000001265,1.1474621521684785,False,False,1.1996195227215911,0.1572723674248692,23.0,1.1927088405212078,0.2999999999997769,,,,,0.3258265505437414,23.0,6.516531010874828,1.9130434782608696,1,False,1,0.0,True,False,0.6234614393633586,False,False,True,10.4,1.9919373696405014,1.0
baseline,12.0,3,41.60000000000035,17,1.5,3.1999999999999034,3.9000000000001975,1.2071912881076576,False,True,1.2620636193852783,0.1264528926362217,23.0,1.7231030614138714,1.1999999999993562,1.7134141268156784,22.0,0.489349930305555,1.9090909090909092,0.4921170835559909,22.0,9.842341671119817,1.9090909090909092,0,False,2,-1.0,False,True,0.9025777940739326,False,False,True,10.4,1.9919373696405014,1.0
baseline,12.0,3,45.50000000000038,22,1.0000000000000142,1.0000000000000142,0.7000000000001236,1.183691225414026,False,False,1.2374953720237545,0.1419135949485099,23.0,1.2391218032692064,0.04999999999917293,,,,,0.3385057351350848,23.0,6.770114702701696,1.9130434782608696,1,False,1,0.0,True,False,0.6477227607998124,False,False,True,10.4,1.9919373696405014,1.0
baseline,12.0,3,46.50000000000039,6,1.5,1.6999999999999105,1.0000000000000142,1.1170471827064448,False,True,1.1678220546476468,0.0904469046870131,23.0,1.8848851269723412,0.09999999999909903,1.884595459322779,22.0,0.5382392045451931,1.9090909090909092,0.538321933432452,22.0,10.766438668649041,1.9090909090909092,0,False,2,-1.0,False,True,0.9873207807950358,True,False,False,10.4,1.9919373696405014,1.0
baseline,12.0,3,48.2000000000003,7,1.4000000000000483,1.4000000000000483,1.6999999999999105,1.493361150225717,False,False,1.5680292077370026,0.1659983100332572,21.0,2.192772161977173,1.049999999999038,2.192772161977173,20.0,0.6888796915063695,1.9,0.6888796915063695,20.0,13.77759383012739,1.9,0,False,2,-1.0,False,True,1.1540906115669334,False,True,False,10.4,1.9919373696405014,1.0
baseline,12.0,3,51.40000000000046,23,1.5,2.099999999999916,1.8000000000001108,1.549326425652565,False,True,1.6267927469351933,0.2086105858955459,21.0,2.055232854147194,1.0499999999986969,2.055232854147194,20.0,0.6456704436005207,1.9,0.6456704436005207,20.0,12.913408872010415,1.9,0,False,2,-1.0,False,True,1.0817015021827336,False,True,False,10.4,1.9919373696405014,1.0
baseline,12.0,3,64.20000000000051,22,1.0000000000000568,1.0000000000000568,4.800000000000054,1.0194450816449947,False,False,1.063768780846951,0.042212988066948,24.0,1.061741881356964,0.049999999997979216,,,,,0.2779633745399703,24.0,5.559267490799406,1.9166666666666667,0,False,1,0.0,True,True,0.5539522859253725,False,False,True,10.4,1.9919373696405014,1.0
baseline,12.0,3,65.20000000000057,2,1.5,3.399999999999693,1.0000000000000568,1.0058319043347153,False,True,1.0495637262623116,0.0313964172652108,24.0,1.846776572474668,0.09999999999786269,1.84514435182137,23.0,0.504060168738671,1.9130434782608696,0.5045060619920134,23.0,10.090121239840268,1.9130434782608696,0,False,2,-1.0,False,True,0.9653604810663038,False,False,True,10.4,1.9919373696405014,1.0
baseline,12.0,3,68.60000000000026,15,0.6,0.100000000000108,3.399999999999693,1.2324305423015898,True,False,1.291117710982618,0.1196837024739748,22.0,1.3257932951585127,0.599999999997948,,,,,0.3786456796589625,22.0,7.57291359317925,1.9090909090909092,2,True,1,0.0,True,False,0.6944631546068399,False,False,True,10.4,1.9919373696405014,1.0
baseline,12.0,3,68.70000000000037,8,1.5,3.500000000000142,0.100000000000108,1.2418367565798636,False,True,1.3009718402265238,0.1192053174686949,22.0,1.8491038020431056,1.0499999999978087,1.7996654829944063,21.0,0.5384586533613671,1.9047619047619047,0.6114874652866922,19.0,12.229749305733844,1.894736842105263,1,False,3,-3.0,True,False,0.9759158955227503,False,False,True,10.4,1.9919373696405014,1.0
baseline,12.0,3,68.70000000000037,21,1.5,3.500000000000142,0.100000000000108,1.2418367565798636,False,True,1.3009718402265238,0.1192053174686949,22.0,1.8491038020431056,1.0499999999978087,1.7996654829944063,21.0,0.5384586533613671,1.9047619047619047,0.6114874652866922,19.0,12.229749305733844,1.894736842105263,1,False,3,-3.0,True,False,0.9759158955227503,False,False,True,10.4,1.9919373696405014,1.0
baseline,12.0,3,75.99999999999984,23,0.6000000000004206,0.6000000000004206,2.7999999999992724,1.0933918530210083,False,False,1.1480614456720588,0.091954347533923,21.0,1.146426102996844,0.049999999997979216,,,,,0.3430098879103296,21.0,6.860197758206592,1.9047619047619047,0,False,1,0.0,True,True,0.6018737040733432,False,False,True,10.4,1.9919373696405014,1.0
baseline,12.0,3,77.99999999999962,7,1.5,6.000000000000227,1.299999999999244,1.4017475554593073,False,True,1.4654633534347303,0.1807206162247555,23.0,1.673100961945209,1.1999999999980275,1.669699445601155,22.0,0.4768650465457762,1.9090909090909092,0.4778365173419168,22.0,9.556730346838336,1.9090909090909092,0,False,2,-1.0,False,True,0.8763862181617762,False,False,True,10.4,1.9919373696405014,1.0
baseline,12.0,3,85.7999999999994,19,0.6,0.200000000000216,1.7999999999995566,1.079126494667852,True,False,1.1281776989709362,0.1113494757189957,23.0,1.1709769045831924,0.39999999999784563,,,,,0.3065610367468228,24.0,6.131220734936456,1.9166666666666667,1,False,2,1.0,True,False,0.6109444719564482,False,False,True,10.4,1.9919373696405014,1.0
baseline,12.0,3,89.09999999999921,12,1.5,3.6999999999997897,3.0999999999995964,1.2729696078079378,False,True,1.3308318627082985,0.1066879929599964,23.0,1.94956298182708,1.0499999999978087,1.94956298182708,22.0,0.556793885583506,1.9090909090909092,0.556793885583506,22.0,11.135877711670119,1.9090909090909092,0,False,2,-1.0,False,True,1.0211996571475181,False,True,False,10.4,1.9919373696405014,1.0
baseline,12.0,3,92.799999999999,10,1.000000000000398,1.000000000000398,3.6999999999997897,1.2219220316171866,False,False,1.2801087950275287,0.1010672409098596,22.0,1.2757408890431978,0.04999999999787974,,,,,0.364350745900202,22.0,7.28701491800404,1.9090909090909092,0,False,1,0.0,True,True,0.668245227594056,False,False,True,10.4,1.9919373696405014,1.0
baseline,12.0,3,96.0999999999988,18,1.000000000000398,1.000000000000398,2.2999999999994003,1.5285411326788918,False,False,1.601328805663601,0.1968592442959602,22.0,1.595444752523918,0.04999999999787974,,,,,0.4556579557943205,22.0,9.11315911588641,1.9090909090909092,0,False,1,0.0,True,True,0.835709156083957,False,False,True,10.4,1.9919373696405014,1.0
baseline,12.0,3,99.59999999999896,15,1.2000000000000455,1.2000000000000455,2.4999999999997584,1.182810175587044,False,False,1.2391344696626174,0.1076224343986744,22.0,2.07831154492512,1.0499999999974676,2.07831154492512,21.0,0.6218293601340581,1.9047619047619047,0.6218293601340581,21.0,12.436587202681162,1.9047619047619047,0,False,2,-1.0,False,True,1.0911135610856881,False,True,False,10.4,1.9919373696405014,1.0
baseline,12.0,3,107.39999999999864,12,0.6,0.20000000000031548,3.299999999999841,1.1044539873775467,True,False,1.1546564413492535,0.0613511223339315,23.0,1.2025952651707317,0.29999999999738236,,,,,0.3148387041918532,24.0,6.2967740838370645,1.9166666666666667,2,False,2,1.0,True,False,0.6274410079151643,False,False,True,10.4,1.9919373696405014,1.0
baseline,12.0,3,107.99999999999814,5,1.100000000000378,1.100000000000378,0.39999999999918145,1.1398410824010792,False,False,1.1893993903315607,0.144075995899718,24.0,2.110764530118536,0.4499999999978428,2.110764530118536,23.0,0.5766228122850698,1.9130434782608696,0.5766228122850698,23.0,11.532456245701397,1.9130434782608696,2,False,3,-1.0,True,False,1.1033541861983256,False,True,False,10.4,1.9919373696405014,1.0
baseline,12.0,3,109.09999999999852,18,1.5,2.3999999999993236,1.100000000000378,1.79486009842089,False,True,1.8803296269171228,0.2743894628014725,22.0,1.8776514105908664,0.04999999999742499,1.800074193678535,21.0,0.5385809393121006,1.9047619047619047,0.5362559888649798,22.0,10.725119777299597,1.9090909090909092,0,False,2,0.0,True,True,0.9835316912618823,True,False,False,10.4,1.9919373696405014,1.0
baseline,12.0,3,111.49999999999784,6,1.5,2.0999999999998806,2.3999999999993236,1.186124530011474,False,True,1.2454307565120477,0.1115544084684766,21.0,2.0038724579491047,1.0499999999979224,2.0038724579491047,20.0,0.6295350992623829,1.9,0.6295350992623829,20.0,12.590701985247659,1.9,0,False,2,-1.0,False,True,1.0546697147100552,False,True,False,10.4,1.9919373696405014,1.0
baseline,12.0,3,113.59999999999772,9,1.5,1.8000000000009209,2.0999999999998806,1.3576246494822384,False,True,1.429078578402356,0.1488357532941537,20.0,1.971951630861745,1.1499999999979025,1.965694042351676,19.0,0.6500431539639209,1.894736842105263,0.6521125007104915,19.0,13.04225001420983,1.894736842105263,0,False,2,-1.0,False,True,1.0407522496214767,False,True,False,10.4,1.9919373696405014,1.0
baseline,12.0,3,119.39999999999829,15,0.6,0.09999999999955378,2.29999999999977,1.2587994045961115,True,False,1.3187422333864025,0.132527724056483,22.0,1.3582508780163252,0.1999999999970754,,,,,0.3710496504441716,23.0,7.420993008883432,1.9130434782608696,1,False,2,1.0,True,False,0.7099947771448972,False,False,True,10.4,1.9919373696405014,1.0
baseline,12.0,3,129.89999999999725,23,1.5,2.299999999999528,2.4999999999989626,1.0308265206511436,False,True,1.0756450650272802,0.0725065481638235,24.0,2.0192431439986365,0.9999999999982663,2.0192431439986365,23.0,0.5516208197389281,1.9130434782608696,0.5516208197389281,23.0,11.032416394778561,1.9130434782608696,0,False,2,-1.0,False,True,1.0555134616356507,False,True,False,10.4,1.9919373696405014,1.0
baseline,12.0,3,132.19999999999678,20,0.6,0.4000000000003183,2.299999999999528,1.3552964913370045,True,False,1.4169008773068683,0.1377258051912712,23.0,1.39416337433171,0.04999999999904503,,,,,0.3808602969308223,23.0,7.617205938616446,1.9130434782608696,1,False,1,0.0,True,False,0.7287672184006665,False,False,True,10.4,1.9919373696405014,1.0
baseline,12.0,3,132.5999999999971,22,0.6,0.3999999999996646,0.4000000000003183,1.3013183994260102,True,False,1.3604692357635562,0.1315483733899732,23.0,2.020780001676146,0.5999999999989427,2.020780001676146,22.0,0.5771334188897228,1.9090909090909092,0.5771334188897228,22.0,11.542668377794456,1.9090909090909092,2,True,2,-1.0,False,False,1.0585038104017908,False,True,False,10.4,1.9919373696405014,1.0
baseline,12.0,3,132.99999999999676,16,1.5,4.900000000000489,0.3999999999996646,1.2914048294632006,False,True,1.350105048984255,0.1261276406755488,23.0,2.3041217645949867,0.8499999999994259,2.020780001676146,22.0,0.5771334188897228,1.9090909090909092,0.6893916198693297,21.0,13.787832397386595,1.9047619047619047,2,False,4,-2.0,True,False,1.209663926412368,False,True,False,10.4,1.9919373696405014,1.0
baseline,12.0,3,140.99999999999673,21,0.6,0.0999999999994543,0.3999999999996362,1.3004498930482473,True,False,1.3595612518231677,0.228043128351732,23.0,1.4161053333454563,0.050000000001091394,,,,,0.3707355093289508,24.0,7.414710186579016,1.9166666666666667,4,False,2,1.0,True,False,0.7388375652237164,False,False,True,10.4,1.9919373696405014,1.0
baseline,12.0,3,141.0999999999962,25,1.5,7.900000000000546,0.09999999999942588,1.3571009444560624,False,True,1.4161053333454563,0.2450955052062872,24.0,1.9516823909108696,0.9500000000018645,1.5019201600233616,23.0,0.4102975079137216,1.9130434782608696,0.5573991874023774,22.0,11.147983748047547,1.9090909090909092,4,False,3,-2.0,True,False,1.0223098238104555,False,True,False,10.4,1.9919373696405014,1.0
baseline,12.0,3,150.39999999999574,11,1.5,inf,1.2999999999995566,1.116539646823409,False,True,1.1650848488592094,0.1202801544955951,24.0,1.9438882151683927,1.0000000000044338,1.943691610822833,23.0,0.5309815030787064,1.9130434782608696,0.5310352118411128,23.0,10.620704236822256,1.9130434782608696,0,False,2,-1.0,False,True,1.0161233852016598,True,False,False,10.4,1.9919373696405014,1.0
B2,12.0,3,25.60000000000012,25,1.5,2.300000000000008,3.500000000000149,1.0638655955483016,False,True,1.110120621441706,0.0695311567956268,24.0,1.8262452234552888,1.0000000000001243,1.825020448879332,23.0,0.4985626812913439,1.9130434782608696,0.4988972676226595,23.0,9.97794535245319,1.9130434782608696,0,False,2,-1.0,False,True,0.9546281849879918,False,False,True,10.4,1.9919373696405014,1.0
B2,12.0,3,27.900000000000126,14,1.5,1.8000000000000256,2.300000000000008,1.3972989676814682,False,True,1.4608125571215351,0.1140637019201122,23.0,1.9746617429544429,1.0500000000001535,1.974616378732742,22.0,0.5639491190077148,1.9090909090909092,0.5639620749991359,22.0,11.279241499982717,1.9090909090909092,0,False,2,-1.0,False,True,1.034346627261851,False,True,False,10.4,1.9919373696405014,1.0
B2,12.0,3,29.700000000000152,15,1.5,3.89999999999997,1.8000000000000256,1.5774314071661169,False,True,1.6525471884597416,0.1603315635453723,22.0,2.380093507568032,1.1500000000001513,2.351787202248002,21.0,0.7036530854656018,1.9047619047619047,0.7121223122126183,21.0,14.242446244252367,1.9047619047619047,0,False,2,-1.0,False,True,1.2495490914732168,False,True,False,10.4,1.9919373696405014,1.0
B2,12.0,3,36.80000000000025,7,0.8999999999998991,0.8999999999998991,0.9000000000001265,1.4434438365018905,False,False,1.5090549199792491,0.2016096593498896,23.0,1.5174198639483325,0.09999999999978826,,,,,0.4145317475644612,23.0,8.290634951289224,1.9130434782608696,1,False,1,0.0,True,False,0.7931967470639011,False,False,True,10.4,1.9919373696405014,1.0
B2,12.0,3,41.60000000000035,17,1.5,3.1999999999999034,3.9000000000001975,1.211316727586351,False,True,1.266376578840276,0.1222274771643429,23.0,1.7710009007770204,1.099999999999362,1.7702804883665118,22.0,0.5055909251859623,1.9090909090909092,0.5057966744892721,22.0,10.115933489785442,1.9090909090909092,0,False,2,-1.0,False,True,0.9276671385022488,False,False,True,10.4,1.9919373696405014,1.0
B2,12.0,3,45.50000000000038,22,1.0000000000000142,1.0000000000000142,0.7000000000001236,1.1115026385226243,False,False,1.1620254857281982,0.1278708546286732,23.0,1.1537453999082803,0.04999999999917293,,,,,0.3151824410839019,23.0,6.303648821678038,1.9130434782608696,1,False,1,0.0,True,False,0.603094186315692,False,False,True,10.4,1.9919373696405014,1.0
B2,12.0,3,46.50000000000039,6,1.5,1.6999999999999105,1.0000000000000142,1.0790895943174832,False,True,1.1281391213319143,0.0702456779978494,23.0,1.91886879130362,0.049999999999101874,1.91886879130362,22.0,0.5480276452692889,1.9090909090909092,0.5480276452692889,22.0,10.960552905385779,1.9090909090909092,0,False,2,-1.0,False,True,1.0051217478257057,True,False,False,10.4,1.9919373696405014,1.0
B2,12.0,3,48.2000000000003,7,1.4000000000000483,1.4000000000000483,1.6999999999999105,1.703611019540293,False,False,1.7887915705173074,0.2054273671163421,21.0,2.394505766991395,1.049999999999038,2.394505766991395,20.0,0.7522561726558559,1.9,0.7522561726558559,20.0,15.045123453117117,1.9,0,False,2,-1.0,False,True,1.2602661931533659,False,True,False,10.4,1.9919373696405014,1.0
B2,12.0,3,51.40000000000046,23,1.5,2.099999999999916,1.8000000000001108,1.9076464076463862,False,True,2.0030287280287054,0.3060885489582972,21.0,2.126262300318725,1.0499999999986969,2.126262300318725,20.0,0.6679850022286242,1.9,0.6679850022286242,20.0,13.359700044572485,1.9,0,False,2,-1.0,False,True,1.1190854212203816,False,True,False,10.4,1.9919373696405014,1.0
B2,12.0,3,64.20000000000051,22,1.0000000000000568,1.0000000000000568,4.800000000000054,1.2026211485222822,False,False,1.25490902454499,0.1578756687292854,24.0,1.2544018097108962,0.049999999997979216,,,,,0.3284016258364577,24.0,6.568032516729154,1.9166666666666667,0,False,1,0.0,True,True,0.6544705094143806,False,False,True,10.4,1.9919373696405014,1.0
B2,12.0,3,65.20000000000057,2,1.5,3.399999999999693,1.0000000000000568,1.1726474202956043,False,True,1.2236320907432392,0.1532781927589892,24.0,2.175430206507597,1.0499999999978087,2.14715896729581,23.0,0.5865651163257359,1.9130434782608696,0.6213014141055995,22.0,12.42602828211199,1.9090909090909092,0,False,2,-2.0,True,True,1.1395110605515986,False,True,False,10.4,1.9919373696405014,1.0
B2,12.0,3,68.60000000000026,15,0.6,0.100000000000108,3.399999999999693,1.7099927745730819,True,False,1.791421001933705,0.3064804488680681,22.0,1.7929916115068396,0.09999999999797637,,,,,0.512077206787092,22.0,10.24154413574184,1.9090909090909092,2,False,1,0.0,True,False,0.9391860822178684,False,False,True,10.4,1.9919373696405014,1.0
B2,12.0,3,68.70000000000037,8,1.5,3.500000000000142,0.100000000000108,1.7114919928019832,False,True,1.7929916115068396,0.305962361777362,22.0,1.961649822811951,1.0499999999978087,1.6356759917577062,21.0,0.4893931123199246,1.9047619047619047,0.6487057549749204,19.0,12.974115099498409,1.894736842105263,1,False,3,-3.0,True,False,1.035315184261863,False,True,False,10.4,1.9919373696405014,1.0
B2,12.0,3,68.70000000000037,21,1.5,3.500000000000142,0.100000000000108,1.7114919928019832,False,True,1.7929916115068396,0.305962361777362,22.0,1.961649822811951,1.0499999999978087,1.6356759917577062,21.0,0.4893931123199246,1.9047619047619047,0.6487057549749204,19.0,12.974115099498409,1.894736842105263,1,False,3,-3.0,True,False,1.035315184261863,False,True,False,10.4,1.9919373696405014,1.0
B2,12.0,3,75.99999999999984,23,0.6000000000004206,0.6000000000004206,2.7999999999992724,1.4211114238753084,False,False,1.492166995069074,0.212567465493004,21.0,1.4908831756034884,0.049999999997979216,,,,,0.4460712030320515,21.0,8.92142406064103,1.9047619047619047,0,False,1,0.0,True,True,0.7827136671918314,False,False,True,10.4,1.9919373696405014,1.0
B2,12.0,3,77.99999999999962,7,1.5,6.000000000000227,1.299999999999244,1.4699344604060585,False,True,1.5367496631517883,0.2710865514549933,23.0,1.7839522668415946,1.349999999998019,1.7606174406556598,22.0,0.5028311652132622,1.9090909090909092,0.5094955759876738,22.0,10.189911519753476,1.9090909090909092,0,False,2,-1.0,False,True,0.9344511873932162,False,False,True,10.4,1.9919373696405014,1.0
B2,12.0,3,85.7999999999994,19,0.6,0.200000000000216,1.7999999999995566,1.1955839175296084,True,False,1.2499286410536814,0.1438478892698078,23.0,1.2993562916621249,0.2999999999978513,,,,,0.3401706816901173,24.0,6.8034136338023465,1.9166666666666667,1,False,2,1.0,True,False,0.6779250217367607,False,False,True,10.4,1.9919373696405014,1.0
B2,12.0,3,89.09999999999921,12,1.5,3.6999999999997897,3.0999999999995964,1.1555100934330538,False,True,1.2080332794981925,0.1364579488096017,23.0,1.7244699252198132,1.0499999999978087,1.7244699252198132,22.0,0.4925074589461005,1.9090909090909092,0.4925074589461005,22.0,9.85014917892201,1.9090909090909092,0,False,2,-1.0,False,True,0.9032937703532354,False,False,True,10.4,1.9919373696405014,1.0
B2,12.0,3,92.799999999999,10,1.000000000000398,1.000000000000398,3.6999999999997897,1.0848583793761366,False,False,1.1365183022035716,0.0849422298248407,22.0,1.142790676615124,0.9999999999977973,,,,,0.3263802540222711,22.0,6.527605080445422,1.9090909090909092,0,True,1,0.0,True,True,0.5986046401317315,False,False,True,10.4,1.9919373696405014,1.0
B2,12.0,3,96.0999999999988,18,1.000000000000398,1.000000000000398,2.2999999999994003,1.0983054733909805,False,False,1.1506057340286462,0.0955991815358664,22.0,1.14972820004202,0.0999999999978769,,,,,0.3283616060797296,22.0,6.567232121594592,1.9090909090909092,0,False,1,0.0,True,True,0.6022385809743913,False,False,True,10.4,1.9919373696405014,1.0
B2,12.0,3,99.59999999999896,15,1.2000000000000455,1.2000000000000455,2.4999999999997584,1.0954383385817457,False,False,1.1476020689904003,0.1388862132779952,22.0,1.9538763988910075,1.0499999999974676,1.9538763988910075,21.0,0.5845984515027114,1.9047619047619047,0.5845984515027114,21.0,11.691969030054228,1.9047619047619047,0,False,2,-1.0,False,True,1.025785109417779,False,True,False,10.4,1.9919373696405014,1.0
B2,12.0,3,107.39999999999864,12,0.6,0.20000000000031548,3.299999999999841,1.2724797254154776,True,False,1.330319712934363,0.1238307339698617,23.0,1.3259366530824903,0.04999999999739657,,,,,0.362221986821686,23.0,7.24443973643372,1.9130434782608696,2,False,2,0.0,True,False,0.6931032504749381,False,False,True,10.4,1.9919373696405014,1.0
B2,12.0,3,107.99999999999814,5,1.100000000000378,1.100000000000378,0.39999999999918145,1.2218264424209713,False,False,1.274949331221883,0.2268780849054141,24.0,1.7637207289179426,0.5499999999978371,1.7616019350837482,23.0,0.481237886765971,1.9130434782608696,0.4818167030393603,23.0,9.636334060787206,1.9130434782608696,2,False,3,-1.0,True,False,0.9219449264798336,False,False,True,10.4,1.9919373696405014,1.0
B2,12.0,3,109.09999999999852,18,1.5,2.3999999999993236,1.100000000000378,1.6577408321910347,False,True,1.7366808718191793,0.2385729938883108,22.0,1.7358105134267725,0.04999999999742499,1.6749960460331597,21.0,0.5011576450485453,1.9047619047619047,0.4957463233641341,22.0,9.914926467282681,1.9090909090909092,0,False,2,0.0,True,True,0.9092340784616427,False,False,True,10.4,1.9919373696405014,1.0
B2,12.0,3,111.49999999999784,6,1.5,2.0999999999998806,2.3999999999993236,1.2604453006423217,False,True,1.323467565674438,0.0989286460469975,21.0,1.9850064992853955,1.0499999999979224,1.9850064992853955,20.0,0.6236081835482992,1.9,0.6236081835482992,20.0,12.472163670965983,1.9,0,False,2,-1.0,False,True,1.0447402627817872,False,True,False,10.4,1.9919373696405014,1.0
B2,12.0,3,113.59999999999772,9,1.5,1.8000000000009209,2.0999999999998806,1.3296024389946182,False,True,1.399581514731177,0.1344887609959886,20.0,2.009164725176418,1.1999999999978996,1.992590432435673,19.0,0.658937627805602,1.894736842105263,0.6644186463648412,19.0,13.288372927296823,1.894736842105263,0,False,2,-1.0,False,True,1.0603924938431097,False,True,False,10.4,1.9919373696405014,1.0
B2,12.0,3,119.39999999999829,15,0.6,0.09999999999955378,2.29999999999977,1.4277744243179773,True,False,1.4957636826188334,0.1853351841532441,22.0,1.4875287690290582,0.04999999999706972,,,,,0.4248372229804689,22.0,8.496744459609378,1.9090909090909092,1,False,2,0.0,True,False,0.7791817361580781,False,False,True,10.4,1.9919373696405014,1.0
B2,12.0,3,129.89999999999725,23,1.5,2.299999999999528,2.4999999999989626,1.02412309866008,False,True,1.0686501899061704,0.0769902912096471,24.0,1.8651586748474327,0.9999999999982663,1.8651586748474327,23.0,0.509527720928693,1.9130434782608696,0.509527720928693,23.0,10.19055441857386,1.9130434782608696,0,False,2,-1.0,False,True,0.9749693073066125,False,False,True,10.4,1.9919373696405014,1.0
B2,12.0,3,132.19999999999678,20,0.6,0.4000000000003183,2.299999999999528,1.40200501320014,True,False,1.4657325138001462,0.1112230043771116,23.0,1.4561904941704376,0.04999999999904503,,,,,0.3978049877141858,23.0,7.956099754283716,1.9130434782608696,1,False,1,0.0,True,False,0.7611904855890923,False,False,True,10.4,1.9919373696405014,1.0
B2,12.0,3,132.5999999999971,22,0.6,0.3999999999996646,0.4000000000003183,1.3323268755007558,True,False,1.3928871880235174,0.0969301620288408,23.0,2.1087262645147877,0.5999999999989427,2.1087262645147877,22.0,0.6022508128210458,1.9090909090909092,0.6022508128210458,22.0,12.045016256420915,1.9090909090909092,2,True,2,-1.0,False,False,1.104570900460127,False,True,False,10.4,1.9919373696405014,1.0
B2,12.0,3,132.99999999999676,16,1.5,4.900000000000489,0.3999999999996646,1.2744737068296836,False,True,1.3324043298673964,0.0910203948789129,23.0,2.1087262645147877,0.1999999999992781,2.1087262645147877,22.0,0.6022508128210458,1.9090909090909092,0.6022508128210458,22.0,12.045016256420915,1.9090909090909092,2,False,4,-1.0,True,False,1.104570900460127,False,True,False,10.4,1.9919373696405014,1.0
B2,12.0,3,140.99999999999673,21,0.6,0.0999999999994543,0.3999999999996362,1.2688601714816932,True,False,1.3265356338217702,0.2267224150895682,23.0,1.4097835230356044,0.5500000000012051,,,,,0.3690804632600493,24.0,7.381609265200986,1.9166666666666667,4,True,2,1.0,True,False,0.7355392294098805,False,False,True,10.4,1.9919373696405014,1.0
B2,12.0,3,141.0999999999962,25,1.5,7.900000000000546,0.09999999999942588,1.3106853644053587,False,True,1.367671684596896,0.274122683374233,24.0,2.274283140656098,0.9500000000018645,1.7112419395607583,23.0,0.467480443985985,1.9130434782608696,0.6495337460789381,22.0,12.990674921578762,1.9090909090909092,4,False,3,-2.0,True,False,1.191291168915099,False,True,False,10.4,1.9919373696405014,1.0
B2,12.0,3,150.39999999999574,11,1.5,inf,1.2999999999995566,1.345801319488973,False,True,1.4043144203363198,0.1633348670529703,24.0,1.574854734102871,0.9500000000044224,1.574854734102871,23.0,0.4302219185329292,1.9130434782608696,0.4302219185329292,23.0,8.604438370658583,1.9130434782608696,0,False,2,-1.0,False,True,0.8232195200992279,False,False,True,10.4,1.9919373696405014,1.0
baseline,12.0,4,21.400000000000038,19,1.5,8.0,4.300000000000054,1.0126522497788617,False,True,1.0566806084648992,0.0363651377312781,24.0,1.9883440590717132,0.950000000000145,1.9883440590717132,23.0,0.543179746851183,1.9130434782608696,0.543179746851183,23.0,10.86359493702366,1.9130434782608696,0,False,2,-1.0,False,True,1.0393616672420318,False,True,False,10.4,1.9919373696405014,1.0
baseline,12.0,4,45.10000000000037,6,1.5,8.0,15.700000000000333,0.9653994621458192,False,True,1.007373351804333,0.0064881308982511,24.0,1.9254645829757215,1.0999999999991417,1.9254141303516328,23.0,0.5259884249591886,1.9130434782608696,0.5260022077064228,23.0,10.520044154128456,1.9130434782608696,0,False,2,-1.0,False,True,1.0064928501918544,True,False,False,10.4,1.9919373696405014,1.0
baseline,12.0,4,54.4000000000005,11,1.5,7.0000000000000995,1.3000000000001322,1.0603009470189642,False,True,1.1064009881937016,0.0929321189895078,24.0,2.01533385427786,1.0499999999984837,2.01533385427786,23.0,0.5505528722721849,1.9130434782608696,0.5505528722721849,23.0,11.011057445443697,1.9130434782608696,0,False,2,-1.0,False,True,1.0534699692816085,False,True,False,10.4,1.9919373696405014,1.0
baseline,12.0,4,61.4000000000006,14,0.9999999999999005,0.9999999999999005,7.0000000000000995,1.0838431760306073,False,False,1.1331087749410895,0.059329105650168,23.0,1.1308098879912063,0.049999999998043165,,,,,0.3089168727582496,23.0,6.178337455164992,1.9130434782608696,0,False,1,0.0,True,True,0.591105168722676,False,False,True,10.4,1.9919373696405014,1.0
baseline,12.0,4,63.20000000000063,17,1.5,3.3999999999998636,0.8000000000001251,1.6867003853513274,False,True,1.7633685846854787,0.2098340486083386,23.0,1.950473993424236,1.2499999999978542,1.9346606874167087,22.0,0.552537800252483,1.9090909090909092,0.5570540698872297,22.0,11.141081397744594,1.9090909090909092,1,False,2,-1.0,False,False,1.0216768536984093,False,True,False,10.4,1.9919373696405014,1.0
baseline,12.0,4,66.60000000000049,5,1.5,2.800000000000111,3.3999999999998636,1.4275499015215862,False,True,1.4955284682607095,0.1519746577558017,22.0,1.7876555912980276,1.0499999999978087,1.7876555912980276,21.0,0.5348653021686287,1.9047619047619047,0.5348653021686287,21.0,10.697306043372574,1.9047619047619047,0,False,2,-1.0,False,True,0.9385191854314646,False,False,True,10.4,1.9919373696405014,1.0
baseline,12.0,4,71.00000000000024,13,0.6,0.20000000000038654,1.599999999999639,1.112114324218085,True,False,1.165072149180851,0.1129585105867675,22.0,1.1978934601244986,0.2999999999978513,,,,,0.3272428951400332,23.0,6.544857902800664,1.9130434782608696,1,False,2,1.0,True,False,0.6261715814287152,False,False,True,10.4,1.9919373696405014,1.0
baseline,12.0,4,74.70000000000003,21,1.5,1.9999999999998863,0.09999999999953957,1.1901670301478422,False,True,1.2442655315181987,0.1660598021215485,23.0,1.9648642053090573,1.0499999999978087,1.9648642053090573,22.0,0.5611639047909529,1.9090909090909092,0.5611639047909529,22.0,11.223278095819058,1.9090909090909092,1,False,2,-1.0,False,False,1.0292145837333158,False,True,False,10.4,1.9919373696405014,1.0
baseline,12.0,4,76.69999999999992,12,1.5,2.300000000000324,1.9999999999998863,1.4184063861920055,False,True,1.485949547439244,0.1528905661612858,22.0,1.993345816674732,0.9999999999978115,1.993345816674732,21.0,0.5964076736885033,1.9047619047619047,0.5964076736885033,21.0,11.928153473770067,1.9047619047619047,0,False,2,-1.0,False,True,1.0465065537542344,False,True,False,10.4,1.9919373696405014,1.0
baseline,12.0,4,79.9,14,1.5,2.8000000000000256,0.8999999999997641,1.400125150453427,False,True,1.4667977766654947,0.2011556317402042,22.0,1.773325310166485,1.2999999999975245,1.7592845038525,21.0,0.5263766926549884,1.9047619047619047,0.5305776920803686,21.0,10.611553841607373,1.9047619047619047,1,False,2,-1.0,False,False,0.9309957878374047,False,False,True,10.4,1.9919373696405014,1.0
baseline,12.0,4,91.89999999999894,11,1.5,8.0,3.999999999998934,1.0294798368972462,False,True,1.074239829805822,0.0687103057182555,24.0,1.7513688038812658,1.1999999999978996,1.7456773350499932,23.0,0.4768875731592406,1.9130434782608696,0.4784423798260633,23.0,9.568847596521266,1.9130434782608696,0,False,2,-1.0,False,True,0.9154882383924798,False,False,True,10.4,1.9919373696405014,1.0
baseline,12.0,4,106.29999999999824,24,0.6,0.29999999999998295,6.399999999999295,1.00887034852411,True,False,1.0527342767208103,0.0409400662827496,24.0,1.0523681672820644,0.04999999999786553,,,,,0.2755093419337573,24.0,5.510186838675146,1.9166666666666667,1,False,1,0.0,True,False,0.5490616524949901,False,False,True,10.4,1.9919373696405014,1.0
baseline,12.0,4,106.59999999999822,18,1.5,7.700000000000017,0.29999999999998295,1.0080949259200143,False,True,1.0519251400904497,0.040188771589592,24.0,1.9733279200862963,0.7499999999978257,1.9733279200862963,23.0,0.5390776084231943,1.9130434782608696,0.5390776084231943,23.0,10.781552168463886,1.9130434782608696,1,False,3,-1.0,True,False,1.0315123218632911,False,True,False,10.4,1.9919373696405014,1.0
baseline,12.0,4,116.59999999999764,16,1.199999999999946,1.199999999999946,1.9999999999994174,1.128669831803539,False,False,1.1777424331863018,0.0882112092836576,24.0,1.7581879244855865,1.049999999997823,1.7581879244855865,23.0,0.480305240625583,1.9130434782608696,0.480305240625583,23.0,9.60610481251166,1.9130434782608696,0,False,2,-1.0,False,True,0.9190527787083748,False,False,True,10.4,1.9919373696405014,1.0
baseline,12.0,4,117.79999999999758,4,1.5,6.599999999999625,1.199999999999946,1.6787633500011576,False,True,1.7550707750012102,0.1665528780160608,23.0,1.9478878223676643,1.049999999997823,1.9478878223676643,22.0,0.5563154611606613,1.9090909090909092,0.5563154611606613,22.0,11.126309223213227,1.9090909090909092,0,False,2,-1.0,False,True,1.0203221926687764,False,True,False,10.4,1.9919373696405014,1.0
baseline,12.0,4,124.3999999999972,8,0.6,0.20000000000042917,6.599999999999625,1.0673111368542316,True,False,1.1181354767044331,0.0517208913652834,22.0,1.1561162808943626,0.2999999999978513,,,,,0.3158301230220246,23.0,6.3166024604404925,1.9130434782608696,1,False,2,1.0,True,False,0.6043335104675077,False,False,True,10.4,1.9919373696405014,1.0
baseline,12.0,4,130.69999999999726,17,0.6999999999995623,0.6999999999995623,4.899999999999679,1.1655534578987912,False,False,1.2185331605305545,0.0897966859584403,23.0,1.2185331605305545,0.0499999999982208,,,,,0.3328812891546384,23.0,6.657625783092768,1.9130434782608696,0,False,1,0.0,True,True,0.6369605157318807,False,False,True,10.4,1.9919373696405014,1.0
baseline,12.0,4,131.39999999999682,7,1.0000000000003695,1.0000000000003695,0.6999999999995623,1.1211068131184445,False,False,1.1720662137147373,0.0804014433077071,23.0,2.0266982931729958,0.9999999999990337,1.7373210244716608,22.0,0.4961777243097511,1.9090909090909092,0.6063867113214529,21.0,12.127734226429059,1.9047619047619047,1,True,3,-2.0,True,False,1.0640166039158228,False,True,False,10.4,1.9919373696405014,1.0
baseline,12.0,4,137.59999999999692,4,1.1000000000003354,1.1000000000003354,5.199999999999733,1.0200869164182016,False,False,1.0686624838666874,0.0404703535355594,22.0,1.903139392784951,1.000000000000341,1.903139392784951,21.0,0.5694179747743373,1.9047619047619047,0.5694179747743373,21.0,11.388359495486746,1.9047619047619047,0,True,2,-1.0,False,True,0.9991481812120993,True,False,False,10.4,1.9919373696405014,1.0
baseline,12.0,4,139.09999999999724,17,0.6,0.29999999999958504,0.39999999999997726,1.769815669801649,True,False,1.8540926064588703,0.2343763699667267,22.0,1.822118558700096,1.4210854715202004e-13,,,,,0.5203958434528948,22.0,10.407916869057896,1.9090909090909092,2,False,2,0.0,True,False,0.9544430545571931,False,False,True,10.4,1.9919373696405014,1.0
baseline,12.0,4,140.69999999999675,24,0.6,0.49999999999954525,1.299999999999926,1.3880538318704085,True,False,1.454151633388047,0.1890278091114953,22.0,1.4546768471886036,9.947598300641403e-13,,,,,0.4154547360431708,22.0,8.309094720863415,1.9090909090909092,2,False,1,0.0,True,False,0.7619735866226018,False,False,True,10.4,1.9919373696405014,1.0
baseline,12.0,4,141.1999999999963,3,0.6,0.0999999999999659,0.49999999999954525,1.343074385379243,True,False,1.4070303084925404,0.1646265357044911,22.0,1.8541049065326851,0.5500000000016882,1.853305680804324,21.0,0.5545077630162947,1.9047619047619047,0.5547468907950357,21.0,11.094937815900714,1.9047619047619047,2,True,2,-1.0,False,False,0.9734050759296597,False,False,True,10.4,1.9919373696405014,1.0
baseline,12.0,4,141.29999999999626,2,1.5,4.300000000000665,0.0999999999999659,1.323676095687024,False,True,1.3867082907197394,0.1581423251789563,22.0,3.0560856568881216,1.2000000000018929,1.853305680804324,21.0,0.5545077630162947,1.9047619047619047,1.0106290787811432,19.0,20.212581575622863,1.894736842105263,2,False,4,-3.0,True,False,1.6129340966909531,False,True,False,10.4,1.9919373696405014,1.0
baseline,12.0,4,146.7999999999963,11,0.6,0.3000000000009493,1.1999999999993634,1.6443121622678345,True,False,1.730854907650352,0.2121616240260687,20.0,1.8269002360201363,0.35000000000292175,,,,,0.5466072724116495,21.0,10.93214544823299,1.9047619047619047,2,False,2,1.0,True,False,0.9591226239105716,False,False,True,10.4,1.9919373696405014,1.0
baseline,12.0,4,147.3999999999959,23,1.3000000000008356,1.3000000000008356,0.29999999999867555,1.7114143250590015,False,False,1.7969850413119517,0.2687372551279359,21.0,2.1583735713225174,0.9500000000035698,1.7324105505688367,20.0,0.5442528258668506,1.9,0.7137611110914932,19.0,14.275222221829864,1.894736842105263,2,False,3,-2.0,True,False,1.1391416070868843,False,True,False,10.4,1.9919373696405014,1.0
baseline,12.0,4,150.89999999999662,4,1.5,1.8999999999988688,1.6000000000003638,1.5153798336847202,False,True,1.5875407781458974,0.2301977726731736,22.0,1.6295655287970363,0.30000000000350724,1.5986405537056416,21.0,0.4783121351668917,1.9047619047619047,0.4654028267101759,22.0,9.308056534203518,1.9090909090909092,0,False,2,0.0,True,True,0.8535819436555904,False,False,True,10.4,1.9919373696405014,1.0
baseline,12.0,4,152.7999999999955,6,0.6,0.100000000000108,1.8999999999988688,1.3612363903447822,True,False,1.4292982098620213,0.1744070365892474,21.0,1.4129147604630103,5.002220859751105e-12,,,,,0.4227431077732548,21.0,8.454862155465095,1.9047619047619047,2,False,1,0.0,True,False,0.7417802492430805,False,False,True,10.4,1.9919373696405014,1.0
baseline,12.0,4,152.8999999999956,9,0.6,0.3000000000004377,0.100000000000108,1.3346031682671249,True,False,1.401333326680481,0.1666190598137815,21.0,1.389680482775508,4.916955731459893e-12,,,,,0.4157914281452051,21.0,8.315828562904102,1.9047619047619047,2,False,1,0.0,True,False,0.7295822534571418,False,False,True,10.4,1.9919373696405014,1.0
baseline,12.0,4,153.19999999999604,16,1.5,1.6000000000002501,0.3000000000004377,1.2680009136757828,False,True,1.331400959359572,0.1476547663567897,21.0,2.1275586267463,0.6000000000046839,2.1275586267463,20.0,0.6683922551867765,1.9,0.6683922551867765,20.0,13.36784510373553,1.9,2,False,4,-1.0,True,False,1.1197676982875262,False,True,False,10.4,1.9919373696405014,1.0
B2,12.0,4,21.400000000000038,19,1.5,8.0,4.300000000000054,1.092051323142751,False,True,1.1395318154533056,0.0670950664279603,24.0,1.876825994404461,0.950000000000145,1.876825994404461,23.0,0.5127150222684707,1.9130434782608696,0.5127150222684707,23.0,10.254300445369413,1.9130434782608696,0,False,2,-1.0,False,True,0.9810681334386955,True,False,False,10.4,1.9919373696405014,1.0
B2,12.0,4,45.10000000000037,6,1.5,8.0,15.700000000000333,0.9971793966468113,False,True,1.040535022587977,0.0281479102463205,24.0,1.9121217148197915,1.0499999999991516,1.9121217148197915,23.0,0.5223571766997717,1.9130434782608696,0.5223571766997717,23.0,10.447143533995433,1.9130434782608696,0,False,2,-1.0,False,True,0.9995181691103455,True,False,False,10.4,1.9919373696405014,1.0
B2,12.0,4,54.4000000000005,11,1.5,7.0000000000000995,1.3000000000001322,1.035178686812354,False,True,1.0801864558041956,0.1045455823784893,24.0,2.042554834477993,1.0999999999984738,2.0401718013156014,23.0,0.5573381515716651,1.9130434782608696,0.5579891532652503,23.0,11.159783065305007,1.9130434782608696,0,False,2,-1.0,False,True,1.0676991180225872,False,True,False,10.4,1.9919373696405014,1.0
B2,12.0,4,61.4000000000006,14,0.9999999999999005,0.9999999999999005,7.0000000000000995,1.2191991232512078,False,False,1.2746172652171717,0.1200131316564227,23.0,1.2721154555354337,0.049999999998043165,,,,,0.3475190060546218,23.0,6.9503801210924365,1.9130434782608696,0,False,1,0.0,True,True,0.6649694426662495,False,False,True,10.4,1.9919373696405014,1.0
B2,12.0,4,63.20000000000063,17,1.5,3.3999999999998636,0.8000000000001251,1.8652787798412118,False,True,1.9500641789249031,0.2501834736693721,23.0,1.933705319741379,1.1499999999978598,1.9265928017930127,22.0,0.550233617506537,1.9090909090909092,0.5522649478824562,22.0,11.045298957649123,1.9090909090909092,1,False,2,-1.0,False,False,1.0128932627216747,True,False,False,10.4,1.9919373696405014,1.0
B2,12.0,4,66.60000000000049,5,1.5,2.800000000000111,3.3999999999998636,1.450802758447291,False,True,1.519888604087638,0.1824795945999255,22.0,1.702608356818733,1.0499999999978087,1.702608356818733,21.0,0.5094192291164115,1.9047619047619047,0.5094192291164115,21.0,10.18838458232823,1.9047619047619047,0,False,2,-1.0,False,True,0.8938693873298348,False,False,True,10.4,1.9919373696405014,1.0
B2,12.0,4,71.00000000000024,13,0.6,0.20000000000038654,1.599999999999639,1.2526104666720899,True,False,1.3122585841326655,0.1337850831665399,22.0,1.3216969643057843,0.2999999999978513,,,,,0.3610637802899985,23.0,7.2212756057999705,1.9130434782608696,1,False,2,1.0,True,False,0.6908870495234781,False,False,True,10.4,1.9919373696405014,1.0
B2,12.0,4,74.70000000000003,21,1.5,1.9999999999998863,0.09999999999953957,1.5683426048162474,False,True,1.6396309050351676,0.2546581728401521,23.0,1.9284771111057597,1.0499999999978087,1.9284771111057597,22.0,0.5507717749878109,1.9090909090909092,0.5507717749878109,22.0,11.015435499756219,1.9090909090909092,1,False,2,-1.0,False,False,1.010154677245874,True,False,False,10.4,1.9919373696405014,1.0
B2,12.0,4,76.69999999999992,12,1.5,2.300000000000324,1.9999999999998863,1.4225196660977983,False,True,1.4902586978167411,0.2459688131542397,22.0,2.5132524185515472,0.9999999999978115,2.5132524185515472,21.0,0.7519633652131734,1.9047619047619047,0.7519633652131734,21.0,15.039267304263468,1.9047619047619047,0,False,2,-1.0,False,True,1.3194575197395624,False,True,False,10.4,1.9919373696405014,1.0
B2,12.0,4,79.9,14,1.5,2.8000000000000256,0.8999999999997641,1.688450463061731,False,True,1.7688528660646707,0.2853733846570203,22.0,2.0442416999347754,1.499999999997513,1.8365987216392747,21.0,0.5495090525232715,1.9047619047619047,0.6116356863501906,21.0,12.232713727003812,1.9047619047619047,1,True,2,-1.0,False,False,1.073226892465757,False,True,False,10.4,1.9919373696405014,1.0
B2,12.0,4,91.89999999999894,11,1.5,8.0,3.999999999998934,1.3991928797586553,False,True,1.46002735279164,0.2534763270638177,24.0,2.286181209698679,1.1499999999979167,2.2839271899120503,23.0,0.6239277287966676,1.9130434782608696,0.6245434863621213,23.0,12.490869727242426,1.9130434782608696,0,False,2,-1.0,False,True,1.1950492687061276,False,True,False,10.4,1.9919373696405014,1.0
B2,12.0,4,106.29999999999824,24,0.6,0.29999999999998295,6.399999999999295,1.360651706939934,True,False,1.4198104768068878,0.2505698925675996,24.0,1.4188916457974945,0.04999999999786553,,,,,0.3714649642231116,24.0,7.429299284462232,1.9166666666666667,1,False,1,0.0,True,False,0.7402912934595623,False,False,True,10.4,1.9919373696405014,1.0
B2,12.0,4,106.59999999999822,18,1.5,7.700000000000017,0.29999999999998295,1.354782658011855,False,True,1.4136862518384574,0.248146534172275,24.0,1.991182512777212,1.049999999997823,1.4176192447836309,23.0,0.3872680178260665,1.9130434782608696,0.5686803958270321,22.0,11.373607916540642,1.9090909090909092,1,False,3,-2.0,True,False,1.0430003638356824,False,True,False,10.4,1.9919373696405014,1.0
B2,12.0,4,116.59999999999764,16,1.199999999999946,1.199999999999946,1.9999999999994174,1.292786572606415,False,False,1.3489946844588678,0.195596764549942,24.0,2.427921871000004,1.049999999997823,2.427921871000004,23.0,0.6632644794281388,1.9130434782608696,0.6632644794281388,23.0,13.265289588562776,1.9130434782608696,0,False,2,-1.0,False,True,1.2691409780227294,False,True,False,10.4,1.9919373696405014,1.0
B2,12.0,4,117.79999999999758,4,1.5,6.599999999999625,1.199999999999946,2.2943603326395405,False,True,2.3986494386686106,0.3347812623565147,23.0,2.3828163302948,0.04999999999786553,1.5321731590707588,22.0,0.4375876309603783,1.9090909090909092,0.6509424589659072,23.0,13.018849179318144,1.9130434782608696,0,False,2,0.0,True,True,1.245563081745009,False,True,False,10.4,1.9919373696405014,1.0
B2,12.0,4,124.3999999999972,8,0.6,0.20000000000042917,6.599999999999625,1.3522137951958622,True,False,1.416604928300427,0.207507030658459,22.0,1.4189466398573702,0.2999999999978513,,,,,0.3876306382271162,23.0,7.752612764542324,1.9130434782608696,1,False,2,1.0,True,False,0.7417221071981708,False,False,True,10.4,1.9919373696405014,1.0
B2,12.0,4,130.69999999999726,17,0.6999999999995623,0.6999999999995623,4.899999999999679,1.101362531874865,False,False,1.1514244651419043,0.1161066163690621,23.0,1.150854435883443,0.0499999999982208,,,,,0.3143926818367522,23.0,6.2878536367350435,1.9130434782608696,0,False,1,0.0,True,True,0.601583000575436,False,False,True,10.4,1.9919373696405014,1.0
B2,12.0,4,131.39999999999682,7,1.0000000000003695,1.0000000000003695,0.6999999999995623,1.0891757564426718,False,False,1.138683745371884,0.1089293749734334,23.0,2.123128266483891,0.2999999999988745,2.123128266483891,22.0,0.6063640149649658,1.9090909090909092,0.6063640149649658,22.0,12.127280299299317,1.9090909090909092,1,False,3,-1.0,True,False,1.1121148062534667,False,True,False,10.4,1.9919373696405014,1.0
B2,12.0,4,137.59999999999692,4,1.1000000000003354,1.1000000000003354,5.199999999999733,1.3430953414012057,False,False,1.4070522624203106,0.1857459448985911,22.0,1.5274523539604667,1.0500000000003524,1.5268911299486387,21.0,0.456844757778863,1.9047619047619047,0.457012675610537,21.0,9.14025351221074,1.9047619047619047,0,True,2,-1.0,False,True,0.8019124858292451,False,False,True,10.4,1.9919373696405014,1.0
B2,12.0,4,139.09999999999724,17,0.6,0.29999999999958504,0.39999999999997726,1.4902734496710637,True,False,1.5612388520363525,0.2144774859188631,22.0,1.5508841108325016,1.4210854715202004e-13,,,,,0.4429314662873205,22.0,8.85862932574641,1.9090909090909092,2,False,2,0.0,True,False,0.8123678675789293,False,False,True,10.4,1.9919373696405014,1.0
B2,12.0,4,140.69999999999675,24,0.6,0.49999999999954525,1.299999999999926,1.769133820928397,True,False,1.8533782885916543,0.2578843033444298,22.0,1.871538695712792,0.15000000000102887,,,,,0.5345102015782119,22.0,10.690204031564239,1.9090909090909092,2,False,1,0.0,True,False,0.9803297929924149,True,False,False,10.4,1.9919373696405014,1.0
B2,12.0,4,141.1999999999963,3,0.6,0.0999999999999659,0.49999999999954525,1.7575238184952702,True,False,1.8412154288998068,0.2497987523521013,22.0,1.8307279902025837,1.5631940186722204e-12,1.7060050117799506,21.0,0.5104355059043106,1.9047619047619047,0.5228546913401493,22.0,10.457093826802986,1.9090909090909092,2,False,2,0.0,True,False,0.9589527567727819,False,False,True,10.4,1.9919373696405014,1.0
B2,12.0,4,141.29999999999626,2,1.5,4.300000000000665,0.0999999999999659,1.736376184979379,False,True,1.8190607652164923,0.2462671813668624,22.0,2.282374779911377,1.0000000000018474,1.7060050117799506,21.0,0.5104355059043106,1.9047619047619047,0.7547675622429688,19.0,15.095351244859376,1.894736842105263,2,False,4,-3.0,True,False,1.2045866893976713,False,True,False,10.4,1.9919373696405014,1.0
B2,12.0,4,146.7999999999963,11,0.6,0.3000000000009493,1.1999999999993634,1.4684741046686944,True,False,1.5457622154407311,0.2006535754395157,20.0,1.5586422015235823,0.35000000000292175,,,,,0.4663446561791913,21.0,9.326893123583826,1.9047619047619047,2,False,2,1.0,True,False,0.8182871557998808,False,False,True,10.4,1.9919373696405014,1.0
B2,12.0,4,147.3999999999959,23,1.3000000000008356,1.3000000000008356,0.29999999999867555,1.4491348005459155,False,False,1.5215915405732112,0.2309054286541543,21.0,2.373273013129878,0.9500000000035698,1.6819718097009082,20.0,0.5284070280901503,1.9,0.7848270592643933,19.0,15.696541185287867,1.894736842105263,2,False,3,-2.0,True,False,1.2525607569296577,False,True,False,10.4,1.9919373696405014,1.0
B2,12.0,4,150.89999999999662,4,1.5,1.8999999999988688,1.6000000000003638,1.635058317822547,False,True,1.712918237718859,0.2450313586453613,22.0,1.6904250262490883,3.439026841078885e-12,1.6640930376048442,21.0,0.4978954725551716,1.9047619047619047,0.4827842585371336,22.0,9.655685170742672,1.9090909090909092,0,False,2,0.0,True,True,0.8854607280352367,False,False,True,10.4,1.9919373696405014,1.0
B2,12.0,4,152.7999999999955,6,0.6,0.100000000000108,1.8999999999988688,1.4256936018355286,True,False,1.496978281927305,0.1710843025875129,21.0,1.47837327777466,5.002220859751105e-12,,,,,0.4423282503543175,21.0,8.84656500708635,1.9047619047619047,2,False,1,0.0,True,False,0.7761459708316966,False,False,True,10.4,1.9919373696405014,1.0
B2,12.0,4,152.8999999999956,9,0.6,0.3000000000004377,0.100000000000108,1.3930805380372209,True,False,1.462734564939082,0.1648403090363293,21.0,1.447215420945143,4.916955731459893e-12,,,,,0.4330058413907736,21.0,8.660116827815472,1.9047619047619047,2,False,1,0.0,True,False,0.7597880959962001,False,False,True,10.4,1.9919373696405014,1.0
B2,12.0,4,153.19999999999604,16,1.5,1.6000000000002501,0.3000000000004377,1.3076671482645963,False,True,1.3730505056778262,0.150482519400657,21.0,1.9584369040705008,0.6000000000046839,1.9584369040705008,20.0,0.6152610990347025,1.9,0.6152610990347025,20.0,12.30522198069405,1.9,2,False,4,-1.0,True,False,1.0307562653002635,False,True,False,10.4,1.9919373696405014,1.0
baseline,12.0,5,30.20000000000016,19,0.9000000000000092,0.9000000000000092,inf,0.9591418117684795,False,False,1.000843629671457,0.0006136837093952,24.0,1.0008421453468928,1.3145040611561853e-13,,,,,0.2620198609354038,24.0,5.240397218708076,1.9166666666666667,0,False,1,0.0,True,True,0.5221785106157701,False,False,True,10.4,1.9919373696405014,1.0
baseline,12.0,5,31.10000000000017,9,1.5,4.300000000000065,0.9000000000000092,0.9591164630684417,False,True,1.000817178854026,0.0005932445887323,24.0,1.917580165990976,0.050000000000139266,1.917580165990976,23.0,0.5238483271431953,1.9130434782608696,0.5238483271431953,23.0,10.476966542863906,1.9130434782608696,1,False,3,-1.0,True,False,1.0023714504043737,True,False,False,10.4,1.9919373696405014,1.0
baseline,12.0,5,35.40000000000023,24,1.5,2.799999999999926,4.300000000000065,1.1200640255615288,False,True,1.1734004077311255,0.0851405887195864,22.0,1.7729965675766388,1.0499999999998337,1.7729965675766388,21.0,0.5304793325274941,1.9047619047619047,0.5304793325274941,21.0,10.609586650549883,1.9047619047619047,0,False,2,-1.0,False,True,0.9308231979777354,False,False,True,10.4,1.9919373696405014,1.0
baseline,12.0,5,45.90000000000038,5,1.5,3.999999999999943,2.500000000000149,1.0794787390077125,False,True,1.1264125972254393,0.0631937675069823,24.0,2.0224269935064934,1.0999999999990848,2.0222049685190293,23.0,0.5524299367958401,1.9130434782608696,0.5524905900192776,23.0,11.049811800385552,1.9130434782608696,0,False,2,-1.0,False,True,1.0571777466056669,False,True,False,10.4,1.9919373696405014,1.0
baseline,12.0,5,49.900000000000325,19,1.5,4.000000000000057,3.999999999999943,1.2146083252888433,False,True,1.2698177946201543,0.0953348592251426,23.0,1.8363103340542408,1.0499999999989171,1.8363103340542408,22.0,0.5244490050159838,1.9090909090909092,0.5244490050159838,22.0,10.488980100319676,1.9090909090909092,0,False,2,-1.0,False,True,0.9618768416474595,False,False,True,10.4,1.9919373696405014,1.0
baseline,12.0,5,57.50000000000055,18,0.6,0.3999999999997783,3.600000000000165,1.0674398663621518,True,False,1.115959860287704,0.0714273346001921,23.0,1.1385659822610028,0.5499999999982919,,,,,0.2980758771248677,24.0,5.961517542497354,1.9166666666666667,1,True,2,1.0,True,False,0.5940344255274796,False,False,True,10.4,1.9919373696405014,1.0
baseline,12.0,5,78.3999999999998,18,1.5,1.6999999999996902,12.899999999999267,0.9769794486806201,False,True,1.01945681601456,0.0143118820666614,24.0,1.874793416324425,1.09999999999782,1.8747295895596776,23.0,0.5121423222633124,1.9130434782608696,0.5121597585846369,23.0,10.243195171692738,1.9130434782608696,0,False,2,-1.0,False,True,0.980005649442313,True,False,False,10.4,1.9919373696405014,1.0
baseline,12.0,5,80.0999999999995,19,0.7000000000001876,0.7000000000001876,1.6999999999996902,1.7080386556924803,False,False,1.7856767764057746,0.1678925115484986,23.0,1.7783827142901891,0.0499999999980929,,,,,0.4858220930856638,23.0,9.716441861713276,1.9130434782608696,0,False,1,0.0,True,True,0.9296091461062352,False,False,True,10.4,1.9919373696405014,1.0
baseline,12.0,5,80.79999999999968,15,1.5,5.299999999999699,0.7000000000001876,1.5792370232499982,False,True,1.6510205243068163,0.1424354713329804,23.0,2.4461169391953232,0.3499999999978485,2.4461169391953232,22.0,0.698609364181598,1.9090909090909092,0.698609364181598,22.0,13.97218728363196,1.9090909090909092,1,False,3,-1.0,True,False,1.2812993491023121,False,True,False,10.4,1.9919373696405014,1.0
baseline,12.0,5,86.09999999999938,16,0.6,0.3000000000004235,5.299999999999699,1.3953162222539728,True,False,1.4650820333666714,0.1794218170125324,21.0,1.4962361543193134,0.39999999999784563,,,,,0.4273240464040908,22.0,8.546480928081815,1.9090909090909092,1,False,2,1.0,True,False,0.7837427475005927,False,False,True,10.4,1.9919373696405014,1.0
baseline,12.0,5,92.09999999999904,12,1.5,2.000000000000341,3.2999999999993577,1.1124261949093246,False,True,1.1629910219506576,0.0747913046135908,23.0,2.072151687230721,1.0499999999977945,2.072151687230721,22.0,0.591805137975248,1.9090909090909092,0.591805137975248,22.0,11.83610275950496,1.9090909090909092,0,False,2,-1.0,False,True,1.0854127885494254,False,True,False,10.4,1.9919373696405014,1.0
baseline,12.0,5,99.19999999999864,17,0.9000000000004036,0.9000000000004036,5.099999999999255,1.1229605789886754,False,False,1.174004241669979,0.087416702104865,23.0,1.174656490426659,0.5499999999978371,,,,,0.3208949739839966,23.0,6.417899479679932,1.9130434782608696,0,False,1,0.0,True,True,0.6140249836321172,False,False,True,10.4,1.9919373696405014,1.0
baseline,12.0,5,100.69999999999855,11,1.5,6.500000000000085,0.5999999999995111,1.6916240808225849,False,True,1.7685160844963386,0.2162636221791465,23.0,1.7579979193900022,0.04999999999786553,1.6414036623667905,22.0,0.4687837897515354,1.9090909090909092,0.4802533346592845,23.0,9.60506669318569,1.9130434782608696,1,False,2,0.0,True,False,0.9189534578629557,False,False,True,10.4,1.9919373696405014,1.0
baseline,12.0,5,112.69999999999789,13,1.5,3.1999999999997897,3.999999999999332,1.0620067902409658,False,True,1.108180998512312,0.0650617935685063,24.0,1.7898130302945183,1.0499999999977945,1.7898130302945183,23.0,0.4889446493280474,1.9130434782608696,0.4889446493280474,23.0,9.778892986560948,1.9130434782608696,0,False,2,-1.0,False,True,0.9355840840175891,False,False,True,10.4,1.9919373696405014,1.0
baseline,12.0,5,115.89999999999768,22,1.5,1.8999999999999062,3.1999999999997897,1.145556603805987,False,True,1.197627358524441,0.0766188039487609,23.0,1.837563820485829,1.049999999997823,1.837563820485829,22.0,0.5248069999036975,1.9090909090909092,0.5248069999036975,22.0,10.49613999807395,1.9090909090909092,0,False,2,-1.0,False,True,0.9625334297782913,False,False,True,10.4,1.9919373696405014,1.0
baseline,12.0,5,117.79999999999758,8,1.5,2.900000000000304,1.8999999999999062,1.6156645106739367,False,True,1.6926009159441242,0.1583350929869501,22.0,1.822733554122688,1.049999999997823,1.822733554122688,21.0,0.5453606041031858,1.9047619047619047,0.5453606041031858,21.0,10.907212082063715,1.9047619047619047,0,False,2,-1.0,False,True,0.9569351159144112,False,False,True,10.4,1.9919373696405014,1.0
baseline,12.0,5,123.99999999999712,5,1.5,1.8000000000004661,0.09999999999944009,1.1796114096388224,False,True,1.2332301100769507,0.1728206212959386,23.0,2.1568784222540685,1.0499999999979224,2.1568784222540685,22.0,0.6160030369127023,1.9090909090909092,0.6160030369127023,22.0,12.320060738254046,1.9090909090909092,1,False,2,-1.0,False,False,1.1297934592759407,False,True,False,10.4,1.9919373696405014,1.0
baseline,12.0,5,129.39999999999694,14,1.5,2.600000000000165,3.599999999999355,1.2326302971616405,False,True,1.2886589470326242,0.1140281511260304,23.0,1.810050125958896,1.0499999999984766,1.809467503436572,22.0,0.5167827105187088,1.9090909090909092,0.516949107121977,22.0,10.338982142439539,1.9090909090909092,0,False,2,-1.0,False,True,0.9481214945498978,False,False,True,10.4,1.9919373696405014,1.0
baseline,12.0,5,139.59999999999624,24,1.5,8.0,2.1999999999993065,1.0396666528090703,False,True,1.0848695507572907,0.0700131051946824,24.0,1.9791928918599624,1.000000000001478,1.9791928918599624,23.0,0.5406798129655996,1.9130434782608696,0.5406798129655996,23.0,10.813596259311993,1.9130434782608696,0,False,2,-1.0,False,True,1.0345781025631622,False,True,False,10.4,1.9919373696405014,1.0
baseline,12.0,5,149.29999999999623,18,0.6,0.2999999999995566,1.6999999999999886,1.0687856704150196,True,False,1.115254612606977,0.0758385328355611,24.0,1.11410106664311,3.467448550509289e-12,,,,,0.2916709771935455,24.0,5.83341954387091,1.9166666666666667,1,False,1,0.0,True,False,0.5812701217268399,False,False,True,10.4,1.9919373696405014,1.0
baseline,12.0,5,149.5999999999958,7,1.5,inf,0.2999999999995566,1.0565977783149931,False,True,1.1025368121547754,0.0688510561303717,24.0,1.9508161985505887,0.7000000000041382,1.9508161985505887,23.0,0.5329278119887388,1.9130434782608696,0.5329278119887388,23.0,10.658556239774777,1.9130434782608696,1,False,3,-1.0,True,False,1.019744831060535,True,False,False,10.4,1.9919373696405014,1.0
B2,12.0,5,30.20000000000016,19,0.9000000000000092,0.9000000000000092,inf,0.9591418117684795,False,False,1.000843629671457,0.0006136837093952,24.0,1.0008421453468928,1.3145040611561853e-13,,,,,0.2620198609354038,24.0,5.240397218708076,1.9166666666666667,0,False,1,0.0,True,True,0.5221785106157701,False,False,True,10.4,1.9919373696405014,1.0
B2,12.0,5,31.10000000000017,9,1.5,4.300000000000065,0.9000000000000092,0.9591164630684417,False,True,1.000817178854026,0.0005932445887323,24.0,1.917580165990976,0.050000000000139266,1.917580165990976,23.0,0.5238483271431953,1.9130434782608696,0.5238483271431953,23.0,10.476966542863906,1.9130434782608696,1,False,3,-1.0,True,False,1.0023714504043737,True,False,False,10.4,1.9919373696405014,1.0
B2,12.0,5,35.40000000000023,24,1.5,2.799999999999926,4.300000000000065,1.0821484379946067,False,True,1.13367931599435,0.0658412433644373,22.0,1.83681946707364,1.099999999999831,1.836364105960933,21.0,0.5494388556764624,1.9047619047619047,0.5495750994027873,21.0,10.991501988055745,1.9047619047619047,0,False,2,-1.0,False,True,0.964330220213661,False,False,True,10.4,1.9919373696405014,1.0
B2,12.0,5,45.90000000000038,5,1.5,3.999999999999943,2.500000000000149,1.0841878638684574,False,True,1.1313264666453469,0.073298450370449,24.0,1.9128552794888456,1.0999999999990848,1.912372658103615,23.0,0.5224257298803741,1.9130434782608696,0.5225575733410963,23.0,10.451151466821926,1.9130434782608696,0,False,2,-1.0,False,True,0.9999016233691692,True,False,False,10.4,1.9919373696405014,1.0
B2,12.0,5,49.900000000000325,19,1.5,4.000000000000057,3.999999999999943,1.0769661247097744,False,True,1.1259191303784004,0.0788361003857739,23.0,1.9666035359181235,1.0499999999989171,1.9666035359181235,22.0,0.5616606564512807,1.9090909090909092,0.5616606564512807,22.0,11.233213129025614,1.9090909090909092,0,False,2,-1.0,False,True,1.030125661671398,False,True,False,10.4,1.9919373696405014,1.0
B2,12.0,5,57.50000000000055,18,0.6,0.3999999999997783,3.600000000000165,1.2364006531988017,True,False,1.2926006828896563,0.1484432676668846,23.0,1.3404526409140023,0.4999999999982947,,,,,0.3509296807650388,24.0,7.018593615300776,1.9166666666666667,1,False,2,1.0,True,False,0.6993665952594794,False,False,True,10.4,1.9919373696405014,1.0
B2,12.0,5,78.3999999999998,18,1.5,1.6999999999996902,12.899999999999267,1.0036255218887848,False,True,1.0472614141448189,0.0336105578420038,24.0,1.9532638424005768,1.049999999997823,1.9532638424005768,23.0,0.5335964641572368,1.9130434782608696,0.5335964641572368,23.0,10.671929283144737,1.9130434782608696,0,False,2,-1.0,False,True,1.021024281254847,False,True,False,10.4,1.9919373696405014,1.0
B2,12.0,5,80.0999999999995,19,0.7000000000001876,0.7000000000001876,1.6999999999996902,1.707284356023146,False,False,1.7848881903878344,0.1738702992294075,23.0,1.764302310906191,0.0499999999980929,,,,,0.4819755807525552,23.0,9.639511615051104,1.9130434782608696,0,False,1,0.0,True,True,0.922248935246418,False,False,True,10.4,1.9919373696405014,1.0
B2,12.0,5,80.79999999999968,15,1.5,5.299999999999699,0.7000000000001876,1.616430325065911,False,True,1.689904430750725,0.1777211145114607,23.0,2.67095679601849,0.39999999999784563,2.6678823134830263,22.0,0.761945406970947,1.9090909090909092,0.7628234771297655,22.0,15.25646954259531,1.9090909090909092,1,False,3,-1.0,True,False,1.3990726074382567,False,True,False,10.4,1.9919373696405014,1.0
B2,12.0,5,86.09999999999938,16,0.6,0.3000000000004235,5.299999999999699,1.5912703754350839,True,False,1.670833894206838,0.2567053220492266,21.0,1.67725510736922,0.199999999997857,,,,,0.5018335546197239,21.0,10.036671092394478,1.9047619047619047,1,False,2,0.0,True,False,0.8805589313688404,False,False,True,10.4,1.9919373696405014,1.0
B2,12.0,5,92.09999999999904,12,1.5,2.000000000000341,3.2999999999993577,1.5214257650007552,False,True,1.5905814815916988,0.1839067842989314,23.0,2.165496705900943,1.0499999999977945,2.165496705900943,22.0,0.6184644129664818,1.9090909090909092,0.6184644129664818,22.0,12.369288259329636,1.9090909090909092,0,False,2,-1.0,False,True,1.1343077983290655,False,True,False,10.4,1.9919373696405014,1.0
B2,12.0,5,99.19999999999864,17,0.9000000000004036,0.9000000000004036,5.099999999999255,1.5384827648157913,False,False,1.6084137995801455,0.2693025368309169,23.0,1.606662164359792,0.04999999999786553,,,,,0.4389111349872521,23.0,8.778222699745042,1.9130434782608696,0,False,1,0.0,True,True,0.8398461313698913,False,False,True,10.4,1.9919373696405014,1.0
B2,12.0,5,100.69999999999855,11,1.5,6.500000000000085,0.5999999999995111,2.1055219781254273,False,True,2.201227522585674,0.3744287089259241,23.0,2.170836610069847,0.04999999999786553,1.8450430749111957,22.0,0.5269430699725213,1.9090909090909092,0.5930334214208002,23.0,11.860668428416004,1.9130434782608696,1,False,2,0.0,True,False,1.1347555007183292,False,True,False,10.4,1.9919373696405014,1.0
B2,12.0,5,112.69999999999789,13,1.5,3.1999999999997897,3.999999999999332,1.2278319721245248,False,True,1.2812159709125477,0.1584719858069207,24.0,2.259586785019672,1.0499999999977945,2.259586785019672,23.0,0.6172783690405548,1.9130434782608696,0.6172783690405548,23.0,12.345567380811096,1.9130434782608696,0,False,2,-1.0,False,True,1.1811476376239194,False,True,False,10.4,1.9919373696405014,1.0
B2,12.0,5,115.89999999999768,22,1.5,1.8999999999999062,3.1999999999997897,1.6309280633996974,False,True,1.705061157190593,0.2445635068851968,23.0,1.7080814434510645,0.09999999999789111,1.6576270817262342,22.0,0.4734171874856931,1.9090909090909092,0.466617053432949,23.0,9.33234106865898,1.9130434782608696,0,False,2,0.0,True,True,0.8928607545312383,False,False,True,10.4,1.9919373696405014,1.0
B2,12.0,5,117.79999999999758,8,1.5,2.900000000000304,1.8999999999999062,1.4468850882408875,False,True,1.51578437815712,0.2481322798045643,22.0,1.6867264280948011,1.1999999999978002,1.6807523726310345,21.0,0.5028799339391687,1.9047619047619047,0.5046673671541315,21.0,10.09334734308263,1.9047619047619047,0,False,2,-1.0,False,True,0.8855313747497706,False,False,True,10.4,1.9919373696405014,1.0
B2,12.0,5,123.99999999999712,5,1.5,1.8000000000004661,0.09999999999944009,1.220465931279634,False,True,1.2759416554287082,0.2230728978421997,23.0,1.726090066031867,1.0499999999979224,1.726090066031867,22.0,0.4929701700800031,1.9090909090909092,0.4929701700800031,22.0,9.859403401600062,1.9090909090909092,1,False,2,-1.0,False,False,0.9041424155405017,False,False,True,10.4,1.9919373696405014,1.0
B2,12.0,5,129.39999999999694,14,1.5,2.600000000000165,3.599999999999355,1.2085655586081876,False,True,1.2635003567267415,0.1593852612256062,23.0,2.3716933893900984,0.9999999999984652,2.3716933893900984,22.0,0.6773540480614009,1.9090909090909092,0.6773540480614009,22.0,13.547080961228017,1.9090909090909092,0,False,2,-1.0,False,True,1.242315584918623,False,True,False,10.4,1.9919373696405014,1.0
B2,12.0,5,139.59999999999624,24,1.5,8.0,2.1999999999993065,1.22711859626713,False,True,1.280471578713527,0.1536855610867442,24.0,1.541362380676959,1.000000000001478,1.541362380676959,23.0,0.4210724114482094,1.9130434782608696,0.4210724114482094,23.0,8.421448228964188,1.9130434782608696,0,False,2,-1.0,False,True,0.805712153535683,False,False,True,10.4,1.9919373696405014,1.0
B2,12.0,5,149.29999999999623,18,0.6,0.2999999999995566,1.6999999999999886,1.162292756090943,True,False,1.212827223747071,0.1637457989874762,24.0,1.211723143442495,3.467448550509289e-12,,,,,0.3172283771353061,24.0,6.344567542706122,1.9166666666666667,1,False,1,0.0,True,False,0.6322033791873887,False,False,True,10.4,1.9919373696405014,1.0
B2,12.0,5,149.5999999999958,7,1.5,inf,0.2999999999995566,1.156061848632676,False,True,1.2063254072688792,0.1563266113424588,24.0,2.1332386804877905,0.7000000000041382,2.1332386804877905,23.0,0.5827623449542632,1.9130434782608696,0.5827623449542632,23.0,11.655246899085263,1.9130434782608696,1,False,3,-1.0,True,False,1.1151020375277088,False,True,False,10.4,1.9919373696405014,1.0
baseline,12.0,6,22.50000000000005,5,0.9999999999999112,0.9999999999999112,4.000000000000071,1.0879332767252212,False,False,1.1373847893036404,0.064423043646287,23.0,1.9883593094537224,0.9500000000001485,1.9883593094537224,22.0,0.5678740908433353,1.9090909090909092,0.5678740908433353,22.0,11.357481816866706,1.9090909090909092,0,True,2,-1.0,False,True,1.0415215430471878,False,True,False,10.4,1.9919373696405014,1.0
baseline,12.0,6,28.20000000000013,3,1.5,2.299999999999919,4.70000000000017,1.1191542928519145,False,True,1.1700249425270015,0.0603521750804899,23.0,2.068091930548641,0.9500000000001485,2.068091930548641,22.0,0.5906456741781767,1.9090909090909092,0.5906456741781767,22.0,11.812913483563534,1.9090909090909092,0,False,2,-1.0,False,True,1.0832862493350024,False,True,False,10.4,1.9919373696405014,1.0
baseline,12.0,6,50.300000000000445,9,0.8000000000000114,0.8000000000000114,14.100000000000314,0.9871088449074846,False,False,1.0300266207730275,0.0245079725584422,24.0,1.0300162846168015,0.04999999999883187,,,,,0.2696576327358331,24.0,5.393152654716662,1.9166666666666667,0,False,1,0.0,True,True,0.5373998006696356,False,False,True,10.4,1.9919373696405014,1.0
baseline,12.0,6,51.100000000000456,12,1.5,3.2000000000000455,0.8000000000000114,0.9861593051390215,False,True,1.0290357966668051,0.0237601635483632,24.0,1.8956113547467857,0.24999999999876366,1.8956113547467857,23.0,0.5178468440116433,1.9130434782608696,0.5178468440116433,23.0,10.356936880232865,1.9130434782608696,1,False,3,-1.0,True,False,0.9908877536176379,True,False,False,10.4,1.9919373696405014,1.0
baseline,12.0,6,54.3000000000005,16,1.5,3.999999999999943,3.2000000000000455,1.439106884807436,False,True,1.5076357840839805,0.1510106303880457,22.0,1.8186506134741696,1.099999999998488,1.8157373749179877,21.0,0.5432673521800728,1.9047619047619047,0.5441389911178116,21.0,10.882779822356232,1.9047619047619047,0,False,2,-1.0,False,True,0.954791572073939,False,False,True,10.4,1.9919373696405014,1.0
baseline,12.0,6,67.00000000000047,11,1.5,3.799999999999784,4.699999999999967,1.034071239713983,False,True,1.0790308588319824,0.0360273109275263,24.0,1.886694211717025,1.0499999999978087,1.886694211717025,23.0,0.5154108413130949,1.9130434782608696,0.5154108413130949,23.0,10.308216826261898,1.9130434782608696,0,False,2,-1.0,False,True,0.986226519761172,True,False,False,10.4,1.9919373696405014,1.0
baseline,12.0,6,70.80000000000025,10,1.5,3.799999999999784,3.799999999999784,1.1663596317766949,False,True,1.2193759786756355,0.0755203456841645,23.0,2.1167167153565445,1.0499999999978087,2.1167167153565445,22.0,0.6045328802449852,1.9090909090909092,0.6045328802449852,22.0,12.090657604899704,1.9090909090909092,0,False,2,-1.0,False,True,1.1087563747105709,False,True,False,10.4,1.9919373696405014,1.0
baseline,12.0,6,74.60000000000004,18,0.6,0.400000000000432,3.799999999999784,1.3093507669879054,True,False,1.3717008035111389,0.1307688786379132,22.0,1.3626945172340983,0.04999999999786553,,,,,0.3891846440390667,22.0,7.783692880781334,1.9090909090909092,1,False,2,0.0,True,False,0.7137923661702419,False,False,True,10.4,1.9919373696405014,1.0
baseline,12.0,6,80.59999999999958,12,1.5,2.0000000000004547,1.7999999999993292,1.1364458692834054,False,True,1.1881024997053784,0.1460126957254779,23.0,1.5430425745460707,1.3999999999979025,1.5130010554347388,22.0,0.4321120909661253,1.9090909090909092,0.4406919287609288,22.0,8.813838575218575,1.9090909090909092,0,True,2,-1.0,False,True,0.8082603961907989,False,False,True,10.4,1.9919373696405014,1.0
baseline,12.0,6,92.19999999999904,14,1.5,5.299999999999699,3.5999999999994543,1.0068536903361947,False,True,1.0506299377421162,0.0556205260091152,24.0,1.776460986821596,1.149999999997803,1.7738904138327956,23.0,0.484594877597432,1.9130434782608696,0.485297111790226,23.0,9.70594223580452,1.9130434782608696,0,False,2,-1.0,False,True,0.9286046067476524,False,False,True,10.4,1.9919373696405014,1.0
baseline,12.0,6,97.49999999999874,24,1.1999999999999034,1.1999999999999034,5.299999999999699,1.0646106659431873,False,False,1.1130020598496957,0.0487605167649289,23.0,1.897797187107797,1.0499999999978087,1.897797187107797,22.0,0.5420096091837481,1.9090909090909092,0.5420096091837481,22.0,10.840192183674962,1.9090909090909092,0,False,2,-1.0,False,True,0.9940842408659889,True,False,False,10.4,1.9919373696405014,1.0
baseline,12.0,6,98.69999999999864,7,1.5,1.500000000000398,1.1999999999999034,1.804609613019047,False,True,1.890543404115192,0.1983731070816757,22.0,1.87722460044603,0.04999999999787974,1.7411245489249727,21.0,0.5209432468464321,1.9047619047619047,0.5361340921726621,22.0,10.722681843453241,1.9090909090909092,0,False,2,0.0,True,True,0.9833081240431585,True,False,False,10.4,1.9919373696405014,1.0
baseline,12.0,6,105.29999999999828,6,0.6,0.2000000000004576,5.099999999999241,1.0704108632517106,True,False,1.1213828091208395,0.0994587861334243,22.0,1.1676982634026474,0.29999999999786553,,,,,0.3189941118187231,23.0,6.3798822363744625,1.9130434782608696,1,False,2,1.0,True,False,0.6103877285968384,False,False,True,10.4,1.9919373696405014,1.0
baseline,12.0,6,109.49999999999852,10,1.5,3.7999999999997556,2.7999999999998835,1.222272884411644,False,True,1.2778307427939912,0.1008959961780206,23.0,1.9251129345325733,1.0499999999973397,1.9251129345325733,22.0,0.5498109684052928,1.9090909090909092,0.5498109684052928,22.0,10.996219368105855,1.9090909090909092,0,False,2,-1.0,False,True,1.0083924895170622,True,False,False,10.4,1.9919373696405014,1.0
baseline,12.0,6,123.29999999999772,24,1.5,5.899999999999679,5.799999999999201,1.004503085426202,False,True,1.0481771326186458,0.0421700778988142,24.0,1.9738907432698856,0.9999999999973568,1.9738907432698856,23.0,0.53923136156918,1.9130434782608696,0.53923136156918,23.0,10.784627231383599,1.9130434782608696,0,False,2,-1.0,False,True,1.0318065248910766,False,True,False,10.4,1.9919373696405014,1.0
baseline,12.0,6,129.1999999999974,18,1.5,1.6999999999999034,5.899999999999679,1.1338189029306012,False,True,1.185356125791083,0.0821599744314705,23.0,1.8923176176523304,0.9999999999979536,1.8923176176523304,22.0,0.5404446478068272,1.9090909090909092,0.5404446478068272,22.0,10.808892956136544,1.9090909090909092,0,False,2,-1.0,False,True,0.9912139901988397,True,False,False,10.4,1.9919373696405014,1.0
baseline,12.0,6,130.8999999999973,11,0.6,0.400000000000432,1.6999999999999034,1.5830155143021762,True,False,1.6583972054594227,0.1643603925415433,22.0,1.6583972054594227,0.0499999999982208,,,,,0.4736371343095604,22.0,9.472742686191207,1.9090909090909092,1,False,2,0.0,True,False,0.8686842504787452,False,False,True,10.4,1.9919373696405014,1.0
baseline,12.0,6,135.79999999999657,21,1.40000000000083,1.40000000000083,4.499999999998835,1.1042036956526793,False,False,1.1567848240170926,0.0878166088626783,22.0,1.9448934619333296,0.9500000000002728,1.9448934619333296,21.0,0.5819107630499589,1.9047619047619047,0.5819107630499589,21.0,11.638215260999178,1.9047619047619047,0,False,2,-1.0,False,True,1.021069067514998,False,True,False,10.4,1.9919373696405014,1.0
baseline,12.0,6,138.6999999999963,3,0.6,0.2000000000010118,1.4999999999988916,1.310615721903321,True,False,1.3730259943749077,0.1465881531244376,22.0,1.3986184425498025,0.35000000000107434,,,,,0.3820773412425788,23.0,7.641546824851576,1.9130434782608696,1,False,2,1.0,True,False,0.731096004060124,False,False,True,10.4,1.9919373696405014,1.0
baseline,12.0,6,140.79999999999674,14,1.5,2.9999999999998295,1.8999999999994373,1.5029880033824525,False,True,1.574558860686379,0.1625181214791813,22.0,1.8968838823222325,1.0000000000012506,1.8968838823222325,21.0,0.5675463304206105,1.9047619047619047,0.5675463304206105,21.0,11.35092660841221,1.9047619047619047,0,False,2,-1.0,False,True,0.9958640382191721,True,False,False,10.4,1.9919373696405014,1.0
baseline,12.0,6,150.69999999999607,3,1.5,3.49999999999946,1.8999999999993236,1.060551200051752,False,True,1.1066621217931325,0.0760601098509924,24.0,1.871890301273641,0.9500000000041666,1.871890301273641,23.0,0.511366679896283,1.9130434782608696,0.511366679896283,23.0,10.22733359792566,1.9130434782608696,0,False,2,-1.0,False,True,0.9784881120294032,False,False,True,10.4,1.9919373696405014,1.0
B2,12.0,6,22.50000000000005,5,0.9999999999999112,0.9999999999999112,4.000000000000071,1.2942802573855798,False,False,1.3531111781758334,0.163971185937896,23.0,2.3015265010549477,0.9500000000001485,2.3015265010549477,22.0,0.6573144316142221,1.9090909090909092,0.6573144316142221,22.0,13.146288632284442,1.9090909090909092,0,True,2,-1.0,False,True,1.2055615005525917,False,True,False,10.4,1.9919373696405014,1.0
B2,12.0,6,28.20000000000013,3,1.5,2.299999999999919,4.70000000000017,1.2821204781358573,False,True,1.340398681687487,0.1733724344745824,23.0,2.263141566838634,0.9500000000001485,2.263141566838634,22.0,0.6463517200376314,1.9090909090909092,0.6463517200376314,22.0,12.927034400752628,1.9090909090909092,0,False,2,-1.0,False,True,1.1854551064392844,False,True,False,10.4,1.9919373696405014,1.0
B2,12.0,6,50.300000000000445,9,0.8000000000000114,0.8000000000000114,14.100000000000314,1.1120749792547688,False,False,1.160426065309324,0.1061361205530975,24.0,1.1600716987472333,0.04999999999883187,,,,,0.3037060605351449,24.0,6.074121210702898,1.9166666666666667,0,False,1,0.0,True,True,0.6052547993463826,False,False,True,10.4,1.9919373696405014,1.0
B2,12.0,6,51.100000000000456,12,1.5,3.2000000000000455,0.8000000000000114,1.1069476810731185,False,True,1.1550758411197757,0.1031936845745425,24.0,2.059054532470327,0.24999999999876366,2.059054532470327,23.0,0.5624965732651779,1.9130434782608696,0.5624965732651779,23.0,11.249931465303558,1.9130434782608696,1,False,3,-1.0,True,False,1.0763239601549437,False,True,False,10.4,1.9919373696405014,1.0
B2,12.0,6,54.3000000000005,16,1.5,3.999999999999943,3.2000000000000455,1.3882305917324282,False,True,1.4543368103863534,0.1729827064685751,22.0,1.6137046389395575,1.1499999999984851,1.6093203751452243,21.0,0.4815075302693912,1.9047619047619047,0.4828192989291699,21.0,9.656385978583398,1.9047619047619047,0,False,2,-1.0,False,True,0.8471949354432677,False,False,True,10.4,1.9919373696405014,1.0
B2,12.0,6,67.00000000000047,11,1.5,3.799999999999784,4.699999999999967,1.0503656328828186,False,True,1.0960337038777237,0.0672965633693117,24.0,1.95345559772158,1.0499999999978087,1.95345559772158,23.0,0.5336488482535628,1.9130434782608696,0.5336488482535628,23.0,10.672976965071257,1.9130434782608696,0,False,2,-1.0,False,True,1.0211245169908258,False,True,False,10.4,1.9919373696405014,1.0
B2,12.0,6,70.80000000000025,10,1.5,3.799999999999784,3.799999999999784,1.2919643889310597,False,True,1.3506900429733806,0.1362724351598989,23.0,2.409926024895661,1.0499999999978087,2.409926024895661,22.0,0.6882732632279147,1.9090909090909092,0.6882732632279147,22.0,13.765465264558294,1.9090909090909092,0,False,2,-1.0,False,True,1.2623422035167748,False,True,False,10.4,1.9919373696405014,1.0
B2,12.0,6,74.60000000000004,18,0.6,0.400000000000432,3.799999999999784,1.632568117171129,True,False,1.7103094560840402,0.2434346241430875,22.0,1.7003460166567037,0.04999999999786553,,,,,0.4856176867717607,22.0,9.712353735435213,1.9090909090909092,1,False,2,0.0,True,False,0.8906574372963686,False,False,True,10.4,1.9919373696405014,1.0
B2,12.0,6,80.59999999999958,12,1.5,2.0000000000004547,1.7999999999993292,1.2170764964646978,False,True,1.2723981553949115,0.1256557992199242,23.0,2.1551456425290016,1.1499999999979167,2.1483260689624792,22.0,0.6135604905243603,1.9090909090909092,0.6155081561804696,22.0,12.310163123609392,1.9090909090909092,0,False,2,-1.0,False,True,1.1288858127532866,False,True,False,10.4,1.9919373696405014,1.0
B2,12.0,6,92.19999999999904,14,1.5,5.299999999999699,3.5999999999994543,1.201749618021191,False,True,1.2539996014134167,0.1350748531657851,24.0,2.061459590999068,1.0499999999978087,2.061459590999068,23.0,0.5631535918917296,1.9130434782608696,0.5631535918917296,23.0,11.263071837834593,1.9130434782608696,0,False,2,-1.0,False,True,1.077581149840422,False,True,False,10.4,1.9919373696405014,1.0
B2,12.0,6,97.49999999999874,24,1.1999999999999034,1.1999999999999034,5.299999999999699,1.3161175282539588,False,False,1.3759410522655025,0.1954571827946602,23.0,1.519254304854297,1.0499999999978087,1.519254304854297,22.0,0.4338980148240843,1.9090909090909092,0.4338980148240843,22.0,8.677960296481686,1.9090909090909092,0,False,2,-1.0,False,True,0.7957998739712984,False,False,True,10.4,1.9919373696405014,1.0
B2,12.0,6,98.69999999999864,7,1.5,1.500000000000398,1.1999999999999034,1.4491381973389168,False,True,1.5181447781645796,0.2076334884459042,22.0,1.7620700565450698,0.99999999999784,1.7620700565450698,21.0,0.5272101280716708,1.9047619047619047,0.5272101280716708,21.0,10.544202561433416,1.9047619047619047,0,False,2,-1.0,False,True,0.9250867796861617,False,False,True,10.4,1.9919373696405014,1.0
B2,12.0,6,105.29999999999828,6,0.6,0.2000000000004576,5.099999999999241,1.2656031595628034,True,False,1.3258699766848416,0.1622876910880856,22.0,1.3765929572336888,0.29999999999786553,,,,,0.3760603757764178,23.0,7.521207515528356,1.9130434782608696,1,False,2,1.0,True,False,0.7195826821903373,False,False,True,10.4,1.9919373696405014,1.0
B2,12.0,6,109.49999999999852,10,1.5,3.7999999999997556,2.7999999999998835,1.4032441247848,False,True,1.4670279486386546,0.2044617959741797,23.0,2.4635191754702417,1.0499999999973397,2.46324191334997,22.0,0.7035002453631574,1.9090909090909092,0.703579431239536,22.0,14.07158862479072,1.9090909090909092,0,False,2,-1.0,False,True,1.290414806198698,False,True,False,10.4,1.9919373696405014,1.0
B2,12.0,6,123.29999999999772,24,1.5,5.899999999999679,5.799999999999201,1.2155954111461509,False,True,1.2684473855438096,0.1725693630469726,24.0,1.5458264562906685,1.099999999997351,1.544052601603337,23.0,0.4218073313002826,1.9130434782608696,0.4222919164180441,23.0,8.445838328360882,1.9130434782608696,0,False,2,-1.0,False,True,0.8080456476064858,False,False,True,10.4,1.9919373696405014,1.0
B2,12.0,6,129.1999999999974,18,1.5,1.6999999999999034,5.899999999999679,1.1428173756864408,False,True,1.1947636200358245,0.1320168679194061,23.0,1.7069603960087416,1.0999999999979764,1.70669792824641,22.0,0.487431788479622,1.9090909090909092,0.4875067490972533,22.0,9.750134981945065,1.9090909090909092,0,False,2,-1.0,False,True,0.8941221121950551,False,False,True,10.4,1.9919373696405014,1.0
B2,12.0,6,130.8999999999973,11,0.6,0.400000000000432,1.6999999999999034,1.5371960109561214,True,False,1.610395821001651,0.1763021264995598,22.0,1.5948812169698237,0.0499999999982208,,,,,0.4554970104164315,22.0,9.109940208328629,1.9090909090909092,1,False,2,0.0,True,False,0.8354139707937172,False,False,True,10.4,1.9919373696405014,1.0
B2,12.0,6,135.79999999999657,21,1.40000000000083,1.40000000000083,4.499999999998835,1.3727334348232736,False,False,1.438101693624382,0.2406290479180871,22.0,1.4750597358280686,0.9000000000002615,1.4633244247989128,21.0,0.4378256440730261,1.9047619047619047,0.4212760754257783,22.0,8.425521508515565,1.9090909090909092,0,False,2,0.0,True,True,0.7726503378147026,False,False,True,10.4,1.9919373696405014,1.0
B2,12.0,6,138.6999999999963,3,0.6,0.2000000000010118,1.4999999999988916,1.3678404156832604,True,False,1.4329756735729395,0.2368424943842955,22.0,1.4284093324979013,0.35000000000107434,,,,,0.3902156752430006,23.0,7.804313504860012,1.9130434782608696,1,False,2,1.0,True,False,0.746668514714812,False,False,True,10.4,1.9919373696405014,1.0
B2,12.0,6,140.79999999999674,14,1.5,2.9999999999998295,1.8999999999994373,1.351140964334904,False,True,1.4154810102556137,0.1700118347897255,22.0,2.0048503505008397,1.0000000000012506,2.0048503505008397,21.0,0.5998498221600341,1.9047619047619047,0.5998498221600341,21.0,11.996996443200683,1.9047619047619047,0,False,2,-1.0,False,True,1.052546434012941,False,True,False,10.4,1.9919373696405014,1.0
B2,12.0,6,150.69999999999607,3,1.5,3.49999999999946,1.8999999999993236,1.2256780841950234,False,True,1.2789684356817634,0.1525530550042252,24.0,1.7093685076995542,0.9500000000041666,1.7093685076995542,23.0,0.4669686561797102,1.9130434782608696,0.4669686561797102,23.0,9.339373123594203,1.9130434782608696,0,False,2,-1.0,False,True,0.893533538115676,False,False,True,10.4,1.9919373696405014,1.0
baseline,12.0,7,23.30000000000006,4,1.5,1.7000000000000242,7.500000000000073,1.001793026351568,False,True,1.0453492448885926,0.0253950513844775,24.0,1.9235220252493623,1.0000000000001492,1.923297326039665,23.0,0.5254101521874004,1.9130434782608696,0.5254715359601354,23.0,10.509430719202708,1.9130434782608696,0,False,2,-1.0,False,True,1.0054774222894394,True,False,False,10.4,1.9919373696405014,1.0
baseline,12.0,7,25.000000000000085,6,1.5,3.600000000000051,1.7000000000000242,1.7409081018013755,False,True,1.8200402882468925,0.1763956286883361,23.0,2.127042217040927,1.1000000000001542,2.1015824915560093,22.0,0.6002105560350266,1.9090909090909092,0.607481836630102,22.0,12.14963673260204,1.9090909090909092,0,False,2,-1.0,False,True,1.1141649708309616,False,True,False,10.4,1.9919373696405014,1.0
baseline,12.0,7,28.600000000000136,25,0.6,0.30000000000000426,3.600000000000051,1.438389750208488,True,False,1.506884500218416,0.1673988884980085,22.0,1.4941085822143678,1.3500311979441904e-13,,,,,0.4267164132318291,22.0,8.534328264636581,1.9090909090909092,1,False,1,0.0,True,False,0.7826283049694307,False,False,True,10.4,1.9919373696405014,1.0
baseline,12.0,7,28.90000000000014,16,1.5,2.3999999999999204,0.30000000000000426,1.3919095884234676,False,True,1.4581909973960137,0.1571007054449728,22.0,1.9875458089026368,0.7500000000001457,1.9856708313938487,21.0,0.5941113234623288,1.9047619047619047,0.5946723154211151,21.0,11.893446308422302,1.9047619047619047,1,False,3,-1.0,True,False,1.0434615496738844,False,True,False,10.4,1.9919373696405014,1.0
baseline,12.0,7,38.80000000000028,2,1.5,6.600000000000094,1.9000000000001407,1.1050479646546096,False,True,1.1530935283352448,0.1108846511107304,24.0,1.6812325967112407,1.2499999999995808,1.6709414599210235,23.0,0.4564710795709992,1.9130434782608696,0.4592824325916282,23.0,9.185648651832564,1.9130434782608696,0,False,2,-1.0,False,True,0.8788261300990576,False,False,True,10.4,1.9919373696405014,1.0
baseline,12.0,7,45.400000000000375,9,1.3999999999999062,1.3999999999999062,6.600000000000094,1.0399002393546513,False,False,1.08716843205259,0.0406580529241432,23.0,1.886772880435237,1.0499999999991232,1.886772880435237,22.0,0.5388610745607085,1.9090909090909092,0.5388610745607085,22.0,10.77722149121417,1.9090909090909092,0,False,2,-1.0,False,True,0.9883096040375051,True,False,False,10.4,1.9919373696405014,1.0
baseline,12.0,7,49.80000000000044,8,0.6,0.09999999999988773,3.0000000000001563,1.1901831043389017,True,False,1.2442823363543063,0.1116255582056975,23.0,1.2442823363543063,0.049999999998867395,,,,,0.3399154997288898,23.0,6.798309994577796,1.9130434782608696,1,False,1,0.0,True,False,0.6504203121852056,False,False,True,10.4,1.9919373696405014,1.0
baseline,12.0,7,49.900000000000325,6,1.5,3.5000000000000497,0.09999999999988773,1.1829953035701724,False,True,1.2367678173688166,0.1096303449791573,23.0,2.224893026517468,0.9499999999989228,2.224893026517468,22.0,0.6354279624664034,1.9090909090909092,0.6354279624664034,22.0,12.708559249328069,1.9090909090909092,1,False,3,-1.0,True,False,1.165420156747245,False,True,False,10.4,1.9919373696405014,1.0
baseline,12.0,7,53.70000000000049,7,1.5,2.900000000000034,0.30000000000011795,1.433585387811133,False,True,1.5018513586592823,0.231898167392179,22.0,2.161125642370496,1.0499999999985334,2.161125642370496,21.0,0.6466072801481593,1.9047619047619047,0.6466072801481593,21.0,12.932145602963185,1.9047619047619047,1,False,2,-1.0,False,False,1.1345909622445105,False,True,False,10.4,1.9919373696405014,1.0
baseline,12.0,7,56.60000000000053,21,1.1999999999999105,1.1999999999999105,2.900000000000034,1.5170238460000878,False,False,1.5928750383000922,0.1966081592239114,21.0,1.680330004417071,1.0499999999983345,1.680330004417071,20.0,0.5278912397483175,1.9,0.5278912397483175,20.0,10.55782479496635,1.9,0,False,2,-1.0,False,True,0.88438421285109,False,False,True,10.4,1.9919373696405014,1.0
baseline,12.0,7,74.80000000000003,19,1.5,7.999999999999432,10.199999999999491,1.014423509688793,False,True,1.0585288796752623,0.0387770313010117,24.0,1.9679353199442715,1.0499999999978087,1.9679353199442715,23.0,0.537604447293635,1.9130434782608696,0.537604447293635,23.0,10.7520889458727,1.9130434782608696,0,False,2,-1.0,False,True,1.0286934626981419,False,True,False,10.4,1.9919373696405014,1.0
baseline,12.0,7,82.79999999999946,7,0.7999999999998408,0.7999999999998408,7.999999999999432,1.0848281887389277,False,False,1.1341385609543335,0.0745685712641823,23.0,1.183083002161127,0.14999999999797353,,,,,0.3097304056813628,24.0,6.194608113627256,1.9166666666666667,1,False,2,1.0,True,False,0.6172606967797184,False,False,True,10.4,1.9919373696405014,1.0
baseline,12.0,7,83.5999999999993,6,1.5,5.199999999999932,0.7999999999992724,1.095480290443405,False,True,1.1431098682887704,0.1242404947095353,24.0,1.8799585909170653,1.4499999999980133,1.8489331625911525,23.0,0.5050952035282528,1.9130434782608696,0.5369149180252792,22.0,10.738298360505585,1.9090909090909092,2,True,3,-2.0,True,False,0.9847402142898913,True,False,False,10.4,1.9919373696405014,1.0
baseline,12.0,7,88.79999999999923,18,1.5,2.0000000000002274,5.199999999999932,1.2014985863886094,False,True,1.258712804788067,0.114779213187,22.0,1.7254202174374085,1.0499999999978087,1.7254202174374085,21.0,0.5162445218530158,1.9047619047619047,0.5162445218530158,21.0,10.324890437060317,1.9047619047619047,0,False,2,-1.0,False,True,0.9058456141546395,False,False,True,10.4,1.9919373696405014,1.0
baseline,12.0,7,95.69999999999884,15,1.1000000000004064,1.1000000000004064,4.09999999999954,1.086509933152016,False,False,1.1358967482952895,0.094333530095446,23.0,2.075889240001576,1.0499999999978087,2.075889240001576,22.0,0.5928725805504591,1.9090909090909092,0.5928725805504591,22.0,11.857451611009182,1.9090909090909092,0,True,2,-1.0,False,True,1.0873705542865397,False,True,False,10.4,1.9919373696405014,1.0
baseline,12.0,7,100.19999999999858,13,1.5,3.500000000000256,3.3999999999993378,1.2273009111534152,False,True,1.2830873162058432,0.1036462108663012,23.0,2.2539393379782857,1.049999999997823,2.2539393379782857,22.0,0.643723569620875,1.9090909090909092,0.643723569620875,22.0,12.8744713924175,1.9090909090909092,0,False,2,-1.0,False,True,1.180634891321959,False,True,False,10.4,1.9919373696405014,1.0
baseline,12.0,7,105.49999999999817,25,1.5,2.700000000000415,1.7999999999993292,1.17789134067041,False,True,1.2314318561554285,0.1017040555572583,23.0,1.8583387041440231,1.0499999999979082,1.8583387041440231,22.0,0.5307402928018581,1.9090909090909092,0.5307402928018581,22.0,10.614805856037162,1.9090909090909092,0,False,2,-1.0,False,True,0.9734155116944883,False,False,True,10.4,1.9919373696405014,1.0
baseline,12.0,7,120.1999999999979,19,1.5,7.999999999999986,6.699999999999733,1.0044201669568043,False,True,1.0480906089984046,0.0265455317173264,24.0,1.982647558703917,1.0499999999973397,1.982647558703917,23.0,0.5416235656593011,1.9130434782608696,0.5416235656593011,23.0,10.832471313186023,1.9130434782608696,0,False,2,-1.0,False,True,1.0363839511406838,False,True,False,10.4,1.9919373696405014,1.0
baseline,12.0,7,129.2999999999974,18,0.6,0.49999999999940314,1.0999999999995111,1.0647089040694653,True,False,1.1110005955507465,0.1040038740034805,24.0,1.110595693580844,0.049999999997766054,,,,,0.2907532726718367,24.0,5.815065453436734,1.9166666666666667,1,False,1,0.0,True,False,0.5794412314334838,False,False,True,10.4,1.9919373696405014,1.0
baseline,12.0,7,129.7999999999968,2,1.5,7.500000000000597,0.49999999999940314,1.0562622229720684,False,True,1.102186667449115,0.0920217593258425,24.0,1.8557600934224312,1.049999999998704,1.6643122644617296,23.0,0.4546601028967272,1.9130434782608696,0.5300038433019107,22.0,10.600076866038215,1.9090909090909092,1,False,3,-2.0,True,False,0.972064810840321,False,False,True,10.4,1.9919373696405014,1.0
baseline,12.0,7,137.99999999999736,18,1.5,8.0,0.20000000000055707,1.112401740235411,False,True,1.1607670332891245,0.1888040858087974,24.0,1.5823921152283489,1.4500000000001023,1.496085269288112,23.0,0.4087035209686469,1.9130434782608696,0.4322809951565038,23.0,8.645619903130076,1.9130434782608696,2,True,2,-1.0,False,False,0.8271595147784551,False,False,True,10.4,1.9919373696405014,1.0
baseline,12.0,7,150.09999999999576,22,0.6,0.10000000000044906,4.099999999998403,1.0157864809833674,True,False,1.05995111059134,0.0461299833667393,24.0,1.0594957843395558,4.121147867408581e-12,,,,,0.2773753477158753,24.0,5.547506954317506,1.9166666666666667,1,False,1,0.0,True,False,0.5527804092206378,False,False,True,10.4,1.9919373696405014,1.0
baseline,12.0,7,150.1999999999962,13,1.5,3.1999999999997044,0.10000000000044906,1.014896247487316,False,True,1.0590221712911123,0.0454177214270486,24.0,1.9299548042397408,0.8500000000038881,1.9299548042397408,23.0,0.5272288551965127,1.9130434782608696,0.5272288551965127,23.0,10.544577103930255,1.9130434782608696,1,False,3,-1.0,True,False,1.0088400113071372,True,False,False,10.4,1.9919373696405014,1.0
baseline,12.0,7,153.3999999999959,2,0.6,0.20000000000010232,3.1999999999997044,1.2351085071286276,True,False,1.2939231979442765,0.1222558736935464,22.0,1.292453186343408,4.718003765447065e-12,,,,,0.3691237668477427,22.0,7.382475336954854,1.9090909090909092,1,False,1,0.0,True,False,0.6769992880846422,False,False,True,10.4,1.9919373696405014,1.0
B2,12.0,7,23.30000000000006,4,1.5,1.7000000000000242,7.500000000000073,1.0089697388628938,False,True,1.0528379883786718,0.0313924396482804,24.0,1.946439873923836,0.9500000000001485,1.946439873923836,23.0,0.5317322790063796,1.9130434782608696,0.5317322790063796,23.0,10.634645580127593,1.9130434782608696,0,False,2,-1.0,False,True,1.0174572068238232,True,False,False,10.4,1.9919373696405014,1.0
B2,12.0,7,25.000000000000085,6,1.5,3.600000000000051,1.7000000000000242,1.6463436932494238,False,True,1.721177497488034,0.1603319386800163,23.0,2.2073186976246464,1.150000000000155,2.1685444936903457,22.0,0.6193348591236534,1.9090909090909092,0.6304087458717254,22.0,12.608174917434507,1.9090909090909092,0,False,2,-1.0,False,True,1.1562145558986243,False,True,False,10.4,1.9919373696405014,1.0
B2,12.0,7,28.600000000000136,25,0.6,0.30000000000000426,3.600000000000051,1.6256846416224848,True,False,1.7030981959854603,0.2301799486466268,22.0,1.7001991274754258,1.3500311979441904e-13,,,,,0.4855757353196885,22.0,9.71151470639377,1.9090909090909092,1,False,1,0.0,True,False,0.8905804953442706,False,False,True,10.4,1.9919373696405014,1.0
B2,12.0,7,28.90000000000014,16,1.5,2.3999999999999204,0.30000000000000426,1.5945940336980227,False,True,1.6705270829217378,0.2273212237574573,22.0,2.0390805726034564,0.7000000000001485,2.0376758841199303,21.0,0.6096711988522152,1.9047619047619047,0.6100914806636846,21.0,12.201829613273691,1.9047619047619047,1,False,3,-1.0,True,False,1.0705173006168147,False,True,False,10.4,1.9919373696405014,1.0
B2,12.0,7,38.80000000000028,2,1.5,6.600000000000094,1.9000000000001407,1.2784569222534614,False,True,1.334042005829699,0.1928710133130346,24.0,2.343193128798253,1.0999999999995893,2.3422612383439656,23.0,0.6398635390582204,1.9130434782608696,0.6401181147282324,23.0,12.802362294564649,1.9130434782608696,0,False,2,-1.0,False,True,1.2248509536899959,False,True,False,10.4,1.9919373696405014,1.0
B2,12.0,7,45.400000000000375,9,1.3999999999999062,1.3999999999999062,6.600000000000094,1.4682839584613192,False,False,1.5350241383913792,0.2299430341791076,23.0,1.7949703108441355,1.0999999999991203,1.7940332350110737,22.0,0.5123746937642473,1.9090909090909092,0.5126423219963385,22.0,10.25284643992677,1.9090909090909092,0,False,2,-1.0,False,True,0.9402225437754995,False,False,True,10.4,1.9919373696405014,1.0
B2,12.0,7,49.80000000000044,8,0.6,0.09999999999988773,3.0000000000001563,1.1933811323068262,True,False,1.2476257292298638,0.1564253557855352,23.0,1.2563595382181096,0.549999999998839,,,,,0.3432147735246502,23.0,6.864295470493004,1.9130434782608696,1,True,1,0.0,True,False,0.6567333949776482,False,False,True,10.4,1.9919373696405014,1.0
B2,12.0,7,49.900000000000325,6,1.5,3.5000000000000497,0.09999999999988773,1.188222650063199,False,True,1.242232770520617,0.1561710321389752,23.0,2.22447181547705,0.99999999999892,1.9568398897764352,22.0,0.5588721656339191,1.9090909090909092,0.6655604108209765,21.0,13.31120821641953,1.9047619047619047,1,False,3,-2.0,True,False,1.1678477031254515,False,True,False,10.4,1.9919373696405014,1.0
B2,12.0,7,53.70000000000049,7,1.5,2.900000000000034,0.30000000000011795,1.7362080483254945,False,True,1.81888462205528,0.3155735288413637,22.0,2.470852307232183,1.0499999999985334,2.470852307232183,21.0,0.7392772815720017,1.9047619047619047,0.7392772815720017,21.0,14.785545631440034,1.9047619047619047,1,False,2,-1.0,False,False,1.2971974612968962,False,True,False,10.4,1.9919373696405014,1.0
B2,12.0,7,56.60000000000053,21,1.1999999999999105,1.1999999999999105,2.900000000000034,1.7966837426170776,False,False,1.8865179297479315,0.3258722686364004,21.0,1.91273319126024,0.39999999999837144,1.629947190036474,20.0,0.5120630117957914,1.9,0.5722884325657649,21.0,11.445768651315298,1.9047619047619047,0,False,2,0.0,True,True,1.0041849254116262,True,False,False,10.4,1.9919373696405014,1.0
B2,12.0,7,74.80000000000003,19,1.5,7.999999999999432,10.199999999999491,1.2244244427611841,False,True,1.277660288098627,0.1772363971490103,24.0,1.515824724978125,1.0999999999978058,1.515401297551801,23.0,0.4139803116199285,1.9130434782608696,0.4140959843583518,23.0,8.281919687167036,1.9130434782608696,0,False,2,-1.0,False,True,0.7923629244203835,False,False,True,10.4,1.9919373696405014,1.0
B2,12.0,7,82.79999999999946,7,0.7999999999998408,0.7999999999998408,7.999999999999432,1.1346219381140117,False,False,1.1861956625737395,0.1250988198928674,23.0,1.2373317138525546,0.09999999999797637,,,,,0.3239326851910711,24.0,6.478653703821422,1.9166666666666667,1,False,2,1.0,True,False,0.645564372444811,False,False,True,10.4,1.9919373696405014,1.0
B2,12.0,7,83.5999999999993,6,1.5,5.199999999999932,0.7999999999992724,1.1851873961799144,False,True,1.2367172829703454,0.1989373260166133,24.0,3.1649105786860074,1.049999999998036,2.341893308133473,23.0,0.6397630271585406,1.9130434782608696,0.9038963475698713,22.0,18.077926951397426,1.9090909090909092,2,False,3,-2.0,True,False,1.657810303121242,False,True,False,10.4,1.9919373696405014,1.0
B2,12.0,7,88.79999999999923,18,1.5,2.0000000000002274,5.199999999999932,1.7987126493059384,False,True,1.8843656326062213,0.2998498261704309,22.0,1.8867090158206932,0.09999999999786269,1.6154570745181716,21.0,0.4833436264281854,1.9047619047619047,0.5388428348694472,22.0,10.776856697388943,1.9090909090909092,0,False,2,0.0,True,True,0.9882761511441726,True,False,False,10.4,1.9919373696405014,1.0
B2,12.0,7,95.69999999999884,15,1.1000000000004064,1.1000000000004064,4.09999999999954,1.2756122880656806,False,False,1.333594664795939,0.21604296362001,23.0,1.5244526769362958,1.0999999999978058,1.5236583081494963,22.0,0.4351557952239555,1.9090909090909092,0.4353826664189419,22.0,8.707653328378838,1.9090909090909092,0,True,2,-1.0,False,True,0.7985228307761549,False,False,True,10.4,1.9919373696405014,1.0
B2,12.0,7,100.19999999999858,13,1.5,3.500000000000256,3.3999999999993378,1.2044494313920449,False,True,1.259197132818956,0.1847359111247291,23.0,1.808433044207493,1.049999999997823,1.808433044207493,22.0,0.5164872696537532,1.9090909090909092,0.5164872696537532,22.0,10.329745393075065,1.9090909090909092,0,False,2,-1.0,False,True,0.9472744517277344,False,False,True,10.4,1.9919373696405014,1.0
B2,12.0,7,105.49999999999817,25,1.5,2.700000000000415,1.7999999999993292,1.1792527866684381,False,True,1.232855186062458,0.1760504122164801,23.0,1.893234346654452,1.0499999999979082,1.893234346654452,22.0,0.5407064649975908,1.9090909090909092,0.5407064649975908,22.0,10.814129299951816,1.9090909090909092,0,False,2,-1.0,False,True,0.9916941815809033,True,False,False,10.4,1.9919373696405014,1.0
B2,12.0,7,120.1999999999979,19,1.5,7.999999999999986,6.699999999999733,1.1299900429844394,False,True,1.179120044853328,0.1219881404830598,24.0,1.649119765111971,1.0999999999973369,1.6488494782575538,23.0,0.4504359485016778,1.9130434782608696,0.4505097859969993,23.0,9.010195719939986,1.9130434782608696,0,False,2,-1.0,False,True,0.8620398772176211,False,False,True,10.4,1.9919373696405014,1.0
B2,12.0,7,129.2999999999974,18,0.6,0.49999999999940314,1.0999999999995111,1.1150881760621074,True,False,1.1635702706735034,0.1569836794591306,24.0,1.1614025602213978,0.049999999997766054,,,,,0.3040544792543267,24.0,6.081089585086534,1.9166666666666667,1,False,1,0.0,True,False,0.6059491618546423,False,False,True,10.4,1.9919373696405014,1.0
B2,12.0,7,129.7999999999968,2,1.5,7.500000000000597,0.49999999999940314,1.1053553908252731,False,True,1.1534143208611547,0.1428815388490586,24.0,2.0338550597305214,1.049999999998704,1.496528397319629,23.0,0.4088245755572046,1.9130434782608696,0.5808676467378033,22.0,11.617352934756067,1.9090909090909092,1,False,3,-2.0,True,False,1.065352650335035,False,True,False,10.4,1.9919373696405014,1.0
B2,12.0,7,137.99999999999736,18,1.5,8.0,0.20000000000055707,1.3062383151641275,False,True,1.3630312853886548,0.2159467063074839,24.0,1.5444907854176229,1.4500000000001023,1.439978648328296,23.0,0.3933762037316812,1.9130434782608696,0.4219270352178377,23.0,8.438540704356754,1.9130434782608696,2,True,2,-1.0,False,False,0.8073474560137573,False,False,True,10.4,1.9919373696405014,1.0
B2,12.0,7,150.09999999999576,22,0.6,0.10000000000044906,4.099999999998403,1.01837373962322,True,False,1.062650858737273,0.0493540612177482,24.0,1.0621194558610512,4.121147867408581e-12,,,,,0.2780622233139889,24.0,5.561244466279778,1.9166666666666667,1,False,1,0.0,True,False,0.5541492813188093,False,False,True,10.4,1.9919373696405014,1.0
B2,12.0,7,150.1999999999962,13,1.5,3.1999999999997044,0.10000000000044906,1.017837119585146,False,True,1.062090907393196,0.0487732911420585,24.0,1.913226779424208,0.8500000000038881,1.913226779424208,23.0,0.5226590604252479,1.9130434782608696,0.5226590604252479,23.0,10.453181208504958,1.9130434782608696,1,False,3,-1.0,True,False,1.0000958165171996,True,False,False,10.4,1.9919373696405014,1.0
B2,12.0,7,153.3999999999959,2,0.6,0.20000000000010232,3.1999999999997044,1.0683782311866863,True,False,1.1192533850527189,0.0573709595860676,22.0,1.117834670513706,0.05000000000472937,,,,,0.3192528353467114,22.0,6.385056706934228,1.9090909090909092,1,False,1,0.0,True,False,0.5855324464595603,False,False,True,10.4,1.9919373696405014,1.0
baseline,12.0,0,52.600000000000506,22,1.5,8.0,27.20000000000053,0.9857749714958337,False,True,1.0286347528652178,0.0202528197424565,24.0,1.8658993077646775,0.2999999999986258,1.8658014823153852,23.0,0.5097033243390401,1.9130434782608696,0.5097300484879819,23.0,10.194600969759637,1.9130434782608696,0,False,2,-1.0,False,True,0.9753564563315359,False,False,True,15.7,3.0070592983996027,0.25
baseline,12.0,0,66.80000000000048,2,1.5,5.09999999999971,6.199999999999974,0.995089665349961,False,True,1.038354433408655,0.0324257676449617,24.0,1.908100444542279,0.2999999999978513,1.908100444542279,23.0,0.5212586381639515,1.9130434782608696,0.5212586381639515,23.0,10.42517276327903,1.9130434782608696,0,False,2,-1.0,False,True,0.9974161414652821,True,False,False,15.7,3.0070592983996027,0.25
baseline,12.0,0,71.90000000000019,15,1.5,2.90000000000029,5.09999999999971,1.0781127890055826,False,True,1.1271179157785636,0.0624896352736979,23.0,1.854968409502459,0.2999999999978513,1.854968409502459,22.0,0.5297777389030971,1.9090909090909092,0.5297777389030971,22.0,10.595554778061942,1.9090909090909092,0,False,2,-1.0,False,True,0.9716501192631928,False,False,True,15.7,3.0070592983996027,0.25
baseline,12.0,0,75.39999999999999,24,1.5,3.099999999999824,0.5999999999995111,1.1954059194934563,False,True,1.2497425521977044,0.1539119816224466,23.0,1.933155284845895,0.2999999999978513,1.933155284845895,22.0,0.5521078582836498,1.9090909090909092,0.5521078582836498,22.0,11.042157165672997,1.9090909090909092,1,False,2,-1.0,False,False,1.0126051492049926,True,False,False,15.7,3.0070592983996027,0.25
baseline,12.0,0,78.49999999999982,5,0.6,0.10000000000002274,3.099999999999824,1.1100042679330084,True,False,1.1628616140250565,0.0726278787212079,22.0,1.820007862234461,0.5499999999978371,1.7692984854888802,21.0,0.5293728689542299,1.9047619047619047,0.5717723329471447,20.0,11.435446658942894,1.9,1,True,3,-2.0,True,False,0.9578988748602427,False,False,True,15.7,3.0070592983996027,0.25
baseline,12.0,0,78.59999999999984,21,1.3000000000003524,1.3000000000003524,0.10000000000002274,1.103140807786997,False,False,1.1556713224435209,0.0708888561517226,22.0,1.820007862234461,0.44999999999781437,1.7692984854888802,21.0,0.5293728689542299,1.9047619047619047,0.5717723329471447,20.0,11.435446658942894,1.9,1,False,3,-2.0,True,False,0.9578988748602427,False,False,True,15.7,3.0070592983996027,0.25
baseline,12.0,0,85.29999999999943,12,1.2000000000003865,1.2000000000003865,1.8999999999994373,1.1402817199951008,False,False,1.194580849518677,0.1152513264624596,22.0,1.7474011066492674,0.3499999999978485,1.7473798902537014,21.0,0.5228148405953874,1.9047619047619047,0.5228211885260965,21.0,10.45642377052193,1.9047619047619047,0,False,2,-1.0,False,True,0.9173855809908654,False,False,True,15.7,3.0070592983996027,0.25
baseline,12.0,0,101.89999999999849,8,1.5,2.6999999999998323,8.599999999999042,0.9828605849358235,False,True,1.0255936538460768,0.0169926844867927,24.0,1.9548180429230928,0.2999999999978513,1.9548180429230928,23.0,0.5340210437175621,1.9130434782608696,0.5340210437175621,23.0,10.680420874351242,1.9130434782608696,0,False,2,-1.0,False,True,1.021836704255253,False,True,False,15.7,3.0070592983996027,0.25
baseline,12.0,0,104.59999999999832,23,1.3999999999999204,1.3999999999999204,2.6999999999998323,1.2078200360637714,False,False,1.2627209467939429,0.1015949208451771,23.0,1.7912951231186236,0.29999999999786553,1.7912951231186236,22.0,0.5115926908364266,1.9090909090909092,0.5115926908364266,22.0,10.231853816728531,1.9090909090909092,0,False,2,-1.0,False,True,0.9382974454430885,False,False,True,15.7,3.0070592983996027,0.25
baseline,12.0,0,105.99999999999824,7,1.5,3.9000000000002473,1.3999999999999204,1.4734657245619767,False,True,1.543630759064928,0.1417558163381131,22.0,2.101547263820811,0.29999999999786553,2.101547263820811,21.0,0.6287814709705897,1.9047619047619047,0.6287814709705897,21.0,12.575629419411793,1.9047619047619047,0,False,2,-1.0,False,True,1.103312313505926,False,True,False,15.7,3.0070592983996027,0.25
baseline,12.0,0,112.69999999999833,23,1.299999999999912,1.299999999999912,0.10000000000000853,1.1461303159510927,False,False,1.1982271484943243,0.1661427349815881,23.0,1.1918812778080925,0.04999999999741078,1.122558767099431,22.0,0.3206020341765807,1.9090909090909092,0.3256004753315755,23.0,6.51200950663151,1.9130434782608696,1,False,2,0.0,True,False,0.6230288497633211,False,False,True,15.7,3.0070592983996027,0.25
baseline,12.0,0,115.19999999999764,22,1.5,5.500000000000682,1.199999999999406,1.0811426287103516,False,True,1.130285475469913,0.1228745042978117,23.0,2.077789501704432,0.2999999999979366,2.077789501704432,22.0,0.5934152940236945,1.9090909090909092,0.5934152940236945,22.0,11.86830588047389,1.9090909090909092,0,False,2,-1.0,False,True,1.0883659294642263,False,True,False,15.7,3.0070592983996027,0.25
baseline,12.0,0,121.59999999999737,25,1.5,1.6000000000002785,0.8999999999990393,1.1687480729175914,False,True,1.2218729853229364,0.1446713713996535,23.0,2.104673457321372,0.24999999999785416,2.104673457321372,22.0,0.6010933337932958,1.9090909090909092,0.6010933337932958,22.0,12.021866675865915,1.9090909090909092,1,False,2,-1.0,False,False,1.1024480014540519,False,True,False,15.7,3.0070592983996027,0.25
baseline,12.0,0,134.29999999999666,20,1.5,6.100000000000108,4.6999999999993065,1.0108435519671335,False,True,1.0547932716178785,0.0556785782791173,24.0,1.942915549925924,0.24999999999968736,1.942915549925924,23.0,0.5307694972341439,1.9130434782608696,0.5307694972341439,23.0,10.615389944682878,1.9130434782608696,0,False,2,-1.0,False,True,1.0156149465521875,True,False,False,15.7,3.0070592983996027,0.25
baseline,12.0,0,140.39999999999677,2,0.8999999999999488,0.8999999999999488,6.100000000000108,1.0744043105201069,False,False,1.1232408700892025,0.0565877211790452,23.0,1.7648943654942355,0.3500000000009891,1.7644115889549132,22.0,0.5039147714335863,1.9090909090909092,0.5040526520907918,22.0,10.081053041815835,1.9090909090909092,0,False,2,-1.0,False,True,0.9244684771636471,False,False,True,15.7,3.0070592983996027,0.25
baseline,12.0,0,141.29999999999671,8,0.9999999999999432,0.9999999999999432,0.8999999999999488,1.619762038266269,False,False,1.6968935638979958,0.1577777959277597,22.0,1.7867937676647487,0.25000000000122213,1.7867937676647487,21.0,0.5346074451405336,1.9047619047619047,0.5346074451405336,21.0,10.692148902810672,1.9047619047619047,1,False,2,-1.0,False,False,0.9380667280239932,False,False,True,15.7,3.0070592983996027,0.25
baseline,12.0,0,142.8999999999962,19,1.5,5.500000000000568,0.5999999999995396,1.4768393469100316,False,True,1.5471650300962234,0.1997822241728447,22.0,1.558622833214219,0.20000000000209184,1.558622833214219,21.0,0.4663388611945809,1.9047619047619047,0.4663388611945809,21.0,9.326777223891618,1.9047619047619047,1,False,2,-1.0,False,False,0.818276987437465,False,False,True,15.7,3.0070592983996027,0.25
B2,12.0,0,52.600000000000506,22,1.5,8.0,27.20000000000053,0.9831537875316715,False,True,1.0258996043808746,0.0181820878233963,24.0,1.891860781101152,0.24999999999862865,1.891860781101152,23.0,0.5168222549149588,1.9130434782608696,0.5168222549149588,23.0,10.336445098299176,1.9130434782608696,0,False,2,-1.0,False,True,0.9889272264846931,True,False,False,15.7,3.0070592983996027,0.25
B2,12.0,0,66.80000000000048,2,1.5,5.09999999999971,6.199999999999974,0.9851756041455187,False,True,1.028009326064889,0.0179420393381345,24.0,1.8955570387354643,0.3499999999978485,1.8949006999182776,23.0,0.5176527059256886,1.9130434782608696,0.5178320058566745,23.0,10.356640117133491,1.9130434782608696,0,False,2,-1.0,False,True,0.9908593611571745,True,False,False,15.7,3.0070592983996027,0.25
B2,12.0,0,71.90000000000019,15,1.5,2.90000000000029,5.09999999999971,1.0130356768193811,False,True,1.059082753038444,0.021857270088878,23.0,1.8975568009266648,0.2999999999978513,1.8975568009266648,22.0,0.54194095505096,1.9090909090909092,0.54194095505096,22.0,10.8388191010192,1.9090909090909092,0,False,2,-1.0,False,True,0.9939583242949196,True,False,False,15.7,3.0070592983996027,0.25
B2,12.0,0,75.39999999999999,24,1.5,3.099999999999824,0.5999999999995111,1.0846854433347823,False,True,1.133989327122727,0.1446881279591806,23.0,1.9078964498156512,0.2999999999978513,1.9078964498156512,22.0,0.5448939518682634,1.9090909090909092,0.5448939518682634,22.0,10.897879037365268,1.9090909090909092,1,False,2,-1.0,False,False,0.9993743308558173,True,False,False,15.7,3.0070592983996027,0.25
B2,12.0,0,78.49999999999982,5,0.6,0.10000000000002274,3.099999999999824,1.0423414837787424,True,False,1.0919767925301112,0.034681235398436,22.0,1.8471266537297384,0.49999999999783995,1.8174902922406304,21.0,0.5437918238165649,1.9047619047619047,0.5802919525607244,20.0,11.605839051214488,1.9,1,False,3,-2.0,True,False,0.9721719230156518,False,False,True,15.7,3.0070592983996027,0.25
B2,12.0,0,78.59999999999984,21,1.3000000000003524,1.3000000000003524,0.10000000000002274,1.0396847024554652,False,False,1.0891934978104874,0.0346645482913838,22.0,1.8471266537297384,0.3999999999978172,1.8174902922406304,21.0,0.5437918238165649,1.9047619047619047,0.5802919525607244,20.0,11.605839051214488,1.9,1,False,3,-2.0,True,False,0.9721719230156518,False,False,True,15.7,3.0070592983996027,0.25
B2,12.0,0,85.29999999999943,12,1.2000000000003865,1.2000000000003865,1.8999999999994373,1.0328505470419704,False,False,1.0820339064249214,0.0942052794589308,22.0,1.880380714742048,0.3499999999978485,1.8797230353106704,21.0,0.5624118170014771,1.9047619047619047,0.5626085942271946,21.0,11.252171884543891,1.9047619047619047,0,False,2,-1.0,False,True,0.9871998752395752,True,False,False,15.7,3.0070592983996027,0.25
B2,12.0,0,101.89999999999849,8,1.5,2.6999999999998323,8.599999999999042,0.9704268525656735,False,True,1.012619324416355,0.0069901101575252,24.0,1.916667535606748,0.2999999999978513,1.916667535606748,23.0,0.523599012977062,1.9130434782608696,0.523599012977062,23.0,10.47198025954124,1.9130434782608696,0,False,2,-1.0,False,True,1.0018943936126181,True,False,False,15.7,3.0070592983996027,0.25
B2,12.0,0,104.59999999999832,23,1.3999999999999204,1.3999999999999204,2.6999999999998323,1.1017588794359885,False,False,1.1518388285012606,0.0560703325453593,23.0,1.86829473869772,0.3499999999978627,1.8678990219406344,22.0,0.5334707131796597,1.9090909090909092,0.5335837296212018,22.0,10.671674592424036,1.9090909090909092,0,False,2,-1.0,False,True,0.9786305774130913,False,False,True,15.7,3.0070592983996027,0.25
B2,12.0,0,105.99999999999824,7,1.5,3.9000000000002473,1.3999999999999204,1.5375133141738593,False,True,1.610728233896424,0.1381624667668876,22.0,1.8577388103536367,0.29999999999786553,1.8577388103536367,21.0,0.5558341522757742,1.9047619047619047,0.5558341522757742,21.0,11.116683045515483,1.9047619047619047,0,False,2,-1.0,False,True,0.9753128754356594,False,False,True,15.7,3.0070592983996027,0.25
B2,12.0,0,112.69999999999833,23,1.299999999999912,1.299999999999912,0.10000000000000853,1.0658906183402113,False,False,1.11434019190113,0.1634702245684255,23.0,1.1117979076773794,0.09999999999739373,1.0579574608804914,22.0,0.3021519442647875,1.9090909090909092,0.3037231425248485,23.0,6.07446285049697,1.9130434782608696,1,False,2,0.0,True,False,0.5811670881040847,False,False,True,15.7,3.0070592983996027,0.25
B2,12.0,0,115.19999999999764,22,1.5,5.500000000000682,1.199999999999406,1.0643507783553319,False,True,1.1127303591896651,0.1201108906350725,23.0,2.031907764488759,0.2999999999979366,2.031907764488759,22.0,0.5803115005172677,1.9090909090909092,0.5803115005172677,22.0,11.606230010345353,1.9090909090909092,0,False,2,-1.0,False,True,1.0643326385417309,False,True,False,15.7,3.0070592983996027,0.25
B2,12.0,0,121.59999999999737,25,1.5,1.6000000000002785,0.8999999999990393,1.0387345078385801,False,True,1.085949712740334,0.1436898580041873,23.0,1.9735679562261437,0.24999999999785416,1.9735679562261437,22.0,0.563649690240025,1.9090909090909092,0.563649690240025,22.0,11.2729938048005,1.9090909090909092,1,False,2,-1.0,False,False,1.0337736913565514,False,True,False,15.7,3.0070592983996027,0.25
B2,12.0,0,134.29999999999666,20,1.5,6.100000000000108,4.6999999999993065,0.9905175267760179,False,True,1.033583506201062,0.0336970527230345,24.0,1.9420312194582188,0.24999999999968736,1.9420312194582188,23.0,0.5305279140949537,1.9130434782608696,0.5305279140949537,23.0,10.610558281899074,1.9130434782608696,0,False,2,-1.0,False,True,1.0151526828986144,True,False,False,15.7,3.0070592983996027,0.25
B2,12.0,0,140.39999999999677,2,0.8999999999999488,0.8999999999999488,6.100000000000108,1.004382822461426,False,False,1.0500365871187636,0.023260596558546,23.0,1.8455585940709796,0.25000000000096634,1.8455585940709796,22.0,0.5270903019002633,1.9090909090909092,0.5270903019002633,22.0,10.541806038005266,1.9090909090909092,0,False,2,-1.0,False,True,0.966721168322894,False,False,True,15.7,3.0070592983996027,0.25
B2,12.0,0,141.29999999999671,8,0.9999999999999432,0.9999999999999432,0.8999999999999488,1.6859778303219841,False,False,1.7662624889087453,0.1678499921040255,22.0,1.848109423235092,0.3000000000012335,1.847720999581112,21.0,0.5528368303016773,1.9047619047619047,0.5529530463871843,21.0,11.059060927743687,1.9047619047619047,1,False,2,-1.0,False,False,0.9702574471984234,False,False,True,15.7,3.0070592983996027,0.25
B2,12.0,0,142.8999999999962,19,1.5,5.500000000000568,0.5999999999995396,1.5139658745312732,False,True,1.5860594876041911,0.2002492093715285,22.0,1.563431464595554,2.0463630789890885e-12,1.419558684148262,21.0,0.424730965091407,1.9047619047619047,0.4465149821422294,22.0,8.930299642844588,1.9090909090909092,1,False,2,0.0,True,False,0.8189402909786235,False,False,True,15.7,3.0070592983996027,0.25
baseline,12.0,1,24.100000000000072,18,0.6,0.40000000000000924,inf,0.9591563842251943,True,False,1.0008588357132462,0.0006619477267202,24.0,1.918166092969872,0.20000000000013785,1.918166092969872,23.0,0.5240083918294944,1.9130434782608696,0.5240083918294944,23.0,10.480167836589889,1.9130434782608696,1,False,2,-1.0,False,False,1.0026777304160694,True,False,False,15.7,3.0070592983996027,0.25
baseline,12.0,1,24.50000000000008,13,0.6,0.40000000000000213,0.40000000000000924,1.8318197074822502,True,False,1.9150842396405343,0.1950985323165888,23.0,1.911688957373176,1.3145040611561853e-13,1.83435938605276,22.0,0.5238918155697121,1.9090909090909092,0.5222389551680262,23.0,10.444779103360524,1.9130434782608696,2,False,2,0.0,True,False,0.9992919549905237,True,False,False,15.7,3.0070592983996027,0.25
baseline,12.0,1,24.900000000000084,7,1.5,3.2000000000000455,0.40000000000000213,1.7479433906459512,False,True,1.8311787902005203,0.2536296345027879,22.0,1.827903373866005,1.3500311979441904e-13,1.7485762040898598,21.0,0.5231727768581553,1.9047619047619047,0.5220479828008582,22.0,10.440959656017164,1.9090909090909092,2,False,2,0.0,True,False,0.957473195834574,False,False,True,15.7,3.0070592983996027,0.25
baseline,12.0,1,28.10000000000013,19,1.5,3.999999999999943,3.2000000000000455,1.093804254591348,False,True,1.1484944673209152,0.1006098982210263,21.0,1.9796341025998272,0.20000000000013785,1.9796341025998272,20.0,0.621920395352344,1.9,0.621920395352344,20.0,12.43840790704688,1.9,0,False,2,-1.0,False,True,1.0419126855788565,False,True,False,15.7,3.0070592983996027,0.25
baseline,12.0,1,34.30000000000022,24,1.5,1.799999999999912,1.4000000000001336,1.1855112479763261,False,True,1.239398122884341,0.1401467805914258,23.0,1.9529300821941664,0.3499999999999517,1.951441069936376,22.0,0.5573302662932296,1.9090909090909092,0.5577555271996095,22.0,11.15511054399219,1.9090909090909092,0,False,2,-1.0,False,True,1.0229633763874204,False,True,False,15.7,3.0070592983996027,0.25
baseline,12.0,1,36.80000000000025,5,1.5,1.900000000000027,0.7000000000001236,1.3748487499303597,False,True,1.4373418749271942,0.1984677276472639,23.0,1.7512443271376297,0.44999999999976836,1.7469669223170678,22.0,0.4989325862923337,1.9090909090909092,0.5001542102523979,22.0,10.003084205047958,1.9090909090909092,1,False,2,-1.0,False,False,0.9173184570720917,False,False,True,15.7,3.0070592983996027,0.25
baseline,12.0,1,38.70000000000028,4,1.4999999999999076,1.4999999999999076,1.900000000000027,1.3190503084856802,False,False,1.3818622279373791,0.1621853605328064,22.0,2.3798926582016806,0.2999999999996419,2.3798926582016806,21.0,0.7120622182227319,1.9047619047619047,0.7120622182227319,21.0,14.241244364454637,1.9047619047619047,0,False,2,-1.0,False,True,1.2494436455558824,False,True,False,15.7,3.0070592983996027,0.25
baseline,12.0,1,40.20000000000019,7,0.6,0.20000000000011653,1.4999999999999076,1.8859193640455305,True,False,1.980215332247807,0.2590950581247257,21.0,2.186454054089721,0.3999999999996433,2.161609112309369,20.0,0.6790895307163867,1.9,0.6868947993739889,20.0,13.737895987479778,1.9,2,False,3,-1.0,True,False,1.150765291626169,False,True,False,15.7,3.0070592983996027,0.25
baseline,12.0,1,40.400000000000304,14,0.6,0.30000000000000426,0.20000000000011653,1.8137265085341758,True,False,1.9044128339608848,0.2488490453547925,21.0,2.186454054089721,0.19999999999952678,2.161609112309369,20.0,0.6790895307163867,1.9,0.6868947993739889,20.0,13.737895987479778,1.9,2,False,3,-1.0,True,False,1.150765291626169,False,True,False,15.7,3.0070592983996027,0.25
baseline,12.0,1,40.70000000000031,17,1.5,1.599999999999909,0.30000000000000426,1.9722749329955884,False,True,2.0818457626064544,0.3666003727068215,19.0,2.102891679740398,0.09999999999951115,1.97053253517877,18.0,0.6878456151308106,1.8888888888888888,0.6954135844597404,19.0,13.908271689194809,1.894736842105263,2,False,2,0.0,True,False,1.1098594976407656,False,True,False,15.7,3.0070592983996027,0.25
baseline,12.0,1,55.80000000000052,15,1.5,5.10000000000008,7.100000000000215,1.0292745554347718,False,True,1.0740256230623706,0.0471936138528086,24.0,1.8500018393671536,0.29999999999842686,1.8500018393671536,23.0,0.505387146755083,1.9130434782608696,0.505387146755083,23.0,10.10774293510166,1.9130434782608696,0,False,2,-1.0,False,True,0.9670464160328303,False,False,True,15.7,3.0070592983996027,0.25
baseline,12.0,1,60.9000000000006,23,1.5,2.8999999999999204,5.10000000000008,1.0701764302908823,False,True,1.1188208134859223,0.0626214526290524,23.0,1.890864976157269,0.2999999999980574,1.890864976157269,22.0,0.5400297743659923,1.9090909090909092,0.5400297743659923,22.0,10.800595487319846,1.9090909090909092,0,False,2,-1.0,False,True,0.9904530827490455,True,False,False,15.7,3.0070592983996027,0.25
baseline,12.0,1,64.10000000000063,3,1.499999999999801,1.499999999999801,0.30000000000011084,1.2234242549684564,False,False,1.2790344483761136,0.1689874429673076,23.0,1.834057233382959,0.39999999999784563,1.83106103445368,22.0,0.5229498085558371,1.9090909090909092,0.5238055209690113,22.0,10.476110419380227,1.9090909090909092,1,False,2,-1.0,False,False,0.9606966460577404,False,False,True,15.7,3.0070592983996027,0.25
baseline,12.0,1,65.60000000000043,13,1.5,3.3000000000001677,1.499999999999801,1.5199881941408455,False,True,1.5923685843380284,0.1759414521338863,22.0,1.729085613080646,0.24999999999796785,1.729085613080646,21.0,0.5173412056649487,1.9047619047619047,0.5173412056649487,21.0,10.346824113298974,1.9047619047619047,0,False,2,-1.0,False,True,0.9077699468673393,False,False,True,15.7,3.0070592983996027,0.25
baseline,12.0,1,69.20000000000034,21,0.8999999999999488,0.8999999999999488,0.29999999999974136,1.1519645084842798,False,False,1.2068199612692454,0.1619300798691796,22.0,2.042667188896452,0.2999999999978513,2.042667188896452,21.0,0.6111645937491437,1.9047619047619047,0.6111645937491437,21.0,12.223291874982873,1.9047619047619047,1,False,2,-1.0,False,False,1.0724002741706373,False,True,False,15.7,3.0070592983996027,0.25
baseline,12.0,1,70.10000000000029,11,1.5,2.000000000000341,0.8999999999999488,1.790192375238319,False,True,1.8797019940002349,0.2252097440291657,21.0,1.9260126331436516,0.2999999999978513,1.9260126331436516,20.0,0.6050747139005228,1.9,0.6050747139005228,20.0,12.101494278010456,1.9,1,False,2,-1.0,False,False,1.0136908595492904,True,False,False,15.7,3.0070592983996027,0.25
baseline,12.0,1,76.59999999999981,14,0.6000000000005343,0.6000000000005343,2.9999999999993747,1.106186936609256,False,False,1.1588625050192205,0.1010363908331643,22.0,1.8189508778012209,0.34999999999796216,1.818111940357496,21.0,0.5439778204981898,1.9047619047619047,0.5442288299943829,21.0,10.884576599887659,1.9047619047619047,0,False,2,-1.0,False,True,0.954949210845641,False,False,True,15.7,3.0070592983996027,0.25
baseline,12.0,1,82.8999999999998,23,1.5,1.7000000000000028,4.799999999999514,1.119523282653172,False,True,1.1704107045919525,0.0656075743941081,23.0,1.7698473068273457,0.3499999999976069,1.7696278286039813,22.0,0.5054045259936659,1.9090909090909092,0.505467208827679,22.0,10.10934417655358,1.9090909090909092,0,False,2,-1.0,False,True,0.9270628750048001,False,False,True,15.7,3.0070592983996027,0.25
baseline,12.0,1,89.59999999999964,21,1.3000000000001677,1.3000000000001677,4.9999999999998295,1.0633044300239958,False,False,1.111636449570541,0.0715031585756191,23.0,2.090013845170074,0.29999999999739657,2.090013845170074,22.0,0.5969065583533872,1.9090909090909092,0.5969065583533872,22.0,11.938131167067745,1.9090909090909092,0,False,2,-1.0,False,True,1.0947691569938482,False,True,False,15.7,3.0070592983996027,0.25
baseline,12.0,1,94.09999999999891,9,1.5,2.4999999999998863,3.1999999999991076,1.1636801084513642,False,True,1.216574658835517,0.0769900154355057,23.0,1.8430360815487987,0.3499999999978627,1.8429554009925295,22.0,0.5263468316956148,1.9090909090909092,0.5263698740086022,22.0,10.527397480172045,1.9090909090909092,0,False,2,-1.0,False,True,0.9653998522398469,False,False,True,15.7,3.0070592983996027,0.25
baseline,12.0,1,96.5999999999988,8,1.0000000000008384,1.0000000000008384,2.4999999999998863,1.1548107631907276,False,False,1.2098017519140956,0.0892697558526484,22.0,2.2607609754551614,0.2999999999978371,2.2607609754551614,21.0,0.676418102096422,1.9047619047619047,0.676418102096422,21.0,13.528362041928439,1.9047619047619047,0,False,2,-1.0,False,True,1.1868995121139598,False,True,False,15.7,3.0070592983996027,0.25
baseline,12.0,1,99.99999999999837,7,0.6,0.20000000000067075,2.3999999999987267,1.317696876106467,True,False,1.3804443463972509,0.1718383119472181,22.0,2.523364622979196,0.2999999999980787,2.523364622979196,21.0,0.75498892970284,1.9047619047619047,0.75498892970284,21.0,15.0997785940568,1.9047619047619047,1,False,3,-1.0,True,False,1.324766427064078,False,True,False,15.7,3.0070592983996027,0.25
baseline,12.0,1,100.19999999999904,11,1.5,1.8999999999998778,0.20000000000067075,1.304251680938314,False,True,1.3663589038401385,0.1664739526200019,22.0,2.523364622979196,0.09999999999740794,2.523364622979196,21.0,0.75498892970284,1.9047619047619047,0.75498892970284,21.0,15.0997785940568,1.9047619047619047,1,False,3,-1.0,True,False,1.324766427064078,False,True,False,15.7,3.0070592983996027,0.25
baseline,12.0,1,103.69999999999928,21,0.8999999999995225,0.8999999999995225,1.6000000000003638,1.402595628782462,False,False,1.472725410221585,0.1976957858807279,21.0,1.5664797619918456,0.3499999999969674,1.5661736422378978,20.0,0.4920279608700548,1.9,0.492124131227067,20.0,9.84248262454134,1.9,0,False,2,-1.0,False,True,0.8244630326272872,False,False,True,15.7,3.0070592983996027,0.25
baseline,12.0,1,106.49999999999812,4,1.5,1.5000000000002416,1.8999999999993236,1.1367899661033176,False,True,1.1936294644084835,0.1048080919867571,21.0,2.155805616101938,0.2999999999979508,2.155805616101938,20.0,0.6772663086113466,1.9,0.6772663086113466,20.0,13.545326172226932,1.9,0,False,2,-1.0,False,True,1.1346345347904936,False,True,False,15.7,3.0070592983996027,0.25
baseline,12.0,1,114.499999999998,7,0.6999999999997186,0.6999999999997186,2.799999999998718,1.150705952160531,False,False,1.203010768167828,0.1181692877683273,23.0,1.8792111731391823,0.29999999999762395,,,,,0.5133666100937315,23.0,10.26733220187463,1.9130434782608696,1,False,2,0.0,True,False,0.9823149314136634,True,False,False,15.7,3.0070592983996027,0.25
baseline,12.0,1,115.19999999999771,22,1.5,7.300000000000281,0.6999999999995907,1.7663131348641319,False,True,1.8466000955397743,0.2306828706947592,23.0,1.836712387835531,0.04999999999787974,1.7446465404026932,22.0,0.4982698867672681,1.9090909090909092,0.5017567082070844,23.0,10.035134164141688,1.9130434782608696,2,False,2,0.0,True,False,0.9600996572776639,False,False,True,15.7,3.0070592983996027,0.25
baseline,12.0,1,133.69999999999737,7,1.5,8.0,10.499999999999659,0.9978551302578783,False,True,1.0412401359212644,0.0233488903080611,24.0,1.8434569286927087,0.2999999999988461,1.8430226531915208,23.0,0.5034805589274827,1.9130434782608696,0.5035991951643668,23.0,10.071983903287336,1.9130434782608696,0,False,2,-1.0,False,True,0.9636252127257341,False,False,True,15.7,3.0070592983996027,0.25
B2,12.0,1,24.100000000000072,18,0.6,0.40000000000000924,inf,0.9591563842251943,True,False,1.0008588357132462,0.0006619477267202,24.0,1.918166092969872,0.20000000000013785,1.918166092969872,23.0,0.5240083918294944,1.9130434782608696,0.5240083918294944,23.0,10.480167836589889,1.9130434782608696,1,False,2,-1.0,False,False,1.0026777304160694,True,False,False,15.7,3.0070592983996027,0.25
B2,12.0,1,24.50000000000008,13,0.6,0.40000000000000213,0.40000000000000924,1.8318197074822502,True,False,1.9150842396405343,0.1950985323165888,23.0,1.911688957373176,1.3145040611561853e-13,1.83435938605276,22.0,0.5238918155697121,1.9090909090909092,0.5222389551680262,23.0,10.444779103360524,1.9130434782608696,2,False,2,0.0,True,False,0.9992919549905237,True,False,False,15.7,3.0070592983996027,0.25
B2,12.0,1,24.900000000000084,7,1.5,3.2000000000000455,0.40000000000000213,1.7479433906459512,False,True,1.8311787902005203,0.2536296324812368,22.0,1.8278836315679536,1.3500311979441904e-13,1.7494536792905528,21.0,0.52343531682427,1.9047619047619047,0.5220423444137197,22.0,10.440846888274393,1.9090909090909092,2,False,2,0.0,True,False,0.9574628546308328,False,False,True,15.7,3.0070592983996027,0.25
B2,12.0,1,28.10000000000013,19,1.5,3.999999999999943,3.2000000000000455,1.0451105890692571,False,True,1.09736611852272,0.0467010724716961,21.0,1.8595388270517523,0.20000000000013785,1.8595388270517523,20.0,0.5841913518130766,1.9,0.5841913518130766,20.0,11.683827036261532,1.9,0,False,2,-1.0,False,True,0.9787046458167118,False,False,True,15.7,3.0070592983996027,0.25
B2,12.0,1,34.30000000000022,24,1.5,1.799999999999912,1.4000000000001336,1.095147591526557,False,True,1.1449270275050367,0.1230585136225272,23.0,2.0957544145110707,0.2999999999999545,2.0957544145110707,22.0,0.5985460611233053,1.9090909090909092,0.5985460611233053,22.0,11.970921222466107,1.9090909090909092,0,False,2,-1.0,False,True,1.0977761218867512,False,True,False,15.7,3.0070592983996027,0.25
B2,12.0,1,36.80000000000025,5,1.5,1.900000000000027,0.7000000000001236,1.295696431229038,False,True,1.3545917235576306,0.177018023741585,23.0,1.889960110727084,0.4999999999997655,1.8788190460449887,22.0,0.5365894647708656,1.9090909090909092,0.5397713454034507,22.0,10.795426908069015,1.9090909090909092,1,False,2,-1.0,False,False,0.9899791056189488,True,False,False,15.7,3.0070592983996027,0.25
B2,12.0,1,38.70000000000028,4,1.4999999999999076,1.4999999999999076,1.900000000000027,1.3803642810761902,False,False,1.44609591350839,0.1291099039281375,22.0,2.3813494492757186,0.2999999999996419,2.3813494492757186,21.0,0.7124980890928283,1.9047619047619047,0.7124980890928283,21.0,14.249961781856566,1.9047619047619047,0,False,2,-1.0,False,True,1.2502084608697523,False,True,False,15.7,3.0070592983996027,0.25
B2,12.0,1,40.20000000000019,7,0.6,0.20000000000011653,1.4999999999999076,1.7253419728252708,True,False,1.8116090714665345,0.1961032002370329,21.0,2.11668743313566,0.34999999999965326,2.115858045066154,20.0,0.6647164090418691,1.9,0.6649769689884826,20.0,13.299539379769652,1.9,2,False,3,-1.0,True,False,1.114046017439821,False,True,False,15.7,3.0070592983996027,0.25
B2,12.0,1,40.400000000000304,14,0.6,0.30000000000000426,0.20000000000011653,1.5959175089671416,True,False,1.6757133844154986,0.1732252145110892,21.0,2.11668743313566,0.14999999999953673,2.115858045066154,20.0,0.6647164090418691,1.9,0.6649769689884826,20.0,13.299539379769652,1.9,2,False,3,-1.0,True,False,1.114046017439821,False,True,False,15.7,3.0070592983996027,0.25
B2,12.0,1,40.70000000000031,17,1.5,1.599999999999909,0.30000000000000426,1.9092445006958398,False,True,2.0153136396233866,0.323653757575132,19.0,2.019763461350077,0.1499999999995083,1.8836664931703175,18.0,0.6575236463063465,1.8888888888888888,0.6679235844385785,19.0,13.35847168877157,1.894736842105263,2,False,2,0.0,True,False,1.0659862712680963,False,True,False,15.7,3.0070592983996027,0.25
B2,12.0,1,55.80000000000052,15,1.5,5.10000000000008,7.100000000000215,1.0275627082500745,False,True,1.072239347739208,0.0390781392885133,24.0,1.933133641937804,0.349999999998424,1.9327529884134835,23.0,0.5279932686611755,1.9130434782608696,0.5280972563407902,23.0,10.561945126815804,1.9130434782608696,0,False,2,-1.0,False,True,1.0105016764674883,True,False,False,15.7,3.0070592983996027,0.25
B2,12.0,1,60.9000000000006,23,1.5,2.8999999999999204,5.10000000000008,1.0348441408902642,False,True,1.0818825109307306,0.0371930239777225,23.0,1.8239643742397331,0.2999999999980574,1.8239643742397331,22.0,0.5209230071382773,1.9090909090909092,0.5209230071382773,22.0,10.418460142765547,1.9090909090909092,0,False,2,-1.0,False,True,0.9554099103160506,False,False,True,15.7,3.0070592983996027,0.25
B2,12.0,1,64.10000000000063,3,1.499999999999801,1.499999999999801,0.30000000000011084,1.0697667184765578,False,False,1.1183924784073105,0.1513116516030914,23.0,1.9938637039484448,0.39999999999784563,1.985622160135559,22.0,0.567092362826088,1.9090909090909092,0.569446142234888,22.0,11.38892284469776,1.9090909090909092,1,False,2,-1.0,False,False,1.0444047973063282,False,True,False,15.7,3.0070592983996027,0.25
B2,12.0,1,65.60000000000043,13,1.5,3.3000000000001677,1.499999999999801,1.611158280171742,False,True,1.6878801030370632,0.1749615385237621,22.0,1.7261512819026608,0.24999999999796785,1.7261512819026608,21.0,0.5164632558295241,1.9047619047619047,0.5164632558295241,21.0,10.329265116590483,1.9047619047619047,0,False,2,-1.0,False,True,0.906229422998897,False,False,True,15.7,3.0070592983996027,0.25
B2,12.0,1,69.20000000000034,21,0.8999999999999488,0.8999999999999488,0.29999999999974136,1.0771633126114717,False,False,1.1284568036882083,0.2054333289792135,22.0,1.94515901440564,0.39999999999784563,1.943565010716557,21.0,0.5815132913753622,1.9047619047619047,0.5819902161638781,21.0,11.639804323277563,1.9047619047619047,1,False,2,-1.0,False,False,1.021208482562961,False,True,False,15.7,3.0070592983996027,0.25
B2,12.0,1,70.10000000000029,11,1.5,2.000000000000341,0.8999999999999488,1.7915567229447094,False,True,1.8811345590919448,0.2288830069676806,21.0,1.90733663889695,0.39999999999784563,1.9049076887417824,20.0,0.5984444000717897,1.9,0.5992074772681306,20.0,11.984149545362612,1.9,1,False,2,-1.0,False,False,1.0038613888931316,True,False,False,15.7,3.0070592983996027,0.25
B2,12.0,1,76.59999999999981,14,0.6000000000005343,0.6000000000005343,2.9999999999993747,1.0688306511782295,False,False,1.1197273488533832,0.0628603249493493,22.0,1.874532417076792,0.3999999999979593,1.8715006759019104,21.0,0.5599516928192165,1.9047619047619047,0.5608587876575588,21.0,11.217175753151176,1.9047619047619047,0,False,2,-1.0,False,True,0.9841295189653159,True,False,False,15.7,3.0070592983996027,0.25
B2,12.0,1,82.8999999999998,23,1.5,1.7000000000000028,4.799999999999514,1.0153928768284974,False,True,1.06154709850252,0.0351226344070567,23.0,1.8857803606351156,0.4499999999976012,1.8837749525357197,22.0,0.5380048683547889,1.9090909090909092,0.5385776115686536,22.0,10.771552231373072,1.9090909090909092,0,False,2,-1.0,False,True,0.9877897127136319,True,False,False,15.7,3.0070592983996027,0.25
B2,12.0,1,89.59999999999964,21,1.3000000000001677,1.3000000000001677,4.9999999999998295,1.0094110213961371,False,False,1.0552933405505072,0.0312907137204473,23.0,1.9165393171404093,0.3999999999973909,1.916480995595557,22.0,0.5473456924097686,1.9090909090909092,0.547362349004028,22.0,10.94724698008056,1.9090909090909092,0,False,2,-1.0,False,True,1.0039015470735477,True,False,False,15.7,3.0070592983996027,0.25
B2,12.0,1,94.09999999999891,9,1.5,2.4999999999998863,3.1999999999991076,1.0209749076043295,False,True,1.067382857949981,0.0330779860223343,23.0,1.930022289858446,0.29999999999786553,1.930022289858446,22.0,0.5512130770076222,1.9090909090909092,0.5512130770076222,22.0,11.024261540152445,1.9090909090909092,0,False,2,-1.0,False,True,1.0109640565925193,True,False,False,15.7,3.0070592983996027,0.25
B2,12.0,1,96.5999999999988,8,1.0000000000008384,1.0000000000008384,2.4999999999998863,1.1537853670582896,False,False,1.2087275273943985,0.0698665957923996,22.0,2.170601424625947,0.2999999999978371,2.170601424625947,21.0,0.6494424275691824,1.9047619047619047,0.6494424275691824,21.0,12.988848551383647,1.9047619047619047,0,False,2,-1.0,False,True,1.139565747928622,False,True,False,15.7,3.0070592983996027,0.25
B2,12.0,1,99.99999999999837,7,0.6,0.20000000000067075,2.3999999999987267,1.1104867302904244,True,False,1.1633670507804446,0.091365212650761,22.0,2.0565214908185414,0.2999999999980787,2.0565214908185414,21.0,0.615309791190958,1.9047619047619047,0.615309791190958,21.0,12.30619582381916,1.9047619047619047,1,False,3,-1.0,True,False,1.0796737826797342,False,True,False,15.7,3.0070592983996027,0.25
B2,12.0,1,100.19999999999904,11,1.5,1.8999999999998778,0.20000000000067075,1.0868129559983393,False,True,1.1385659539030222,0.0815527348227632,22.0,2.0565214908185414,0.09999999999740794,2.0565214908185414,21.0,0.615309791190958,1.9047619047619047,0.615309791190958,21.0,12.30619582381916,1.9047619047619047,1,False,3,-1.0,True,False,1.0796737826797342,False,True,False,15.7,3.0070592983996027,0.25
B2,12.0,1,103.69999999999928,21,0.8999999999995225,0.8999999999995225,1.6000000000003638,1.1977313971697592,False,False,1.257617967028247,0.104189181614102,21.0,1.8569033545482585,0.24999999999695888,1.8569033545482585,20.0,0.5833633937075051,1.9,0.5833633937075051,20.0,11.667267874150102,1.9,0,False,2,-1.0,False,True,0.9773175550253993,False,False,True,15.7,3.0070592983996027,0.25
B2,12.0,1,106.49999999999812,4,1.5,1.5000000000002416,1.8999999999993236,1.0873436349114034,False,True,1.1417108166569736,0.0826306237739907,21.0,2.048691647877016,0.2999999999979508,2.048691647877016,20.0,0.64361546304412,1.9,0.64361546304412,20.0,12.8723092608824,1.9,0,False,2,-1.0,False,True,1.0782587620405346,False,True,False,15.7,3.0070592983996027,0.25
B2,12.0,1,114.499999999998,7,0.6999999999997186,0.6999999999997186,2.799999999998718,1.035537893687246,False,False,1.0826077979457571,0.0640066824902091,23.0,2.072650982529322,0.29999999999762395,,,,,0.5662108782756334,23.0,11.324217565512669,1.9130434782608696,1,False,2,0.0,True,False,1.0834311954130544,False,True,False,15.7,3.0070592983996027,0.25
B2,12.0,1,115.19999999999771,22,1.5,7.300000000000281,0.6999999999995907,1.94285354932148,False,True,2.031165074290638,0.2718546892047807,23.0,2.0199666268617755,0.04999999999787974,1.8610681131190008,22.0,0.5315198101822611,1.9090909090909092,0.551818462212653,23.0,11.03636924425306,1.9130434782608696,2,False,2,0.0,True,False,1.0558916458595644,False,True,False,15.7,3.0070592983996027,0.25
B2,12.0,1,133.69999999999737,7,1.5,8.0,10.499999999999659,0.9888926777078062,False,True,1.031888011521189,0.0199781428563693,24.0,1.9467905310856632,0.2499999999988347,1.9467905310856632,23.0,0.5318280722205992,1.9130434782608696,0.5318280722205992,23.0,10.636561444411985,1.9130434782608696,0,False,2,-1.0,False,True,1.0176405048856876,True,False,False,15.7,3.0070592983996027,0.25
baseline,12.0,2,38.70000000000028,20,1.5,1.6000000000000227,22.300000000000296,0.966803564672754,False,True,1.0088385022672215,0.0073340577548556,24.0,1.8992513830252973,0.2999999999996419,1.8992513830252973,23.0,0.5188412341071764,1.9130434782608696,0.5188412341071764,23.0,10.376824682143528,1.9130434782608696,0,False,2,-1.0,False,True,0.9927904956723145,True,False,False,15.7,3.0070592983996027,0.25
baseline,12.0,2,40.3000000000003,25,1.5,6.399999999999977,1.6000000000000227,1.491074399957995,False,True,1.5588505090469946,0.1267299128824619,23.0,1.8205210871325623,0.34999999999952536,1.820425503239794,22.0,0.519912307944149,1.9090909090909092,0.5199396066400874,22.0,10.398792132801749,1.9090909090909092,0,False,2,-1.0,False,True,0.953606283736104,False,False,True,15.7,3.0070592983996027,0.25
baseline,12.0,2,49.30000000000043,23,0.9000000000000128,0.9000000000000128,1.000000000000128,1.096577308224809,False,False,1.1442545824954526,0.1188682797932914,24.0,2.107564151659721,0.2999999999988887,2.107564151659721,23.0,0.5757485265933378,1.9130434782608696,0.5757485265933378,23.0,11.514970531866755,1.9130434782608696,0,False,2,-1.0,False,True,1.1016812610948543,False,True,False,15.7,3.0070592983996027,0.25
baseline,12.0,2,50.20000000000044,14,1.5,4.300000000000054,0.9000000000000128,1.7874430750897903,False,True,1.868690487593872,0.1944793749414403,23.0,1.9015939036779608,0.29999999999882476,1.9015939036779608,22.0,0.5430939489005291,1.9090909090909092,0.5430939489005291,22.0,10.861878978010582,1.9090909090909092,1,False,2,-1.0,False,False,0.996072997164646,True,False,False,15.7,3.0070592983996027,0.25
baseline,12.0,2,54.5000000000005,12,1.5,2.799999999999933,4.300000000000054,1.1041731874351446,False,True,1.1567528630272943,0.0677411782125155,22.0,2.1196549925571717,0.29999999999852633,2.1196549925571717,21.0,0.6341992907392893,1.9047619047619047,0.6341992907392893,21.0,12.683985814785785,1.9047619047619047,0,False,2,-1.0,False,True,1.1128188710925153,False,True,False,15.7,3.0070592983996027,0.25
baseline,12.0,2,58.10000000000056,18,0.6,0.09999999999988063,0.8000000000001322,1.3121488571812119,True,False,1.374632136094603,0.1882822736932085,22.0,2.0492959038431358,0.29999999999825633,,,,,0.5852775415041136,22.0,11.705550830082272,1.9090909090909092,2,False,2,0.0,True,False,1.0734407115368807,False,True,False,15.7,3.0070592983996027,0.25
baseline,12.0,2,59.00000000000057,7,1.5,3.0999999999999304,0.8000000000001251,1.8828454382588502,False,True,1.9725047448426047,0.2719650163125435,22.0,1.958974727038495,0.049999999998213696,1.8150228301826543,21.0,0.5430535608951983,1.9047619047619047,0.5594818737302005,22.0,11.18963747460401,1.9090909090909092,2,False,2,0.0,True,False,1.0261296189249258,False,True,False,15.7,3.0070592983996027,0.25
baseline,12.0,2,62.1000000000005,23,0.6,0.3999999999999986,3.0999999999999304,1.246887546937472,True,False,1.3092319242843458,0.1466256888637166,21.0,1.6059484148304015,0.49999999999808153,1.5318897387093124,20.0,0.4812573549238763,1.9,0.4804986421024155,21.0,9.60997284204831,1.9047619047619047,1,False,2,0.0,True,False,0.8431229177859608,False,False,True,15.7,3.0070592983996027,0.25
baseline,12.0,2,65.30000000000057,17,0.7999999999999972,0.7999999999999972,2.800000000000068,1.1360072568704969,False,False,1.1928076197140218,0.1158401476862172,21.0,2.0103009503444373,0.2999999999978513,2.0103009503444373,20.0,0.6315546697106664,1.9,0.6315546697106664,20.0,12.631093394213329,1.9,0,False,2,-1.0,False,True,1.0580531317602302,False,True,False,15.7,3.0070592983996027,0.25
baseline,12.0,2,66.3000000000004,12,0.6,0.29999999999998295,0.1999999999998323,1.506584192617174,True,False,1.5819134022480328,0.2014161754869134,21.0,1.9994449230008653,0.599999999997948,1.649622619685848,20.0,0.518244230320061,1.9,0.661204366458624,19.0,13.22408732917248,1.894736842105263,3,True,3,-2.0,True,False,1.0552625982504567,False,True,False,15.7,3.0070592983996027,0.25
baseline,12.0,2,66.60000000000038,20,0.6,0.4000000000001904,0.29999999999998295,1.5671414887015556,True,False,1.649622619685848,0.2314736500505595,20.0,2.0829578212619904,0.49999999999795364,1.9994449230008653,19.0,0.661204366458624,1.894736842105263,0.654380498901407,20.0,13.08760997802814,1.9,3,False,2,0.0,True,False,1.0962935901378896,False,True,False,15.7,3.0070592983996027,0.25
baseline,12.0,2,70.50000000000048,23,1.5,2.8000000000000824,0.39999999999997726,1.2874947224229685,False,True,1.3518694585441169,0.2038068931781494,21.0,1.3451466186758356,0.04999999999765237,1.2536176214182897,20.0,0.3938355909858408,1.9,0.4024669271650625,21.0,8.04933854330125,1.9047619047619047,1,False,2,0.0,True,False,0.7062019748048137,False,False,True,15.7,3.0070592983996027,0.25
baseline,12.0,2,77.99999999999994,7,0.6,0.50000000000054,3.399999999999565,1.1221385342029537,True,False,1.1731448312121788,0.0819056203909732,23.0,2.0262078085257245,0.5999999999977348,1.958142033465665,22.0,0.5592440570019193,1.9090909090909092,0.5535234405139731,23.0,11.070468810279461,1.9130434782608696,1,True,2,0.0,True,False,1.0591540817293559,False,True,False,15.7,3.0070592983996027,0.25
baseline,12.0,2,80.39999999999971,11,1.5,5.600000000000236,1.899999999999224,1.325608094679028,False,True,1.3858630080735292,0.1523663955819365,23.0,1.8432505106688128,0.3499999999978485,1.843064573735054,22.0,0.5263780113579681,1.9090909090909092,0.5264311148220706,22.0,10.528622296441412,1.9090909090909092,0,False,2,-1.0,False,True,0.9655121722550924,False,False,True,15.7,3.0070592983996027,0.25
baseline,12.0,2,95.19999999999888,19,1.0000000000003837,1.0000000000003837,6.799999999999173,0.9993064075752986,False,False,1.0427545122524855,0.0241309143719531,24.0,1.8878283185879388,0.2999999999978371,1.8878283185879388,23.0,0.5157206588621426,1.9130434782608696,0.5157206588621426,23.0,10.314413177242852,1.9130434782608696,0,False,2,-1.0,False,True,0.9868193483527862,True,False,False,15.7,3.0070592983996027,0.25
baseline,12.0,2,96.19999999999926,11,1.5,5.19999999999925,1.0000000000003837,1.6968147109923855,False,True,1.7739426524011304,0.1667214492525386,23.0,1.7893808210339772,0.29999999999739657,1.7893808210339772,22.0,0.5110459674395287,1.9090909090909092,0.5110459674395287,22.0,10.220919348790574,1.9090909090909092,0,False,2,-1.0,False,True,0.9372947157797024,False,False,True,15.7,3.0070592983996027,0.25
baseline,12.0,2,101.39999999999851,13,1.5,1.8000000000003666,5.19999999999925,1.0276359816426446,False,True,1.0765710283875325,0.0519080573466891,22.0,1.996896962654352,0.2999999999978513,1.996896962654352,21.0,0.5974701740810175,1.9047619047619047,0.5974701740810175,21.0,11.949403481620351,1.9047619047619047,0,False,2,-1.0,False,True,1.0483709053935348,False,True,False,15.7,3.0070592983996027,0.25
baseline,12.0,2,112.69999999999789,24,1.3999999999997925,1.3999999999997925,3.299999999999372,1.0066236413082552,False,False,1.0503898865825272,0.0582150546605159,24.0,1.9451715892981631,0.2999999999978371,1.9451715892981631,23.0,0.5313858065139732,1.9130434782608696,0.5313858065139732,23.0,10.627716130279463,1.9130434782608696,0,False,2,-1.0,False,True,1.0167942398604035,True,False,False,15.7,3.0070592983996027,0.25
baseline,12.0,2,114.09999999999768,14,1.1999999999999176,1.1999999999999176,1.3999999999997925,1.609325634604163,False,False,1.6824767998134431,0.1574504944705389,23.0,1.7372948189801851,0.299999999997965,1.7372948189801851,22.0,0.4961702400388872,1.9090909090909092,0.4961702400388872,22.0,9.923404800777744,1.9090909090909092,0,False,2,-1.0,False,True,0.9100115718467636,False,False,True,15.7,3.0070592983996027,0.25
baseline,12.0,2,115.2999999999976,25,0.6,0.20000000000013074,1.1999999999999176,1.4967784679149903,True,False,1.5680536330537995,0.1572405115479426,22.0,2.2594365807347887,0.299999999997965,2.2594365807347887,21.0,0.6760218441227099,1.9047619047619047,0.6760218441227099,21.0,13.520436882454199,1.9047619047619047,1,False,3,-1.0,True,False,1.1862042048857642,False,True,False,15.7,3.0070592983996027,0.25
baseline,12.0,2,115.49999999999773,16,0.999999999999929,0.999999999999929,0.20000000000013074,1.427269268385198,False,False,1.495234471641636,0.1431123835034508,22.0,2.2594365807347887,0.09999999999783427,2.2594365807347887,21.0,0.6760218441227099,1.9047619047619047,0.6760218441227099,21.0,13.520436882454199,1.9047619047619047,1,False,3,-1.0,True,False,1.1862042048857642,False,True,False,15.7,3.0070592983996027,0.25
baseline,12.0,2,116.49999999999766,6,1.5,2.5000000000004263,0.999999999999929,1.7951906320649615,False,True,1.8896743495420647,0.2928706173092635,20.0,1.8802583452534471,0.04999999999786553,1.678338046932045,19.0,0.5550162608928373,1.894736842105263,0.590700580429913,20.0,11.81401160859826,1.9,1,False,2,0.0,True,False,0.9896096553965512,True,False,False,15.7,3.0070592983996027,0.25
baseline,12.0,2,118.99999999999808,7,1.5,1.699999999999804,2.5000000000004263,1.12922024717748,False,True,1.1919547053540065,0.1239628061369432,19.0,1.9696800686963083,0.2999999999972829,1.9696800686963083,18.0,0.6875480481931735,1.8888888888888888,0.6875480481931735,18.0,13.75096096386347,1.8888888888888888,0,False,2,-1.0,False,True,1.0427718010745162,False,True,False,15.7,3.0070592983996027,0.25
baseline,12.0,2,122.89999999999765,12,0.6,0.39999999999994884,0.7999999999999687,1.34899406783801,True,False,1.419993755618958,0.2295825508428855,20.0,1.7415510175504587,0.49999999999747047,1.7151042225232285,19.0,0.5671746132231377,1.894736842105263,0.547124388258835,20.0,10.9424877651767,1.9,2,False,2,0.0,True,False,0.9166057987107677,False,False,True,15.7,3.0070592983996027,0.25
baseline,12.0,2,124.99999999999716,2,1.5,2.0000000000009237,0.4999999999995026,1.304869126421492,False,True,1.367005751489182,0.2826182072003477,22.0,1.660994228829333,0.29999999999786553,1.660994228829333,21.0,0.4969683111376453,1.9047619047619047,0.4969683111376453,21.0,9.939366222752906,1.9047619047619047,1,False,2,-1.0,False,False,0.8720219701353998,False,False,True,15.7,3.0070592983996027,0.25
baseline,12.0,2,129.1999999999974,24,1.5,1.7000000000002444,2.1999999999993207,1.1329049017105528,False,True,1.18685275417296,0.1288547710301054,22.0,2.1667567974996005,0.24999999999781153,2.1667567974996005,21.0,0.648292117822904,1.9047619047619047,0.648292117822904,21.0,12.96584235645808,1.9047619047619047,0,False,2,-1.0,False,True,1.1375473186872904,False,True,False,15.7,3.0070592983996027,0.25
baseline,12.0,2,134.79999999999663,5,1.5,2.400000000000773,1.7999999999994714,1.1848916692818092,False,True,1.2387503815218914,0.1091715818993428,23.0,2.175486862836532,0.24999999999982947,2.175486862836532,22.0,0.6213175951153049,1.9090909090909092,0.6213175951153049,22.0,12.426351902306099,1.9090909090909092,0,False,2,-1.0,False,True,1.1395407376762785,False,True,False,15.7,3.0070592983996027,0.25
baseline,12.0,2,147.89999999999588,9,1.5,inf,5.099999999999255,1.0103689716186997,False,True,1.0542980573412517,0.0404180354386815,24.0,1.977557828816275,0.20000000000354134,1.977557828816275,23.0,0.5402331432224514,1.9130434782608696,0.5402331432224514,23.0,10.804662864449028,1.9130434782608696,0,False,2,-1.0,False,True,1.0337234105175983,False,True,False,15.7,3.0070592983996027,0.25
B2,12.0,2,38.70000000000028,20,1.5,1.6000000000000227,22.300000000000296,0.9616563984656188,False,True,1.0034675462249936,0.002408526013692,24.0,1.910751884957241,0.2999999999996419,1.910751884957241,23.0,0.5219829638795233,1.9130434782608696,0.5219829638795233,23.0,10.439659277590465,1.9130434782608696,0,False,2,-1.0,False,True,0.9988021216821941,True,False,False,15.7,3.0070592983996027,0.25
B2,12.0,2,40.3000000000003,25,1.5,6.399999999999977,1.6000000000000227,1.4917377546127302,False,True,1.559544016186036,0.1247782160013287,23.0,1.8437756553228413,0.2999999999995282,1.8437756553228413,22.0,0.5265810957845405,1.9090909090909092,0.5265810957845405,22.0,10.53162191569081,1.9090909090909092,0,False,2,-1.0,False,True,0.9657872480262502,False,False,True,15.7,3.0070592983996027,0.25
B2,12.0,2,49.30000000000043,23,0.9000000000000128,0.9000000000000128,1.000000000000128,1.0359435475782377,False,False,1.0809845713859871,0.1254483425318909,24.0,1.9036984169921387,0.2999999999988887,1.9036984169921387,23.0,0.5200560836063497,1.9130434782608696,0.5200560836063497,23.0,10.401121672126994,1.9130434782608696,0,False,2,-1.0,False,True,0.995115081609527,True,False,False,15.7,3.0070592983996027,0.25
B2,12.0,2,50.20000000000044,14,1.5,4.300000000000054,0.9000000000000128,1.6590497109381608,False,True,1.73446106143535,0.1695339746208285,23.0,1.9169558415285728,0.29999999999882476,1.9169558415285728,22.0,0.5474813080911094,1.9090909090909092,0.5474813080911094,22.0,10.949626161822188,1.9090909090909092,1,False,2,-1.0,False,False,1.0041197265149666,True,False,False,15.7,3.0070592983996027,0.25
B2,12.0,2,54.5000000000005,12,1.5,2.799999999999933,4.300000000000054,1.0194207132702773,False,True,1.067964556759338,0.0285172325313924,22.0,1.9872501187479603,0.29999999999852633,1.9872501187479603,21.0,0.5945838451337178,1.9047619047619047,0.5945838451337178,21.0,11.891676902674355,1.9047619047619047,0,False,2,-1.0,False,True,1.0433063123426791,False,True,False,15.7,3.0070592983996027,0.25
B2,12.0,2,58.10000000000056,18,0.6,0.09999999999988063,0.8000000000001322,1.0976169774171431,True,False,1.1498844525322451,0.1567587999164284,22.0,2.0728123662025086,0.29999999999825633,,,,,0.5919938274483525,22.0,11.83987654896705,1.9090909090909092,2,False,2,0.0,True,False,1.0857588584870284,False,True,False,15.7,3.0070592983996027,0.25
B2,12.0,2,59.00000000000057,7,1.5,3.0999999999999304,0.8000000000001251,1.9155700270528333,False,True,2.0067876473886823,0.2811256791393093,22.0,1.9893858990856172,0.049999999998213696,1.958752761765013,21.0,0.5860574558628269,1.9047619047619047,0.568167284156591,22.0,11.36334568313182,1.9090909090909092,2,False,2,0.0,True,False,1.0420592804734186,False,True,False,15.7,3.0070592983996027,0.25
B2,12.0,2,62.1000000000005,23,0.6,0.3999999999999986,3.0999999999999304,1.1112462219117982,True,False,1.1668085330073883,0.0805463093383965,21.0,1.878445128464141,0.49999999999808153,1.7871233382759306,20.0,0.561441355058653,1.9,0.5620294681670934,21.0,11.240589363341869,1.9047619047619047,1,False,2,0.0,True,False,0.9861836924436741,True,False,False,15.7,3.0070592983996027,0.25
B2,12.0,2,65.30000000000057,17,0.7999999999999972,0.7999999999999972,2.800000000000068,1.0931235514630002,False,False,1.1477797290361502,0.0860112288631506,21.0,1.9254325752649288,0.4499999999978428,1.9192406179602493,20.0,0.6029472225855055,1.9,0.6048924833434777,20.0,12.097849666869553,1.9,0,False,2,-1.0,False,True,1.01338556592891,True,False,False,15.7,3.0070592983996027,0.25
B2,12.0,2,66.3000000000004,12,0.6,0.29999999999998295,0.1999999999998323,1.0077964533540176,True,False,1.0581862760217184,0.0434479006588302,21.0,1.959322641104293,0.599999999997948,1.9148138800313963,20.0,0.6015565218498402,1.9,0.6479361700321471,19.0,12.958723400642942,1.894736842105263,3,True,3,-2.0,True,False,1.0340869494717102,False,True,False,15.7,3.0070592983996027,0.25
B2,12.0,2,66.60000000000038,20,0.6,0.4000000000001904,0.29999999999998295,1.8190731860298264,True,False,1.9148138800313963,0.2155152111071198,20.0,2.0599200431179083,0.49999999999795364,1.959322641104293,19.0,0.6479361700321471,1.894736842105263,0.6471429674441591,20.0,12.942859348883182,1.9,3,False,2,0.0,True,False,1.0841684437462675,False,True,False,15.7,3.0070592983996027,0.25
B2,12.0,2,70.50000000000048,23,1.5,2.8000000000000824,0.39999999999997726,1.1426627771016622,False,True,1.1997959159567455,0.2022021081860714,21.0,1.2846949177264269,1.0499999999975955,1.138493734047849,20.0,0.3576683551042734,1.9,0.4035988115633486,20.0,8.071976231266971,1.9,1,False,2,-1.0,False,False,0.6761552198560141,False,False,True,15.7,3.0070592983996027,0.25
B2,12.0,2,77.99999999999994,7,0.6,0.50000000000054,3.399999999999565,1.0535955022059702,True,False,1.101486206851696,0.0663964550805312,23.0,2.1311556753041154,0.5999999999977348,2.0813977189492463,22.0,0.5944457984590459,1.9090909090909092,0.582193305494922,23.0,11.64386610989844,1.9130434782608696,1,True,2,0.0,True,False,1.1140131939089695,False,True,False,15.7,3.0070592983996027,0.25
B2,12.0,2,80.39999999999971,11,1.5,5.600000000000236,1.899999999999224,1.2973891597160019,False,True,1.3563613942485475,0.1528870463167731,23.0,2.02942318538504,0.2999999999978513,2.02942318538504,22.0,0.5796019063845854,1.9090909090909092,0.5796019063845854,22.0,11.592038127691708,1.9090909090909092,0,False,2,-1.0,False,True,1.0630311923445448,False,True,False,15.7,3.0070592983996027,0.25
B2,12.0,2,95.19999999999888,19,1.0000000000003837,1.0000000000003837,6.799999999999173,1.0065011240647175,False,False,1.050262042502314,0.0291853532919321,24.0,1.8710775946524096,0.2999999999978371,1.8710775946524096,23.0,0.5111446631005627,1.9130434782608696,0.5111446631005627,23.0,10.222893262011254,1.9130434782608696,0,False,2,-1.0,False,True,0.9780632881137595,False,False,True,15.7,3.0070592983996027,0.25
B2,12.0,2,96.19999999999926,11,1.5,5.19999999999925,1.0000000000003837,1.6768472381485524,False,True,1.7530675671553049,0.1628875053842204,23.0,1.9159422036678688,0.34999999999739373,1.9144920427709768,22.0,0.5467776488114016,1.9090909090909092,0.547191813795056,22.0,10.94383627590112,1.9090909090909092,0,False,2,-1.0,False,True,1.003588773349836,True,False,False,15.7,3.0070592983996027,0.25
B2,12.0,2,101.39999999999851,13,1.5,1.8000000000003666,5.19999999999925,1.0255811899374097,False,True,1.0744183894582386,0.0350719218813235,22.0,1.979062585325877,0.2999999999978513,1.979062585325877,21.0,0.5921341408623046,1.9047619047619047,0.5921341408623046,21.0,11.842682817246093,1.9047619047619047,0,False,2,-1.0,False,True,1.0390078572960855,False,True,False,15.7,3.0070592983996027,0.25
B2,12.0,2,112.69999999999789,24,1.3999999999997925,1.3999999999997925,3.299999999999372,0.9938486612532672,False,False,1.037059472612105,0.0303802378748204,24.0,1.8770888052460415,0.2999999999978371,1.8770888052460415,23.0,0.5127868174518788,1.9130434782608696,0.5127868174518788,23.0,10.255736349037576,1.9130434782608696,0,False,2,-1.0,False,True,0.9812055118331581,True,False,False,15.7,3.0070592983996027,0.25
B2,12.0,2,114.09999999999768,14,1.1999999999999176,1.1999999999999176,1.3999999999997925,1.5227534405818641,False,False,1.5919695060628578,0.1298512837705998,23.0,1.8960440143505952,0.3999999999979593,1.89403776210073,22.0,0.5409359199124824,1.9090909090909092,0.5415089042151573,22.0,10.830178084303146,1.9090909090909092,0,False,2,-1.0,False,True,0.9931659122788832,True,False,False,15.7,3.0070592983996027,0.25
B2,12.0,2,115.2999999999976,25,0.6,0.20000000000013074,1.1999999999999176,1.66005584809081,True,False,1.739106126571325,0.1689410271860752,22.0,1.984752079075476,0.299999999997965,1.984752079075476,21.0,0.5938364334114841,1.9047619047619047,0.5938364334114841,21.0,11.876728668229681,1.9047619047619047,1,False,3,-1.0,True,False,1.041994841514625,False,True,False,15.7,3.0070592983996027,0.25
B2,12.0,2,115.49999999999773,16,0.999999999999929,0.999999999999929,0.20000000000013074,1.5832869511922636,False,False,1.6586815679157048,0.1515772333660119,22.0,1.984752079075476,0.09999999999783427,1.984752079075476,21.0,0.5938364334114841,1.9047619047619047,0.5938364334114841,21.0,11.876728668229681,1.9047619047619047,1,False,3,-1.0,True,False,1.041994841514625,False,True,False,15.7,3.0070592983996027,0.25
B2,12.0,2,116.49999999999766,6,1.5,2.5000000000004263,0.999999999999929,1.7259370429690981,False,True,1.816775834704314,0.2521148035669751,20.0,1.8061831778441764,0.04999999999786553,1.6756371473444045,19.0,0.5541230897030882,1.894736842105263,0.5674291802552731,20.0,11.348583605105462,1.9,1,False,2,0.0,True,False,0.9506227251811455,False,False,True,15.7,3.0070592983996027,0.25
B2,12.0,2,118.99999999999808,7,1.5,1.699999999999804,2.5000000000004263,1.0492833836125197,False,True,1.1075769049243265,0.0607556249783947,19.0,1.9513539233745816,0.24999999999727152,1.9513539233745816,18.0,0.6811510166919117,1.8888888888888888,0.6811510166919117,18.0,13.623020333838234,1.8888888888888888,0,False,2,-1.0,False,True,1.0330697241394844,False,True,False,15.7,3.0070592983996027,0.25
B2,12.0,2,122.89999999999765,12,0.6,0.39999999999994884,0.7999999999999687,1.1139708194754718,True,False,1.1726008626057598,0.1719412031581868,20.0,1.8892212885349615,0.49999999999747047,1.8404733258519117,19.0,0.6086334189078251,1.894736842105263,0.5935163721066878,20.0,11.870327442133757,1.9,2,False,2,0.0,True,False,0.9943269939657693,True,False,False,15.7,3.0070592983996027,0.25
B2,12.0,2,124.99999999999716,2,1.5,2.0000000000009237,0.4999999999995026,1.2992255668754835,False,True,1.3610934510124113,0.2351473032319005,22.0,1.994152410823986,0.3499999999978627,1.985372661892028,21.0,0.5940221113560007,1.9047619047619047,0.59664900609362,21.0,11.9329801218724,1.9047619047619047,1,False,2,-1.0,False,False,1.0469300156825927,False,True,False,15.7,3.0070592983996027,0.25
B2,12.0,2,129.1999999999974,24,1.5,1.7000000000002444,2.1999999999993207,1.0917981373812073,False,True,1.1437885248755506,0.085613176587212,22.0,2.118739954728952,0.24999999999781153,2.118739954728952,21.0,0.6339255120612997,1.9047619047619047,0.6339255120612997,21.0,12.678510241225993,1.9047619047619047,0,False,2,-1.0,False,True,1.1123384762327,False,True,False,15.7,3.0070592983996027,0.25
B2,12.0,2,134.79999999999663,5,1.5,2.400000000000773,1.7999999999994714,1.0650083832141757,False,True,1.1134178551784564,0.0819091959492708,23.0,1.9957268452306904,0.24999999999982947,1.9957268452306904,22.0,0.5699782541407883,1.9090909090909092,0.5699782541407883,22.0,11.399565082815766,1.9090909090909092,0,False,2,-1.0,False,True,1.0453807284541712,False,True,False,15.7,3.0070592983996027,0.25
B2,12.0,2,147.89999999999588,9,1.5,inf,5.099999999999255,0.9784520751124509,False,True,1.0209934696825576,0.0210684982823786,24.0,1.8843420566741231,0.3000000000035641,1.8816866009716,23.0,0.5140428523452805,1.9130434782608696,0.514768274965018,23.0,10.29536549930036,1.9130434782608696,0,False,2,-1.0,False,True,0.9849969841705644,True,False,False,15.7,3.0070592983996027,0.25
baseline,12.0,3,25.60000000000012,25,1.5,2.300000000000008,3.500000000000149,1.0331209633410803,False,True,1.0780392660950404,0.0384840279117559,24.0,1.9352243466059569,0.20000000000011298,1.9352243466059569,23.0,0.5286683991604679,1.9130434782608696,0.5286683991604679,23.0,10.573367983209359,1.9130434782608696,0,False,2,-1.0,False,True,1.0115945448167503,True,False,False,15.7,3.0070592983996027,0.25
baseline,12.0,3,27.900000000000126,14,1.5,1.8000000000000256,2.300000000000008,1.2832286079794117,False,True,1.341557181069385,0.1100754835245752,23.0,1.8588552002468517,0.20000000000013785,1.8588552002468517,22.0,0.5308878037438811,1.9090909090909092,0.5308878037438811,22.0,10.617756074877622,1.9090909090909092,0,False,2,-1.0,False,True,0.9736860572721604,False,False,True,15.7,3.0070592983996027,0.25
baseline,12.0,3,29.700000000000152,15,1.5,3.89999999999997,1.8000000000000256,1.3489299176551803,False,True,1.4131646756387604,0.1271799717839287,22.0,2.353554152977307,0.20000000000013785,2.353554152977307,21.0,0.7041817558875483,1.9047619047619047,0.7041817558875483,21.0,14.083635117750966,1.9047619047619047,0,False,2,-1.0,False,True,1.2356159303130863,False,True,False,15.7,3.0070592983996027,0.25
baseline,12.0,3,36.80000000000025,7,0.8999999999998991,0.8999999999998991,0.9000000000001265,1.1555874005370965,False,False,1.20811410056151,0.1501273004337493,23.0,1.918366401666747,0.34999999999977405,1.9167993323900097,22.0,0.5474366091856613,1.9090909090909092,0.5478841631245217,22.0,10.957683262490434,1.9090909090909092,1,False,2,-1.0,False,False,1.0048585913492485,True,False,False,15.7,3.0070592983996027,0.25
baseline,12.0,3,41.60000000000035,17,1.5,3.1999999999999034,3.9000000000001975,1.2043349894297755,False,True,1.2590774889493108,0.1251994628490219,23.0,1.6575942527632708,0.49999999999940314,1.6485499708306053,22.0,0.4708247706760997,1.9090909090909092,0.4734078115557958,22.0,9.468156231115916,1.9090909090909092,0,False,2,-1.0,False,True,0.8682636562093323,False,False,True,15.7,3.0070592983996027,0.25
baseline,12.0,3,45.50000000000038,22,1.0000000000000142,1.0000000000000142,0.7000000000001236,1.140496644308338,False,False,1.1923374008678078,0.13588820312401,23.0,1.8942562467916293,0.2999999999991587,1.8942562467916293,22.0,0.5409983189942871,1.9090909090909092,0.5409983189942871,22.0,10.819966379885742,1.9090909090909092,1,False,2,-1.0,False,False,0.9922294626051391,True,False,False,15.7,3.0070592983996027,0.25
baseline,12.0,3,46.50000000000039,6,1.5,1.6999999999999105,1.0000000000000142,1.7132138427560968,False,True,1.794795454315911,0.1937307005115747,22.0,1.7786892850372875,0.049999999999101874,1.6113240985109816,21.0,0.4821070428985043,1.9047619047619047,0.507992471899275,22.0,10.1598494379855,1.9090909090909092,0,False,2,0.0,True,True,0.9316943874004839,False,False,True,15.7,3.0070592983996027,0.25
baseline,12.0,3,48.2000000000003,7,1.4000000000000483,1.4000000000000483,1.6999999999999105,1.2415819374907502,False,False,1.3036610343652877,0.1217571767140091,21.0,2.1518354702981664,0.29999999999908056,2.1518354702981664,20.0,0.6760190505222656,1.9,0.6760190505222656,20.0,13.520381010445313,1.9,0,False,2,-1.0,False,True,1.132544984367456,False,True,False,15.7,3.0070592983996027,0.25
baseline,12.0,3,51.40000000000046,23,1.5,2.099999999999916,1.8000000000001108,1.2805716068364705,False,True,1.344600187178294,0.1657553143965933,21.0,2.063928053156976,0.2999999999987395,2.063928053156976,20.0,0.648402120933584,1.9,0.648402120933584,20.0,12.96804241867168,1.9,0,False,2,-1.0,False,True,1.0862779227141979,False,True,False,15.7,3.0070592983996027,0.25
baseline,12.0,3,64.20000000000051,22,1.0000000000000568,1.0000000000000568,4.800000000000054,1.018169712243615,False,False,1.062437960602033,0.0413982830182367,24.0,1.8351365701571145,0.34999999999796216,1.8346470346610892,23.0,0.501192490958398,1.9130434782608696,0.501326223229527,23.0,10.02652446459054,1.9130434782608696,0,False,2,-1.0,False,True,0.9592759344003098,False,False,True,15.7,3.0070592983996027,0.25
baseline,12.0,3,65.20000000000057,2,1.5,3.399999999999693,1.0000000000000568,1.6665701445819048,False,True,1.7423233329719914,0.1607324556868922,23.0,1.8352579974302483,0.2999999999978513,1.8352579974302483,22.0,0.5241484583789804,1.9090909090909092,0.5241484583789804,22.0,10.482969167579608,1.9090909090909092,0,False,2,-1.0,False,True,0.9613256177015586,False,False,True,15.7,3.0070592983996027,0.25
baseline,12.0,3,68.60000000000026,15,0.6,0.100000000000108,3.399999999999693,1.2662700315099265,True,False,1.3265686044389706,0.1147313712423141,22.0,1.8459715680321676,0.4499999999979565,1.8031906136831264,21.0,0.5395133699970458,1.9047619047619047,0.6104516544068934,19.0,12.209033088137868,1.894736842105263,2,False,3,-3.0,True,False,0.9742627720169774,False,False,True,15.7,3.0070592983996027,0.25
baseline,12.0,3,68.70000000000037,8,1.5,3.500000000000142,0.100000000000108,1.2638680525454853,False,True,1.3240522455238417,0.1135787022394955,22.0,1.8459715680321676,0.3499999999978485,1.8031906136831264,21.0,0.5395133699970458,1.9047619047619047,0.6104516544068934,19.0,12.209033088137868,1.894736842105263,1,False,3,-3.0,True,False,0.9742627720169774,False,False,True,15.7,3.0070592983996027,0.25
baseline,12.0,3,68.70000000000037,21,1.5,3.500000000000142,0.100000000000108,1.2638680525454853,False,True,1.3240522455238417,0.1135787022394955,22.0,1.8459715680321676,0.3499999999978485,1.8031906136831264,21.0,0.5395133699970458,1.9047619047619047,0.6104516544068934,19.0,12.209033088137868,1.894736842105263,1,False,3,-3.0,True,False,0.9742627720169774,False,False,True,15.7,3.0070592983996027,0.25
baseline,12.0,3,75.99999999999984,23,0.6000000000004206,0.6000000000004206,2.7999999999992724,1.0789495260100601,False,False,1.1328970023105631,0.0905396795784265,21.0,1.8425720471029596,0.299999999997965,1.8425720471029596,20.0,0.5788610806888563,1.9,0.5788610806888563,20.0,11.577221613777127,1.9,0,False,2,-1.0,False,True,0.9697747616331367,False,False,True,15.7,3.0070592983996027,0.25
baseline,12.0,3,77.99999999999962,7,1.5,6.000000000000227,1.299999999999244,1.283562426509491,False,True,1.3419061731690134,0.1659671756287594,23.0,1.6552131978719973,0.2999999999980787,1.6552131978719973,22.0,0.4727277838690487,1.9090909090909092,0.4727277838690487,22.0,9.454555677380974,1.9090909090909092,0,False,2,-1.0,False,True,0.86701643698057,False,False,True,15.7,3.0070592983996027,0.25
baseline,12.0,3,85.7999999999994,19,0.6,0.200000000000216,1.7999999999995566,1.0683468499462112,True,False,1.1169080703983116,0.1084206977294815,23.0,2.0152166118770123,0.2999999999978513,,,,,0.5505208437621683,23.0,11.010416875243365,1.9130434782608696,1,False,1,0.0,True,False,1.0534086834811656,False,True,False,15.7,3.0070592983996027,0.25
baseline,12.0,3,89.09999999999921,12,1.5,3.6999999999997897,3.0999999999995964,1.2313744049132183,False,True,1.28734596877291,0.1008654359076858,23.0,1.9614063237377053,0.2999999999978513,1.9614063237377053,22.0,0.5601763361235399,1.9090909090909092,0.5601763361235399,22.0,11.203526722470798,1.9090909090909092,0,False,2,-1.0,False,True,1.027403312434036,False,True,False,15.7,3.0070592983996027,0.25
baseline,12.0,3,92.799999999999,10,1.000000000000398,1.000000000000398,3.6999999999997897,1.1889314576786316,False,False,1.245547241377614,0.0967880534041905,22.0,2.11068004968362,0.2999999999978371,2.11068004968362,21.0,0.6315139941109145,1.9047619047619047,0.6315139941109145,21.0,12.63027988221829,1.9047619047619047,0,False,2,-1.0,False,True,1.1081070260839008,False,True,False,15.7,3.0070592983996027,0.25
baseline,12.0,3,96.0999999999988,18,1.000000000000398,1.000000000000398,2.2999999999994003,1.363699191736169,False,False,1.4286372484855103,0.173851084141754,22.0,1.5450923539138108,0.49999999999783995,1.5362904923705023,21.0,0.4596570404391444,1.9047619047619047,0.4622905512546085,21.0,9.24581102509217,1.9047619047619047,0,False,2,-1.0,False,True,0.8111734858047507,False,False,True,15.7,3.0070592983996027,0.25
baseline,12.0,3,99.59999999999896,15,1.2000000000000455,1.2000000000000455,2.4999999999997584,1.1660984147333104,False,False,1.221626910672992,0.1000971488806746,22.0,2.145722285725004,0.2499999999975273,2.145722285725004,21.0,0.6419986066169114,1.9047619047619047,0.6419986066169114,21.0,12.839972132338229,1.9047619047619047,0,False,2,-1.0,False,True,1.1265042000056271,False,True,False,15.7,3.0070592983996027,0.25
baseline,12.0,3,107.39999999999864,12,0.6,0.20000000000031548,3.299999999999841,1.1127707004729295,True,False,1.1633511868580626,0.0643545125079972,23.0,2.1366557696467687,0.29999999999738236,2.0437576927056047,22.0,0.5836958321019594,1.9090909090909092,0.5836958321019594,23.0,11.673916642039188,1.9130434782608696,2,False,2,0.0,True,False,1.1168882432244474,False,True,False,15.7,3.0070592983996027,0.25
baseline,12.0,3,107.99999999999814,5,1.100000000000378,1.100000000000378,0.39999999999918145,2.014972829386645,False,False,2.106562503449674,0.2715772270559024,23.0,2.100269709946221,0.04999999999786553,1.9451711319329177,22.0,0.5555395761868542,1.9090909090909092,0.5737558166368881,23.0,11.475116332737763,1.9130434782608696,2,False,2,0.0,True,False,1.097868257471888,False,True,False,15.7,3.0070592983996027,0.25
baseline,12.0,3,109.09999999999852,18,1.5,2.3999999999993236,1.100000000000378,1.662998043534668,False,True,1.7421884265601284,0.241020150139792,22.0,1.8232499864276943,0.29999999999739657,1.8232499864276943,21.0,0.5455151202875177,1.9047619047619047,0.5455151202875177,21.0,10.910302405750354,1.9047619047619047,0,False,2,-1.0,False,True,0.9572062428745396,False,False,True,15.7,3.0070592983996027,0.25
baseline,12.0,3,111.49999999999784,6,1.5,2.0999999999998806,2.3999999999993236,1.1015026152583913,False,True,1.156577746021311,0.0919033642549898,21.0,2.0410871474049848,0.299999999997965,2.0410871474049848,20.0,0.6412264387624047,1.9,0.6412264387624047,20.0,12.824528775248094,1.9,0,False,2,-1.0,False,True,1.0742563933710447,False,True,False,15.7,3.0070592983996027,0.25
baseline,12.0,3,113.59999999999772,9,1.5,1.8000000000009209,2.0999999999998806,1.440717802296474,False,True,1.51654505504892,0.1500361773377413,20.0,1.940307618271644,0.44999999999794227,1.9346641680221373,19.0,0.639781761833869,1.894736842105263,0.6416480167648952,19.0,12.832960335297905,1.894736842105263,0,False,2,-1.0,False,True,1.024051242976701,False,True,False,15.7,3.0070592983996027,0.25
baseline,12.0,3,119.39999999999829,15,0.6,0.09999999999955378,2.29999999999977,1.207863182881651,True,False,1.2653804773045867,0.1278264840749024,22.0,1.8398922049499928,0.24999999999705835,,,,,0.5254719849516385,22.0,10.50943969903277,1.9090909090909092,1,False,2,0.0,True,False,0.9637530597357105,False,False,True,15.7,3.0070592983996027,0.25
baseline,12.0,3,129.89999999999725,23,1.5,2.299999999999528,2.4999999999989626,1.0287936310620132,False,True,1.0735237889342746,0.0728098644354534,24.0,2.019798015513055,0.24999999999809575,2.019798015513055,23.0,0.5517724006322657,1.9130434782608696,0.5517724006322657,23.0,11.035448012645315,1.9130434782608696,0,False,2,-1.0,False,True,1.0558035081090968,False,True,False,15.7,3.0070592983996027,0.25
baseline,12.0,3,132.19999999999678,20,0.6,0.4000000000003183,2.299999999999528,1.33886767204684,True,False,1.3997252935035145,0.1331004662831695,23.0,2.00105692581658,0.3999999999991246,1.995604841833987,22.0,0.5699434100521703,1.9090909090909092,0.5715005215963949,22.0,11.430010431927897,1.9090909090909092,1,False,2,-1.0,False,False,1.0481726754277323,False,True,False,15.7,3.0070592983996027,0.25
baseline,12.0,3,132.5999999999971,22,0.6,0.3999999999996646,0.4000000000003183,1.9100997928249173,True,False,2.00105692581658,0.2501223418032193,22.0,2.3533984874385334,0.24999999999886313,2.3533984874385334,21.0,0.7041351808672598,1.9047619047619047,0.7041351808672598,21.0,14.082703617345196,1.9047619047619047,2,False,2,-1.0,False,False,1.23553420590523,False,True,False,15.7,3.0070592983996027,0.25
baseline,12.0,3,132.99999999999676,16,1.5,4.900000000000489,0.3999999999996646,2.226391825154417,False,True,2.3377114164121378,0.3746849198745978,21.0,2.337770940396984,0.04999999999924398,2.198249282858304,20.0,0.690600379778668,1.9,0.6994594297263683,21.0,13.989188594527366,1.9047619047619047,2,False,2,0.0,True,False,1.2273297437084167,False,True,False,15.7,3.0070592983996027,0.25
baseline,12.0,3,140.99999999999673,21,0.6,0.0999999999994543,0.3999999999996362,1.2893309617442708,True,False,1.3479369145508284,0.2282573091912307,23.0,1.963798522401231,0.45000000000118234,1.957262463739246,22.0,0.5589928524754795,1.9090909090909092,0.5608595464641999,22.0,11.217190929283998,1.9090909090909092,4,False,3,-1.0,True,False,1.0286563688768353,False,True,False,15.7,3.0070592983996027,0.25
baseline,12.0,3,141.0999999999962,25,1.5,7.900000000000546,0.09999999999942588,1.3466460604956827,False,True,1.4051958892128862,0.2479903979186666,24.0,1.963798522401231,0.35000000000172804,1.919859061884771,23.0,0.5244708804126077,1.9130434782608696,0.5608595464641999,22.0,11.217190929283998,1.9090909090909092,4,False,3,-2.0,True,False,1.0286563688768353,False,True,False,15.7,3.0070592983996027,0.25
baseline,12.0,3,150.39999999999574,11,1.5,inf,1.2999999999995566,1.1192512797223575,False,True,1.167914378840721,0.1196880347459449,24.0,1.940346379548005,0.25000000000426326,1.9400425360943685,23.0,0.5299846416561547,1.9130434782608696,0.5300676462093534,23.0,10.601352924187069,1.9130434782608696,0,False,2,-1.0,False,True,1.0142719711273662,True,False,False,15.7,3.0070592983996027,0.25
B2,12.0,3,25.60000000000012,25,1.5,2.300000000000008,3.500000000000149,1.0322288867850353,False,True,1.077108403601776,0.0464620875649344,24.0,2.0252959910157364,0.20000000000011298,2.0252959910157364,23.0,0.5532743484104259,1.9130434782608696,0.5532743484104259,23.0,11.065486968208518,1.9130434782608696,0,False,2,-1.0,False,True,1.058677449849135,False,True,False,15.7,3.0070592983996027,0.25
B2,12.0,3,27.900000000000126,14,1.5,1.8000000000000256,2.300000000000008,1.2483070470699835,False,True,1.3050482764822555,0.0961327893944144,23.0,1.7928294682855292,0.25000000000013856,1.79126780130166,22.0,0.5115848877437488,1.9090909090909092,0.512030898791374,22.0,10.24061797582748,1.9090909090909092,0,False,2,-1.0,False,True,0.9391011500543248,False,False,True,15.7,3.0070592983996027,0.25
B2,12.0,3,29.700000000000152,15,1.5,3.89999999999997,1.8000000000000256,1.2983304439825378,False,True,1.3601557032198015,0.094797598679065,22.0,2.23325353095569,0.20000000000013785,2.23325353095569,21.0,0.6681878939479868,1.9047619047619047,0.6681878939479868,21.0,13.363757878959737,1.9047619047619047,0,False,2,-1.0,False,True,1.1724581037517374,False,True,False,15.7,3.0070592983996027,0.25
B2,12.0,3,36.80000000000025,7,0.8999999999998991,0.8999999999998991,0.9000000000001265,1.0468450541921652,False,False,1.0944289202918092,0.1454265105610163,23.0,2.0575215429276064,0.34999999999977405,2.0565074269897776,22.0,0.5873371476985394,1.9090909090909092,0.5876267785331004,22.0,11.752535570662008,1.9090909090909092,1,False,2,-1.0,False,False,1.077749379628746,False,True,False,15.7,3.0070592983996027,0.25
B2,12.0,3,41.60000000000035,17,1.5,3.1999999999999034,3.9000000000001975,1.0603937314371716,False,True,1.1085934465024976,0.0679499835623669,23.0,1.6354906666554112,0.49999999999940314,1.613339181281424,22.0,0.4607685926965721,1.9090909090909092,0.4670950421253921,22.0,9.341900842507842,1.9090909090909092,0,False,2,-1.0,False,True,0.8566855872956916,False,False,True,15.7,3.0070592983996027,0.25
B2,12.0,3,45.50000000000038,22,1.0000000000000142,1.0000000000000142,0.7000000000001236,1.0343874786421363,False,False,1.081405091307688,0.1407165481051094,23.0,1.973270179389728,0.3499999999991559,1.9723762525889168,22.0,0.5633093404771188,1.9090909090909092,0.5635646453744165,22.0,11.27129290748833,1.9090909090909092,1,False,2,-1.0,False,False,1.033617713013667,False,True,False,15.7,3.0070592983996027,0.25
B2,12.0,3,46.50000000000039,6,1.5,1.6999999999999105,1.0000000000000142,1.77619778131342,False,True,1.8607786280426304,0.2080944488916943,22.0,1.847431492807497,0.049999999999101874,1.6789702969390463,21.0,0.5023467381389697,1.9047619047619047,0.5276252005285871,22.0,10.552504010571742,1.9090909090909092,0,False,2,0.0,True,True,0.9677022105182127,False,False,True,15.7,3.0070592983996027,0.25
B2,12.0,3,48.2000000000003,7,1.4000000000000483,1.4000000000000483,1.6999999999999105,1.3179040889362885,False,False,1.383799293383103,0.1129926275648206,21.0,2.271611468813961,0.29999999999908056,2.271611468813961,20.0,0.713647790223626,1.9,0.713647790223626,20.0,14.27295580447252,1.9,0,False,2,-1.0,False,True,1.1955849835862953,False,True,False,15.7,3.0070592983996027,0.25
B2,12.0,3,51.40000000000046,23,1.5,2.099999999999916,1.8000000000001108,1.1461909261062198,False,True,1.2035004724115308,0.1150185984205771,21.0,1.9378694723260224,0.34999999999873666,1.932212873200848,20.0,0.607022576761941,1.9,0.6087996497875361,20.0,12.175992995750722,1.9,0,False,2,-1.0,False,True,1.0199313012242224,True,False,False,15.7,3.0070592983996027,0.25
B2,12.0,3,64.20000000000051,22,1.0000000000000568,1.0000000000000568,4.800000000000054,1.029762609191574,False,False,1.0745348965477293,0.0286351461543669,24.0,1.9011360956566503,0.3999999999979593,1.898673409601688,23.0,0.518683342188778,1.9130434782608696,0.5193561036164622,23.0,10.387122072329245,1.9130434782608696,0,False,2,-1.0,False,True,0.9937756863659762,True,False,False,15.7,3.0070592983996027,0.25
B2,12.0,3,65.20000000000057,2,1.5,3.399999999999693,1.0000000000000568,1.720427562101067,False,True,1.798628814923843,0.1715119762268057,23.0,1.8041985379466563,0.39999999999784563,1.8021913690280231,22.0,0.5147046513910336,1.9090909090909092,0.5152778974936965,22.0,10.30555794987393,1.9090909090909092,0,False,2,-1.0,False,True,0.945056377019677,False,False,True,15.7,3.0070592983996027,0.25
B2,12.0,3,68.60000000000026,15,0.6,0.100000000000108,3.399999999999693,1.0674887018172645,True,False,1.1183214971418962,0.0465202287308934,22.0,1.8550192008918005,0.299999999997965,1.8550192008918005,21.0,0.5550204470275895,1.9047619047619047,0.5550204470275895,21.0,11.10040894055179,1.9047619047619047,2,False,3,-1.0,True,False,0.9738850804681953,False,False,True,15.7,3.0070592983996027,0.25
B2,12.0,3,68.70000000000037,8,1.5,3.500000000000142,0.100000000000108,1.0700965141722378,False,True,1.1210534910375825,0.044903135104165,22.0,1.8550192008918005,0.199999999997857,1.8550192008918005,21.0,0.5550204470275895,1.9047619047619047,0.5550204470275895,21.0,11.10040894055179,1.9047619047619047,1,False,3,-1.0,True,False,0.9738850804681953,False,False,True,15.7,3.0070592983996027,0.25
B2,12.0,3,68.70000000000037,21,1.5,3.500000000000142,0.100000000000108,1.0700965141722378,False,True,1.1210534910375825,0.044903135104165,22.0,1.8550192008918005,0.199999999997857,1.8550192008918005,21.0,0.5550204470275895,1.9047619047619047,0.5550204470275895,21.0,11.10040894055179,1.9047619047619047,1,False,3,-1.0,True,False,0.9738850804681953,False,False,True,15.7,3.0070592983996027,0.25
B2,12.0,3,75.99999999999984,23,0.6000000000004206,0.6000000000004206,2.7999999999992724,0.9978343244899215,False,False,1.0477260407144176,0.0549342018269315,21.0,1.795671126771255,0.49999999999795364,1.7874609642173875,20.0,0.5615474233763873,1.9,0.5641267220127881,20.0,11.282534440255763,1.9,0,False,2,-1.0,False,True,0.9450900667217133,False,False,True,15.7,3.0070592983996027,0.25
B2,12.0,3,77.99999999999962,7,1.5,6.000000000000227,1.299999999999244,1.1104089183798298,False,True,1.1608820510334583,0.1540460565718657,23.0,1.6716416105677971,0.7999999999980503,1.5966414784966725,22.0,0.4559997399328992,1.9090909090909092,0.4774197275631637,22.0,9.548394551263273,1.9090909090909092,0,False,2,-1.0,False,True,0.8756217960117032,False,False,True,15.7,3.0070592983996027,0.25
B2,12.0,3,85.7999999999994,19,0.6,0.200000000000216,1.7999999999995566,1.040618517194748,True,False,1.0879193588854184,0.0988877292297387,23.0,1.983690202370186,0.2999999999978513,,,,,0.5419083971099328,23.0,10.838167942198655,1.9130434782608696,1,False,1,0.0,True,False,1.036928969420779,False,True,False,15.7,3.0070592983996027,0.25
B2,12.0,3,89.09999999999921,12,1.5,3.6999999999997897,3.0999999999995964,1.0343839677172926,False,True,1.0814014207953513,0.0423249219856166,23.0,1.9256726839667624,0.3499999999978485,1.9226087978178332,22.0,0.5490957886319645,1.9090909090909092,0.5499708324698656,22.0,10.999416649397311,1.9090909090909092,0,False,2,-1.0,False,True,1.0086856916016373,True,False,False,15.7,3.0070592983996027,0.25
B2,12.0,3,92.799999999999,10,1.000000000000398,1.000000000000398,3.6999999999997897,1.0282856499643585,False,False,1.0772516332959945,0.036732853680817,22.0,2.0018696542939853,0.2999999999978371,2.0018696542939853,21.0,0.5989579999404118,1.9047619047619047,0.5989579999404118,21.0,11.979159998808235,1.9047619047619047,0,False,2,-1.0,False,True,1.0509815685043424,False,True,False,15.7,3.0070592983996027,0.25
B2,12.0,3,96.0999999999988,18,1.000000000000398,1.000000000000398,2.2999999999994003,1.1170358069425037,False,False,1.17022798822548,0.116626123782102,22.0,1.617624815564661,0.74999999999784,1.5722893769651596,21.0,0.4704278815229541,1.9047619047619047,0.4839922130326175,21.0,9.67984426065235,1.9047619047619047,0,False,2,-1.0,False,True,0.8492530281714471,False,False,True,15.7,3.0070592983996027,0.25
B2,12.0,3,99.59999999999896,15,1.2000000000000455,1.2000000000000455,2.4999999999997584,1.0556658879231877,False,False,1.105935692110006,0.0953791421269859,22.0,1.6863192088551124,0.599999999997479,1.6602586174733798,21.0,0.4967482167346206,1.9047619047619047,0.5045455274425308,21.0,10.090910548850616,1.9047619047619047,0,False,2,-1.0,False,True,0.8853175846489341,False,False,True,15.7,3.0070592983996027,0.25
B2,12.0,3,107.39999999999864,12,0.6,0.20000000000031548,3.299999999999841,1.0042454877577538,True,False,1.0498930099285608,0.0377481974564253,23.0,2.0415661422885063,0.29999999999738236,,,,,0.5577190603853239,23.0,11.154381207706479,1.9130434782608696,2,False,1,0.0,True,False,1.0671823016508102,False,True,False,15.7,3.0070592983996027,0.25
B2,12.0,3,107.99999999999814,5,1.100000000000378,1.100000000000378,0.39999999999918145,1.9225033969099723,False,False,2.0098899149513345,0.2631527652249565,23.0,1.9945679988601248,0.04999999999786553,1.9345228669525785,22.0,0.5524984388199714,1.9090909090909092,0.5448800149829793,23.0,10.897600299659587,1.9130434782608696,2,False,2,0.0,True,False,1.042615090313247,False,True,False,15.7,3.0070592983996027,0.25
B2,12.0,3,109.09999999999852,18,1.5,2.3999999999993236,1.100000000000378,1.6876386469223355,False,True,1.7680023920138752,0.2156810293768927,22.0,1.8416082813505223,0.3999999999974051,1.8400944912143973,21.0,0.5505549843343047,1.9047619047619047,0.5510079092838978,21.0,11.020158185677955,1.9047619047619047,0,False,2,-1.0,False,True,0.9668443477090243,False,False,True,15.7,3.0070592983996027,0.25
B2,12.0,3,111.49999999999784,6,1.5,2.0999999999998806,2.3999999999993236,1.1424679192303724,False,True,1.199591315191891,0.0690061404150771,21.0,1.904212044336299,0.299999999997965,1.904212044336299,20.0,0.5982258569364118,1.9,0.5982258569364118,20.0,11.964517138728237,1.9,0,False,2,-1.0,False,True,1.0022168654401575,True,False,False,15.7,3.0070592983996027,0.25
B2,12.0,3,113.59999999999772,9,1.5,1.8000000000009209,2.0999999999998806,1.2564898395611397,False,True,1.3226208837485682,0.0945052974716376,20.0,1.9302679101022224,0.3999999999979593,1.927090754624879,19.0,0.6372772797400348,1.894736842105263,0.6383279458776068,19.0,12.766558917552135,1.894736842105263,0,False,2,-1.0,False,True,1.0187525081095063,True,False,False,15.7,3.0070592983996027,0.25
B2,12.0,3,119.39999999999829,15,0.6,0.09999999999955378,2.29999999999977,1.047086366851282,True,False,1.0969476224156287,0.0754187172302598,22.0,2.029639883178571,0.4499999999970328,,,,,0.579663795129695,22.0,11.5932759025939,1.9090909090909092,1,False,2,0.0,True,False,1.063144700712585,False,True,False,15.7,3.0070592983996027,0.25
B2,12.0,3,129.89999999999725,23,1.5,2.299999999999528,2.4999999999989626,1.0033538504435224,False,True,1.0469779308975886,0.0552572375716481,24.0,1.9714830674544328,0.24999999999809575,1.9714830674544328,23.0,0.5385736279470885,1.9130434782608696,0.5385736279470885,23.0,10.77147255894177,1.9130434782608696,0,False,2,-1.0,False,True,1.0305479670784534,False,True,False,15.7,3.0070592983996027,0.25
B2,12.0,3,132.19999999999678,20,0.6,0.4000000000003183,2.299999999999528,1.2016859268580085,True,False,1.2563080144424634,0.0807042223447006,23.0,2.123954010320616,0.5999999999991701,2.1088143539405344,22.0,0.6022759711022081,1.9090909090909092,0.606599846853257,22.0,12.13199693706514,1.9090909090909092,1,True,2,-1.0,False,False,1.11254733873937,False,True,False,15.7,3.0070592983996027,0.25
B2,12.0,3,132.5999999999971,22,0.6,0.3999999999996646,0.4000000000003183,2.014450132480413,True,False,2.1103763292651947,0.247642329270018,22.0,2.922884706128718,0.24999999999886313,2.922884706128718,21.0,0.8745250590537088,1.9047619047619047,0.8745250590537088,21.0,17.490501181074176,1.9047619047619047,2,False,2,-1.0,False,False,1.534514470717577,False,True,False,15.7,3.0070592983996027,0.25
B2,12.0,3,132.99999999999676,16,1.5,4.900000000000489,0.3999999999996646,2.762046129073368,False,True,2.900148435527037,0.4269198745595462,21.0,2.886676132810854,0.04999999999924398,2.669063913522848,20.0,0.8385111582685001,1.9,0.8636914792506261,21.0,17.27382958501252,1.9047619047619047,2,False,2,0.0,True,False,1.5155049697256984,False,True,False,15.7,3.0070592983996027,0.25
B2,12.0,3,140.99999999999673,21,0.6,0.0999999999994543,0.3999999999996362,1.349850707219414,True,False,1.411207557547569,0.22314257282637,23.0,2.1907935408782158,0.5500000000012051,2.1666447636238706,22.0,0.6187922974854132,1.9090909090909092,0.6256891721413611,22.0,12.513783442827222,1.9090909090909092,4,True,3,-1.0,True,False,1.1475585214123987,False,True,False,15.7,3.0070592983996027,0.25
B2,12.0,3,141.0999999999962,25,1.5,7.900000000000546,0.09999999999942588,1.399290149435003,False,True,1.460128851584351,0.2658487498232946,24.0,2.1922008217884588,0.5500000000017735,1.367487378922378,23.0,0.3735728959564612,1.9130434782608696,0.6260910906294663,22.0,12.521821812589327,1.9090909090909092,4,False,3,-2.0,True,False,1.1482956685558594,False,True,False,15.7,3.0070592983996027,0.25
B2,12.0,3,150.39999999999574,11,1.5,inf,1.2999999999995566,1.1151855317392123,False,True,1.1636718592061346,0.1227251563110227,24.0,1.8717813381945936,0.2000000000042519,1.8717813381945936,23.0,0.511336913147705,1.9130434782608696,0.511336913147705,23.0,10.2267382629541,1.9130434782608696,0,False,2,-1.0,False,True,0.9784311540562648,False,False,True,15.7,3.0070592983996027,0.25
baseline,12.0,4,21.400000000000038,19,1.5,8.0,4.300000000000054,1.0140897821987258,False,True,1.0581806422943227,0.0379581188471335,24.0,1.991432614692604,0.20000000000013074,1.991432614692604,23.0,0.5440234845597738,1.9130434782608696,0.5440234845597738,23.0,10.880469691195476,1.9130434782608696,0,False,2,-1.0,False,True,1.0409761394984065,False,True,False,15.7,3.0070592983996027,0.25
baseline,12.0,4,45.10000000000037,6,1.5,8.0,15.700000000000333,0.966199800961514,False,True,1.0082084879598407,0.0064482044349598,24.0,1.9249079540081533,0.29999999999918714,1.9249079540081533,23.0,0.5258501467085717,1.9130434782608696,0.5258501467085717,23.0,10.517002934171433,1.9130434782608696,0,False,2,-1.0,False,True,1.0062018850497165,True,False,False,15.7,3.0070592983996027,0.25
baseline,12.0,4,54.4000000000005,11,1.5,7.0000000000000995,1.3000000000001322,1.0618834808757218,False,True,1.1080523278703185,0.0952715093477283,24.0,2.0144912645438176,0.29999999999852633,2.0144912645438176,23.0,0.5503226919488409,1.9130434782608696,0.5503226919488409,23.0,11.006453838976817,1.9130434782608696,0,False,2,-1.0,False,True,1.0530295246479047,False,True,False,15.7,3.0070592983996027,0.25
baseline,12.0,4,61.4000000000006,14,0.9999999999999005,0.9999999999999005,7.0000000000000995,1.0768929945978227,False,False,1.125842676170451,0.0588275238813679,23.0,2.062931790473142,0.29999999999802895,2.062931790473142,22.0,0.5891719416188419,1.9090909090909092,0.5891719416188419,22.0,11.783438832376838,1.9090909090909092,0,False,2,-1.0,False,True,1.0805833188192648,False,True,False,15.7,3.0070592983996027,0.25
baseline,12.0,4,63.20000000000063,17,1.5,3.3999999999998636,0.8000000000001251,1.6524712421818637,False,True,1.7275835713719483,0.2047333219916747,23.0,1.9112390011502929,0.549999999997894,1.902692676501889,22.0,0.5434077576852214,1.9090909090909092,0.5458485822970958,22.0,10.916971645941915,1.9090909090909092,1,False,2,-1.0,False,False,1.0011251910787249,True,False,False,15.7,3.0070592983996027,0.25
baseline,12.0,4,66.60000000000049,5,1.5,2.800000000000111,3.3999999999998636,1.3613294912022684,False,True,1.426154705069043,0.145008539758612,22.0,1.7822286753935717,0.3499999999978485,1.782151929612795,21.0,0.5332186104430887,1.9047619047619047,0.5332415727270012,21.0,10.664831454540025,1.9047619047619047,0,False,2,-1.0,False,True,0.9356700545816252,False,False,True,15.7,3.0070592983996027,0.25
baseline,12.0,4,71.00000000000024,13,0.6,0.20000000000038654,1.599999999999639,1.1189218077043117,True,False,1.172203798547374,0.1112777404495832,22.0,1.680316951664993,0.5499999999978371,,,,,0.4798973991866488,22.0,9.597947983732976,1.9090909090909092,1,True,1,0.0,True,False,0.8801660223007105,False,False,True,15.7,3.0070592983996027,0.25
baseline,12.0,4,74.70000000000003,21,1.5,1.9999999999998863,0.09999999999953957,1.161967190477784,False,True,1.2147838809540468,0.1603545818631288,23.0,2.011077145670963,0.2999999999978513,2.011077145670963,22.0,0.574362289694748,1.9090909090909092,0.574362289694748,22.0,11.48724579389496,1.9090909090909092,1,False,2,-1.0,False,False,1.0534213620181234,False,True,False,15.7,3.0070592983996027,0.25
baseline,12.0,4,76.69999999999992,12,1.5,2.300000000000324,1.9999999999998863,1.3998535037586857,False,True,1.4665131944138612,0.1502687661978686,22.0,2.0043166915274218,0.24999999999785416,2.0043166915274218,21.0,0.5996901517685664,1.9047619047619047,0.5996901517685664,21.0,11.993803035371329,1.9047619047619047,0,False,2,-1.0,False,True,1.0522662630518964,False,True,False,15.7,3.0070592983996027,0.25
baseline,12.0,4,79.9,14,1.5,2.8000000000000256,0.8999999999997641,1.26652738076938,False,True,1.3268382084250647,0.1670183720328644,22.0,1.6568461458699877,0.6999999999975586,1.6097167756324915,21.0,0.4816261330178366,1.9047619047619047,0.4957272076184491,21.0,9.91454415236898,1.9047619047619047,1,False,2,-1.0,False,False,0.8698442265817435,False,False,True,15.7,3.0070592983996027,0.25
baseline,12.0,4,91.89999999999894,11,1.5,8.0,3.999999999998934,1.0270332185163025,False,True,1.0716868367126635,0.068155835614398,24.0,1.722974100309306,0.34999999999796216,1.721733201932015,23.0,0.4703464677070652,1.9130434782608696,0.4706854587701912,23.0,9.413709175403824,1.9130434782608696,0,False,2,-1.0,False,True,0.9006455524344099,False,False,True,15.7,3.0070592983996027,0.25
baseline,12.0,4,106.29999999999824,24,0.6,0.29999999999998295,6.399999999999295,1.0113506744282863,True,False,1.05532244288169,0.0428440451467588,24.0,1.9757964559199817,0.2999999999978513,1.9757964559199817,23.0,0.5397519679049534,1.9130434782608696,0.5397519679049534,23.0,10.795039358099068,1.9130434782608696,1,False,3,-1.0,True,False,1.0328026928672631,False,True,False,15.7,3.0070592983996027,0.25
baseline,12.0,4,106.59999999999822,18,1.5,7.700000000000017,0.29999999999998295,1.8898922621843302,False,True,1.9757964559199817,0.2118263861213804,23.0,1.9757917469247377,0.04999999999786553,1.879572299729344,22.0,0.5368045935200527,1.9090909090909092,0.5397506814923565,23.0,10.79501362984713,1.9130434782608696,1,False,2,0.0,True,False,1.032800231347022,False,True,False,15.7,3.0070592983996027,0.25
baseline,12.0,4,116.59999999999764,16,1.199999999999946,1.199999999999946,1.9999999999994174,1.1306823700222868,False,False,1.179842473066734,0.0883043334496915,24.0,1.7935580344016364,0.29999999999786553,1.7935580344016364,23.0,0.4899677169272287,1.9130434782608696,0.4899677169272287,23.0,9.799354338544573,1.9130434782608696,0,False,2,-1.0,False,True,0.9375416998008553,False,False,True,15.7,3.0070592983996027,0.25
baseline,12.0,4,117.79999999999758,4,1.5,6.599999999999625,1.199999999999946,1.5018419598969515,False,True,1.570107503528631,0.1301125252213888,23.0,1.9802715781676028,0.29999999999786553,1.9802715781676028,22.0,0.5655642401894552,1.9090909090909092,0.5655642401894552,22.0,11.311284803789103,1.9090909090909092,0,False,2,-1.0,False,True,1.0372851123735063,False,True,False,15.7,3.0070592983996027,0.25
baseline,12.0,4,124.3999999999972,8,0.6,0.20000000000042917,6.599999999999625,1.0551053217467017,True,False,1.1053484323060685,0.0483314352438823,22.0,1.990696352817996,0.34999999999783427,,,,,0.5685415488673646,22.0,11.370830977347293,1.9090909090909092,1,False,1,0.0,True,False,1.0427457086189502,False,True,False,15.7,3.0070592983996027,0.25
baseline,12.0,4,130.69999999999726,17,0.6999999999995623,0.6999999999995623,4.899999999999679,1.142470384793159,False,False,1.1944008568292117,0.0887968185353393,23.0,1.7269631876332514,0.24999999999826628,1.7269631876332514,22.0,0.4932195330262394,1.9090909090909092,0.4932195330262394,22.0,9.864390660524787,1.9090909090909092,0,False,2,-1.0,False,True,0.9045997649507507,False,False,True,15.7,3.0070592983996027,0.25
baseline,12.0,4,131.39999999999682,7,1.0000000000003695,1.0000000000003695,0.6999999999995623,1.6063675559242818,False,False,1.6828612490635335,0.1649303006715823,22.0,2.033606758523121,0.24999999999886313,2.033606758523121,21.0,0.6084537193206465,1.9047619047619047,0.6084537193206465,21.0,12.16907438641293,1.9047619047619047,1,False,2,-1.0,False,False,1.0676435482246387,False,True,False,15.7,3.0070592983996027,0.25
baseline,12.0,4,137.59999999999692,4,1.1000000000003354,1.1000000000003354,5.199999999999733,1.0201458978352465,False,False,1.0687242739226392,0.0358808478834778,22.0,1.923185034591423,0.25000000000017053,1.923185034591423,21.0,0.5754156167777378,1.9047619047619047,0.5754156167777378,21.0,11.508312335554756,1.9047619047619047,0,False,2,-1.0,False,True,1.0096721431604971,True,False,False,15.7,3.0070592983996027,0.25
baseline,12.0,4,139.09999999999724,17,0.6,0.29999999999958504,0.39999999999997726,1.612376221081623,True,False,1.689156041133129,0.2126466249937333,22.0,1.6692610919969275,1.4210854715202004e-13,1.5178840181863202,21.0,0.4541498362414762,1.9047619047619047,0.4767398530491658,22.0,9.534797060983315,1.9090909090909092,2,False,2,0.0,True,False,0.8743748577126763,False,False,True,15.7,3.0070592983996027,0.25
baseline,12.0,4,140.69999999999675,24,0.6,0.49999999999954525,1.299999999999926,1.2350115882060062,True,False,1.2938216638348636,0.1510372863407672,22.0,1.848771174662403,0.4000000000010857,1.8463890215502692,21.0,0.5524383034067784,1.9047619047619047,0.553151041951236,21.0,11.06302083902472,1.9047619047619047,2,False,2,-1.0,False,False,0.9706048666977616,False,False,True,15.7,3.0070592983996027,0.25
baseline,12.0,4,141.1999999999963,3,0.6,0.0999999999999659,0.49999999999954525,1.7584355785634798,True,False,1.8463573574916536,0.2287312270872467,21.0,3.0342635178959805,0.3500000000016428,2.1827477083607048,20.0,0.6857304165225946,1.9,1.0034126291450036,19.0,20.068252582900072,1.894736842105263,2,False,3,-2.0,True,False,1.601416856667323,False,True,False,15.7,3.0070592983996027,0.25
baseline,12.0,4,141.29999999999626,2,1.5,4.300000000000665,0.0999999999999659,1.752066520627642,False,True,1.839669846659024,0.22589036583018,21.0,3.0342635178959805,0.2500000000016769,2.1827477083607048,20.0,0.6857304165225946,1.9,1.0034126291450036,19.0,20.068252582900072,1.894736842105263,2,False,3,-2.0,True,False,1.601416856667323,False,True,False,15.7,3.0070592983996027,0.25
baseline,12.0,4,146.7999999999963,11,0.6,0.3000000000009493,1.1999999999993634,1.3873692075043338,True,False,1.4603886394782462,0.1909418526530988,20.0,1.726423574803543,0.35000000000292175,1.639528985250882,19.0,0.5421823384643893,1.894736842105263,0.542371961958704,20.0,10.84743923917408,1.9,2,False,2,0.0,True,False,0.9086439867387069,False,False,True,15.7,3.0070592983996027,0.25
baseline,12.0,4,147.3999999999959,23,1.3000000000008356,1.3000000000008356,0.29999999999867555,1.6276726381875473,False,False,1.7133396191447867,0.2806387862608203,20.0,2.6030900992129635,0.20000000000339924,2.6030900992129635,19.0,0.8608261823494496,1.894736842105263,0.8608261823494496,19.0,17.216523646988993,1.894736842105263,2,False,2,-1.0,False,False,1.373853107917953,False,True,False,15.7,3.0070592983996027,0.25
baseline,12.0,4,150.89999999999662,4,1.5,1.8999999999988688,1.6000000000003638,1.3036622139287197,False,True,1.3657413669729446,0.18504335895383,22.0,1.6279167976877955,0.25000000000349587,1.6277725142207455,21.0,0.4870283973705982,1.9047619047619047,0.4870715668829906,21.0,9.741431337659812,1.9047619047619047,0,False,2,-1.0,False,True,0.8546563187860927,False,False,True,15.7,3.0070592983996027,0.25
baseline,12.0,4,152.7999999999955,6,0.6,0.100000000000108,1.8999999999988688,1.1456207051283422,True,False,1.2029017403847593,0.1188516361568634,21.0,2.1576938338776257,0.25000000000505906,2.1576938338776257,20.0,0.6778595097205944,1.9,0.6778595097205944,20.0,13.557190194411888,1.9,2,False,3,-1.0,True,False,1.135628333619803,False,True,False,15.7,3.0070592983996027,0.25
baseline,12.0,4,152.8999999999956,9,0.6,0.3000000000004377,0.100000000000108,1.1199504612962219,True,False,1.175947984361033,0.1148316550178148,21.0,2.1576938338776257,0.15000000000495106,2.1576938338776257,20.0,0.6778595097205944,1.9,0.6778595097205944,20.0,13.557190194411888,1.9,2,False,4,-1.0,True,False,1.135628333619803,False,True,False,15.7,3.0070592983996027,0.25
baseline,12.0,4,153.19999999999604,16,1.5,1.6000000000002501,0.3000000000004377,1.9233516992423323,False,True,2.0302045714224617,0.3550855875614623,19.0,2.019406557423299,4.575895218295045e-12,1.8513637425838327,18.0,0.6462478592026528,1.8888888888888888,0.6678055584644307,19.0,13.356111169288614,1.894736842105263,2,False,2,0.0,True,False,1.0657979053067412,False,True,False,15.7,3.0070592983996027,0.25
B2,12.0,4,21.400000000000038,19,1.5,8.0,4.300000000000054,0.9838382786464711,False,True,1.0266138559789264,0.0209925433862234,24.0,1.961362003684056,0.20000000000013074,1.961362003684056,23.0,0.5358087358090424,1.9130434782608696,0.5358087358090424,23.0,10.716174716180848,1.9130434782608696,0,False,2,-1.0,False,True,1.0252574110166657,False,True,False,15.7,3.0070592983996027,0.25
B2,12.0,4,45.10000000000037,6,1.5,8.0,15.700000000000333,0.9599966368718794,False,True,1.0017356210837003,0.0010254648499107,24.0,1.919758038899235,0.29999999999918714,1.919758038899235,23.0,0.5244432827544161,1.9130434782608696,0.5244432827544161,23.0,10.488865655088322,1.9130434782608696,0,False,2,-1.0,False,True,1.0035098839700547,True,False,False,15.7,3.0070592983996027,0.25
B2,12.0,4,54.4000000000005,11,1.5,7.0000000000000995,1.3000000000001322,1.0102361147258465,False,True,1.054159424061753,0.1017551087696259,24.0,2.012788581533738,0.39999999999852065,2.006484947847793,23.0,0.5481355105823589,1.9130434782608696,0.5498575496500706,23.0,10.997150993001412,1.9130434782608696,0,False,2,-1.0,False,True,1.0521394858017268,False,True,False,15.7,3.0070592983996027,0.25
B2,12.0,4,61.4000000000006,14,0.9999999999999005,0.9999999999999005,7.0000000000000995,0.9900345124546043,False,False,1.0350360812025408,0.0125503264720979,23.0,1.9490732603995105,0.29999999999802895,1.9490732603995105,22.0,0.5566540214708553,1.9090909090909092,0.5566540214708553,22.0,11.133080429417106,1.9090909090909092,0,False,2,-1.0,False,True,1.0209431363997434,False,True,False,15.7,3.0070592983996027,0.25
B2,12.0,4,63.20000000000063,17,1.5,3.3999999999998636,0.8000000000001251,1.4996716288909622,False,True,1.5678385211132788,0.1806146168413941,23.0,1.9557946978123109,0.44999999999789253,1.9498712274498124,22.0,0.5568819203274948,1.9090909090909092,0.5585736595070023,22.0,11.171473190140047,1.9090909090909092,1,False,2,-1.0,False,False,1.024463889330258,False,True,False,15.7,3.0070592983996027,0.25
B2,12.0,4,66.60000000000049,5,1.5,2.800000000000111,3.3999999999998636,1.0954167897059426,False,True,1.147579493977654,0.0649933075865861,22.0,1.8979766555159192,0.3499999999978485,1.8975830560596296,21.0,0.5677555227136573,1.9047619047619047,0.5678732873955941,21.0,11.357465747911881,1.9047619047619047,0,False,2,-1.0,False,True,0.9964377441458576,True,False,False,15.7,3.0070592983996027,0.25
B2,12.0,4,71.00000000000024,13,0.6,0.20000000000038654,1.599999999999639,1.0460087001129166,True,False,1.0958186382135318,0.1061611518221281,22.0,1.7489371237257487,0.5999999999978343,,,,,0.4994952744988432,22.0,9.989905489976863,1.9090909090909092,1,True,1,0.0,True,False,0.9161099219515826,False,False,True,15.7,3.0070592983996027,0.25
B2,12.0,4,74.70000000000003,21,1.5,1.9999999999998863,0.09999999999953957,1.0974496301498373,False,True,1.147333704247557,0.1549721417502395,23.0,2.0364184298033514,0.2999999999978513,2.0364184298033514,22.0,0.5815997435186429,1.9090909090909092,0.5815997435186429,22.0,11.631994870372857,1.9090909090909092,1,False,2,-1.0,False,False,1.0666953679922317,False,True,False,15.7,3.0070592983996027,0.25
B2,12.0,4,76.69999999999992,12,1.5,2.300000000000324,1.9999999999998863,1.364671767096655,False,True,1.4296561369584004,0.139063547588733,22.0,1.8944674144456584,0.24999999999785416,1.8944674144456584,21.0,0.5668233249226411,1.9047619047619047,0.5668233249226411,21.0,11.336466498452822,1.9047619047619047,0,False,2,-1.0,False,True,0.9945953925839707,True,False,False,15.7,3.0070592983996027,0.25
B2,12.0,4,79.9,14,1.5,2.8000000000000256,0.8999999999997641,1.135122108012495,False,True,1.1891755417273755,0.1459692758635625,22.0,1.9403472052149655,0.34999999999757847,1.9387791643857932,21.0,0.580081369501654,1.9047619047619047,0.5805505262206498,21.0,11.611010524412997,1.9047619047619047,1,False,2,-1.0,False,False,1.018682282737857,True,False,False,15.7,3.0070592983996027,0.25
B2,12.0,4,91.89999999999894,11,1.5,8.0,3.999999999998934,1.0135357248990116,False,True,1.0576024955467946,0.0319056962760202,24.0,1.8310709450484093,0.4499999999979565,1.8277746663004608,23.0,0.4993150838319184,1.9130434782608696,0.500215567753548,23.0,10.00431135507096,1.9130434782608696,0,False,2,-1.0,False,True,0.9571507212753049,False,False,True,15.7,3.0070592983996027,0.25
B2,12.0,4,106.29999999999824,24,0.6,0.29999999999998295,6.399999999999295,0.9862152153713241,True,False,1.029094137778773,0.0191639503548025,24.0,1.927758146678327,0.2999999999978513,1.927758146678327,23.0,0.5266287679567396,1.9130434782608696,0.5266287679567396,23.0,10.532575359134793,1.9130434782608696,1,False,3,-1.0,True,False,1.0076917584909435,True,False,False,15.7,3.0070592983996027,0.25
B2,12.0,4,106.59999999999822,18,1.5,7.700000000000017,0.29999999999998295,1.8439425750836171,False,True,1.927758146678327,0.1986093145235019,23.0,1.9276310328150008,0.04999999999786553,1.8837507156197248,22.0,0.5379979463077675,1.9090909090909092,0.5265940427411575,23.0,10.53188085482315,1.9130434782608696,1,False,2,0.0,True,False,1.0076253126078414,True,False,False,15.7,3.0070592983996027,0.25
B2,12.0,4,116.59999999999764,16,1.199999999999946,1.199999999999946,1.9999999999994174,1.0674488014713288,False,False,1.113859618926604,0.0618813614026498,24.0,1.847647423550743,0.29999999999786553,1.847647423550743,23.0,0.5047439628044454,1.9130434782608696,0.5047439628044454,23.0,10.094879256088909,1.9130434782608696,0,False,2,-1.0,False,True,0.965815698674252,False,False,True,15.7,3.0070592983996027,0.25
B2,12.0,4,117.79999999999758,4,1.5,6.599999999999625,1.199999999999946,1.5709280856764365,False,True,1.642333907752638,0.1412349304296313,23.0,1.872804406194104,0.29999999999786553,1.872804406194104,22.0,0.5348716876463628,1.9090909090909092,0.5348716876463628,22.0,10.697433752927257,1.9090909090909092,0,False,2,-1.0,False,True,0.9809927841969116,True,False,False,15.7,3.0070592983996027,0.25
B2,12.0,4,124.3999999999972,8,0.6,0.20000000000042917,6.599999999999625,0.9973342015380889,True,False,1.044826306373236,0.0224672082358309,22.0,1.972527187273585,0.2999999999978513,,,,,0.5633524473222575,22.0,11.26704894644515,1.9090909090909092,1,False,1,0.0,True,False,1.033228526667116,False,True,False,15.7,3.0070592983996027,0.25
B2,12.0,4,130.69999999999726,17,0.6999999999995623,0.6999999999995623,4.899999999999679,1.0066980446228868,False,False,1.0524570466511998,0.0280580704191674,23.0,1.9301947463971367,0.24999999999826628,1.9301947463971367,22.0,0.5512623304798963,1.9090909090909092,0.5512623304798963,22.0,11.025246609597925,1.9090909090909092,0,False,2,-1.0,False,True,1.0110543909699288,True,False,False,15.7,3.0070592983996027,0.25
B2,12.0,4,131.39999999999682,7,1.0000000000003695,1.0000000000003695,0.6999999999995623,1.7949921732968925,False,False,1.8804679910729352,0.1932453216851563,22.0,1.8690003223229257,0.04999999999881766,1.7839915524942522,21.0,0.5337690243221136,1.9047619047619047,0.5337852438333326,22.0,10.675704876666652,1.9090909090909092,1,False,2,0.0,True,False,0.9790001688358182,False,False,True,15.7,3.0070592983996027,0.25
B2,12.0,4,137.59999999999692,4,1.1000000000003354,1.1000000000003354,5.199999999999733,0.9907144137661792,False,False,1.0378912906121878,0.0214205751734548,22.0,1.8827161225921645,0.25000000000017053,1.8827161225921645,21.0,0.5633073466219622,1.9047619047619047,0.5633073466219622,21.0,11.266146932439245,1.9047619047619047,0,False,2,-1.0,False,True,0.9884259643608864,True,False,False,15.7,3.0070592983996027,0.25
B2,12.0,4,139.09999999999724,17,0.6,0.29999999999958504,0.39999999999997726,1.5666134897383928,True,False,1.6412141321068878,0.2043760015673532,22.0,1.618059397015864,1.4210854715202004e-13,1.456401748144958,21.0,0.4357543840616698,1.9047619047619047,0.4621166831579062,22.0,9.242333663158124,1.9090909090909092,2,False,2,0.0,True,False,0.8475549222464049,False,False,True,15.7,3.0070592983996027,0.25
B2,12.0,4,140.69999999999675,24,0.6,0.49999999999954525,1.299999999999926,1.1834375355189066,True,False,1.2397917038769497,0.1378909352374242,22.0,1.96619485178758,0.30000000000106297,1.9644089062630312,21.0,0.5877497703392667,1.9047619047619047,0.5882841239906602,21.0,11.765682479813204,1.9047619047619047,2,False,2,-1.0,False,False,1.0322522971884796,False,True,False,15.7,3.0070592983996027,0.25
B2,12.0,4,141.1999999999963,3,0.6,0.0999999999999659,0.49999999999954525,1.8694651391744193,True,False,1.9629383961331404,0.2521521218621726,21.0,2.795679625949316,0.3000000000016314,1.9286575358832228,20.0,0.6059056346021325,1.9,0.9245143762813716,19.0,18.49028752562743,1.894736842105263,2,False,3,-2.0,True,False,1.475497580362139,False,True,False,15.7,3.0070592983996027,0.25
B2,12.0,4,141.29999999999626,2,1.5,4.300000000000665,0.0999999999999659,1.8605963846953253,False,True,1.9536262039300916,0.2504855950220283,21.0,2.795679625949316,0.2000000000016655,1.9286575358832228,20.0,0.6059056346021325,1.9,0.9245143762813716,19.0,18.49028752562743,1.894736842105263,2,False,3,-2.0,True,False,1.475497580362139,False,True,False,15.7,3.0070592983996027,0.25
B2,12.0,4,146.7999999999963,11,0.6,0.3000000000009493,1.1999999999993634,1.3075671163275262,True,False,1.3763864382395012,0.1726480811939384,20.0,1.7176098038434984,0.4500000000029445,1.6320943747132046,19.0,0.53972375763834,1.894736842105263,0.539603034148854,20.0,10.79206068297708,1.9,2,False,2,0.0,True,False,0.9040051599176308,False,False,True,15.7,3.0070592983996027,0.25
B2,12.0,4,147.3999999999959,23,1.3000000000008356,1.3000000000008356,0.29999999999867555,1.6172124167658708,False,False,1.7023288597535484,0.2803187960400435,20.0,2.428657740800753,0.20000000000339924,2.428657740800753,19.0,0.8031424543772241,1.894736842105263,0.8031424543772241,19.0,16.062849087544482,1.894736842105263,2,False,2,-1.0,False,False,1.2817915854226196,False,True,False,15.7,3.0070592983996027,0.25
B2,12.0,4,150.89999999999662,4,1.5,1.8999999999988688,1.6000000000003638,1.1779840998899436,False,True,1.2340785808370835,0.1337181904023076,22.0,1.9835056146799648,0.6500000000035868,1.922468949874056,21.0,0.5752013647313161,1.9047619047619047,0.5934634921364461,21.0,11.869269842728922,1.9047619047619047,0,False,2,-1.0,False,True,1.0413404477069816,False,True,False,15.7,3.0070592983996027,0.25
B2,12.0,4,152.7999999999955,6,0.6,0.100000000000108,1.8999999999988688,1.5305759628198015,True,False,1.6071047609607918,0.1604639647605831,21.0,2.586508766513456,0.25000000000505906,2.586508766513456,20.0,0.8125756939324269,1.9,0.8125756939324269,20.0,16.251513878648538,1.9,2,False,3,-1.0,True,False,1.3613204034281348,False,True,False,15.7,3.0070592983996027,0.25
B2,12.0,4,152.8999999999956,9,0.6,0.3000000000004377,0.100000000000108,1.492763039273646,True,False,1.5674011912373282,0.1535583580953223,21.0,2.586508766513456,0.15000000000495106,2.586508766513456,20.0,0.8125756939324269,1.9,0.8125756939324269,20.0,16.251513878648538,1.9,2,False,4,-1.0,True,False,1.3613204034281348,False,True,False,15.7,3.0070592983996027,0.25
B2,12.0,4,153.19999999999604,16,1.5,1.6000000000002501,0.3000000000004377,2.2916554180131903,False,True,2.418969607902812,0.3975368785812678,19.0,2.3970256281549007,4.575895218295045e-12,2.159643019600332,18.0,0.7538576271947646,1.8888888888888888,0.7926819056713574,19.0,15.853638113427149,1.894736842105263,2,False,2,0.0,True,False,1.2650968593039755,False,True,False,15.7,3.0070592983996027,0.25
baseline,12.0,5,30.20000000000016,19,0.9000000000000092,0.9000000000000092,inf,0.9590128309948197,False,False,1.0007090410380728,0.0005193145527706,24.0,1.917773771819411,0.20000000000013785,1.917773771819411,23.0,0.523901216764787,1.9130434782608696,0.523901216764787,23.0,10.47802433529574,1.9130434782608696,0,False,2,-1.0,False,True,1.0024726534510557,True,False,False,15.7,3.0070592983996027,0.25
baseline,12.0,5,31.10000000000017,9,1.5,4.300000000000065,0.9000000000000092,1.7450565116269952,False,True,1.824377262155495,0.1762530992731749,23.0,1.832751496111808,0.2000000000001414,1.832751496111808,22.0,0.5234326032764143,1.9090909090909092,0.5234326032764143,22.0,10.468652065528286,1.9090909090909092,1,False,2,-1.0,False,False,0.9600126884395185,False,False,True,15.7,3.0070592983996027,0.25
baseline,12.0,5,35.40000000000023,24,1.5,2.799999999999926,4.300000000000065,1.0622917640220984,False,True,1.1128770861183888,0.070673376957658,22.0,1.773120422420747,0.3499999999998735,1.772188149816335,21.0,0.5302374544992272,1.9047619047619047,0.5305163898101952,21.0,10.610327796203904,1.9047619047619047,0,False,2,-1.0,False,True,0.9308882217708923,False,False,True,15.7,3.0070592983996027,0.25
baseline,12.0,5,45.90000000000038,5,1.5,3.999999999999943,2.500000000000149,1.080430445574276,False,True,1.127405682338375,0.0655939346073926,24.0,2.022235045655981,0.2999999999991303,2.022235045655981,23.0,0.552438153327361,1.9130434782608696,0.552438153327361,23.0,11.04876306654722,1.9130434782608696,0,False,2,-1.0,False,True,1.0570774102292628,False,True,False,15.7,3.0070592983996027,0.25
baseline,12.0,5,49.900000000000325,19,1.5,4.000000000000057,3.999999999999943,1.1818640607048738,False,True,1.2355851543732772,0.0878830007601558,23.0,1.845693116015199,0.29999999999895977,1.845693116015199,22.0,0.5271287212776912,1.9090909090909092,0.5271287212776912,22.0,10.542574425553823,1.9090909090909092,0,False,2,-1.0,False,True,0.9667916321984376,False,False,True,15.7,3.0070592983996027,0.25
baseline,12.0,5,57.50000000000055,18,0.6,0.3999999999997783,3.600000000000165,1.0493343593067788,True,False,1.0970313756389052,0.0694708761089395,23.0,2.0920587081074555,0.29999999999830607,2.0920587081074555,22.0,0.5974905698426305,1.9090909090909092,0.5974905698426305,22.0,11.94981139685261,1.9090909090909092,1,False,2,-1.0,False,False,1.0958402756753338,False,True,False,15.7,3.0070592983996027,0.25
baseline,12.0,5,78.3999999999998,18,1.5,1.6999999999996902,12.899999999999267,0.9797379217660697,False,True,1.0223352227124205,0.0159768991781021,24.0,1.8684897118317076,0.29999999999786553,1.8684720801820665,23.0,0.5104328835250103,1.9130434782608696,0.5104377001737914,23.0,10.208754003475828,1.9130434782608696,0,False,2,-1.0,False,True,0.9767105311847563,False,False,True,15.7,3.0070592983996027,0.25
baseline,12.0,5,80.0999999999995,19,0.7000000000001876,0.7000000000001876,1.6999999999996902,1.4329152190226286,False,False,1.4980477289782026,0.1149546171858124,23.0,2.4261518420609147,0.2999999999980787,2.4261518420609147,22.0,0.6929073457738104,1.9090909090909092,0.6929073457738104,22.0,13.858146915476208,1.9090909090909092,0,False,2,-1.0,False,True,1.2708414410795268,False,True,False,15.7,3.0070592983996027,0.25
baseline,12.0,5,80.79999999999968,15,1.5,5.299999999999699,0.7000000000001876,2.204420007669075,False,True,2.30939238898665,0.2908112658067461,22.0,2.290366727925591,0.04999999999786553,2.094181301772515,21.0,0.6265775802793945,1.9047619047619047,0.6541272078615936,22.0,13.082544157231872,1.9090909090909092,1,False,2,0.0,True,False,1.199715905103881,False,True,False,15.7,3.0070592983996027,0.25
baseline,12.0,5,86.09999999999938,16,0.6,0.3000000000004235,5.299999999999699,1.2607768968381774,True,False,1.3238157416800862,0.1560807953878096,21.0,2.5762693303399544,0.39999999999784563,2.4629806530677376,20.0,0.7737681925611395,1.9,0.7708179811299711,21.0,15.416359622599423,1.9047619047619047,1,False,2,0.0,True,False,1.3525413984284762,False,True,False,15.7,3.0070592983996027,0.25
baseline,12.0,5,92.09999999999904,12,1.5,2.000000000000341,3.2999999999993577,1.0931502126134265,False,True,1.1428388586413094,0.0703353483715073,23.0,2.053079003633993,0.2999999999978513,2.053079003633993,22.0,0.5863579922778186,1.9090909090909092,0.5863579922778186,22.0,11.727159845556372,1.9090909090909092,0,False,2,-1.0,False,True,1.0754223352368535,False,True,False,15.7,3.0070592983996027,0.25
baseline,12.0,5,99.19999999999864,17,0.9000000000004036,0.9000000000004036,5.099999999999255,1.1186911093499183,False,False,1.1695407052294602,0.0820205180754526,23.0,1.7077005329723431,0.39999999999784563,1.7061099863523757,22.0,0.4872638726673459,1.9090909090909092,0.4877181317197534,22.0,9.754362634395068,1.9090909090909092,0,False,2,-1.0,False,True,0.8945098029855131,False,False,True,15.7,3.0070592983996027,0.25
baseline,12.0,5,100.69999999999855,11,1.5,6.500000000000085,0.5999999999995111,1.4526530804015545,False,True,1.5186827658743525,0.1785630219214661,23.0,1.7069464151920295,0.2999999999978513,1.7069464151920295,22.0,0.4875027561853375,1.9090909090909092,0.4875027561853375,22.0,9.75005512370675,1.9090909090909092,1,False,2,-1.0,False,False,0.8941147889101106,False,False,True,15.7,3.0070592983996027,0.25
baseline,12.0,5,112.69999999999789,13,1.5,3.1999999999997897,3.999999999999332,1.0554071483875254,False,True,1.101294415708722,0.0648427531350673,24.0,1.778582593144587,0.34999999999783427,1.7775876986318693,23.0,0.4856049091420407,1.9130434782608696,0.4858766963848451,23.0,9.717533927696902,1.9130434782608696,0,False,2,-1.0,False,True,0.9297136282346705,False,False,True,15.7,3.0070592983996027,0.25
baseline,12.0,5,115.89999999999768,22,1.5,1.8999999999999062,3.1999999999997897,1.1406105966121187,False,True,1.1924565328217605,0.0658824793753121,23.0,1.8448757022821496,0.29999999999786553,1.8448757022821496,22.0,0.5268952684614465,1.9090909090909092,0.5268952684614465,22.0,10.53790536922893,1.9090909090909092,0,False,2,-1.0,False,True,0.9663634631001735,False,False,True,15.7,3.0070592983996027,0.25
baseline,12.0,5,117.79999999999758,8,1.5,2.900000000000304,1.8999999999999062,1.3426168180133793,False,True,1.4065509522044926,0.1062455916233168,22.0,1.8173759608131768,0.29999999999786553,1.8173759608131768,21.0,0.5437576159334636,1.9047619047619047,0.5437576159334636,21.0,10.875152318669272,1.9047619047619047,0,False,2,-1.0,False,True,0.9541223794269178,False,False,True,15.7,3.0070592983996027,0.25
baseline,12.0,5,123.99999999999712,5,1.5,1.8000000000004661,0.09999999999944009,1.1592212985425514,False,True,1.2119131757490311,0.1730884102929586,23.0,2.160626655830038,0.299999999997965,2.160626655830038,22.0,0.6170735299187209,1.9090909090909092,0.6170735299187209,22.0,12.341470598374418,1.9090909090909092,1,False,2,-1.0,False,False,1.1317568197204961,False,True,False,15.7,3.0070592983996027,0.25
baseline,12.0,5,129.39999999999694,14,1.5,2.600000000000165,3.599999999999355,1.2369229505076231,False,True,1.2931467209852423,0.1125680812301853,23.0,1.8025350989032511,0.34999999999831743,1.80166033058135,22.0,0.5145529871653207,1.9090909090909092,0.5148028204138368,22.0,10.296056408276737,1.9090909090909092,0,False,2,-1.0,False,True,0.9441850518064648,False,False,True,15.7,3.0070592983996027,0.25
baseline,12.0,5,139.59999999999624,24,1.5,8.0,2.1999999999993065,1.0371894269250332,False,True,1.0822846194000346,0.0716980482653148,24.0,1.9926254001293813,0.2500000000013074,1.9926254001293813,23.0,0.5443493320350337,1.9130434782608696,0.5443493320350337,23.0,10.886986640700673,1.9130434782608696,0,False,2,-1.0,False,True,1.041599640976722,False,True,False,15.7,3.0070592983996027,0.25
baseline,12.0,5,149.29999999999623,18,0.6,0.2999999999995566,1.6999999999999886,1.0714368366920768,True,False,1.1180210469830367,0.0768251978258897,24.0,1.9433419527436508,0.30000000000353566,1.9430636026489203,23.0,0.5308099425686579,1.9130434782608696,0.5308859827958519,23.0,10.617719655917037,1.9130434782608696,1,False,3,-1.0,True,False,1.0158378389341811,True,False,False,15.7,3.0070592983996027,0.25
baseline,12.0,5,149.5999999999958,7,1.5,inf,0.2999999999995566,1.8585825764467934,False,True,1.9430636026489203,0.2119873770754563,23.0,1.9433419527436508,3.979039320256561e-12,1.8673033178379317,22.0,0.533300580485772,1.9090909090909092,0.5308859827958519,23.0,10.617719655917037,1.9130434782608696,1,False,2,0.0,True,False,1.0158378389341811,True,False,False,15.7,3.0070592983996027,0.25
B2,12.0,5,30.20000000000016,19,0.9000000000000092,0.9000000000000092,inf,0.9590128309948197,False,False,1.0007090410380728,0.0005193145527706,24.0,1.917773771819411,0.20000000000013785,1.917773771819411,23.0,0.523901216764787,1.9130434782608696,0.523901216764787,23.0,10.47802433529574,1.9130434782608696,0,False,2,-1.0,False,True,1.0024726534510557,True,False,False,15.7,3.0070592983996027,0.25
B2,12.0,5,31.10000000000017,9,1.5,4.300000000000065,0.9000000000000092,1.7450565116269952,False,True,1.824377262155495,0.1762522494052859,23.0,1.8345390346241184,0.2000000000001414,1.8345390346241184,22.0,0.5239431230817129,1.9090909090909092,0.5239431230817129,22.0,10.478862461634257,1.9090909090909092,1,False,2,-1.0,False,False,0.960949018136443,False,False,True,15.7,3.0070592983996027,0.25
B2,12.0,5,35.40000000000023,24,1.5,2.799999999999926,4.300000000000065,1.0178416585189207,False,True,1.0663103089245836,0.0272184625741005,22.0,1.878159191698589,0.3999999999998707,1.8770579461326875,21.0,0.5616144241840759,1.9047619047619047,0.5619439160868982,21.0,11.238878321737964,1.9047619047619047,0,False,2,-1.0,False,True,0.9860335756417592,True,False,False,15.7,3.0070592983996027,0.25
B2,12.0,5,45.90000000000038,5,1.5,3.999999999999943,2.500000000000149,1.0117071403989584,False,True,1.055694407372826,0.0518145797342093,24.0,1.970224414474076,0.2999999999991303,1.970224414474076,23.0,0.5382297866465224,1.9130434782608696,0.5382297866465224,23.0,10.764595732930449,1.9130434782608696,0,False,2,-1.0,False,True,1.0298900348387214,False,True,False,15.7,3.0070592983996027,0.25
B2,12.0,5,49.900000000000325,19,1.5,4.000000000000057,3.999999999999943,1.032902848785527,False,True,1.0798529782757782,0.0312426400271645,23.0,1.8760192643469216,0.29999999999895977,1.8760192643469216,22.0,0.5357898489877471,1.9090909090909092,0.5357898489877471,22.0,10.715796979754941,1.9090909090909092,0,False,2,-1.0,False,True,0.9826767575150541,True,False,False,15.7,3.0070592983996027,0.25
B2,12.0,5,57.50000000000055,18,0.6,0.3999999999997783,3.600000000000165,0.9921655327586301,True,False,1.0372639660658405,0.0305554171910885,23.0,1.9212341444655845,0.29999999999830607,1.9212341444655845,22.0,0.5487031885526319,1.9090909090909092,0.5487031885526319,22.0,10.974063771052638,1.9090909090909092,1,False,2,-1.0,False,False,1.0063607423391157,True,False,False,15.7,3.0070592983996027,0.25
B2,12.0,5,78.3999999999998,18,1.5,1.6999999999996902,12.899999999999267,0.9687469378381963,False,True,1.010866369918118,0.0091374037074418,24.0,1.9095793519159143,0.29999999999786553,1.9095793519159143,23.0,0.5216626489935474,1.9130434782608696,0.5216626489935474,23.0,10.433252979870948,1.9130434782608696,0,False,2,-1.0,False,True,0.9981892066833188,True,False,False,15.7,3.0070592983996027,0.25
B2,12.0,5,80.0999999999995,19,0.7000000000001876,0.7000000000001876,1.6999999999996902,1.4343456342532932,False,False,1.4995431630829883,0.1140038757857402,23.0,2.38443489762327,0.2999999999980787,2.38443489762327,22.0,0.6809930143033087,1.9090909090909092,0.6809930143033087,22.0,13.619860286066174,1.9090909090909092,0,False,2,-1.0,False,True,1.2489897082788557,False,True,False,15.7,3.0070592983996027,0.25
B2,12.0,5,80.79999999999968,15,1.5,5.299999999999699,0.7000000000001876,2.129726859356227,False,True,2.231142424087476,0.2712914914583108,22.0,2.181818011877203,0.04999999999786553,1.96716201345618,21.0,0.5885734980852231,1.9047619047619047,0.6231257670530281,22.0,12.462515341060563,1.9090909090909092,1,False,2,0.0,True,False,1.1428570538404397,False,True,False,15.7,3.0070592983996027,0.25
B2,12.0,5,86.09999999999938,16,0.6,0.3000000000004235,5.299999999999699,1.021336893889827,True,False,1.0724037385843184,0.0260733562375977,21.0,2.019117234053984,0.39999999999784563,1.9263913274188813,20.0,0.6051936842158248,1.9,0.6041184637371941,21.0,12.082369274743883,1.9047619047619047,1,False,2,0.0,True,False,1.0600365478783416,False,True,False,15.7,3.0070592983996027,0.25
B2,12.0,5,92.09999999999904,12,1.5,2.000000000000341,3.2999999999993577,1.0294563215992942,False,True,1.0762497907628985,0.0701946812767844,23.0,1.965421642195528,0.2999999999978513,1.965421642195528,22.0,0.5613231083934416,1.9090909090909092,0.5613231083934416,22.0,11.226462167868831,1.9090909090909092,0,False,2,-1.0,False,True,1.0295065744833718,False,True,False,15.7,3.0070592983996027,0.25
B2,12.0,5,99.19999999999864,17,0.9000000000004036,0.9000000000004036,5.099999999999255,1.0271996013749232,False,False,1.0738904923465105,0.0424877468908911,23.0,1.87249943437374,0.3499999999978485,1.872209748630854,22.0,0.534701853843444,1.9090909090909092,0.5347845878981441,22.0,10.695691757962882,1.9090909090909092,0,False,2,-1.0,False,True,0.9808330370529114,True,False,False,15.7,3.0070592983996027,0.25
B2,12.0,5,100.69999999999855,11,1.5,6.500000000000085,0.5999999999995111,1.5811077385815953,False,True,1.652976272153486,0.2194575596696022,23.0,1.7091815239021946,0.2999999999978513,1.7091815239021946,22.0,0.488141101740231,1.9090909090909092,0.488141101740231,22.0,9.76282203480462,1.9090909090909092,1,False,2,-1.0,False,False,0.8952855601392448,False,False,True,15.7,3.0070592983996027,0.25
B2,12.0,5,112.69999999999789,13,1.5,3.1999999999997897,3.999999999999332,1.0878314787207983,False,True,1.135128499534746,0.0508808194700001,24.0,1.9922552747793263,0.4499999999978286,1.9869535171904744,23.0,0.5427998758808692,1.9130434782608696,0.5442482204628041,23.0,10.884964409256082,1.9130434782608696,0,False,2,-1.0,False,True,1.0414061663619205,False,True,False,15.7,3.0070592983996027,0.25
B2,12.0,5,115.89999999999768,22,1.5,1.8999999999999062,3.1999999999997897,1.1677982556156572,False,True,1.220879994507278,0.0766674766944908,23.0,1.7971484842184928,0.3499999999978627,1.796795481122515,22.0,0.5131635894088937,1.9090909090909092,0.51326440685735,22.0,10.265288137147,1.9090909090909092,0,False,2,-1.0,False,True,0.9413634917334962,False,False,True,15.7,3.0070592983996027,0.25
B2,12.0,5,117.79999999999758,8,1.5,2.900000000000304,1.8999999999999062,1.2799999727106022,False,True,1.340952352363488,0.0915511151690148,22.0,1.90405857076201,0.4499999999978428,1.902303164011983,21.0,0.5691677757105396,1.9047619047619047,0.5696929921819631,21.0,11.393859843639262,1.9047619047619047,0,False,2,-1.0,False,True,0.9996307496500553,True,False,False,15.7,3.0070592983996027,0.25
B2,12.0,5,123.99999999999712,5,1.5,1.8000000000004661,0.09999999999944009,1.0650644276068284,False,True,1.1134764470435026,0.1650128342049056,23.0,2.080665596773624,0.299999999997965,2.080665596773624,22.0,0.59423670485464,1.9090909090909092,0.59423670485464,22.0,11.8847340970928,1.9090909090909092,1,False,2,-1.0,False,False,1.0898724554528507,False,True,False,15.7,3.0070592983996027,0.25
B2,12.0,5,129.39999999999694,14,1.5,2.600000000000165,3.599999999999355,1.0327821998162383,False,True,1.079726845262431,0.0541500039748202,23.0,2.0175599869051144,0.2499999999982947,2.0175599869051144,22.0,0.5762137848216207,1.9090909090909092,0.5762137848216207,22.0,11.524275696432413,1.9090909090909092,0,False,2,-1.0,False,True,1.056817135997917,False,True,False,15.7,3.0070592983996027,0.25
B2,12.0,5,139.59999999999624,24,1.5,8.0,2.1999999999993065,1.042779785675646,False,True,1.0881180372267611,0.0599141202196017,24.0,1.8829218850363283,0.2500000000013074,1.8829218850363283,23.0,0.5143803096794413,1.9130434782608696,0.5143803096794413,23.0,10.287606193588825,1.9130434782608696,0,False,2,-1.0,False,True,0.9842546217235352,True,False,False,15.7,3.0070592983996027,0.25
B2,12.0,5,149.29999999999623,18,0.6,0.2999999999995566,1.6999999999999886,1.0056663372823422,True,False,1.049390960642444,0.0873123913904665,24.0,1.9770783794154427,0.2500000000035243,1.9770783794154427,23.0,0.5401021662906755,1.9130434782608696,0.5401021662906755,23.0,10.80204332581351,1.9130434782608696,1,False,3,-1.0,True,False,1.0334727892398905,False,True,False,15.7,3.0070592983996027,0.25
B2,12.0,5,149.5999999999958,7,1.5,inf,0.2999999999995566,1.891118449875641,False,True,1.9770783794154427,0.2209843147720887,23.0,1.9757295865459323,3.979039320256561e-12,1.907792874848912,22.0,0.5448643709269358,1.9090909090909092,0.5397337003976261,23.0,10.794674007952523,1.9130434782608696,1,False,2,0.0,True,False,1.0327677384217373,False,True,False,15.7,3.0070592983996027,0.25
baseline,12.0,6,22.50000000000005,5,0.9999999999999112,0.9999999999999112,4.000000000000071,1.0727399146790246,False,False,1.1215008198917076,0.0597353660959198,23.0,1.9498929503766815,0.35000000000014,1.94148461748344,22.0,0.5544867101221422,1.9090909090909092,0.556888124380901,22.0,11.13776248761802,1.9090909090909092,0,False,2,-1.0,False,True,1.021372497816357,False,True,False,15.7,3.0070592983996027,0.25
baseline,12.0,6,28.20000000000013,3,1.5,2.299999999999919,4.70000000000017,1.1132860444818045,False,True,1.1638899555946138,0.0597794827463351,23.0,2.1372168128088944,0.20000000000013785,2.1372168128088944,22.0,0.610387694386274,1.9090909090909092,0.610387694386274,22.0,12.207753887725481,1.9090909090909092,0,False,2,-1.0,False,True,1.119494520995135,False,True,False,15.7,3.0070592983996027,0.25
baseline,12.0,6,50.300000000000445,9,0.8000000000000114,0.8000000000000114,14.100000000000314,0.9866135650174647,False,False,1.0295098069747457,0.0241842567576292,24.0,1.8972598356995545,0.29999999999881766,1.8972598356995545,23.0,0.5182971792856259,1.9130434782608696,0.5182971792856259,23.0,10.365943585712518,1.9130434782608696,0,False,2,-1.0,False,True,0.9917494595702216,True,False,False,15.7,3.0070592983996027,0.25
baseline,12.0,6,51.100000000000456,12,1.5,3.2000000000000455,0.8000000000000114,1.7580555380727951,False,True,1.8379671534397404,0.1801062933676311,23.0,1.8555962808599036,0.2999999999987608,1.8555962808599036,22.0,0.5299570585434559,1.9090909090909092,0.5299570585434559,22.0,10.599141170869117,1.9090909090909092,1,False,2,-1.0,False,False,0.9719790042599494,False,False,True,15.7,3.0070592983996027,0.25
baseline,12.0,6,54.3000000000005,16,1.5,3.999999999999943,3.2000000000000455,1.37741674360525,False,True,1.443008017110262,0.1396169490767621,22.0,1.8113595639462876,0.3499999999985306,1.8104822567344787,21.0,0.5416950244963532,1.9047619047619047,0.5419575142003112,21.0,10.839150284006225,1.9047619047619047,0,False,2,-1.0,False,True,0.9509637710718011,False,False,True,15.7,3.0070592983996027,0.25
baseline,12.0,6,67.00000000000047,11,1.5,3.799999999999784,4.699999999999967,1.0360742382632167,False,True,1.0811209442746608,0.0371763989743032,24.0,1.8822412526675083,0.2999999999978513,1.8822412526675083,23.0,0.5141943731881646,1.9130434782608696,0.5141943731881646,23.0,10.283887463763293,1.9130434782608696,0,False,2,-1.0,False,True,0.983898836621652,True,False,False,15.7,3.0070592983996027,0.25
baseline,12.0,6,70.80000000000025,10,1.5,3.799999999999784,3.799999999999784,1.1274076238956225,False,True,1.178653424981787,0.0631702896448294,23.0,2.112546394418738,0.2999999999978513,2.112546394418738,22.0,0.6033418393703194,1.9090909090909092,0.6033418393703194,22.0,12.066836787406388,1.9090909090909092,0,False,2,-1.0,False,True,1.1065719208860056,False,True,False,15.7,3.0070592983996027,0.25
baseline,12.0,6,74.60000000000004,18,0.6,0.400000000000432,3.799999999999784,1.232034608637557,True,False,1.2907029233345837,0.1137653678854457,22.0,1.852681579977244,0.49999999999783995,1.7704519083649557,21.0,0.52971797227175,1.9047619047619047,0.5291246219179673,22.0,10.582492438359345,1.9090909090909092,1,False,2,0.0,True,False,0.9704522561785563,False,False,True,15.7,3.0070592983996027,0.25
baseline,12.0,6,80.59999999999958,12,1.5,2.0000000000004547,1.7999999999993292,1.1351015176413757,False,True,1.186697041170529,0.1419855048048531,23.0,1.4813175633870146,0.299999999997965,1.4813175633870146,22.0,0.4230633067972889,1.9090909090909092,0.4230633067972889,22.0,8.461266135945777,1.9090909090909092,0,False,2,-1.0,False,True,0.7759282474884361,False,False,True,15.7,3.0070592983996027,0.25
baseline,12.0,6,92.19999999999904,14,1.5,5.299999999999699,3.5999999999994543,1.008503046268799,False,True,1.0523510048022249,0.0580018893093381,24.0,1.736290516360891,0.3499999999978485,1.7342192601893571,23.0,0.4737574336978096,1.9130434782608696,0.4743232635388699,23.0,9.486465270777398,1.9130434782608696,0,False,2,-1.0,False,True,0.9076064062795567,False,False,True,15.7,3.0070592983996027,0.25
baseline,12.0,6,97.49999999999874,24,1.1999999999999034,1.1999999999999034,5.299999999999699,1.0442051845140525,False,False,1.0916690565374187,0.0405376331103197,23.0,1.902148828043961,0.3499999999978485,1.902112373770413,22.0,0.5432420236126703,1.9090909090909092,0.5432524349288492,22.0,10.865048698576985,1.9090909090909092,0,False,2,-1.0,False,True,0.9963636718325509,True,False,False,15.7,3.0070592983996027,0.25
baseline,12.0,6,98.69999999999864,7,1.5,1.500000000000398,1.1999999999999034,1.6673869354706377,False,True,1.746786313350192,0.167425292234806,22.0,1.7460914171714172,0.29999999999787974,1.7459751993870878,21.0,0.5223945580709,1.9047619047619047,0.5224293303506586,21.0,10.448586607013173,1.9047619047619047,0,False,2,-1.0,False,True,0.9166979940149941,False,False,True,15.7,3.0070592983996027,0.25
baseline,12.0,6,105.29999999999828,6,0.6,0.2000000000004576,5.099999999999241,1.068720417825033,True,False,1.1196118662928916,0.0998628148373697,22.0,2.1784821059497754,0.29999999999786553,,,,,0.6221730345480578,22.0,12.443460690961157,1.9090909090909092,1,False,1,0.0,True,False,1.1411096745451204,False,True,False,15.7,3.0070592983996027,0.25
baseline,12.0,6,109.49999999999852,10,1.5,3.7999999999997556,2.7999999999998835,1.1807576457455657,False,True,1.2344284478249097,0.0981733465789746,23.0,1.9596619197902645,0.2499999999973994,1.9596619197902645,22.0,0.5596781355211604,1.9090909090909092,0.5596781355211604,22.0,11.193562710423208,1.9090909090909092,0,False,2,-1.0,False,True,1.0264895770329956,False,True,False,15.7,3.0070592983996027,0.25
baseline,12.0,6,123.29999999999772,24,1.5,5.899999999999679,5.799999999999201,1.00468246467305,False,True,1.0483643109631824,0.0429902724271217,24.0,1.9798741692819355,0.2499999999973994,1.9798741692819355,23.0,0.5408659256737671,1.9130434782608696,0.5408659256737671,23.0,10.817318513475342,1.9130434782608696,0,False,2,-1.0,False,True,1.0349342248519209,False,True,False,15.7,3.0070592983996027,0.25
baseline,12.0,6,129.1999999999974,18,1.5,1.6999999999999034,5.899999999999679,1.1211407959127602,False,True,1.172101741181522,0.0812931287128838,23.0,1.8921375347713052,0.24999999999781153,1.8921375347713052,22.0,0.5403932162562759,1.9090909090909092,0.5403932162562759,22.0,10.807864325125518,1.9090909090909092,0,False,2,-1.0,False,True,0.9911196610706836,True,False,False,15.7,3.0070592983996027,0.25
baseline,12.0,6,130.8999999999973,11,0.6,0.400000000000432,1.6999999999999034,1.4374262530074493,True,False,1.5058751221982802,0.1427063872285166,22.0,1.756736646368451,0.4999999999983231,1.6870512693090292,21.0,0.5047645594181507,1.9047619047619047,0.5017228129566451,22.0,10.034456259132902,1.9090909090909092,1,False,2,0.0,True,False,0.9201953861929981,False,False,True,15.7,3.0070592983996027,0.25
baseline,12.0,6,135.79999999999657,21,1.40000000000083,1.40000000000083,4.499999999998835,1.0912362967367943,False,False,1.1431999299147368,0.0838099629313988,22.0,1.9648148764086395,0.20000000000010232,1.9648148764086395,21.0,0.5878712363227923,1.9047619047619047,0.5878712363227923,21.0,11.757424726455845,1.9047619047619047,0,False,2,-1.0,False,True,1.0315278101145358,False,True,False,15.7,3.0070592983996027,0.25
baseline,12.0,6,138.6999999999963,3,0.6,0.2000000000010118,1.4999999999988916,1.2194368346868858,True,False,1.2775052553862614,0.1369314097167911,22.0,1.8198480587201185,0.25000000000108,,,,,0.5197473901749792,22.0,10.394947803499583,1.9090909090909092,1,False,1,0.0,True,False,0.9532537450438715,False,False,True,15.7,3.0070592983996027,0.25
baseline,12.0,6,140.79999999999674,14,1.5,2.9999999999998295,1.8999999999994373,1.2781671850582998,False,True,1.339032289108695,0.1361240644446192,22.0,1.9756584494732317,0.25000000000108,1.9756584494732317,21.0,0.5911156257969243,1.9047619047619047,0.5911156257969243,21.0,11.822312515938487,1.9047619047619047,0,False,2,-1.0,False,True,1.0372206859734467,False,True,False,15.7,3.0070592983996027,0.25
baseline,12.0,6,150.69999999999607,3,1.5,3.49999999999946,1.8999999999993236,1.0565663058078354,False,True,1.1025039712777414,0.0768852391448002,24.0,1.8863094416077164,0.2000000000039961,1.8863094416077164,23.0,0.515305729056684,1.9130434782608696,0.515305729056684,23.0,10.30611458113368,1.9130434782608696,0,False,2,-1.0,False,True,0.9860253899313063,True,False,False,15.7,3.0070592983996027,0.25
B2,12.0,6,22.50000000000005,5,0.9999999999999112,0.9999999999999112,4.000000000000071,1.010197391165708,False,False,1.056115454400513,0.0434372035317172,23.0,1.9347180911255328,0.4500000000001414,1.9195479691737236,22.0,0.5482216180153978,1.9090909090909092,0.5525541947133856,22.0,11.051083894267713,1.9090909090909092,0,False,2,-1.0,False,True,1.013423762018136,True,False,False,15.7,3.0070592983996027,0.25
B2,12.0,6,28.20000000000013,3,1.5,2.299999999999919,4.70000000000017,1.2494968881239872,False,True,1.306292201220532,0.1014270373731255,23.0,1.874136713893277,0.20000000000013785,1.874136713893277,22.0,0.5352521938354577,1.9090909090909092,0.5352521938354577,22.0,10.705043876709155,1.9090909090909092,0,False,2,-1.0,False,True,0.9816906596583831,True,False,False,15.7,3.0070592983996027,0.25
B2,12.0,6,50.300000000000445,9,0.8000000000000114,0.8000000000000114,14.100000000000314,1.0055687378598848,False,False,1.0492891177668362,0.0342366424203558,24.0,2.0078254385765284,0.29999999999881766,2.0078254385765284,23.0,0.548501708480237,1.9130434782608696,0.548501708480237,23.0,10.970034169604741,1.9130434782608696,0,False,2,-1.0,False,True,1.049545115619549,False,True,False,15.7,3.0070592983996027,0.25
B2,12.0,6,51.100000000000456,12,1.5,3.2000000000000455,0.8000000000000114,1.8648113500321106,False,True,1.9495755023062975,0.2052639412098106,23.0,1.937550052697836,0.049999999998775024,1.8772150795731628,22.0,0.5361313730177297,1.9090909090909092,0.5293037401320033,23.0,10.586074802640066,1.9130434782608696,1,False,2,0.0,True,False,1.0128102548193234,True,False,False,15.7,3.0070592983996027,0.25
B2,12.0,6,54.3000000000005,16,1.5,3.999999999999943,3.2000000000000455,1.170361723411981,False,True,1.2260932340506467,0.0793351529413181,22.0,1.8127598511224765,0.4499999999985249,1.80888961571826,21.0,0.5412185074186047,1.9047619047619047,0.5423764791437047,21.0,10.847529582874094,1.9047619047619047,0,False,2,-1.0,False,True,0.9516989218393003,False,False,True,15.7,3.0070592983996027,0.25
B2,12.0,6,67.00000000000047,11,1.5,3.799999999999784,4.699999999999967,1.0019381971482584,False,True,1.0455007274590522,0.0335129300251744,24.0,1.89892345219598,0.2999999999978513,1.89892345219598,23.0,0.5187516493172399,1.9130434782608696,0.5187516493172399,23.0,10.375032986344799,1.9130434782608696,0,False,2,-1.0,False,True,0.9926190772842622,True,False,False,15.7,3.0070592983996027,0.25
B2,12.0,6,70.80000000000025,10,1.5,3.799999999999784,3.799999999999784,1.0215052010235122,False,True,1.06793725561549,0.0260452560140795,23.0,1.907985705497077,0.2999999999978513,1.907985705497077,22.0,0.5449194432312687,1.9090909090909092,0.5449194432312687,22.0,10.898388864625375,1.9090909090909092,0,False,2,-1.0,False,True,0.9994210838318022,True,False,False,15.7,3.0070592983996027,0.25
B2,12.0,6,74.60000000000004,18,0.6,0.400000000000432,3.799999999999784,1.0240664577025518,True,False,1.0728315271169588,0.0307722076814374,22.0,1.9328311803584928,0.49999999999783995,1.8494148137801,21.0,0.5533436183249236,1.9047619047619047,0.5520152942585028,22.0,11.040305885170056,1.9090909090909092,1,False,2,0.0,True,False,1.012435380187782,True,False,False,15.7,3.0070592983996027,0.25
B2,12.0,6,80.59999999999958,12,1.5,2.0000000000004547,1.7999999999993292,1.021938001472298,False,True,1.068389728811948,0.1109455810550044,23.0,1.7295237690218976,0.6999999999979423,1.6665971909430224,22.0,0.4759790446872713,1.9090909090909092,0.4939508333607385,22.0,9.879016667214769,1.9090909090909092,0,False,2,-1.0,False,True,0.905941021868613,False,False,True,15.7,3.0070592983996027,0.25
B2,12.0,6,92.19999999999904,14,1.5,5.299999999999699,3.5999999999994543,0.9856405116756447,False,True,1.02849444696589,0.0363724294178384,24.0,1.783481995886379,0.2999999999978371,1.783481995886379,23.0,0.4872151248770704,1.9130434782608696,0.4872151248770704,23.0,9.744302497541408,1.9130434782608696,0,False,2,-1.0,False,True,0.9322746796678799,False,False,True,15.7,3.0070592983996027,0.25
B2,12.0,6,97.49999999999874,24,1.1999999999999034,1.1999999999999034,5.299999999999699,0.9845509661021624,False,False,1.0293032827431698,0.0157384581155989,23.0,1.928875358787612,0.3499999999978485,1.9286444976064736,22.0,0.5508195804606251,1.9090909090909092,0.5508855142597762,22.0,11.017710285195523,1.9090909090909092,0,False,2,-1.0,False,True,1.0103632831744633,True,False,False,15.7,3.0070592983996027,0.25
B2,12.0,6,98.69999999999864,7,1.5,1.500000000000398,1.1999999999999034,1.6690910309669247,False,True,1.748571556251064,0.1656054636261754,22.0,1.826423683757566,0.29999999999787974,1.8258861731814189,21.0,0.5463038655198025,1.9047619047619047,0.5464646883081121,21.0,10.929293766162242,1.9047619047619047,0,False,2,-1.0,False,True,0.9588724339727223,False,False,True,15.7,3.0070592983996027,0.25
B2,12.0,6,105.29999999999828,6,0.6,0.2000000000004576,5.099999999999241,1.0021199085141104,True,False,1.0498399041576394,0.0309829994460903,22.0,2.0211878830494467,0.29999999999786553,,,,,0.5772499095375316,22.0,11.544998190750633,1.9090909090909092,1,False,1,0.0,True,False,1.0587174625497102,False,True,False,15.7,3.0070592983996027,0.25
B2,12.0,6,109.49999999999852,10,1.5,3.7999999999997556,2.7999999999998835,1.0367362640088853,False,True,1.083860639645653,0.048026818122706,23.0,1.9786792989177853,0.2499999999973994,1.9786792989177853,22.0,0.5651094862991197,1.9090909090909092,0.5651094862991197,22.0,11.302189725982394,1.9090909090909092,0,False,2,-1.0,False,True,1.0364510613378874,False,True,False,15.7,3.0070592983996027,0.25
B2,12.0,6,123.29999999999772,24,1.5,5.899999999999679,5.799999999999201,0.9814949656960232,False,True,1.02416865985672,0.0235131011401046,24.0,1.94094993817253,0.2499999999973994,1.94094993817253,23.0,0.5302325275433377,1.9130434782608696,0.5302325275433377,23.0,10.604650550866754,1.9130434782608696,0,False,2,-1.0,False,True,1.014587467681095,True,False,False,15.7,3.0070592983996027,0.25
B2,12.0,6,129.1999999999974,18,1.5,1.6999999999999034,5.899999999999679,0.9921921284071403,False,True,1.037291770607465,0.0182947374658271,23.0,1.896426559036359,0.24999999999781153,1.896426559036359,22.0,0.5416181587219269,1.9090909090909092,0.5416181587219269,22.0,10.832363174438537,1.9090909090909092,0,False,2,-1.0,False,True,0.9933662928285689,True,False,False,15.7,3.0070592983996027,0.25
B2,12.0,6,130.8999999999973,11,0.6,0.400000000000432,1.6999999999999034,1.405389081663718,True,False,1.4723123712667523,0.1111736255246755,22.0,1.899452611249143,0.4999999999983231,1.8198459202402415,21.0,0.5444966260659143,1.9047619047619047,0.5424823972129325,22.0,10.849647944258649,1.9090909090909092,1,False,2,0.0,True,False,0.9949513677971701,True,False,False,15.7,3.0070592983996027,0.25
B2,12.0,6,135.79999999999657,21,1.40000000000083,1.40000000000083,4.499999999998835,1.0391437022571648,False,False,1.0886267356979822,0.0304970562137965,22.0,1.8856753852123649,0.2500000000001137,1.8850061003016227,21.0,0.5639925063504307,1.9047619047619047,0.5641927559274542,21.0,11.283855118549084,1.9047619047619047,0,False,2,-1.0,False,True,0.9899795772364917,True,False,False,15.7,3.0070592983996027,0.25
B2,12.0,6,138.6999999999963,3,0.6,0.2000000000010118,1.4999999999988916,1.122319543910328,True,False,1.1757633317155818,0.0981410499417202,22.0,1.9865764135301245,0.25000000000108,,,,,0.5673648969582725,22.0,11.34729793916545,1.9090909090909092,1,False,1,0.0,True,False,1.040587645182446,False,True,False,15.7,3.0070592983996027,0.25
B2,12.0,6,140.79999999999674,14,1.5,2.9999999999998295,1.8999999999994373,1.301744336300297,False,True,1.3637321618384062,0.1239586796565578,22.0,1.789143891664106,0.3000000000010914,1.7884092717601645,21.0,0.5350908028355814,1.9047619047619047,0.535310600596858,21.0,10.70621201193716,1.9047619047619047,0,False,2,-1.0,False,True,0.9393005431236557,False,False,True,15.7,3.0070592983996027,0.25
B2,12.0,6,150.69999999999607,3,1.5,3.49999999999946,1.8999999999993236,1.0372505837535348,False,True,1.08234843522108,0.076615373674553,24.0,1.9783102324096145,0.2000000000039961,1.9783102324096145,23.0,0.5404386863182227,1.9130434782608696,0.5404386863182227,23.0,10.808773726364453,1.9130434782608696,0,False,2,-1.0,False,True,1.0341167123959347,False,True,False,15.7,3.0070592983996027,0.25
baseline,12.0,7,23.30000000000006,4,1.5,1.7000000000000242,7.500000000000073,1.0034567901387366,False,True,1.0470853462317251,0.0262269560391546,24.0,1.9223341212993104,0.25000000000013856,1.9217514992163995,23.0,0.5249878601707314,1.9130434782608696,0.5251470220190351,23.0,10.502940440380701,1.9130434782608696,0,False,2,-1.0,False,True,1.0048564724973668,True,False,False,15.7,3.0070592983996027,0.25
baseline,12.0,7,25.000000000000085,6,1.5,3.600000000000051,1.7000000000000242,1.4739253233273961,False,True,1.5409219289331868,0.1276620841588905,23.0,2.147606976869213,0.5500000000001428,2.116642522836305,22.0,0.6045116909107549,1.9090909090909092,0.6133551183027732,22.0,12.267102366055465,1.9090909090909092,0,False,2,-1.0,False,True,1.1249369878838735,False,True,False,15.7,3.0070592983996027,0.25
baseline,12.0,7,28.600000000000136,25,0.6,0.30000000000000426,3.600000000000051,1.3026568088253894,True,False,1.3646880854361223,0.1447936500246753,22.0,1.959142358177644,0.3000000000001428,1.9546936573858265,21.0,0.5848429746725596,1.9047619047619047,0.5861740228369019,21.0,11.723480456738038,1.9047619047619047,1,False,3,-1.0,True,False,1.028549738043263,False,True,False,15.7,3.0070592983996027,0.25
baseline,12.0,7,28.90000000000014,16,1.5,2.3999999999999204,0.30000000000000426,1.86524898963751,False,True,1.9585114391193856,0.2538962956854558,21.0,1.959142358177644,1.3855583347321954e-13,1.8574094635011151,20.0,0.5835223925243262,1.9,0.5861740228369019,21.0,11.723480456738038,1.9047619047619047,1,False,2,0.0,True,False,1.028549738043263,False,True,False,15.7,3.0070592983996027,0.25
baseline,12.0,7,38.80000000000028,2,1.5,6.600000000000094,1.9000000000001407,1.113566284347461,False,True,1.1619822097538723,0.1129472366907043,24.0,1.6145452199720411,0.44999999999962625,1.6113049883934476,23.0,0.4401794708025601,1.9130434782608696,0.4410646436480592,23.0,8.821292872961184,1.9130434782608696,0,False,2,-1.0,False,True,0.8439668195308396,False,False,True,15.7,3.0070592983996027,0.25
baseline,12.0,7,45.400000000000375,9,1.3999999999999062,1.3999999999999062,6.600000000000094,1.0211914901254464,False,False,1.0676092851311485,0.0371764671595468,23.0,1.8953984725409965,0.2999999999991658,1.8953984725409965,22.0,0.5413245379054645,1.9090909090909092,0.5413245379054645,22.0,10.82649075810929,1.9090909090909092,0,False,2,-1.0,False,True,0.9928277713309981,True,False,False,15.7,3.0070592983996027,0.25
baseline,12.0,7,49.80000000000044,8,0.6,0.09999999999988773,3.0000000000001563,1.1690489906098167,True,False,1.2221875810920813,0.1099041693861793,23.0,2.242850198905262,0.2999999999988532,2.242850198905262,22.0,0.6405565189075615,1.9090909090909092,0.6405565189075615,22.0,12.81113037815123,1.9090909090909092,1,False,3,-1.0,True,False,1.1748262946646608,False,True,False,15.7,3.0070592983996027,0.25
baseline,12.0,7,49.900000000000325,6,1.5,3.5000000000000497,0.09999999999988773,1.158145537839958,False,True,1.2107885168326835,0.107972885908996,23.0,2.242850198905262,0.19999999999896545,2.242850198905262,22.0,0.6405565189075615,1.9090909090909092,0.6405565189075615,22.0,12.81113037815123,1.9090909090909092,1,False,3,-1.0,True,False,1.1748262946646608,False,True,False,15.7,3.0070592983996027,0.25
baseline,12.0,7,53.70000000000049,7,1.5,2.900000000000034,0.30000000000011795,1.4829660184850164,False,True,1.553583447936684,0.2978307946944112,22.0,2.7954706598711714,0.2999999999985761,2.7954706598711714,21.0,0.8364028655597222,1.9047619047619047,0.8364028655597222,21.0,16.728057311194444,1.9047619047619047,1,False,2,-1.0,False,False,1.467622096432365,False,True,False,15.7,3.0070592983996027,0.25
baseline,12.0,7,56.60000000000053,21,1.1999999999999105,1.1999999999999105,2.900000000000034,1.4874037534495346,False,False,1.5617739411220113,0.1913689283002944,21.0,1.6822302911686813,0.29999999999837,1.6822302911686813,20.0,0.5284882324381748,1.9,0.5284882324381748,20.0,10.569764648763496,1.9,0,False,2,-1.0,False,True,0.8853843637729902,False,False,True,15.7,3.0070592983996027,0.25
baseline,12.0,7,74.80000000000003,19,1.5,7.999999999999432,10.199999999999491,1.0135013794966456,False,True,1.057566656866065,0.0375790650619679,24.0,1.9615962596935013,0.3499999999978485,1.96156362826003,23.0,0.5358638160078826,1.9130434782608696,0.5358727303271582,23.0,10.717454606543164,1.9130434782608696,0,False,2,-1.0,False,True,1.0253798630216029,False,True,False,15.7,3.0070592983996027,0.25
baseline,12.0,7,82.79999999999946,7,0.7999999999998408,0.7999999999998408,7.999999999999432,1.0800751316931396,False,False,1.1291694558610097,0.0724333933658214,23.0,1.849300125120255,0.34999999999796216,,,,,0.5051954510748242,23.0,10.103909021496484,1.9130434782608696,1,False,2,0.0,True,False,0.9666796108583151,False,False,True,15.7,3.0070592983996027,0.25
baseline,12.0,7,83.5999999999993,6,1.5,5.199999999999932,0.7999999999992724,1.7211219639920459,False,True,1.7993547805371388,0.2088231672465877,23.0,1.877296743652071,0.699999999998056,1.8428178670669304,22.0,0.5263075520983165,1.9090909090909092,0.5361546962241261,22.0,10.723093924482523,1.9090909090909092,2,False,2,-1.0,False,False,0.983345913341561,True,False,False,15.7,3.0070592983996027,0.25
baseline,12.0,7,88.79999999999923,18,1.5,2.0000000000002274,5.199999999999932,1.1666527852723456,False,True,1.222207679809124,0.1073715447794912,22.0,1.7203592472272875,0.2999999999978513,1.7203592472272875,21.0,0.5147302831070966,1.9047619047619047,0.5147302831070966,21.0,10.294605662141931,1.9047619047619047,0,False,2,-1.0,False,True,0.9031886047943259,False,False,True,15.7,3.0070592983996027,0.25
baseline,12.0,7,95.69999999999884,15,1.1000000000004064,1.1000000000004064,4.09999999999954,1.0682622879760075,False,False,1.1168196647021895,0.0951595008781044,23.0,2.073460040772051,0.2999999999978371,2.073460040772051,22.0,0.5921788028728607,1.9090909090909092,0.5921788028728607,22.0,11.843576057457215,1.9090909090909092,0,False,2,-1.0,False,True,1.0860981165948838,False,True,False,15.7,3.0070592983996027,0.25
baseline,12.0,7,100.19999999999858,13,1.5,3.500000000000256,3.3999999999993378,1.2372420081163213,False,True,1.2934802812125177,0.1043402732817868,23.0,2.351376001047638,0.2999999999978513,2.351376001047638,22.0,0.6715514155198732,1.9090909090909092,0.6715514155198732,22.0,13.431028310397464,1.9090909090909092,0,False,2,-1.0,False,True,1.2316731434059056,False,True,False,15.7,3.0070592983996027,0.25
baseline,12.0,7,105.49999999999817,25,1.5,2.700000000000415,1.7999999999993292,1.2070284229580661,False,True,1.261893351274342,0.1000315122358061,23.0,1.8670156979250232,0.2999999999979508,1.8670156979250232,22.0,0.533218436430734,1.9090909090909092,0.533218436430734,22.0,10.66436872861468,1.9090909090909092,0,False,2,-1.0,False,True,0.9779606036750121,False,False,True,15.7,3.0070592983996027,0.25
baseline,12.0,7,120.1999999999979,19,1.5,7.999999999999986,6.699999999999733,1.0040033255316037,False,True,1.0476556440329778,0.0265169520393319,24.0,1.9926786597480048,0.2499999999973994,1.9926786597480048,23.0,0.544363881602564,1.9130434782608696,0.544363881602564,23.0,10.88727763205128,1.9130434782608696,0,False,2,-1.0,False,True,1.0416274812319115,False,True,False,15.7,3.0070592983996027,0.25
baseline,12.0,7,129.2999999999974,18,0.6,0.49999999999940314,1.0999999999995111,1.0653165490476841,True,False,1.1116346598758444,0.1029862271447057,24.0,1.633769078863704,0.2999999999978229,1.6337007116312263,23.0,0.446297578593485,1.9130434782608696,0.4463162552887283,23.0,8.926325105774566,1.9130434782608696,1,False,2,-1.0,False,False,0.8540156548605725,False,False,True,15.7,3.0070592983996027,0.25
baseline,12.0,7,129.7999999999968,2,1.5,7.500000000000597,0.49999999999940314,1.555343567429185,False,True,1.6260410023123295,0.1460440578413092,23.0,1.8495706743354472,0.3499999999985448,1.849368746910069,22.0,0.5281784790064759,1.9090909090909092,0.5282361493443055,22.0,10.56472298688611,1.9090909090909092,1,False,2,-1.0,False,False,0.9688227341757104,False,False,True,15.7,3.0070592983996027,0.25
baseline,12.0,7,137.99999999999736,18,1.5,8.0,0.20000000000055707,1.1139646474485003,False,True,1.1623978929897394,0.1899660711569627,24.0,1.3664714810436407,1.0500000000000114,1.2266974080964526,23.0,0.335111614387257,1.9130434782608696,0.3732953709727535,23.0,7.46590741945507,1.9130434782608696,2,False,2,-1.0,False,False,0.7142919105455394,False,False,True,15.7,3.0070592983996027,0.25
baseline,12.0,7,150.09999999999576,22,0.6,0.10000000000044906,4.099999999998403,1.0148931157213268,True,False,1.0590189033613846,0.0479180159061904,24.0,1.965147550048191,0.20000000000416662,1.965147550048191,23.0,0.5368428788218589,1.9130434782608696,0.5368428788218589,23.0,10.736857576437178,1.9130434782608696,1,False,3,-1.0,True,False,1.0272362193433726,False,True,False,15.7,3.0070592983996027,0.25
baseline,12.0,7,150.1999999999962,13,1.5,3.1999999999997044,0.10000000000044906,1.0141390411761073,False,True,1.0582320429663727,0.0471005473575542,24.0,1.965147550048191,0.10000000000371756,1.965147550048191,23.0,0.5368428788218589,1.9130434782608696,0.5368428788218589,23.0,10.736857576437178,1.9130434782608696,1,False,3,-1.0,True,False,1.0272362193433726,False,True,False,15.7,3.0070592983996027,0.25
baseline,12.0,7,153.3999999999959,2,0.6,0.20000000000010232,3.1999999999997044,1.1857322890944717,True,False,1.2421957314323038,0.1090667919256958,22.0,1.9858981395179325,0.4500000000048203,1.7865160206647868,21.0,0.5345243434324729,1.9047619047619047,0.6238883005887175,20.0,12.47776601177435,1.9,1,False,3,-2.0,True,False,1.0452095471147014,False,True,False,15.7,3.0070592983996027,0.25
B2,12.0,7,23.30000000000006,4,1.5,1.7000000000000242,7.500000000000073,0.9855048520724637,False,True,1.0283528891190925,0.0175424743013749,24.0,1.9323358093111445,0.20000000000013785,1.9323358093111445,23.0,0.5278793028522069,1.9130434782608696,0.5278793028522069,23.0,10.557586057044137,1.9130434782608696,0,False,2,-1.0,False,True,1.010084627594462,True,False,False,15.7,3.0070592983996027,0.25
B2,12.0,7,25.000000000000085,6,1.5,3.600000000000051,1.7000000000000242,1.4365220251728528,False,True,1.501818480862528,0.118331936761578,23.0,2.049480539257252,0.40000000000013713,2.0395903192058724,22.0,0.5825056330136391,1.9090909090909092,0.5853302732550754,22.0,11.706605465101507,1.9090909090909092,0,False,2,-1.0,False,True,1.0735374253252272,False,True,False,15.7,3.0070592983996027,0.25
B2,12.0,7,28.600000000000136,25,0.6,0.30000000000000426,3.600000000000051,1.0870601931470754,True,False,1.1388249642493171,0.0494564291389957,22.0,1.9804583484545368,0.25000000000013856,1.9767345360370636,21.0,0.5914375901439302,1.9047619047619047,0.5925517522138426,21.0,11.851035044276852,1.9047619047619047,1,False,3,-1.0,True,False,1.0397406329386318,False,True,False,15.7,3.0070592983996027,0.25
B2,12.0,7,28.90000000000014,16,1.5,2.3999999999999204,0.30000000000000426,1.8861508080519398,False,True,1.9804583484545368,0.2231082395009884,21.0,1.9801553737734128,1.3855583347321954e-13,1.8739067175106223,20.0,0.5887051577243936,1.9,0.592461102401229,21.0,11.84922204802458,1.9047619047619047,1,False,2,0.0,True,False,1.0395815712310417,False,True,False,15.7,3.0070592983996027,0.25
B2,12.0,7,38.80000000000028,2,1.5,6.600000000000094,1.9000000000001407,1.0571230908309739,False,True,1.1030849643453642,0.1171005413677258,24.0,1.8601277265640908,0.4999999999996305,1.843714856685743,23.0,0.5036696564415903,1.9130434782608696,0.5081533565662983,23.0,10.163067131325967,1.9130434782608696,0,False,2,-1.0,False,True,0.9723394934312293,False,False,True,15.7,3.0070592983996027,0.25
B2,12.0,7,45.400000000000375,9,1.3999999999999062,1.3999999999999062,6.600000000000094,0.9901965324982356,False,False,1.0352054657936098,0.0123543617923104,23.0,1.9115193432088216,0.2999999999991658,1.9115193432088216,22.0,0.5459286478017837,1.9090909090909092,0.5459286478017837,22.0,10.918572956035675,1.9090909090909092,0,False,2,-1.0,False,True,1.0012720369189065,True,False,False,15.7,3.0070592983996027,0.25
B2,12.0,7,49.80000000000044,8,0.6,0.09999999999988773,3.0000000000001563,1.0447369429571796,True,False,1.0922249858188695,0.0511655681525382,23.0,1.95554124708017,0.2999999999988532,1.95554124708017,22.0,0.5585012741471713,1.9090909090909092,0.5585012741471713,22.0,11.170025482943426,1.9090909090909092,1,False,3,-1.0,True,False,1.0243311294229462,False,True,False,15.7,3.0070592983996027,0.25
B2,12.0,7,49.900000000000325,6,1.5,3.5000000000000497,0.09999999999988773,1.0478442546038547,False,True,1.09547353890403,0.0477177000603656,23.0,1.95554124708017,0.19999999999896545,1.95554124708017,22.0,0.5585012741471713,1.9090909090909092,0.5585012741471713,22.0,11.170025482943426,1.9090909090909092,1,False,3,-1.0,True,False,1.0243311294229462,False,True,False,15.7,3.0070592983996027,0.25
B2,12.0,7,53.70000000000049,7,1.5,2.900000000000034,0.30000000000011795,1.1124040408724711,False,True,1.1653756618663982,0.1758788125665528,22.0,2.008480794110467,0.2999999999985761,2.008480794110467,21.0,0.6009360483479655,1.9047619047619047,0.6009360483479655,21.0,12.018720966959311,1.9047619047619047,1,False,2,-1.0,False,False,1.0544524169079954,False,True,False,15.7,3.0070592983996027,0.25
B2,12.0,7,56.60000000000053,21,1.1999999999999105,1.1999999999999105,2.900000000000034,1.1133920900153647,False,False,1.169061694516133,0.0483837834394489,21.0,1.8667785271697084,0.29999999999837,1.8667785271697084,20.0,0.586465770683553,1.9,0.586465770683553,20.0,11.72931541367106,1.9,0,False,2,-1.0,False,True,0.9825150142998466,True,False,False,15.7,3.0070592983996027,0.25
B2,12.0,7,74.80000000000003,19,1.5,7.999999999999432,10.199999999999491,0.9721625690516761,False,True,1.0144305068365316,0.0099744093106283,24.0,1.9428895934721229,0.2999999999978513,1.9428895934721229,23.0,0.5307624063989635,1.9130434782608696,0.5307624063989635,23.0,10.615248127979271,1.9130434782608696,0,False,2,-1.0,False,True,1.0156013784058824,True,False,False,15.7,3.0070592983996027,0.25
B2,12.0,7,82.79999999999946,7,0.7999999999998408,0.7999999999998408,7.999999999999432,0.9766090633968258,False,False,1.021000384460318,0.0124033307872792,23.0,1.9781355482263168,0.299999999997965,,,,,0.540390965748923,23.0,10.80781931497846,1.9130434782608696,1,False,2,0.0,True,False,1.034025400209211,False,True,False,15.7,3.0070592983996027,0.25
B2,12.0,7,83.5999999999993,6,1.5,5.199999999999932,0.7999999999992724,1.8432728436959243,False,True,1.92705797295483,0.2329371586266568,23.0,1.97818850671395,0.5499999999980645,1.950212363281556,22.0,0.5569793484932113,1.9090909090909092,0.5649693163734826,22.0,11.299386327469652,1.9090909090909092,2,False,2,-1.0,False,False,1.036193979707307,False,True,False,15.7,3.0070592983996027,0.25
B2,12.0,7,88.79999999999923,18,1.5,2.0000000000002274,5.199999999999932,1.033979919893067,False,True,1.083217058935594,0.0295174735912435,22.0,1.9058573554919676,0.2999999999978513,1.9058573554919676,21.0,0.570231187314632,1.9047619047619047,0.570231187314632,21.0,11.40462374629264,1.9047619047619047,0,False,2,-1.0,False,True,1.000575111633283,True,False,False,15.7,3.0070592983996027,0.25
B2,12.0,7,95.69999999999884,15,1.1000000000004064,1.1000000000004064,4.09999999999954,1.0019778681710267,False,False,1.047522316724255,0.0381131283262039,23.0,1.9612665244172227,0.2999999999978371,1.9612665244172227,22.0,0.5601364095309758,1.9090909090909092,0.5601364095309758,22.0,11.202728190619515,1.9090909090909092,0,False,2,-1.0,False,True,1.027330084218545,False,True,False,15.7,3.0070592983996027,0.25
B2,12.0,7,100.19999999999858,13,1.5,3.500000000000256,3.3999999999993378,1.0312584105648406,False,True,1.0781337928632424,0.0343543493081732,23.0,1.998508301555264,0.2999999999978513,1.998508301555264,22.0,0.5707726362094756,1.9090909090909092,0.5707726362094756,22.0,11.415452724189512,1.9090909090909092,0,False,2,-1.0,False,True,1.046837681767043,False,True,False,15.7,3.0070592983996027,0.25
B2,12.0,7,105.49999999999817,25,1.5,2.700000000000415,1.7999999999993292,1.0441164038871564,False,True,1.0915762404274818,0.0786335557374654,23.0,1.9651897942671328,0.2999999999979508,1.9651897942671328,22.0,0.5612568927799328,1.9090909090909092,0.5612568927799328,22.0,11.225137855598657,1.9090909090909092,0,False,2,-1.0,False,True,1.029385130330403,False,True,False,15.7,3.0070592983996027,0.25
B2,12.0,7,120.1999999999979,19,1.5,7.999999999999986,6.699999999999733,0.9775316939204814,False,True,1.020033071917024,0.0103835171843461,24.0,1.952620600203572,0.29999999999739657,1.952620600203572,23.0,0.5334207419867507,1.9130434782608696,0.5334207419867507,23.0,10.668414839735014,1.9130434782608696,0,False,2,-1.0,False,True,1.0206880410155035,False,True,False,15.7,3.0070592983996027,0.25
B2,12.0,7,129.2999999999974,18,0.6,0.49999999999940314,1.0999999999995111,1.0164397971432306,True,False,1.060632831801632,0.1118117090358135,24.0,1.5675240894107485,0.49999999999786837,1.552098570573503,23.0,0.4240053449531249,1.9130434782608696,0.4282193185754641,23.0,8.564386371509281,1.9130434782608696,1,False,2,-1.0,False,False,0.8193875921919821,False,False,True,15.7,3.0070592983996027,0.25
B2,12.0,7,129.7999999999968,2,1.5,7.500000000000597,0.49999999999940314,1.4993708681320204,False,True,1.5675240894107485,0.134953702474257,23.0,1.9063617407532067,0.29999999999853344,1.9063617407532067,22.0,0.5444556399849931,1.9090909090909092,0.5444556399849931,22.0,10.889112799699863,1.9090909090909092,1,False,2,-1.0,False,False,0.998570435632632,True,False,False,15.7,3.0070592983996027,0.25
B2,12.0,7,137.99999999999736,18,1.5,8.0,0.20000000000055707,1.0793182819013345,False,True,1.1262451637231317,0.201748989287003,24.0,1.437961934010624,1.0,1.2592296038727702,23.0,0.3439988237138678,1.9130434782608696,0.3928252737416997,23.0,7.856505474833994,1.9130434782608696,2,False,2,-1.0,False,False,0.751661920051008,False,False,True,15.7,3.0070592983996027,0.25
B2,12.0,7,150.09999999999576,22,0.6,0.10000000000044906,4.099999999998403,1.0152206711175245,True,False,1.0593607002965473,0.0399799439056823,24.0,1.897942857403368,0.35000000000420073,1.835536110143136,23.0,0.5014353703499532,1.9130434782608696,0.5420512125228765,22.0,10.84102425045753,1.9090909090909092,1,False,3,-2.0,True,False,0.9941605443541451,True,False,False,15.7,3.0070592983996027,0.25
B2,12.0,7,150.1999999999962,13,1.5,3.1999999999997044,0.10000000000044906,1.0158872756508592,False,True,1.0600562876356792,0.0394573648697591,24.0,1.897942857403368,0.25000000000375167,1.835536110143136,23.0,0.5014353703499532,1.9130434782608696,0.5420512125228765,22.0,10.84102425045753,1.9090909090909092,1,False,3,-2.0,True,False,0.9941605443541451,True,False,False,15.7,3.0070592983996027,0.25
B2,12.0,7,153.3999999999959,2,0.6,0.20000000000010232,3.1999999999997044,1.076576011866055,True,False,1.127841536240629,0.0488422776393847,22.0,1.9305742818706917,0.4500000000048203,1.875220815268492,21.0,0.561064755914872,1.9047619047619047,0.6065077981134355,20.0,12.13015596226871,1.9,1,False,3,-2.0,True,False,1.016091727300364,True,False,False,15.7,3.0070592983996027,0.25
