egap_mean_steady20,egap_p90_steady20,egap_max_steady20,gmax_mean_steady20,gmax_max_steady20,frac_gmax_gt125_steady20,frac_gmax_gt150_steady20,n_samples_steady20,t_last_failure,t_close_125_after_last,t_close_110_after_last,censored_125,censored_110,n_failure_start,n_failure_end,n_pulse_injected,n_dual_pulse_event_completed_saida,n_dual_pulse_event_completed_entrada,n_dual_pulse_self_shift_saida,n_dual_pulse_self_shift_entrada,n_landed_events,dp_seq_max,ent_total,ent_legit_id,ent_spur_id,ent_legit_cnt,ent_spur_cnt,order_swap_frac,effort_mean_v2,sat_frac,fairness_p95,m2_k2_dropped_frac_steady20,m2_k2_toggles_per_s_steady20,pulse_payloads_fullrun,assert_alive_deficit_max,assert_alive_excess_max,assert_tol_s,block,method,N,regime,c_hops,range_aa_m,range_at,fd_timeout,rate_total,seed,dt,run_duration_s,tx_rows_steady20,range_required_c,git_commit,git_dirty,experiment_seed,control_period,k_e_tau,composition_mode,num_agents,encirclement_radius,sim_duration,protection_angle_deg,dual_pulse_integration,dual_pulse_delta_scale,dual_pulse_ttl_hops,dual_pulse_t_ff,dual_pulse_multiplicity,dual_pulse_consume_ff_only,communication_delay,communication_failure_rate,communication_range,comm_role_aware_ranges,comm_range_agent_agent,comm_range_agent_target,agent_state_timeout,broadcast_repeats,deterministic_failure_enable,deterministic_failure_agent_id,deterministic_failure_agent_ids,deterministic_failure_time,deterministic_failure_off_time,failure_enable,failure_mean_per_min,experiment_reproducible,vm_tau_xy,vm_max_speed_xy,target_motion_speed_xy,target_swarm_spin_enable,target_swarm_omega_ref,init_radius_range,init_angles_equidistant,ent_legit_ang,ent_spur_ang,ent_ang_undef,ent_W,ent_total_2w,ent_legit_ang_2w,ent_spur_ang_2w,ent_ang_undef_2w,ent_legit_id_2w,ent_spur_id_2w,ent_legit_cnt_2w,ent_spur_cnt_2w,ent_W_2w,tau_fit,tau_fit_r2,t_settle,t_settle_2pct,egap_settle,egap_peak,egap_final,egap_avg,egap_late_std,overshoot_frac
0.11073191931685766,0.190676033445736,0.288679238133754,1.2495986308565592,2.1931856890649324,0.35259259259259257,0.12074074074074075,2700,154.79999999999595,inf,inf,True,True,24,22,196,0,0,0,0,0,0,0,0,0,0,0,0.8903225806451613,0.0013511975751174046,0.0,0.31141488556528174,,,0.0,0.0,0.0,0.35,C,baseline,24,churn,1.608872,8.4,200.0,0.25,12.0,0,0.05,155.0,64800,1.0,ba44b18,False,0,0.05,10.416667,sum,24,20.0,155.0,360.0,B2,1.0,72,1.0,True,True,0.0,0.0,200.0,True,8.4,200.0,0.25,2,False,6,6,15.0,-1.0,True,0.5,True,1.0,10.0,0.0,False,0.0,0.0,True,,,,,,,,,,,,,,,,,,,,,,,
0.110374348844424,0.19171749357964885,0.2879294879860392,1.2478633055272028,2.192214251498403,0.3537037037037037,0.12185185185185185,2700,154.79999999999595,inf,inf,True,True,24,22,193,0,0,0,0,0,0,0,0,0,0,0,0.8903225806451613,0.0013551004442186757,0.0,0.3517031114606772,0.999451276588877,0.037037037037037035,0.0,0.0,0.0,0.35,C,m2,24,churn,1.608872,8.4,200.0,0.25,12.0,0,0.05,155.0,64800,1.9829,ba44b18,False,0,0.05,10.416667,sum,24,20.0,155.0,360.0,B2,1.0,72,1.0,True,True,0.0,0.0,200.0,True,8.4,200.0,0.25,2,False,6,6,15.0,-1.0,True,0.5,True,1.0,10.0,0.0,False,0.0,0.0,True,,,,,,,,,,,,,,,,,,,,,,,
0.1774178225467562,0.3267128609126119,0.4254575001125065,1.4058605666444381,2.4681460449248283,0.6711111111111111,0.3488888888888889,2700,154.79999999999595,inf,inf,True,True,24,22,376,46,811,6,38,56,18,50,8,42,23,27,0.8903225806451613,0.0035734730711390766,0.0,0.8932050679799106,,,9078.0,0.0,0.0,0.35,C,B2,24,churn,1.608872,8.4,200.0,0.25,12.0,0,0.05,155.0,64800,1.9829,ba44b18,False,0,0.05,10.416667,sum,24,20.0,155.0,360.0,B2,1.0,72,1.0,True,True,0.0,0.0,200.0,True,8.4,200.0,0.25,2,False,6,6,15.0,-1.0,True,0.5,True,1.0,10.0,0.0,False,0.0,0.0,True,12.0,38.0,0.0,0.75,50.0,14.0,36.0,0.0,9.0,41.0,27.0,23.0,1.5,,,,,,,,,,
0.15203801539922593,0.2515044792560706,0.4338521365011303,1.385876062884006,2.637237584911299,0.6337037037037037,0.3037037037037037,2700,153.6999999999959,inf,inf,True,True,29,28,330,0,0,0,0,0,0,0,0,0,0,0,0.47096774193548385,0.0033465820504469264,0.0,0.8999089832415773,,,0.0,0.0,0.0,0.35,C,baseline,24,churn,1.608872,8.4,200.0,0.25,12.0,1,0.05,155.0,64800,1.0,ba44b18,False,1,0.05,10.416667,sum,24,20.0,155.0,360.0,B2,1.0,72,1.0,True,True,0.0,0.0,200.0,True,8.4,200.0,0.25,2,False,6,6,15.0,-1.0,True,0.5,True,1.0,10.0,0.0,False,0.0,0.0,True,,,,,,,,,,,,,,,,,,,,,,,
0.15130952799063996,0.2506006220752567,0.4338521365011303,1.3846316280481301,2.637237584911299,0.6381481481481481,0.30074074074074075,2700,153.6999999999959,inf,inf,True,True,29,28,332,0,0,0,0,0,0,0,0,0,0,0,0.47096774193548385,0.003322092372855456,0.0,0.8999103362317055,0.9957040256099786,0.2074074074074074,0.0,0.0,0.0,0.35,C,m2,24,churn,1.608872,8.4,200.0,0.25,12.0,1,0.05,155.0,64800,1.9829,ba44b18,False,1,0.05,10.416667,sum,24,20.0,155.0,360.0,B2,1.0,72,1.0,True,True,0.0,0.0,200.0,True,8.4,200.0,0.25,2,False,6,6,15.0,-1.0,True,0.5,True,1.0,10.0,0.0,False,0.0,0.0,True,,,,,,,,,,,,,,,,,,,,,,,
0.3031282324973619,0.40306718893601046,0.5949074833733343,1.6706252647763218,2.742269033499308,0.9618518518518518,0.7855555555555556,2700,153.6999999999959,inf,inf,True,True,29,28,786,60,1120,7,46,82,46,73,6,67,9,64,0.7612903225806451,0.007579728954314555,0.0,0.9097018596552275,,,16640.0,0.0,0.0,0.35,C,B2,24,churn,1.608872,8.4,200.0,0.25,12.0,1,0.05,155.0,64800,1.9829,ba44b18,False,1,0.05,10.416667,sum,24,20.0,155.0,360.0,B2,1.0,72,1.0,True,True,0.0,0.0,200.0,True,8.4,200.0,0.25,2,False,6,6,15.0,-1.0,True,0.5,True,1.0,10.0,0.0,False,0.0,0.0,True,5.0,68.0,0.0,0.75,73.0,6.0,67.0,0.0,7.0,66.0,15.0,58.0,1.5,,,,,,,,,,
0.13884336924203108,0.24844238779642086,0.4029617195673743,1.3406282396418614,2.3243651348347467,0.5562962962962963,0.25037037037037035,2700,147.89999999999588,3.2000000000042235,inf,False,True,29,28,312,0,0,0,0,0,0,0,0,0,0,0,0.1935483870967742,0.0030156836288698003,0.0,0.8869290009379882,,,0.0,0.0,0.0,0.35,C,baseline,24,churn,1.608872,8.4,200.0,0.25,12.0,2,0.05,155.0,64800,1.0,ba44b18,False,2,0.05,10.416667,sum,24,20.0,155.0,360.0,B2,1.0,72,1.0,True,True,0.0,0.0,200.0,True,8.4,200.0,0.25,2,False,6,6,15.0,-1.0,True,0.5,True,1.0,10.0,0.0,False,0.0,0.0,True,,,,,,,,,,,,,,,,,,,,,,,
0.13858185217401767,0.24477940600927622,0.4029617195673743,1.3416965653894695,2.3243651348347467,0.557037037037037,0.2474074074074074,2700,147.89999999999588,3.250000000004235,inf,False,True,29,28,306,0,0,0,0,0,0,0,0,0,0,0,0.1935483870967742,0.0029737746858492647,0.0,0.8576756036803824,0.9994033511775527,0.07407407407407407,0.0,0.0,0.0,0.35,C,m2,24,churn,1.608872,8.4,200.0,0.25,12.0,2,0.05,155.0,64800,1.9829,ba44b18,False,2,0.05,10.416667,sum,24,20.0,155.0,360.0,B2,1.0,72,1.0,True,True,0.0,0.0,200.0,True,8.4,200.0,0.25,2,False,6,6,15.0,-1.0,True,0.5,True,1.0,10.0,0.0,False,0.0,0.0,True,,,,,,,,,,,,,,,,,,,,,,,
0.28227819859695696,0.5451451263598927,1.034496364891143,1.694224455943557,5.1438512652920005,0.794074074074074,0.5955555555555555,2700,147.89999999999588,inf,inf,True,True,29,28,604,15,727,15,56,95,32,80,4,76,24,56,0.6967741935483871,0.010654500380076065,0.0,0.9142452824283528,,,13504.0,0.0,0.0,0.35,C,B2,24,churn,1.608872,8.4,200.0,0.25,12.0,2,0.05,155.0,64800,1.9829,ba44b18,False,2,0.05,10.416667,sum,24,20.0,155.0,360.0,B2,1.0,72,1.0,True,True,0.0,0.0,200.0,True,8.4,200.0,0.25,2,False,6,6,15.0,-1.0,True,0.5,True,1.0,10.0,0.0,False,0.0,0.0,True,7.0,73.0,1.0,0.75,80.0,7.0,73.0,1.0,5.0,75.0,29.0,51.0,1.5,,,,,,,,,,
0.17424576636406316,0.2586717666613006,0.5043136550699038,1.4557786326049478,3.2133407389176014,0.7366666666666667,0.36666666666666664,2700,150.39999999999574,inf,inf,True,True,38,37,420,0,0,0,0,0,0,0,0,0,0,0,0.8580645161290322,0.0038967365852377897,0.0,0.8981604017755621,,,0.0,0.0,0.0,0.35,C,baseline,24,churn,1.608872,8.4,200.0,0.25,12.0,3,0.05,155.0,64800,1.0,ba44b18,False,3,0.05,10.416667,sum,24,20.0,155.0,360.0,B2,1.0,72,1.0,True,True,0.0,0.0,200.0,True,8.4,200.0,0.25,2,False,6,6,15.0,-1.0,True,0.5,True,1.0,10.0,0.0,False,0.0,0.0,True,,,,,,,,,,,,,,,,,,,,,,,
0.17504581508699607,0.25920745226074143,0.5056444519868143,1.460599198451794,3.215234497277752,0.7496296296296296,0.37222222222222223,2700,150.39999999999574,inf,inf,True,True,38,37,439,0,0,0,0,0,0,0,0,0,0,0,0.8580645161290322,0.004031013478604981,0.0,0.8983906690292986,0.998467497473897,0.11851851851851852,0.0,0.0,0.0,0.35,C,m2,24,churn,1.608872,8.4,200.0,0.25,12.0,3,0.05,155.0,64800,1.9829,ba44b18,False,3,0.05,10.416667,sum,24,20.0,155.0,360.0,B2,1.0,72,1.0,True,True,0.0,0.0,200.0,True,8.4,200.0,0.25,2,False,6,6,15.0,-1.0,True,0.5,True,1.0,10.0,0.0,False,0.0,0.0,True,,,,,,,,,,,,,,,,,,,,,,,
0.3001778695024609,0.4237031299138104,0.9950832463317956,1.7449382156724886,4.803698204055208,0.9814814814814815,0.6662962962962963,2700,150.39999999999574,inf,inf,True,True,38,37,672,3,1184,9,69,97,35,88,8,80,26,62,0.8580645161290322,0.00847033753679997,0.0,0.9049212377242772,,,15243.0,0.0,0.0,0.35,C,B2,24,churn,1.608872,8.4,200.0,0.25,12.0,3,0.05,155.0,64800,1.9829,ba44b18,False,3,0.05,10.416667,sum,24,20.0,155.0,360.0,B2,1.0,72,1.0,True,True,0.0,0.0,200.0,True,8.4,200.0,0.25,2,False,6,6,15.0,-1.0,True,0.5,True,1.0,10.0,0.0,False,0.0,0.0,True,14.0,74.0,0.0,0.75,88.0,15.0,73.0,0.0,8.0,80.0,36.0,52.0,1.5,,,,,,,,,,
0.13333167049941766,0.24179837770050552,0.5259672921790017,1.3412777419003423,3.131756124108453,0.4762962962962963,0.22592592592592592,2700,153.19999999999604,inf,inf,True,True,31,26,275,0,0,0,0,0,0,0,0,0,0,0,0.05806451612903226,0.0025687746395532994,0.0,0.7359020854688952,,,0.0,0.0,0.0,0.35,C,baseline,24,churn,1.608872,8.4,200.0,0.25,12.0,4,0.05,155.0,64800,1.0,ba44b18,False,4,0.05,10.416667,sum,24,20.0,155.0,360.0,B2,1.0,72,1.0,True,True,0.0,0.0,200.0,True,8.4,200.0,0.25,2,False,6,6,15.0,-1.0,True,0.5,True,1.0,10.0,0.0,False,0.0,0.0,True,,,,,,,,,,,,,,,,,,,,,,,
0.1333495909173148,0.2436142433756603,0.5253673368491928,1.3392924699843378,3.126084039570171,0.47,0.2285185185185185,2700,153.19999999999604,inf,inf,True,True,31,26,270,0,0,0,0,0,0,0,0,0,0,0,0.05806451612903226,0.0026207415002268155,0.0,0.7936238600884337,0.9978218181218131,0.1037037037037037,0.0,0.0,0.0,0.35,C,m2,24,churn,1.608872,8.4,200.0,0.25,12.0,4,0.05,155.0,64800,1.9829,ba44b18,False,4,0.05,10.416667,sum,24,20.0,155.0,360.0,B2,1.0,72,1.0,True,True,0.0,0.0,200.0,True,8.4,200.0,0.25,2,False,6,6,15.0,-1.0,True,0.5,True,1.0,10.0,0.0,False,0.0,0.0,True,,,,,,,,,,,,,,,,,,,,,,,
0.1916872983810825,0.33057992208391246,0.5025026220557918,1.465096559348973,3.019252111558811,0.7359259259259259,0.4151851851851852,2700,153.19999999999604,inf,inf,True,True,31,26,418,64,806,8,41,58,16,50,6,44,19,31,0.5935483870967742,0.004815671948356802,0.0,0.8998476703553274,,,9511.0,0.0,0.0,0.35,C,B2,24,churn,1.608872,8.4,200.0,0.25,12.0,4,0.05,155.0,64800,1.9829,ba44b18,False,4,0.05,10.416667,sum,24,20.0,155.0,360.0,B2,1.0,72,1.0,True,True,0.0,0.0,200.0,True,8.4,200.0,0.25,2,False,6,6,15.0,-1.0,True,0.5,True,1.0,10.0,0.0,False,0.0,0.0,True,13.0,37.0,0.0,0.75,50.0,14.0,36.0,0.0,7.0,43.0,25.0,25.0,1.5,,,,,,,,,,
0.1187834252736073,0.20648269947894676,0.3495717857808165,1.30677874961344,2.190541378329572,0.4737037037037037,0.20407407407407407,2700,149.5999999999958,3.250000000004718,inf,False,True,21,19,180,0,0,0,0,0,0,0,0,0,0,0,0.3741935483870968,0.0017673024642645542,0.0,0.2908600174307031,,,0.0,0.0,0.0,0.35,C,baseline,24,churn,1.608872,8.4,200.0,0.25,12.0,5,0.05,155.0,64800,1.0,ba44b18,False,5,0.05,10.416667,sum,24,20.0,155.0,360.0,B2,1.0,72,1.0,True,True,0.0,0.0,200.0,True,8.4,200.0,0.25,2,False,6,6,15.0,-1.0,True,0.5,True,1.0,10.0,0.0,False,0.0,0.0,True,,,,,,,,,,,,,,,,,,,,,,,
0.11815106289958925,0.2055998763971091,0.3495717857808165,1.303574771932508,2.18645810873282,0.4711111111111111,0.19592592592592592,2700,149.5999999999958,3.2000000000047066,inf,False,True,21,19,174,0,0,0,0,0,0,0,0,0,0,0,0.3741935483870968,0.0017416004024991068,0.0,0.2927811972492328,0.99912247915888,0.044444444444444446,0.0,0.0,0.0,0.35,C,m2,24,churn,1.608872,8.4,200.0,0.25,12.0,5,0.05,155.0,64800,1.9829,ba44b18,False,5,0.05,10.416667,sum,24,20.0,155.0,360.0,B2,1.0,72,1.0,True,True,0.0,0.0,200.0,True,8.4,200.0,0.25,2,False,6,6,15.0,-1.0,True,0.5,True,1.0,10.0,0.0,False,0.0,0.0,True,,,,,,,,,,,,,,,,,,,,,,,
0.1639294885145851,0.29799970710294343,0.4681412446637988,1.4035385503662623,2.6275316216197995,0.63,0.3425925925925926,2700,149.5999999999958,inf,inf,True,True,21,19,312,0,748,0,37,45,17,45,10,35,16,29,0.4258064516129032,0.003134345402337762,0.0,0.8948913074814048,,,7683.0,0.0,0.0,0.35,C,B2,24,churn,1.608872,8.4,200.0,0.25,12.0,5,0.05,155.0,64800,1.9829,ba44b18,False,5,0.05,10.416667,sum,24,20.0,155.0,360.0,B2,1.0,72,1.0,True,True,0.0,0.0,200.0,True,8.4,200.0,0.25,2,False,6,6,15.0,-1.0,True,0.5,True,1.0,10.0,0.0,False,0.0,0.0,True,12.0,33.0,1.0,0.75,45.0,12.0,33.0,1.0,10.0,35.0,20.0,25.0,1.5,,,,,,,,,,
0.12881640893426013,0.20518566012294023,0.3049881702779704,1.3276840350926682,2.2228524076001834,0.5081481481481481,0.2174074074074074,2700,154.19999999999553,inf,inf,True,True,25,23,230,0,0,0,0,0,0,0,0,0,0,0,0.3096774193548387,0.001961308693942393,0.0,0.3821908139224358,,,0.0,0.0,0.0,0.35,C,baseline,24,churn,1.608872,8.4,200.0,0.25,12.0,6,0.05,155.0,64800,1.0,ba44b18,False,6,0.05,10.416667,sum,24,20.0,155.0,360.0,B2,1.0,72,1.0,True,True,0.0,0.0,200.0,True,8.4,200.0,0.25,2,False,6,6,15.0,-1.0,True,0.5,True,1.0,10.0,0.0,False,0.0,0.0,True,,,,,,,,,,,,,,,,,,,,,,,
0.12898039783406268,0.2065640026885819,0.3051422630798562,1.3274564345379467,2.274182254952044,0.5051851851851852,0.2162962962962963,2700,154.19999999999553,inf,inf,True,True,25,23,226,0,0,0,0,0,0,0,0,0,0,0,0.3096774193548387,0.001960294344513704,0.0,0.4005532659057374,0.9998046270819426,0.014814814814814815,0.0,0.0,0.0,0.35,C,m2,24,churn,1.608872,8.4,200.0,0.25,12.0,6,0.05,155.0,64800,1.9829,ba44b18,False,6,0.05,10.416667,sum,24,20.0,155.0,360.0,B2,1.0,72,1.0,True,True,0.0,0.0,200.0,True,8.4,200.0,0.25,2,False,6,6,15.0,-1.0,True,0.5,True,1.0,10.0,0.0,False,0.0,0.0,True,,,,,,,,,,,,,,,,,,,,,,,
0.2457238252420854,0.32429121340023764,0.5219006147407742,1.5847806708803027,3.0740797345742057,0.9203703703703704,0.5544444444444444,2700,154.19999999999553,inf,inf,True,True,25,23,464,44,944,4,45,67,24,63,10,53,19,44,0.8774193548387097,0.004617268555030039,0.0,0.8987569221370154,,,11089.0,0.0,0.0,0.35,C,B2,24,churn,1.608872,8.4,200.0,0.25,12.0,6,0.05,155.0,64800,1.9829,ba44b18,False,6,0.05,10.416667,sum,24,20.0,155.0,360.0,B2,1.0,72,1.0,True,True,0.0,0.0,200.0,True,8.4,200.0,0.25,2,False,6,6,15.0,-1.0,True,0.5,True,1.0,10.0,0.0,False,0.0,0.0,True,13.0,50.0,0.0,0.75,63.0,13.0,50.0,0.0,10.0,53.0,25.0,38.0,1.5,,,,,,,,,,
0.13959121096696778,0.22822304410443858,0.3835073579596813,1.3473338899007696,2.407668838821579,0.5085185185185185,0.23,2700,153.59999999999602,inf,inf,True,True,27,23,242,0,0,0,0,0,0,0,0,0,0,0,0.6516129032258065,0.002339879087901619,0.0,0.8367365230213525,,,0.0,0.0,0.0,0.35,C,baseline,24,churn,1.608872,8.4,200.0,0.25,12.0,7,0.05,155.0,64800,1.0,ba44b18,False,7,0.05,10.416667,sum,24,20.0,155.0,360.0,B2,1.0,72,1.0,True,True,0.0,0.0,200.0,True,8.4,200.0,0.25,2,False,6,6,15.0,-1.0,True,0.5,True,1.0,10.0,0.0,False,0.0,0.0,True,,,,,,,,,,,,,,,,,,,,,,,
0.13861687018559826,0.22768489171557396,0.383519968157881,1.345057967028873,2.407668838821579,0.5096296296296297,0.22666666666666666,2700,153.59999999999602,inf,inf,True,True,27,23,245,0,0,0,0,0,0,0,0,0,0,0,0.6516129032258065,0.002316676890095924,0.0,0.8347158650558879,0.9959138308652872,0.2222222222222222,0.0,0.0,0.0,0.35,C,m2,24,churn,1.608872,8.4,200.0,0.25,12.0,7,0.05,155.0,64800,1.9829,ba44b18,False,7,0.05,10.416667,sum,24,20.0,155.0,360.0,B2,1.0,72,1.0,True,True,0.0,0.0,200.0,True,8.4,200.0,0.25,2,False,6,6,15.0,-1.0,True,0.5,True,1.0,10.0,0.0,False,0.0,0.0,True,,,,,,,,,,,,,,,,,,,,,,,
0.2792074278849846,0.38399197009475,0.5052272349824785,1.6488388006335077,2.8256570702097523,0.932962962962963,0.747037037037037,2700,153.59999999999602,inf,inf,True,True,27,23,632,22,985,2,41,64,38,62,11,51,24,38,0.7096774193548387,0.006187957958599486,0.0,0.9066268768473599,,,13595.0,0.0,0.0,0.35,C,B2,24,churn,1.608872,8.4,200.0,0.25,12.0,7,0.05,155.0,64800,1.9829,ba44b18,False,7,0.05,10.416667,sum,24,20.0,155.0,360.0,B2,1.0,72,1.0,True,True,0.0,0.0,200.0,True,8.4,200.0,0.25,2,False,6,6,15.0,-1.0,True,0.5,True,1.0,10.0,0.0,False,0.0,0.0,True,14.0,48.0,0.0,0.75,62.0,14.0,48.0,0.0,11.0,51.0,26.0,36.0,1.5,,,,,,,,,,
0.10039916707071576,0.19174266761390482,0.2715918847499729,1.2439667332605167,2.105114001197992,0.30814814814814817,0.1574074074074074,2700,154.79999999999595,inf,inf,True,True,24,22,80,0,0,0,0,0,0,0,0,0,0,0,0.0,0.0006583082245518568,0.0,0.23104570580213976,,,0.0,0.0,0.0,0.35,D,baseline,24,churn,3.007059,15.7,200.0,0.25,12.0,0,0.05,155.0,64800,1.0,ba44b18,False,0,0.05,10.416667,sum,24,20.0,155.0,360.0,B2,1.0,72,1.0,True,True,0.0,0.0,200.0,True,15.7,200.0,0.25,2,False,6,6,15.0,-1.0,True,0.5,True,1.0,10.0,0.0,False,0.0,0.0,True,,,,,,,,,,,,,,,,,,,,,,,
0.0830553651368537,0.18154417959982383,0.2793666902937565,1.1995393984466445,2.0921944776914696,0.22814814814814816,0.13148148148148148,2700,154.79999999999595,inf,inf,True,True,24,22,82,0,0,0,0,0,0,0,0,0,0,0,0.2,0.0013002290420908377,0.0,0.21287577051640036,0.008134017623704852,0.2962962962962963,0.0,0.0,0.0,0.35,D,m2,24,churn,3.007059,15.7,200.0,0.25,12.0,0,0.05,155.0,64800,1.9829,ba44b18,False,0,0.05,10.416667,sum,24,20.0,155.0,360.0,B2,1.0,72,1.0,True,True,0.0,0.0,200.0,True,15.7,200.0,0.25,2,False,6,6,15.0,-1.0,True,0.5,True,1.0,10.0,0.0,False,0.0,0.0,True,,,,,,,,,,,,,,,,,,,,,,,
0.08324340402144438,0.18839723283608134,0.2746808940852218,1.1906359199313334,2.031907764488759,0.2051851851851852,0.1451851851851852,2700,154.79999999999595,inf,inf,True,True,24,22,84,453,457,22,23,45,5,23,8,15,22,1,0.896774193548387,0.0014743679037901875,0.0,0.2646157574473713,,,3961.0,0.0,0.0,0.35,D,B2,24,churn,3.007059,15.7,200.0,0.25,12.0,0,0.05,155.0,64800,1.9829,ba44b18,False,0,0.05,10.416667,sum,24,20.0,155.0,360.0,B2,1.0,72,1.0,True,True,0.0,0.0,200.0,True,15.7,200.0,0.25,2,False,6,6,15.0,-1.0,True,0.5,True,1.0,10.0,0.0,False,0.0,0.0,True,20.0,3.0,0.0,0.75,23.0,21.0,2.0,0.0,8.0,15.0,23.0,0.0,1.5,,,,,,,,,,
0.1389440549723959,0.24524227050777297,0.4495703490965496,1.3702578002833394,2.523364622979196,0.5159259259259259,0.2837037037037037,2700,153.6999999999959,inf,inf,True,True,29,28,109,0,0,0,0,0,0,0,0,0,0,0,0.33548387096774196,0.0011052328394425665,0.0,0.30256497444979047,,,0.0,0.0,0.0,0.35,D,baseline,24,churn,3.007059,15.7,200.0,0.25,12.0,1,0.05,155.0,64800,1.0,ba44b18,False,1,0.05,10.416667,sum,24,20.0,155.0,360.0,B2,1.0,72,1.0,True,True,0.0,0.0,200.0,True,15.7,200.0,0.25,2,False,6,6,15.0,-1.0,True,0.5,True,1.0,10.0,0.0,False,0.0,0.0,True,,,,,,,,,,,,,,,,,,,,,,,
0.12011793167285109,0.23676326108290205,0.4011061684786041,1.326705874759995,2.352300711051185,0.4151851851851852,0.26296296296296295,2700,153.6999999999959,inf,inf,True,True,29,28,109,0,0,0,0,0,0,0,0,0,0,0,0.33548387096774196,0.00227882746435258,0.0,0.27219235384079904,0.030338718773844673,0.7555555555555555,0.0,0.0,0.0,0.35,D,m2,24,churn,3.007059,15.7,200.0,0.25,12.0,1,0.05,155.0,64800,1.9829,ba44b18,False,1,0.05,10.416667,sum,24,20.0,155.0,360.0,B2,1.0,72,1.0,True,True,0.0,0.0,200.0,True,15.7,200.0,0.25,2,False,6,6,15.0,-1.0,True,0.5,True,1.0,10.0,0.0,False,0.0,0.0,True,,,,,,,,,,,,,,,,,,,,,,,
0.11877990322672308,0.2390522349706651,0.330281948352866,1.3160524527640638,2.3813494492757186,0.37962962962962965,0.26851851851851855,2700,153.6999999999959,inf,inf,True,True,29,28,104,532,553,28,28,56,6,28,14,14,26,2,0.7612903225806451,0.00262640819769825,0.0,0.25908282974819336,,,4814.0,0.0,0.0,0.35,D,B2,24,churn,3.007059,15.7,200.0,0.25,12.0,1,0.05,155.0,64800,1.9829,ba44b18,False,1,0.05,10.416667,sum,24,20.0,155.0,360.0,B2,1.0,72,1.0,True,True,0.0,0.0,200.0,True,15.7,200.0,0.25,2,False,6,6,15.0,-1.0,True,0.5,True,1.0,10.0,0.0,False,0.0,0.0,True,26.0,2.0,0.0,0.75,28.0,28.0,0.0,0.0,16.0,12.0,28.0,0.0,1.5,,,,,,,,,,
0.13159304874553474,0.24015273662979583,0.3583766031354497,1.3463789791441816,2.2594365807347887,0.48592592592592593,0.26185185185185184,2700,147.89999999999588,3.400000000004269,inf,False,True,29,28,106,0,0,0,0,0,0,0,0,0,0,0,0.14838709677419354,0.0010609348805181594,0.0,0.30107945248220824,,,0.0,0.0,0.0,0.35,D,baseline,24,churn,3.007059,15.7,200.0,0.25,12.0,2,0.05,155.0,64800,1.0,ba44b18,False,2,0.05,10.416667,sum,24,20.0,155.0,360.0,B2,1.0,72,1.0,True,True,0.0,0.0,200.0,True,15.7,200.0,0.25,2,False,6,6,15.0,-1.0,True,0.5,True,1.0,10.0,0.0,False,0.0,0.0,True,,,,,,,,,,,,,,,,,,,,,,,
0.11198671543454153,0.21516837424039625,0.3529016312938416,1.2935874493061195,2.075118478175542,0.3985185185185185,0.23,2700,147.89999999999588,1.9000000000039279,4.000000000004405,False,False,29,28,107,0,0,0,0,0,0,0,0,0,0,0,0.21935483870967742,0.002270157201968889,0.0,0.23965210781045881,0.025938080084858126,0.9185185185185185,0.0,0.0,0.0,0.35,D,m2,24,churn,3.007059,15.7,200.0,0.25,12.0,2,0.05,155.0,64800,1.9829,ba44b18,False,2,0.05,10.416667,sum,24,20.0,155.0,360.0,B2,1.0,72,1.0,True,True,0.0,0.0,200.0,True,15.7,200.0,0.25,2,False,6,6,15.0,-1.0,True,0.5,True,1.0,10.0,0.0,False,0.0,0.0,True,,,,,,,,,,,,,,,,,,,,,,,
0.11114716696465039,0.2248598562872139,0.3666196282185098,1.3004310216882438,2.1311556753041154,0.35259259259259257,0.2577777777777778,2700,147.89999999999588,2.200000000003996,3.250000000004235,False,False,29,28,104,562,537,29,28,57,9,28,19,9,24,4,0.21935483870967742,0.0023407427652042743,0.0,0.287921105650931,,,4841.0,0.0,0.0,0.35,D,B2,24,churn,3.007059,15.7,200.0,0.25,12.0,2,0.05,155.0,64800,1.9829,ba44b18,False,2,0.05,10.416667,sum,24,20.0,155.0,360.0,B2,1.0,72,1.0,True,True,0.0,0.0,200.0,True,15.7,200.0,0.25,2,False,6,6,15.0,-1.0,True,0.5,True,1.0,10.0,0.0,False,0.0,0.0,True,24.0,4.0,0.0,0.75,28.0,27.0,1.0,0.0,22.0,6.0,28.0,0.0,1.5,,,,,,,,,,
0.16400188322123155,0.25507066106226634,0.379778850935669,1.4453775616165434,2.353554152977307,0.6796296296296296,0.3511111111111111,2700,150.39999999999574,3.750000000005059,inf,False,True,38,37,141,0,0,0,0,0,0,0,0,0,0,0,0.22580645161290322,0.0013787532432773804,0.0,0.2923035740831419,,,0.0,0.0,0.0,0.35,D,baseline,24,churn,3.007059,15.7,200.0,0.25,12.0,3,0.05,155.0,64800,1.0,ba44b18,False,3,0.05,10.416667,sum,24,20.0,155.0,360.0,B2,1.0,72,1.0,True,True,0.0,0.0,200.0,True,15.7,200.0,0.25,2,False,6,6,15.0,-1.0,True,0.5,True,1.0,10.0,0.0,False,0.0,0.0,True,,,,,,,,,,,,,,,,,,,,,,,
0.1390644124492418,0.22897257850288275,0.3574850003866997,1.3656430832426532,2.2284646590381167,0.5122222222222222,0.2774074074074074,2700,150.39999999999574,3.8000000000050704,inf,False,True,38,37,144,0,0,0,0,0,0,0,0,0,0,0,0.7225806451612903,0.002798546427576235,0.0,0.2901035231533364,0.03385035113423938,1.0666666666666667,0.0,0.0,0.0,0.35,D,m2,24,churn,3.007059,15.7,200.0,0.25,12.0,3,0.05,155.0,64800,1.9829,ba44b18,False,3,0.05,10.416667,sum,24,20.0,155.0,360.0,B2,1.0,72,1.0,True,True,0.0,0.0,200.0,True,15.7,200.0,0.25,2,False,6,6,15.0,-1.0,True,0.5,True,1.0,10.0,0.0,False,0.0,0.0,True,,,,,,,,,,,,,,,,,,,,,,,
0.14174247366651765,0.24310030829273538,0.4321653775402943,1.3805202175258007,2.922884706128718,0.48074074074074075,0.3377777777777778,2700,150.39999999999574,2.000000000004661,3.9500000000051045,False,False,38,37,137,724,761,38,39,78,6,39,19,20,34,5,0.7677419354838709,0.0029601247028344453,0.0,0.35766081725107624,,,6617.0,0.0,0.0,0.35,D,B2,24,churn,3.007059,15.7,200.0,0.25,12.0,3,0.05,155.0,64800,1.9829,ba44b18,False,3,0.05,10.416667,sum,24,20.0,155.0,360.0,B2,1.0,72,1.0,True,True,0.0,0.0,200.0,True,15.7,200.0,0.25,2,False,6,6,15.0,-1.0,True,0.5,True,1.0,10.0,0.0,False,0.0,0.0,True,32.0,7.0,0.0,0.75,39.0,37.0,2.0,0.0,24.0,15.0,38.0,1.0,1.5,,,,,,,,,,
0.1282263843432425,0.2331522412044304,0.5183702510035963,1.3551097774863863,3.0342635178959805,0.4362962962962963,0.27814814814814814,2700,153.19999999999604,inf,inf,True,True,31,26,116,0,0,0,0,0,0,0,0,0,0,0,0.05806451612903226,0.0008739051352776813,0.0,0.2552834714493737,,,0.0,0.0,0.0,0.35,D,baseline,24,churn,3.007059,15.7,200.0,0.25,12.0,4,0.05,155.0,64800,1.0,ba44b18,False,4,0.05,10.416667,sum,24,20.0,155.0,360.0,B2,1.0,72,1.0,True,True,0.0,0.0,200.0,True,15.7,200.0,0.25,2,False,6,6,15.0,-1.0,True,0.5,True,1.0,10.0,0.0,False,0.0,0.0,True,,,,,,,,,,,,,,,,,,,,,,,
0.10828785699506892,0.2241649244198786,0.4830704496517491,1.2948394538486463,2.8183986882102063,0.35703703703703704,0.23703703703703705,2700,153.19999999999604,inf,inf,True,True,31,26,111,0,0,0,0,0,0,0,0,0,0,0,0.4967741935483871,0.001868597933847334,0.0,0.22247075026697408,0.02907494802151744,0.7333333333333333,0.0,0.0,0.0,0.35,D,m2,24,churn,3.007059,15.7,200.0,0.25,12.0,4,0.05,155.0,64800,1.9829,ba44b18,False,4,0.05,10.416667,sum,24,20.0,155.0,360.0,B2,1.0,72,1.0,True,True,0.0,0.0,200.0,True,15.7,200.0,0.25,2,False,6,6,15.0,-1.0,True,0.5,True,1.0,10.0,0.0,False,0.0,0.0,True,,,,,,,,,,,,,,,,,,,,,,,
0.1069104636556261,0.2274693006200562,0.4809009046404992,1.3059885972037493,2.795679625949316,0.3622222222222222,0.25851851851851854,2700,153.19999999999604,inf,inf,True,True,31,26,116,542,518,29,28,57,6,28,16,12,24,4,0.4967741935483871,0.0018381420431252478,0.0,0.22430883837746146,,,4828.0,0.0,0.0,0.35,D,B2,24,churn,3.007059,15.7,200.0,0.25,12.0,4,0.05,155.0,64800,1.9829,ba44b18,False,4,0.05,10.416667,sum,24,20.0,155.0,360.0,B2,1.0,72,1.0,True,True,0.0,0.0,200.0,True,15.7,200.0,0.25,2,False,6,6,15.0,-1.0,True,0.5,True,1.0,10.0,0.0,False,0.0,0.0,True,23.0,5.0,0.0,0.75,28.0,25.0,3.0,0.0,18.0,10.0,26.0,2.0,1.5,,,,,,,,,,
0.11462986657932273,0.2035759051099124,0.3893156461431715,1.3115686892600247,2.5762693303399544,0.39555555555555555,0.23296296296296296,2700,149.5999999999958,2.450000000004536,inf,False,True,21,19,77,0,0,0,0,0,0,0,0,0,0,0,0.3741935483870968,0.000707151593190359,0.0,0.22644515523490027,,,0.0,0.0,0.0,0.35,D,baseline,24,churn,3.007059,15.7,200.0,0.25,12.0,5,0.05,155.0,64800,1.0,ba44b18,False,5,0.05,10.416667,sum,24,20.0,155.0,360.0,B2,1.0,72,1.0,True,True,0.0,0.0,200.0,True,15.7,200.0,0.25,2,False,6,6,15.0,-1.0,True,0.5,True,1.0,10.0,0.0,False,0.0,0.0,True,,,,,,,,,,,,,,,,,,,,,,,
0.09151475979450449,0.18551694723488477,0.3392431092653982,1.2435812182322068,2.196927367346989,0.2722222222222222,0.17407407407407408,2700,149.5999999999958,1.8000000000043883,3.2000000000047066,False,False,21,19,77,0,0,0,0,0,0,0,0,0,0,0,0.5225806451612903,0.001663195418788381,0.0,0.180034812787004,0.009132865314612585,0.4740740740740741,0.0,0.0,0.0,0.35,D,m2,24,churn,3.007059,15.7,200.0,0.25,12.0,5,0.05,155.0,64800,1.9829,ba44b18,False,5,0.05,10.416667,sum,24,20.0,155.0,360.0,B2,1.0,72,1.0,True,True,0.0,0.0,200.0,True,15.7,200.0,0.25,2,False,6,6,15.0,-1.0,True,0.5,True,1.0,10.0,0.0,False,0.0,0.0,True,,,,,,,,,,,,,,,,,,,,,,,
0.0928377394881909,0.19391508323892423,0.303943945669724,1.2483790443871254,2.38443489762327,0.2803703703703704,0.2,2700,149.5999999999958,2.300000000004502,3.600000000004826,False,False,21,19,76,440,406,21,19,41,7,20,14,6,17,3,0.3741935483870968,0.0016672872340027457,0.0,0.23075808604390408,,,3666.0,0.0,0.0,0.35,D,B2,24,churn,3.007059,15.7,200.0,0.25,12.0,5,0.05,155.0,64800,1.9829,ba44b18,False,5,0.05,10.416667,sum,24,20.0,155.0,360.0,B2,1.0,72,1.0,True,True,0.0,0.0,200.0,True,15.7,200.0,0.25,2,False,6,6,15.0,-1.0,True,0.5,True,1.0,10.0,0.0,False,0.0,0.0,True,16.0,4.0,1.0,0.75,20.0,18.0,2.0,1.0,16.0,4.0,20.0,0.0,1.5,,,,,,,,,,
0.12046722243498734,0.20272296159612355,0.3010068291676299,1.3253827865285093,2.1784821059497754,0.44296296296296295,0.2237037037037037,2700,154.19999999999553,inf,inf,True,True,25,23,91,0,0,0,0,0,0,0,0,0,0,0,0.0,0.0007660204159252822,0.0,0.21736813089006835,,,0.0,0.0,0.0,0.35,D,baseline,24,churn,3.007059,15.7,200.0,0.25,12.0,6,0.05,155.0,64800,1.0,ba44b18,False,6,0.05,10.416667,sum,24,20.0,155.0,360.0,B2,1.0,72,1.0,True,True,0.0,0.0,200.0,True,15.7,200.0,0.25,2,False,6,6,15.0,-1.0,True,0.5,True,1.0,10.0,0.0,False,0.0,0.0,True,,,,,,,,,,,,,,,,,,,,,,,
0.1036804790345161,0.1909760992019772,0.2869341360980196,1.2729694146079429,2.132103874233404,0.3174074074074074,0.19555555555555557,2700,154.19999999999553,inf,inf,True,True,25,23,90,0,0,0,0,0,0,0,0,0,0,0,0.4129032258064516,0.001720912041906381,0.0,0.19985761975660396,0.010517404187424702,0.6666666666666666,0.0,0.0,0.0,0.35,D,m2,24,churn,3.007059,15.7,200.0,0.25,12.0,6,0.05,155.0,64800,1.9829,ba44b18,False,6,0.05,10.416667,sum,24,20.0,155.0,360.0,B2,1.0,72,1.0,True,True,0.0,0.0,200.0,True,15.7,200.0,0.25,2,False,6,6,15.0,-1.0,True,0.5,True,1.0,10.0,0.0,False,0.0,0.0,True,,,,,,,,,,,,,,,,,,,,,,,
0.10511529464689223,0.19581794626216922,0.2845992252461501,1.2790744679947552,2.0211878830494467,0.3377777777777778,0.2237037037037037,2700,154.19999999999553,inf,inf,True,True,25,23,89,522,522,25,24,50,8,25,12,13,21,4,0.8774193548387097,0.0021248913149185403,0.0,0.23647597097660625,,,4485.0,0.0,0.0,0.35,D,B2,24,churn,3.007059,15.7,200.0,0.25,12.0,6,0.05,155.0,64800,1.9829,ba44b18,False,6,0.05,10.416667,sum,24,20.0,155.0,360.0,B2,1.0,72,1.0,True,True,0.0,0.0,200.0,True,15.7,200.0,0.25,2,False,6,6,15.0,-1.0,True,0.5,True,1.0,10.0,0.0,False,0.0,0.0,True,19.0,6.0,0.0,0.75,25.0,23.0,2.0,0.0,13.0,12.0,25.0,0.0,1.5,,,,,,,,,,
0.12965448602892857,0.22511294199566648,0.4619253632311146,1.3405297555736824,2.7954706598711714,0.43074074074074076,0.25666666666666665,2700,153.59999999999602,inf,inf,True,True,27,23,103,0,0,0,0,0,0,0,0,0,0,0,0.6516129032258065,0.0007954072532996569,0.0,0.23518610312376398,,,0.0,0.0,0.0,0.35,D,baseline,24,churn,3.007059,15.7,200.0,0.25,12.0,7,0.05,155.0,64800,1.0,ba44b18,False,7,0.05,10.416667,sum,24,20.0,155.0,360.0,B2,1.0,72,1.0,True,True,0.0,0.0,200.0,True,15.7,200.0,0.25,2,False,6,6,15.0,-1.0,True,0.5,True,1.0,10.0,0.0,False,0.0,0.0,True,,,,,,,,,,,,,,,,,,,,,,,
0.10675111507237556,0.20491345165236502,0.3391563997628245,1.2793172571617164,2.2980788372237573,0.32814814814814813,0.21777777777777776,2700,153.59999999999602,inf,inf,True,True,27,23,95,0,0,0,0,0,0,0,0,0,0,0,0.6516129032258065,0.0017253950482750608,0.0,0.24059566582217964,0.018126246281586086,0.5703703703703704,0.0,0.0,0.0,0.35,D,m2,24,churn,3.007059,15.7,200.0,0.25,12.0,7,0.05,155.0,64800,1.9829,ba44b18,False,7,0.05,10.416667,sum,24,20.0,155.0,360.0,B2,1.0,72,1.0,True,True,0.0,0.0,200.0,True,15.7,200.0,0.25,2,False,6,6,15.0,-1.0,True,0.5,True,1.0,10.0,0.0,False,0.0,0.0,True,,,,,,,,,,,,,,,,,,,,,,,
0.1013173422241301,0.20384440659896896,0.3292549098721368,1.2627821736098332,2.049480539257252,0.30185185185185187,0.21259259259259258,2700,153.59999999999602,inf,inf,True,True,27,23,93,531,466,27,23,50,7,23,12,11,22,1,0.7096774193548387,0.002148607377903293,0.0,0.2315864055302734,,,4374.0,0.0,0.0,0.35,D,B2,24,churn,3.007059,15.7,200.0,0.25,12.0,7,0.05,155.0,64800,1.9829,ba44b18,False,7,0.05,10.416667,sum,24,20.0,155.0,360.0,B2,1.0,72,1.0,True,True,0.0,0.0,200.0,True,15.7,200.0,0.25,2,False,6,6,15.0,-1.0,True,0.5,True,1.0,10.0,0.0,False,0.0,0.0,True,22.0,1.0,0.0,0.75,23.0,23.0,0.0,0.0,12.0,11.0,23.0,0.0,1.5,,,,,,,,,,
0.010533480903824763,0.0249641794075363,0.0341829882855857,1.0154595225144756,1.0557476977787523,0.0,0.0,1501,5.099999999999998,3.2999999999999865,8.100000000000055,False,False,1,0,4,0,0,0,0,0,0,0,0,0,0,0,0.0,1.2252200923284097e-06,0.0,0.005557079417083864,,,0.0,0.0,0.0,0.35,A,baseline,24,clean,1.608872,8.4,200.0,0.25,0.0,0,0.05,95.0,36024,1.0,ba44b18,False,0,0.05,10.416667,sum,24,20.0,95.0,360.0,B2,1.0,72,1.0,True,True,0.0,0.0,200.0,True,8.4,200.0,0.25,2,True,14,14,5.0,-1.0,True,0.0,True,1.0,10.0,0.0,False,0.0,0.0,True,,,,,,,,,,,,,,19.895608576920935,0.9341193235430542,41.6499999999995,59.2999999999985,0.0016048903317058,0.1954669443143802,0.0015725941334849,0.012274487112820238,0.0005730805486620342,0.9495860741442858
0.010533480903824763,0.0249641794075363,0.0341829882855857,1.0154595225144756,1.0557476977787523,0.0,0.0,1501,5.099999999999998,3.2999999999999865,8.100000000000055,False,False,1,0,4,0,0,0,0,0,0,0,0,0,0,0,0.0,1.2252200923284097e-06,0.0,0.005557079417083864,1.0,0.0,0.0,0.0,0.0,0.35,A,m2,24,clean,1.608872,8.4,200.0,0.25,0.0,0,0.05,95.0,36024,1.9829,ba44b18,False,0,0.05,10.416667,sum,24,20.0,95.0,360.0,B2,1.0,72,1.0,True,True,0.0,0.0,200.0,True,8.4,200.0,0.25,2,True,14,14,5.0,-1.0,True,0.0,True,1.0,10.0,0.0,False,0.0,0.0,True,,,,,,,,,,,,,,19.895608576920935,0.9341193235430542,41.6499999999995,59.2999999999985,0.0016048903317058,0.1954669443143802,0.0015725941334849,0.012274487112820238,0.0005730805486620342,0.9495860741442858
0.020609609807581062,0.0488547292154169,0.0672437892999885,1.0306693158669369,1.1126704860661598,0.0,0.0,1501,5.099999999999998,6.500000000000032,16.750000000000178,False,False,1,0,4,0,21,0,1,1,2,1,0,1,0,1,0.0,4.7268613449568135e-06,0.0,0.011233600266003368,,,140.0,0.0,0.0,0.35,A,B2,24,clean,1.608872,8.4,200.0,0.25,0.0,0,0.05,95.0,36024,1.9829,ba44b18,False,0,0.05,10.416667,sum,24,20.0,95.0,360.0,B2,1.0,72,1.0,True,True,0.0,0.0,200.0,True,8.4,200.0,0.25,2,True,14,14,5.0,-1.0,True,0.0,True,1.0,10.0,0.0,False,0.0,0.0,True,0.0,1.0,0.0,0.75,1.0,0.0,1.0,0.0,0.0,1.0,0.0,1.0,1.5,23.490552409104907,0.9960587689565573,54.89999999999874,69.6499999999979,0.0031371172251174,0.1954669443143802,0.0030708436770058,0.024066349475142385,0.0011198499412038254,0.9491844433927398
0.010486979036643869,0.0248349550237148,0.034030348015898,1.0153815959165473,1.0554564951878402,0.0,0.0,1501,5.099999999999998,3.349999999999987,8.100000000000055,False,False,1,0,4,0,0,0,0,0,0,0,0,0,0,0,0.0,1.2131080074872244e-06,0.0,0.005531257056710879,,,0.0,0.0,0.0,0.35,A,baseline,24,clean,1.608872,8.4,200.0,0.25,0.0,1,0.05,95.0,36024,1.0,ba44b18,False,1,0.05,10.416667,sum,24,20.0,95.0,360.0,B2,1.0,72,1.0,True,True,0.0,0.0,200.0,True,8.4,200.0,0.25,2,True,15,15,5.0,-1.0,True,0.0,True,1.0,10.0,0.0,False,0.0,0.0,True,,,,,,,,,,,,,,19.718104209324448,0.9294487048483873,41.5999999999995,59.2999999999985,0.0015954910088594,0.1948455669240218,0.0015630150162285,0.0122182971452954,0.0005707298426641862,0.9495871952439595
0.010486979036643869,0.0248349550237148,0.034030348015898,1.0153815959165473,1.0554564951878402,0.0,0.0,1501,5.099999999999998,3.349999999999987,8.100000000000055,False,False,1,0,4,0,0,0,0,0,0,0,0,0,0,0,0.0,1.2131080074872244e-06,0.0,0.005531257056710879,1.0,0.0,0.0,0.0,0.0,0.35,A,m2,24,clean,1.608872,8.4,200.0,0.25,0.0,1,0.05,95.0,36024,1.9829,ba44b18,False,1,0.05,10.416667,sum,24,20.0,95.0,360.0,B2,1.0,72,1.0,True,True,0.0,0.0,200.0,True,8.4,200.0,0.25,2,True,15,15,5.0,-1.0,True,0.0,True,1.0,10.0,0.0,False,0.0,0.0,True,,,,,,,,,,,,,,19.718104209324448,0.9294487048483873,41.5999999999995,59.2999999999985,0.0015954910088594,0.1948455669240218,0.0015630150162285,0.0122182971452954,0.0005707298426641862,0.9495871952439595
0.020575288832132665,0.0487425523008674,0.067120141467002,1.0305518016164639,1.1120457904131396,0.0,0.0,1501,5.099999999999998,6.500000000000032,16.700000000000173,False,False,1,0,4,0,21,0,1,1,2,1,0,1,0,1,0.0,4.703421751357105e-06,0.0,0.01103185101287074,,,140.0,0.0,0.0,0.35,A,B2,24,clean,1.608872,8.4,200.0,0.25,0.0,1,0.05,95.0,36024,1.9829,ba44b18,False,1,0.05,10.416667,sum,24,20.0,95.0,360.0,B2,1.0,72,1.0,True,True,0.0,0.0,200.0,True,8.4,200.0,0.25,2,True,15,15,5.0,-1.0,True,0.0,True,1.0,10.0,0.0,False,0.0,0.0,True,0.0,1.0,0.0,0.75,1.0,0.0,1.0,0.0,0.0,1.0,0.0,1.0,1.5,23.384444091414778,0.9952855566945505,54.89999999999874,69.69999999999791,0.0031337596541096,0.1948455669240218,0.0030666314607689,0.024020257112521405,0.0011184947733271847,0.9491826899712813
0.010460171709728593,0.0247568595229797,0.0339512716214601,1.0153272600113536,1.055214287126806,0.0,0.0,1501,5.099999999999998,3.349999999999987,8.100000000000055,False,False,1,0,4,0,0,0,0,0,0,0,0,0,0,0,0.0,1.2063352805239387e-06,0.0,0.005529719153856295,,,0.0,0.0,0.0,0.35,A,baseline,24,clean,1.608872,8.4,200.0,0.25,0.0,2,0.05,95.0,36024,1.0,ba44b18,False,2,0.05,10.416667,sum,24,20.0,95.0,360.0,B2,1.0,72,1.0,True,True,0.0,0.0,200.0,True,8.4,200.0,0.25,2,True,16,16,5.0,-1.0,True,0.0,True,1.0,10.0,0.0,False,0.0,0.0,True,,,,,,,,,,,,,,19.779249030635494,0.9303884366947244,41.6499999999995,59.2999999999985,0.0015930775911424,0.19409370439799,0.0015608402088432,0.012185796808439862,0.0005696635886952937,0.9495862149600321
0.010460171709728593,0.0247568595229797,0.0339512716214601,1.0153272600113536,1.055214287126806,0.0,0.0,1501,5.099999999999998,3.349999999999987,8.100000000000055,False,False,1,0,4,0,0,0,0,0,0,0,0,0,0,0,0.0,1.2063352805239387e-06,0.0,0.005529719153856295,1.0,0.0,0.0,0.0,0.0,0.35,A,m2,24,clean,1.608872,8.4,200.0,0.25,0.0,2,0.05,95.0,36024,1.9829,ba44b18,False,2,0.05,10.416667,sum,24,20.0,95.0,360.0,B2,1.0,72,1.0,True,True,0.0,0.0,200.0,True,8.4,200.0,0.25,2,True,16,16,5.0,-1.0,True,0.0,True,1.0,10.0,0.0,False,0.0,0.0,True,,,,,,,,,,,,,,19.779249030635494,0.9303884366947244,41.6499999999995,59.2999999999985,0.0015930775911424,0.19409370439799,0.0015608402088432,0.012185796808439862,0.0005696635886952937,0.9495862149600321
0.020484546287100523,0.0484786987449151,0.0668577675264947,1.0304847536243307,1.1119866983518056,0.0,0.0,1501,5.099999999999998,6.500000000000032,16.650000000000173,False,False,1,0,4,0,21,0,1,1,2,1,0,1,0,1,0.0,4.6605045351618245e-06,0.0,0.011011003438133035,,,140.0,0.0,0.0,0.35,A,B2,24,clean,1.608872,8.4,200.0,0.25,0.0,2,0.05,95.0,36024,1.9829,ba44b18,False,2,0.05,10.416667,sum,24,20.0,95.0,360.0,B2,1.0,72,1.0,True,True,0.0,0.0,200.0,True,8.4,200.0,0.25,2,True,16,16,5.0,-1.0,True,0.0,True,1.0,10.0,0.0,False,0.0,0.0,True,0.0,1.0,0.0,0.75,1.0,0.0,1.0,0.0,0.0,1.0,0.0,1.0,1.5,23.450021421658224,0.9954824518431461,54.94999999999874,69.69999999999791,0.0031158252617785,0.19409370439799,0.0030532504619866,0.02391452542085992,0.00111404085323487,0.9491842444591302
0.01039430539162901,0.0246226412483322,0.0337067726507497,1.0152368355742911,1.0549316337610584,0.0,0.0,1501,5.099999999999998,3.2999999999999865,8.000000000000053,False,False,1,0,4,0,0,0,0,0,0,0,0,0,0,0,0.0,1.1902054161669064e-06,0.0,0.005567066631052195,,,0.0,0.0,0.0,0.35,A,baseline,24,clean,1.608872,8.4,200.0,0.25,0.0,3,0.05,95.0,36024,1.0,ba44b18,False,3,0.05,10.416667,sum,24,20.0,95.0,360.0,B2,1.0,72,1.0,True,True,0.0,0.0,200.0,True,8.4,200.0,0.25,2,True,17,17,5.0,-1.0,True,0.0,True,1.0,10.0,0.0,False,0.0,0.0,True,,,,,,,,,,,,,,19.596496424354303,0.9259749310055572,41.4999999999995,59.199999999998504,0.0015855142730682,0.1941864033997151,0.0015528745654151,0.012108385051650086,0.0005659829115535747,0.9495883938334194
0.01039430539162901,0.0246226412483322,0.0337067726507497,1.0152368355742911,1.0549316337610584,0.0,0.0,1501,5.099999999999998,3.2999999999999865,8.000000000000053,False,False,1,0,4,0,0,0,0,0,0,0,0,0,0,0,0.0,1.1902054161669064e-06,0.0,0.005567066631052195,1.0,0.0,0.0,0.0,0.0,0.35,A,m2,24,clean,1.608872,8.4,200.0,0.25,0.0,3,0.05,95.0,36024,1.9829,ba44b18,False,3,0.05,10.416667,sum,24,20.0,95.0,360.0,B2,1.0,72,1.0,True,True,0.0,0.0,200.0,True,8.4,200.0,0.25,2,True,17,17,5.0,-1.0,True,0.0,True,1.0,10.0,0.0,False,0.0,0.0,True,,,,,,,,,,,,,,19.596496424354303,0.9259749310055572,41.4999999999995,59.199999999998504,0.0015855142730682,0.1941864033997151,0.0015528745654151,0.012108385051650086,0.0005659829115535747,0.9495883938334194
0.020438878247684245,0.0484271546980649,0.0666514647554384,1.0303580829876715,1.1113451755039812,0.0,0.0,1501,5.099999999999998,6.450000000000031,16.600000000000176,False,False,1,0,4,0,21,0,1,1,2,1,0,1,0,1,0.0,4.639540786987129e-06,0.0,0.01107866065098893,,,140.0,0.0,0.0,0.35,A,B2,24,clean,1.608872,8.4,200.0,0.25,0.0,3,0.05,95.0,36024,1.9829,ba44b18,False,3,0.05,10.416667,sum,24,20.0,95.0,360.0,B2,1.0,72,1.0,True,True,0.0,0.0,200.0,True,8.4,200.0,0.25,2,True,17,17,5.0,-1.0,True,0.0,True,1.0,10.0,0.0,False,0.0,0.0,True,0.0,1.0,0.0,0.75,1.0,0.0,1.0,0.0,0.0,1.0,0.0,1.0,1.5,23.33427560187046,0.9947640369770754,54.849999999998744,69.6499999999979,0.0031134215355268,0.1941864033997151,0.0030464012173924,0.023860238476211944,0.0011106793689347578,0.9491852794923826
0.010366445978931847,0.024530230758964,0.0336294811059251,1.0152028374297957,1.0548355384620376,0.0,0.0,1501,5.099999999999998,3.349999999999987,8.050000000000054,False,False,1,0,4,0,0,0,0,0,0,0,0,0,0,0,0.0,1.184899525826845e-06,0.0,0.00553338625608705,,,0.0,0.0,0.0,0.35,A,baseline,24,clean,1.608872,8.4,200.0,0.25,0.0,4,0.05,95.0,36024,1.0,ba44b18,False,4,0.05,10.416667,sum,24,20.0,95.0,360.0,B2,1.0,72,1.0,True,True,0.0,0.0,200.0,True,8.4,200.0,0.25,2,True,18,18,5.0,-1.0,True,0.0,True,1.0,10.0,0.0,False,0.0,0.0,True,,,,,,,,,,,,,,19.636263519283883,0.9277096208952806,41.449999999999505,59.149999999998506,0.001577801537057,0.193986701904162,0.0015458664643526,0.012077904049657189,0.0005639499759882113,0.9495899873825882
0.010366445978931847,0.024530230758964,0.0336294811059251,1.0152028374297957,1.0548355384620376,0.0,0.0,1501,5.099999999999998,3.349999999999987,8.050000000000054,False,False,1,0,4,0,0,0,0,0,0,0,0,0,0,0,0.0,1.184899525826845e-06,0.0,0.00553338625608705,1.0,0.0,0.0,0.0,0.0,0.35,A,m2,24,clean,1.608872,8.4,200.0,0.25,0.0,4,0.05,95.0,36024,1.9829,ba44b18,False,4,0.05,10.416667,sum,24,20.0,95.0,360.0,B2,1.0,72,1.0,True,True,0.0,0.0,200.0,True,8.4,200.0,0.25,2,True,18,18,5.0,-1.0,True,0.0,True,1.0,10.0,0.0,False,0.0,0.0,True,,,,,,,,,,,,,,19.636263519283883,0.9277096208952806,41.449999999999505,59.149999999998506,0.001577801537057,0.193986701904162,0.0015458664643526,0.012077904049657189,0.0005639499759882113,0.9495899873825882
0.02046521002238826,0.0484296487145843,0.0667484346011737,1.0303833320647406,1.1114885402867185,0.0,0.0,1501,5.099999999999998,6.500000000000032,16.600000000000176,False,False,1,0,4,0,21,0,1,1,2,1,0,1,0,1,0.0,4.650822372507745e-06,0.0,0.01105842260988911,,,140.0,0.0,0.0,0.35,A,B2,24,clean,1.608872,8.4,200.0,0.25,0.0,4,0.05,95.0,36024,1.9829,ba44b18,False,4,0.05,10.416667,sum,24,20.0,95.0,360.0,B2,1.0,72,1.0,True,True,0.0,0.0,200.0,True,8.4,200.0,0.25,2,True,18,18,5.0,-1.0,True,0.0,True,1.0,10.0,0.0,False,0.0,0.0,True,0.0,1.0,0.0,0.75,1.0,0.0,1.0,0.0,0.0,1.0,0.0,1.0,1.5,23.395051846185872,0.9952392357549336,54.94999999999874,69.7499999999979,0.0031134017568519,0.193986701904162,0.0030487584520044,0.02389315753160164,0.0011126489263156764,0.9491844323552721
0.010363749323712217,0.0245260956627006,0.0335909900784196,1.015206225241849,1.0547307633546528,0.0,0.0,1501,5.099999999999998,3.349999999999987,7.950000000000053,False,False,1,0,4,0,0,0,0,0,0,0,0,0,0,0,0.0,1.1830063497920198e-06,0.0,0.005509196727149545,,,0.0,0.0,0.0,0.35,A,baseline,24,clean,1.608872,8.4,200.0,0.25,0.0,5,0.05,95.0,36024,1.0,ba44b18,False,5,0.05,10.416667,sum,24,20.0,95.0,360.0,B2,1.0,72,1.0,True,True,0.0,0.0,200.0,True,8.4,200.0,0.25,2,True,19,19,5.0,-1.0,True,0.0,True,1.0,10.0,0.0,False,0.0,0.0,True,,,,,,,,,,,,,,19.73866163122165,0.9306874016729553,41.34999999999951,59.09999999999851,0.0015784060059681,0.1948168248845276,0.0015483838478895,0.012075663634154906,0.0005642825387797186,0.9495915910471819
0.010363749323712217,0.0245260956627006,0.0335909900784196,1.015206225241849,1.0547307633546528,0.0,0.0,1501,5.099999999999998,3.349999999999987,7.950000000000053,False,False,1,0,4,0,0,0,0,0,0,0,0,0,0,0,0.0,1.1830063497920198e-06,0.0,0.005509196727149545,1.0,0.0,0.0,0.0,0.0,0.35,A,m2,24,clean,1.608872,8.4,200.0,0.25,0.0,5,0.05,95.0,36024,1.9829,ba44b18,False,5,0.05,10.416667,sum,24,20.0,95.0,360.0,B2,1.0,72,1.0,True,True,0.0,0.0,200.0,True,8.4,200.0,0.25,2,True,19,19,5.0,-1.0,True,0.0,True,1.0,10.0,0.0,False,0.0,0.0,True,,,,,,,,,,,,,,19.73866163122165,0.9306874016729553,41.34999999999951,59.09999999999851,0.0015784060059681,0.1948168248845276,0.0015483838478895,0.012075663634154906,0.0005642825387797186,0.9495915910471819
0.020331747034562028,0.0480847024628248,0.0662762954362198,1.0302334332192873,1.110691683161472,0.0,0.0,1501,5.099999999999998,6.450000000000031,16.550000000000175,False,False,1,0,4,0,21,0,1,1,2,1,0,1,0,1,0.0,4.593641536830179e-06,0.0,0.010950056417242435,,,140.0,0.0,0.0,0.35,A,B2,24,clean,1.608872,8.4,200.0,0.25,0.0,5,0.05,95.0,36024,1.9829,ba44b18,False,5,0.05,10.416667,sum,24,20.0,95.0,360.0,B2,1.0,72,1.0,True,True,0.0,0.0,200.0,True,8.4,200.0,0.25,2,True,19,19,5.0,-1.0,True,0.0,True,1.0,10.0,0.0,False,0.0,0.0,True,0.0,1.0,0.0,0.75,1.0,0.0,1.0,0.0,0.0,1.0,0.0,1.0,1.5,23.387189873740517,0.9955891640253179,54.69999999999875,69.54999999999791,0.0030954821329977,0.1948168248845276,0.0030289997380481,0.02373902482370233,0.0011048261035658737,0.9491927132137268
0.010320087598061672,0.0244627002046874,0.0334754372370166,1.015156236770725,1.0546416271507717,0.0,0.0,1501,5.099999999999998,3.2999999999999865,7.950000000000053,False,False,1,0,4,0,0,0,0,0,0,0,0,0,0,0,0.0,1.176839537784484e-06,0.0,0.005451665910871165,,,0.0,0.0,0.0,0.35,A,baseline,24,clean,1.608872,8.4,200.0,0.25,0.0,6,0.05,95.0,36024,1.0,ba44b18,False,6,0.05,10.416667,sum,24,20.0,95.0,360.0,B2,1.0,72,1.0,True,True,0.0,0.0,200.0,True,8.4,200.0,0.25,2,True,20,20,5.0,-1.0,True,0.0,True,1.0,10.0,0.0,False,0.0,0.0,True,,,,,,,,,,,,,,19.6616799527144,0.9301848947271442,41.14999999999952,58.94999999999851,0.0015711811639635,0.1954828035388074,0.0015393513402093,0.012028665128901165,0.0005618572963817076,0.9495948718429763
0.010320087598061672,0.0244627002046874,0.0334754372370166,1.015156236770725,1.0546416271507717,0.0,0.0,1501,5.099999999999998,3.2999999999999865,7.950000000000053,False,False,1,0,4,0,0,0,0,0,0,0,0,0,0,0,0.0,1.176839537784484e-06,0.0,0.005451665910871165,1.0,0.0,0.0,0.0,0.0,0.35,A,m2,24,clean,1.608872,8.4,200.0,0.25,0.0,6,0.05,95.0,36024,1.9829,ba44b18,False,6,0.05,10.416667,sum,24,20.0,95.0,360.0,B2,1.0,72,1.0,True,True,0.0,0.0,200.0,True,8.4,200.0,0.25,2,True,20,20,5.0,-1.0,True,0.0,True,1.0,10.0,0.0,False,0.0,0.0,True,,,,,,,,,,,,,,19.6616799527144,0.9301848947271442,41.14999999999952,58.94999999999851,0.0015711811639635,0.1954828035388074,0.0015393513402093,0.012028665128901165,0.0005618572963817076,0.9495948718429763
0.020357564060416104,0.0482738297987321,0.0663893322071504,1.0302833918312275,1.110956014467827,0.0,0.0,1501,5.099999999999998,6.450000000000031,16.600000000000176,False,False,1,0,4,0,21,0,1,1,2,1,0,1,0,1,0.0,4.614387942121564e-06,0.0,0.01091753785344889,,,140.0,0.0,0.0,0.35,A,B2,24,clean,1.608872,8.4,200.0,0.25,0.0,6,0.05,95.0,36024,1.9829,ba44b18,False,6,0.05,10.416667,sum,24,20.0,95.0,360.0,B2,1.0,72,1.0,True,True,0.0,0.0,200.0,True,8.4,200.0,0.25,2,True,20,20,5.0,-1.0,True,0.0,True,1.0,10.0,0.0,False,0.0,0.0,True,0.0,1.0,0.0,0.75,1.0,0.0,1.0,0.0,0.0,1.0,0.0,1.0,1.5,23.383252369600427,0.9955618753371395,54.69999999999875,69.54999999999791,0.0030880139235923,0.1954828035388074,0.0030303371387117,0.0237750481952953,0.001106360713477421,0.9491974798460581
0.010287683066225939,0.0243399384798875,0.0333834050763197,1.0151186297458334,1.054636996769594,0.0,0.0,1501,5.099999999999998,3.2999999999999865,8.050000000000054,False,False,1,0,4,0,0,0,0,0,0,0,0,0,0,0,0.0,1.17000063596077e-06,0.0,0.005489472549124135,,,0.0,0.0,0.0,0.35,A,baseline,24,clean,1.608872,8.4,200.0,0.25,0.0,7,0.05,95.0,36024,1.0,ba44b18,False,7,0.05,10.416667,sum,24,20.0,95.0,360.0,B2,1.0,72,1.0,True,True,0.0,0.0,200.0,True,8.4,200.0,0.25,2,True,21,21,5.0,-1.0,True,0.0,True,1.0,10.0,0.0,False,0.0,0.0,True,,,,,,,,,,,,,,19.562704887052195,0.9285511861849466,41.04999999999953,58.849999999998516,0.0015670438158618,0.1961160251647676,0.0015368276437807,0.011992716092929012,0.0005598412466345323,0.9495972623950543
0.010287683066225939,0.0243399384798875,0.0333834050763197,1.0151186297458334,1.054636996769594,0.0,0.0,1501,5.099999999999998,3.2999999999999865,8.050000000000054,False,False,1,0,4,0,0,0,0,0,0,0,0,0,0,0,0.0,1.17000063596077e-06,0.0,0.005489472549124135,1.0,0.0,0.0,0.0,0.0,0.35,A,m2,24,clean,1.608872,8.4,200.0,0.25,0.0,7,0.05,95.0,36024,1.9829,ba44b18,False,7,0.05,10.416667,sum,24,20.0,95.0,360.0,B2,1.0,72,1.0,True,True,0.0,0.0,200.0,True,8.4,200.0,0.25,2,True,21,21,5.0,-1.0,True,0.0,True,1.0,10.0,0.0,False,0.0,0.0,True,,,,,,,,,,,,,,19.562704887052195,0.9285511861849466,41.04999999999953,58.849999999998516,0.0015670438158618,0.1961160251647676,0.0015368276437807,0.011992716092929012,0.0005598412466345323,0.9495972623950543
0.020429665024887064,0.0483487112031917,0.0666415860767093,1.0303731809557206,1.111460356083839,0.0,0.0,1501,5.099999999999998,6.550000000000033,16.650000000000173,False,False,1,0,4,0,21,0,1,1,2,1,0,1,0,1,0.0,4.647336891181446e-06,0.0,0.011060613069221795,,,140.0,0.0,0.0,0.35,A,B2,24,clean,1.608872,8.4,200.0,0.25,0.0,7,0.05,95.0,36024,1.9829,ba44b18,False,7,0.05,10.416667,sum,24,20.0,95.0,360.0,B2,1.0,72,1.0,True,True,0.0,0.0,200.0,True,8.4,200.0,0.25,2,True,21,21,5.0,-1.0,True,0.0,True,1.0,10.0,0.0,False,0.0,0.0,True,0.0,1.0,0.0,0.75,1.0,0.0,1.0,0.0,0.0,1.0,0.0,1.0,1.5,23.366353265331732,0.9954360020297522,54.649999999998755,69.54999999999791,0.0031060475133372,0.1961160251647676,0.0030448807231117,0.023861966096835763,0.0011106239757501162,0.9491953660761138
0.011067960641017198,0.0261921272731758,0.0359706497458657,1.0163385778857532,1.0589264659488926,0.0,0.0,1501,5.099999999999998,3.349999999999987,7.75000000000005,False,False,1,0,2,0,0,0,0,0,0,0,0,0,0,0,0.0,1.3581843200581446e-06,0.0,0.0060114348457918345,,,0.0,0.0,0.0,0.35,B,baseline,24,clean,3.007059,15.7,200.0,0.25,0.0,0,0.05,95.0,36024,1.0,ba44b18,False,0,0.05,10.416667,sum,24,20.0,95.0,360.0,B2,1.0,72,1.0,True,True,0.0,0.0,200.0,True,15.7,200.0,0.25,2,True,14,14,5.0,-1.0,True,0.0,True,1.0,10.0,0.0,False,0.0,0.0,True,,,,,,,,,,,,,,20.195048363618493,0.9415557926188387,42.44999999999945,59.99999999999846,0.0016875876326547,0.1970609913318094,0.0016545176128543,0.01291344045544935,0.0006026302008579187,0.9495681122402788
0.0008505726032217942,0.0031186674285453,0.0091911850464104,1.0012107221028477,1.0136461109925772,0.0,0.0,1501,5.099999999999998,2.0499999999999847,4.149999999999999,False,False,1,0,2,0,0,0,0,0,0,0,0,0,0,0,0.0,3.1240388732418035e-07,0.0,0.00089886615131405,0.0,0.0,0.0,0.0,0.0,0.35,B,m2,24,clean,3.007059,15.7,200.0,0.25,0.0,0,0.05,95.0,36024,1.9829,ba44b18,False,0,0.05,10.416667,sum,24,20.0,95.0,360.0,B2,1.0,72,1.0,True,True,0.0,0.0,200.0,True,15.7,200.0,0.25,2,True,14,14,5.0,-1.0,True,0.0,True,1.0,10.0,0.0,False,0.0,0.0,True,,,,,,,,,,,,,,5.253991251260736,0.9542646743219785,14.500000000000153,20.850000000000247,1.953647611131441e-07,0.1965466369095321,1.8066900334348335e-07,0.0016438159395423372,8.374963659209683e-07,0.949999950300611
0.001181293437803712,0.002795664480385,0.0038078546281477,1.0016433386776247,1.0052629367890875,0.0,0.0,1501,5.099999999999998,2.3999999999999835,3.54999999999999,False,False,1,0,2,22,0,1,0,1,1,0,0,0,0,0,0.0,1.5270322368991438e-08,0.0,0.00060267939283769,,,92.0,0.0,0.0,0.35,B,B2,24,clean,3.007059,15.7,200.0,0.25,0.0,0,0.05,95.0,36024,1.9829,ba44b18,False,0,0.05,10.416667,sum,24,20.0,95.0,360.0,B2,1.0,72,1.0,True,True,0.0,0.0,200.0,True,15.7,200.0,0.25,2,True,14,14,5.0,-1.0,True,0.0,True,1.0,10.0,0.0,False,0.0,0.0,True,0.0,0.0,0.0,0.75,0.0,0.0,0.0,0.0,0.0,0.0,0.0,0.0,1.5,2.118534920336907,0.9778706983498895,7.25000000000005,13.250000000000135,0.0001804316417729,0.1970609913318094,0.0001765958297982,0.0013815538371091428,6.43547530220159e-05,0.949954177384995
0.011096418789480067,0.0262652364428943,0.0361270852778596,1.016375147861107,1.0590063448022449,0.0,0.0,1501,5.099999999999998,3.349999999999987,7.700000000000051,False,False,1,0,2,0,0,0,0,0,0,0,0,0,0,0,0.0,1.3649807021256308e-06,0.0,0.00598036652413421,,,0.0,0.0,0.0,0.35,B,baseline,24,clean,3.007059,15.7,200.0,0.25,0.0,1,0.05,95.0,36024,1.0,ba44b18,False,1,0.05,10.416667,sum,24,20.0,95.0,360.0,B2,1.0,72,1.0,True,True,0.0,0.0,200.0,True,15.7,200.0,0.25,2,True,15,15,5.0,-1.0,True,0.0,True,1.0,10.0,0.0,False,0.0,0.0,True,,,,,,,,,,,,,,20.247215585598838,0.9423074152596403,42.699999999999434,60.14999999999845,0.0016902925936981,0.1954449088294219,0.0016578535381691,0.0129447412659901,0.000603825212723016,0.949563805852336
0.0008526430782411582,0.0031292454194087,0.0092179003892182,1.0012133490257786,1.013611801643639,0.0,0.0,1501,5.099999999999998,2.0499999999999847,4.149999999999999,False,False,1,0,2,0,0,0,0,0,0,0,0,0,0,0,0.0,3.134949668576543e-07,0.0,0.000904191245771135,0.0,0.0,0.0,0.0,0.0,0.35,B,m2,24,clean,3.007059,15.7,200.0,0.25,0.0,1,0.05,95.0,36024,1.9829,ba44b18,False,1,0.05,10.416667,sum,24,20.0,95.0,360.0,B2,1.0,72,1.0,True,True,0.0,0.0,200.0,True,15.7,200.0,0.25,2,True,15,15,5.0,-1.0,True,0.0,True,1.0,10.0,0.0,False,0.0,0.0,True,,,,,,,,,,,,,,5.269576008918368,0.9544416679596075,14.550000000000153,20.850000000000247,1.9352549554368737e-07,0.1968798235376748,1.814683500451136e-07,0.001647657384433717,8.399675710272053e-07,0.9499999508518238
0.0012526702983677199,0.0029618718389533,0.0040388684889394,1.0017417005029299,1.005533882424959,0.0,0.0,1501,5.099999999999998,2.3499999999999828,3.4999999999999893,False,False,1,0,2,22,0,1,0,1,1,0,0,0,0,0,0.0,1.7162940877508624e-08,0.0,0.0006322666015056949,,,92.0,0.0,0.0,0.35,B,B2,24,clean,3.007059,15.7,200.0,0.25,0.0,1,0.05,95.0,36024,1.9829,ba44b18,False,1,0.05,10.416667,sum,24,20.0,95.0,360.0,B2,1.0,72,1.0,True,True,0.0,0.0,200.0,True,15.7,200.0,0.25,2,True,15,15,5.0,-1.0,True,0.0,True,1.0,10.0,0.0,False,0.0,0.0,True,0.0,0.0,0.0,0.75,0.0,0.0,0.0,0.0,0.0,0.0,0.0,0.0,1.5,2.1179545846334613,0.9762850250471407,7.200000000000051,14.650000000000155,0.0001911302715433,0.1954449088294219,0.0001873640178844,0.0014633868782237681,6.826457323500632e-05,0.9499510559352666
0.011121559256196036,0.0263213151945408,0.0361388503407613,1.0164067518684339,1.0591111785198093,0.0,0.0,1501,5.099999999999998,3.349999999999987,7.75000000000005,False,False,1,0,2,0,0,0,0,0,0,0,0,0,0,0,0.0,1.3708257410690698e-06,0.0,0.00594731989566663,,,0.0,0.0,0.0,0.35,B,baseline,24,clean,3.007059,15.7,200.0,0.25,0.0,2,0.05,95.0,36024,1.0,ba44b18,False,2,0.05,10.416667,sum,24,20.0,95.0,360.0,B2,1.0,72,1.0,True,True,0.0,0.0,200.0,True,15.7,200.0,0.25,2,True,16,16,5.0,-1.0,True,0.0,True,1.0,10.0,0.0,False,0.0,0.0,True,,,,,,,,,,,,,,20.312161900361705,0.9432729149536647,42.849999999999426,60.34999999999844,0.0016945037021649,0.1943048218974706,0.0016601687951141,0.012973455653277711,0.0006051113198641823,0.9495601212546549
0.0008562074820798177,0.0031329137137934,0.0092536182431855,1.0012188036304304,1.013636799432069,0.0,0.0,1501,5.099999999999998,2.0499999999999847,4.099999999999998,False,False,1,0,2,0,0,0,0,0,0,0,0,0,0,0,0.0,3.1615090018707497e-07,0.0,0.000908364898731335,0.0,0.0,0.0,0.0,0.0,0.35,B,m2,24,clean,3.007059,15.7,200.0,0.25,0.0,2,0.05,95.0,36024,1.9829,ba44b18,False,2,0.05,10.416667,sum,24,20.0,95.0,360.0,B2,1.0,72,1.0,True,True,0.0,0.0,200.0,True,15.7,200.0,0.25,2,True,16,16,5.0,-1.0,True,0.0,True,1.0,10.0,0.0,False,0.0,0.0,True,,,,,,,,,,,,,,5.288516423494546,0.9551261416795043,14.600000000000154,20.900000000000247,1.962227877675536e-07,0.1960135258899158,1.8219775669032589e-07,0.0016539640306984147,8.445904096981169e-07,0.9499999499465704
0.0012265569429800386,0.0029007875492196,0.0039653492704458,1.0016958367331195,1.0051854989874112,0.0,0.0,1501,5.099999999999998,2.3999999999999835,3.4499999999999886,False,False,1,0,2,22,0,1,0,1,1,0,0,0,0,0,0.0,1.657226753616021e-08,0.0,0.0006322486088662849,,,92.0,0.0,0.0,0.35,B,B2,24,clean,3.007059,15.7,200.0,0.25,0.0,2,0.05,95.0,36024,1.9829,ba44b18,False,2,0.05,10.416667,sum,24,20.0,95.0,360.0,B2,1.0,72,1.0,True,True,0.0,0.0,200.0,True,15.7,200.0,0.25,2,True,16,16,5.0,-1.0,True,0.0,True,1.0,10.0,0.0,False,0.0,0.0,True,0.0,0.0,0.0,0.75,0.0,0.0,0.0,0.0,0.0,0.0,0.0,0.0,1.5,2.155863603084428,0.9769192530450808,7.350000000000049,14.400000000000151,0.0001869330043498,0.1943048218974706,0.0001834604174481,0.0014358782950811824,6.687574223209252e-05,0.9499518506497737
0.011115903724902716,0.0263267865726583,0.0361254080726169,1.0163919153847807,1.058884015035666,0.0,0.0,1501,5.099999999999998,3.1499999999999844,7.650000000000048,False,False,1,0,2,0,0,0,0,0,0,0,0,0,0,0,0.0,1.3675285435448668e-06,0.0,0.0060009759355383096,,,0.0,0.0,0.0,0.35,B,baseline,24,clean,3.007059,15.7,200.0,0.25,0.0,3,0.05,95.0,36024,1.0,ba44b18,False,3,0.05,10.416667,sum,24,20.0,95.0,360.0,B2,1.0,72,1.0,True,True,0.0,0.0,200.0,True,15.7,200.0,0.25,2,True,17,17,5.0,-1.0,True,0.0,True,1.0,10.0,0.0,False,0.0,0.0,True,,,,,,,,,,,,,,20.34820397146003,0.9432776890020603,42.849999999999426,60.29999999999844,0.0016946429184943,0.1946484426449697,0.0016590907436114,0.012964195111545554,0.0006055679779137259,0.9495608682179629
0.0008535729621493267,0.0031314935616721,0.0092211501263839,1.0012146194194627,1.013610232404189,0.0,0.0,1501,5.099999999999998,2.0499999999999847,4.099999999999998,False,False,1,0,2,0,0,0,0,0,0,0,0,0,0,0,0.0,3.147204126395985e-07,0.0,0.000915803158261565,0.0,0.0,0.0,0.0,0.0,0.35,B,m2,24,clean,3.007059,15.7,200.0,0.25,0.0,3,0.05,95.0,36024,1.9829,ba44b18,False,3,0.05,10.416667,sum,24,20.0,95.0,360.0,B2,1.0,72,1.0,True,True,0.0,0.0,200.0,True,15.7,200.0,0.25,2,True,17,17,5.0,-1.0,True,0.0,True,1.0,10.0,0.0,False,0.0,0.0,True,,,,,,,,,,,,,,5.288526520392374,0.9547922860552076,14.550000000000153,20.850000000000247,1.9518466434231874e-07,0.1964037460912522,1.8201350953957417e-07,0.0016498851665591315,8.426979443028208e-07,0.9499999503103016
0.0012503846227579318,0.0029589778986534,0.0040428272943634,1.0017303355933733,1.0053096815827625,0.0,0.0,1501,5.099999999999998,2.3499999999999828,3.399999999999988,False,False,1,0,2,22,0,1,0,1,1,0,0,0,0,0,0.0,1.7220258518102003e-08,0.0,0.00063873037549267,,,92.0,0.0,0.0,0.35,B,B2,24,clean,3.007059,15.7,200.0,0.25,0.0,3,0.05,95.0,36024,1.9829,ba44b18,False,3,0.05,10.416667,sum,24,20.0,95.0,360.0,B2,1.0,72,1.0,True,True,0.0,0.0,200.0,True,15.7,200.0,0.25,2,True,17,17,5.0,-1.0,True,0.0,True,1.0,10.0,0.0,False,0.0,0.0,True,0.0,0.0,0.0,0.75,0.0,0.0,0.0,0.0,0.0,0.0,0.0,0.0,1.5,2.156816360366895,0.9726516113498833,7.3000000000000504,14.750000000000153,0.0001909849314006,0.1946484426449697,0.0001871215294904,0.0014629531555055875,6.813344341409425e-05,0.9499508928755817
0.011099906355640425,0.0262592873775102,0.036051425835245,1.0163651022509859,1.0588488783197758,0.0,0.0,1501,5.099999999999998,3.249999999999986,7.650000000000048,False,False,1,0,2,0,0,0,0,0,0,0,0,0,0,0,0.0,1.364208921265998e-06,0.0,0.00599478093638245,,,0.0,0.0,0.0,0.35,B,baseline,24,clean,3.007059,15.7,200.0,0.25,0.0,4,0.05,95.0,36024,1.0,ba44b18,False,4,0.05,10.416667,sum,24,20.0,95.0,360.0,B2,1.0,72,1.0,True,True,0.0,0.0,200.0,True,15.7,200.0,0.25,2,True,18,18,5.0,-1.0,True,0.0,True,1.0,10.0,0.0,False,0.0,0.0,True,,,,,,,,,,,,,,20.346081340143183,0.9433943498150213,42.79999999999943,60.249999999998444,0.0016879674020092,0.1949963447760513,0.0016584650828001,0.012946183938816799,0.0006044176060314132,0.9495634003489815
0.0008524507361242546,0.0031165140183883,0.009205418768917,1.0012134279559954,1.013630103338053,0.0,0.0,1501,5.099999999999998,1.999999999999985,4.149999999999999,False,False,1,0,2,0,0,0,0,0,0,0,0,0,0,0,0.0,3.1412714892885887e-07,0.0,0.0008949648958823301,0.0,0.0,0.0,0.0,0.0,0.35,B,m2,24,clean,3.007059,15.7,200.0,0.25,0.0,4,0.05,95.0,36024,1.9829,ba44b18,False,4,0.05,10.416667,sum,24,20.0,95.0,360.0,B2,1.0,72,1.0,True,True,0.0,0.0,200.0,True,15.7,200.0,0.25,2,True,18,18,5.0,-1.0,True,0.0,True,1.0,10.0,0.0,False,0.0,0.0,True,,,,,,,,,,,,,,5.295893643252104,0.9553921816737837,14.550000000000153,20.900000000000247,1.947210419953097e-07,0.1960730420958553,1.8095126882405669e-07,0.0016481813621941745,8.399305455036308e-07,0.9499999503447201
0.001256793291526697,0.0029771070656313,0.0040656551340298,1.00173351518817,1.0052997935358543,0.0,0.0,1501,5.099999999999998,2.3499999999999828,3.399999999999988,False,False,1,0,2,22,0,1,0,1,1,0,0,0,0,0,0.0,1.740929871793581e-08,0.0,0.000648546051930555,,,92.0,0.0,0.0,0.35,B,B2,24,clean,3.007059,15.7,200.0,0.25,0.0,4,0.05,95.0,36024,1.9829,ba44b18,False,4,0.05,10.416667,sum,24,20.0,95.0,360.0,B2,1.0,72,1.0,True,True,0.0,0.0,200.0,True,15.7,200.0,0.25,2,True,18,18,5.0,-1.0,True,0.0,True,1.0,10.0,0.0,False,0.0,0.0,True,0.0,0.0,0.0,0.75,0.0,0.0,0.0,0.0,0.0,0.0,0.0,0.0,1.5,2.1348522134810133,0.9755906957274171,7.3000000000000504,14.800000000000157,0.0001915857930253,0.1949963447760513,0.0001878087314319,0.0014702467044584641,6.846842734668812e-05,0.9499508262031109
0.011096778242715644,0.0262464533320995,0.0360403501013651,1.0163670155990332,1.058882311447938,0.0,0.0,1501,5.099999999999998,3.249999999999986,7.650000000000048,False,False,1,0,2,0,0,0,0,0,0,0,0,0,0,0,0.0,1.362366536872847e-06,0.0,0.005937215667545934,,,0.0,0.0,0.0,0.35,B,baseline,24,clean,3.007059,15.7,200.0,0.25,0.0,5,0.05,95.0,36024,1.0,ba44b18,False,5,0.05,10.416667,sum,24,20.0,95.0,360.0,B2,1.0,72,1.0,True,True,0.0,0.0,200.0,True,15.7,200.0,0.25,2,True,19,19,5.0,-1.0,True,0.0,True,1.0,10.0,0.0,False,0.0,0.0,True,,,,,,,,,,,,,,20.290496373557374,0.9419224511171395,42.64999999999944,60.19999999999845,0.0016925029917691,0.1956651472671352,0.0016568379432569,0.012942126216517807,0.0006039145506022536,0.9495637263702591
0.0008531298951401779,0.0031249595188487,0.0092612796231742,1.001214153567374,1.0135556865731905,0.0,0.0,1501,5.099999999999998,2.0499999999999847,4.149999999999999,False,False,1,0,2,0,0,0,0,0,0,0,0,0,0,0,0.0,3.150407084921361e-07,0.0,0.000912555936415645,0.0,0.0,0.0,0.0,0.0,0.35,B,m2,24,clean,3.007059,15.7,200.0,0.25,0.0,5,0.05,95.0,36024,1.9829,ba44b18,False,5,0.05,10.416667,sum,24,20.0,95.0,360.0,B2,1.0,72,1.0,True,True,0.0,0.0,200.0,True,15.7,200.0,0.25,2,True,19,19,5.0,-1.0,True,0.0,True,1.0,10.0,0.0,False,0.0,0.0,True,,,,,,,,,,,,,,5.3103596742682715,0.9558541057507635,14.600000000000154,20.900000000000247,1.9522121038808185e-07,0.1952177000742095,1.8160469420142138e-07,0.0016489392114774992,8.410836622044157e-07,0.9499999499990509
0.0012325701935314492,0.002916640635382,0.0039868454183703,1.0017001773685767,1.005257772577291,0.0,0.0,1501,5.099999999999998,2.3999999999999835,3.4999999999999893,False,False,1,0,2,22,0,1,0,1,1,0,0,0,0,0,0.0,1.6710840901040236e-08,0.0,0.000629426794595935,,,92.0,0.0,0.0,0.35,B,B2,24,clean,3.007059,15.7,200.0,0.25,0.0,5,0.05,95.0,36024,1.9829,ba44b18,False,5,0.05,10.416667,sum,24,20.0,95.0,360.0,B2,1.0,72,1.0,True,True,0.0,0.0,200.0,True,15.7,200.0,0.25,2,True,19,19,5.0,-1.0,True,0.0,True,1.0,10.0,0.0,False,0.0,0.0,True,0.0,0.0,0.0,0.75,0.0,0.0,0.0,0.0,0.0,0.0,0.0,0.0,1.5,2.1196548373599846,0.9781429916512321,7.3000000000000504,14.30000000000015,0.0001880897345254,0.1956651472671352,0.0001842722987593,0.0014419180216986747,6.71305597283712e-05,0.9499518895626679
0.011051948750627488,0.0261385860673751,0.0359019941408406,1.0163037874219163,1.0587465446701927,0.0,0.0,1501,5.099999999999998,3.2999999999999865,7.650000000000048,False,False,1,0,2,0,0,0,0,0,0,0,0,0,0,0,0.0,1.3526517100644862e-06,0.0,0.00583190031472803,,,0.0,0.0,0.0,0.35,B,baseline,24,clean,3.007059,15.7,200.0,0.25,0.0,6,0.05,95.0,36024,1.0,ba44b18,False,6,0.05,10.416667,sum,24,20.0,95.0,360.0,B2,1.0,72,1.0,True,True,0.0,0.0,200.0,True,15.7,200.0,0.25,2,True,20,20,5.0,-1.0,True,0.0,True,1.0,10.0,0.0,False,0.0,0.0,True,,,,,,,,,,,,,,20.258898762873155,0.9419075035190225,42.49999999999945,60.049999999998455,0.0016856320604308,0.1963283141627698,0.0016517698162374,0.012891799547148213,0.0006019058778612953,0.9495669932097565
0.0008521468999706379,0.0031177800052606,0.0092076063682747,1.0012126690813885,1.0135469047495829,0.0,0.0,1501,5.099999999999998,2.0499999999999847,4.1999999999999975,False,False,1,0,2,0,0,0,0,0,0,0,0,0,0,0,0.0,3.1306854785242787e-07,0.0,0.0008971361827425499,0.0,0.0,0.0,0.0,0.0,0.35,B,m2,24,clean,3.007059,15.7,200.0,0.25,0.0,6,0.05,95.0,36024,1.9829,ba44b18,False,6,0.05,10.416667,sum,24,20.0,95.0,360.0,B2,1.0,72,1.0,True,True,0.0,0.0,200.0,True,15.7,200.0,0.25,2,True,20,20,5.0,-1.0,True,0.0,True,1.0,10.0,0.0,False,0.0,0.0,True,,,,,,,,,,,,,,5.320276849085293,0.9558622388307452,14.600000000000154,20.900000000000247,1.948647541267855e-07,0.195606481941891,1.8127657022109865e-07,0.001646562064199762,8.384782028019883e-07,0.9499999501895474
0.0011992738337048329,0.0028390103618068,0.0038683176053329,1.0016624461205457,1.0052675903245258,0.0,0.0,1501,5.099999999999998,2.299999999999984,3.4999999999999893,False,False,1,0,2,22,0,1,0,1,1,0,0,0,0,0,0.0,1.576633913633012e-08,0.0,0.000614229507204805,,,92.0,0.0,0.0,0.35,B,B2,24,clean,3.007059,15.7,200.0,0.25,0.0,6,0.05,95.0,36024,1.9829,ba44b18,False,6,0.05,10.416667,sum,24,20.0,95.0,360.0,B2,1.0,72,1.0,True,True,0.0,0.0,200.0,True,15.7,200.0,0.25,2,True,20,20,5.0,-1.0,True,0.0,True,1.0,10.0,0.0,False,0.0,0.0,True,0.0,0.0,0.0,0.75,0.0,0.0,0.0,0.0,0.0,0.0,0.0,0.0,1.5,2.1269461749175447,0.9738366014182943,7.25000000000005,13.60000000000014,0.0001830569252944,0.1963283141627698,0.0001792604421234,0.0014026533074013752,6.535999449372123e-05,0.9499533363875649
0.010991582642801156,0.0260325433387316,0.0357300828717948,1.0162211137841786,1.058584295371956,0.0,0.0,1501,5.099999999999998,3.1499999999999844,7.75000000000005,False,False,1,0,2,0,0,0,0,0,0,0,0,0,0,0,0.0,1.3408678195792312e-06,0.0,0.005924430324314275,,,0.0,0.0,0.0,0.35,B,baseline,24,clean,3.007059,15.7,200.0,0.25,0.0,7,0.05,95.0,36024,1.0,ba44b18,False,7,0.05,10.416667,sum,24,20.0,95.0,360.0,B2,1.0,72,1.0,True,True,0.0,0.0,200.0,True,15.7,200.0,0.25,2,True,21,21,5.0,-1.0,True,0.0,True,1.0,10.0,0.0,False,0.0,0.0,True,,,,,,,,,,,,,,20.138271072495268,0.9400495009173165,42.39999999999945,59.899999999998464,0.0016730645911522,0.1964481793555426,0.0016396331557053,0.012824873374201146,0.000597784464575788,0.949570513770926
0.0008474133816935988,0.0030949288003996,0.0091884549026097,1.0012065702026252,1.0135940883529535,0.0,0.0,1501,5.099999999999998,2.0999999999999845,4.149999999999999,False,False,1,0,2,0,0,0,0,0,0,0,0,0,0,0,0.0,3.104200483432274e-07,0.0,0.00090004031914451,0.0,0.0,0.0,0.0,0.0,0.35,B,m2,24,clean,3.007059,15.7,200.0,0.25,0.0,7,0.05,95.0,36024,1.9829,ba44b18,False,7,0.05,10.416667,sum,24,20.0,95.0,360.0,B2,1.0,72,1.0,True,True,0.0,0.0,200.0,True,15.7,200.0,0.25,2,True,21,21,5.0,-1.0,True,0.0,True,1.0,10.0,0.0,False,0.0,0.0,True,,,,,,,,,,,,,,5.256422034282621,0.9541194072020076,14.500000000000153,20.850000000000247,1.9359048232848007e-07,0.1958562948603914,1.792692781535773e-07,0.001637969118335726,8.329345301180203e-07,0.9499999505783886
0.0011537176727592032,0.0027299777829579,0.0037192190138158,1.00161684402481,1.0050642932952816,0.0,0.0,1501,5.099999999999998,2.3499999999999828,3.4999999999999893,False,False,1,0,2,22,0,1,0,1,1,0,0,0,0,0,0.0,1.4563436903560327e-08,0.0,0.00058370453273661,,,92.0,0.0,0.0,0.35,B,B2,24,clean,3.007059,15.7,200.0,0.25,0.0,7,0.05,95.0,36024,1.9829,ba44b18,False,7,0.05,10.416667,sum,24,20.0,95.0,360.0,B2,1.0,72,1.0,True,True,0.0,0.0,200.0,True,15.7,200.0,0.25,2,True,21,21,5.0,-1.0,True,0.0,True,1.0,10.0,0.0,False,0.0,0.0,True,0.0,0.0,0.0,0.75,0.0,0.0,0.0,0.0,0.0,0.0,0.0,0.0,1.5,2.088007236664006,0.9757957960176454,7.150000000000048,12.800000000000129,0.0001760232299857,0.1964481793555426,0.0001723813088446,0.0013490327680717572,6.28455706919708e-05,0.9499551583797059
0.09977859314684648,0.15241147174973244,0.2451170400523912,1.350415068257578,2.1790816184623423,0.5292592592592592,0.21555555555555556,2700,154.79999999999595,0.0,0.0,False,False,31,30,264,0,0,0,0,0,0,0,0,0,0,0,0.896774193548387,0.0002141546128220063,0.0,0.230413245188391,,,0.0,0.0,0.0,0.35,G,baseline,50,churn,1.608921,4.041,200.0,0.25,12.0,0,0.05,155.0,135000,1.0,ba44b18,False,0,0.05,5.0,sum,50,20.0,155.0,360.0,B2,1.0,150,1.0,True,True,0.0,0.0,200.0,True,4.041,200.0,0.25,2,False,6,6,15.0,-1.0,True,0.24,True,1.0,10.0,0.0,False,0.0,0.0,True,,,,,,,,,,,,,,,,,,,,,,,
0.10044715456145896,0.15407660364479356,0.244287632166555,1.351936737525516,2.1954529501761257,0.5333333333333333,0.21962962962962962,2700,154.79999999999595,0.0,0.0,False,False,31,30,276,0,0,0,0,0,0,0,0,0,0,0,0.896774193548387,0.00022288426693586657,0.0,0.2723021039688916,0.9993358423732566,0.037037037037037035,0.0,0.0,0.0,0.35,G,m2,50,churn,1.608921,4.041,200.0,0.25,12.0,0,0.05,155.0,135000,1.99605,ba44b18,False,0,0.05,5.0,sum,50,20.0,155.0,360.0,B2,1.0,150,1.0,True,True,0.0,0.0,200.0,True,4.041,200.0,0.25,2,False,6,6,15.0,-1.0,True,0.24,True,1.0,10.0,0.0,False,0.0,0.0,True,,,,,,,,,,,,,,,,,,,,,,,
0.2817617635483452,0.3385335421422132,0.3985171938284012,1.7841639272767518,2.760586127977836,1.0,0.9277777777777778,2700,154.79999999999595,inf,inf,True,True,31,30,1439,96,1648,3,44,73,58,70,3,67,20,50,0.896774193548387,0.0012770102602709782,0.0,0.9579327723776865,,,46595.0,0.0,0.0,0.35,G,B2,50,churn,1.608921,4.041,200.0,0.25,12.0,0,0.05,155.0,135000,1.99605,ba44b18,False,0,0.05,5.0,sum,50,20.0,155.0,360.0,B2,1.0,150,1.0,True,True,0.0,0.0,200.0,True,4.041,200.0,0.25,2,False,6,6,15.0,-1.0,True,0.24,True,1.0,10.0,0.0,False,0.0,0.0,True,6.0,64.0,1.0,0.75,70.0,11.0,59.0,1.0,6.0,64.0,28.0,42.0,1.5,,,,,,,,,,
0.11596743518674701,0.17440012641525812,0.2372636248285653,1.4232541866181283,2.423604569344767,0.6351851851851852,0.29074074074074074,2700,151.69999999999567,inf,inf,True,True,32,30,269,0,0,0,0,0,0,0,0,0,0,0,0.0,0.000299376524972756,0.0,0.27536776097594395,,,0.0,0.0,0.0,0.35,G,baseline,50,churn,1.608921,4.041,200.0,0.25,12.0,1,0.05,155.0,135000,1.0,ba44b18,False,1,0.05,5.0,sum,50,20.0,155.0,360.0,B2,1.0,150,1.0,True,True,0.0,0.0,200.0,True,4.041,200.0,0.25,2,False,6,6,15.0,-1.0,True,0.24,True,1.0,10.0,0.0,False,0.0,0.0,True,,,,,,,,,,,,,,,,,,,,,,,
0.11601733650204903,0.17443295269936773,0.2372630730769735,1.4235682668370977,2.423601599391229,0.6366666666666667,0.29185185185185186,2700,151.69999999999567,inf,inf,True,True,32,30,269,0,0,0,0,0,0,0,0,0,0,0,0.0,0.000299501014181972,0.0,0.2751961957458247,0.999615869211149,0.07407407407407407,0.0,0.0,0.0,0.35,G,m2,50,churn,1.608921,4.041,200.0,0.25,12.0,1,0.05,155.0,135000,1.99605,ba44b18,False,1,0.05,5.0,sum,50,20.0,155.0,360.0,B2,1.0,150,1.0,True,True,0.0,0.0,200.0,True,4.041,200.0,0.25,2,False,6,6,15.0,-1.0,True,0.24,True,1.0,10.0,0.0,False,0.0,0.0,True,,,,,,,,,,,,,,,,,,,,,,,
0.21860668064274655,0.3418135882403188,0.4117128222910193,1.7010010115769358,3.1206449595646943,0.9666666666666667,0.7085185185185185,2700,151.69999999999567,inf,inf,True,True,32,30,901,95,2084,2,48,72,42,69,3,66,14,55,0.6838709677419355,0.001217316719769438,0.0,0.9566447132521163,,,32344.0,0.0,0.0,0.35,G,B2,50,churn,1.608921,4.041,200.0,0.25,12.0,1,0.05,155.0,135000,1.99605,ba44b18,False,1,0.05,5.0,sum,50,20.0,155.0,360.0,B2,1.0,150,1.0,True,True,0.0,0.0,200.0,True,4.041,200.0,0.25,2,False,6,6,15.0,-1.0,True,0.24,True,1.0,10.0,0.0,False,0.0,0.0,True,4.0,65.0,0.0,0.75,69.0,15.0,54.0,0.0,13.0,56.0,33.0,36.0,1.5,,,,,,,,,,
0.10142442021605087,0.16585036910002812,0.2398551384270658,1.3618981956501415,2.252954192247428,0.5481481481481482,0.2659259259259259,2700,151.99999999999565,inf,inf,True,True,28,26,262,0,0,0,0,0,0,0,0,0,0,0,0.0,0.00025972066044856223,0.0,0.2588225259016728,,,0.0,0.0,0.0,0.35,G,baseline,50,churn,1.608921,4.041,200.0,0.25,12.0,2,0.05,155.0,135000,1.0,ba44b18,False,2,0.05,5.0,sum,50,20.0,155.0,360.0,B2,1.0,150,1.0,True,True,0.0,0.0,200.0,True,4.041,200.0,0.25,2,False,6,6,15.0,-1.0,True,0.24,True,1.0,10.0,0.0,False,0.0,0.0,True,,,,,,,,,,,,,,,,,,,,,,,
0.10142413066417219,0.16585267929476488,0.2398539585925025,1.361902822480147,2.252954192247428,0.5481481481481482,0.2659259259259259,2700,151.99999999999565,inf,inf,True,True,28,26,262,0,0,0,0,0,0,0,0,0,0,0,0.0,0.00025971953827696987,0.0,0.2588221802928804,0.9998471427152039,0.014814814814814815,0.0,0.0,0.0,0.35,G,m2,50,churn,1.608921,4.041,200.0,0.25,12.0,2,0.05,155.0,135000,1.99605,ba44b18,False,2,0.05,5.0,sum,50,20.0,155.0,360.0,B2,1.0,150,1.0,True,True,0.0,0.0,200.0,True,4.041,200.0,0.25,2,False,6,6,15.0,-1.0,True,0.24,True,1.0,10.0,0.0,False,0.0,0.0,True,,,,,,,,,,,,,,,,,,,,,,,
0.40702446262667474,0.6436532068426237,0.9572782886180098,2.4114608584976063,6.025592753324575,1.0,0.8996296296296297,2700,151.99999999999565,inf,inf,True,True,28,26,1737,41,771,32,69,148,67,113,4,109,25,88,0.7032258064516129,0.007841786729028055,0.0,0.9618574413739531,,,65293.0,0.0,0.0,0.35,G,B2,50,churn,1.608921,4.041,200.0,0.25,12.0,2,0.05,155.0,135000,1.99605,ba44b18,False,2,0.05,5.0,sum,50,20.0,155.0,360.0,B2,1.0,150,1.0,True,True,0.0,0.0,200.0,True,4.041,200.0,0.25,2,False,6,6,15.0,-1.0,True,0.24,True,1.0,10.0,0.0,False,0.0,0.0,True,3.0,110.0,0.0,0.75,113.0,7.0,106.0,0.0,8.0,105.0,39.0,74.0,1.5,,,,,,,,,,
0.12411208050577822,0.1853973923782945,0.2564363589498153,1.4487157855666735,2.5188030773335783,0.697037037037037,0.35333333333333333,2700,152.09999999999553,2.7500000000054285,inf,False,True,42,40,402,0,0,0,0,0,0,0,0,0,0,0,0.7548387096774194,0.0003748814819825129,0.0,0.35314019347311393,,,0.0,0.0,0.0,0.35,G,baseline,50,churn,1.608921,4.041,200.0,0.25,12.0,3,0.05,155.0,135000,1.0,ba44b18,False,3,0.05,5.0,sum,50,20.0,155.0,360.0,B2,1.0,150,1.0,True,True,0.0,0.0,200.0,True,4.041,200.0,0.25,2,False,6,6,15.0,-1.0,True,0.24,True,1.0,10.0,0.0,False,0.0,0.0,True,,,,,,,,,,,,,,,,,,,,,,,
0.12379116134342301,0.18583937841787665,0.2658294908720909,1.4494722571671523,2.5242282553794597,0.6914814814814815,0.35888888888888887,2700,152.09999999999553,2.7500000000054285,inf,False,True,42,40,392,0,0,0,0,0,0,0,0,0,0,0,0.7548387096774194,0.00038319320429644276,0.0,0.3699029805808372,0.9981685972382137,0.14814814814814814,0.0,0.0,0.0,0.35,G,m2,50,churn,1.608921,4.041,200.0,0.25,12.0,3,0.05,155.0,135000,1.99605,ba44b18,False,3,0.05,5.0,sum,50,20.0,155.0,360.0,B2,1.0,150,1.0,True,True,0.0,0.0,200.0,True,4.041,200.0,0.25,2,False,6,6,15.0,-1.0,True,0.24,True,1.0,10.0,0.0,False,0.0,0.0,True,,,,,,,,,,,,,,,,,,,,,,,
0.2113472681103738,0.3201344010026605,0.4477631437757549,1.6400329913246448,3.037554532355236,0.9214814814814815,0.5592592592592592,2700,152.09999999999553,inf,inf,True,True,42,40,722,0,2839,1,81,95,29,94,4,90,31,63,0.8580645161290322,0.0011692097147394443,0.0,0.9525161350861805,,,30995.0,0.0,0.0,0.35,G,B2,50,churn,1.608921,4.041,200.0,0.25,12.0,3,0.05,155.0,135000,1.99605,ba44b18,False,3,0.05,5.0,sum,50,20.0,155.0,360.0,B2,1.0,150,1.0,True,True,0.0,0.0,200.0,True,4.041,200.0,0.25,2,False,6,6,15.0,-1.0,True,0.24,True,1.0,10.0,0.0,False,0.0,0.0,True,10.0,84.0,0.0,0.75,94.0,23.0,71.0,0.0,13.0,81.0,55.0,39.0,1.5,,,,,,,,,,
0.10639202885353773,0.1671058213207248,0.3377199490080166,1.3672207051173775,3.1195435766990096,0.5511111111111111,0.2411111111111111,2700,153.19999999999604,inf,inf,True,True,31,28,243,0,0,0,0,0,0,0,0,0,0,0,0.45161290322580644,0.00027506906170573006,0.0,0.3080308273903419,,,0.0,0.0,0.0,0.35,G,baseline,50,churn,1.608921,4.041,200.0,0.25,12.0,4,0.05,155.0,135000,1.0,ba44b18,False,4,0.05,5.0,sum,50,20.0,155.0,360.0,B2,1.0,150,1.0,True,True,0.0,0.0,200.0,True,4.041,200.0,0.25,2,False,6,6,15.0,-1.0,True,0.24,True,1.0,10.0,0.0,False,0.0,0.0,True,,,,,,,,,,,,,,,,,,,,,,,
0.1059955601719227,0.16704163132864677,0.3377199490080166,1.3682314823851007,3.1195435766990096,0.5514814814814815,0.23925925925925925,2700,153.19999999999604,inf,inf,True,True,31,28,246,0,0,0,0,0,0,0,0,0,0,0,0.45161290322580644,0.00029480167387478716,0.0,0.31184711279340743,0.999149790128374,0.08888888888888889,0.0,0.0,0.0,0.35,G,m2,50,churn,1.608921,4.041,200.0,0.25,12.0,4,0.05,155.0,135000,1.99605,ba44b18,False,4,0.05,5.0,sum,50,20.0,155.0,360.0,B2,1.0,150,1.0,True,True,0.0,0.0,200.0,True,4.041,200.0,0.25,2,False,6,6,15.0,-1.0,True,0.24,True,1.0,10.0,0.0,False,0.0,0.0,True,,,,,,,,,,,,,,,,,,,,,,,
0.25386962823791276,0.4312574488091901,0.8301480395800398,1.8655353496935485,5.7542696854577375,0.8192592592592592,0.587037037037037,2700,153.19999999999604,inf,inf,True,True,31,28,823,2,1812,11,50,76,31,65,1,64,12,53,0.45161290322580644,0.0027082032430500963,0.0,0.9533550568464425,,,35102.0,0.0,0.0,0.35,G,B2,50,churn,1.608921,4.041,200.0,0.25,12.0,4,0.05,155.0,135000,1.99605,ba44b18,False,4,0.05,5.0,sum,50,20.0,155.0,360.0,B2,1.0,150,1.0,True,True,0.0,0.0,200.0,True,4.041,200.0,0.25,2,False,6,6,15.0,-1.0,True,0.24,True,1.0,10.0,0.0,False,0.0,0.0,True,3.0,62.0,0.0,0.75,65.0,12.0,53.0,0.0,10.0,55.0,23.0,42.0,1.5,,,,,,,,,,
0.09826247581518499,0.16354343069136126,0.2667720517918896,1.3597902565238937,2.437185275082629,0.5755555555555556,0.23666666666666666,2700,149.5999999999958,4.650000000005036,inf,False,True,29,28,264,0,0,0,0,0,0,0,0,0,0,0,0.0,0.0002535535681447463,0.0,0.2598443480929269,,,0.0,0.0,0.0,0.35,G,baseline,50,churn,1.608921,4.041,200.0,0.25,12.0,5,0.05,155.0,135000,1.0,ba44b18,False,5,0.05,5.0,sum,50,20.0,155.0,360.0,B2,1.0,150,1.0,True,True,0.0,0.0,200.0,True,4.041,200.0,0.25,2,False,6,6,15.0,-1.0,True,0.24,True,1.0,10.0,0.0,False,0.0,0.0,True,,,,,,,,,,,,,,,,,,,,,,,
0.09860241736687204,0.16388372686377087,0.2682944877354579,1.3613015977301621,2.4747028694878286,0.5755555555555556,0.23703703703703705,2700,149.5999999999958,3.250000000004718,inf,False,True,29,28,250,0,0,0,0,0,0,0,0,0,0,0,0.0,0.000255168013988196,0.0,0.263590121634776,1.0,0.0,0.0,0.0,0.0,0.35,G,m2,50,churn,1.608921,4.041,200.0,0.25,12.0,5,0.05,155.0,135000,1.99605,ba44b18,False,5,0.05,5.0,sum,50,20.0,155.0,360.0,B2,1.0,150,1.0,True,True,0.0,0.0,200.0,True,4.041,200.0,0.25,2,False,6,6,15.0,-1.0,True,0.24,True,1.0,10.0,0.0,False,0.0,0.0,True,,,,,,,,,,,,,,,,,,,,,,,
0.27527113092418026,0.3310005654380316,0.4208318213600214,1.7965419846139699,3.1666038033220434,0.9933333333333333,0.8544444444444445,2700,149.5999999999958,inf,inf,True,True,29,28,1144,112,1738,4,45,64,47,59,3,56,13,46,0.45806451612903226,0.0011957309921565725,0.0,0.9563648203250925,,,38276.0,0.0,0.0,0.35,G,B2,50,churn,1.608921,4.041,200.0,0.25,12.0,5,0.05,155.0,135000,1.99605,ba44b18,False,5,0.05,5.0,sum,50,20.0,155.0,360.0,B2,1.0,150,1.0,True,True,0.0,0.0,200.0,True,4.041,200.0,0.25,2,False,6,6,15.0,-1.0,True,0.24,True,1.0,10.0,0.0,False,0.0,0.0,True,5.0,54.0,1.0,0.75,59.0,6.0,53.0,1.0,4.0,55.0,14.0,45.0,1.5,,,,,,,,,,
0.1014321768396835,0.16733144909645323,0.3295591192642309,1.3577516036616701,3.1559264778877085,0.5022222222222222,0.24518518518518517,2700,154.19999999999553,inf,inf,True,True,33,30,287,0,0,0,0,0,0,0,0,0,0,0,0.5870967741935483,0.00027436282696295764,0.0,0.2656252796319536,,,0.0,0.0,0.0,0.35,G,baseline,50,churn,1.608921,4.041,200.0,0.25,12.0,6,0.05,155.0,135000,1.0,ba44b18,False,6,0.05,5.0,sum,50,20.0,155.0,360.0,B2,1.0,150,1.0,True,True,0.0,0.0,200.0,True,4.041,200.0,0.25,2,False,6,6,15.0,-1.0,True,0.24,True,1.0,10.0,0.0,False,0.0,0.0,True,,,,,,,,,,,,,,,,,,,,,,,
0.10141396129271911,0.16974312593373952,0.3295591192642309,1.3582020080655723,3.1559264778877085,0.5051851851851852,0.2462962962962963,2700,154.19999999999553,inf,inf,True,True,33,30,277,0,0,0,0,0,0,0,0,0,0,0,0.5870967741935483,0.0002833309140408653,0.0,0.28881212635568543,0.999122298204909,0.11851851851851852,0.0,0.0,0.0,0.35,G,m2,50,churn,1.608921,4.041,200.0,0.25,12.0,6,0.05,155.0,135000,1.99605,ba44b18,False,6,0.05,5.0,sum,50,20.0,155.0,360.0,B2,1.0,150,1.0,True,True,0.0,0.0,200.0,True,4.041,200.0,0.25,2,False,6,6,15.0,-1.0,True,0.24,True,1.0,10.0,0.0,False,0.0,0.0,True,,,,,,,,,,,,,,,,,,,,,,,
0.3347572320830174,0.5108709188378808,0.8715964980203781,2.0766866843652165,5.578732976811958,0.96,0.9037037037037037,2700,154.19999999999553,inf,inf,True,True,33,30,1645,6,1483,6,49,88,55,79,2,77,14,65,0.8774193548387097,0.0040024884832429945,0.0,0.9603030032118001,,,52906.0,0.0,0.0,0.35,G,B2,50,churn,1.608921,4.041,200.0,0.25,12.0,6,0.05,155.0,135000,1.99605,ba44b18,False,6,0.05,5.0,sum,50,20.0,155.0,360.0,B2,1.0,150,1.0,True,True,0.0,0.0,200.0,True,4.041,200.0,0.25,2,False,6,6,15.0,-1.0,True,0.24,True,1.0,10.0,0.0,False,0.0,0.0,True,4.0,75.0,1.0,0.75,79.0,11.0,68.0,1.0,7.0,72.0,30.0,49.0,1.5,,,,,,,,,,
0.11201451307978182,0.16627548885074878,0.2636940565636945,1.403332535164692,2.5744374456940995,0.5977777777777777,0.29814814814814816,2700,150.1999999999962,4.100000000004627,inf,False,True,33,30,280,0,0,0,0,0,0,0,0,0,0,0,0.4645161290322581,0.0002938544922488423,0.0,0.25419497028993815,,,0.0,0.0,0.0,0.35,G,baseline,50,churn,1.608921,4.041,200.0,0.25,12.0,7,0.05,155.0,135000,1.0,ba44b18,False,7,0.05,5.0,sum,50,20.0,155.0,360.0,B2,1.0,150,1.0,True,True,0.0,0.0,200.0,True,4.041,200.0,0.25,2,False,6,6,15.0,-1.0,True,0.24,True,1.0,10.0,0.0,False,0.0,0.0,True,,,,,,,,,,,,,,,,,,,,,,,
0.11134058080001051,0.16575058696823478,0.2655180594283092,1.4004462853834463,2.5745151426512582,0.5881481481481482,0.29,2700,150.1999999999962,3.250000000004434,inf,False,True,33,30,277,0,0,0,0,0,0,0,0,0,0,0,0.4645161290322581,0.0002953744270559259,0.0,0.2563892470874566,0.9993416167137488,0.08888888888888889,0.0,0.0,0.0,0.35,G,m2,50,churn,1.608921,4.041,200.0,0.25,12.0,7,0.05,155.0,135000,1.99605,ba44b18,False,7,0.05,5.0,sum,50,20.0,155.0,360.0,B2,1.0,150,1.0,True,True,0.0,0.0,200.0,True,4.041,200.0,0.25,2,False,6,6,15.0,-1.0,True,0.24,True,1.0,10.0,0.0,False,0.0,0.0,True,,,,,,,,,,,,,,,,,,,,,,,
0.18028202314060535,0.26753471597655054,0.3594969944061942,1.5831474444577638,2.9778810868130967,0.9018518518518519,0.5140740740740741,2700,150.1999999999962,inf,inf,True,True,33,30,616,47,2468,4,68,82,24,78,5,73,13,65,0.6258064516129033,0.0008625285346132907,0.0,0.954162305491192,,,26980.0,0.0,0.0,0.35,G,B2,50,churn,1.608921,4.041,200.0,0.25,12.0,7,0.05,155.0,135000,1.99605,ba44b18,False,7,0.05,5.0,sum,50,20.0,155.0,360.0,B2,1.0,150,1.0,True,True,0.0,0.0,200.0,True,4.041,200.0,0.25,2,False,6,6,15.0,-1.0,True,0.24,True,1.0,10.0,0.0,False,0.0,0.0,True,7.0,71.0,0.0,0.75,78.0,20.0,58.0,0.0,14.0,64.0,37.0,41.0,1.5,,,,,,,,,,
0.09721141082548393,0.1508634670571262,0.2477454022862969,1.3696853898472323,2.279616595684628,0.5244444444444445,0.2674074074074074,2700,154.79999999999595,0.0,0.0,False,False,31,30,115,0,0,0,0,0,0,0,0,0,0,0,0.8451612903225807,9.133171971907855e-05,0.0,0.1658393896427644,,,0.0,0.0,0.0,0.35,H,baseline,50,churn,3.007221,7.553,200.0,0.25,12.0,0,0.05,155.0,135000,1.0,ba44b18,False,0,0.05,5.0,sum,50,20.0,155.0,360.0,B2,1.0,150,1.0,True,True,0.0,0.0,200.0,True,7.553,200.0,0.25,2,False,6,6,15.0,-1.0,True,0.24,True,1.0,10.0,0.0,False,0.0,0.0,True,,,,,,,,,,,,,,,,,,,,,,,
0.08237206914251795,0.1447087099540418,0.2195950242837884,1.2982058845063262,2.1551872785992496,0.3359259259259259,0.2137037037037037,2700,154.79999999999595,0.0,0.0,False,False,31,30,118,0,0,0,0,0,0,0,0,0,0,0,0.896774193548387,0.0002200745508326232,0.0,0.17798967241835487,0.006015542696612058,0.5925925925925926,0.0,0.0,0.0,0.35,H,m2,50,churn,3.007221,7.553,200.0,0.25,12.0,0,0.05,155.0,135000,1.99605,ba44b18,False,0,0.05,5.0,sum,50,20.0,155.0,360.0,B2,1.0,150,1.0,True,True,0.0,0.0,200.0,True,7.553,200.0,0.25,2,False,6,6,15.0,-1.0,True,0.24,True,1.0,10.0,0.0,False,0.0,0.0,True,,,,,,,,,,,,,,,,,,,,,,,
0.09351971768624034,0.1550751782192882,0.2368461891476337,1.3299757907915417,2.3255963365721697,0.3718518518518519,0.27,2700,154.79999999999595,0.0,0.0,False,False,31,30,118,1306,1406,30,31,61,6,31,7,24,14,17,0.896774193548387,0.0004055320741137053,0.0,0.1517946448332499,,,11483.0,0.0,0.0,0.35,H,B2,50,churn,3.007221,7.553,200.0,0.25,12.0,0,0.05,155.0,135000,1.99605,ba44b18,False,0,0.05,5.0,sum,50,20.0,155.0,360.0,B2,1.0,150,1.0,True,True,0.0,0.0,200.0,True,7.553,200.0,0.25,2,False,6,6,15.0,-1.0,True,0.24,True,1.0,10.0,0.0,False,0.0,0.0,True,10.0,21.0,0.0,0.75,31.0,28.0,3.0,0.0,20.0,11.0,29.0,2.0,1.5,,,,,,,,,,
0.11163953057622732,0.1702021869721177,0.225001942980677,1.4387276311839519,2.276108792060181,0.6444444444444445,0.35,2700,151.69999999999567,inf,inf,True,True,32,30,125,0,0,0,0,0,0,0,0,0,0,0,0.0,0.00010760769494835879,0.0,0.15727149912468746,,,0.0,0.0,0.0,0.35,H,baseline,50,churn,3.007221,7.553,200.0,0.25,12.0,1,0.05,155.0,135000,1.0,ba44b18,False,1,0.05,5.0,sum,50,20.0,155.0,360.0,B2,1.0,150,1.0,True,True,0.0,0.0,200.0,True,7.553,200.0,0.25,2,False,6,6,15.0,-1.0,True,0.24,True,1.0,10.0,0.0,False,0.0,0.0,True,,,,,,,,,,,,,,,,,,,,,,,
0.09846784080441522,0.16172929411140177,0.2233724935304264,1.3839014052497003,2.23114682410583,0.46,0.3085185185185185,2700,151.69999999999567,2.050000000005042,inf,False,True,32,30,124,0,0,0,0,0,0,0,0,0,0,0,0.4258064516129032,0.0002796670786953058,0.0,0.17039341075152353,0.012192217570007298,1.037037037037037,0.0,0.0,0.0,0.35,H,m2,50,churn,3.007221,7.553,200.0,0.25,12.0,1,0.05,155.0,135000,1.99605,ba44b18,False,1,0.05,5.0,sum,50,20.0,155.0,360.0,B2,1.0,150,1.0,True,True,0.0,0.0,200.0,True,7.553,200.0,0.25,2,False,6,6,15.0,-1.0,True,0.24,True,1.0,10.0,0.0,False,0.0,0.0,True,,,,,,,,,,,,,,,,,,,,,,,
0.10241656102094197,0.16850564724746023,0.2220275588690185,1.3898776608356727,2.156557030431176,0.4762962962962963,0.34,2700,151.69999999999567,2.5000000000051443,inf,False,True,32,30,124,1420,1260,32,30,62,8,30,5,25,9,21,0.8064516129032258,0.0005543759510467027,0.0,0.21312559875865095,,,11528.0,0.0,0.0,0.35,H,B2,50,churn,3.007221,7.553,200.0,0.25,12.0,1,0.05,155.0,135000,1.99605,ba44b18,False,1,0.05,5.0,sum,50,20.0,155.0,360.0,B2,1.0,150,1.0,True,True,0.0,0.0,200.0,True,7.553,200.0,0.25,2,False,6,6,15.0,-1.0,True,0.24,True,1.0,10.0,0.0,False,0.0,0.0,True,9.0,21.0,0.0,0.75,30.0,26.0,4.0,0.0,18.0,12.0,26.0,4.0,1.5,,,,,,,,,,
0.09833493922819338,0.15789368604362783,0.2437538207983749,1.3752222569496906,2.1708588789255114,0.5281481481481481,0.2866666666666667,2700,151.99999999999565,inf,inf,True,True,28,26,108,0,0,0,0,0,0,0,0,0,0,0,0.0,0.00010114973724884757,0.0,0.19824324670918814,,,0.0,0.0,0.0,0.35,H,baseline,50,churn,3.007221,7.553,200.0,0.25,12.0,2,0.05,155.0,135000,1.0,ba44b18,False,2,0.05,5.0,sum,50,20.0,155.0,360.0,B2,1.0,150,1.0,True,True,0.0,0.0,200.0,True,7.553,200.0,0.25,2,False,6,6,15.0,-1.0,True,0.24,True,1.0,10.0,0.0,False,0.0,0.0,True,,,,,,,,,,,,,,,,,,,,,,,
0.08447814525073091,0.14939048833483887,0.2614225893030587,1.3121528450483828,2.2217551670926583,0.3940740740740741,0.2325925925925926,2700,151.99999999999565,inf,inf,True,True,28,26,108,0,0,0,0,0,0,0,0,0,0,0,0.25806451612903225,0.0002465046477532027,0.0,0.15661902363951039,0.008667008047936044,0.9481481481481482,0.0,0.0,0.0,0.35,H,m2,50,churn,3.007221,7.553,200.0,0.25,12.0,2,0.05,155.0,135000,1.99605,ba44b18,False,2,0.05,5.0,sum,50,20.0,155.0,360.0,B2,1.0,150,1.0,True,True,0.0,0.0,200.0,True,7.553,200.0,0.25,2,False,6,6,15.0,-1.0,True,0.24,True,1.0,10.0,0.0,False,0.0,0.0,True,,,,,,,,,,,,,,,,,,,,,,,
0.08552982206353144,0.15293634163870795,0.2478672582336569,1.3086074125517098,2.134934516133272,0.37777777777777777,0.2614814814814815,2700,151.99999999999565,2.5000000000052296,inf,False,True,28,26,108,1264,1100,28,25,53,5,25,6,19,7,18,0.6516129032258065,0.0004033822867142728,0.0,0.20686316293178034,,,10019.0,0.0,0.0,0.35,H,B2,50,churn,3.007221,7.553,200.0,0.25,12.0,2,0.05,155.0,135000,1.99605,ba44b18,False,2,0.05,5.0,sum,50,20.0,155.0,360.0,B2,1.0,150,1.0,True,True,0.0,0.0,200.0,True,7.553,200.0,0.25,2,False,6,6,15.0,-1.0,True,0.24,True,1.0,10.0,0.0,False,0.0,0.0,True,6.0,19.0,0.0,0.75,25.0,22.0,3.0,0.0,18.0,7.0,23.0,2.0,1.5,,,,,,,,,,
0.12221545177989453,0.19191734112942158,0.2490753471215702,1.4827322369388989,2.5936336958696207,0.6696296296296296,0.39666666666666667,2700,152.09999999999553,2.1000000000052808,inf,False,True,42,40,163,0,0,0,0,0,0,0,0,0,0,0,0.47096774193548385,0.00015225934334030467,0.0,0.2589800819267723,,,0.0,0.0,0.0,0.35,H,baseline,50,churn,3.007221,7.553,200.0,0.25,12.0,3,0.05,155.0,135000,1.0,ba44b18,False,3,0.05,5.0,sum,50,20.0,155.0,360.0,B2,1.0,150,1.0,True,True,0.0,0.0,200.0,True,7.553,200.0,0.25,2,False,6,6,15.0,-1.0,True,0.24,True,1.0,10.0,0.0,False,0.0,0.0,True,,,,,,,,,,,,,,,,,,,,,,,
0.1049824875455208,0.17655999429456706,0.2589031548729599,1.4169764122758517,2.7509630688897304,0.5185185185185185,0.3466666666666667,2700,152.09999999999553,1.8000000000052125,inf,False,True,42,40,162,0,0,0,0,0,0,0,0,0,0,0,0.7548387096774194,0.0003436921627507,0.0,0.24685134487342453,0.013229475766567755,1.0518518518518518,0.0,0.0,0.0,0.35,H,m2,50,churn,3.007221,7.553,200.0,0.25,12.0,3,0.05,155.0,135000,1.99605,ba44b18,False,3,0.05,5.0,sum,50,20.0,155.0,360.0,B2,1.0,150,1.0,True,True,0.0,0.0,200.0,True,7.553,200.0,0.25,2,False,6,6,15.0,-1.0,True,0.24,True,1.0,10.0,0.0,False,0.0,0.0,True,,,,,,,,,,,,,,,,,,,,,,,
0.11277938395381341,0.18120010420410773,0.2779766307528798,1.424799293792483,2.826809664959204,0.5062962962962962,0.3851851851851852,2700,152.09999999999553,inf,inf,True,True,42,40,162,1897,1668,42,38,80,5,38,7,31,19,19,0.9096774193548387,0.0006236157061128555,0.0,0.2642681210897748,,,15097.0,0.0,0.0,0.35,H,B2,50,churn,3.007221,7.553,200.0,0.25,12.0,3,0.05,155.0,135000,1.99605,ba44b18,False,3,0.05,5.0,sum,50,20.0,155.0,360.0,B2,1.0,150,1.0,True,True,0.0,0.0,200.0,True,7.553,200.0,0.25,2,False,6,6,15.0,-1.0,True,0.24,True,1.0,10.0,0.0,False,0.0,0.0,True,12.0,26.0,0.0,0.75,38.0,32.0,6.0,0.0,19.0,19.0,33.0,5.0,1.5,,,,,,,,,,
0.10338708388721798,0.16253031703730367,0.3776881313071515,1.3853488022731675,3.445126380393264,0.5051851851851852,0.2840740740740741,2700,153.19999999999604,inf,inf,True,True,31,28,121,0,0,0,0,0,0,0,0,0,0,0,0.45161290322580644,0.00011398387683227927,0.0,0.2282471286261489,,,0.0,0.0,0.0,0.35,H,baseline,50,churn,3.007221,7.553,200.0,0.25,12.0,4,0.05,155.0,135000,1.0,ba44b18,False,4,0.05,5.0,sum,50,20.0,155.0,360.0,B2,1.0,150,1.0,True,True,0.0,0.0,200.0,True,7.553,200.0,0.25,2,False,6,6,15.0,-1.0,True,0.24,True,1.0,10.0,0.0,False,0.0,0.0,True,,,,,,,,,,,,,,,,,,,,,,,
0.0883746693284246,0.15316810729664862,0.311623934904515,1.3196962461009814,2.986525498119398,0.3585185185185185,0.2348148148148148,2700,153.19999999999604,inf,inf,True,True,31,28,120,0,0,0,0,0,0,0,0,0,0,0,0.49032258064516127,0.0002748386815214975,0.0,0.19069674672826667,0.007230613683017249,0.7555555555555555,0.0,0.0,0.0,0.35,H,m2,50,churn,3.007221,7.553,200.0,0.25,12.0,4,0.05,155.0,135000,1.99605,ba44b18,False,4,0.05,5.0,sum,50,20.0,155.0,360.0,B2,1.0,150,1.0,True,True,0.0,0.0,200.0,True,7.553,200.0,0.25,2,False,6,6,15.0,-1.0,True,0.24,True,1.0,10.0,0.0,False,0.0,0.0,True,,,,,,,,,,,,,,,,,,,,,,,
0.09818121097032498,0.16542120624651258,0.333533846286862,1.3522529568311203,3.1431791522292234,0.41185185185185186,0.2822222222222222,2700,153.19999999999604,inf,inf,True,True,31,28,119,1317,1389,31,30,61,6,30,9,21,15,15,0.4838709677419355,0.00046480303067246746,0.0,0.208345313429238,,,11465.0,0.0,0.0,0.35,H,B2,50,churn,3.007221,7.553,200.0,0.25,12.0,4,0.05,155.0,135000,1.99605,ba44b18,False,4,0.05,5.0,sum,50,20.0,155.0,360.0,B2,1.0,150,1.0,True,True,0.0,0.0,200.0,True,7.553,200.0,0.25,2,False,6,6,15.0,-1.0,True,0.24,True,1.0,10.0,0.0,False,0.0,0.0,True,11.0,19.0,0.0,0.75,30.0,28.0,2.0,0.0,23.0,7.0,30.0,0.0,1.5,,,,,,,,,,
0.09518498193561922,0.16017620396718638,0.2690569781130472,1.3739894563732014,2.2656020710206177,0.5244444444444445,0.27666666666666667,2700,149.5999999999958,3.1500000000046953,inf,False,True,29,28,114,0,0,0,0,0,0,0,0,0,0,0,0.0,9.523967629911826e-05,0.0,0.18795225502407598,,,0.0,0.0,0.0,0.35,H,baseline,50,churn,3.007221,7.553,200.0,0.25,12.0,5,0.05,155.0,135000,1.0,ba44b18,False,5,0.05,5.0,sum,50,20.0,155.0,360.0,B2,1.0,150,1.0,True,True,0.0,0.0,200.0,True,7.553,200.0,0.25,2,False,6,6,15.0,-1.0,True,0.24,True,1.0,10.0,0.0,False,0.0,0.0,True,,,,,,,,,,,,,,,,,,,,,,,
0.08273623743719645,0.1537109101939445,0.2391559013212927,1.3212757284753835,2.275080291638498,0.40814814814814815,0.24259259259259258,2700,149.5999999999958,2.050000000004445,inf,False,True,29,28,112,0,0,0,0,0,0,0,0,0,0,0,0.0,0.0002427238921435796,0.0,0.17945557954597477,0.00948117135631938,0.9925925925925926,0.0,0.0,0.0,0.35,H,m2,50,churn,3.007221,7.553,200.0,0.25,12.0,5,0.05,155.0,135000,1.99605,ba44b18,False,5,0.05,5.0,sum,50,20.0,155.0,360.0,B2,1.0,150,1.0,True,True,0.0,0.0,200.0,True,7.553,200.0,0.25,2,False,6,6,15.0,-1.0,True,0.24,True,1.0,10.0,0.0,False,0.0,0.0,True,,,,,,,,,,,,,,,,,,,,,,,
0.08574029268279956,0.15533803473224705,0.237441456448345,1.320158081446856,2.219624764306509,0.38185185185185183,0.277037037037037,2700,149.5999999999958,2.450000000004536,inf,False,True,29,28,111,1339,1148,29,26,55,5,26,10,16,16,10,0.9225806451612903,0.00040200715016077776,0.0,0.20782523847278925,,,10435.0,0.0,0.0,0.35,H,B2,50,churn,3.007221,7.553,200.0,0.25,12.0,5,0.05,155.0,135000,1.99605,ba44b18,False,5,0.05,5.0,sum,50,20.0,155.0,360.0,B2,1.0,150,1.0,True,True,0.0,0.0,200.0,True,7.553,200.0,0.25,2,False,6,6,15.0,-1.0,True,0.24,True,1.0,10.0,0.0,False,0.0,0.0,True,12.0,14.0,0.0,0.75,26.0,22.0,4.0,0.0,16.0,10.0,24.0,2.0,1.5,,,,,,,,,,
0.09890960693122468,0.1717691416043813,0.3203143867018585,1.3699977674419825,3.0969522080870138,0.4633333333333333,0.2785185185185185,2700,154.19999999999553,inf,inf,True,True,33,30,127,0,0,0,0,0,0,0,0,0,0,0,0.535483870967742,0.00011439044434376092,0.0,0.2080952588448443,,,0.0,0.0,0.0,0.35,H,baseline,50,churn,3.007221,7.553,200.0,0.25,12.0,6,0.05,155.0,135000,1.0,ba44b18,False,6,0.05,5.0,sum,50,20.0,155.0,360.0,B2,1.0,150,1.0,True,True,0.0,0.0,200.0,True,7.553,200.0,0.25,2,False,6,6,15.0,-1.0,True,0.24,True,1.0,10.0,0.0,False,0.0,0.0,True,,,,,,,,,,,,,,,,,,,,,,,
0.08284860756282297,0.14924442079219322,0.3241394537607212,1.3057514791285556,3.148410436119637,0.36074074074074075,0.23185185185185186,2700,154.19999999999553,inf,inf,True,True,33,30,128,0,0,0,0,0,0,0,0,0,0,0,0.6064516129032258,0.00023900507774683824,0.0,0.1952044640467408,0.006082855049456588,0.5333333333333333,0.0,0.0,0.0,0.35,H,m2,50,churn,3.007221,7.553,200.0,0.25,12.0,6,0.05,155.0,135000,1.99605,ba44b18,False,6,0.05,5.0,sum,50,20.0,155.0,360.0,B2,1.0,150,1.0,True,True,0.0,0.0,200.0,True,7.553,200.0,0.25,2,False,6,6,15.0,-1.0,True,0.24,True,1.0,10.0,0.0,False,0.0,0.0,True,,,,,,,,,,,,,,,,,,,,,,,
0.10342932932670999,0.1761838933011049,0.3124467870979832,1.3655389384331862,3.084667777727972,0.41185185185185186,0.28888888888888886,2700,154.19999999999553,inf,inf,True,True,33,30,127,1327,1424,31,32,64,7,32,8,24,14,18,0.8774193548387097,0.0004315014381780539,0.0,0.19616095375546355,,,11821.0,0.0,0.0,0.35,H,B2,50,churn,3.007221,7.553,200.0,0.25,12.0,6,0.05,155.0,135000,1.99605,ba44b18,False,6,0.05,5.0,sum,50,20.0,155.0,360.0,B2,1.0,150,1.0,True,True,0.0,0.0,200.0,True,7.553,200.0,0.25,2,False,6,6,15.0,-1.0,True,0.24,True,1.0,10.0,0.0,False,0.0,0.0,True,11.0,21.0,0.0,0.75,32.0,29.0,3.0,0.0,20.0,12.0,30.0,2.0,1.5,,,,,,,,,,
0.10946168235651284,0.16654629874887283,0.2692784792236232,1.4234248514252006,2.7118314533798213,0.6029629629629629,0.3025925925925926,2700,150.1999999999962,3.400000000004468,inf,False,True,33,30,125,0,0,0,0,0,0,0,0,0,0,0,0.0,0.00011647487708021539,0.0,0.21247298708577597,,,0.0,0.0,0.0,0.35,H,baseline,50,churn,3.007221,7.553,200.0,0.25,12.0,7,0.05,155.0,135000,1.0,ba44b18,False,7,0.05,5.0,sum,50,20.0,155.0,360.0,B2,1.0,150,1.0,True,True,0.0,0.0,200.0,True,7.553,200.0,0.25,2,False,6,6,15.0,-1.0,True,0.24,True,1.0,10.0,0.0,False,0.0,0.0,True,,,,,,,,,,,,,,,,,,,,,,,
0.09337778832307056,0.1550666279872992,0.2487553848066642,1.351662138987479,2.648172756776951,0.4237037037037037,0.2611111111111111,2700,150.1999999999962,2.450000000004252,inf,False,True,33,30,126,0,0,0,0,0,0,0,0,0,0,0,0.5096774193548387,0.0002533408572877111,0.0,0.1749959824478717,0.010671852033317001,1.0222222222222221,0.0,0.0,0.0,0.35,H,m2,50,churn,3.007221,7.553,200.0,0.25,12.0,7,0.05,155.0,135000,1.99605,ba44b18,False,7,0.05,5.0,sum,50,20.0,155.0,360.0,B2,1.0,150,1.0,True,True,0.0,0.0,200.0,True,7.553,200.0,0.25,2,False,6,6,15.0,-1.0,True,0.24,True,1.0,10.0,0.0,False,0.0,0.0,True,,,,,,,,,,,,,,,,,,,,,,,
0.09689823430123583,0.1590260296455789,0.2604372182879564,1.3522656395175818,2.716462178746292,0.4014814814814815,0.2948148148148148,2700,150.1999999999962,2.4000000000042405,4.150000000004638,False,False,33,30,126,1531,1359,32,31,64,4,31,6,25,11,20,0.8451612903225807,0.0005117226737448218,0.0,0.23844807292641923,,,12144.0,0.0,0.0,0.35,H,B2,50,churn,3.007221,7.553,200.0,0.25,12.0,7,0.05,155.0,135000,1.99605,ba44b18,False,7,0.05,5.0,sum,50,20.0,155.0,360.0,B2,1.0,150,1.0,True,True,0.0,0.0,200.0,True,7.553,200.0,0.25,2,False,6,6,15.0,-1.0,True,0.24,True,1.0,10.0,0.0,False,0.0,0.0,True,11.0,20.0,0.0,0.75,31.0,28.0,3.0,0.0,18.0,13.0,29.0,2.0,1.5,,,,,,,,,,
0.019514390588378498,0.0272882164695837,0.0318993421230353,1.0368267141670595,1.0794967135781033,0.0,0.0,1501,5.099999999999998,5.100000000000012,10.650000000000091,False,False,1,0,4,0,0,0,0,0,0,0,0,0,0,0,0.0,2.0033537210700885e-07,0.0,0.00542848238198546,,,0.0,0.0,0.0,0.35,E,baseline,50,clean,1.608921,4.041,200.0,0.25,0.0,0,0.05,95.0,75050,1.0,ba44b18,False,0,0.05,5.0,sum,50,20.0,95.0,360.0,B2,1.0,150,1.0,True,True,0.0,0.0,200.0,True,4.041,200.0,0.25,2,True,27,27,5.0,-1.0,True,0.0,True,1.0,10.0,0.0,False,0.0,0.0,True,,,,,,,,,,,,,,64.10815671580495,0.8252627945007989,45.74999999999926,68.64999999999796,0.0128879118580417,0.1385594128741527,0.0128289092517136,0.020432879862173,0.0007615084701849544,0.0
0.019514390588378498,0.0272882164695837,0.0318993421230353,1.0368267141670595,1.0794967135781033,0.0,0.0,1501,5.099999999999998,5.100000000000012,10.650000000000091,False,False,1,0,4,0,0,0,0,0,0,0,0,0,0,0,0.0,2.0033537210700885e-07,0.0,0.00542848238198546,1.0,0.0,0.0,0.0,0.0,0.35,E,m2,50,clean,1.608921,4.041,200.0,0.25,0.0,0,0.05,95.0,75050,1.99605,ba44b18,False,0,0.05,5.0,sum,50,20.0,95.0,360.0,B2,1.0,150,1.0,True,True,0.0,0.0,200.0,True,4.041,200.0,0.25,2,True,27,27,5.0,-1.0,True,0.0,True,1.0,10.0,0.0,False,0.0,0.0,True,,,,,,,,,,,,,,64.10815671580495,0.8252627945007989,45.74999999999926,68.64999999999796,0.0128879118580417,0.1385594128741527,0.0128289092517136,0.020432879862173,0.0007615084701849544,0.0
0.03668796776047093,0.0512728506923132,0.0602362380468213,1.070245892646841,1.1558293092436918,0.0,0.0,1501,5.099999999999998,8.150000000000054,27.65000000000028,False,False,1,0,4,0,47,0,1,1,2,1,0,1,0,1,0.0,7.049630036191994e-07,0.0,0.010313355779243801,,,296.0,0.0,0.0,0.35,E,B2,50,clean,1.608921,4.041,200.0,0.25,0.0,0,0.05,95.0,75050,1.99605,ba44b18,False,0,0.05,5.0,sum,50,20.0,95.0,360.0,B2,1.0,150,1.0,True,True,0.0,0.0,200.0,True,4.041,200.0,0.25,2,True,27,27,5.0,-1.0,True,0.0,True,1.0,10.0,0.0,False,0.0,0.0,True,0.0,1.0,0.0,0.75,1.0,0.0,1.0,0.0,0.0,1.0,0.0,1.0,1.5,73.11719479258667,0.9387742040110096,62.849999999998296,71.94999999999777,0.0242383790853894,0.1385594128741527,0.0241295925674808,0.0384540021520511,0.0014316548982702272,0.0
0.019517879286772993,0.0272421823718944,0.0317916521015772,1.0367551085605233,1.0788516334359184,0.0,0.0,1501,5.099999999999998,3.399999999999988,10.650000000000091,False,False,1,0,4,0,0,0,0,0,0,0,0,0,0,0,0.0,1.9831845759198265e-07,0.0,0.005410198321825564,,,0.0,0.0,0.0,0.35,E,baseline,50,clean,1.608921,4.041,200.0,0.25,0.0,1,0.05,95.0,75050,1.0,ba44b18,False,1,0.05,5.0,sum,50,20.0,95.0,360.0,B2,1.0,150,1.0,True,True,0.0,0.0,200.0,True,4.041,200.0,0.25,2,True,28,28,5.0,-1.0,True,0.0,True,1.0,10.0,0.0,False,0.0,0.0,True,,,,,,,,,,,,,,64.91750534943455,0.8305349981253318,45.849999999999255,68.69999999999797,0.0129106921890364,0.1381185202665521,0.0128519459203748,0.020424880390615043,0.000761706606059014,0.0
0.019517879286772993,0.0272421823718944,0.0317916521015772,1.0367551085605233,1.0788516334359184,0.0,0.0,1501,5.099999999999998,3.399999999999988,10.650000000000091,False,False,1,0,4,0,0,0,0,0,0,0,0,0,0,0,0.0,1.9831845759198265e-07,0.0,0.005410198321825564,1.0,0.0,0.0,0.0,0.0,0.35,E,m2,50,clean,1.608921,4.041,200.0,0.25,0.0,1,0.05,95.0,75050,1.99605,ba44b18,False,1,0.05,5.0,sum,50,20.0,95.0,360.0,B2,1.0,150,1.0,True,True,0.0,0.0,200.0,True,4.041,200.0,0.25,2,True,28,28,5.0,-1.0,True,0.0,True,1.0,10.0,0.0,False,0.0,0.0,True,,,,,,,,,,,,,,64.91750534943455,0.8305349981253318,45.849999999999255,68.69999999999797,0.0129106921890364,0.1381185202665521,0.0128519459203748,0.020424880390615043,0.000761706606059014,0.0
0.036723131125048596,0.0512756931128612,0.0601948173545221,1.0701655754266086,1.154917483220893,0.0,0.0,1501,5.099999999999998,8.100000000000055,27.600000000000282,False,False,1,0,4,0,47,0,1,1,2,1,0,1,0,1,0.0,7.025650242590719e-07,0.0,0.01040570169626816,,,296.0,0.0,0.0,0.35,E,B2,50,clean,1.608921,4.041,200.0,0.25,0.0,1,0.05,95.0,75050,1.99605,ba44b18,False,1,0.05,5.0,sum,50,20.0,95.0,360.0,B2,1.0,150,1.0,True,True,0.0,0.0,200.0,True,4.041,200.0,0.25,2,True,28,28,5.0,-1.0,True,0.0,True,1.0,10.0,0.0,False,0.0,0.0,True,0.0,1.0,0.0,0.75,1.0,0.0,1.0,0.0,0.0,1.0,0.0,1.0,1.5,73.7682837168399,0.9423543166329472,62.94999999999829,71.99999999999778,0.0242840714394149,0.1381185202665521,0.0241728858620359,0.03848032709770543,0.0014335552517367527,0.0
0.01949957480375506,0.0271778875896962,0.0316137119231902,1.036610259764127,1.078010049267097,0.0,0.0,1501,5.099999999999998,3.399999999999988,10.50000000000009,False,False,1,0,4,0,0,0,0,0,0,0,0,0,0,0,0.0,1.9574706460196838e-07,0.0,0.00537107864981956,,,0.0,0.0,0.0,0.35,E,baseline,50,clean,1.608921,4.041,200.0,0.25,0.0,2,0.05,95.0,75050,1.0,ba44b18,False,2,0.05,5.0,sum,50,20.0,95.0,360.0,B2,1.0,150,1.0,True,True,0.0,0.0,200.0,True,4.041,200.0,0.25,2,True,29,29,5.0,-1.0,True,0.0,True,1.0,10.0,0.0,False,0.0,0.0,True,,,,,,,,,,,,,,65.26767544107307,0.8285733149229504,45.94999999999925,68.84999999999795,0.0129179639444705,0.1373543533841612,0.0128594468123525,0.020394677116360466,0.0007613391875017899,0.0
0.01949957480375506,0.0271778875896962,0.0316137119231902,1.036610259764127,1.078010049267097,0.0,0.0,1501,5.099999999999998,3.399999999999988,10.50000000000009,False,False,1,0,4,0,0,0,0,0,0,0,0,0,0,0,0.0,1.9574706460196838e-07,0.0,0.00537107864981956,1.0,0.0,0.0,0.0,0.0,0.35,E,m2,50,clean,1.608921,4.041,200.0,0.25,0.0,2,0.05,95.0,75050,1.99605,ba44b18,False,2,0.05,5.0,sum,50,20.0,95.0,360.0,B2,1.0,150,1.0,True,True,0.0,0.0,200.0,True,4.041,200.0,0.25,2,True,29,29,5.0,-1.0,True,0.0,True,1.0,10.0,0.0,False,0.0,0.0,True,,,,,,,,,,,,,,65.26767544107307,0.8285733149229504,45.94999999999925,68.84999999999795,0.0129179639444705,0.1373543533841612,0.0128594468123525,0.020394677116360466,0.0007613391875017899,0.0
0.03660354856106829,0.051031709214393,0.0597056505878699,1.069752357713133,1.152822081152812,0.0,0.0,1501,5.099999999999998,8.050000000000054,27.3000000000003,False,False,1,0,4,0,47,0,1,1,2,1,0,1,0,1,0.0,6.899656001662652e-07,0.0,0.010229613049715985,,,296.0,0.0,0.0,0.35,E,B2,50,clean,1.608921,4.041,200.0,0.25,0.0,2,0.05,95.0,75050,1.99605,ba44b18,False,2,0.05,5.0,sum,50,20.0,95.0,360.0,B2,1.0,150,1.0,True,True,0.0,0.0,200.0,True,4.041,200.0,0.25,2,True,29,29,5.0,-1.0,True,0.0,True,1.0,10.0,0.0,False,0.0,0.0,True,0.0,1.0,0.0,0.75,1.0,0.0,1.0,0.0,0.0,1.0,0.0,1.0,1.5,73.78973970656098,0.9418007885351074,62.99999999999829,71.94999999999777,0.0242373158173001,0.1373543533841612,0.0241289561176954,0.03833135949951738,0.0014303575104926294,0.0
0.019488153681885688,0.0270972027365551,0.0314617476926434,1.0364922108019359,1.0775537062685538,0.0,0.0,1501,5.099999999999998,3.349999999999987,10.50000000000009,False,False,1,0,4,0,0,0,0,0,0,0,0,0,0,0,0.0,1.9347762052371055e-07,0.0,0.005286210941559125,,,0.0,0.0,0.0,0.35,E,baseline,50,clean,1.608921,4.041,200.0,0.25,0.0,3,0.05,95.0,75050,1.0,ba44b18,False,3,0.05,5.0,sum,50,20.0,95.0,360.0,B2,1.0,150,1.0,True,True,0.0,0.0,200.0,True,4.041,200.0,0.25,2,True,30,30,5.0,-1.0,True,0.0,True,1.0,10.0,0.0,False,0.0,0.0,True,,,,,,,,,,,,,,65.40937637080766,0.824747416461146,45.89999999999925,68.79999999999797,0.0129322159957383,0.1373241497227524,0.012872362177672,0.020372181006255905,0.0007610179584048896,0.0
0.019488153681885688,0.0270972027365551,0.0314617476926434,1.0364922108019359,1.0775537062685538,0.0,0.0,1501,5.099999999999998,3.349999999999987,10.50000000000009,False,False,1,0,4,0,0,0,0,0,0,0,0,0,0,0,0.0,1.9347762052371055e-07,0.0,0.005286210941559125,1.0,0.0,0.0,0.0,0.0,0.35,E,m2,50,clean,1.608921,4.041,200.0,0.25,0.0,3,0.05,95.0,75050,1.99605,ba44b18,False,3,0.05,5.0,sum,50,20.0,95.0,360.0,B2,1.0,150,1.0,True,True,0.0,0.0,200.0,True,4.041,200.0,0.25,2,True,30,30,5.0,-1.0,True,0.0,True,1.0,10.0,0.0,False,0.0,0.0,True,,,,,,,,,,,,,,65.40937637080766,0.824747416461146,45.89999999999925,68.79999999999797,0.0129322159957383,0.1373241497227524,0.012872362177672,0.020372181006255905,0.0007610179584048896,0.0
0.03669895437099806,0.0511228664693606,0.0598338601130784,1.0699051984255046,1.153726742064997,0.0,0.0,1501,5.099999999999998,8.150000000000054,27.350000000000296,False,False,1,0,4,0,47,0,1,1,2,1,0,1,0,1,0.0,6.931816668270334e-07,0.0,0.010169445989959714,,,296.0,0.0,0.0,0.35,E,B2,50,clean,1.608921,4.041,200.0,0.25,0.0,3,0.05,95.0,75050,1.99605,ba44b18,False,3,0.05,5.0,sum,50,20.0,95.0,360.0,B2,1.0,150,1.0,True,True,0.0,0.0,200.0,True,4.041,200.0,0.25,2,True,30,30,5.0,-1.0,True,0.0,True,1.0,10.0,0.0,False,0.0,0.0,True,0.0,1.0,0.0,0.75,1.0,0.0,1.0,0.0,0.0,1.0,0.0,1.0,1.5,74.21245000216015,0.9409243628002613,63.049999999998285,71.94999999999777,0.0243081227524251,0.1373241497227524,0.02420097851045,0.038431564896520984,0.0014333715648156236,0.0
0.01948040136574114,0.0270392280045248,0.0313633838035896,1.036400606434059,1.0773379081758965,0.0,0.0,1501,5.099999999999998,5.150000000000013,10.450000000000088,False,False,1,0,4,0,0,0,0,0,0,0,0,0,0,0,0.0,1.9155355071627198e-07,0.0,0.005238107635227664,,,0.0,0.0,0.0,0.35,E,baseline,50,clean,1.608921,4.041,200.0,0.25,0.0,4,0.05,95.0,75050,1.0,ba44b18,False,4,0.05,5.0,sum,50,20.0,95.0,360.0,B2,1.0,150,1.0,True,True,0.0,0.0,200.0,True,4.041,200.0,0.25,2,True,31,31,5.0,-1.0,True,0.0,True,1.0,10.0,0.0,False,0.0,0.0,True,,,,,,,,,,,,,,65.33501664185536,0.8188057512302946,45.79999999999926,68.79999999999797,0.0129412835398741,0.1376346485337035,0.0128850363136469,0.020355958484577906,0.0007614308973722367,0.0
0.01948040136574114,0.0270392280045248,0.0313633838035896,1.036400606434059,1.0773379081758965,0.0,0.0,1501,5.099999999999998,5.150000000000013,10.450000000000088,False,False,1,0,4,0,0,0,0,0,0,0,0,0,0,0,0.0,1.9155355071627198e-07,0.0,0.005238107635227664,1.0,0.0,0.0,0.0,0.0,0.35,E,m2,50,clean,1.608921,4.041,200.0,0.25,0.0,4,0.05,95.0,75050,1.99605,ba44b18,False,4,0.05,5.0,sum,50,20.0,95.0,360.0,B2,1.0,150,1.0,True,True,0.0,0.0,200.0,True,4.041,200.0,0.25,2,True,31,31,5.0,-1.0,True,0.0,True,1.0,10.0,0.0,False,0.0,0.0,True,,,,,,,,,,,,,,65.33501664185536,0.8188057512302946,45.79999999999926,68.79999999999797,0.0129412835398741,0.1376346485337035,0.0128850363136469,0.020355958484577906,0.0007614308973722367,0.0
0.03659690524533763,0.0508847961463234,0.0594773549519241,1.0695612688421374,1.1525565040644978,0.0,0.0,1501,5.099999999999998,8.150000000000054,27.150000000000308,False,False,1,0,4,0,47,0,1,1,2,1,0,1,0,1,0.0,6.823097386136246e-07,0.0,0.01008266373466946,,,296.0,0.0,0.0,0.35,E,B2,50,clean,1.608921,4.041,200.0,0.25,0.0,4,0.05,95.0,75050,1.99605,ba44b18,False,4,0.05,5.0,sum,50,20.0,95.0,360.0,B2,1.0,150,1.0,True,True,0.0,0.0,200.0,True,4.041,200.0,0.25,2,True,31,31,5.0,-1.0,True,0.0,True,1.0,10.0,0.0,False,0.0,0.0,True,0.0,1.0,0.0,0.75,1.0,0.0,1.0,0.0,0.0,1.0,0.0,1.0,1.5,73.99507152010082,0.9377448350681609,62.94999999999829,71.94999999999777,0.024277860920786,0.1376346485337035,0.024172666668122,0.0383059030446102,0.0014298021296831,0.0
0.01950489427128392,0.0270477338244442,0.0313414973139369,1.0364270351676825,1.0773270615537134,0.0,0.0,1501,5.099999999999998,3.349999999999987,10.450000000000088,False,False,1,0,4,0,0,0,0,0,0,0,0,0,0,0,0.0,1.912561457437213e-07,0.0,0.005234892869101275,,,0.0,0.0,0.0,0.35,E,baseline,50,clean,1.608921,4.041,200.0,0.25,0.0,5,0.05,95.0,75050,1.0,ba44b18,False,5,0.05,5.0,sum,50,20.0,95.0,360.0,B2,1.0,150,1.0,True,True,0.0,0.0,200.0,True,4.041,200.0,0.25,2,True,32,32,5.0,-1.0,True,0.0,True,1.0,10.0,0.0,False,0.0,0.0,True,,,,,,,,,,,,,,66.11856625611641,0.8279926183663873,45.849999999999255,68.79999999999797,0.012967260554884,0.1376315336591237,0.0129082277648273,0.020378657951589153,0.000762759208748268,0.0
0.01950489427128392,0.0270477338244442,0.0313414973139369,1.0364270351676825,1.0773270615537134,0.0,0.0,1501,5.099999999999998,3.349999999999987,10.450000000000088,False,False,1,0,4,0,0,0,0,0,0,0,0,0,0,0,0.0,1.912561457437213e-07,0.0,0.005234892869101275,1.0,0.0,0.0,0.0,0.0,0.35,E,m2,50,clean,1.608921,4.041,200.0,0.25,0.0,5,0.05,95.0,75050,1.99605,ba44b18,False,5,0.05,5.0,sum,50,20.0,95.0,360.0,B2,1.0,150,1.0,True,True,0.0,0.0,200.0,True,4.041,200.0,0.25,2,True,32,32,5.0,-1.0,True,0.0,True,1.0,10.0,0.0,False,0.0,0.0,True,,,,,,,,,,,,,,66.11856625611641,0.8279926183663873,45.849999999999255,68.79999999999797,0.012967260554884,0.1376315336591237,0.0129082277648273,0.020378657951589153,0.000762759208748268,0.0
0.03663877372415415,0.0509399213271505,0.0595270101461034,1.069619230114042,1.1525731373305477,0.0,0.0,1501,5.099999999999998,8.100000000000055,27.150000000000308,False,False,1,0,4,0,47,0,1,1,2,1,0,1,0,1,0.0,6.838422414589853e-07,0.0,0.010196836265245684,,,296.0,0.0,0.0,0.35,E,B2,50,clean,1.608921,4.041,200.0,0.25,0.0,5,0.05,95.0,75050,1.99605,ba44b18,False,5,0.05,5.0,sum,50,20.0,95.0,360.0,B2,1.0,150,1.0,True,True,0.0,0.0,200.0,True,4.041,200.0,0.25,2,True,32,32,5.0,-1.0,True,0.0,True,1.0,10.0,0.0,False,0.0,0.0,True,0.0,1.0,0.0,0.75,1.0,0.0,1.0,0.0,0.0,1.0,0.0,1.0,1.5,74.4122449479246,0.9429805098223187,62.99999999999829,71.99999999999778,0.0243063471502991,0.1376315336591237,0.0241951856416192,0.03835160045784029,0.001431436789675249,0.0
0.01949920496244442,0.0270292134620554,0.0312893609383585,1.0363737597646565,1.0772863741048324,0.0,0.0,1501,5.099999999999998,3.349999999999987,10.450000000000088,False,False,1,0,4,0,0,0,0,0,0,0,0,0,0,0,0.0,1.904097575979417e-07,0.0,0.005143886646367109,,,0.0,0.0,0.0,0.35,E,baseline,50,clean,1.608921,4.041,200.0,0.25,0.0,6,0.05,95.0,75050,1.0,ba44b18,False,6,0.05,5.0,sum,50,20.0,95.0,360.0,B2,1.0,150,1.0,True,True,0.0,0.0,200.0,True,4.041,200.0,0.25,2,True,33,33,5.0,-1.0,True,0.0,True,1.0,10.0,0.0,False,0.0,0.0,True,,,,,,,,,,,,,,65.86962302500025,0.8222590219226511,45.74999999999926,68.79999999999797,0.0129743509000511,0.1380115637027894,0.012916571683247,0.020369093843355463,0.0007624275657873335,0.0
0.01949920496244442,0.0270292134620554,0.0312893609383585,1.0363737597646565,1.0772863741048324,0.0,0.0,1501,5.099999999999998,3.349999999999987,10.450000000000088,False,False,1,0,4,0,0,0,0,0,0,0,0,0,0,0,0.0,1.904097575979417e-07,0.0,0.005143886646367109,1.0,0.0,0.0,0.0,0.0,0.35,E,m2,50,clean,1.608921,4.041,200.0,0.25,0.0,6,0.05,95.0,75050,1.99605,ba44b18,False,6,0.05,5.0,sum,50,20.0,95.0,360.0,B2,1.0,150,1.0,True,True,0.0,0.0,200.0,True,4.041,200.0,0.25,2,True,33,33,5.0,-1.0,True,0.0,True,1.0,10.0,0.0,False,0.0,0.0,True,,,,,,,,,,,,,,65.86962302500025,0.8222590219226511,45.74999999999926,68.79999999999797,0.0129743509000511,0.1380115637027894,0.012916571683247,0.020369093843355463,0.0007624275657873335,0.0
0.03664611963166516,0.0509541878813286,0.0595426351841566,1.0696375553341644,1.1526877230737251,0.0,0.0,1501,5.099999999999998,8.100000000000055,27.150000000000308,False,False,1,0,4,0,47,0,1,1,2,1,0,1,0,1,0.0,6.842918116298812e-07,0.0,0.01017354179681608,,,296.0,0.0,0.0,0.35,E,B2,50,clean,1.608921,4.041,200.0,0.25,0.0,6,0.05,95.0,75050,1.99605,ba44b18,False,6,0.05,5.0,sum,50,20.0,95.0,360.0,B2,1.0,150,1.0,True,True,0.0,0.0,200.0,True,4.041,200.0,0.25,2,True,33,33,5.0,-1.0,True,0.0,True,1.0,10.0,0.0,False,0.0,0.0,True,0.0,1.0,0.0,0.75,1.0,0.0,1.0,0.0,0.0,1.0,0.0,1.0,1.5,74.41740605929972,0.9407346326426503,62.89999999999829,71.99999999999778,0.0243115923856916,0.1380115637027894,0.0242041654195635,0.03835781994145651,0.0014321588309814898,0.0
0.01952075296743322,0.0270363170158184,0.0313205036719195,1.0364237787634918,1.0774488226893282,0.0,0.0,1501,5.099999999999998,3.399999999999988,10.50000000000009,False,False,1,0,4,0,0,0,0,0,0,0,0,0,0,0,0.0,1.9088888252795352e-07,0.0,0.00525613630329969,,,0.0,0.0,0.0,0.35,E,baseline,50,clean,1.608921,4.041,200.0,0.25,0.0,7,0.05,95.0,75050,1.0,ba44b18,False,7,0.05,5.0,sum,50,20.0,95.0,360.0,B2,1.0,150,1.0,True,True,0.0,0.0,200.0,True,4.041,200.0,0.25,2,True,34,34,5.0,-1.0,True,0.0,True,1.0,10.0,0.0,False,0.0,0.0,True,,,,,,,,,,,,,,65.98176639036963,0.8239987010441514,45.69999999999926,68.74999999999795,0.0129933881529333,0.1382190637672804,0.0129318104394737,0.020392885514542297,0.0007631737206443311,0.0
0.01952075296743322,0.0270363170158184,0.0313205036719195,1.0364237787634918,1.0774488226893282,0.0,0.0,1501,5.099999999999998,3.399999999999988,10.50000000000009,False,False,1,0,4,0,0,0,0,0,0,0,0,0,0,0,0.0,1.9088888252795352e-07,0.0,0.00525613630329969,1.0,0.0,0.0,0.0,0.0,0.35,E,m2,50,clean,1.608921,4.041,200.0,0.25,0.0,7,0.05,95.0,75050,1.99605,ba44b18,False,7,0.05,5.0,sum,50,20.0,95.0,360.0,B2,1.0,150,1.0,True,True,0.0,0.0,200.0,True,4.041,200.0,0.25,2,True,34,34,5.0,-1.0,True,0.0,True,1.0,10.0,0.0,False,0.0,0.0,True,,,,,,,,,,,,,,65.98176639036963,0.8239987010441514,45.69999999999926,68.74999999999795,0.0129933881529333,0.1382190637672804,0.0129318104394737,0.020392885514542297,0.0007631737206443311,0.0
0.03665806871710361,0.0509218392623956,0.059473852308255,1.0695770137232465,1.1523386527018686,0.0,0.0,1501,5.099999999999998,8.050000000000054,27.050000000000313,False,False,1,0,4,0,47,0,1,1,2,1,0,1,0,1,0.0,6.825259010165767e-07,0.0,0.010277546763496554,,,296.0,0.0,0.0,0.35,E,B2,50,clean,1.608921,4.041,200.0,0.25,0.0,7,0.05,95.0,75050,1.99605,ba44b18,False,7,0.05,5.0,sum,50,20.0,95.0,360.0,B2,1.0,150,1.0,True,True,0.0,0.0,200.0,True,4.041,200.0,0.25,2,True,34,34,5.0,-1.0,True,0.0,True,1.0,10.0,0.0,False,0.0,0.0,True,0.0,1.0,0.0,0.75,1.0,0.0,1.0,0.0,0.0,1.0,0.0,1.0,1.5,74.37946411039611,0.941112979997749,62.89999999999829,71.94999999999777,0.0243426883720459,0.1382190637672804,0.024224759082717,0.0383653641594837,0.0014330740361374339,0.0
0.02017634661829812,0.0283346599031383,0.0333217293874839,1.0384037356478852,1.0838061785087167,0.0,0.0,1501,5.099999999999998,3.7999999999999936,11.550000000000104,False,False,1,0,2,0,0,0,0,0,0,0,0,0,0,0,0.0,2.1924182097630471e-07,0.0,0.005734978392766969,,,0.0,0.0,0.0,0.35,F,baseline,50,clean,3.007221,7.553,200.0,0.25,0.0,0,0.05,95.0,75050,1.0,ba44b18,False,0,0.05,5.0,sum,50,20.0,95.0,360.0,B2,1.0,150,1.0,True,True,0.0,0.0,200.0,True,7.553,200.0,0.25,2,True,27,27,5.0,-1.0,True,0.0,True,1.0,10.0,0.0,False,0.0,0.0,True,,,,,,,,,,,,,,64.24863587386587,0.8394916070986813,46.64999999999921,69.14999999999793,0.0132883899964262,0.1392871228020225,0.0132256810969404,0.021157108280356694,0.0007862326284487105,0.0
0.008126706407318997,0.016084089478688,0.0205764384983752,1.012329531171824,1.0369637445045885,0.0,0.0,1501,5.099999999999998,2.0499999999999847,6.4000000000000306,False,False,1,0,2,0,0,0,0,0,0,0,0,0,0,0,0.0,3.1712517432058736e-07,0.0,0.0017092368288341,0.0,0.0,0.0,0.0,0.0,0.35,F,m2,50,clean,3.007221,7.553,200.0,0.25,0.0,0,0.05,95.0,75050,1.99605,ba44b18,False,0,0.05,5.0,sum,50,20.0,95.0,360.0,B2,1.0,150,1.0,True,True,0.0,0.0,200.0,True,7.553,200.0,0.25,2,True,27,27,5.0,-1.0,True,0.0,True,1.0,10.0,0.0,False,0.0,0.0,True,,,,,,,,,,,,,,25.635075551301185,0.8824948671943665,41.24999999999952,61.999999999998344,0.0022913183942282,0.1392119502430506,0.0022566333239851,0.009038507415693384,0.0005111870893203322,0.9491632676670825
0.0033678449259219295,0.0050481337908992,0.0060951375913293,1.0065052630359403,1.0133288314988482,0.0,0.0,1501,5.099999999999998,2.5999999999999828,4.450000000000003,False,False,1,0,2,48,0,1,0,1,1,0,0,0,0,0,0.0,7.869616071088276e-09,0.0,0.00117739641748099,,,196.0,0.0,0.0,0.35,F,B2,50,clean,3.007221,7.553,200.0,0.25,0.0,0,0.05,95.0,75050,1.99605,ba44b18,False,0,0.05,5.0,sum,50,20.0,95.0,360.0,B2,1.0,150,1.0,True,True,0.0,0.0,200.0,True,7.553,200.0,0.25,2,True,27,27,5.0,-1.0,True,0.0,True,1.0,10.0,0.0,False,0.0,0.0,True,0.0,0.0,0.0,0.75,0.0,0.0,0.0,0.0,0.0,0.0,0.0,0.0,1.5,3.3566694940839437,0.935866886757645,8.350000000000065,24.10000000000029,0.0020846185088741,0.1392871228020225,0.0020754437516141,0.0035755871725677846,0.00013008774541507182,0.9492403132436926
0.020194082352057757,0.0282967053969828,0.0332711513489522,1.038386094555577,1.0835156927593073,0.0,0.0,1501,5.099999999999998,3.7999999999999936,11.500000000000103,False,False,1,0,2,0,0,0,0,0,0,0,0,0,0,0,0.0,2.1853108491571337e-07,0.0,0.005768224395237089,,,0.0,0.0,0.0,0.35,F,baseline,50,clean,3.007221,7.553,200.0,0.25,0.0,1,0.05,95.0,75050,1.0,ba44b18,False,1,0.05,5.0,sum,50,20.0,95.0,360.0,B2,1.0,150,1.0,True,True,0.0,0.0,200.0,True,7.553,200.0,0.25,2,True,28,28,5.0,-1.0,True,0.0,True,1.0,10.0,0.0,False,0.0,0.0,True,,,,,,,,,,,,,,64.68822089138025,0.8422609302837312,46.8499999999992,69.24999999999793,0.013308338819121,0.1386017888108919,0.013244235338262,0.021169190141575287,0.0007866250936204715,0.0
0.008140017728076113,0.0161027196043994,0.0205810309610275,1.012347325618855,1.036929509960715,0.0,0.0,1501,5.099999999999998,2.0499999999999847,6.450000000000031,False,False,1,0,2,0,0,0,0,0,0,0,0,0,0,0,0.0,3.1778277240116293e-07,0.0,0.001714668003340675,0.0,0.0,0.0,0.0,0.0,0.35,F,m2,50,clean,3.007221,7.553,200.0,0.25,0.0,1,0.05,95.0,75050,1.99605,ba44b18,False,1,0.05,5.0,sum,50,20.0,95.0,360.0,B2,1.0,150,1.0,True,True,0.0,0.0,200.0,True,7.553,200.0,0.25,2,True,28,28,5.0,-1.0,True,0.0,True,1.0,10.0,0.0,False,0.0,0.0,True,,,,,,,,,,,,,,25.692287746078996,0.882790682848911,41.39999999999951,62.09999999999834,0.0022941536508192,0.1387352884742088,0.0022610188333693,0.009052827481937668,0.0005121930427454434,0.9491592881231203
0.0032614823001513573,0.0048565493160958,0.0058555058529785,1.006219803363872,1.0122010840595483,0.0,0.0,1501,5.099999999999998,2.7499999999999822,4.650000000000006,False,False,1,0,2,48,0,1,0,1,1,0,0,0,0,0,0.0,7.241637008268919e-09,0.0,0.0010760151827959295,,,196.0,0.0,0.0,0.35,F,B2,50,clean,3.007221,7.553,200.0,0.25,0.0,1,0.05,95.0,75050,1.99605,ba44b18,False,1,0.05,5.0,sum,50,20.0,95.0,360.0,B2,1.0,150,1.0,True,True,0.0,0.0,200.0,True,7.553,200.0,0.25,2,True,28,28,5.0,-1.0,True,0.0,True,1.0,10.0,0.0,False,0.0,0.0,True,0.0,0.0,0.0,0.75,0.0,0.0,0.0,0.0,0.0,0.0,0.0,0.0,1.5,3.2054122387469945,0.9573011081054402,8.500000000000068,22.950000000000273,0.002031339513598,0.1386017888108919,0.0020218022235944,0.0034626493206639936,0.00012603416126409712,0.949256303422867
0.020191722420804022,0.0282991122823593,0.0331800191013228,1.0383108190311423,1.0827735894111417,0.0,0.0,1501,5.099999999999998,3.749999999999993,11.350000000000101,False,False,1,0,2,0,0,0,0,0,0,0,0,0,0,0,0.0,2.1713941557615183e-07,0.0,0.005736911191275024,,,0.0,0.0,0.0,0.35,F,baseline,50,clean,3.007221,7.553,200.0,0.25,0.0,2,0.05,95.0,75050,1.0,ba44b18,False,2,0.05,5.0,sum,50,20.0,95.0,360.0,B2,1.0,150,1.0,True,True,0.0,0.0,200.0,True,7.553,200.0,0.25,2,True,29,29,5.0,-1.0,True,0.0,True,1.0,10.0,0.0,False,0.0,0.0,True,,,,,,,,,,,,,,64.83922739181257,0.8410391535633802,46.94999999999919,69.29999999999794,0.0133130414456854,0.1381913714016395,0.0132517220667422,0.021158336453988052,0.0007869352470691057,0.0
0.00814294608907769,0.016107425220941,0.0206159925840644,1.0123498438769514,1.0369305523476495,0.0,0.0,1501,5.099999999999998,2.0999999999999845,6.450000000000031,False,False,1,0,2,0,0,0,0,0,0,0,0,0,0,0,0.0,3.183908823643683e-07,0.0,0.0017231703135366099,0.0,0.0,0.0,0.0,0.0,0.35,F,m2,50,clean,3.007221,7.553,200.0,0.25,0.0,2,0.05,95.0,75050,1.99605,ba44b18,False,2,0.05,5.0,sum,50,20.0,95.0,360.0,B2,1.0,150,1.0,True,True,0.0,0.0,200.0,True,7.553,200.0,0.25,2,True,29,29,5.0,-1.0,True,0.0,True,1.0,10.0,0.0,False,0.0,0.0,True,,,,,,,,,,,,,,25.70758656661502,0.8829191707916529,41.449999999999505,62.149999999998336,0.0022958460225548,0.1383896049916349,0.0022630359231488,0.0090560769859272,0.0005119704658702698,0.9491565204606202
0.0033245491874390933,0.0049539819582974,0.0059506601735498,1.006321228424944,1.0122290913011394,0.0,0.0,1501,5.099999999999998,2.549999999999983,4.500000000000002,False,False,1,0,2,48,0,1,0,1,1,0,0,0,0,0,0.0,7.474478877490328e-09,0.0,0.0010804615767144247,,,196.0,0.0,0.0,0.35,F,B2,50,clean,3.007221,7.553,200.0,0.25,0.0,2,0.05,95.0,75050,1.99605,ba44b18,False,2,0.05,5.0,sum,50,20.0,95.0,360.0,B2,1.0,150,1.0,True,True,0.0,0.0,200.0,True,7.553,200.0,0.25,2,True,29,29,5.0,-1.0,True,0.0,True,1.0,10.0,0.0,False,0.0,0.0,True,0.0,0.0,0.0,0.75,0.0,0.0,0.0,0.0,0.0,0.0,0.0,0.0,1.5,3.2903461599673056,0.9428382291816909,8.350000000000065,23.650000000000286,0.0020682297271039,0.1381913714016395,0.002058700665453,0.003525846346835513,0.00012867541483606686,0.9492403092884645
0.020188564704894038,0.0282742276306806,0.0331049221224116,1.0382482662881996,1.0824951651525234,0.0,0.0,1501,5.099999999999998,3.699999999999992,11.2500000000001,False,False,1,0,2,0,0,0,0,0,0,0,0,0,0,0,0.0,2.157031008989671e-07,0.0,0.005658528469008135,,,0.0,0.0,0.0,0.35,F,baseline,50,clean,3.007221,7.553,200.0,0.25,0.0,3,0.05,95.0,75050,1.0,ba44b18,False,3,0.05,5.0,sum,50,20.0,95.0,360.0,B2,1.0,150,1.0,True,True,0.0,0.0,200.0,True,7.553,200.0,0.25,2,True,30,30,5.0,-1.0,True,0.0,True,1.0,10.0,0.0,False,0.0,0.0,True,,,,,,,,,,,,,,65.10643507313338,0.8411823176862567,46.99999999999919,69.34999999999792,0.0133168923706266,0.1380244891765647,0.013257570675,0.021147660944057456,0.0007872218741945272,0.0
0.008148184057117678,0.0161165953201291,0.0205967179592443,1.0123561412814046,1.0368786422828324,0.0,0.0,1501,5.099999999999998,2.0499999999999847,6.450000000000031,False,False,1,0,2,0,0,0,0,0,0,0,0,0,0,0,0.0,3.183947189056598e-07,0.0,0.001727895427971105,0.0,0.0,0.0,0.0,0.0,0.35,F,m2,50,clean,3.007221,7.553,200.0,0.25,0.0,3,0.05,95.0,75050,1.99605,ba44b18,False,3,0.05,5.0,sum,50,20.0,95.0,360.0,B2,1.0,150,1.0,True,True,0.0,0.0,200.0,True,7.553,200.0,0.25,2,True,30,30,5.0,-1.0,True,0.0,True,1.0,10.0,0.0,False,0.0,0.0,True,,,,,,,,,,,,,,25.829976518418142,0.8855279195724175,41.449999999999505,62.149999999998336,0.0022982042395693,0.1385258722488852,0.0022648492656551,0.009060874877888035,0.0005123297804251065,0.9491564840413285
0.003279622569231981,0.0048213386858776,0.005760932956229,1.0061136202809098,1.0113278760409348,0.0,0.0,1501,5.099999999999998,2.799999999999982,4.800000000000008,False,False,1,0,2,48,0,1,0,1,1,0,0,0,0,0,0.0,6.952234955637416e-09,0.0,0.00101009692308948,,,196.0,0.0,0.0,0.35,F,B2,50,clean,3.007221,7.553,200.0,0.25,0.0,3,0.05,95.0,75050,1.99605,ba44b18,False,3,0.05,5.0,sum,50,20.0,95.0,360.0,B2,1.0,150,1.0,True,True,0.0,0.0,200.0,True,7.553,200.0,0.25,2,True,30,30,5.0,-1.0,True,0.0,True,1.0,10.0,0.0,False,0.0,0.0,True,0.0,0.0,0.0,0.75,0.0,0.0,0.0,0.0,0.0,0.0,0.0,0.0,1.5,3.1907150494220837,0.9663661443150008,8.550000000000068,22.40000000000026,0.0020670081230909,0.1380244891765647,0.0020565363790696,0.0034750305501994715,0.00012716744318051474,0.9492398328848569
0.020173620780498454,0.0282364000886607,0.0329836058928692,1.0381603598362241,1.0819965765048225,0.0,0.0,1501,5.099999999999998,3.6499999999999915,11.150000000000098,False,False,1,0,2,0,0,0,0,0,0,0,0,0,0,0,0.0,2.1400720755345175e-07,0.0,0.0056124335176208845,,,0.0,0.0,0.0,0.35,F,baseline,50,clean,3.007221,7.553,200.0,0.25,0.0,4,0.05,95.0,75050,1.0,ba44b18,False,4,0.05,5.0,sum,50,20.0,95.0,360.0,B2,1.0,150,1.0,True,True,0.0,0.0,200.0,True,7.553,200.0,0.25,2,True,31,31,5.0,-1.0,True,0.0,True,1.0,10.0,0.0,False,0.0,0.0,True,,,,,,,,,,,,,,65.34791054805848,0.8407744539306169,46.94999999999919,69.34999999999792,0.0133203669335929,0.1379803649822761,0.0132598374409033,0.021125062745709734,0.0007869794136669679,0.0
0.008150309135534555,0.0161202939710849,0.02061143789736,1.0123560494364876,1.0369863785368827,0.0,0.0,1501,5.099999999999998,2.0999999999999845,6.450000000000031,False,False,1,0,2,0,0,0,0,0,0,0,0,0,0,0,0.0,3.1820490086309393e-07,0.0,0.00172988772800685,0.0,0.0,0.0,0.0,0.0,0.35,F,m2,50,clean,3.007221,7.553,200.0,0.25,0.0,4,0.05,95.0,75050,1.99605,ba44b18,False,4,0.05,5.0,sum,50,20.0,95.0,360.0,B2,1.0,150,1.0,True,True,0.0,0.0,200.0,True,7.553,200.0,0.25,2,True,31,31,5.0,-1.0,True,0.0,True,1.0,10.0,0.0,False,0.0,0.0,True,,,,,,,,,,,,,,25.86466781384245,0.885519202229913,41.5499999999995,62.24999999999833,0.002297907526895,0.1381912675273749,0.0022658495660338,0.009062632849464956,0.0005125946835217543,0.9491545180990127
0.0033410420156757764,0.0049020021400396,0.0058267977441953,1.006185577256973,1.0112706541609502,0.0,0.0,1501,5.099999999999998,2.6999999999999824,4.700000000000006,False,False,1,0,2,48,0,1,0,1,1,0,0,0,0,0,0.0,7.094487849176287e-09,0.0,0.0009900621356792247,,,196.0,0.0,0.0,0.35,F,B2,50,clean,3.007221,7.553,200.0,0.25,0.0,4,0.05,95.0,75050,1.99605,ba44b18,False,4,0.05,5.0,sum,50,20.0,95.0,360.0,B2,1.0,150,1.0,True,True,0.0,0.0,200.0,True,7.553,200.0,0.25,2,True,31,31,5.0,-1.0,True,0.0,True,1.0,10.0,0.0,False,0.0,0.0,True,0.0,0.0,0.0,0.75,0.0,0.0,0.0,0.0,0.0,0.0,0.0,0.0,1.5,3.203762409373436,0.9598984661948664,8.350000000000065,22.80000000000027,0.0021098979987362,0.1379803649822761,0.0020999203727099,0.0035347299609013727,0.00012967630344077696,0.9492235626896787
0.020159778159957294,0.0281744484415669,0.0329118898730207,1.0380981162668441,1.0817774254583672,0.0,0.0,1501,5.099999999999998,3.6499999999999915,11.150000000000098,False,False,1,0,2,0,0,0,0,0,0,0,0,0,0,0,0.0,2.12969694468025e-07,0.0,0.00562351562426533,,,0.0,0.0,0.0,0.35,F,baseline,50,clean,3.007221,7.553,200.0,0.25,0.0,5,0.05,95.0,75050,1.0,ba44b18,False,5,0.05,5.0,sum,50,20.0,95.0,360.0,B2,1.0,150,1.0,True,True,0.0,0.0,200.0,True,7.553,200.0,0.25,2,True,32,32,5.0,-1.0,True,0.0,True,1.0,10.0,0.0,False,0.0,0.0,True,,,,,,,,,,,,,,65.44637591938512,0.8405115143878854,46.94999999999919,69.34999999999792,0.0133207423309808,0.1376961063457343,0.013260527050238,0.021107097466133363,0.0007864057532016573,0.0
0.00814452883032122,0.0161112922740817,0.0205785748382787,1.0123446411854797,1.0368077586101594,0.0,0.0,1501,5.099999999999998,2.0499999999999847,6.450000000000031,False,False,1,0,2,0,0,0,0,0,0,0,0,0,0,0,0.0,3.1779091871488134e-07,0.0,0.001738382358059565,0.0,0.0,0.0,0.0,0.0,0.35,F,m2,50,clean,3.007221,7.553,200.0,0.25,0.0,5,0.05,95.0,75050,1.99605,ba44b18,False,5,0.05,5.0,sum,50,20.0,95.0,360.0,B2,1.0,150,1.0,True,True,0.0,0.0,200.0,True,7.553,200.0,0.25,2,True,32,32,5.0,-1.0,True,0.0,True,1.0,10.0,0.0,False,0.0,0.0,True,,,,,,,,,,,,,,25.812231257210026,0.8838782354611965,41.5999999999995,62.24999999999833,0.0022952273078027,0.1379691423249138,0.0022631247999108,0.009055868034775212,0.0005122182910043517,0.9491541383221996
0.00325773049952173,0.0047456350430264,0.0056083313236161,1.0060114114762686,1.0108402577635731,0.0,0.0,1501,5.099999999999998,2.5999999999999828,4.650000000000006,False,False,1,0,2,48,0,1,0,1,1,0,0,0,0,0,0.0,6.4993756770207876e-09,0.0,0.00094122260041742,,,196.0,0.0,0.0,0.35,F,B2,50,clean,3.007221,7.553,200.0,0.25,0.0,5,0.05,95.0,75050,1.99605,ba44b18,False,5,0.05,5.0,sum,50,20.0,95.0,360.0,B2,1.0,150,1.0,True,True,0.0,0.0,200.0,True,7.553,200.0,0.25,2,True,32,32,5.0,-1.0,True,0.0,True,1.0,10.0,0.0,False,0.0,0.0,True,0.0,0.0,0.0,0.75,0.0,0.0,0.0,0.0,0.0,0.0,0.0,0.0,1.5,2.999316212836792,0.9651434148420577,8.100000000000062,21.650000000000254,0.0020697425255555,0.1376961063457343,0.002060067047387,0.0034382121511671105,0.00012659455527004284,0.9492369689538017
0.02014982215421356,0.0281499917309466,0.0328762290119056,1.0380671032834863,1.0819500753402838,0.0,0.0,1501,5.099999999999998,3.699999999999992,11.200000000000099,False,False,1,0,2,0,0,0,0,0,0,0,0,0,0,0,0.0,2.121413829404302e-07,0.0,0.005554869310906635,,,0.0,0.0,0.0,0.35,F,baseline,50,clean,3.007221,7.553,200.0,0.25,0.0,6,0.05,95.0,75050,1.0,ba44b18,False,6,0.05,5.0,sum,50,20.0,95.0,360.0,B2,1.0,150,1.0,True,True,0.0,0.0,200.0,True,7.553,200.0,0.25,2,True,33,33,5.0,-1.0,True,0.0,True,1.0,10.0,0.0,False,0.0,0.0,True,,,,,,,,,,,,,,65.56210368516828,0.840413867401441,46.8999999999992,69.29999999999794,0.0133215048661456,0.1378905303661765,0.0132615539191789,0.02109514359156415,0.0007864637564656267,0.0
0.008134685988240194,0.0160995048260256,0.0205464385010264,1.0123280550844709,1.0367315011914482,0.0,0.0,1501,5.099999999999998,2.0499999999999847,6.4000000000000306,False,False,1,0,2,0,0,0,0,0,0,0,0,0,0,0,0.0,3.169653426150712e-07,0.0,0.00171928844358572,0.0,0.0,0.0,0.0,0.0,0.35,F,m2,50,clean,3.007221,7.553,200.0,0.25,0.0,6,0.05,95.0,75050,1.99605,ba44b18,False,6,0.05,5.0,sum,50,20.0,95.0,360.0,B2,1.0,150,1.0,True,True,0.0,0.0,200.0,True,7.553,200.0,0.25,2,True,33,33,5.0,-1.0,True,0.0,True,1.0,10.0,0.0,False,0.0,0.0,True,,,,,,,,,,,,,,25.84527460985033,0.8850217411625877,41.449999999999505,62.09999999999834,0.0022932884029049,0.1385207800819356,0.0022615933702545,0.009044592471337654,0.0005114921309573995,0.9491582872243188
0.0032518147931194204,0.0047435178549742,0.0055980460021043,1.006000185637088,1.010858946187763,0.0,0.0,1501,5.099999999999998,2.5999999999999828,4.350000000000001,False,False,1,0,2,48,0,1,0,1,1,0,0,0,0,0,0.0,6.48682140856722e-09,0.0,0.000943820573252385,,,196.0,0.0,0.0,0.35,F,B2,50,clean,3.007221,7.553,200.0,0.25,0.0,6,0.05,95.0,75050,1.99605,ba44b18,False,6,0.05,5.0,sum,50,20.0,95.0,360.0,B2,1.0,150,1.0,True,True,0.0,0.0,200.0,True,7.553,200.0,0.25,2,True,33,33,5.0,-1.0,True,0.0,True,1.0,10.0,0.0,False,0.0,0.0,True,0.0,0.0,0.0,0.75,0.0,0.0,0.0,0.0,0.0,0.0,0.0,0.0,1.5,2.9735001313679663,0.9614813490923145,8.100000000000062,21.650000000000254,0.002063370463175,0.1378905303661765,0.0020535546786138,0.0034314992292747925,0.00012645365343923746,0.9492404426093248
0.020113396020623932,0.0280739693584623,0.0327943613052669,1.0379760852834226,1.0818197751223777,0.0,0.0,1501,5.099999999999998,3.699999999999992,11.150000000000098,False,False,1,0,2,0,0,0,0,0,0,0,0,0,0,0,0.0,2.111005631101728e-07,0.0,0.00564138110497707,,,0.0,0.0,0.0,0.35,F,baseline,50,clean,3.007221,7.553,200.0,0.25,0.0,7,0.05,95.0,75050,1.0,ba44b18,False,7,0.05,5.0,sum,50,20.0,95.0,360.0,B2,1.0,150,1.0,True,True,0.0,0.0,200.0,True,7.553,200.0,0.25,2,True,34,34,5.0,-1.0,True,0.0,True,1.0,10.0,0.0,False,0.0,0.0,True,,,,,,,,,,,,,,65.42582567406592,0.8379090347974479,46.8499999999992,69.29999999999794,0.0133051310511814,0.1378988783997153,0.0132448703802584,0.021056342717298112,0.000785324779869616,0.0
0.008132031923889602,0.0160938105797072,0.0205367947639546,1.012324741931808,1.036764665203557,0.0,0.0,1501,5.099999999999998,2.0999999999999845,6.4000000000000306,False,False,1,0,2,0,0,0,0,0,0,0,0,0,0,0,0.0,3.165493795232531e-07,0.0,0.00170722200419498,0.0,0.0,0.0,0.0,0.0,0.35,F,m2,50,clean,3.007221,7.553,200.0,0.25,0.0,7,0.05,95.0,75050,1.99605,ba44b18,False,7,0.05,5.0,sum,50,20.0,95.0,360.0,B2,1.0,150,1.0,True,True,0.0,0.0,200.0,True,7.553,200.0,0.25,2,True,34,34,5.0,-1.0,True,0.0,True,1.0,10.0,0.0,False,0.0,0.0,True,,,,,,,,,,,,,,25.75797549089161,0.882855577114801,41.39999999999951,62.04999999999834,0.0022954021260729,0.138700001692527,0.0022604766617219,0.009041558423052596,0.0005111834866529587,0.9491586053060642
0.003246513059035431,0.0047147943332638,0.0055470680183283,1.006002046459648,1.0111199093882648,0.0,0.0,1501,5.099999999999998,2.549999999999983,4.700000000000006,False,False,1,0,2,48,0,1,0,1,1,0,0,0,0,0,0.0,6.3373438721553846e-09,0.0,0.0009231286794973149,,,196.0,0.0,0.0,0.35,F,B2,50,clean,3.007221,7.553,200.0,0.25,0.0,7,0.05,95.0,75050,1.99605,ba44b18,False,7,0.05,5.0,sum,50,20.0,95.0,360.0,B2,1.0,150,1.0,True,True,0.0,0.0,200.0,True,7.553,200.0,0.25,2,True,34,34,5.0,-1.0,True,0.0,True,1.0,10.0,0.0,False,0.0,0.0,True,0.0,0.0,0.0,0.75,0.0,0.0,0.0,0.0,0.0,0.0,0.0,0.0,1.5,2.9396024834693026,0.9669967629527851,8.050000000000061,21.25000000000025,0.0020701737374693,0.1378988783997153,0.0020603874871165,0.0034225641248708076,0.00012623531217358382,0.9492379468895705
